id,src_x,src_y,ref_x,ref_y,score,is_inlier,residual_px,sigma_px,grid_cell
0,127.86869812011719,650.54296875,127.42484137372644,650.5677098842065,0.8411921262741089,1,0.03193802458434377,0.0291593992914106,0
1,2.951770305633545,1590.92529296875,2.8036906719207764,1590.84521484375,0.8167720437049866,1,0.34784493566121044,nan,0
2,30.347164154052734,2274.27197265625,29.97052218816584,2274.316454315921,0.8003888726234436,1,0.10584144894519462,0.030169902202535764,0
3,190.89398193359375,42.519317626953125,190.52868392760845,42.74081107787265,0.7945874929428101,1,0.2376200455103589,0.09879946135863356,0
4,156.50888061523438,1640.358154296875,156.12465178278885,1640.4045302909735,0.7904531359672546,1,0.07101404868605242,0.05358002280624137,0
5,171.85511779785156,1647.033935546875,171.40777197670744,1647.0250045992705,0.7881457805633545,1,0.02157494092746422,0.037406037476211344,0
6,125.8759765625,653.524169921875,125.43760486042403,653.5520530808852,0.7868362069129944,1,0.03747172534158939,0.027514125392743113,0
7,35.064762115478516,2280.139404296875,34.669965928116284,2280.1329580570177,0.7864373326301575,1,0.07198225593028766,0.024075274168553394,0
8,64.84919738769531,1343.0404052734375,64.44895641878016,1343.1237057828364,0.7848430275917053,1,0.11296723514089656,0.04049052336653312,0
9,148.9420623779297,1715.3297119140625,148.49911758358598,1715.2422311283992,0.7714236378669739,1,0.08134109583823829,0.046050984404633885,0
10,38.137786865234375,1447.3719482421875,37.66694317552901,1447.37260331466,0.7618430256843567,1,0.00970210445413572,0.047503216050790435,0
11,53.018436431884766,1331.4617919921875,52.622537503528086,1331.4780422306674,0.7600334882736206,1,0.08091694670523374,0.033246580985943186,0
12,203.66990661621094,1988.4259033203125,203.2090101949894,1988.344678006226,0.7582576274871826,1,0.09020091126578567,0.02777626530785598,0
13,98.00579071044922,1662.9151611328125,97.54815396992653,1663.010292718579,0.7566910982131958,1,0.10198331306221718,0.03843578390720209,0
14,116.98551177978516,1617.9654541015625,116.5254646962266,1617.953883523797,0.7564200162887573,1,0.01461027129366464,0.031408376948928445,0
15,154.12977600097656,1078.98681640625,153.72960678031697,1078.960023890338,0.754074215888977,1,0.04548400423895994,0.02648206893359701,0
16,17.21337127685547,1776.6666259765625,16.60477066040039,1776.5167236328125,0.7538215517997742,1,0.19185786477705788,nan,0
17,64.84919738769531,1343.0404052734375,64.44895641878016,1343.1237057828364,0.7532533407211304,1,0.11296723514089656,0.04049052336653312,0
18,171.4822998046875,1737.8436279296875,171.0148524338447,1737.7977662312994,0.7514948844909668,1,0.057920878863292675,0.03502187052912343,0
19,175.78146362304688,2185.481201171875,175.35277037423648,2185.4701461457817,0.748275637626648,1,0.012354849839462483,0.035138470342458955,0
20,104.37966918945312,904.6560668945312,104.00938284642622,904.5569085792322,0.746724009513855,1,0.1304918949210821,0.030752972899144946,0
21,18.3615665435791,2231.627685546875,18.278484344482422,2231.8701171875,0.7438371777534485,1,0.46373332841407616,nan,0
22,161.9687042236328,1693.5587158203125,161.40435791015625,1692.433837890625,0.7434216737747192,1,1.1264043969500594,nan,0
23,32.621028900146484,687.568115234375,32.197960434026314,687.5803457006833,0.7391400337219238,1,0.06930549624026583,0.035796158306247605,0
24,134.24783325195312,1703.5987548828125,133.77029290371001,1703.5755620137907,0.7383472919464111,1,0.04208184083218234,0.0561898818310379,0
25,131.51666259765625,76.37867736816406,131.1072523500789,76.35623228129737,0.7364917993545532,1,0.05657267632816878,0.03593484573554159,0
26,84.38628387451172,949.1134643554688,84.04329985393886,949.016770881478,0.7358800768852234,1,0.15445726711574576,0.019325527259201055,0
27,93.11617279052734,1208.619384765625,92.70861735712052,1208.6138134865514,0.7350952625274658,1,0.05321716990832059,0.03278593293199871,0
28,192.65293884277344,628.5704956054688,192.25051634582348,628.4898991501284,0.7339019775390625,1,0.08179815971271003,0.04736351285725539,0
29,126.9224624633789,2050.250244140625,126.44654184788207,2050.1067791100427,0.7338942885398865,1,0.1416557614809063,0.03569103007100208,0
30,87.61304473876953,2270.578369140625,87.23139140483303,2270.600077514556,0.7324771285057068,1,0.07241318402275647,0.02797592608904587,0
31,131.51318359375,17.903240203857422,131.1219077953479,17.99820067390295,0.732097327709198,1,0.12226977926319602,0.033889706441152107,0
32,139.86239624023438,1486.8841552734375,139.4822483281598,1486.8479877592279,0.7311704158782959,1,0.0667048189862303,0.03615166214321249,0
33,118.16200256347656,1206.30224609375,117.74698314076558,1206.3197654281778,0.7305614948272705,1,0.043472500762858565,0.02726507729638693,0
34,28.670167922973633,1933.1875,28.18875055656554,1933.1340341838313,0.7292386293411255,1,0.04668181150238404,0.04267755318474867,0
35,213.4968719482422,1939.8720703125,213.0419696377706,1939.8315728543892,0.7265331149101257,1,0.05878684352556013,0.02916964059728316,0
36,191.87591552734375,1811.8468017578125,191.42427369296095,1811.793114745724,0.725757896900177,1,0.05872303432487753,0.03331287884768236,0
37,52.98996353149414,2033.84130859375,52.51302227483947,2033.6477718146805,0.7256923913955688,1,0.18649729450271083,0.040454998023428605,0
38,11.258299827575684,1463.25537109375,11.012449264526367,1463.447021484375,0.7230104804039001,1,0.31208646662028255,nan,0
39,96.14447784423828,2275.228515625,95.75550232771532,2275.3188344798327,0.7201242446899414,1,0.1128322721477354,0.07354042342203714,0
40,154.12977600097656,1078.98681640625,153.72960678031697,1078.960023890338,0.7201173305511475,1,0.04548400423895994,0.02648206893359701,0
41,196.86868286132812,1815.5780029296875,196.42709366931044,1815.5076806857426,0.7198219299316406,1,0.06909408241340713,0.029926825180026886,0
42,213.0726776123047,1983.580810546875,212.5800492200671,1983.5619917405068,0.7188154458999634,1,0.08727540389425362,0.027444220653931515,0
43,154.46270751953125,1075.0106201171875,154.0723340477128,1074.9857343192084,0.7175493836402893,1,0.05355806555127976,0.023743302415879113,0
44,184.42208862304688,2031.67578125,183.964245408832,2031.5778220688028,0.7174717783927917,1,0.09996276773189285,0.03689157054566665,0
45,141.6608123779297,1729.36474609375,141.20595074086745,1729.2628981045295,0.7165185213088989,1,0.09699424303123538,0.07528445027407149,0
46,133.80072021484375,653.6884155273438,133.34402337246001,653.6957402364469,0.7164594531059265,1,0.012447484239603865,0.04612848850913245,0
47,174.6012420654297,451.47955322265625,174.206767621485,451.36508146020725,0.7159380912780762,1,0.1198805742991728,0.029623440238430356,0
48,191.61656188964844,1685.9310302734375,191.1895400986272,1685.9081235389294,0.715739369392395,1,0.018590426660255538,0.033546351936872915,0
49,90.95201873779297,2270.537353515625,90.55069373981141,2270.5682706987886,0.7152701616287231,1,0.05956913468156868,0.034960446463704435,0
50,282.8545837402344,2025.956298828125,282.44812469629466,2025.8887514610706,0.8179540634155273,1,0.0660312941946445,0.029326761669548153,1
51,236.7884521484375,1971.35400390625,236.30995051958757,1971.2358170108491,0.7869406938552856,1,0.1374572351386243,0.02845703820747714,1
52,417.9326477050781,121.8070068359375,417.54834631867374,121.87975742028085,0.7756621837615967,1,0.08044050336409549,0.03177683460707712,1
53,361.3869934082031,2307.40576171875,361.1283056423825,2307.493408366576,0.7743292450904846,1,0.13002220073760057,0.023565632152204398,1
54,250.8008270263672,1920.982666015625,250.36209945705886,1920.9576304983623,0.7722136378288269,1,0.048950114892154645,0.04217852748351127,1
55,276.92022705078125,2219.767822265625,276.5494287107521,2219.786942532131,0.7693641185760498,1,0.027891341229844043,nan,1
56,409.39454650878906,120.4964828491211,409.00415639706097,120.49968141991292,0.7676069736480713,1,0.03014205333927241,0.032013211844286175,1
57,237.91473388671875,1991.907470703125,237.45600746317737,1991.8041415206885,0.7667351365089417,1,0.11439361683865053,0.04225150027951554,1
58,285.4175109863281,2024.177001953125,285.0312801688106,2024.1351067147218,0.7643675804138184,1,0.03560216132165943,0.03096699829993732,1
59,253.65032958984375,199.451904296875,253.26420511412314,199.49749214036586,0.7631897926330566,1,0.057917762501324584,0.03875718924191139,1
60,227.3620376586914,1972.4658203125,226.90111332479538,1972.3923784300296,0.7552734613418579,1,0.08939572297791526,0.03005488745292792,1
61,391.7505798339844,586.4987182617188,391.4111766480811,586.4734350352115,0.7504138946533203,1,0.030068362758486043,0.036570396262776306,1
62,432.9961242675781,803.0172119140625,432.6294662935351,803.0400280030306,0.7474321722984314,1,0.036293171336567724,nan,1
63,367.4326629638672,2306.0556640625,367.17468245373647,2306.16480466582,0.7388228178024292,1,0.14556257553395896,nan,1
64,372.9081115722656,2285.027587890625,372.66978076094244,2285.0771655252706,0.7374417781829834,1,0.11961988363760935,0.04379770497809146,1
65,331.8857879638672,1500.0531005859375,331.5297029986931,1500.062108831298,0.7322485446929932,1,0.02018093283295156,0.036469882650316525,1
66,394.8306427001953,1228.87744140625,394.59412746967286,1228.8834245377197,0.7204535007476807,1,0.11455593840830501,0.03220742759818783,1
67,322.7019805908203,63.39130783081055,322.41893238947273,63.3337143074161,0.7182786464691162,1,0.12288733894095522,0.0836724412359343,1
68,390.6401062011719,706.5260620117188,390.3255198127202,706.6128030395971,0.7169198393821716,1,0.10153286923842161,0.03597910059861918,1
69,220.40398406982422,2129.0400390625,220.00543194235107,2128.9579188093862,0.7166359424591064,1,0.07484462127637119,0.03690461882038038,1
70,387.6519470214844,564.642578125,387.2589186321734,564.5475890781424,0.716509997844696,1,0.09586875684870064,0.035280945424269766,1
71,253.0957489013672,1969.0006103515625,252.6751131104371,1968.9405564104318,0.7150676250457764,1,0.060440253544244656,0.03079284774110636,1
72,247.0887908935547,1931.545654296875,246.64653554649095,1931.5230480174553,0.7112932801246643,1,0.05029525840659791,0.027564626474388485,1
73,427.9972839355469,1527.091064453125,427.7433246619701,1527.0894745726005,0.7087907195091248,1,0.08037197163420463,0.030180419838534055,1
74,237.1947250366211,1941.126953125,236.74012527392298,1941.0888273944647,0.707646906375885,1,0.06466658315176138,0.032241088398234204,1
75,294.215576171875,1468.8037109375,293.82433491173146,1468.8877711391963,0.7054264545440674,1,0.09031793606036229,0.04152373678579702,1
76,400.9867401123047,1547.5513916015625,400.6571132335607,1547.6223284711405,0.7053341865539551,1,0.07810632377433961,0.045000867437143106,1
77,261.05176544189453,1005.788330078125,260.67663326607874,1005.7047051882262,0.7037337422370911,1,0.08307918956329195,0.04145507632746977,1
78,284.0470275878906,458.62908935546875,283.63290190352774,458.5240216378361,0.7000985741615295,1,0.10170721300049027,0.07174248116998401,1
79,290.6066589355469,1986.197021484375,290.23789209435733,1986.163503559369,0.7000979781150818,1,0.028099509471166594,0.03202936967347704,1
80,385.0990905761719,882.0302734375,384.7463063923405,881.9960301433575,0.6994702219963074,1,0.03021505749222177,0.03237482503445469,1
81,245.9365692138672,115.65791320800781,245.61147524177736,115.71238491388891,0.697498083114624,1,0.11168850514317753,0.024779414838355808,1
82,275.0654296875,1925.0078125,274.66465892348606,1924.957418256436,0.6973930597305298,1,0.046546745043834284,0.044710069316492435,1
83,409.87823486328125,454.95989990234375,409.5470291543276,454.88244243974907,0.6971407532691956,1,0.07769037300065088,0.06798291910872516,1
84,390.98956298828125,564.6805419921875,390.6169472384697,564.5917179427336,0.695074200630188,1,0.085491866243019,0.032629585572179966,1
85,327.00343322753906,2116.010009765625,326.5695920010579,2115.9990303511304,0.6937112212181091,1,0.07119825113101307,0.05507344878218698,1
86,379.1405944824219,307.7427673339844,378.73050220969725,307.62644204063054,0.6935378909111023,1,0.11984688221506803,0.03815575867998063,1
87,308.4373474121094,454.0133972167969,308.0082329442679,453.80503074436695,0.6929159164428711,1,0.2074843959458504,0.03734364032500337,1
88,360.826416015625,661.0014038085938,360.4879754204145,661.0057152453113,0.6925019025802612,1,0.03365367964602199,0.044791922267149085,1
89,431.2687683105469,1660.767333984375,430.94748880667544,1660.7420307279779,0.6917423605918884,1,0.021671054705391938,0.038991492730463595,1
90,394.8306427001953,1228.87744140625,394.59412746967286,1228.8834245377197,0.6911778450012207,1,0.11455593840830501,0.03220742759818783,1
91,302.10923767089844,878.5386962890625,301.70795652128874,878.4854737962636,0.6882859468460083,1,0.04983775231635374,0.027699967363563612,1
92,308.4373474121094,454.0133972167969,308.0082329442679,453.80503074436695,0.6877734661102295,1,0.2074843959458504,0.03734364032500337,1
93,239.3057098388672,1944.0084228515625,238.8704541897066,1943.9614019676428,0.6875095367431641,1,0.055312603781632524,0.02813264198966478,1
94,284.12046813964844,475.2135314941406,283.760033786414,475.13242026065257,0.6873255372047424,1,0.08726586343142033,0.03462458029496673,1
95,331.6232147216797,1237.9627685546875,331.30418737180656,1237.9698976794396,0.6871180534362793,1,0.05584822425058481,0.039869402707607506,1
96,336.92181396484375,1504.2698974609375,336.54370182567925,1504.2635108289076,0.685594916343689,1,0.010355364919399803,0.03692042026768088,1
97,239.3057098388672,1944.0084228515625,238.8704541897066,1943.9614019676428,0.6855691075325012,1,0.055312603781632524,0.02813264198966478,1
98,262.3937759399414,1910.7222900390625,261.9364734757626,1910.6809970944341,0.6817196607589722,1,0.07632471846800057,0.04278557158934927,1
99,226.2962646484375,1552.235107421875,225.92134388574064,1552.2524422235053,0.6816706657409668,1,0.04012782193117167,0.03284230053919158,1
100,465.0094299316406,402.38330078125,464.74005346246867,402.3350153342814,0.8290265202522278,1,0.08075081619875088,nan,2
101,460.82047271728516,1671.515869140625,460.4565434372378,1671.5560785028094,0.7793781757354736,1,0.063559954369292,0.02621459629097153,2
102,562.332763671875,1561.4776611328125,562.0800456678745,1561.4728177864456,0.7762284278869629,1,0.032089781168510106,0.03845845248991705,2
103,574.8663024902344,1505.5927734375,574.5821687413139,1505.5645113134146,0.7617425322532654,1,0.02304329162690257,0.035906815723693704,2
104,486.4884033203125,1641.135498046875,486.17694218184647,1641.2017371271036,0.761426568031311,1,0.07210464756781289,0.04579747551745902,2
105,562.5927429199219,1570.28466796875,562.2929444976863,1570.3346020187416,0.7585150599479675,1,0.05755164644340381,nan,2
106,562.5927429199219,1570.28466796875,562.2929444976863,1570.3346020187416,0.7583807706832886,1,0.05755164644340381,nan,2
107,492.51024627685547,1582.853515625,492.2126375358199,1582.8998088514684,0.7530274391174316,1,0.05348107172694633,0.027618201278924687,2
108,454.3134536743164,375.0887451171875,453.9456863518841,375.03810479345117,0.7478806972503662,1,0.05414505868925231,0.044199435271335304,2
109,640.64208984375,1190.83447265625,640.4219355010723,1190.8373423573737,0.7477286458015442,1,0.0420367636024659,0.05532948924170803,2
110,456.6363983154297,534.5469360351562,456.28545621473523,534.46509188944,0.745672881603241,1,0.07905149338085748,0.032866008129906886,2
111,526.4452209472656,438.0930480957031,526.0769100936517,438.0276995413229,0.7456332445144653,1,0.08239842668063929,nan,2
112,480.22493743896484,2322.559814453125,480.01049928888733,2322.6910724008108,0.7456107139587402,1,0.16481096395186928,0.04956467674216391,2
113,437.77101135253906,756.9983520507812,437.32636633705897,756.9471847750516,0.7435460686683655,1,0.11316888073604962,0.04380513241002881,2
114,513.7658996582031,1634.298828125,513.4613214008658,1634.3659522368596,0.7435224056243896,1,0.07298508802633169,0.02586190947931399,2
115,622.690673828125,2143.365234375,622.4330388439989,2143.422971973959,0.7405411005020142,1,0.06431615178541668,0.024014799353665017,2
116,568.5783233642578,2189.891845703125,568.2753295217701,2189.862917076465,0.7392909526824951,1,0.03680316809112092,0.06389928026203327,2
117,566.3666229248047,1052.726318359375,566.0087739877887,1052.6999318990827,0.7350682020187378,1,0.07072228294784491,0.02342563671737865,2
118,504.8471984863281,158.646484375,504.5008959222109,158.76886841018342,0.7342345714569092,1,0.12716488596290657,0.03009713579109407,2
119,640.0590209960938,655.6566162109375,639.7366723525508,655.7839921609367,0.7301415205001831,1,0.14141490474304325,0.05444164386768492,2
120,646.8327026367188,1015.6301879882812,646.5448583880778,1015.5388424482376,0.7295543551445007,1,0.09080523506679558,0.035516643854412784,2
121,590.3038940429688,1495.43798828125,590.0039776829055,1495.3692238829835,0.7287181615829468,1,0.06790529087784036,nan,2
122,637.3225402832031,2174.28662109375,637.1284843103298,2174.355701185267,0.7239099144935608,1,0.09334645035797888,0.04319252265910928,2
123,466.0439147949219,1457.9788818359375,465.80043389501367,1457.981529224288,0.723628044128418,1,0.07828743806761997,0.016515478372329792,2
124,612.3997192382812,798.649169921875,612.1462199729605,798.6052401500967,0.722428560256958,1,0.04647464610798034,0.04347772372847319,2
125,505.5625915527344,2240.133544921875,505.33994600552035,2240.197284785988,0.7220045924186707,1,0.10176728306951358,0.04044401233980038,2
126,475.78433990478516,260.0838623046875,475.4678967935556,260.01122997839684,0.7214816808700562,1,0.07167635108792361,0.038428278772586644,2
127,612.1231384277344,1007.4417114257812,611.7865936598766,1007.2954245528142,0.7198688387870789,1,0.15482181884518406,0.06121738500115858,2
128,563.7112274169922,1209.5386962890625,563.434136152776,1209.6033749600424,0.7175876498222351,1,0.0706428853503082,0.03538647968382762,2
129,613.2640686035156,1448.600830078125,612.9514320466999,1448.6589876116109,0.7157082557678223,1,0.07761489998628904,0.029233520799749453,2
130,523.4021453857422,196.1260223388672,523.0106542088236,196.09770244988547,0.7150548696517944,1,0.07737183470383967,0.03775635271095502,2
131,437.7393264770508,309.9530029296875,437.404687880251,309.8064156234975,0.7139009237289429,1,0.14369510595178947,0.030637136784964637,2
132,552.3644714355469,956.0870361328125,552.1047998150472,956.0079104814499,0.7126619219779968,1,0.08347520584279247,0.030594559262418327,2
133,610.4582672119141,1450.373779296875,610.161937811438,1450.427871495681,0.7126349210739136,1,0.06539459258421322,0.026202814326812256,2
134,447.3358459472656,401.3855895996094,446.883379952957,401.2146497047821,0.7122035026550293,1,0.19982347353973692,0.06140865607436257,2
135,547.4171600341797,956.892578125,547.1403629622648,956.8809165310615,0.7103898525238037,1,0.023139822066928675,0.030344382363699927,2
136,466.3325500488281,98.6883773803711,466.04533255345746,98.67726990735713,0.7099334001541138,1,0.053856144419239756,0.02452540152747467,2
137,494.32665252685547,1079.498046875,493.91889152579205,1079.51153171379,0.7093872427940369,1,0.09313090869254007,0.0437716660367982,2
138,645.3818054199219,2314.349609375,645.2546343024271,2314.443223398476,0.7091643810272217,1,0.15392388494508122,0.02835555514506208,2
139,590.7953491210938,984.193603515625,590.495351232935,984.1171149745837,0.708865761756897,1,0.07412570871838155,0.04829939317562901,2
140,629.3250732421875,796.7880859375,629.0353147246063,796.7761857165418,0.7085802555084229,1,0.020147994725178534,0.04035501935304228,2
141,554.4180755615234,1082.9283447265625,554.071521378047,1082.9054891635453,0.7084758281707764,1,0.05514746169886794,0.02950921222719496,2
142,483.83118438720703,1647.58642578125,483.50643904553334,1647.66871091582,0.7077689170837402,1,0.08905570856212304,nan,2
143,575.0793609619141,980.5950927734375,574.9449639223892,980.4668457933958,0.7070449590682983,1,0.19753292632561173,0.06590383213882302,2
144,441.59568786621094,410.9060363769531,441.23660386532055,410.6695401779485,0.7052585482597351,1,0.23323085093821627,0.050385922993716886,2
145,574.5374603271484,1407.8541259765625,574.3227532524458,1407.933876866405,0.7042543888092041,1,0.10873003685396018,0.028914809121832762,2
146,591.3374633789062,980.6058349609375,591.0593445593383,980.5972646863222,0.7031437158584595,1,0.006002166326761542,0.040833811340492576,2
147,567.1777038574219,811.7755737304688,566.8936533908278,811.7906059491143,0.7030563354492188,1,0.02145935105740723,0.05873898644773295,2
148,650.4227294921875,1020.1598510742188,650.1394489059807,1020.0334167261815,0.7028760313987732,1,0.1241935715476934,0.029881732775712266,2
149,485.76514434814453,1397.390625,485.533530174841,1397.49630237166,0.7017612457275391,1,0.13890810869857195,0.046379691398177485,2
150,768.7513732910156,847.5748901367188,768.5272593478591,847.5152763592705,0.8031365871429443,1,0.05598691168781204,nan,3
151,777.8028411865234,853.9282836914062,777.5792227912143,853.7636287448698,0.8008573651313782,1,0.16102683445461644,nan,3
152,689.4403839111328,1665.1669921875,689.1014324399735,1665.193284880255,0.7688689231872559,1,0.10672891248579852,nan,3
153,769.7834625244141,833.5081787109375,769.5421773741018,833.4762855753474,0.7634713053703308,1,0.03555857429841409,0.0462207277806023,3
154,703.0135040283203,1234.445068359375,702.8175462666277,1234.4874361748555,0.7602337002754211,1,0.06318173035877676,nan,3
155,711.6181716918945,1143.348876953125,711.4372147587312,1143.3588906659184,0.7506353855133057,1,0.05721127874838708,0.02833012239559371,3
156,794.0982666015625,1485.82861328125,793.8283390915346,1485.827929088747,0.7501460909843445,1,0.06861038486796647,0.04270578404087822,3
157,767.3507080078125,852.8474731445312,767.094186946308,852.7896448319585,0.7477119565010071,1,0.06512406222086364,nan,3
158,781.8425903320312,1096.71728515625,781.8320565346667,1096.8039144678344,0.7450553178787231,1,0.22038876750201555,nan,3
159,784.9390106201172,1949.0181884765625,784.8050842066502,1949.037675117457,0.7387557029724121,1,0.0690566563531554,0.04309670727898197,3
160,776.1711120605469,843.5012817382812,775.9168371890968,843.4489186053868,0.7374393939971924,1,0.06120140136438199,0.038482379703875115,3
161,676.170768737793,1103.9129638671875,675.8854816208244,1103.893646218369,0.7355044484138489,1,0.03845502018681258,nan,3
162,767.3507080078125,852.8474731445312,767.094186946308,852.7896448319585,0.7307409644126892,1,0.06512406222086364,nan,3
163,807.0329132080078,1993.4183349609375,806.7954817526065,1993.445996365601,0.7298503518104553,1,0.05844026747223772,0.07543424509950919,3
164,654.1100997924805,2180.067626953125,653.9430925211946,2180.161660723334,0.7298287153244019,1,0.1257811736227595,nan,3
165,773.6698150634766,1102.6695556640625,773.6378784179688,1101.84912109375,0.7197270393371582,1,0.8362840312242718,nan,3
166,776.3131561279297,2020.6292724609375,776.2944407662088,2020.6811534879075,0.7194691896438599,1,0.1905463696334224,0.021869220184558166,3
167,714.5251312255859,1249.6739501953125,714.2840897474108,1249.6727095139443,0.7165907621383667,1,0.00804045614118299,0.027722706377129758,3
168,688.289680480957,752.9811401367188,687.9843519599174,753.0653056995055,0.7135002613067627,1,0.10372181501820824,0.04403997864748229,3
169,676.0432510375977,2136.728271484375,675.800810154933,2136.788350056368,0.7126138210296631,1,0.06684896128020004,0.05568449365214353,3
170,780.4665832519531,1203.58154296875,780.2857773262139,1203.642031543531,0.7119194865226746,1,0.07133920498704115,0.028904228006006588,3
171,685.9451522827148,1931.189453125,685.7269428759771,1931.248940582408,0.7108567357063293,1,0.06747111576676768,0.07085267356773146,3
172,790.6972808837891,1490.2862548828125,790.4858500780482,1490.3072219081785,0.7100473046302795,1,0.02737346653531987,0.03373059621463489,3
173,765.2521362304688,833.43701171875,765.0138056069395,833.4230728264935,0.705226719379425,1,0.01994002656501984,0.04276314915728969,3
174,770.0704040527344,775.6099853515625,769.7829846396746,775.5950608583119,0.7040594220161438,1,0.0681053606058656,0.034093068220285065,3
175,790.6972808837891,1490.2862548828125,790.4858500780482,1490.3072219081785,0.7021331191062927,1,0.02737346653531987,0.03373059621463489,3
176,716.0377426147461,1879.9847412109375,715.8756933069867,1880.1024568970272,0.6995993852615356,1,0.13832188177484062,0.03767192832095905,3
177,675.8466033935547,2128.94775390625,675.5478563785703,2129.081804635852,0.6993375420570374,1,0.1540296575226922,0.04200789353444847,3
178,793.6846160888672,1496.4478759765625,793.4553582992859,1496.472710224502,0.6987161636352539,1,0.040757945239668594,0.03358891544507307,3
179,785.6859588623047,1491.2086181640625,785.4861756786951,1491.2711858813243,0.6986269354820251,1,0.0676822547694485,0.03296825530703013,3
180,745.1502532958984,1790.43017578125,744.8927807183587,1790.4538577487772,0.6972233057022095,1,0.05161262284502452,0.026898401271914094,3
181,717.1516494750977,1249.3289794921875,716.9609012591573,1249.3923226059194,0.6950621008872986,1,0.07994585034505347,0.023897996797481284,3
182,769.2167205810547,1120.8321533203125,769.020297436609,1120.8900193010568,0.6941766142845154,1,0.06507611159101777,0.043027296433486545,3
183,655.3272399902344,1195.516845703125,655.0632284747066,1195.6046952274812,0.693304181098938,1,0.09287193740707708,0.02369756526957379,3
184,807.4907379150391,1659.25830078125,807.1930115077951,1659.2750929485796,0.6915725469589233,1,0.10591193048748945,0.09911828738346791,3
185,698.8283081054688,657.9474487304688,698.5929876924857,658.0508197354268,0.6876208186149597,1,0.10770107834896545,0.03225212968207614,3
186,673.8547897338867,1133.12353515625,673.5684916796107,1133.1246047206785,0.6869951486587524,1,0.036486193355205206,0.030176387152469883,3
187,787.5238037109375,844.4132080078125,787.3333009560214,844.3859394744353,0.6855770349502563,1,0.03246217209204339,0.0313542462693456,3
188,696.0909881591797,1081.1761474609375,695.8272577020281,1081.1435847365904,0.6850791573524475,1,0.03505682200222074,0.049185173409473266,3
189,684.5963821411133,2077.4306640625,684.37960369491,2077.382878092398,0.6848793029785156,1,0.04457116464179812,0.05377147660938325,3
190,752.1288909912109,1973.485595703125,752.0201871913745,1973.5509363875115,0.6827021241188049,1,0.12367125177563816,0.02509881791656029,3
191,708.3241577148438,1786.0316162109375,708.0912977056475,1786.060859059789,0.6816896200180054,1,0.035186800002533734,0.036670351067366866,3
192,693.9892501831055,1105.3902587890625,693.7242217147598,1105.3775580066879,0.6806695461273193,1,0.023252429311357684,0.03855972578548286,3
193,656.5970611572266,987.3224487304688,656.3893323736163,987.2441476340077,0.680263340473175,1,0.08978273338652515,0.030988208640589324,3
194,771.1827392578125,1196.777587890625,770.9504889463745,1196.8325044808814,0.6781735420227051,1,0.062139942318087046,0.05578469036371035,3
195,774.7734985351562,917.2463989257812,774.5527192644738,917.1293440379061,0.6767259240150452,1,0.11321754393326519,0.07251462061646965,3
196,674.8009872436523,1096.413818359375,674.5286332708135,1096.386835840791,0.675896942615509,1,0.031442187293389975,0.03627153998296011,3
197,772.0235290527344,1138.5242919921875,771.7613904466746,1138.6401394701143,0.6751850843429565,1,0.12931627651413197,0.06356050290567833,3
198,773.2702941894531,847.2799072265625,773.0191046577105,847.2105933484387,0.6749345660209656,1,0.0734217147804851,nan,3
199,679.9028854370117,1055.800048828125,679.5873048089225,1055.7702697439072,0.6735749840736389,1,0.07112673408718516,0.026834252769775534,3
200,157.98348999023438,2849.6008911132812,157.55237335200442,2849.5692331916266,0.8190920352935791,1,0.02859402878951301,0.07164456978928299,4
201,159.04379272460938,2638.7071533203125,158.67229392823882,2638.726697495817,0.8064559102058411,1,0.05298873149276599,0.04879888293917264,4
202,30.89209747314453,2588.4276428222656,30.490643090826005,2588.395759245304,0.8024936318397522,1,0.06667598492677371,0.05100798444699746,4
203,107.65357971191406,2632.427490234375,107.26367639758563,2632.386544571221,0.7988194823265076,1,0.05582998005392948,0.03578663051242241,4
204,99.01020050048828,3957.030517578125,98.56662874197629,3956.97587623428,0.7936798930168152,1,0.04973878449226273,0.02891761078696968,4
205,58.52732849121094,4354.6748046875,58.073798174459796,4354.684307174338,0.7846271991729736,1,0.03255531592359864,0.026048569053435992,4
206,193.67286682128906,2923.8203125,193.33841360795958,2923.8230991582377,0.7829685211181641,1,0.06643457514226296,0.028211538675548795,4
207,215.97413635253906,4212.9163818359375,215.60429478208317,4212.942401810037,0.7789947390556335,1,0.03739276785999114,0.030630175632512593,4
208,71.17039489746094,3808.4852294921875,70.68573107965669,3808.485994490908,0.775550127029419,1,0.05387895203738437,0.031199798771063426,4
209,58.52732849121094,4354.6748046875,58.073798174459796,4354.684307174338,0.7747378349304199,1,0.03255531592359864,0.026048569053435992,4
210,192.0496063232422,4257.485107421875,191.67605645391916,4257.61820031977,0.7743079662322998,1,0.14464192763171335,0.0572307731861659,4
211,104.46492767333984,4466.317626953125,104.043735209467,4466.334373367192,0.7695947289466858,1,0.030546359452167663,0.02708812313636437,4
212,59.21664047241211,4358.468505859375,58.76813211712961,4358.470096720605,0.7691504955291748,1,0.02399342073331146,0.03251019468472734,4
213,42.02735137939453,2645.4036865234375,41.66107356375338,2645.416408384482,0.7690454125404358,1,0.09520403406217566,0.04527637405967094,4
214,60.2418098449707,3820.51904296875,59.7677804339887,3820.547381624983,0.7650479078292847,1,0.054682391359066884,0.022811897785029102,4
215,153.6469268798828,4298.6689453125,153.2508046039622,4298.6599486850355,0.764653205871582,1,0.0027178819923159396,0.0340727512299094,4
216,172.62855529785156,4359.193115234375,172.22768627713225,4359.135810068213,0.7613634467124939,1,0.04773481306455619,0.02540546492916274,4
217,117.6876220703125,4208.04541015625,117.30292132738474,4208.0394320043015,0.7612757086753845,1,0.025283248945171363,0.02935744931842332,4
218,213.5840606689453,2679.739288330078,213.22078280768685,2679.7124747136313,0.7564395070075989,1,0.03762614005749542,0.032599931948726894,4
219,70.58192443847656,2684.04736328125,70.20411373634555,2684.0230027545454,0.756138265132904,1,0.07202472987096138,0.027695418228415085,4
220,137.492919921875,4641.030029296875,137.0694184000936,4641.020224532644,0.753865659236908,1,0.027526729622721915,0.03433770917508672,4
221,100.99239349365234,3953.606689453125,100.52873684549442,3953.596543220623,0.753356397151947,1,0.044557467530880995,0.02796133774614292,4
222,130.08035278320312,3975.239013671875,129.63468741337272,3975.168907317426,0.7523928880691528,1,0.07003699903271561,0.021740255791996344,4
223,161.3394012451172,4302.607666015625,160.96380327458206,4302.646983595999,0.7520724534988403,1,0.053420993086199575,0.04268445766545756,4
224,209.64544677734375,2946.25146484375,209.3718722301748,2946.3258869606334,0.7520214915275574,1,0.1461736763686526,0.041182617391132714,4
225,35.32783508300781,3717.9053955078125,34.896657889661476,3717.865595442965,0.7517037391662598,1,0.03285477869439634,0.022469757313005028,4
226,191.94529724121094,4177.00439453125,191.55623658367864,4176.998642503097,0.7509192824363708,1,0.008292347135589432,0.029272226727904083,4
227,200.54112243652344,2920.9586181640625,200.19523419967246,2920.962131774301,0.7503494620323181,1,0.05297369750804914,0.02101258817219233,4
228,120.78060150146484,4207.6885986328125,120.38544188307189,4207.671542836968,0.7492933869361877,1,0.01429459294713639,0.029313032228459452,4
229,88.81826782226562,2931.9710693359375,88.48013317512219,2932.050506079578,0.7484555840492249,1,0.1334115090879996,nan,4
230,192.0276641845703,3447.36181640625,191.63598310283453,3447.466958901799,0.7473691701889038,1,0.11497781369252039,0.04930616228685831,4
231,206.92379760742188,4110.9246826171875,206.57933273388952,4110.892129636785,0.7473200559616089,1,0.0400629601654481,0.04572259181846164,4
232,36.47812271118164,2841.9320678710938,36.048905224648564,2841.8923579614334,0.7472386360168457,1,0.042280004868512404,0.03869111549582097,4
233,130.94207763671875,4637.95849609375,130.51190202015854,4638.0123734955705,0.7463741302490234,1,0.07323596738451489,0.03568530939344087,4
234,210.22439575195312,4290.8048095703125,209.86144452369456,4290.817884860853,0.7452263832092285,1,0.02702016458886625,0.06883376114547005,4
235,95.30455780029297,3953.03515625,94.8696881537579,3953.064677614284,0.7451005578041077,1,0.04274053217514732,0.030428063273280653,4
236,45.1082878112793,2430.266357421875,44.69742273547625,2430.269357071221,0.7430965900421143,1,0.05136916907985646,0.03480763572064231,4
237,21.454416275024414,2961.2261962890625,21.310351113208412,2961.2532440731425,0.7418516874313354,1,0.32000110813422894,0.06596639703982228,4
238,180.86581420898438,3490.908203125,180.51125640845967,3491.0015614659446,0.7418083548545837,1,0.11148460426102508,0.0452853564536086,4
239,35.96638107299805,2898.060546875,35.63950818814471,2898.1416994923034,0.7417881488800049,1,0.15893580070032903,0.02721465999814671,4
240,71.96683502197266,2695.1279296875,71.59867984119285,2695.034817636387,0.7411578893661499,1,0.11581731125371349,nan,4
241,34.887046813964844,3188.3007202148438,34.55617154726995,3188.2977478359203,0.7391377687454224,1,0.12326823528171038,0.04412953002046954,4
242,171.50157165527344,4324.057373046875,171.06928969264501,4324.031445911253,0.7387132048606873,1,0.04641237668592504,0.03449044818817147,4
243,50.39341354370117,3143.5189208984375,50.0014934320941,3143.5371440767094,0.7371663451194763,1,0.06345493835396965,0.03870441562931809,4
244,57.8172721862793,2906.0174560546875,57.44015080019593,2906.139403969973,0.736894428730011,1,0.14977086932612502,0.062176216592068186,4
245,87.5576171875,2626.49169921875,87.15188951665533,2626.4527157707366,0.7367275357246399,1,0.04793557796599156,0.03675902689893801,4
246,120.10150146484375,3914.831298828125,119.66223826900378,3914.840185983879,0.7360723614692688,1,0.03310130310784715,0.026141733769855784,4
247,204.3486785888672,3535.6116943359375,203.97517252286653,3535.7151427340286,0.7344329357147217,1,0.11425204806132296,nan,4
248,180.4359893798828,2481.108688354492,180.06263812449149,2481.096769464138,0.7340695858001709,1,0.037802145894044153,0.031292028937634796,4
249,71.78974914550781,2701.0248413085938,71.45347574372788,2700.8762091612184,0.7324689030647278,1,0.17869755441177151,nan,4
250,272.05968475341797,3081.2140502929688,271.6684581754074,3081.1751026908223,0.8818138241767883,1,0.03725011439176599,nan,5
251,337.5046844482422,2488.2962799072266,337.13431564386036,2488.4164378915725,0.8270012140274048,1,0.12899449378094013,0.07411888207482127,5
252,231.05432891845703,3902.110595703125,230.66457821512333,3902.053574470623,0.8055208325386047,1,0.04956160273333923,0.03456444255176636,5
253,371.9326477050781,3839.645751953125,371.55397047973844,3839.6982419724022,0.7926527857780457,1,0.08449948221746613,0.029654622410209257,5
254,255.48727416992188,2841.9143676757812,255.12892770054148,2841.8401474984526,0.7900697588920593,1,0.06867395657939236,0.040547507053077976,5
255,383.4378204345703,2452.5576171875,383.11159430313586,2452.614578760528,0.7887058854103088,1,0.06550362178064424,0.029258702118470797,5
256,282.8443603515625,2578.6618041992188,282.4010228287569,2578.7734794422418,0.7833831906318665,1,0.1391981103439816,0.08306558990697795,5
257,421.1001281738281,2477.8805084228516,420.81245969226865,2477.8710181627443,0.7759422063827515,1,0.035686254746843796,0.042984878069688155,5
258,274.96570587158203,3166.2727661132812,274.6369403408956,3166.3728326200144,0.7713165283203125,1,0.1156374696867724,0.045944977873437404,5
259,268.9689407348633,3814.9903564453125,268.51966367433096,3815.02672743821,0.7686024308204651,1,0.10087532524963505,0.03374232607693884,5
260,220.91500854492188,2538.8177795410156,220.5163507397694,2538.8254090771325,0.7674949169158936,1,0.016048889157944165,0.04144752666253496,5
261,379.2914581298828,2519.264434814453,378.9170527323031,2519.332060481835,0.7665258646011353,1,0.0836856564312778,0.038485365919416197,5
262,258.93296813964844,2704.6990661621094,258.5634866114817,2704.650448761768,0.7659451961517334,1,0.04146006883588707,0.027376565967401775,5
263,370.3168182373047,2478.7013397216797,370.0069159239849,2478.722671420089,0.7562811374664307,1,0.04310175236345719,0.037583297859119055,5
264,426.27972412109375,4054.960205078125,425.95879103523305,4054.974150162134,0.7559842467308044,1,0.03272516265829699,0.033427333189367005,5
265,267.00630950927734,3084.6325073242188,266.62615272703465,3084.643663832308,0.7548421621322632,1,0.022183191972052534,nan,5
266,373.25779724121094,2566.7615661621094,372.8952915498933,2566.8251372954524,0.7544735074043274,1,0.07500273977900004,0.061126345373829216,5
267,288.07884216308594,2615.88134765625,287.77617607045175,2615.9180937867745,0.7533693909645081,1,0.08073757714526257,0.04505494185838823,5
268,372.0853576660156,3839.7196044921875,371.6939719274158,3839.7682398358475,0.7502623200416565,1,0.09100276685845057,0.030634640380830875,5
269,295.5759735107422,3894.0263671875,295.13661743145525,3893.988114407131,0.7470453977584839,1,0.09448625654047281,0.018247852678850214,5
270,258.1464614868164,2458.767044067383,257.6561279296875,2459.8944091796875,0.746758222579956,1,1.1402904211492588,nan,5
271,352.5173034667969,2476.5274658203125,352.2432305893962,2476.571800503553,0.7434129118919373,1,0.09064389300881777,0.037795143514921886,5
272,283.3953857421875,2448.278106689453,283.0636787707928,2448.5187044675363,0.7430652976036072,1,0.2519422099149842,0.12667309189888243,5
273,373.62184143066406,3849.96728515625,373.2029889335374,3849.9276351375884,0.740016758441925,1,0.10195903357486831,0.026370055275021963,5
274,254.68547821044922,2853.1689453125,254.25988525813966,2853.2543584071664,0.7395927906036377,1,0.10507102982786247,0.06079477473390669,5
275,303.9812469482422,3672.0078125,303.5790538696896,3672.026993681942,0.7389538884162903,1,0.06056807298287127,nan,5
276,435.872314453125,2562.8443603515625,435.5934192126499,2562.914183633337,0.7360389232635498,1,0.08623527416630614,0.024099543191675232,5
277,326.2866973876953,2618.5804443359375,326.0549621582031,2618.6130981445312,0.7358253598213196,1,0.1305874534754573,0.04504872530073667,5
278,347.5757598876953,2562.6434631347656,347.28264280077104,2562.696883314914,0.7357631921768188,1,0.0828609044744534,nan,5
279,435.872314453125,2562.8443603515625,435.5934192126499,2562.914183633337,0.732977569103241,1,0.08623527416630614,0.024099543191675232,5
280,338.570556640625,4453.961669921875,338.2028415566929,4453.9846379747105,0.7316129803657532,1,0.05446026739525549,0.03409233746171854,5
281,390.4850158691406,2547.6244201660156,390.2022282783595,2547.952237206723,0.7315756678581238,1,0.33936619567527915,0.17210833485148708,5
282,255.34201049804688,2704.9798583984375,254.9291845469303,2704.9323902464503,0.7300804257392883,1,0.05075719416550253,0.030756662407797255,5
283,289.356201171875,2462.5206909179688,288.9867585963842,2462.6026822114823,0.7299940586090088,1,0.08981622904989235,nan,5
284,288.80592346191406,2442.339889526367,288.4552987351892,2442.3960844430594,0.7289201617240906,1,0.06744231773938333,0.07211039450234502,5
285,263.3101577758789,3314.707275390625,262.9620432834059,3314.6610893475518,0.7286754846572876,1,0.04226028636592799,0.025190072447147223,5
286,256.78468322753906,2328.230308532715,256.3843377469674,2328.350303311448,0.7279295921325684,1,0.12849808850144587,0.09342512553540554,5
287,354.0564270019531,3842.637451171875,353.7376252624173,3842.5936415089964,0.7272639870643616,1,0.03494919818342559,0.038024553374698795,5
288,279.8083953857422,2717.567840576172,279.45509293840536,2717.5408220020618,0.7271458506584167,1,0.02604683915801962,0.04096532155736031,5
289,284.0985870361328,3561.6837158203125,283.812818354676,3562.021388191512,0.7270254492759705,1,0.3549186823982592,nan,5
290,373.1420440673828,2543.5462951660156,372.88791050198387,2543.648342097952,0.7269845604896545,1,0.13929922671930692,0.05798380704752751,5
291,316.16236877441406,2506.192398071289,315.7951818613834,2506.0304127073878,0.7266741991043091,1,0.15427901717394396,0.10702447300523887,5
292,292.02716064453125,2442.1649169921875,291.6524734831245,2442.1968102912288,0.7244417667388916,1,0.039834999908722406,0.06524042570418026,5
293,341.03831481933594,2488.078369140625,340.6119252241557,2488.1778828741367,0.7236473560333252,1,0.1303140730173824,nan,5
294,258.9315948486328,4382.019287109375,258.50402523660773,4382.052597908123,0.7229213714599609,1,0.0848185539512006,0.03903762892961502,5
295,415.5978088378906,4082.9736328125,415.3044466090083,4083.0082916394626,0.7226681113243103,1,0.046125009829844,nan,5
296,360.05442810058594,2697.29345703125,359.69655477214803,2697.2280559217807,0.7204779386520386,1,0.059351620066912504,0.028724093623403377,5
297,219.3394546508789,3714.73388671875,218.93847999621102,3714.71139736667,0.7202893495559692,1,0.024841190822335206,0.02274343746525324,5
298,227.78526306152344,3953.4503173828125,227.31525754364574,3953.203737062063,0.7188692092895508,1,0.2550886673287657,nan,5
299,433.1263122558594,3804.604736328125,432.7702554093829,3804.588091109922,0.7173327207565308,1,0.05626816219545376,0.05602258935352499,5
300,523.6293334960938,2625.060791015625,523.2546132754039,2625.0185081169816,0.8116948008537292,1,0.09721178253706858,0.051313162551345264,6
301,553.3675689697266,4277.7392578125,553.0827412855966,4277.717549438569,0.7920154929161072,1,0.03687379585785436,nan,6
302,529.7612152099609,2595.583251953125,529.4510650865807,2595.5963511884647,0.7808248400688171,1,0.03485445184679454,0.049552106742378574,6
303,507.9286193847656,2643.879119873047,507.6538568231218,2643.776092060809,0.771303653717041,1,0.09645920414674265,0.0342717869691087,6
304,438.83885955810547,2547.6525268554688,438.4813231006018,2547.6473321850817,0.7694588899612427,1,0.04172940443447531,0.03807479644682248,6
305,469.7636032104492,2761.9434204101562,469.45827623521996,2761.960178322399,0.7692610621452332,1,0.025015353389010984,0.05449883664930468,6
306,474.48492431640625,2762.1849365234375,474.1787966253841,2762.146527349595,0.7666563391685486,1,0.031088104560530246,0.05081220652656558,6
307,494.3898239135742,2610.1704711914062,494.02830229566956,2610.1509739893118,0.7585145235061646,1,0.0678059153440707,0.06584809804736305,6
308,627.3785095214844,3378.4891357421875,626.981880177675,3378.441777225361,0.7583872675895691,1,0.16571837689378838,0.046462750569438986,6
309,556.8912658691406,3340.70703125,556.5517156551603,3340.6367252005807,0.7535790205001831,1,0.09921424550200979,0.06549561841693051,6
310,630.1286010742188,2644.0108032226562,629.9002518260776,2644.0085646850202,0.7496414184570312,1,0.01723325763967592,0.030246898030758532,6
311,565.7798614501953,2615.4225158691406,565.5744878483896,2615.329446651037,0.7496209740638733,1,0.1064094772396494,0.03878239199100754,6
312,491.9250793457031,2906.6162109375,491.73251518196525,2906.665208871831,0.742861807346344,1,0.11419329096498738,0.029842551456235968,6
313,539.3993835449219,3710.12548828125,539.0834459029654,3710.139979456375,0.7342259287834167,1,0.05834134482589507,0.04889141337392794,6
314,485.5445098876953,2725.2931213378906,485.3364147296965,2725.308671538109,0.7332950830459595,1,0.09125989151895203,0.04947374892670622,6
315,635.6822509765625,2642.6219177246094,635.3765772138482,2642.5306676680416,0.731548547744751,1,0.10479557171399802,0.03893337691181855,6
316,512.1459045410156,2592.1885375976562,511.8614604296107,2592.1689772792724,0.7225045561790466,1,0.012664272211535004,0.039550364488382166,6
317,640.0272827148438,3237.9283447265625,639.7312026429346,3237.9016457029325,0.7192710041999817,1,0.06584018856321042,0.04320306404336491,6
318,467.3141784667969,2556.5228576660156,466.99959175144306,2556.546965593893,0.7177736163139343,1,0.03302015881450599,0.0221999112468344,6
319,441.7541275024414,2510.7308502197266,441.43177227580645,2510.7255348097397,0.7146314382553101,1,0.007381000163388424,0.04401065692727163,6
320,446.91349029541016,2762.517852783203,446.6072460835757,2762.439033705169,0.7145833373069763,1,0.07089050151675319,0.07391250406929947,6
321,516.6710510253906,2363.3444442749023,516.4292588703082,2363.369772967865,0.7135152220726013,1,0.058195170250327825,0.03153686826311002,6
322,499.9195556640625,2629.0541076660156,499.53402990262026,2628.9167352848212,0.7129566073417664,1,0.1596251676905795,0.1205353404635691,6
323,456.3143844604492,3928.4234619140625,455.98107099212814,3928.337304740849,0.7123494744300842,1,0.08748552105645971,nan,6
324,496.93446350097656,2644.3695373535156,496.7025242314089,2644.3660849801768,0.7109453678131104,1,0.06150986645259079,0.04765386370388513,6
325,524.3779144287109,4063.1082763671875,524.125959853278,4063.0320605885327,0.7105584144592285,1,0.06691350687857511,0.024116682905546572,6
326,441.06884002685547,3816.8515625,440.65861787034606,3816.849697397407,0.709254801273346,1,0.11337508537905495,0.0302899339379196,6
327,474.8706970214844,3611.314453125,474.61690207341474,3611.3090511132577,0.7084466814994812,1,0.03413025143571655,0.04693570419072005,6
328,513.611572265625,2741.6536865234375,513.3891951848617,2741.630208576598,0.7074530720710754,1,0.06536882581165214,0.04231389671420643,6
329,532.3269500732422,2615.0220642089844,532.0746863232131,2615.022289752487,0.7068763375282288,1,0.029612534489189945,0.035585552638728306,6
330,627.3416595458984,4641.89208984375,627.0969614962966,4642.106768058489,0.7063578367233276,1,0.22742002519696236,nan,6
331,500.5947723388672,2596.0675659179688,500.3715820828967,2595.99788891509,0.7023881077766418,1,0.09315634178786225,0.03252113645653679,6
332,441.06884002685547,3816.8515625,440.65861787034606,3816.849697397407,0.7006592750549316,1,0.11337508537905495,0.0302899339379196,6
333,653.3805847167969,4300.3765869140625,653.132906646086,4300.3622262455865,0.6984509825706482,1,0.03499860610807686,0.04481188433308854,6
334,637.6812438964844,3860.507568359375,637.4986867852997,3860.4907036587133,0.6975927948951721,1,0.042870869679666,0.04604161732458146,6
335,515.9755859375,3441.4940185546875,515.7627680092833,3441.5195694085246,0.6965212821960449,1,0.07127599993896956,0.03445241803987224,6
336,591.1372375488281,4298.7510986328125,590.9059342630185,4298.728564181274,0.6955708265304565,1,0.01272164321762513,0.028884453873852325,6
337,544.9653472900391,2448.9383087158203,544.7169718710344,2449.001611381474,0.6955263018608093,1,0.07673057637169266,0.03309698778410013,6
338,650.8497619628906,2421.40185546875,650.6432889986387,2421.477537855819,0.6951231360435486,1,0.08932725724249294,0.08431397127948363,6
339,440.28057861328125,2732.0997619628906,439.99089732538226,2732.027265634989,0.6934086680412292,1,0.06850734285065183,0.03295442754896592,6
340,459.81761932373047,4480.916015625,459.50074443226947,4480.925478318803,0.6933037638664246,1,0.04148670812453935,0.03532507110964889,6
341,449.1295928955078,2472.549789428711,448.8587739238947,2472.565381621579,0.6930137276649475,1,0.04822006124534825,0.02461470642098763,6
342,485.05065155029297,2580.726806640625,484.74900264200147,2580.7451337770017,0.68967604637146,1,0.026116349459237846,0.03213214616234122,6
343,451.2901382446289,2591.3692932128906,451.011672384186,2591.363705090925,0.6845932602882385,1,0.03229917054937344,0.030826647616866237,6
344,634.5497131347656,4640.42236328125,634.3153152362687,4640.446171756611,0.683815598487854,1,0.03995976628270246,nan,6
345,603.1630249023438,2524.6198120117188,602.8490057492738,2524.70428219186,0.683013379573822,1,0.10835753341701032,0.08696079882763162,6
346,518.1680297851562,2537.0086669921875,517.8766484395719,2536.9349683267587,0.682570219039917,1,0.06638180528338385,0.03943598021182094,6
347,561.6737060546875,3357.456787109375,561.2734754736919,3357.320548459561,0.6820470690727234,1,0.18965624825332367,0.12203753891845097,6
348,518.6005554199219,2591.8743286132812,518.2784136413306,2591.840851625468,0.6811283826828003,1,0.04432594260429399,nan,6
349,491.41381072998047,2605.1575927734375,491.09950805893266,2605.2262597924114,0.6808521151542664,1,0.07849282734266207,0.06290753871531667,6
350,810.3995056152344,3971.74658203125,810.1994325583634,3971.665440138598,0.7612027525901794,1,0.08193471359183918,0.022714516098912247,7
351,778.0645599365234,3461.3936767578125,777.8500911619383,3461.441763155699,0.7525490522384644,1,0.06670532515110707,nan,7
352,714.6363983154297,4528.939208984375,714.4057029281778,4528.966815382184,0.7506887316703796,1,0.05786274397191134,0.0279782360396867,7
353,756.1338500976562,4196.8931884765625,755.9290333565872,4196.873516975968,0.7411321997642517,1,0.029520830613947894,0.04218250022676754,7
354,739.8917083740234,2503.9658203125,739.6762846253492,2504.0637373442732,0.7319130897521973,1,0.10519842750478882,0.05695182611393984,7
355,746.4266815185547,2552.2717895507812,746.2120788758829,2552.311907294635,0.7221658825874329,1,0.04836048043863373,0.044616201049212836,7
356,781.3241729736328,3632.5791015625,781.1438514075568,3632.6375587939765,0.7142127752304077,1,0.06753907191211624,nan,7
357,703.6080627441406,2696.352325439453,703.4721302374597,2696.3092220150997,0.7081742882728577,1,0.08882396532841264,0.10654327467347535,7
358,706.053092956543,3860.8603515625,705.7209711989524,3860.952096560558,0.7014870643615723,1,0.16649020740012493,0.04361589630259813,7
359,736.041259765625,2467.6741790771484,735.9232908408536,2467.619309549002,0.7011662721633911,1,0.1026108676227527,0.035895774758014774,7
360,706.2467498779297,4358.7275390625,706.0631535333393,4358.727929577398,0.7005180716514587,1,0.014198004046417327,0.02460569190571115,7
361,760.0615081787109,2405.9737701416016,759.9777238268222,2406.010919703374,0.6967617869377136,1,0.12493170099544969,0.04039362339783601,7
362,759.1728210449219,4431.349609375,758.9562386102241,4431.346630967775,0.6947501301765442,1,0.04471120642891151,0.023320715728537195,7
363,796.1915130615234,4223.4727783203125,796.0261275360432,4223.442663967492,0.6924757957458496,1,0.020422653290613803,0.04417137732937228,7
364,710.6588516235352,3790.040283203125,710.3547888832139,3790.041580713653,0.6882367134094238,1,0.10533114968627416,0.02705818602842272,7
365,747.1576690673828,3489.893310546875,746.9107063836616,3489.882275499025,0.6869730949401855,1,0.05680875945557598,0.04360205187798235,7
366,748.9625701904297,3897.4053955078125,748.772414832992,3897.3799702327497,0.685312032699585,1,0.01717799409002448,0.03335201979669234,7
367,700.7695388793945,2704.0317993164062,700.5600988771386,2703.9895467256815,0.6850022077560425,1,0.03595793648821589,0.05767953127159542,7
368,698.7152786254883,4106.6402587890625,698.5661315262007,4106.641589805496,0.6844274997711182,1,0.0512066456549932,0.04023392788694389,7
369,667.8119201660156,3381.0526123046875,667.5384484765246,3381.071081258095,0.6824243664741516,1,0.059396364062979656,0.031168022864796304,7
370,782.6625061035156,3461.28173828125,782.4630167378583,3461.2494230425386,0.6783279776573181,1,0.03223275712717088,0.047826786147264794,7
371,736.8167877197266,3460.5626220703125,736.6717552180023,3460.616318662895,0.6759750247001648,1,0.07952993752295479,0.060527768215098254,7
372,695.0095672607422,3797.3782958984375,694.690718903241,3797.3587961327726,0.6755963563919067,1,0.11441871816916796,0.0415661795283857,7
373,807.5251770019531,2912.437744140625,807.3700485332625,2912.4421339074515,0.6749715209007263,1,0.024336672334645457,0.044210503712011434,7
374,742.484619140625,2474.8575744628906,742.3753081179003,2474.8877030269587,0.6733859181404114,1,0.10371664975383897,0.03382153290677773,7
375,711.7123336791992,4495.656982421875,711.5029252937093,4495.673661333777,0.6731561422348022,1,0.0341960486074396,0.031490880346067666,7
376,703.101318359375,3813.0570068359375,702.7582069377233,3812.948758608074,0.6713132858276367,1,0.17250812643986127,0.0369418511857166,7
377,654.8588714599609,2675.6766357421875,654.610438045774,2675.635569762952,0.6693792343139648,1,0.0361026159288824,0.048532088939597255,7
378,712.9047622680664,3920.455322265625,712.6682836259955,3920.4803796952397,0.6681371927261353,1,0.05284587575018101,0.03283036842928181,7
379,702.3526000976562,2412.9779510498047,702.1567013185294,2412.990569185508,0.6662855744361877,1,0.03233901461474247,0.03918076940244096,7
380,681.9627227783203,2564.8294677734375,681.7800963603325,2564.8602988439598,0.6662293076515198,1,0.05842046602331061,0.04243647246461755,7
381,714.3343658447266,2610.8534240722656,714.0590136845267,2610.8511136332363,0.6655135154724121,1,0.06094873281854066,0.03846580766983273,7
382,661.6829147338867,2438.6591796875,661.537981003644,2438.782093612596,0.6651179194450378,1,0.1587218559692844,0.04943425858093237,7
383,671.5148391723633,3954.445556640625,671.2334604096319,3954.409764427494,0.6616786122322083,1,0.07485499987194454,0.04495291995706201,7
384,728.3356170654297,3866.4207763671875,728.0354976228932,3866.4288772383693,0.6614208817481995,1,0.10978272726041022,0.031196958230607846,7
385,745.0586090087891,3897.125732421875,744.8912348612093,3897.143095638085,0.6583859920501709,1,0.032218622800646725,0.03107427081238721,7
386,806.3791656494141,2920.0081787109375,806.2076712800199,2920.0944865324946,0.6583549976348877,1,0.09400374443331688,0.05247953053661268,7
387,717.2508773803711,4159.1490478515625,717.0546358818866,4159.154804807591,0.657113254070282,1,0.016454593474259392,nan,7
388,722.4864501953125,3769.447998046875,722.2357572395707,3769.3800983750943,0.6556220054626465,1,0.08067914741465033,0.02866432817085122,7
389,698.6035003662109,2333.280319213867,698.3917378415829,2333.3289858553067,0.6553660035133362,1,0.05674990390535045,0.046696827925006026,7
390,723.0321502685547,3597.166015625,722.8732944043666,3597.1682852605063,0.6501813530921936,1,0.04019098239012394,0.042197510496556304,7
391,790.3937835693359,4329.4541015625,790.2148059183775,4329.438895982331,0.6474737524986267,1,0.017171631768367397,0.02744758268224913,7
392,742.484619140625,2474.8575744628906,742.3753081179003,2474.8877030269587,0.6467722058296204,1,0.10371664975383897,0.03382153290677773,7
393,714.4682083129883,3789.993896484375,714.1833238537431,3789.976690745638,0.6450333595275879,1,0.08735889223033054,0.030400126950889304,7
394,688.5315322875977,2346.087677001953,688.4202475710243,2346.1545080244155,0.6442047357559204,1,0.1376988342040333,0.040889173167100654,7
395,807.529541015625,2895.1898193359375,807.409871215913,2895.1696390854972,0.6432152986526489,1,0.05829653960647346,0.029623240091291306,7
396,781.6594696044922,2413.4058990478516,781.6417805816922,2413.437865668938,0.6421153545379639,1,0.17929389432904616,0.04028213730737125,7
397,707.0855865478516,4108.224365234375,706.9095792408918,4108.124299425177,0.6406933665275574,1,0.0923034261797975,0.03603166112909531,7
398,814.1201324462891,4544.13671875,813.9562751342381,4544.101660593255,0.6392319202423096,1,0.027745431594403035,nan,7
399,656.5876312255859,4318.845458984375,656.3498982881817,4318.819295654112,0.6371864676475525,1,0.030603050740521897,0.03614674470241487,7
400,132.02003479003906,4772.786102294922,131.60112409178709,4772.997603339003,0.804146409034729,1,0.2250541158122863,0.05765778190619101,8
401,109.88782501220703,5134.885009765625,109.46731906256966,5134.846874127694,0.8022769093513489,1,0.03289387103535768,0.03370695483293245,8
402,104.79785919189453,5125.122741699219,104.36048303830333,5125.098358949686,0.7934664487838745,1,0.03794380839354482,0.022151934741052117,8
403,103.7577133178711,6174.9278564453125,103.35559988858788,6174.965692772313,0.7860072255134583,1,0.05510219517007842,0.02671971287069584,8
404,156.0847625732422,6084.860107421875,155.59887779348443,6084.930469949209,0.7815146446228027,1,0.14468226282673527,0.027426925305525075,8
405,70.32955169677734,5791.4000244140625,69.89975041090234,5791.3571928965475,0.7757812738418579,1,0.03819527570180169,0.026564819419719526,8
406,118.79276275634766,5696.411865234375,118.3849279246569,5696.449667350019,0.772584080696106,1,0.05561546344055332,0.034757942861155404,8
407,149.4879150390625,6668.96044921875,149.01685301716947,6668.965645033294,0.7711260914802551,1,0.11005185496124202,0.03314676787677798,8
408,59.328834533691406,6086.96630859375,58.86887743275406,6086.948897148168,0.7663549184799194,1,0.05589478839239373,nan,8
409,56.922847747802734,6337.7115478515625,56.4636899584336,6337.677374562997,0.7585408687591553,1,0.06067163783189762,0.042797104857428485,8
410,41.208465576171875,5280.381591796875,40.56643626811032,5280.4035670683415,0.7582754492759705,1,0.22269136746310883,0.10708353493024446,8
411,208.61349487304688,6503.6375732421875,208.25178689096555,6503.6205854905065,0.7559983134269714,1,0.017968793221908242,0.02342300756332157,8
412,212.99632263183594,6473.0638427734375,212.59367468676106,6472.99359388008,0.7556046843528748,1,0.08130126330855138,0.03285157567421322,8
413,98.90234375,6176.09228515625,98.47955761520826,6176.139639020457,0.7546722888946533,1,0.07125495696948564,0.03141333446557963,8
414,117.41739654541016,6186.4810791015625,116.99911092458449,6186.493642272902,0.753139317035675,1,0.04597013921920736,nan,8
415,53.834320068359375,6086.9921875,53.382638747176685,6087.013770458608,0.752231240272522,1,0.05843580954406112,0.04469851219437741,8
416,211.96876525878906,6079.0447998046875,211.56188625845724,6079.029902789041,0.7519804239273071,1,0.058275453421779526,0.024836802508872203,8
417,115.92491912841797,6511.045166015625,115.50083194121936,6511.035009927374,0.7501073479652405,1,0.04692196014766131,0.055796632806208696,8
418,58.43177795410156,5365.120422363281,57.98137687703645,5365.091518196116,0.746526300907135,1,0.0388714320929194,0.022376684417509052,8
419,187.8745574951172,5929.2034912109375,187.52127414069466,5929.144603619881,0.7455716729164124,1,0.04489375394299748,0.030665842548011715,8
420,122.2934799194336,5695.694091796875,121.87709358277586,5695.699742713666,0.7447300553321838,1,0.03567761087826453,0.04076171050870104,8
421,181.50306701660156,6260.0048828125,181.10401526407895,6259.972568502848,0.7443715929985046,1,0.045328183061307856,0.026794359718842364,8
422,115.58306884765625,6678.939453125,115.13675473745269,6678.908425816322,0.7431999444961548,1,0.07264632679196946,0.03214451902046818,8
423,76.31019592285156,5905.797607421875,75.9150258113319,5905.789997558964,0.7426345944404602,1,0.008783333920252118,0.024245006606187378,8
424,199.0102996826172,6202.65234375,198.57243075984653,6202.60362509671,0.7415507435798645,1,0.09266944309765392,0.029700529505935422,8
425,182.92604064941406,6251.8994140625,182.50886563837793,6251.842976804383,0.7415420413017273,1,0.0732558867658079,0.03412393531920318,8
426,59.188724517822266,6365.127685546875,58.767185361841925,6365.039559596135,0.7412967681884766,1,0.07568910364034796,0.041676029417079465,8
427,157.82177734375,5074.547943115234,157.42342232944773,5074.495665076577,0.740062952041626,1,0.042432051543261434,0.028793395618514205,8
428,69.96056365966797,5781.4281005859375,69.50503219572683,5781.383697419827,0.7397243976593018,1,0.05914524006200993,nan,8
429,126.97990417480469,5117.026550292969,126.53023137801519,5117.000717371507,0.737987220287323,1,0.057917625350786275,0.04337311079965167,8
430,42.59416580200195,6458.710205078125,42.458356274550184,6458.748822510911,0.737887978553772,1,0.2744563232607255,0.10018371941263969,8
431,115.5699462890625,6188.379638671875,115.1711900868577,6188.377078325226,0.7368301153182983,1,0.020765541612905107,0.029807004654994022,8
432,153.9162139892578,5484.375061035156,153.49055413390067,5484.312738507299,0.7360467910766602,1,0.06798702024905184,0.03419706677796524,8
433,65.66773223876953,4677.821830749512,65.26225294920286,4677.838873869606,0.7349379062652588,1,0.033593751726444965,0.02399761878426311,8
434,133.92062377929688,5332.614562988281,133.51459317725505,5332.594030664639,0.734704852104187,1,0.019759042364889984,0.02766587936929581,8
435,201.06869506835938,6058.478515625,200.60185419308849,6058.461396059061,0.7345098257064819,1,0.11398052099948171,0.05092640959679599,8
436,53.78526306152344,6370.3079833984375,53.43184997517514,6370.216377670267,0.7338364720344543,1,0.09032227653478472,0.038803701237091814,8
437,199.0102996826172,6202.65234375,198.57243075984653,6202.60362509671,0.7310892939567566,1,0.09266944309765392,0.029700529505935422,8
438,179.36680603027344,6254.6009521484375,178.9129669727577,6254.571103927545,0.7301936745643616,1,0.0969608893803421,0.028631321565925953,8
439,98.40434265136719,5188.821533203125,97.95096250291947,5188.871016615695,0.7289227247238159,1,0.08071953503597021,0.021768322319658393,8
440,178.64370727539062,5117.495056152344,178.21492700922227,5117.473432412079,0.7285272479057312,1,0.05511928260331098,0.02712616508505755,8
441,97.12516784667969,5544.461181640625,96.70809491739954,5544.38109641124,0.727616548538208,1,0.06887373626757742,0.026047698085786594,8
442,208.98519897460938,5480.508483886719,208.64250084910958,5480.502689872592,0.7271586060523987,1,0.017272240913129046,0.023890476584147006,8
443,142.81240844726562,6032.60888671875,142.30306614429517,6032.5154385057895,0.7271415591239929,1,0.15615517934134135,0.0353324368558885,8
444,166.24066162109375,5190.0784912109375,165.74293202888566,5190.049181976776,0.7267760038375854,1,0.12095429920860395,0.06378460773966976,8
445,67.29686737060547,6108.9833984375,66.81376987978577,6109.021484048098,0.7267541885375977,1,0.09784822868472594,0.04577188274343769,8
446,198.07801818847656,5663.0447998046875,197.65588626393253,5663.132643017571,0.7229376435279846,1,0.11945796347104044,0.031637272960421556,8
447,54.43775177001953,6446.301513671875,54.04398643504923,6446.226200399682,0.7214438915252686,1,0.060064147944171274,0.039427763828565214,8
448,58.43177795410156,5365.120422363281,57.98137687703645,5365.091518196116,0.7203041315078735,1,0.0388714320929194,0.022376684417509052,8
449,208.61349487304688,6503.6375732421875,208.25178689096555,6503.6205854905065,0.7199826836585999,1,0.017968793221908242,0.02342300756332157,8
450,336.5865478515625,6636.5927734375,336.2073338080868,6636.570115986589,0.8428959846496582,1,0.08421154589311552,0.030313715763972723,9
451,336.5865478515625,6636.5927734375,336.2073338080868,6636.570115986589,0.8230300545692444,1,0.08421154589311552,0.030313715763972723,9
452,283.8987274169922,5860.96240234375,283.5284649325419,5861.063080465923,0.7962626218795776,1,0.12320397653314895,nan,9
453,398.0205078125,6562.0628662109375,397.65423193888364,6561.922763815348,0.7956250905990601,1,0.1553401130561227,0.03414166585350992,9
454,415.6136779785156,6359.658203125,415.37384245689503,6359.58166043809,0.7952724099159241,1,0.06894566759975539,nan,9
455,393.8033905029297,6565.0416259765625,393.41691178417403,6564.980613601567,0.7897533178329468,1,0.12008884469993168,0.03585744711882412,9
456,428.75653076171875,6500.81396484375,428.4493484612591,6500.70463921728,0.7720189690589905,1,0.10391898372063232,0.0453463086159663,9
457,337.67384338378906,6632.364013671875,337.2957808563557,6632.320593654992,0.7694575786590576,1,0.08767988538115107,0.034623097607463654,9
458,233.94235229492188,5872.2479248046875,233.60472686735133,5872.236951677322,0.7619808912277222,1,0.0067114431317454116,0.047086445082707915,9
459,414.56976318359375,6065.8135986328125,414.177102269098,6065.864072298996,0.7615585923194885,1,0.13427870641122458,0.04048865070191712,9
460,409.0402374267578,6426.59033203125,408.81535797142317,6426.589258846555,0.7611707448959351,1,0.04894130904835881,0.03155853028147398,9
461,310.3382263183594,6468.635009765625,309.9887907733709,6468.532274628421,0.7608214616775513,1,0.09720777588846188,0.07845940727218961,9
462,364.43089294433594,6649.47216796875,364.06128109483666,6649.43275414473,0.7607345581054688,1,0.08797198500012389,0.030052429113858397,9
463,353.6184844970703,6119.870361328125,353.2527267672391,6119.914569942238,0.7582363486289978,1,0.09081322110601334,0.04218297043660026,9
464,383.9949645996094,5984.7373046875,383.6728861226239,5984.694979683163,0.7559100389480591,1,0.044828196439569236,0.031020426782878814,9
465,322.5005798339844,5641.344970703125,322.05315863276644,5641.301613639081,0.7525167465209961,1,0.1361664895460094,nan,9
466,320.9554443359375,6178.3294677734375,320.5596844830374,6178.341642881646,0.7524938583374023,1,0.09223843994601037,0.024077236675717303,9
467,417.1359558105469,6371.134033203125,416.90666811222223,6371.153924376933,0.7524530291557312,1,0.053209269974542825,nan,9
468,391.94081115722656,5959.0167236328125,391.6354186679862,5958.95732892642,0.7522257566452026,1,0.04984289833069002,0.031274894353510024,9
469,397.52000427246094,6548.155029296875,397.1748063220106,6548.13466818555,0.752008318901062,1,0.071035483984133,0.023867149477002494,9
470,238.11682891845703,5871.4871826171875,237.74667860723653,5871.488866531993,0.7496239542961121,1,0.03232757507249318,0.03807509230603707,9
471,239.5359344482422,4955.895446777344,239.14514711640655,4955.906127766237,0.746871292591095,1,0.04312011654537638,0.025536942625081962,9
472,268.3909912109375,5773.40771484375,268.03408715405925,5773.420224479295,0.7452564239501953,1,0.03610611163318855,0.03833683410746945,9
473,396.6002197265625,6811.275390625,396.32934495938173,6811.271724919701,0.7445147037506104,1,0.01194812224028493,0.0378873199827564,9
474,433.5333251953125,6617.7552490234375,433.2614531819376,6617.717080154856,0.7438945770263672,1,0.02577238745322739,0.028622160789368932,9
475,363.5099639892578,6622.3880615234375,363.1155454593623,6622.344894876429,0.7426040768623352,1,0.11221160687778939,0.03278430039616577,9
476,394.4018249511719,6630.8719482421875,393.98943979567673,6630.779775902658,0.7420101165771484,1,0.1580066798847423,nan,9
477,241.31857299804688,6369.5179443359375,240.9860631888765,6369.434892077783,0.7419348955154419,1,0.06793930382164107,0.04083679667889401,9
478,327.9533996582031,5633.998779296875,327.5049623985707,5634.064112852533,0.7408086061477661,1,0.15704469190261178,nan,9
479,429.6908874511719,6616.3623046875,429.3780255440861,6616.297975782019,0.7403529286384583,1,0.07097064018157156,0.02875996925312091,9
480,395.48765563964844,5898.849365234375,395.16923520638807,5898.799828010754,0.7396979331970215,1,0.04933861426252902,0.032737620198521125,9
481,433.8163757324219,6356.646240234375,433.5320129394531,6356.46435546875,0.7390686869621277,1,0.1684476371049111,nan,9
482,379.5071716308594,6653.09033203125,379.1796537571314,6653.019327065861,0.7382650971412659,1,0.07354810116413345,0.03328047330303386,9
483,344.5364990234375,6728.855712890625,344.1494247434206,6728.82016498157,0.7382351160049438,1,0.09801493063441999,0.029023221870185956,9
484,425.9244079589844,6620.4461669921875,425.5684804864715,6620.360820846213,0.7377710938453674,1,0.11643794630826138,0.030032845806903696,9
485,249.81858825683594,5857.3487548828125,249.4781109298744,5857.294335775751,0.7374004125595093,1,0.040339746063430056,0.021907263028235976,9
486,369.44549560546875,6647.552978515625,369.10116789634816,6647.54015653184,0.7357564568519592,1,0.06120406973583499,0.02643987544927129,9
487,411.453857421875,6519.7269287109375,411.11209363593935,6519.621092769294,0.7345756888389587,1,0.1159272536902642,0.036753504271489414,9
488,420.3414611816406,6358.360107421875,420.07836813805324,6358.347548034252,0.7324745655059814,1,0.006007455664514845,nan,9
489,233.0015106201172,6418.410888671875,232.6621991297727,6418.36851538652,0.729950487613678,1,0.027327533068736965,0.038079986108085905,9
490,421.9876708984375,6414.422119140625,421.71838895390033,6414.346356124255,0.7292945981025696,1,0.06096883567876444,0.03873041554632576,9
491,418.1078186035156,6015.421630859375,417.8739238950515,6015.41081417713,0.7285715341567993,1,0.04058665054799539,0.033825921459011095,9
492,232.88841247558594,5247.414978027344,232.5058806171209,5247.3856681831085,0.7283395528793335,1,0.03393604708466901,0.041371829777098586,9
493,320.9554443359375,6178.3294677734375,320.5596844830374,6178.341642881646,0.7277899980545044,1,0.09223843994601037,0.024077236675717303,9
494,269.03273010253906,5882.605712890625,268.6725033902583,5882.498789858076,0.7268933653831482,1,0.09737985977343647,nan,9
495,423.8514709472656,6354.148193359375,423.5643602646571,6354.14070295156,0.7236133217811584,1,0.02091109428795211,nan,9
496,218.99544525146484,5909.107666015625,218.6130358017665,5909.080766428123,0.7222121953964233,1,0.036224760173304706,0.02585795617031177,9
497,424.5115661621094,6417.5111083984375,424.2588343254099,6417.436209781651,0.7220035195350647,1,0.061593637852539476,0.028154100108558136,9
498,409.79624938964844,6436.0399169921875,409.5310618712791,6436.006006514882,0.7215054631233215,1,0.020019975231821058,0.021792094622016714,9
499,425.9244079589844,6620.4461669921875,425.5684804864715,6620.360820846213,0.7204946279525757,1,0.11643794630826138,0.030032845806903696,9
500,451.08753967285156,5448.749816894531,450.7625656012409,5448.65375922022,0.8083827495574951,1,0.09940945659850987,0.031191092141949022,10
501,621.7937164306641,5798.4627685546875,621.5707679972224,5798.467832391523,0.7705215811729431,1,0.026933541854923762,0.023330462732049393,10
502,520.989013671875,5940.7158203125,520.7141182690591,5940.680188706755,0.7517433762550354,1,0.04294963940233355,0.04090560468184028,10
503,455.68502044677734,6021.6534423828125,455.3676970452363,6021.647675682839,0.7459675073623657,1,0.05731980129685534,0.03552513872145483,10
504,593.3144226074219,5695.9854736328125,592.9961032867632,5695.959637486059,0.7401151061058044,1,0.10402483911579838,0.04363669205685801,10
505,553.3751373291016,6039.78076171875,552.9960635811893,6039.653467504028,0.7380571961402893,1,0.19150354956813379,nan,10
506,506.95323181152344,5772.94189453125,506.5825662895623,5772.906001533658,0.7359125018119812,1,0.12719601310468098,0.0605361447727906,10
507,488.9174270629883,5417.937194824219,488.65663716988706,5417.872349154834,0.7358395457267761,1,0.052140060319834376,0.02366688075025947,10
508,624.8263702392578,5798.6627197265625,624.6026034863978,5798.677318463631,0.7348670959472656,1,0.03528804526501255,nan,10
509,604.3622894287109,6126.1004638671875,604.0962118748464,6126.081973113232,0.73179030418396,1,0.061302293328346656,0.028099219994024458,10
510,502.0399475097656,6055.22998046875,501.7145320774296,6055.222538668856,0.7259030938148499,1,0.08243191908901956,0.023257991340346645,10
511,612.7922973632812,6213.9461669921875,612.5083639412701,6213.92345731309,0.7250972390174866,1,0.08374181924328337,0.030366141098491197,10
512,449.2870178222656,5433.325378417969,448.97793223634557,5433.281689449721,0.7243237495422363,1,0.04874555917455781,0.030644448845075625,10
513,531.0224456787109,6042.021240234375,530.6218010263166,6041.937988332897,0.7234420776367188,1,0.18151108909826222,nan,10
514,460.2709732055664,6021.892822265625,459.90828105469467,6021.869707675065,0.718589723110199,1,0.10414497403991745,0.03868651691341051,10
515,459.27722930908203,5436.607421875,458.9183333264269,5436.583837673825,0.7183411717414856,1,0.09193218210242049,nan,10
516,582.8036041259766,5796.116943359375,582.5627946583118,5796.138443438548,0.7181869745254517,1,0.04194561521746704,nan,10
517,436.7586364746094,6093.8780517578125,436.43103819755544,6093.924745354928,0.7181150317192078,1,0.08627862961928613,0.032126224977325785,10
518,482.0364227294922,4739.132415771484,481.7413640376092,4739.066421627271,0.718098521232605,1,0.060255292826557,0.03211046406549812,10
519,649.2285766601562,5796.2025146484375,649.0336231986349,5796.228270340218,0.7176110744476318,1,0.03899665705251109,0.031231088608224895,10
520,643.8326721191406,5797.6837158203125,643.5560979986152,5797.753994623652,0.7132441401481628,1,0.11658020879044656,0.054562873849988744,10
521,494.49681091308594,6118.2940673828125,494.1444697900867,6118.23148630134,0.7130998969078064,1,0.11767004717800295,0.03631451088998453,10
522,451.31705474853516,6021.3363037109375,450.9415782601845,6021.299549116773,0.7122418880462646,1,0.11551277718990398,0.04198764985252138,10
523,544.4642333984375,6194.6998291015625,544.1565434704235,6194.747675357639,0.7121384143829346,1,0.10270935018753082,0.035684420447102023,10
524,612.9436645507812,5216.889709472656,612.6768000135705,5216.91072729888,0.7109007835388184,1,0.06186690302614228,0.02037822337631004,10
525,571.1225433349609,6190.7303466796875,570.8285896310939,6190.75824395209,0.7101317048072815,1,0.08841308154600136,0.029744611669609667,10
526,606.0290832519531,6129.8487548828125,605.7650216574452,6129.826426903727,0.7087521553039551,1,0.0603652845237247,0.02459095184802922,10
527,456.01808166503906,6658.10400390625,455.68329621516534,6658.055469295405,0.7068206071853638,1,0.0897181232755915,0.044701809356438006,10
528,564.2113647460938,5844.923828125,563.9351813178667,5844.87544930547,0.704791247844696,1,0.06315351869009436,0.024076222096546643,10
529,479.7923049926758,5606.698303222656,479.5156657518763,5606.666841048804,0.7037319540977478,1,0.026321041394271775,0.033922029634652774,10
530,631.7015075683594,5248.5035400390625,631.5269004047577,5248.562938253916,0.7032870054244995,1,0.07876069770202235,0.034396035723674334,10
531,615.8774719238281,5216.346374511719,615.6183281704319,5216.352753644388,0.7024054527282715,1,0.049175435051503895,0.02180716218013474,10
532,481.7869110107422,6069.8173828125,481.4970175283638,6069.8165715701625,0.7019732594490051,1,0.04165488165481727,nan,10
533,592.8003387451172,5952.216064453125,592.6021495799553,5952.241770117572,0.7018266916275024,1,0.04153837108314769,0.04176543897721976,10
534,446.5551986694336,6622.9466552734375,446.25619065270325,6622.873445826234,0.7018125057220459,1,0.07259276401216494,0.030708766536149366,10
535,580.8483276367188,5245.828796386719,580.5143713493964,5245.792060885468,0.7010259628295898,1,0.110694915518943,0.05431899783837996,10
536,463.0121078491211,5152.042785644531,462.69291298978374,5152.0818119036885,0.6999439597129822,1,0.07101275970498366,0.038447849310751236,10
537,548.4618072509766,6179.2861328125,548.1443338433445,6179.1797744298965,0.6995466351509094,1,0.13090705007717598,nan,10
538,556.3895263671875,4657.204544067383,556.1159289652525,4657.239677232331,0.6986905336380005,1,0.05549531636387528,0.027748422976946754,10
539,636.5116577148438,5243.792236328125,636.3508130663438,5243.91480132081,0.6980175375938416,1,0.14203345620151384,0.03324736698797951,10
540,613.3076477050781,5255.44580078125,613.0676121859278,5255.406641117055,0.6977862119674683,1,0.03742825697287988,0.038316021296369185,10
541,581.0096130371094,5176.82373046875,580.7766512408806,5176.919530706298,0.6955419182777405,1,0.10817479024353302,nan,10
542,624.1075592041016,5858.778564453125,623.8296167629273,5858.755477184634,0.6950109004974365,1,0.07701906946378158,0.04508097062535275,10
543,480.7972183227539,5637.9981689453125,480.50050092358333,5637.9893595776675,0.6930263042449951,1,0.04009381036789418,0.030281620711466277,10
544,566.6876068115234,5842.3751220703125,566.4467600050666,5842.3351088946365,0.6926224827766418,1,0.03217387437824337,0.03206100706642065,10
545,518.6686401367188,6585.13232421875,518.4119725374903,6584.960840335805,0.6923784613609314,1,0.15885723625467602,0.03469843922048849,10
546,494.04151153564453,6944.251220703125,493.8281845640967,6944.2901267580055,0.6921470761299133,1,0.058185301293907955,0.031936434715682936,10
547,455.90098571777344,5448.001281738281,455.6059534790574,5447.947935420939,0.6917416453361511,1,0.04824516683094153,nan,10
548,537.0492401123047,5608.264404296875,536.8165868326682,5608.316468860105,0.6915391683578491,1,0.06528785140368742,0.04611244347910223,10
549,601.1718444824219,4781.373672485352,600.9469433693639,4781.458260389461,0.6907920241355896,1,0.09601692674128492,0.025050553385862522,10
550,823.7015228271484,5308.944519042969,823.5215755789669,5308.916844995972,0.8310351371765137,1,0.046144551425038496,nan,11
551,816.1479797363281,5353.69482421875,815.89677723535,5353.694947106318,0.8132650852203369,1,0.11314283843206491,nan,11
552,784.3007049560547,6817.615478515625,784.1695238607413,6817.553955568478,0.7976025342941284,1,0.0467444240644229,nan,11
553,766.5619354248047,6898.17041015625,766.4648117832277,6898.125742656173,0.795612633228302,1,0.048023895085002086,0.03846289589873949,11
554,747.5468597412109,5670.3184814453125,747.4029516497966,5670.323754557613,0.7865931391716003,1,0.023638354053028054,nan,11
555,810.2756652832031,5349.6075439453125,810.0548868680683,5349.566934814638,0.7852671146392822,1,0.08483358990788696,nan,11
556,812.5072479248047,5849.4954833984375,812.4132238754363,5849.444397746181,0.7806037068367004,1,0.05450551675063378,0.046689996529656455,11
557,695.803955078125,5388.1033935546875,695.590163597601,5388.063093151987,0.7750982642173767,1,0.042290515939021785,0.03031792113228703,11
558,815.0404357910156,5362.21240234375,814.82177734375,5362.16162109375,0.7735077738761902,1,0.08858714952370693,nan,11
559,677.613166809082,5500.596008300781,677.4037326036027,5500.581668874426,0.7716503143310547,1,0.02241452443345536,nan,11
560,708.8651275634766,5035.481262207031,708.5965402104305,5035.480374603914,0.7693591117858887,1,0.08695700458946747,0.03443621711470777,11
561,757.5730133056641,6256.1624755859375,757.4000657978777,6256.151864885793,0.7676465511322021,1,0.025885677756526407,0.05454256097744425,11
562,797.4575500488281,6822.1240234375,797.368444212443,6822.078514370741,0.764653742313385,1,0.047019093320448485,0.03676458171686326,11
563,750.7948913574219,6075.9488525390625,750.6271304336921,6075.964640546567,0.7621747851371765,1,0.033134260319842276,0.030214194551395634,11
564,766.5619354248047,6898.17041015625,766.4648117832277,6898.125742656173,0.7608224749565125,1,0.048023895085002086,0.03846289589873949,11
565,815.6266784667969,5310.908874511719,815.4231434615316,5310.7678178797505,0.7587413787841797,1,0.1441131655411024,nan,11
566,829.0224304199219,5331.061218261719,828.8136045413936,5331.209518899866,0.7541001439094543,1,0.17673371532324972,0.06887972124770762,11
567,753.2130889892578,5338.351135253906,753.0107507872875,5338.340644542941,0.7525451183319092,1,0.040531946845174055,0.019884640298862364,11
568,721.1112976074219,5896.5286865234375,720.925911405404,5896.498357803827,0.7515870332717896,1,0.026119925703558,0.032021123464718686,11
569,721.1112976074219,5896.5286865234375,720.925911405404,5896.498357803827,0.7514621615409851,1,0.026119925703558,0.032021123464718686,11
570,748.0873870849609,6551.429931640625,747.9483713184669,6551.366246971161,0.7512856721878052,1,0.049863607040966464,0.03606397323183725,11
571,793.4048156738281,6813.181640625,793.290998915778,6812.971757854158,0.7511962056159973,1,0.1955041114017531,nan,11
572,821.6248016357422,5232.703369140625,821.4499675735827,5232.681029998182,0.7487557530403137,1,0.03792571964443167,0.019846619488606575,11
573,804.9117889404297,6724.78857421875,804.7430531634612,6724.73297754661,0.7470422387123108,1,0.06113667506737971,0.029224683440533798,11
574,742.6527709960938,6131.231689453125,742.465523453335,6131.225030592793,0.74629807472229,1,0.033510623408424124,0.03214183768633468,11
575,679.7344360351562,5568.1842041015625,679.5005116482347,5568.109906746198,0.7451487183570862,1,0.07842034412897102,0.021517629829188138,11
576,808.8705444335938,6845.942626953125,808.7510489323811,6845.8530849901645,0.7434530854225159,1,0.0747388079282461,0.038227419733729416,11
577,813.6527862548828,5989.3624267578125,813.474676721629,5989.278647169109,0.7424630522727966,1,0.08506423759303237,0.03320598346613023,11
578,817.9884948730469,6318.0899658203125,817.8715183808768,6318.04849574687,0.7414327263832092,1,0.02862665767930317,0.030309018760024276,11
579,838.4428863525391,6403.39208984375,838.3649418415521,6403.326151569855,0.7407437562942505,1,0.06426345284967776,0.04361715026203882,11
580,697.2654647827148,5384.59716796875,697.0367811591361,5384.559263219036,0.7402245998382568,1,0.053596763067996635,0.031169056279792596,11
581,655.5369033813477,5269.021728515625,655.3076957491335,5269.12304205893,0.7365411520004272,1,0.1176324021131786,0.03755422239816763,11
582,655.1200256347656,4721.374252319336,654.8661512099522,4721.458296071877,0.7355114221572876,1,0.10646144690864585,nan,11
583,744.2751770019531,6074.717529296875,744.1101809796443,6074.698076703886,0.733439564704895,1,0.011910824661175698,0.025154164239987307,11
584,739.1112365722656,5672.73974609375,738.9191980529125,5672.778266613253,0.7330945730209351,1,0.05932973979445967,0.029576166517227446,11
585,832.2449035644531,5330.547546386719,832.0631883468533,5330.623747752382,0.7315365672111511,1,0.10064861060909498,0.06297408726394797,11
586,778.0507965087891,6202.7227783203125,777.931871556949,6202.718987717348,0.7296038866043091,1,0.023769644849346502,0.02356489978485286,11
587,672.6364593505859,4718.796936035156,672.4475105828803,4718.88935557715,0.7278344631195068,1,0.10416390311455752,0.032576534941503005,11
588,759.6918792724609,5677.803955078125,759.535788094596,5677.8084442974605,0.725354790687561,1,0.01729940066562043,0.03744502848703001,11
589,797.9262084960938,6048.5821533203125,797.7711584037203,6048.593095202783,0.7244486212730408,1,0.031192028273712032,0.033218513220978386,11
590,842.9906005859375,6379.5963134765625,842.9842701292627,6379.542861351507,0.723495364189148,1,0.11503390545649363,0.05463318363649952,11
591,668.5069580078125,5527.94287109375,668.254657996314,5527.80384307866,0.723065972328186,1,0.1408691330966805,0.03907492699756465,11
592,679.7344360351562,5568.1842041015625,679.5005116482347,5568.109906746198,0.7225017547607422,1,0.07842034412897102,0.021517629829188138,11
593,757.5736083984375,6742.869140625,757.3703678467796,6742.789590901188,0.72214674949646,1,0.09029009134801631,0.031917503552924255,11
594,810.2756652832031,5349.6075439453125,810.0548868680683,5349.566934814638,0.7203435897827148,1,0.08483358990788696,nan,11
595,801.9492492675781,5476.489807128906,801.7711960718917,5476.457675761272,0.7203320264816284,1,0.04104370181212556,0.02534033455844232,11
596,786.0271911621094,6832.8916015625,785.9139787079325,6832.879100801998,0.7192210555076599,1,0.0156813536524337,0.02833191640408764,11
597,827.5083618164062,5235.0013427734375,827.3741122334317,5234.982876271796,0.7186618447303772,1,0.006959855098118778,nan,11
598,780.6103057861328,6523.00341796875,780.4845835779294,6523.012187491713,0.7184725403785706,1,0.02486664942480653,0.03030340352902131,11
599,774.1659393310547,5500.774963378906,774.0001473549792,5500.655476967834,0.7176840305328369,1,0.10799086064749476,0.05005672234391226,11
600,131.80609130859375,7735.368591308594,131.43869023051639,7735.368307418664,0.7752918004989624,1,0.02189760136047722,0.05161122608146996,12
601,48.977806091308594,9193.57373046875,48.6668189774317,9193.726733824717,0.761904776096344,1,0.18163356213510445,0.07409280698889799,12
602,195.13526916503906,7664.746337890625,194.75614150945992,7664.790776463897,0.7569447755813599,1,0.07774039639071782,0.024238827282489377,12
603,198.58941650390625,7688.140869140625,198.21967604357457,7688.126150861,0.7445662021636963,1,0.03914027856085721,0.029988673358821032,12
604,89.79621124267578,7000.54020690918,89.44525020096603,7000.56870965024,0.7329315543174744,1,0.05368331315537886,0.07559168785326563,12
605,87.89146423339844,7660.809509277344,87.49161722340546,7660.818636746275,0.7310600280761719,1,0.03917197899589418,0.0416179993916578,12
606,203.5341033935547,7696.683166503906,203.1701082276246,7696.648320082307,0.7306653261184692,1,0.03918004380709815,0.03746409122334256,12
607,152.07315063476562,8840.337890625,151.78050097591256,8840.238938332572,0.7224515676498413,1,0.08802734541010547,0.05436174697802231,12
608,54.639461517333984,7216.16650390625,54.16839080815182,7216.104717003686,0.7219138741493225,1,0.09270099375640768,0.08347241856997342,12
609,213.50160217285156,8554.323364257812,213.27738791372195,8554.312764118868,0.7162604331970215,1,0.08918011855743724,0.041522464450952395,12
610,205.2217254638672,8736.199462890625,204.8724147228898,8736.183454883005,0.7124898433685303,1,0.03602146028857837,0.04881767773859705,12
611,40.75269317626953,9136.057373046875,40.57679748535156,9136.177490234375,0.7067421674728394,1,0.23789185033786758,nan,12
612,77.00559997558594,7188.1690673828125,76.5974199022206,7188.15013674043,0.7028152346611023,1,0.026167600518269406,0.04908503392332245,12
613,91.26656341552734,7430.989440917969,90.92600366846423,7430.923560385866,0.701478123664856,1,0.05857095638800863,0.053481696458845346,12
614,103.48395538330078,8846.917846679688,103.16878330880522,8846.888828431924,0.7008653879165649,1,0.03496158589848521,0.026147385537329718,12
615,198.95782470703125,7663.3726806640625,198.62224888506978,7663.390498767421,0.6990275979042053,1,0.03573014056271971,0.028916024912393295,12
616,213.61041259765625,7651.0416259765625,213.2158011733775,7651.0278568255635,0.6886141896247864,1,0.06894313163172144,0.032172243099813654,12
617,91.54602813720703,7659.918884277344,91.17284635269267,7659.918515168018,0.6868097186088562,1,0.017727125347637703,nan,12
618,204.92491149902344,7640.5816650390625,204.59198743486016,7640.6459564641655,0.6823193430900574,1,0.08193445691736893,0.04345536741516273,12
619,119.64327239990234,8880.919677734375,119.35446324914966,8880.88843584381,0.6818468570709229,1,0.054921148832777676,0.027962953756436395,12
620,190.9807891845703,7661.358825683594,190.58497217560867,7661.387096175942,0.6808805465698242,1,0.07709342706788837,0.02191822675095035,12
621,64.40281677246094,7492.904602050781,64.06296022822859,7492.95808723512,0.6778411269187927,1,0.08279212046546398,0.038486131093514175,12
622,50.552406311035156,7449.2274169921875,50.287314528252914,7449.134385938047,0.6771834492683411,1,0.14423078228950686,0.09533701701982752,12
623,198.18521118164062,7811.9395751953125,197.79633722550045,7811.951064855056,0.6760965585708618,1,0.0665886719492386,0.062125911594206176,12
624,210.1860809326172,8549.357543945312,209.9674485885123,8549.293788050125,0.6701078414916992,1,0.10548348627290471,0.04169281530976278,12
625,210.52818298339844,7555.776123046875,210.18033578104,7555.838060055782,0.6680123209953308,1,0.08171156405199724,0.09586334229919595,12
626,55.0257568359375,7341.923889160156,54.64522915428316,7341.866176072339,0.6634206771850586,1,0.04106555918582307,0.04530697507614211,12
627,159.94561767578125,7632.5833740234375,159.53885943815345,7632.610669217163,0.6620905995368958,1,0.07589802596275017,0.02575239586620442,12
628,159.94561767578125,7632.5833740234375,159.53885943815345,7632.610669217163,0.6617563962936401,1,0.07589802596275017,0.02575239586620442,12
629,87.89146423339844,7660.809509277344,87.49161722340546,7660.818636746275,0.6592918038368225,1,0.03917197899589418,0.0416179993916578,12
630,89.2115249633789,7320.618377685547,88.84409496881658,7320.561170195798,0.6589898467063904,1,0.040859259355207914,0.026149915855777854,12
631,191.3942108154297,7665.3895263671875,191.0171138208082,7665.4390021850195,0.6588954925537109,1,0.0799369757899497,0.024676958613912784,12
632,165.4788360595703,8706.95654296875,165.19807917875602,8706.99701037777,0.6578213572502136,1,0.07663059616472417,0.03957673377479263,12
633,201.52809143066406,7690.906066894531,201.1568549770654,7690.887831125572,0.6574653387069702,1,0.041639181596952485,0.028464546492197994,12
634,105.50401306152344,7471.589416503906,105.18880902809147,7471.636162149331,0.656134307384491,1,0.08290185489770292,0.042206023610104754,12
635,75.09503936767578,9080.5537109375,74.83391776847814,9080.573415832196,0.6544722318649292,1,0.10301011841685259,0.031096930026752737,12
636,109.33817291259766,7658.7730712890625,109.0210561354091,7658.712235225626,0.6542828679084778,1,0.06336965216262008,0.054322638427878836,12
637,76.00122833251953,6975.8734130859375,75.62445215465331,6975.8468361326195,0.6537048816680908,1,0.013218290286133427,0.0479687023988273,12
638,64.67688751220703,7089.942230224609,64.28622402678019,7089.850556051861,0.6516340374946594,1,0.07489313451519426,0.05578246596486468,12
639,112.2662124633789,8620.036254882812,111.85823304382497,8619.964629658465,0.6490662693977356,1,0.07867884472066285,0.08113287425298818,12
640,190.09237670898438,9043.703369140625,189.8332026762119,9043.697594355559,0.6482847332954407,1,0.05726315753047565,0.06555207806061795,12
641,129.64010620117188,7671.614990234375,129.25270905296796,7671.591067359429,0.6451747417449951,1,0.03192857244672395,0.04092485768956627,12
642,108.71217346191406,7443.575866699219,108.3677804885363,7443.516596634625,0.6442728638648987,1,0.04754445400057485,0.053797588901282146,12
643,200.91094970703125,7432.4476318359375,200.58004550442345,7432.4313236241405,0.639318585395813,1,0.002704859345649909,0.04345792263816993,12
644,192.60047912597656,8526.929443359375,192.26029536357726,8526.949175851394,0.6378437876701355,1,0.04340844044057727,0.049943303346682164,12
645,58.10792541503906,7695.002136230469,57.696320746140955,7695.026062897047,0.6337764263153076,1,0.05140898956797027,0.04444972592193841,12
646,107.56680297851562,7216.057586669922,107.10507677435595,7216.003788222233,0.6293478012084961,1,0.09830660445457425,0.0649267404888286,12
647,48.7071647644043,7089.596420288086,48.51536802808905,7089.3854921109905,0.6276324391365051,1,0.28005535347340493,0.1457071982375836,12
648,91.34461975097656,7175.635681152344,90.88087758746023,7175.515132771582,0.6263266801834106,1,0.13509282459130026,0.04635236318748851,12
649,41.61784744262695,9001.165283203125,41.505022279296156,9001.150086773254,0.6262514591217041,1,0.25645878716618503,0.06192460987907942,12
650,333.46556091308594,7613.4019775390625,333.15640399335405,7613.411765781865,0.8045089840888977,1,0.03787616962703266,0.03445814303759732,13
651,426.016357421875,7525.508239746094,425.78468988654055,7525.512626941434,0.7913182973861694,1,0.028145628818226638,0.022080413574316508,13
652,339.12815856933594,7517.956115722656,338.98479519335524,7517.908713370249,0.787168025970459,1,0.1417655728327542,0.05260042287744274,13
653,335.41355895996094,7867.711730957031,335.11673941219954,7867.642458255541,0.7802737355232239,1,0.05479982065336024,0.03705564636291905,13
654,410.4969787597656,7551.012451171875,410.25260437002447,7551.015541578566,0.7575538158416748,1,0.022879700996747257,0.026141923052437177,13
655,272.3529052734375,7583.007629394531,272.09570623057016,7582.94537150567,0.7560938000679016,1,0.06582819640249832,0.032211718126231796,13
656,269.2163619995117,7862.9866943359375,268.8561734110995,7862.897738962579,0.7467108964920044,1,0.09157692797013159,0.04243651314990698,13
657,281.3115005493164,7575.272277832031,280.97328592600144,7575.308847961473,0.7398744225502014,1,0.06479699429520683,0.0457312177048362,13
658,277.7651062011719,7432.6953125,277.4805855357544,7432.608943033213,0.7382398843765259,1,0.07244536419520371,0.04085574334200188,13
659,329.63743591308594,7496.846618652344,329.41152012397276,7496.825175661159,0.7378699779510498,1,0.05987274807145609,0.03314552427831104,13
660,424.5198059082031,7153.999450683594,424.21943274330897,7153.894511435208,0.7376707792282104,1,0.09925341800460752,0.021474660787168767,13
661,420.23553466796875,8231.39990234375,419.9657385037106,8231.370239421263,0.7368032336235046,1,0.029839225055558243,0.030676076967463363,13
662,310.36053466796875,7644.502380371094,310.0079040527344,7644.4859619140625,0.7313351631164551,1,0.06203200874775626,0.03539483224131084,13
663,241.95781707763672,7606.184387207031,241.61195579338047,7606.18596466032,0.7287207841873169,1,0.03533425733805602,0.033367806955300866,13
664,429.8591613769531,7502.5035400390625,429.692322431148,7502.422446375783,0.7271310091018677,1,0.10432647313512868,0.07425407925304758,13
665,291.2585906982422,7830.673767089844,291.03446310894174,7830.614438509933,0.7258842587471008,1,0.08208434301132929,0.06749827213618623,13
666,302.1970520019531,7573.534729003906,301.9009322129981,7573.497086643173,0.7242480516433716,1,0.02047940930632442,0.05615735305301356,13
667,379.3603057861328,7285.159515380859,379.01375788978623,7285.046288135142,0.7223963737487793,1,0.12299050696400589,0.05366691083476363,13
668,322.92222595214844,7601.893127441406,322.5524210897844,7601.861596733036,0.7205508351325989,1,0.08438680509148938,0.06319775278099521,13
669,408.8105773925781,7643.458923339844,408.54510965495336,7643.473460551403,0.7191582322120667,1,0.03343648149627611,0.03827296040033714,13
670,377.8196258544922,7601.620361328125,377.55680375222556,7601.654447850246,0.716132402420044,1,0.05134058009306854,0.022651258524537657,13
671,328.44793701171875,7681.280517578125,328.0915314510008,7681.130342085524,0.7151874303817749,1,0.15150457983173798,0.05763266293283566,13
672,273.5796890258789,7865.319030761719,273.28455639404166,7865.2926642960965,0.7134616374969482,1,0.010286601424078768,0.051542733488504855,13
673,375.53118896484375,7517.827392578125,375.4340646463584,7517.808422142707,0.7127767205238342,1,0.17145078634995659,0.033673201506697316,13
674,337.97662353515625,7719.3780517578125,337.6425199226359,7719.3628828134615,0.7115505337715149,1,0.05466995913065346,0.060888564623356456,13
675,343.9771270751953,7621.608154296875,343.61196915759166,7621.592641623242,0.7106397747993469,1,0.08648695087067321,0.04097391822397006,13
676,426.0367431640625,9086.51708984375,425.91204649567385,9086.525788595529,0.7094507813453674,1,0.10714363270415372,0.04612573256044703,13
677,429.8599548339844,7528.031188964844,429.6358348625264,7527.9781586676545,0.709325909614563,1,0.043710819408090316,0.02631436741374655,13
678,344.0433654785156,7638.50537109375,343.71143003345503,7638.554420363023,0.7080365419387817,1,0.08521112558067218,0.05377847737315835,13
679,419.0904846191406,7486.177917480469,418.86880652242047,7486.071346545464,0.7079382538795471,1,0.09512814745382164,0.05695225686010182,13
680,249.5159454345703,7566.8857421875,249.23289845880817,7566.910819292799,0.7045981287956238,1,0.05240154890569887,0.06444880500916932,13
681,355.4198760986328,8642.227172851562,355.2169180083369,8642.308985572507,0.6994470953941345,1,0.11591941036281886,0.04026310305404175,13
682,330.6800994873047,7609.016540527344,330.41637221171277,7609.045921382205,0.6991855502128601,1,0.050696763788520845,0.03475505913709809,13
683,254.06735229492188,7567.007995605469,253.76034421697204,7567.026578966377,0.6974146366119385,1,0.036267494032954255,0.0374847198057977,13
684,430.5304260253906,7454.8663330078125,430.41319001284745,7454.825762250761,0.6968619227409363,1,0.13432265002951732,0.058260288931858153,13
685,331.2814025878906,7624.4942626953125,330.9123432813268,7624.503691177759,0.6966505646705627,1,0.08984056748503864,0.04347599868517733,13
686,305.9369812011719,7518.0020751953125,305.62663105468033,7517.9458440827475,0.6965083479881287,1,0.04240234213669318,0.048686956439469846,13
687,389.4327087402344,7273.352111816406,389.0570805134271,7273.246073444855,0.6948792338371277,1,0.1407387703002654,nan,13
688,412.62469482421875,7531.817443847656,412.3605094051674,7531.810754164709,0.6933062672615051,1,0.013800590703161286,0.055553962379551576,13
689,418.0321350097656,7823.641296386719,417.7761879392606,7823.6015610289405,0.6894875168800354,1,0.023408414021363438,0.028491403018858885,13
690,394.4809875488281,7629.122497558594,394.18882344899856,7629.14830535884,0.6871684193611145,1,0.053554953755307465,0.02648149080112729,13
691,352.45616149902344,7515.186828613281,352.3132475457556,7515.083310165883,0.6836719512939453,1,0.15959224200471359,0.05411060621902711,13
692,427.7471618652344,7941.134521484375,427.641786280614,7941.248393107694,0.6836534142494202,1,0.19075804536401333,0.12735168509312986,13
693,426.8458251953125,7570.575988769531,426.6263921251014,7570.588418208932,0.6815118789672852,1,0.04180389741212096,0.0319553486883242,13
694,310.8462677001953,7571.692932128906,310.50980619155985,7571.78289505083,0.6814241409301758,1,0.11623279539575192,0.03988155794908496,13
695,281.4115982055664,7460.0147705078125,281.11006372787955,7460.075521842206,0.6814121603965759,1,0.07783904809543016,0.02997270574094836,13
696,347.73760986328125,7872.927185058594,347.46206920001146,7872.912918277376,0.6810094118118286,1,0.0038626988189420313,0.026523964832216765,13
697,342.5013427734375,7569.8916015625,342.2422941031029,7569.8384894346555,0.6809209585189819,1,0.04159626388799925,0.04369911940107544,13
698,429.81707763671875,7577.394287109375,429.60845180984427,7577.3718542595525,0.6797158122062683,1,0.0397393783627459,0.03789327349075525,13
699,305.9369812011719,7518.0020751953125,305.62663105468033,7517.9458440827475,0.6795523762702942,1,0.04240234213669318,0.048686956439469846,13
700,550.300537109375,7540.951110839844,550.1710969202394,7540.969939673329,0.8091556429862976,1,0.08309213852530711,nan,14
701,566.5739898681641,8597.64404296875,566.4840062175763,8597.660157230706,0.7821384072303772,1,0.09992225923648004,nan,14
702,571.9220428466797,7361.014465332031,571.7545557407935,7360.928945987985,0.770038902759552,1,0.07620277880573947,0.0363976887415358,14
703,550.300537109375,7540.951110839844,550.1710969202394,7540.969939673329,0.7656387090682983,1,0.08309213852530711,nan,14
704,651.1103515625,7604.439880371094,650.9949933192258,7604.473739995895,0.7483068704605103,1,0.07213024353619032,0.026241571805397133,14
705,553.6656188964844,7479.4674072265625,553.5420345520215,7479.460156031498,0.7353754639625549,1,0.08117093010880382,0.029400414823057615,14
706,466.04467010498047,7459.370422363281,465.84909120811074,7459.376991610427,0.7350756525993347,1,0.04701653031704245,0.026893060122408552,14
707,501.98272705078125,7335.5018310546875,501.7925637485989,7335.407871125419,0.7347092032432556,1,0.08510719206241736,0.026845665207991625,14
708,472.903076171875,7496.20361328125,472.71537626180685,7496.140710873201,0.7324765920639038,1,0.06499537143882161,nan,14
709,640.62548828125,7467.5079345703125,640.5057576098328,7467.4789555134275,0.7314507961273193,1,0.05447771497615714,0.04178007747788037,14
710,511.7793426513672,7807.190246582031,511.529757046707,7807.067025364801,0.7312056422233582,1,0.11154118168792292,0.03749399670040453,14
711,630.8898315429688,8475.301879882812,630.815816159852,8475.320174888966,0.7309439182281494,1,0.09524500626346093,0.026298095890575357,14
712,584.6333923339844,7476.934143066406,584.5274444147406,7476.895835701462,0.7296993136405945,1,0.08972935036787173,0.027515769737332135,14
713,478.03965759277344,7070.112258911133,477.8923240988443,7070.237114736475,0.7284427881240845,1,0.16721343758001067,0.07237749035234682,14
714,629.723388671875,7684.199890136719,629.5371531668503,7684.185809195907,0.7265366911888123,1,0.012865946350582757,0.02512830027632123,14
715,503.7479248046875,7347.915557861328,503.55936367659547,7347.825039521184,0.7255257368087769,1,0.0823008846705293,0.03539143478540508,14
716,442.5876770019531,8774.697387695312,442.39910140922325,8774.698671351276,0.7248302102088928,1,0.042985610808144024,0.02903419358959306,14
717,479.9798812866211,7518.554260253906,479.8309909392719,7518.559869786882,0.7246291041374207,1,0.08463827414622355,0.03712707921989941,14
718,636.9789428710938,7351.630645751953,636.8316060333926,7351.598513847758,0.7238333821296692,1,0.032571363233627804,0.03839989557935178,14
719,513.8498229980469,8326.318115234375,513.6677608502177,8326.297985011268,0.7225596904754639,1,0.024790756519375016,0.034496401609138055,14
720,473.1228561401367,7594.950134277344,472.92767385453976,7594.984498653176,0.7202088832855225,1,0.06309129985134015,0.0486549204372291,14
721,508.90850830078125,7879.805114746094,508.7273621050529,7879.7604684364915,0.7201546430587769,1,0.043400244284616,0.03316283496735538,14
722,507.3750305175781,7806.834899902344,507.0953501883347,7806.749041617782,0.7193703651428223,1,0.09327868028598603,0.039258951606580404,14
723,532.78662109375,7856.635681152344,532.5688251065205,7856.553252541889,0.7192099690437317,1,0.06613636041974083,0.047729193235335914,14
724,518.5347595214844,7817.041809082031,518.2962624798429,7816.938880226511,0.7190136313438416,1,0.08962991557341184,0.05224516162460214,14
725,628.6244506835938,7590.091064453125,628.4793645792394,7590.043968799205,0.7155320644378662,1,0.042998988763905205,0.03177860347317506,14
726,464.4481735229492,7960.0491943359375,464.23624809230694,7960.032929425638,0.7139638662338257,1,0.018084663350375486,0.046688334549452995,14
727,565.6577453613281,7337.892059326172,565.500044728826,7337.82067127965,0.7136461138725281,1,0.07066464998400257,0.035549207981214394,14
728,535.7369232177734,7481.452880859375,535.6029174254177,7481.460214004815,0.7131046056747437,1,0.08035925115772302,0.03544158564036141,14
729,511.88067626953125,7290.0455322265625,511.6421582148161,7289.855154974432,0.7113267779350281,1,0.17488816627226927,0.04711527323315404,14
730,525.5035858154297,7101.03450012207,525.2870385958987,7100.975341633424,0.708460807800293,1,0.04340889326684475,0.02345675772090783,14
731,495.3533020019531,7546.4390869140625,495.1784216755508,7546.49501027936,0.7067040205001831,1,0.08803012043200645,0.030256494468645066,14
732,600.5626983642578,9143.462646484375,600.5504395502047,9143.52231412452,0.7065976858139038,1,0.17076726959192579,0.03153743815904845,14
733,594.2245025634766,7667.2764892578125,594.0035499464585,7667.3337306538815,0.7060705423355103,1,0.08150731872440012,0.03184251679614966,14
734,571.9220428466797,7361.014465332031,571.7545557407935,7360.928945987985,0.7060441970825195,1,0.07620277880573947,0.0363976887415358,14
735,616.0082702636719,7642.183837890625,615.7741840789987,7642.191143326936,0.7051225900650024,1,0.059851593302926984,0.03625805296621829,14
736,521.0438385009766,7820.744689941406,520.7829380254254,7820.644740688916,0.7050184607505798,1,0.09644438099121311,0.04468487938035014,14
737,646.5030212402344,6999.4406814575195,646.3557658163469,6999.461450248661,0.7043527960777283,1,0.04698319371576434,0.026904823144514294,14
738,619.0350036621094,7908.4696044921875,618.9234520066665,7908.496957822681,0.7029995918273926,1,0.07697388080758433,nan,14
739,492.8290786743164,7363.972839355469,492.63379706013,7363.879160812717,0.7020142674446106,1,0.08390821651419246,0.033264613871125656,14
740,606.4986724853516,7432.029968261719,606.3730631375995,7431.995645752138,0.7004506587982178,1,0.06268279187857237,0.029554318333262726,14
741,577.6133728027344,7349.994934082031,577.4621904967994,7349.932221254374,0.6997897624969482,1,0.06551118200133334,0.04683451014483364,14
742,544.5669250488281,7530.1201171875,544.3716429029552,7530.070322243945,0.6995197534561157,1,0.03512441010752564,0.03931285851553354,14
743,570.5698547363281,7456.125305175781,570.4637873863315,7456.056233073979,0.6981332898139954,1,0.10627361161344208,0.04191930832731144,14
744,508.150390625,7174.666107177734,507.88059897177544,7174.548177490049,0.6977905035018921,1,0.11122335343177489,0.04881527536256158,14
745,529.0850982666016,8585.98583984375,529.0050409602042,8585.915304325526,0.6962217688560486,1,0.12842323328476707,0.02026429204038904,14
746,595.1472930908203,7846.305908203125,594.9666730067258,7846.319809331832,0.6961115598678589,1,0.031186842587754792,0.04373723497539038,14
747,621.9634857177734,7904.8028564453125,621.832872075417,7904.846669238104,0.695661723613739,1,0.07444787319069614,nan,14
748,580.1698608398438,8460.84521484375,580.0770359039507,8460.871014439184,0.6950842142105103,1,0.09829149012035962,0.027372179067988268,14
749,505.93939208984375,7362.597259521484,505.7527889246874,7362.481107516142,0.6945216655731201,1,0.10628204995438485,0.02524182327483076,14
750,776.6750640869141,7436.1976318359375,776.6261759062255,7436.167123726502,0.8431440591812134,1,0.07608653114221633,0.04006534243010456,15
751,778.6715240478516,7505.914733886719,778.6450706590102,7505.9289646586185,0.8087149858474731,1,0.1000995662178004,nan,15
752,721.5114135742188,7436.864685058594,721.4655242268595,7436.911294022044,0.8075653314590454,1,0.11614031732209212,nan,15
753,659.2203369140625,7872.470275878906,659.1202375035816,7872.446973745356,0.7878865003585815,1,0.06043554175434202,0.03230159633688456,15
754,819.4819793701172,7181.874084472656,819.2864492549324,7181.832151968973,0.7802162170410156,1,0.0879953727530471,nan,15
755,837.9654693603516,8055.3382568359375,837.9436199416756,8055.393707297256,0.7776688933372498,1,0.10116762530869389,0.018434961228914203,15
756,724.9762268066406,7436.55078125,724.9072414931483,7436.58700148275,0.7774422764778137,1,0.09014162688227949,nan,15
757,713.1921691894531,8534.402587890625,713.1288870890121,8534.415995810208,0.7768466472625732,1,0.07485844704446136,0.02982869759339028,15
758,764.0098419189453,7709.447448730469,763.8321902149595,7709.372286855801,0.7707949876785278,1,0.07924940440698955,nan,15
759,839.4627990722656,7410.337005615234,839.3788638611356,7410.217181317866,0.7675991654396057,1,0.1054420617571861,0.05095537013893885,15
760,724.9762268066406,7436.55078125,724.9072414931483,7436.58700148275,0.7653105854988098,1,0.09014162688227949,nan,15
761,793.9597015380859,7002.074378967285,793.8390097264089,7001.99249557417,0.7639279961585999,1,0.06681319258935607,0.03143108921713555,15
762,737.2503051757812,8864.6123046875,737.3279353758767,8864.572225505062,0.763626754283905,1,0.19648662135606695,0.047920355330402946,15
763,684.9929275512695,8465.956665039062,684.9022915218131,8465.922999407832,0.7625135183334351,1,0.0540867240953764,0.036799255872159826,15
764,797.5307312011719,7766.4892578125,797.4472471178163,7766.436830857865,0.7605687379837036,1,0.045421241989669375,nan,15
765,810.2137298583984,7355.185546875,810.1248686760957,7355.158295800026,0.7579500079154968,1,0.026303470311331813,0.022704620893162053,15
766,800.2453308105469,7764.04541015625,800.135244325756,7764.026967631667,0.7542925477027893,1,0.0019412742428325744,0.024373044816307296,15
767,733.1703643798828,8955.806518554688,733.1513386094692,8955.821737877617,0.7527851462364197,1,0.10460366031911206,0.025581092443128787,15
768,750.0123596191406,7929.009948730469,749.9300520764269,7928.99619118945,0.752766489982605,1,0.044134747432756694,0.03641941476111434,15
769,832.4677886962891,7928.3790283203125,832.4083344489043,7928.376372168724,0.751233696937561,1,0.03944427789541046,0.0377959551579655,15
770,734.0910034179688,7882.521667480469,734.0146598159556,7882.494287489626,0.7511406540870667,1,0.057407707384173515,0.029549895007811713,15
771,780.3685607910156,8903.394409179688,780.3675479141608,8903.450480390318,0.7507352828979492,1,0.12520416221244465,0.02396932604077098,15
772,804.0813140869141,7520.462890625,804.0681530659975,7520.501899916107,0.7497887015342712,1,0.11348146940928559,0.03830730130173503,15
773,820.7685546875,7187.502532958984,820.602466158535,7187.483402875021,0.7462372779846191,1,0.055144895221954975,nan,15
774,760.0170593261719,7707.631103515625,759.8262022072616,7707.547816697339,0.746066689491272,1,0.09319562580659685,0.030225577159363005,15
775,833.7725524902344,9128.549072265625,833.8402008707967,9128.664023360769,0.7436907887458801,1,0.19844943798874434,0.029317411642300447,15
776,735.643798828125,7400.552398681641,735.5661497939437,7400.486817223506,0.7411757707595825,1,0.07891611768513611,0.029873451497784025,15
777,665.5137557983398,7330.895446777344,665.464070785908,7330.795871115431,0.7407279014587402,1,0.1428636869453942,0.03216808288056256,15
778,775.7593231201172,8967.021728515625,775.750394135164,8967.079912426289,0.7398022413253784,1,0.12096971972698398,0.02494866030593019,15
779,832.6417388916016,7021.931373596191,832.4936945885513,7021.863941517092,0.7377834916114807,1,0.06525956115013255,0.03164388003916354,15
780,798.8902740478516,8709.451904296875,798.9752067135962,8709.551220106074,0.7349441051483154,1,0.21698175161287847,0.02969982948112174,15
781,755.5058441162109,8237.229248046875,755.4510600389857,8237.197236556616,0.7333817481994629,1,0.06677223015954159,0.021090581807006126,15
782,686.7209854125977,7531.951110839844,686.665077874829,7532.005137350874,0.7324587106704712,1,0.12152099819370339,0.032449511461383744,15
783,730.6720886230469,7445.661865234375,730.5959489001356,7445.686303927738,0.7295160293579102,1,0.07580379524472884,0.029279882177440264,15
784,772.8772277832031,8658.491821289062,772.8932928569467,8658.582656161578,0.7288628816604614,1,0.16492533488714725,0.021369818618240048,15
785,775.5348205566406,7934.3807373046875,775.4887014110965,7934.366876511015,0.7280479669570923,1,0.07088703804900402,0.05644382876096712,15
786,658.7158737182617,8997.67529296875,658.6527036494648,8997.702431932454,0.7270586490631104,1,0.09352662879984254,0.02889065744874334,15
787,665.5003280639648,8446.56884765625,665.4566217132225,8446.586103413809,0.7262139320373535,1,0.11180144057519478,0.03967113465290911,15
788,782.6375885009766,8966.212646484375,782.6168328309692,8966.204482823807,0.724998414516449,1,0.0797085213319591,0.027735618557727843,15
789,736.0151062011719,7481.32080078125,735.9681157910995,7481.326035571575,0.7245495319366455,1,0.09323601588675845,0.022261048068916767,15
790,696.4774017333984,8752.6396484375,696.408307015031,8752.652265471537,0.7233573794364929,1,0.07216890714880207,0.02890673000591805,15
791,774.6751098632812,7891.540832519531,774.616063375339,7891.4579689485245,0.7222166657447815,1,0.08844534122733813,nan,15
792,787.5856781005859,7002.560607910156,787.5040406357438,7002.522948401494,0.7215034365653992,1,0.049520196292033684,0.032613781671511764,15
793,707.1974029541016,8753.371704101562,707.0971614063646,8753.408806208727,0.7210924029350281,1,0.06323629987703708,0.028927703435683103,15
794,830.4342193603516,8703.882202148438,830.418947230182,8703.99198135445,0.7203390002250671,1,0.14624291057643776,0.03030801911221995,15
795,815.8578491210938,8588.492797851562,815.8770550536183,8588.506386305127,0.7189545631408691,1,0.11655076946387889,0.023749944968046846,15
796,826.869384765625,7351.941009521484,826.8129290003246,7351.830980356206,0.7181854248046875,1,0.10677049303121221,0.03152493897155027,15
797,729.8507385253906,8518.597534179688,729.7770215380947,8518.598486326422,0.7180715203285217,1,0.055007006866871204,0.027738546790949562,15
798,814.1034545898438,7354.9273681640625,814.023292879958,7354.905425393452,0.7168170213699341,1,0.03155285260953357,0.024737390719873395,15
799,744.9446258544922,8425.581909179688,744.8032197578617,8425.542745077972,0.7163572907447815,1,0.029378774245804692,0.03312671133990785,15
