id,src_x,src_y,ref_x,ref_y,score,is_inlier,residual_px,sigma_px,grid_cell,role
0,54.0,149.0,54.27989179533947,148.6699937537753,0.13270731270313263,1,0.255513857778691,0.14875832683294,0,control
1,38.0,214.0,38.69000593239955,213.75996303775437,0.18533329665660858,1,0.2646871169168278,0.14644745932470202,0,control
2,144.0,101.0,144.32999049698762,100.50002561758527,0.22091808915138245,1,0.3872567996126914,0.175510405139136,0,control
3,42.0,158.0,42.27002552007618,157.66996270358354,0.12201541662216187,1,0.2612869178552646,0.24935062822433332,0,control
4,98.0,82.0,100.33984398080979,81.74000157851673,0.23259997367858887,1,1.892463928217906,1.3398988527441793,0,check
5,125.0,165.0,123.940028627368,165.7899095413681,0.11080513149499893,1,1.7669418769965242,1.4342480503079318,0,control
6,27.0,101.0,27.779968132311343,100.73002004147126,0.122711680829525,1,0.35341490453674296,0.5451951947572968,0,control
7,114.0,97.0,113.0,100.0,0.17826879024505615,0,3.4528477065733933,,0,check
8,59.0,86.0,59.12996104177958,85.91006008195339,0.17345426976680756,1,0.325521352684528,0.2566089915742317,0,check
9,130.0,152.0,130.0,152.0,0.11222700029611588,1,0.4663144534720086,,0,control
10,51.0,140.0,51.42998491958073,139.6100217622026,0.18461351096630096,1,0.2527124198400523,0.17680906936580515,0,control
11,75.0,79.0,75.35999834513666,78.61006546692792,0.2004893571138382,1,0.27077617728830883,0.1967282568609395,0,control
12,117.0,65.0,117.67997391603181,64.60002478539039,0.17766162753105164,1,0.3512320431491609,0.2927827991362125,0,control
13,80.0,145.0,83.0,149.0,0.10358687490224838,0,4.860253225557794,,0,control
14,75.0,56.0,75.25998968690746,55.880008013295104,0.2763855755329132,1,0.19420999249985502,0.5603785256227186,0,control
15,23.0,91.0,23.459971930059538,90.73997186936313,0.13512060046195984,1,0.12154446993878236,0.1581135719577765,0,control
16,104.0,95.0,103.0,95.0,0.26500648260116577,1,1.4569145786126654,,0,control
17,200.0,50.0,200.20999407454104,49.67001682714398,0.18991515040397644,1,0.31532548389889087,0.26147205483199537,0,control
18,50.0,207.0,51.170030994326304,206.569966114698,0.1260695904493332,1,0.7810933763488292,0.4230898708365844,0,control
19,104.0,186.0,104.38991579228828,185.87011928360383,0.1186256855726242,1,0.0556506396994377,0.46964542363337985,0,control
20,120.0,76.0,120.29993553993941,75.64998453294699,0.13383594155311584,1,0.2650582479794672,0.1499115460420349,0,control
21,72.0,90.0,72.51998050853955,89.65002091354071,0.20897825062274933,1,0.22486443805776,0.15921120626033294,0,check
22,100.0,143.0,102.01995550989498,139.92001407613773,0.18863362073898315,0,3.3382676998626986,1.1589913148547955,0,control
23,129.0,70.0,129.51998009591242,69.69001913646781,0.23947863280773163,1,0.1906727422657301,0.2296449949007981,0,control
24,57.0,132.0,57.489927098843076,131.64998649292588,0.15010228753089905,1,0.2163691181309916,0.14669303630265845,0,check
25,37.0,85.0,37.71000659121484,84.60996990809136,0.21310614049434662,1,0.36040574171993034,0.41547791727752686,0,control
26,71.0,189.0,72.45000445608737,185.63010993362533,0.2251063585281372,0,3.384636799831261,4.512377860469814,0,control
27,124.0,178.0,124.0,176.0,0.15549127757549286,1,1.9181005092454022,,0,control
28,93.0,215.0,93.57001404885143,214.48997379511513,0.22722777724266052,1,0.39388858168859264,0.5687762622304277,0,control
29,35.0,100.0,35.970005768546365,99.57001879406347,0.1429322510957718,1,0.5947622241114897,0.3612874604953515,0,check
30,55.0,95.0,54.949959651340414,94.82001779672252,0.21781319379806519,1,0.5035724139199047,0.1748290953710617,0,control
31,122.0,209.0,123.4398593442299,208.82008790958437,0.10847608000040054,1,0.997358725398436,1.0490534273295462,0,control
32,39.0,120.0,39.06004547485765,119.64000629691859,0.14316444098949432,1,0.4489891777828488,0.0865389549442157,0,control
33,78.0,210.0,78.6899232681609,209.16001032520472,0.19250310957431793,1,0.7439725837315814,0.624928617685327,0,control
34,87.0,65.0,87.4899472144158,64.70007312523039,0.2421540915966034,1,0.16966842774149177,0.9531654465711771,0,control
35,128.0,135.0,129.0,134.0,0.13694193959236145,1,1.027678506630698,,0,control
36,155.0,94.0,155.39993099410034,93.65998512024659,0.1786750704050064,1,0.21502183150445095,0.4381772276516646,0,check
37,130.0,210.0,132.0,205.0,0.15194329619407654,0,5.108445685361332,,0,control
38,30.0,48.0,30.239992948049935,47.650018025150786,0.1586097925901413,1,0.30230997213142946,0.36030636332256943,0,control
39,232.0,46.0,232.58992244984722,45.669986635957244,0.1453445851802826,1,0.24731752857092903,0.554625410131808,1,control
40,300.0,62.0,300.86997671902486,61.51007517060616,0.19863155484199524,1,0.5595138672497754,0.4817738160029792,1,check
41,394.0,107.0,285.0,121.0,0.12338121235370636,0,110.35316565154783,,1,check
42,443.0,176.0,443.7899845720048,175.39989120933276,0.10938265919685364,1,0.598488061329984,0.4370044118345041,1,check
43,425.0,65.0,425.2399473865025,64.7600234538786,0.12630772590637207,1,0.24167711853551171,0.28667293959441825,1,control
44,430.0,185.0,431.8700519559751,184.82999589584338,0.13148869574069977,1,1.4321401262175233,1.1849172931844538,1,control
45,227.0,78.0,228.27991036356048,77.87007372205638,0.11586825549602509,1,0.8306004671431825,0.5607743427499337,1,control
46,353.0,157.0,356.0,155.0,0.10510123521089554,1,3.1743767873121054,,1,control
47,351.0,199.0,352.0,201.0,0.16427862644195557,1,2.1939589231789456,,1,control
48,391.0,180.0,394.0,179.0,0.12955917418003082,1,2.707593646215457,,1,control
49,420.0,75.0,420.0,75.0,0.1309674233198166,1,0.4602483514473233,,1,control
50,295.0,191.0,282.0,149.0,0.1340588480234146,0,43.98081347790763,,1,control
51,280.0,202.0,284.0,138.0,0.10805083811283112,0,63.97486328419194,,1,control
52,388.0,207.0,393.1798630552883,202.58005146312266,0.1170787587761879,0,6.401559118853091,2.1629099484660186,1,control
53,440.0,203.0,441.0,205.0,0.13021625578403473,1,2.189381321487599,,1,control
54,226.0,183.0,282.0,149.0,0.1539316624403,0,65.06941641389672,,1,control
55,440.0,90.0,440.86996186444804,89.95001119598129,0.13574059307575226,1,0.4302560477142794,0.3488720351767858,1,control
56,371.0,210.0,372.0,213.0,0.13169251382350922,0,3.1703304642929373,,1,control
57,297.0,201.0,282.0,149.0,0.1303981989622116,0,54.12578984366067,,1,control
58,304.0,189.0,285.40984974241553,148.88004050768183,0.10797104239463806,0,44.29404818339673,2.353881252443201,1,check
59,636.0,139.0,636.9599908424539,139.05995249494066,0.23777855932712555,1,0.5471082284818153,0.5028367841611747,2,control
60,603.0,87.0,603.5999785017455,86.50002840281842,0.20092731714248657,1,0.4266724017237633,0.27247634713042734,2,control
61,588.0,89.0,588.5899323528985,88.71002928570717,0.1949101984500885,1,0.23725363738535044,0.22870200130952248,2,control
62,628.0,103.0,628.2799919962313,102.57002199192375,0.24734564125537872,1,0.36434006577068506,0.29880145014938875,2,control
63,493.0,79.0,493.42991129938827,78.4399063499723,0.17694911360740662,1,0.45003384161607635,0.17552384499386123,2,control
64,644.0,90.0,645.2498704674026,89.56009750057943,0.14920735359191895,1,0.8773289938668032,0.5112724786240651,2,check
65,472.0,66.0,472.32998668018666,65.87000917966081,0.2145378738641739,1,0.11679117840919673,0.6583847019903492,2,control
66,593.0,76.0,593.8399003391165,75.43014347346111,0.17767246067523956,1,0.6122888247143785,0.417797637314089,2,control
67,527.0,177.0,527.6899815179927,176.820059541469,0.1955723613500595,1,0.26191310129751305,0.133187956412078,2,check
68,604.0,186.0,604.7199248237462,185.88002307418546,0.19175417721271515,1,0.28479191482547417,0.24624645411246224,2,control
69,617.0,79.0,620.2499345634203,77.959970244848,0.15229108929634094,1,2.960583116533462,0.921181591275822,2,control
70,571.0,104.0,571.7598544811631,105.21992984372551,0.18560250103473663,1,1.3638417891259091,1.7838127321302268,2,control
71,516.0,79.0,516.7799534146421,78.85015830639932,0.1663348525762558,1,0.3388104281116518,0.470577717912909,2,control
72,520.0,204.0,521.2899884572596,203.87000876703368,0.24813206493854523,1,0.8541576357539953,0.22655969537784995,2,check
73,497.0,143.0,498.0,143.0,0.17693617939949036,1,0.570804251528233,,2,control
74,576.0,178.0,576.1199021014914,178.36000587558183,0.19900590181350708,1,0.5644341492035424,0.48091495509331933,2,control
75,542.0,166.0,542.9299624998557,165.63002603150528,0.17357635498046875,1,0.5569672415330229,0.29561311532032,2,control
76,551.0,105.0,550.8700976206793,104.70999091138378,0.14555585384368896,1,0.5998015413279237,0.2867219197039254,2,control
77,575.0,139.0,575.530024078467,138.69000892394627,0.24497488141059875,1,0.2229331810488964,0.11302287193024026,2,control
78,609.0,139.0,609.7700131065592,138.72001006690436,0.33542507886886597,1,0.37535179801984553,0.22171385051174125,2,control
79,490.0,204.0,490.57002075404233,203.84000267254999,0.22489295899868011,1,0.14144842865725454,0.2728379881740895,2,control
80,573.0,61.0,573.7700124876185,60.78000740129501,0.12299832701683044,1,0.34603768043816713,0.15080759887594683,2,control
81,493.0,178.0,493.62996252067757,177.91996562620034,0.18392214179039001,1,0.19450592438026768,0.15781465957647042,2,check
82,458.0,57.0,459.4698850047517,56.51000282204583,0.13593383133411407,1,1.0913882854909251,0.7808443432921353,2,control
83,474.0,47.0,474.7999227137953,46.74003011919493,0.11030248552560806,1,0.3837380208061245,0.19321765197383403,2,check
84,532.0,73.0,532.7700135191864,72.68001184397728,0.11786644905805588,1,0.38924194014323205,0.16548809477098808,2,control
85,448.0,200.0,449.0199910652344,199.77996555339175,0.14202933013439178,1,0.5916353116940432,0.5859699984991201,2,control
86,469.0,88.0,470.27998106161226,88.62997489949156,0.18864762783050537,1,1.1177148996610966,0.772062400610814,2,control
87,444.0,189.0,445.1499944707012,188.89000643430225,0.14288263022899628,1,0.7115889065325971,0.20883689503011413,2,check
88,521.0,128.0,522.0199377669283,127.63993766200245,0.15280681848526,1,0.6311900129383553,0.5119872128098193,2,check
89,585.0,111.0,585.8099774246554,110.70006611056913,0.28585755825042725,1,0.41768939026322527,0.4938137463331173,2,control
90,517.0,159.0,517.5200578086254,158.7699505241425,0.14612740278244019,1,0.14461662564493677,0.1570400218759098,2,check
91,617.0,118.0,614.8699078440444,117.87998019471438,0.2717091143131256,1,2.5695143791271184,0.8464869125568774,2,control
92,662.0,217.0,664.0499000535299,216.85998294007294,0.1269666850566864,1,1.6178550269325027,0.48880111132593884,2,control
93,644.0,170.0,644.4799277494249,169.62998727830555,0.15444627404212952,1,0.2706478877019775,0.4156386938117614,2,control
94,476.0,137.0,477.42998646693246,136.46002842622602,0.1689520627260208,1,1.0775207299080671,0.28117239579206454,2,control
95,570.0,197.0,570.8599732433353,196.8900581852567,0.2854820191860199,1,0.42448649488834767,0.4091805382941692,2,control
96,659.0,71.0,660.0199915810184,70.7299677747329,0.14778786897659302,1,0.6030976701499426,0.31354643148874894,2,control
97,612.0,185.0,615.0,186.0,0.18585389852523804,1,2.7926697072990385,,2,control
98,642.0,115.0,643.5799302182471,114.96001807584467,0.24235421419143677,1,1.1426286341725367,0.8482988415778049,2,control
99,499.0,107.0,500.0300471171327,106.61000732025292,0.15602445602416992,1,0.6508537042628154,0.44143175243575844,2,control
100,658.0,78.0,658.119820262507,77.68005671717802,0.20295245945453644,1,0.3889977138285733,0.4019603946632907,2,control
101,562.0,120.0,562.7499268951153,119.55003804450735,0.23010562360286713,1,0.4621122753687902,0.6970114752133605,2,control
102,551.0,128.0,552.3199033254916,127.38005147700387,0.23375700414180756,1,1.0181265422256243,0.7196333762745302,2,control
103,721.0,72.0,721.6300088043225,71.73996330735012,0.12445423752069473,1,0.2506754010174181,0.35113647112827384,3,check
104,737.0,121.0,738.0199582951282,120.65002607137988,0.11690414696931839,1,0.6358879824001458,0.2494046475025891,3,control
105,717.0,169.0,718.9599600323264,168.74002145402514,0.10811734944581985,1,1.534191416314407,0.5584763806854526,3,control
106,702.0,132.0,702.7299594190334,131.78997243325514,0.20105698704719543,1,0.3135406407414695,0.536742731347527,3,control
107,712.0,205.0,711.509926519777,205.61998803204412,0.1816827356815338,1,1.1698551614923318,0.7842613946376097,3,control
108,742.0,188.0,744.1098637925598,187.81004052285593,0.16018185019493103,1,1.6797633204365057,0.6603700207888306,3,control
109,700.0,75.0,696.0,76.0,0.1095077246427536,0,4.574062363819454,,3,control
110,699.0,161.0,700.4200991476854,160.49990674531568,0.12325001507997513,1,1.0633126015132344,0.609515213169573,3,control
111,727.0,177.0,727.6300182947465,176.82000418002713,0.19211570918560028,1,0.21275352982050066,0.30932840942197626,3,control
112,729.0,113.0,727.0,113.0,0.13026262819766998,1,2.439401581468386,,3,control
113,690.0,203.0,690.7599488021183,202.68993275858494,0.17399689555168152,1,0.38831197598392125,0.6165104580589585,3,control
114,680.0,175.0,680.8699908177534,174.44993424006873,0.14546151459217072,1,0.6254777760495216,0.39756769305121037,3,control
115,810.0,210.0,808.0,169.0,0.10786012560129166,0,40.979076521116546,,3,control
116,680.0,93.0,681.4798397210335,92.55001146380802,0.18696661293506622,1,1.097777937911703,0.6856629057481821,3,control
117,715.0,143.0,717.7099356868495,141.87006784211974,0.1652844250202179,1,2.497171671690423,1.0082778539911665,3,control
118,696.0,104.0,696.7199608948695,103.68997677278064,0.21816451847553253,1,0.3519331975857484,0.29521340797542184,3,check
119,671.0,158.0,672.8297860373865,156.9400524903357,0.1119094267487526,1,1.6918626829512162,0.9776362161849889,3,control
120,693.0,143.0,693.2699713965158,142.6099312580484,0.20680367946624756,1,0.33479048350267915,0.5730876344462236,3,check
121,708.0,195.0,708.9000104257757,194.42002473598941,0.10556716471910477,1,0.6699901806630807,0.2758693908532444,3,control
122,721.0,118.0,722.379801593715,117.37002874474663,0.13670074939727783,1,1.082603459363692,0.6337738654679568,3,control
123,700.0,184.0,698.0,182.0,0.11643661558628082,0,3.087675682434427,,3,control
124,709.0,94.0,710.0899576610134,93.41003745591485,0.22096528112888336,1,0.8162179150391011,0.5362428979795174,3,control
125,678.0,160.0,679.2699411021722,160.240002438474,0.23250091075897217,1,0.9012614836479647,0.6855458789564608,3,check
126,668.0,133.0,669.0499369499075,132.58994019281394,0.12154848873615265,1,0.6861490112145441,0.38166225701601203,3,check
127,668.0,89.0,668.6099668133878,88.58998008073831,0.19291505217552185,1,0.353538867182716,0.1499954652330733,3,control
128,746.0,42.0,743.4900771601165,43.329826166327386,0.11004956811666489,0,3.277024585334877,1.3954292185274033,3,control
129,759.0,149.0,760.4497998248756,148.2400352423311,0.126300647854805,1,1.2131572093346992,0.7349768409284341,3,control
130,739.0,142.0,739.0,141.0,0.1518843024969101,1,1.002758684303889,,3,control
131,674.0,109.0,675.7300016101578,108.70015413896051,0.1882200539112091,1,1.306650746795079,1.1473967610479554,3,check
132,725.0,93.0,726.049904695585,92.41000293214321,0.1625107079744339,1,0.78547634563704,0.4055316200610865,3,control
133,755.0,213.0,755.8996900169979,212.63985472204422,0.11194358021020889,1,0.5374870548316156,0.9167220634203348,3,control
134,748.0,208.0,749.0600449590737,207.69000407557746,0.12375316023826599,1,0.663629457155315,0.41067418774478975,3,check
135,688.0,108.0,689.2100020176134,107.90005103579756,0.22438320517539978,1,0.7714845072821842,0.5160247711779217,3,control
136,726.0,154.0,726.0,153.0,0.12532934546470642,1,1.0016429894559864,,3,control
137,746.0,130.0,747.549922885882,129.79998044784315,0.11724046617746353,1,1.1186996930268116,0.7428132860482222,3,control
138,741.0,209.0,742.4899621383986,208.55993574883877,0.14268800616264343,1,1.1124537974383568,0.6107438909026471,3,control
139,669.0,101.0,670.7399603158034,100.6599783118989,0.1901204138994217,1,1.3225938123896221,0.5340774710442323,3,control
140,760.0,163.0,756.0,163.0,0.10785569995641708,0,4.434952457094472,,3,control
141,701.0,123.0,704.5201527147706,121.4897543093266,0.13698497414588928,0,3.3906440911221942,4.771745104371465,3,control
142,70.0,232.0,67.18995528146671,232.21004737284724,0.135819211602211,0,3.2719069862258836,0.7651747223985337,4,control
143,52.0,225.0,53.139941307192885,224.7799771069515,0.13601893186569214,1,0.7006514396446072,0.20164040926502566,4,control
144,98.0,321.0,98.25995547260618,320.890062311528,0.11263229697942734,1,0.17964649222232432,0.7992151914524059,4,control
145,92.0,227.0,92.20007202520878,226.76994722312543,0.20143479108810425,1,0.2600947404672893,0.42028148855356895,4,check
146,88.0,360.0,90.0,360.0,0.21183288097381592,1,1.5711506402647755,,4,control
147,83.0,241.0,83.66997405082968,240.63002334942894,0.11987104266881943,1,0.3249616230092076,0.9193799793062077,4,control
148,114.0,333.0,116.0,335.0,0.14274173974990845,1,2.6488791325680445,,4,control
149,73.0,383.0,320.0,280.0,0.10807964205741882,0,267.16557287770917,,4,control
150,219.0,263.0,253.0,583.0,0.12088731676340103,0,321.891049435893,,4,check
151,219.0,263.0,285.0,121.0,0.14745041728019714,0,156.2891060564031,,4,control
152,185.0,386.0,285.0,121.0,0.12155569344758987,0,282.96744126970594,,4,control
153,150.0,383.0,49.09022497779854,554.0301804670072,0.1504654437303543,0,198.9219599240077,0.5122226220601872,4,control
154,286.0,281.0,88.0,460.0,0.2442404329776764,0,267.33124949539206,,5,control
155,442.0,332.0,442.5201054333086,331.45995398077923,0.13779477775096893,1,0.43130182071883894,0.5774574708097231,5,control
156,332.0,252.0,332.58010060140674,251.66994527008714,0.14559532701969147,1,0.25151641425231336,0.38443367024060426,5,control
157,418.0,438.0,420.54002322157163,436.73000725003016,0.10879947245121002,1,2.407502259204277,0.8669326516683744,5,control
158,443.0,313.0,444.36998129262633,313.21999404289994,0.16162559390068054,1,0.9979115441801152,1.1854377341088154,5,check
159,339.0,327.0,187.0,561.0,0.11904820054769516,0,279.3793992167649,,5,control
160,393.0,229.0,394.0,230.0,0.12928172945976257,1,1.2528520204816043,,5,control
161,341.0,254.0,342.04014336642564,253.8500205564384,0.12713396549224854,1,0.6042127804808737,0.5324235757206462,5,check
162,370.0,224.0,370.85989938307847,230.04974008920524,0.2090730220079422,0,6.184782574855221,1.852490096264948,5,check
163,314.0,258.0,314.3400117850499,259.6999176660535,0.1413104385137558,1,1.827043398177073,1.905476614594823,5,control
164,272.0,306.0,284.0,138.0,0.10292543470859528,0,168.2732171603686,,5,control
165,437.0,346.0,438.0799876775276,345.8499630624549,0.1714244782924652,1,0.6515858332876907,0.11608207297561969,5,control
166,410.0,252.0,411.0,253.0,0.12287961691617966,1,1.2531127190458649,,5,control
167,353.0,398.0,88.0,460.0,0.1339070349931717,0,272.60642319357083,,5,control
168,332.0,282.0,335.0,284.0,0.15120340883731842,0,3.3302259530909235,,5,control
169,290.0,271.0,285.0,121.0,0.10342825949192047,0,149.97528282922062,,5,control
170,421.0,237.0,423.0,236.0,0.10224152356386185,1,1.7957315420498083,,5,control
171,322.0,246.0,323.21013767068786,245.67003030693184,0.10374198108911514,1,0.79977828396934,0.4653224146547486,5,control
172,431.0,282.0,432.13999656547793,281.73001343943713,0.17325115203857422,1,0.7230547038355253,0.1758511359009902,5,check
173,430.0,385.0,431.0500462285962,384.6100075265665,0.10619489848613739,1,0.6790639358388275,0.41187838674178073,5,control
174,436.0,247.0,437.06992031213395,246.8100742213733,0.12337874621152878,1,0.6389913528732158,0.51668128006644,5,control
175,411.0,425.0,413.0998348708956,424.3501155985388,0.10484541952610016,1,1.756167102289584,1.004736702156994,5,control
176,227.0,322.0,285.0,121.0,0.14568449556827545,0,208.95891469949112,,5,control
177,384.0,257.0,381.0,257.0,0.10975350439548492,0,3.437706166310873,,5,control
178,362.0,430.0,281.48003331446944,148.01003861840186,0.11405166238546371,0,293.26335668292035,1.2806868507661269,5,check
179,440.0,259.0,441.0,260.0,0.1154014840722084,1,1.2520828041374628,,5,control
180,322.0,281.0,320.0,280.0,0.16643084585666656,1,2.5879499458150814,,5,check
181,430.0,260.0,434.0,259.0,0.12763696908950806,0,3.673181062563663,,5,control
182,414.0,406.0,414.5798876482463,405.7800363883511,0.10252243280410767,1,0.1827320699438998,0.5833487706061491,5,control
183,362.0,360.0,285.0,121.0,0.1698882132768631,0,251.11700816185254,,5,control
184,393.0,279.0,393.0,279.0,0.10709485411643982,1,0.4503817744905413,,5,control
185,225.0,249.0,246.1201668750123,159.8397346336673,0.15124012529850006,0,91.40282493373034,2.6560961510860888,5,control
186,297.0,276.0,285.0,121.0,0.12999460101127625,0,155.37563529593453,,5,control
187,357.0,228.0,358.3899718420769,228.04995737495057,0.12292256951332092,1,0.9674797552897352,0.2601797808232945,5,control
188,349.0,410.0,88.0,460.0,0.13091957569122314,0,266.1943268931714,,5,control
189,265.0,238.0,282.0,149.0,0.10361887514591217,0,90.40455514724839,,5,control
190,378.0,371.0,285.0,121.0,0.1431625485420227,0,266.77760817166654,,5,control
191,374.0,353.0,286.0699109942727,125.01983244194804,0.10856978595256805,0,244.39480800340976,1.6453004484311564,5,control
192,255.0,256.0,285.0,121.0,0.14802305400371552,0,138.07642894627645,,5,control
193,435.0,361.0,435.7400153677749,360.6300137558481,0.20039987564086914,1,0.40003474579183135,0.45170910423320443,5,control
194,425.0,408.0,424.0,410.0,0.1309463530778885,1,2.555499570433552,,5,check
195,334.0,439.0,282.0,149.0,0.12597951292991638,0,294.58151766077094,,5,control
196,372.0,341.0,290.0,104.0,0.10747633129358292,0,250.81497927945765,,5,check
197,358.0,386.0,88.0,460.0,0.13774427771568298,0,280.40856359965034,,5,control
198,664.0,435.0,664.2598786545534,435.02993312698266,0.11957234144210815,1,0.2102215343717119,0.3354006422783462,6,control
199,579.0,439.0,579.7499704966839,438.6300241746832,0.129844069480896,1,0.418115169685164,0.1898064228815042,6,control
200,660.0,386.0,658.7500468683587,386.83994978687093,0.16075590252876282,1,1.9215272283410907,1.109366831209597,6,control
201,614.0,323.0,614.8100092663506,322.92000159416693,0.16654109954833984,1,0.383940941041836,0.18435691445126798,6,control
202,459.0,286.0,459.3300884284302,284.6200440818327,0.17716386914253235,1,1.2677372788979042,1.5365862423864374,6,control
203,573.0,222.0,574.2399919164822,221.7500135824685,0.25376346707344055,1,0.8184266064198013,0.23164758063863503,6,control
204,476.0,393.0,478.0,392.0,0.154156893491745,1,1.8049463927082177,,6,control
205,596.0,436.0,596.5800154614053,436.3099818951,0.1340494602918625,1,0.4502228492994537,1.8279404749691166,6,control
206,584.0,321.0,584.849956357264,320.56998344503756,0.18981510400772095,1,0.5300267858651175,0.21693035325222312,6,control
207,511.0,334.0,511.98982376854474,333.90004560223883,0.181504487991333,1,0.561579905416005,0.8620127491481981,6,control
208,547.0,378.0,547.4599818331108,377.7800145191131,0.21106907725334167,1,0.1126354079677564,0.19533446697149892,6,control
209,501.0,242.0,502.36994872883355,242.07005544942453,0.14580726623535156,1,0.9535542044895148,0.28478332280435126,6,control
210,655.0,268.0,655.3500000272862,267.49007069498987,0.13889342546463013,1,0.4134030234302326,0.6207012588658571,6,check
211,492.0,306.0,492.77999925190915,306.0199524151915,0.15843722224235535,1,0.37459214622828113,0.24939208740839372,6,control
212,460.0,348.0,461.71996429904334,347.35999143363216,0.25768929719924927,1,1.3930935444032058,0.6179929887516737,6,control
213,592.0,298.0,592.1700089525254,298.40007283658184,0.27500826120376587,1,0.5708546926752227,2.1255232858108086,6,control
214,594.0,267.0,594.7199681158444,266.9900078715566,0.12870191037654877,1,0.30527024445524936,0.3376124497690691,6,check
215,557.0,341.0,557.6700186839661,340.61001392228707,0.29641351103782654,1,0.36948906535110126,0.17272917966804197,6,control
216,611.0,313.0,611.880060486347,312.960034650336,0.23324954509735107,1,0.45738338784354793,0.2432795866937505,6,control
217,517.0,296.0,517.7900554069641,295.8399946263209,0.21237996220588684,1,0.36251404454160463,0.1542026700162939,6,control
218,644.0,303.0,643.0,298.0,0.11944033950567245,0,5.098469343931804,,6,check
219,573.0,237.0,573.6699726066347,236.77001712967373,0.2022937387228012,1,0.2662286845380249,0.14442039789902045,6,check
220,555.0,259.0,549.5501709817547,261.5898390297603,0.20412111282348633,0,6.472096108464154,0.675013002181839,6,control
221,561.0,373.0,562.8700640253187,372.6600478752261,0.14750993251800537,1,1.46284985567328,1.073249475816176,6,control
222,445.0,231.0,446.0300105302254,230.8500514003166,0.14363998174667358,1,0.595081994133689,0.23598287999432466,6,control
223,632.0,345.0,633.4901135744609,344.79998299301195,0.10254979133605957,1,1.0687640935963407,0.48241790433183007,6,control
224,625.0,241.0,392.0,429.0,0.10134665668010712,0,299.7959348350995,,6,control
225,509.0,396.0,511.8299788055681,394.4800760907837,0.11459477245807648,1,2.7852725706630714,2.0103050714724797,6,check
226,462.0,260.0,462.55001452476074,259.5299718117287,0.17579421401023865,1,0.372911605928267,0.3004962651017934,6,control
227,473.0,257.0,473.69001820805676,256.57001590567353,0.16213443875312805,1,0.40606936203261906,0.4290320056689572,6,control
228,513.0,410.0,513.8600084892045,409.78000832970605,0.12071600556373596,1,0.44850767945017384,0.17019722990980277,6,control
229,481.0,379.0,481.3300301785984,378.95999486556843,0.20725129544734955,1,0.1232109036187465,0.5027055757057051,6,control
230,572.0,292.0,573.5299368753299,291.53003666359456,0.21160757541656494,1,1.1576765495995793,0.6457160327362734,6,control
231,502.0,326.0,503.31977437760804,325.96010108330444,0.18050114810466766,1,0.8938259684538894,0.5981904996081486,6,control
232,548.0,356.0,549.2600276148529,355.5099697087184,0.2168428897857666,1,0.9151948593526209,0.34762104683881667,6,control
233,467.0,417.0,467.95996023864,416.7200223425616,0.1730169653892517,1,0.559479166448069,0.28948062874874575,6,control
234,525.0,358.0,523.0301236951211,358.7999338209771,0.24399323761463165,1,2.5649347980423767,0.40785238963467724,6,check
235,466.0,383.0,467.0,383.0,0.19710326194763184,1,0.5856164308747314,,6,control
236,575.0,344.0,575.7300134394371,343.86000343452207,0.29102978110313416,1,0.3048591759890364,0.1268729227646625,6,control
237,593.0,342.0,593.9898841509182,341.65990235285113,0.18198047578334808,1,0.6089235646520798,0.5574290355129713,6,check
238,544.0,305.0,544.8298662258622,304.7799945404479,0.15012739598751068,1,0.4147498032903996,0.2714694624287414,6,check
239,657.0,345.0,658.4700250935679,344.8500011967139,0.18702495098114014,1,1.0460614404301636,0.3107053279944334,6,control
240,638.0,393.0,639.719960688556,392.7099758842442,0.14440244436264038,1,1.3103125929864565,0.43768420264419705,6,check
241,495.0,422.0,496.049931413192,421.8201179976143,0.10977325588464737,1,0.6296346568544059,0.6429942564496425,6,control
242,550.0,270.0,550.7100143279736,269.8600032282085,0.16331365704536438,1,0.2800545826287735,0.1976397427343519,6,control
243,548.0,412.0,544.8002069839482,415.3298428439755,0.10656242817640305,0,4.998243563487091,1.8095222681904524,6,check
244,630.0,299.0,631.2001294497863,298.5099928852439,0.18728987872600555,1,0.8620116312750418,0.46696221693470963,6,control
245,468.0,322.0,468.5899765734077,321.7300180814924,0.23994207382202148,1,0.2216792757952816,0.32893950328097904,6,control
246,553.0,248.0,553.0,248.0,0.21643409132957458,1,0.44654084413558315,,6,control
247,560.0,414.0,559.0,415.0,0.11425554007291794,1,1.8062406156464,,6,control
248,699.0,420.0,700.7198844200378,419.4900507163247,0.1347247213125229,1,1.3620229496568794,0.3204088733819265,7,control
249,819.0,427.0,817.919780870497,429.35984673651154,0.10765060782432556,0,2.8775421524367606,1.6807581007313963,7,control
250,683.0,345.0,684.6500071936886,344.8099604037861,0.11447413265705109,1,1.2286243047662644,0.2112218693941721,7,control
251,671.0,414.0,671.5499782473238,413.740017224597,0.11956743896007538,1,0.20105928415037627,0.31720741721589274,7,control
252,744.0,248.0,745.2201069320761,248.3001015905142,0.115138940513134,1,0.8858478890026014,0.5788262809981878,7,control
253,746.0,362.0,746.8700531938565,361.7100012270621,0.15186728537082672,1,0.48627784781342626,0.275108373806785,7,control
254,759.0,376.0,760.509925075582,375.7599818122889,0.1334863156080246,1,1.0978209757284414,0.5054669990836582,7,control
255,723.0,281.0,723.72996877255,280.1898110663792,0.11020278185606003,1,0.7715351474990211,0.5510602940023857,7,check
256,689.0,438.0,688.1800704379824,439.00993635437436,0.14054492115974426,1,1.6669344319489758,0.593707806900005,7,check
257,787.0,288.0,788.0100039914735,287.5700192066906,0.2614081799983978,1,0.6725738745910286,0.14588489710094837,7,control
258,714.0,311.0,715.190082475685,310.7999902139868,0.15433785319328308,1,0.77056101810366,0.30613003838777564,7,control
259,680.0,282.0,680.9799011002717,282.05997333261087,0.16270355880260468,1,0.5752401640003224,0.1917586987347124,7,control
260,719.0,407.0,720.5098912739079,406.7300378875948,0.23351697623729706,1,1.1026100320871244,0.3711010698868357,7,control
261,796.0,302.0,797.0999979299237,301.7700112497371,0.1016327291727066,1,0.688296079831847,0.11789993380749328,7,check
262,713.0,328.0,714.1900234343497,327.9101392388614,0.14208193123340607,1,0.7652834099357065,0.24781569914955487,7,control
263,667.0,285.0,669.0,285.0,0.18093660473823547,1,1.575132187994606,,7,control
264,676.0,309.0,676.5600490506421,309.1401225218148,0.12076257169246674,1,0.2779993844126982,0.7565771200232699,7,control
265,722.0,346.0,724.1699984305335,345.42002752122255,0.23335254192352295,1,1.8107257748203476,0.5734998224315222,7,control
266,706.0,314.0,706.6899606803224,313.83996979928685,0.1899775266647339,1,0.2704157273792081,0.14783309590332389,7,control
267,750.0,300.0,750.8698622824969,299.9899856234422,0.14173315465450287,1,0.45293024657921155,0.4884680028774464,7,control
268,749.0,262.0,749.8699964913765,261.8999586748213,0.26299232244491577,1,0.44190188762625,0.10322135850156365,7,control
269,740.0,327.0,741.4397860335077,326.6199738301588,0.11935786157846451,1,1.0532430276445668,0.4477865642915299,7,control
270,701.0,379.0,699.7999333389439,379.7100758788224,0.16017232835292816,1,1.8148017633694749,0.7941584498814684,7,control
271,725.0,380.0,725.8699206354855,379.64003528397467,0.2059376984834671,1,0.517211348466493,0.24511602648877906,7,control
272,690.0,380.0,691.3399885053676,379.65001905671863,0.15087394416332245,1,0.9501251932402158,0.27614236093684874,7,check
273,747.0,274.0,744.2001308939813,275.36999910499907,0.229154571890831,0,3.5459110881390323,3.780107204991605,7,control
274,672.0,395.0,673.1199963192898,394.8400083461731,0.1633811593055725,1,0.7004820438297412,0.45080224086669857,7,check
275,701.0,354.0,702.3499380638103,354.1900054850694,0.2074941098690033,1,0.9717195339469648,0.45369778445076037,7,control
276,727.0,308.0,728.5199352564624,307.73002767507325,0.26461318135261536,1,1.1071918881658476,0.46075889415718585,7,control
277,701.0,395.0,701.6199746216623,394.7900157253534,0.2572499215602875,1,0.2253920266962299,0.38274080321335263,7,check
278,695.0,269.0,696.190025257421,269.03994544040484,0.17929941415786743,1,0.7743993450822555,0.12472668715865663,7,check
279,800.0,408.0,802.1999788389783,408.1899491952165,0.15362809598445892,1,1.8048282326309817,0.823159892661705,7,control
280,754.0,287.0,754.6499303062297,286.6500325702572,0.20503142476081848,1,0.3362390353392706,0.33533036913849945,7,control
281,760.0,337.0,760.8800054343756,336.9899992063868,0.1789064258337021,1,0.4652748356642375,0.336625965098058,7,control
282,716.0,233.0,716.959847762091,233.00994123649397,0.16401594877243042,1,0.5406497219926846,0.9226947025546139,7,check
283,727.0,323.0,728.3800205299689,322.67996339403993,0.24610674381256104,1,0.9799508151026155,0.2294979864630945,7,control
284,743.0,419.0,744.4299750165295,418.56997911245264,0.15413743257522583,1,1.0630818723856064,0.38207046634368935,7,control
285,729.0,390.0,729.6999814863516,389.7800614216987,0.21982967853546143,1,0.3029762366811313,0.2686024413674688,7,control
286,671.0,348.0,671.9400501871357,347.70000239342784,0.1685589700937271,1,0.5512789693735445,0.16121322408353045,7,control
287,744.0,347.0,746.0901004319059,346.49004738155685,0.1029861569404602,1,1.7165840724445207,0.6311861385155784,7,control
288,775.0,337.0,775.7298711843285,336.72999573022116,0.163729727268219,1,0.35150446603270574,0.3735996699588103,7,control
289,760.0,228.0,758.9400389430464,229.78995396819093,0.12882232666015625,1,2.4044350422253293,0.92428325902975,7,control
290,756.0,237.0,756.9200159329598,236.80005248693314,0.16712190210819244,1,0.5011195056463019,0.16264893825549362,7,check
291,680.0,427.0,681.0,428.0,0.18121716380119324,1,1.248970625951081,,7,control
292,689.0,252.0,689.7000247784498,251.89004621906983,0.17734450101852417,1,0.2702723657066236,0.25486546796051607,7,control
293,694.0,235.0,695.0799511937771,235.08000758678676,0.1915832906961441,1,0.6740048032989434,0.5276408616312053,7,control
294,175.0,458.0,25.16005856882853,729.9400828540852,0.11048828810453415,0,310.821339941685,1.028596994052616,8,control
295,49.0,519.0,190.0,801.0,0.13570590317249298,0,315.2315311217858,,8,control
296,202.0,509.0,158.0,762.0,0.15980105102062225,0,257.0096782732266,,8,control
297,175.0,515.0,83.0,524.0,0.10277890413999557,0,92.87658244397187,,8,control
298,201.0,541.0,25.030058154908502,730.5400548569534,0.13271671533584595,0,259.0252545146784,0.6804252845309546,8,check
299,217.0,538.0,27.15999890855254,727.1102292133505,0.10674963891506195,0,268.35886729872897,0.5201255861310222,8,control
300,425.0,528.0,426.06994390128654,527.8299741635128,0.13978227972984314,1,0.6531619802146557,0.28846949349583434,9,control
301,428.0,544.0,428.6400622773011,543.8199939675056,0.1338861882686615,1,0.2297216398600553,0.3008954694483389,9,control
302,418.0,491.0,419.499970462457,490.70997361479493,0.13064123690128326,1,1.0920309810643316,0.255427833255892,9,control
303,434.0,501.0,435.8200004663829,500.72996571159723,0.13466696441173553,1,1.407901440585686,0.47645178567717605,9,control
304,240.0,533.0,190.0,801.0,0.17512322962284088,0,272.8392995109241,,9,control
305,409.0,663.0,409.8199677994334,662.5900266738536,0.14421997964382172,1,0.49773283148541675,0.2259740819428108,9,control
306,393.0,649.0,394.7399038533877,648.5201384434793,0.11705641448497772,1,1.3740529486823745,0.822128505207629,9,control
307,401.0,445.0,402.0,445.0,0.1543746441602707,1,0.5890608743539707,,9,control
308,243.0,458.0,158.0,762.0,0.12031084299087524,0,315.90857701152413,,9,control
309,274.0,599.0,88.0,460.0,0.15852265059947968,0,232.45936026652512,,9,control
310,297.0,565.0,203.0,792.0,0.1344643533229828,0,245.97967430129668,,9,control
311,275.0,555.0,88.0,460.0,0.11966497451066971,0,210.0659725059493,,9,check
312,243.0,465.0,158.0,762.0,0.13472318649291992,0,309.17505812190814,,9,control
313,362.0,532.0,152.94024305847415,760.230026438144,0.1184944212436676,0,309.89066720971715,1.6234557267343483,9,check
314,284.0,476.0,200.0,765.0,0.10970774292945862,0,301.2100689840716,,9,control
315,443.0,533.0,443.0,532.0,0.11113399267196655,1,0.9722283069489498,,9,control
316,285.0,523.0,318.9801797999584,611.1897620669072,0.12445124983787537,0,94.48368532879483,1.3952520164686422,9,check
317,229.0,459.0,161.5698469667088,761.460060817456,0.10283792018890381,0,310.114759259347,0.77380322816851,9,control
318,302.0,457.0,89.9698897846667,462.19992258287607,0.1804485023021698,0,212.52622401057934,1.2572482715097986,9,control
319,634.0,560.0,635.2399487275406,559.6300292293656,0.1935235559940338,1,0.8669962557530038,0.3504894776813383,10,control
320,620.0,610.0,621.2799899330956,609.7700131065592,0.1781427264213562,1,0.8780751809644638,0.23385153853717686,10,control
321,566.0,560.0,566.6200209053072,559.6100134065032,0.12479733675718307,1,0.34347908333030036,0.24895656387325407,10,check
322,511.0,562.0,511.96979291854274,561.6701103565956,0.19554482400417328,1,0.5938842661418281,0.33014350379315205,10,control
323,541.0,623.0,542.0699474086172,622.4899892686326,0.15256202220916748,1,0.7671476141766482,0.37395822408086266,10,control
324,586.0,448.0,587.1799944789346,447.7600125192596,0.13123372197151184,1,0.7705924850107301,0.2815920665035139,10,control
325,538.0,572.0,538.8599216986944,571.5800378464273,0.13818860054016113,1,0.5392926381843403,0.4281340093884196,10,control
326,557.0,486.0,555.6299229422235,486.4499968224854,0.20432090759277344,1,1.87547541106752,0.41324554922786805,10,control
327,561.0,606.0,561.6700162082033,605.8500032598496,0.18065008521080017,1,0.2610327340291655,0.6118046251480708,10,control
328,481.0,568.0,482.20004286558986,567.2900232905015,0.19992873072624207,1,0.9817135244639646,0.7974133941707487,10,check
329,533.0,546.0,534.1500074684559,545.630062412099,0.10978175699710846,1,0.7770473955688632,0.3484322376814821,10,control
330,496.0,573.0,497.3199044602162,572.2700563639544,0.23194730281829834,1,1.091934412742342,0.5031840740740016,10,control
331,555.0,545.0,552.0,546.0,0.10676629841327667,0,3.5926203482144996,,10,control
332,447.0,473.0,449.2199744768619,472.220136091695,0.15243664383888245,1,1.9156294883013651,0.8954416924908909,10,control
333,593.0,470.0,593.6700833989245,469.94988933216496,0.13402733206748962,1,0.25889965674018833,0.39569197637665454,10,check
334,625.0,466.0,626.929896616422,466.70994393939213,0.15796442329883575,1,1.7196682854152479,0.856539905145544,10,check
335,628.0,488.0,629.2999547271011,487.79006716683745,0.18557564914226532,1,0.8886735937132362,0.6078106551075948,10,control
336,619.0,588.0,620.319890740364,587.5999972762801,0.16464577615261078,1,0.9531558741084718,0.5676829636772172,10,control
337,603.0,613.0,604.2602129557462,612.769961321854,0.1393936723470688,1,0.858188176517877,0.3198175633788675,10,control
338,506.0,448.0,505.0,448.0,0.13410146534442902,1,1.4265069172080242,,10,control
339,575.0,500.0,573.2299800850931,499.93996061139256,0.1409299075603485,1,2.187948175239472,0.3440787875714547,10,control
340,516.0,616.0,520.0,617.0,0.10587096959352493,0,3.759185327516486,,10,control
341,577.0,637.0,577.8599639592248,636.7900182011161,0.19042550027370453,1,0.4606561495642623,0.1635335612781382,10,control
342,585.0,539.0,583.619963377573,538.8799673001165,0.14628885686397552,1,1.794778372525305,1.070332755160878,10,control
343,617.0,553.0,617.0401237666368,552.749936145475,0.1406770944595337,1,0.3978018820228411,0.35955727304370516,10,control
344,599.0,582.0,599.310021989338,582.8399555636507,0.15117676556110382,1,0.9591511366928618,0.6201798663927413,10,control
345,538.0,474.0,539.3499376511832,474.2300037079965,0.1262405812740326,1,0.9924563949578481,0.9078573335643152,10,control
346,559.0,635.0,561.279950664112,634.2700456356489,0.13712766766548157,1,1.9683542060171728,0.3607138358588811,10,control
347,531.0,483.0,531.6000176675724,483.00999542946045,0.16340263187885284,1,0.22040883994803345,0.24233515976137524,10,control
348,468.0,542.0,468.0,543.0,0.16716359555721283,1,1.1958442669725686,,10,check
349,618.0,522.0,618.0,528.0,0.1857389658689499,0,6.12564426751827,,10,control
350,453.0,520.0,453.2198891999529,517.1799704771549,0.1962122917175293,1,2.7060721338626776,3.241894371589598,10,check
351,466.0,594.0,466.75997056819955,593.5800264991811,0.1010296568274498,1,0.4568417945587276,0.31109470682677876,10,control
352,650.0,523.0,651.7500045046716,522.6399689879138,0.12790518999099731,1,1.3589302977393045,0.6122977202312565,10,control
353,635.0,647.0,636.1699845043678,646.7699675450117,0.1380826234817505,1,0.7717038104537703,0.23580485649026126,10,control
354,479.0,603.0,479.0,603.0,0.11067891865968704,1,0.4304014225675236,,10,control
355,658.0,448.0,658.9200075772603,447.61001650120664,0.18852446973323822,1,0.5753553657732583,0.3630589164136397,10,control
356,528.0,599.0,529.269977482766,598.0199574698738,0.11121902614831924,1,1.2158706423645367,0.41306488353539544,10,check
357,517.0,596.0,517.609975788028,595.7200187320742,0.164142906665802,1,0.2547340019788818,0.1199183153889189,10,control
358,538.0,645.0,538.790054994337,644.879992849248,0.13509425520896912,1,0.3808085288260253,0.3017666879293177,10,control
359,547.0,651.0,548.4899965590134,650.5298823391423,0.14490650594234467,1,1.1371182097269608,0.48271029270496296,10,control
360,466.0,508.0,471.0,505.0,0.14339053630828857,0,5.411151033438022,,10,check
361,645.0,608.0,644.5599438982247,607.7200729587914,0.1055929884314537,1,0.8659946541537891,0.7568698577736512,10,control
362,648.0,554.0,648.3400544919582,550.5601015931001,0.17128880321979523,0,3.330481532505536,0.6566544543411428,10,check
363,478.0,614.0,481.0,611.0,0.21297040581703186,0,3.8706340039696157,,10,control
364,522.0,548.0,524.0,544.0,0.12390631437301636,0,4.193310916655961,,10,control
365,654.0,612.0,655.0899549789369,611.6700259049409,0.10890466719865799,1,0.7153254407459866,0.8302450276500111,10,control
366,460.0,535.0,461.0,534.0,0.1352933645248413,1,1.0544317038510003,,10,control
367,507.0,469.0,507.11003892093163,469.0599881534369,0.14775599539279938,1,0.35733508458048086,0.4892764237936239,10,control
368,805.0,550.0,805.7999684816563,549.6100255790036,0.11561452597379684,1,0.4857184414084858,0.1906182553883595,11,control
369,805.0,486.0,805.7799664818028,485.8900129331796,0.1322072595357895,1,0.36654462652063774,0.17234317325389517,11,check
370,775.0,635.0,777.2000100954835,633.1600838084896,0.10563388466835022,1,2.496811993973265,0.4003028423400031,11,control
371,724.0,551.0,724.9799747898703,550.5298873938247,0.10942244529724121,1,0.6754863831227371,0.3215368460719673,11,control
372,808.0,576.0,809.2398149312883,575.6800579550594,0.1099243015050888,1,0.8600182785084661,0.9191788983881232,11,check
373,689.0,563.0,689.5099468416632,562.6500755528851,0.1416770964860916,1,0.2613076952829627,0.1842095614751466,11,control
374,748.0,594.0,748.4999596309947,593.759926966631,0.11974506825208664,1,0.16324245445984195,0.3492292751178789,11,control
375,716.0,535.0,716.0,535.0,0.10811250656843185,1,0.425747141263205,,11,control
376,671.0,565.0,671.1799497426415,564.7900215021332,0.1607246994972229,1,0.25253361915935946,1.1782840814439717,11,control
377,752.0,579.0,753.4000181972375,578.8199573805983,0.13319797813892365,1,0.9938753450515293,0.3903294468811653,11,control
378,794.0,584.0,795.5199677170984,583.8899658242805,0.12308319658041,1,1.1121020514578557,0.34184817847227716,11,control
379,817.0,625.0,817.7299058112569,624.6799432090612,0.16861280798912048,1,0.3915637059449875,0.25755463038369897,11,check
380,734.0,573.0,735.9499637776117,572.4200355674517,0.19642460346221924,1,1.6116761731951201,0.364489996472877,11,control
381,769.0,599.0,769.3600223469164,598.5899671861404,0.11437805742025375,1,0.30980585886957,0.3469961628673235,11,control
382,705.0,598.0,705.769959292469,597.6299799541739,0.14932478964328766,1,0.44636214731497265,0.2866871486771895,11,check
383,735.0,600.0,736.0599111628213,599.7400328012712,0.11778061836957932,1,0.6697650987941224,0.28466346405910314,11,control
384,717.0,597.0,717.2499939479767,596.5100243480628,0.1427491307258606,1,0.41456758841378033,0.4256649314076459,11,control
385,696.0,654.0,696.6899725433525,653.6900208901332,0.1495586633682251,1,0.3480066086145226,0.18757926461948124,11,control
386,707.0,616.0,708.6698166654247,615.6601521329832,0.10089627653360367,1,1.2832746866068545,0.9150388763694024,11,control
387,705.0,571.0,706.2399473865025,570.7600234538786,0.16656360030174255,1,0.8400921658495057,0.2310015028881076,11,control
388,694.0,626.0,695.539848162606,625.7798582684327,0.1369236260652542,1,1.1379693711714016,0.8558863571655293,11,control
389,744.0,619.0,747.0299111545878,617.870026716314,0.11854849010705948,1,2.8160298202797094,1.383447806435612,11,control
390,843.0,630.0,836.0,604.0,0.10539624094963074,0,26.938028420373314,,11,control
391,774.0,583.0,776.169846169217,582.2599767229035,0.14724373817443848,1,1.8730695129527979,0.6211204003733285,11,check
392,747.0,566.0,747.6899719244118,565.7500182245237,0.1920241415500641,1,0.3155661021939996,0.2349618869992664,11,check
393,672.0,452.0,673.15994062497,451.7599782018015,0.15057997405529022,1,0.7536027532269975,0.3867203216742831,11,check
394,786.0,657.0,786.3199079675469,656.9300714690742,0.15684448182582855,1,0.09045269113321382,0.20878705865085015,11,control
395,719.0,564.0,720.4499273285643,563.7999794162753,0.1631731539964676,1,1.0435931701371959,1.084469132690052,11,control
396,723.0,575.0,725.5099727002652,574.4499852689257,0.136079341173172,1,2.1465590062914934,0.4836489120795452,11,control
397,694.0,589.0,693.9199188267715,588.6000375768315,0.14575733244419098,1,0.5699975098941664,0.7692858686680552,11,check
398,802.0,596.0,803.0700029763726,595.410026933923,0.12690287828445435,1,0.8232893326699775,0.46975418979002015,11,control
399,818.0,610.0,819.0298153894377,609.5400175816993,0.10982993245124817,1,0.7197588154525074,0.34926511083375816,11,control
400,755.0,656.0,753.0,657.0,0.11559886485338211,1,2.646528271117823,,11,control
401,753.0,635.0,751.0,638.0,0.11232944577932358,0,3.9283926439653984,,11,control
402,814.0,634.0,810.0,641.0,0.12772566080093384,0,8.356988173710585,,11,control
403,667.0,479.0,667.7201683113144,478.81006345931706,0.11342447996139526,1,0.3144350805752196,0.3257571660765866,11,control
404,817.0,660.0,818.16977750055,659.6098826355483,0.13920527696609497,1,0.8191503307573501,0.9529988683954438,11,control
405,736.0,631.0,738.15999732745,630.5700207540424,0.14093643426895142,1,1.7833861847652437,0.6154364079924033,11,control
406,668.0,547.0,668.5599784219963,546.6800199933632,0.10276030004024506,1,0.25741856673535113,0.5164079544428672,11,control
407,793.0,656.0,793.5699743672407,656.030004547132,0.14658476412296295,1,0.21334919350986709,0.5179860423259234,11,control
408,688.0,480.0,685.010059112851,479.8398532996233,0.1013021394610405,0,3.4066538225712097,0.8652991176405574,11,control
409,67.0,811.0,156.14017554440142,867.3001793032273,0.050701264292001724,0,105.1683432326005,2.6607383427923113,12,control
410,147.0,869.0,286.0,630.0,0.06628333777189255,0,276.15754358914626,,12,check
411,164.0,691.0,166.0,853.0,0.05609079450368881,0,162.15289849625916,,12,control
412,179.0,856.0,265.0,788.0,0.07835745066404343,0,109.23188206502115,,12,control
413,147.0,816.0,324.0,944.0,0.06318328529596329,0,218.19332632261495,,12,control
414,167.0,683.0,326.0,886.0,0.05127231404185295,0,257.7180002227039,,12,control
415,125.0,787.0,315.0,747.0,0.05647249147295952,0,193.7385180574414,,12,check
416,140.0,802.0,310.0,926.0,0.05789877846837044,0,210.17951429082748,,12,control
417,105.0,854.0,313.24994395068757,683.0500106732568,0.07587070763111115,0,269.0266816252475,1.345299376382282,12,control
418,105.0,678.0,26.0,612.0,0.0654958114027977,0,103.1703506062954,,12,control
419,165.0,872.0,324.0,607.0,0.0641346126794815,0,308.7145722810172,,12,control
420,204.0,762.0,217.0,911.0,0.061635151505470276,0,149.67444827970286,,12,control
421,413.0,837.0,412.36004566034944,833.33006759076,0.11788804829120636,0,3.689756922837424,2.5978274517369044,13,control
422,393.0,856.0,392.87996451488334,855.650024627185,0.120330311357975,1,0.5635676285800618,0.24833649654258455,13,control
423,431.0,700.0,92.0,961.0,0.12523406744003296,0,428.2427388845255,,13,control
424,400.0,831.0,399.0,830.0,0.10047730058431625,1,1.6487183645298955,,13,check
425,411.0,877.0,411.27998508472683,876.2399922259525,0.12939193844795227,1,0.6401668101233926,0.3142441635712628,13,control
426,443.0,697.0,190.0,801.0,0.11755239218473434,0,273.9719552822108,,13,control
427,261.0,665.0,157.0,829.0,0.12958627939224243,0,194.5357573740488,,13,control
428,616.0,750.0,617.0199573667171,749.7400220729659,0.17224299907684326,1,0.6350660973151814,0.5231443452187885,14,control
429,651.0,814.0,651.5599794535641,813.5800244360455,0.21625417470932007,1,0.34569093532777334,0.22598816706385802,14,control
430,658.0,699.0,659.0499428298441,699.019965516103,0.14574073255062103,1,0.659717921489339,0.36416909588146096,14,check
431,658.0,858.0,659.0899571452294,857.4600352345738,0.14645342528820038,1,0.8150263420419127,0.2080548593473537,14,control
432,585.0,834.0,585.0,834.0,0.14859133958816528,1,0.4146117997417,,14,control
433,623.0,725.0,623.7298484204301,724.6300993422275,0.12675154209136963,1,0.41459209813087444,1.1621391720697563,14,control
434,584.0,780.0,586.5699047007566,779.1701078123791,0.11412926763296127,1,2.2833310841349164,1.0048412162059168,14,control
435,565.0,881.0,565.5699798345502,880.5000280933481,0.1450420618057251,1,0.41702828433750694,0.3331714583470711,14,control
436,533.0,693.0,534.5000225228817,692.9699961749656,0.17076249420642853,1,1.0972560626550663,0.6251438002820061,14,control
437,519.0,700.0,519.5499697884676,700.5599807946023,0.13768921792507172,1,0.695840803453419,1.2688225622146811,14,control
438,644.0,705.0,643.0,705.0,0.13179786503314972,1,1.4081938413719717,,14,control
439,521.0,672.0,523.0,671.0,0.1435069441795349,1,1.8189979452174292,,14,check
440,638.0,813.0,638.7299642674022,812.3199933138619,0.22971266508102417,1,0.6549153256124123,0.371831784139931,14,control
441,639.0,724.0,640.1499834666762,723.6501606928865,0.12580282986164093,1,0.7837378526675571,0.38666842952635033,14,control
442,544.0,702.0,544.7299215942447,702.1500111821001,0.11779361218214035,1,0.421538669032168,0.4187824543318625,14,control
443,544.0,674.0,545.0099554383793,673.9700117516398,0.13877952098846436,1,0.6090848615802649,0.26577863224366993,14,control
444,663.0,744.0,665.0,744.0,0.11191804707050323,1,1.6031465950918575,,14,control
445,644.0,795.0,645.5699701378126,794.4399863321346,0.22823773324489594,1,1.2533845512290864,0.3989618465651093,14,control
446,632.0,781.0,632.3700327341104,780.5400139374611,0.2100655883550644,1,0.34556771252260443,0.31726823905813933,14,control
447,564.0,779.0,564.6199767879548,778.5800250549861,0.1595470905303955,1,0.37181407844202635,0.5662203810730353,14,control
448,584.0,731.0,584.2399294372223,730.4999461512069,0.19623823463916779,1,0.41588587836584423,0.16827731367292767,14,control
449,487.0,856.0,487.63989075941686,855.2200618863126,0.10851790010929108,1,0.6975597438776087,0.46392453099300573,14,control
450,473.0,879.0,473.98989560132117,878.5499516666245,0.11289915442466736,1,0.675598238466427,0.49983502935850005,14,check
451,567.0,727.0,567.3299877117545,726.7700136223431,0.184417262673378,1,0.1336876717514784,0.5282028112134529,14,control
452,565.0,718.0,565.8599534372329,717.8099728857569,0.14172518253326416,1,0.4611994184684731,0.39762203552318387,14,control
453,494.0,861.0,496.0,858.0,0.10972996056079865,0,3.2912387312754627,,14,control
454,584.0,859.0,586.7798619483261,859.4099660357656,0.1095193400979042,1,2.4425878010998963,2.117833730330941,14,control
455,548.0,737.0,547.0,741.0,0.10078011453151703,0,4.35244464145703,,14,control
456,541.0,748.0,541.0,748.0,0.12270139902830124,1,0.4206508022567085,,14,control
457,533.0,711.0,533.6199533713649,710.8499242060983,0.1338946670293808,1,0.21662719393220062,0.7828761920401665,14,control
458,590.0,758.0,591.0299600171523,757.4400355041695,0.10739544034004211,1,0.7685042166377515,0.5591289769446031,14,check
459,533.0,732.0,533.7699289981256,733.2600511345995,0.10180138051509857,1,1.4283569771926952,1.2540179147292754,14,control
460,538.0,863.0,539.4199903153745,861.1300429839207,0.12689977884292603,1,2.024979750225334,0.9002930370900325,14,check
461,570.0,689.0,570.8499012021357,688.6099475568202,0.12400361150503159,1,0.5208681660739416,0.3193373336384981,14,control
462,583.0,680.0,584.1499585027346,680.0700531799753,0.18788854777812958,1,0.766768231882821,0.5878372989806674,14,control
463,654.0,686.0,648.0501789238748,684.3601757092068,0.11808924376964569,0,6.535459165343625,2.4112277776766398,14,control
464,604.0,715.0,604.4199835070268,714.7900136622177,0.1753930002450943,1,0.09532319364479978,0.4825395910357447,14,control
465,626.0,856.0,626.8098348600763,855.6000570734635,0.11201228946447372,1,0.5019713079633057,1.090232535445163,14,control
466,554.0,752.0,555.0999113457273,751.5500416549947,0.16452834010124207,1,0.7716147833987054,0.47289406087933605,14,check
467,625.0,687.0,625.2699099825744,686.9500700647537,0.13041174411773682,1,0.14965764102266105,0.5137266593030083,14,control
468,576.0,737.0,576.2699473947359,736.630029538836,0.14155225455760956,1,0.28480219525969314,0.1215864366246261,14,check
469,499.0,751.0,347.15007087612685,619.7901338417747,0.19172386825084686,0,200.91412146665172,0.903506877921567,14,control
470,646.0,875.0,646.419976286052,874.4899825634417,0.11151283234357834,1,0.39426538259230487,0.36743537318339353,14,control
471,641.0,833.0,642.8799266900946,832.0100633760298,0.20670072734355927,1,1.7221396483058935,0.6811360218609479,14,check
472,739.0,859.0,740.5800168024435,858.179987670587,0.10960277169942856,1,1.38322203115824,0.45438594876779403,15,control
473,778.0,734.0,778.9300695090952,733.8700835913568,0.14495030045509338,1,0.5313867457189849,0.3970234960133796,15,control
474,789.0,754.0,789.1299614544067,753.8700618590264,0.10600745677947998,1,0.2689541710870968,0.3978641561176694,15,check
475,723.0,720.0,723.9499600639675,719.7800195737955,0.16686302423477173,1,0.559931025316959,0.38840130184431315,15,control
476,682.0,774.0,683.5199287575851,773.3599996861749,0.21797633171081543,1,1.2391219090410421,0.7336136871296469,15,control
477,694.0,800.0,694.9000100131486,799.4600229589165,0.28978416323661804,1,0.6603151737370739,0.4031383520594184,15,check
478,794.0,685.0,795.1399916139524,685.2099921145622,0.14853523671627045,1,0.8021863589009947,0.5528311937368854,15,control
479,816.0,706.0,816.7198244165407,705.9999939475006,0.16001811623573303,1,0.3358948648663598,0.48271445481519293,15,control
480,720.0,793.0,720.6899739875475,792.5500271098883,0.19187293946743011,1,0.448445748480542,0.30053037925310383,15,control
481,707.0,834.0,708.009929855497,833.4499015731192,0.1337558776140213,1,0.7552360495684919,0.9101831600120356,15,control
482,806.0,728.0,807.4698416094967,727.4100175804065,0.11348068714141846,1,1.1758614050294238,0.9295054692589226,15,control
483,670.0,683.0,670.0,683.0,0.1621142029762268,1,0.4194899092661346,,15,control
484,697.0,735.0,697.5499774220696,734.8200136704512,0.14964595437049866,1,0.1644572651337668,0.1976540671963251,15,control
485,750.0,761.0,751.3799830146505,760.0100034756896,0.14621712267398834,1,1.3197033588408544,0.49818604493383445,15,control
486,704.0,707.0,705.0,707.0,0.13527317345142365,1,0.60773525183263,,15,check
487,713.0,806.0,713.5099256945227,805.6999844778983,0.24259358644485474,1,0.22035206498392054,0.2736548858762429,15,check
488,790.0,677.0,793.0899758860132,675.9499142961065,0.11400196701288223,1,2.8492235571848683,1.2261752831300727,15,control
489,677.0,792.0,677.0,792.0,0.2276732176542282,1,0.4135241449755666,,15,control
490,780.0,765.0,780.5299827463476,764.3900325676715,0.24282647669315338,1,0.5206829790263032,0.1697600244710761,15,control
491,741.0,687.0,744.049918518594,686.0700624640858,0.12915866076946259,1,2.772079522081928,0.6412213097944239,15,control
492,774.0,775.0,774.5899776049755,774.6300225241747,0.18938922882080078,1,0.32625626567568994,0.1465846243298309,15,control
493,680.0,714.0,680.1601071556735,714.2302921044208,0.10088552534580231,1,0.4189176713250679,0.7146246670005493,15,control
494,721.0,772.0,721.079955010578,771.7100240247112,0.12112589925527573,1,0.36542741334867096,0.17371849501952782,15,control
495,744.0,747.0,742.0,748.0,0.18403075635433197,1,2.6427869230136127,,15,check
496,821.0,715.0,821.6799725749936,714.7300190099035,0.11134384572505951,1,0.32637472274291945,0.21117387160942783,15,control
497,748.0,787.0,748.0,784.0,0.1040269285440445,1,2.9183136179346834,,15,control
498,689.0,809.0,692.1200960043977,807.7900343629804,0.19613800942897797,1,2.9363675364322193,1.0296438049810575,15,control
499,730.0,776.0,730.6000112718518,775.6299678848303,0.12017164379358292,1,0.32974662184349235,0.1644012924028622,15,control
500,835.0,686.0,835.3297894762633,685.759966475679,0.14324691891670227,1,0.15564704720024178,0.31486028592262627,15,control
501,782.0,745.0,782.9399522556931,744.5799839291803,0.19221538305282593,1,0.6259555274225596,0.3892420813962235,15,control
502,831.0,760.0,832.5597939063573,759.3400319343734,0.11440258473157883,1,1.2895174720056324,1.1134506259561054,15,control
503,696.0,813.0,698.5897742116451,811.1199531640991,0.15998920798301697,1,2.817256484829919,1.4979134661921467,15,check
504,757.0,750.0,757.6599752171954,749.5600263561497,0.1972612738609314,1,0.42282212114015905,0.37328544515176626,15,control
505,809.0,665.0,810.1799398395904,664.7499788523833,0.16778577864170074,1,0.7910147399484658,0.42501671450114037,15,check
506,680.0,722.0,680.3600209027214,721.7299609663852,0.1550481617450714,1,0.16384302554287405,0.21519584675820083,15,control
507,758.0,724.0,758.699971789614,723.7200196604853,0.16771388053894043,1,0.3460905553706225,0.29568025481336063,15,control
508,669.0,840.0,672.0,838.0,0.11353729665279388,0,3.215766836222714,,15,control
509,849.0,728.0,826.0,582.0,0.10722018033266068,0,147.76558320826408,,15,check
510,767.0,708.0,768.0798284353004,707.0600838491811,0.12980012595653534,1,1.0751857927403987,0.4716920024150616,15,control
511,692.0,834.0,689.0,830.0,0.144095316529274,0,5.160859582672664,,15,control
512,750.0,700.0,751.4199063100978,699.6600844958841,0.1263217329978943,1,1.044410714596785,0.29343135327565845,15,control
513,774.0,787.0,774.659966861496,786.3699903704232,0.10975317656993866,1,0.5855636361589552,0.6391361109538898,15,control
514,723.0,820.0,723.3999871807964,819.5200254511462,0.17016053199768066,1,0.3690457990636073,0.3331431046176683,15,control
515,736.0,822.0,737.0798993396659,821.7999859151527,0.1369970440864563,1,0.6909965900642688,0.6905643506783294,15,check
516,777.0,706.0,777.9999609373299,705.4800334176261,0.19561704993247986,1,0.728448910755484,0.6203672715980134,15,control
517,111.0,1004.0,298.0,1193.0,0.051649339497089386,0,265.710343878245,,16,control
518,151.0,1048.0,322.0,1106.0,0.07889266312122345,0,180.24852040480812,,16,control
519,124.0,919.0,276.0,1211.0,0.06510399281978607,0,329.14654996298344,,16,control
520,168.0,1008.0,257.0,1209.0,0.05020670220255852,0,219.80280090055916,,16,control
521,141.0,1097.0,61.0,1000.0,0.06792793422937393,0,125.86830069394946,,16,check
522,97.0,921.0,307.0,1133.0,0.07980752736330032,0,298.23297862520906,,16,control
523,97.0,921.0,226.41989936484248,1205.6398529346282,0.050851207226514816,0,312.6581969623758,4.111063125370514,16,control
524,162.0,947.0,117.38967436785568,1203.7400877838368,0.06777071952819824,0,260.80543124509535,2.897126206495722,16,check
525,126.0,909.0,276.0,1211.0,0.05324971303343773,0,337.1615069849985,,16,control
526,194.0,1074.0,225.0,1202.0,0.05569479241967201,0,131.75528881257358,,16,check
527,166.0,1018.0,257.09996450712595,1212.0098673068312,0.06443160772323608,0,214.30517626363348,1.2398196655077578,16,control
528,79.0,949.0,309.0,1115.0,0.056219421327114105,0,283.418111773076,,16,control
529,64.0,995.0,320.0,805.0,0.051635827869176865,0,318.39931640374766,,16,control
530,58.0,931.0,310.0,926.0,0.06722115725278854,0,251.65012014457199,,16,control
531,58.0,931.0,320.0,776.0,0.06193859502673149,0,303.99832899242097,,16,control
532,65.0,954.0,278.0,1119.0,0.053175970911979675,0,269.21577922201,,16,control
533,62.0,980.0,320.0,805.0,0.06380099803209305,0,311.3415409886003,,16,control
534,163.0,1059.0,309.0,1115.0,0.05163852125406265,0,156.06232227363597,,16,control
535,55.0,971.0,323.0,1026.0,0.0601733922958374,0,273.2308524344106,,16,control
536,434.0,1105.0,435.0,1100.0,0.11045996099710464,0,4.905102685280125,,17,check
537,373.0,1017.0,373.74997317876023,1016.3700357256571,0.14409270882606506,1,0.611283289387211,0.3679164079870922,17,control
538,388.0,1008.0,389.2199381656742,1007.7399797092787,0.11167224496603012,1,0.8389479671579069,0.9808431361235265,17,control
539,403.0,1047.0,402.36012065723537,1045.9797856321761,0.10230232030153275,1,1.3566463312241424,1.4990662446485963,17,control
540,394.0,983.0,394.8600489960695,982.159981131835,0.11918791383504868,1,0.8472998785530139,0.321881478035926,17,control
541,387.0,1046.0,387.86996753807114,1045.4000356307338,0.16070875525474548,1,0.6692216739963788,0.41097322308962964,17,control
542,403.0,1026.0,404.0,1026.0,0.12062548846006393,1,0.6255309245204377,,17,control
543,361.0,901.0,428.0,1128.0,0.10000276565551758,0,236.7024960951999,,17,control
544,400.0,1063.0,401.01994973311514,1062.479989197117,0.12041482329368591,1,0.7409212738556129,0.3268507677312197,17,control
545,430.0,1088.0,430.4399372632565,1087.8800201857955,0.11761309951543808,1,0.05684038309221872,0.2944407286387777,17,control
546,420.0,1104.0,417.81014777406426,1110.7197915095269,0.1323249787092209,0,7.321941816000742,3.900130255084135,17,control
547,382.0,949.0,382.5400260068048,948.4600192452723,0.1252766102552414,1,0.43148719253913914,0.19246599604264678,17,control
548,346.0,1100.0,347.98008561591075,1099.3999613916008,0.11685148626565933,1,1.6597082390236273,0.6148866556405035,17,control
549,375.0,1027.0,375.4300049319967,1026.6701079502388,0.14123091101646423,1,0.19819238722732582,0.33155937266038,17,check
550,369.0,1002.0,364.97017625486285,1002.2699464325742,0.12125936895608902,0,4.439632214773062,0.6546977568159551,17,control
551,374.0,991.0,377.0,993.0,0.10885642468929291,0,3.370885720013625,,17,check
552,357.0,1047.0,358.1198717039911,1046.0000766117391,0.12026061862707138,1,1.1308053305511332,0.40571809299693823,17,control
553,385.0,1089.0,386.0,1089.0,0.13131724298000336,1,0.6293753718152659,,17,control
554,509.0,1065.0,509.4099870459986,1064.4900268871077,0.1499345898628235,1,0.3822360995695556,0.1980754171083243,18,control
555,610.0,1002.0,610.3398809803442,1001.459959275526,0.2787710130214691,1,0.4213306874334421,0.21067960051818252,18,control
556,562.0,889.0,563.1899990893488,888.2700343915595,0.2483031451702118,1,1.0015318383788598,0.39103266249055463,18,control
557,514.0,907.0,514.7600250012304,906.6100592775209,0.1504325568675995,1,0.4517307075763661,0.22485369577057646,18,control
558,626.0,1002.0,626.7900512806929,1001.2399768555917,0.20526134967803955,1,0.7565530567793425,0.6586021464564271,18,control
559,571.0,959.0,571.8799215322555,958.5100411626184,0.159834623336792,1,0.6124216038610558,0.31306277309445557,18,control
560,549.0,967.0,549.7399733135582,966.4000342896957,0.12823684513568878,1,0.5907342304806917,0.22175414441176605,18,control
561,498.0,1044.0,498.6399751773208,1043.650022151422,0.14664000272750854,1,0.33668491976008624,0.1720658863733232,18,control
562,598.0,937.0,599.2399960427534,936.3500313531977,0.2796386182308197,1,1.0008161374103302,0.35791263381750105,18,control
563,619.0,1052.0,620.0799590336926,1051.3200413511722,0.13443000614643097,1,0.8927633787475772,0.3235238917177591,18,control
564,558.0,1026.0,558.6599662425552,1025.4299877048138,0.2387404888868332,1,0.5226824175974912,0.25701504992654733,18,control
565,606.0,1024.0,610.0,1020.0,0.12157885730266571,0,5.301605240375908,,18,check
566,545.0,1097.0,545.6798605448225,1096.6701414761935,0.1917344331741333,1,0.360346365187916,0.8553213174253866,18,control
567,499.0,1018.0,500.58999720476436,1016.730106935138,0.16041135787963867,1,1.658028591855804,0.6554579814343183,18,check
568,478.0,911.0,478.64013012071376,910.5500845007151,0.1382676362991333,1,0.4053941952886151,0.39327569643418947,18,control
569,649.0,973.0,649.8500124408033,972.4400233316691,0.20957164466381073,1,0.639535637457006,0.30610866901949524,18,check
570,647.0,1026.0,649.2399961459103,1024.3400317974658,0.15092265605926514,1,2.4118065015473067,0.7389275178760591,18,control
571,519.0,1047.0,520.3799425077855,1046.6300306735604,0.2345040887594223,1,1.023546238215312,0.8829644239017131,18,control
572,621.0,962.0,621.4199309308182,961.579988880706,0.24074319005012512,1,0.30178742338955433,0.3213692379154519,18,control
573,477.0,948.0,478.0,950.0,0.1392073929309845,1,2.213333138123928,,18,control
574,486.0,968.0,486.45986165355373,967.5101018882131,0.11764807254076004,1,0.3683469591939016,0.6152668912352958,18,control
575,503.0,916.0,503.91987635992757,915.4100563336062,0.11767349392175674,1,0.7015014950843961,0.38153479253052947,18,control
576,586.0,1101.0,585.9199652135732,1100.4100357022496,0.3002701699733734,1,0.6550120444977456,0.4684395003027229,18,control
577,452.0,1093.0,452.7499688461753,1092.7900170663916,0.1305919885635376,1,0.3740118009242008,0.4616834347098808,18,control
578,617.0,977.0,617.3999874902668,976.490026783951,0.23056471347808838,1,0.3897806475983795,0.7862002761864462,18,control
579,501.0,1083.0,501.36993346162967,1082.5499896977267,0.21392212808132172,1,0.3208949245992062,0.17140041343641646,18,control
580,561.0,1104.0,560.0,1103.0,0.30004245042800903,1,1.6344761968636599,,18,check
581,541.0,1036.0,540.0,1034.0,0.2653959393501282,1,2.3306668988130976,,18,check
582,524.0,983.0,515.9300874246248,984.4399590987438,0.10199123620986938,0,8.603078748819604,0.7896250156119953,18,control
583,534.0,1014.0,534.0,1014.0,0.20572128891944885,1,0.4072254062786257,,18,control
584,656.0,1061.0,657.0400031744526,1060.520021737502,0.17403392493724823,1,0.7501947879771931,0.26602194372478527,18,control
585,493.0,972.0,494.2999972971018,970.970048854331,0.17540904879570007,1,1.281097053103877,0.49537375212686974,18,check
586,533.0,892.0,533.7500342138252,891.7600969371636,0.18796111643314362,1,0.3739898871433591,0.5280429365034354,18,check
587,662.0,996.0,658.1501161638591,1000.319723933941,0.17783096432685852,0,6.134843577336945,0.8706966253939923,18,control
588,470.0,899.0,471.0299962945893,898.2299900913011,0.17286819219589233,1,0.9029892555729795,0.3628414116735164,18,control
589,624.0,928.0,625.3399125463199,927.4000952216038,0.19639593362808228,1,1.0641832362893813,0.3764746774956264,18,control
590,587.0,977.0,587.6699783834146,976.2100420086945,0.24328313767910004,1,0.7247259650061266,0.34164804064043536,18,control
591,644.0,1094.0,645.0,1094.0,0.22444866597652435,1,0.6314664711179948,,18,control
592,622.0,907.0,622.8598765497741,906.650045052228,0.10889685153961182,1,0.5219939762016658,1.0435410840695234,18,control
593,608.0,899.0,607.2198995850373,902.4798135529613,0.19518741965293884,0,3.785539372438625,2.731802145538332,18,control
594,529.0,938.0,529.8399755760668,937.7500641986983,0.14659185707569122,1,0.46524016553031766,0.40008964701445354,18,check
595,559.0,976.0,560.2799352937512,975.7599794396829,0.18192003667354584,1,0.8984997284429256,0.4292842834581428,18,control
596,584.0,1076.0,588.2897973395865,1076.1699922748774,0.217594176530838,0,3.9184317810505043,2.441534811672073,18,control
597,577.0,998.0,577.4999834602116,997.4500295925917,0.28847357630729675,1,0.4413988746846655,0.16106720630682073,18,control
598,595.0,965.0,595.4900265776374,964.6200116211967,0.29995399713516235,1,0.2775750267520261,0.16941337071711082,18,control
599,664.0,934.0,668.0,934.0,0.15777753293514252,0,3.6124935484125187,,18,check
600,488.0,1099.0,489.8099258800145,1098.3900457717398,0.17586979269981384,1,1.505343662410506,0.6362542554952848,18,control
601,452.0,918.0,454.0,917.0,0.11760111898183823,1,1.8264626159783683,,18,control
602,488.0,1064.0,489.40997745241776,1063.4199855701625,0.14855730533599854,1,1.1194125139277846,0.40822406186331767,18,control
603,728.0,1035.0,728.4399849910964,1034.5600240867004,0.14009644091129303,1,0.33021918016266755,0.21577116061014923,19,control
604,671.0,942.0,674.0,942.0,0.11849498003721237,1,2.613800197381214,,19,control
605,713.0,1047.0,719.0,1039.0,0.16979733109474182,0,9.681222804932379,,19,control
606,721.0,1062.0,721.4399303517521,1061.5499904198243,0.18728181719779968,1,0.33941566760774855,0.36582036289890657,19,control
607,704.0,1088.0,704.7998698281162,1087.5600040048785,0.14007782936096191,1,0.5299747823522735,0.7147285119603176,19,control
608,861.0,911.0,837.0,766.0,0.11309118568897247,0,146.93632563678915,,19,check
609,669.0,1106.0,671.3798752833136,1104.8399428059604,0.15777043998241425,1,2.2551390461088854,0.6128178052016224,19,control
610,718.0,1039.0,719.0,1039.0,0.22881507873535156,1,0.6286108942789895,,19,control
611,680.0,971.0,678.4199254635087,972.1099653344899,0.16436199843883514,1,2.318087630781943,0.6186564945749076,19,control
612,673.0,986.0,674.4199592651828,985.139909259184,0.1503153294324875,1,1.2730515116621697,0.5921747160423251,19,control
613,690.0,1093.0,690.6600166862223,1092.5402049519776,0.15209634602069855,1,0.4420137254093002,0.8466523339008394,19,control
614,760.0,1019.0,759.6899725433525,1018.6900208901332,0.13623225688934326,1,0.7201021469105737,0.7484962585910083,19,check
615,717.0,1070.0,717.4600614026459,1069.6799539036158,0.12831434607505798,1,0.2189008707107072,0.6021881682877255,19,control
616,731.0,1063.0,731.4099090238152,1062.4400941666283,0.12816883623600006,1,0.44565827844034595,0.4513477107286153,19,control
617,776.0,1048.0,776.6599663457121,1047.4199881490822,0.10284938663244247,1,0.5449367898637512,0.6361327451447115,19,control
618,863.0,997.0,854.0,846.0,0.16341902315616608,0,151.18829862080855,,19,control
619,716.0,923.0,723.6197367739663,927.6197979796896,0.10174725949764252,0,8.642225633718617,2.2698458531486154,19,control
620,674.0,1093.0,675.1199136550512,1092.2400556336233,0.19258244335651398,1,0.9789846994058276,0.49427612445353275,19,check
621,733.0,996.0,734.6198510379314,994.8500884336017,0.12395995855331421,1,1.6124402479781073,0.5788357423039754,19,control
622,690.0,957.0,691.0,955.0,0.18263906240463257,1,1.9814378924907292,,19,check
623,860.0,957.0,854.0,846.0,0.1125933974981308,0,111.08036276934621,,19,control
624,730.0,1013.0,730.6800455424947,1012.2699299612397,0.14106938242912292,1,0.6834816666523978,0.6486485817763871,19,check
625,719.0,1022.0,721.4697945005975,1020.6700163451109,0.13131369650363922,1,2.414598888964287,1.48716346443641,19,control
626,744.0,1038.0,744.9799990317143,1037.1799917968583,0.10886876285076141,1,0.9254916693349191,0.8966257105757383,19,control
627,684.0,941.0,683.0,941.0,0.17060013115406036,1,1.393489458879188,,19,control
628,785.0,997.0,783.2599777207206,998.0399564781807,0.15781214833259583,1,2.4151280953833143,1.3558547558776848,19,control
629,702.0,909.0,700.0,906.0,0.11591815948486328,0,3.747385965911393,,19,control
630,751.0,995.0,767.0,996.0,0.11304738372564316,0,15.655791998436305,,19,control
631,218.0,1302.0,218.2399398560573,1301.489991022298,0.2709880471229553,1,0.384282481582374,0.22747477431618301,20,control
632,168.0,1244.0,170.28001218121005,1242.9199072732117,0.17394772171974182,1,2.1138757584650967,0.5204425320764328,20,control
633,150.0,1265.0,149.51997906434457,1264.7900146937855,0.14280292391777039,1,0.861506826163102,1.5246093492353558,20,control
634,175.0,1262.0,178.0,1261.0,0.18431119620800018,1,2.7543539472094714,,20,control
635,202.0,1254.0,206.0,1251.0,0.17506863176822662,0,4.607484913500542,,20,control
636,139.0,1304.0,135.00008620532006,1301.9501696129541,0.10399686545133591,0,4.769859846868185,0.7559643657334995,20,control
637,175.0,1321.0,174.21979116535354,1320.0699515686392,0.1085347980260849,1,1.3925821838149246,1.1777743373587326,20,control
638,169.0,1288.0,169.28002858313857,1287.3299779118602,0.19277824461460114,1,0.5258880179414919,0.35804417745876127,20,control
639,111.0,1283.0,111.40997611137956,1282.5499797946757,0.22088952362537384,1,0.29490979176859283,0.1670444278998935,20,control
640,211.0,1212.0,211.01000388831667,1211.5800187624225,0.1821504682302475,1,0.4597521218446794,0.22136630486152348,20,check
641,208.0,1279.0,208.76997043340168,1278.5500279351427,0.2561136782169342,1,0.49335294698822674,0.24072952886296828,20,control
642,104.0,1225.0,104.46992953473128,1224.4999929506357,0.12460201233625412,1,0.3548405972725877,0.47560210638438033,20,check
643,203.0,1201.0,202.14998848760777,1200.469980666745,0.11570963263511658,1,1.289866952808441,0.158573924567744,20,control
644,193.0,1312.0,199.0,1314.0,0.2232469767332077,0,6.021922605189888,,20,control
645,136.0,1287.0,135.95999713501766,1286.4499795953027,0.1599593162536621,1,0.5753738597984064,0.37207707555540054,20,control
646,143.0,1294.0,143.8899578812081,1293.249998074248,0.10705979913473129,1,0.7849167265374742,0.5237102936763494,20,control
647,192.0,1299.0,192.33987736985682,1298.809943726138,0.24273669719696045,1,0.05289840613560845,0.39631369749312106,20,control
648,199.0,1263.0,198.9097994703591,1262.599924824563,0.15179726481437683,1,0.5310372532428556,0.419381768061757,20,check
649,218.0,1278.0,218.3902186306622,1277.6600119766656,0.18456505239009857,1,0.19021673363152425,0.6088559076109733,20,control
650,210.0,1124.0,212.84992152402197,1122.6400350776612,0.11381842941045761,1,2.7452248482636072,0.7289892501560306,20,check
651,160.0,1311.0,160.15995300378398,1310.5600315139889,0.2500937581062317,1,0.3585762181973579,0.2510374459054046,20,check
652,129.0,1242.0,130.98003138919356,1241.3499295017973,0.11939379572868347,1,1.6735793724294052,0.34033243829900894,20,control
653,185.0,1326.0,185.2700285116229,1325.3799755873622,0.2733030617237091,1,0.4786414631988108,0.24948769238257654,20,control
654,149.0,1316.0,152.94984091597837,1316.4101113855777,0.15720169246196747,0,3.617724025678324,2.3088795203998314,20,control
655,159.0,1287.0,159.61996987645026,1286.2499952890148,0.1196976974606514,1,0.6432863841434683,0.24686597766096627,20,control
656,211.0,1322.0,210.0,1317.0,0.15962687134742737,0,5.0398315809987775,,20,check
657,122.0,1304.0,122.90002524660174,1303.2898869153296,0.14683747291564941,1,0.761058725406842,0.9925253231425942,20,control
658,134.0,1316.0,130.18018724711635,1313.3000361197076,0.23455378413200378,0,4.907670657026789,2.6259549347019884,20,control
659,206.0,1236.0,207.2298637223371,1235.300064418417,0.17648181319236755,1,1.0119924814835013,0.639705504074581,20,control
660,150.0,1304.0,161.48984849146973,1296.3502529021218,0.10352714359760284,0,13.404103556508641,2.0333497537302248,20,control
661,293.0,1316.0,293.36990069152336,1315.4200502157148,0.26231542229652405,1,0.4335338449915498,0.566974861760566,21,check
662,313.0,1275.0,312.6798952749077,1274.6100893993016,0.20896174013614655,1,0.7380057232452454,0.35881345557738137,21,control
663,349.0,1259.0,348.800012495852,1258.6500134862524,0.20415504276752472,1,0.6125267752841189,0.24196860870355363,21,check
664,315.0,1216.0,316.28997515003454,1215.1599514564323,0.11469239741563797,1,1.1466909870703164,0.4019370265740802,21,control
665,334.0,1232.0,333.93997917961354,1231.970099883188,0.17655736207962036,1,0.4522661489211825,0.4038797255152134,21,control
666,252.0,1256.0,252.25998494169542,1255.3399875769567,0.21200263500213623,1,0.5257557341987299,0.3564495801579062,21,control
667,267.0,1323.0,267.56996817783363,1322.6299778910382,0.24384474754333496,1,0.2961150629670083,0.3480116169142662,21,control
668,310.0,1114.0,310.33995160899,1113.9200618039777,0.11303247511386871,1,0.0766120061494449,0.48159995581005804,21,control
669,336.0,1177.0,333.6700588813608,1177.0199853916113,0.1428610384464264,1,2.716073186507667,0.8646779722258031,21,control
670,403.0,1315.0,403.14998859076456,1314.4599811110133,0.23099756240844727,1,0.4575189528710468,0.15895348628620376,21,control
671,361.0,1229.0,359.0,1225.0,0.16335654258728027,0,4.5330642472083,,21,control
672,441.0,1288.0,441.10999913616405,1287.6100184611855,0.1822705864906311,1,0.3646201754825935,0.2575110389644213,21,control
673,341.0,1205.0,341.2199488939797,1204.7000259131744,0.15711435675621033,1,0.22496984263338318,0.45615619415280856,21,control
674,336.0,1304.0,336.04000265866875,1303.570019516161,0.19453509151935577,1,0.43970939110958224,0.16772615441634156,21,control
675,405.0,1297.0,404.97996069114174,1296.590028324362,0.20721805095672607,1,0.47699783321000144,0.20876668436346246,21,control
676,431.0,1170.0,433.40998859335036,1169.3400335511312,0.21881212294101715,1,2.0968678160030447,0.526345782352505,21,control
677,386.0,1192.0,385.8299591026225,1191.389991235552,0.19189368188381195,1,0.7240862939806951,0.4696560394703835,21,control
678,413.0,1159.0,413.5300089838259,1158.4597422655002,0.11899304389953613,1,0.4307305470569632,0.5449608432736497,21,check
679,367.0,1144.0,367.75997304396236,1143.3400371616185,0.15570101141929626,1,0.6435423963746266,0.32798063603818317,21,control
680,253.0,1237.0,252.65006461826607,1236.5500060659044,0.1693720668554306,1,0.7895939670754547,0.21239609207262705,21,control
681,418.0,1268.0,418.8599941504116,1267.1699465764223,0.20154419541358948,1,0.8455268961046756,0.37132984171220745,21,check
682,395.0,1122.0,396.3899874187511,1121.540024459453,0.1329904943704605,1,1.0572565712673472,0.2752306908073022,21,control
683,329.0,1312.0,329.0800000563416,1311.6500163746423,0.2481321394443512,1,0.3583231732879121,0.10327562339725099,21,control
684,268.0,1168.0,269.7797783556764,1166.9000093248019,0.13305023312568665,1,1.69190918670292,1.167772598430126,21,control
685,222.0,1325.0,222.20999655030386,1324.4300274895816,0.2264716923236847,1,0.45028780534429924,0.2838016026162658,21,control
686,234.0,1219.0,234.41996813666614,1218.2799474662518,0.19947929680347443,1,0.5733192719523084,0.6031233143697666,21,control
687,354.0,1142.0,355.2399921227957,1141.730014471005,0.13245296478271484,1,0.866861106526616,1.0812768355474747,21,check
688,389.0,1248.0,389.9500296610455,1247.3401176595648,0.1409202665090561,1,0.7749053775478598,0.5651371785838146,21,control
689,253.0,1297.0,251.0,1298.0,0.15312319993972778,1,2.6388056915075944,,21,check
690,384.0,1165.0,384.3399449037991,1164.5700329265428,0.25985127687454224,1,0.29482063852986734,0.315596786498072,21,control
691,256.0,1209.0,257.2899954719208,1208.1900389772732,0.16258054971694946,1,1.1253979397721263,0.27109164487107906,21,control
692,292.0,1274.0,291.9499195571025,1273.4000467716664,0.23720771074295044,1,0.6230645123532731,0.1588452302305393,21,control
693,270.0,1195.0,270.3197582851498,1194.5200317774609,0.12236886471509933,1,0.340167385724204,0.7121956274745178,21,control
694,380.0,1304.0,380.7300156057296,1303.6500127641548,0.19171735644340515,1,0.4138549035528487,0.3264736896518564,21,check
695,390.0,1304.0,390.1599861865174,1303.6499727730736,0.21936582028865814,1,0.2986067076393001,0.16894011988128127,21,control
696,418.0,1201.0,417.7700185738687,1201.1900336131205,0.20062673091888428,1,0.6904520140414657,0.4542403402095924,21,control
697,299.0,1265.0,299.92005602719775,1264.2200235119892,0.1276496946811676,1,0.8356467216318532,0.2851318588592994,21,control
698,304.0,1233.0,303.9299260855113,1232.1598692048208,0.11728199571371078,1,0.8280541871431011,0.270716132828284,21,control
699,344.0,1287.0,344.9000103226189,1286.430024291721,0.24874776601791382,1,0.677199948926131,0.5992261695314123,21,control
700,363.0,1298.0,364.8298710742311,1297.3100154210547,0.23683691024780273,1,1.5561119836710549,0.6498434189150281,21,control
701,379.0,1270.0,379.19998255262243,1269.8299651888726,0.18803907930850983,1,0.17739397977463572,0.2730275594851849,21,control
702,224.0,1266.0,224.27999282148556,1265.4900255460695,0.2111683040857315,1,0.373505357372254,0.22127034483409896,21,check
703,230.0,1317.0,230.61996750384424,1316.4799850708457,0.22859539091587067,1,0.44358290579264614,0.20269122925317254,21,control
704,385.0,1144.0,384.0,1142.0,0.147131085395813,1,2.3194121871381777,,21,check
705,410.0,1247.0,410.2500412631894,1246.230026471895,0.14258724451065063,1,0.6442721840737858,0.5547751292528149,21,control
706,400.0,1217.0,401.37990427036965,1218.0300676453326,0.15294232964515686,1,1.5392236516082403,3.3506611659013137,21,control
707,347.0,1126.0,346.0,1130.0,0.10018055886030197,0,4.364858268990766,,21,control
708,414.0,1186.0,414.22998493346194,1185.4699814919993,0.23082634806632996,1,0.4207411527783951,0.3264750444268855,21,control
709,288.0,1246.0,288.1200329061971,1245.5999642661093,0.13347747921943665,1,0.3625643292075855,0.14449162224057563,21,check
710,417.0,1120.0,418.24989436602556,1119.5499987755236,0.16373780369758606,1,0.9221845844420938,0.6811113762809538,21,control
711,491.0,1154.0,491.46997406471087,1153.4899830792256,0.20347267389297485,1,0.3892463748422428,0.265825317115612,22,control
712,529.0,1287.0,529.1199187097335,1286.7500774027667,0.12445242702960968,1,0.2774538368165295,0.5007441952785698,22,check
713,524.0,1269.0,524.0198974663767,1268.23996574841,0.1037762463092804,1,0.7203558913175064,0.1583124894964661,22,control
714,572.0,1134.0,572.5300177859033,1133.2999818235844,0.2760290205478668,1,0.59334528302166,0.2702842443798098,22,control
715,518.0,1143.0,518.0,1142.0,0.239242821931839,1,0.9496931936942915,,22,control
716,611.0,1144.0,608.9899755140774,1143.1100941792167,0.19550414383411407,1,2.507796289874097,0.40392998398421837,22,check
717,621.0,1165.0,621.5399693043248,1164.6499766930315,0.215605691075325,1,0.2791216016739253,0.1453986534629327,22,control
718,454.0,1215.0,454.5399728116554,1214.3099917981513,0.1990216076374054,1,0.5787123175303398,0.2854931689022464,22,control
719,448.0,1181.0,448.3700350035596,1180.3200237113622,0.203904926776886,1,0.5455486339306187,0.38583533677999815,22,control
720,514.0,1205.0,514.2600265832851,1204.6099652660362,0.14069664478302002,1,0.28385550526192643,0.4701374426371442,22,control
721,553.0,1117.0,554.1800303437445,1116.5899653293184,0.23367173969745636,1,0.8480313605283728,0.5274782085358147,22,control
722,485.0,1115.0,486.27998467209966,1114.2799904488795,0.19433824717998505,1,1.0738552460500104,0.5113451256268678,22,control
723,561.0,1159.0,561.6399749710073,1158.6700212628857,0.21099358797073364,1,0.33124399528926596,0.24199170067944673,22,check
724,573.0,1172.0,573.6100568017581,1171.4799643363322,0.21486252546310425,1,0.45710389768679643,0.5371916044066952,22,check
725,562.0,1312.0,562.5799598936499,1311.3899442298098,0.12370896339416504,1,0.5242492528156569,0.5862769025942317,22,control
726,454.0,1123.0,454.74983938250784,1122.420064451351,0.144438698887825,1,0.5786934274921655,0.466868352376952,22,control
727,465.0,1306.0,466.23994831491353,1305.6700274522927,0.13587428629398346,1,0.890329016475325,0.3847771447317692,22,control
728,450.0,1285.0,450.0399937871854,1284.4299813090934,0.12948893010616302,1,0.5464798584578539,0.365685039546173,22,control
729,597.0,1134.0,598.0599336172494,1134.8699278564604,0.2847226858139038,1,1.2054990053972656,0.5806351169784023,22,check
730,506.0,1294.0,507.89996507054184,1292.5100310532537,0.2055569291114807,1,2.044197513292585,0.5453162906229987,22,control
731,643.0,1163.0,643.740014851991,1162.680011534507,0.12008509039878845,1,0.4140385855267713,0.4138904716426028,22,control
732,653.0,1237.0,654.1299023793207,1236.2900090886162,0.10859646648168564,1,0.9588515644796035,0.2421493736214321,22,check
733,546.0,1325.0,546.5498510531055,1324.1500743834574,0.1769462376832962,1,0.7410741741419076,2.3860965907416807,22,control
734,521.0,1114.0,521.6500185409348,1113.7100092732912,0.23414373397827148,1,0.313212433871428,0.3597339731820102,22,control
735,645.0,1307.0,647.0199517962508,1306.2799980824816,0.1476149708032608,1,1.7563249043153986,0.9526644931251619,22,control
736,455.0,1153.0,456.0,1153.0,0.2257775515317917,1,0.6338300460802938,,22,control
737,496.0,1244.0,496.30003883553474,1243.2500260991424,0.13055552542209625,1,0.621559194422697,0.5247078620794765,22,check
738,590.0,1182.0,591.7900561290617,1180.7699977361985,0.21113912761211395,1,1.7939824646964446,0.7071576175034942,22,control
739,606.0,1306.0,607.0199175819495,1305.2900523807145,0.13100813329219818,1,0.8740297366090648,0.3247648348448868,22,control
740,642.0,1140.0,644.1699329597269,1139.4599472061823,0.1236228495836258,1,1.8405205327332366,0.6753527652347268,22,control
741,471.0,1276.0,471.25999783629334,1275.090043110485,0.1743052452802658,1,0.7831418388339788,0.3887762620044058,22,control
742,555.0,1171.0,556.0099963578715,1170.3099863308416,0.1352439522743225,1,0.8462908964161476,0.4194237994902926,22,control
743,537.0,1168.0,538.0,1165.0,0.13757233321666718,1,2.937761619608265,,22,control
744,628.0,1130.0,626.0,1130.0,0.22642546892166138,1,2.3816220673398143,,22,control
745,445.0,1225.0,450.0,1223.0,0.10239855945110321,0,4.985565479906117,,22,control
746,640.0,1220.0,641.449992283587,1219.8100575099745,0.14582669734954834,1,1.0792649673425738,0.6701801626363667,22,control
747,592.0,1148.0,593.7498843251145,1147.3700563570137,0.25865602493286133,1,1.461776367483385,0.6219962742440955,22,control
748,504.0,1308.0,504.9299637377371,1307.510031362724,0.21095655858516693,1,0.6636084177420798,0.4012720119358071,22,control
749,664.0,1312.0,667.0898768535968,1310.6300927401933,0.15125896036624908,1,2.9945842088415073,1.4770665340120637,22,check
750,529.0,1136.0,529.6399126980609,1135.3999547201604,0.20400211215019226,1,0.5382109377386938,0.45526968788569644,22,control
751,583.0,1192.0,581.0600068942207,1192.3798401406011,0.10498786717653275,1,2.3703526753223825,0.6542067509400986,22,control
752,646.0,1205.0,638.0,1208.0,0.11906000226736069,0,8.937194197393488,,22,control
753,456.0,1164.0,455.0,1165.0,0.2305852770805359,1,1.78579238310304,,22,control
754,474.0,1182.0,472.0,1182.0,0.20953024923801422,1,2.3820610992377964,,22,control
755,505.0,1263.0,504.959953120822,1262.4099916880539,0.11789252609014511,1,0.6161377263184501,0.15188460656863298,22,check
756,622.0,1215.0,621.0,1216.0,0.1196211501955986,1,1.7752387298742174,,22,control
757,523.0,1257.0,523.3199405313396,1256.0800100625495,0.11354424059391022,1,0.7902823351185653,0.2590397151066173,22,control
758,478.0,1323.0,478.4899395808138,1322.4400402493816,0.1603706032037735,1,0.44116818567684507,0.5410798326796797,22,control
759,683.0,1233.0,683.0699928670078,1232.3899833956366,0.1719013899564743,1,0.573960094993199,0.21769666286692518,23,control
760,795.0,1195.0,794.7599203645968,1194.1400119358386,0.10323654860258102,1,0.9645218941981006,0.2366333896650513,23,check
761,785.0,1272.0,785.4899753424669,1271.279992615172,0.21003487706184387,1,0.6163709151266172,0.2965510928960182,23,control
762,796.0,1230.0,796.3100253935118,1229.5099702245022,0.1756218522787094,1,0.3800658333690588,0.6034555904792819,23,control
763,738.0,1208.0,738.4000442959036,1207.29006978046,0.10332804918289185,1,0.5929803502367396,0.13036664851132007,23,check
764,712.0,1295.0,712.2999385314861,1294.3599974167257,0.14392563700675964,1,0.5234077924664667,0.3247215588702437,23,control
765,787.0,1207.0,788.5600626335867,1206.1299793699363,0.1101732850074768,1,1.4089773085746071,0.7943611271932995,23,control
766,667.0,1215.0,666.0,1214.0,0.12502330541610718,1,1.629361312427512,,23,control
767,784.0,1232.0,782.4599267811392,1230.809979075164,0.1340816617012024,1,2.191027868511346,1.0133533504723076,23,control
768,733.0,1172.0,734.9599515734702,1171.5599850240303,0.12576411664485931,1,1.61864978550516,0.8936675410624638,23,check
769,802.0,1287.0,801.7899267685509,1286.3900455654261,0.17430631816387177,1,0.758982466142877,0.15762819507777692,23,control
770,820.0,1277.0,819.1098492474534,1276.2199778810357,0.10768530517816544,1,1.4216518798189088,1.3880166575092003,23,control
771,669.0,1268.0,670.0,1267.0,0.15873393416404724,1,1.0802744631395234,,23,control
772,741.0,1252.0,740.959921658003,1251.4598561862442,0.1159004494547844,1,0.5875365090415002,0.5820823623985337,23,control
773,698.0,1305.0,698.9799605879849,1304.6000278800939,0.16567163169384003,1,0.6734938845804578,0.3418532156348432,23,control
774,791.0,1256.0,791.7099363751962,1255.1098691567126,0.11878091096878052,1,0.8469801414322803,0.3810035304813549,23,control
775,736.0,1327.0,737.2698187563227,1326.1800804779411,0.13047108054161072,1,1.1443069828870995,0.7222116583526323,23,check
776,703.0,1276.0,709.0,1273.0,0.14991313219070435,0,6.325113663608289,,23,control
777,709.0,1254.0,709.5300828440827,1253.3000603615517,0.1917884647846222,1,0.6015296818745877,0.2983939853136622,23,control
778,722.0,1307.0,723.3898563045751,1306.330064736121,0.1780150830745697,1,1.1620036723554212,0.6540460760342265,23,control
779,705.0,1235.0,704.9099655546846,1234.4200351548245,0.19120386242866516,1,0.6508758125255125,0.7845623276293225,23,control
780,716.0,1279.0,717.1799992241467,1278.300032955598,0.1662745177745819,1,0.9978632745338964,0.285367286662252,23,control
781,666.0,1286.0,667.0,1287.0,0.12256884574890137,1,1.2889193493862832,,23,control
782,692.0,1263.0,685.9902991901216,1258.8800766144604,0.11446664482355118,0,7.528610288089359,1.5620131301194626,23,control
783,670.0,1200.0,672.0197872930278,1199.000096211528,0.13779421150684357,1,1.866072016789762,0.697871856476573,23,control
784,726.0,1123.0,727.0,1119.0,0.10160158574581146,0,3.933041909532674,,23,control
785,688.0,1306.0,689.0800285970198,1305.1899376416568,0.11883854866027832,1,0.9907377313096181,0.38822583240343045,23,control
786,725.0,1231.0,725.3299380576865,1229.9702030756264,0.12647736072540283,1,0.9118420525485655,1.0542456378639915,23,control
787,774.0,1257.0,770.0,1256.0,0.12222487479448318,0,4.456499152771492,,23,check
788,777.0,1149.0,709.0,1215.0,0.11372110992670059,0,95.11302777776206,,23,check
789,722.0,1322.0,723.3199309377587,1321.0099687456043,0.17743933200836182,1,1.2912595808412988,0.577294208856006,23,control
790,682.0,1175.0,680.0,1175.0,0.11542393267154694,1,2.3777530711957495,,23,control
791,217.0,1421.0,216.31002807558818,1421.2499817754763,0.23938509821891785,1,1.1330821944165674,0.7980099164104248,24,control
792,191.0,1509.0,190.88001152062574,1508.4000254182124,0.13920162618160248,1,0.6567285505425278,0.15686141790741837,24,control
793,174.0,1405.0,173.7199726547428,1404.5500274193587,0.16303406655788422,1,0.7144214861118761,0.21584096135969297,24,check
794,159.0,1428.0,160.78991253291483,1427.7699842564107,0.1333709955215454,1,1.4221351952276586,1.225634392622992,24,control
795,146.0,1329.0,146.77980197857977,1328.6101110622262,0.1336698979139328,1,0.46699744107950836,0.42230746642432504,24,control
796,158.0,1364.0,158.26999357522413,1363.4600267757176,0.2548919916152954,1,0.398208121128124,0.39397449283929353,24,control
797,153.0,1398.0,152.0,1399.0,0.20825424790382385,1,1.7941025541644093,,24,control
798,180.0,1335.0,180.4000302665811,1334.650009359981,0.306539922952652,1,0.19801017053655062,0.21716106465815488,24,control
799,185.0,1399.0,185.1499441639417,1398.4599914266917,0.2442857176065445,1,0.444329138029634,0.2607577078285767,24,control
800,175.0,1345.0,175.1800463330459,1345.0400341908937,0.28484007716178894,1,0.27467136246468155,0.16620641280379717,24,control
801,131.0,1392.0,130.7800066097915,1392.0001857535203,0.13641178607940674,1,0.6130731283378021,0.5400868285556524,24,control
802,134.0,1429.0,134.36994305521048,1428.620031014672,0.19975954294204712,1,0.22178907184318727,0.2064028894124513,24,control
803,218.0,1356.0,217.93000661720822,1355.6600143830224,0.2057093232870102,1,0.4812226553508786,0.18262110439084614,24,control
804,202.0,1526.0,202.8899641737719,1525.64002517461,0.13381633162498474,1,0.5650923972136301,0.43606306222579017,24,check
805,211.0,1346.0,211.60991815713692,1345.9999721814193,0.2947983741760254,1,0.280941566269376,0.3065855232009123,24,control
806,202.0,1505.0,201.6699213714642,1504.429998123649,0.17345483601093292,1,0.8086046252172275,0.26981190469500604,24,control
807,199.0,1459.0,199.339980252825,1458.4499835152603,0.17279945313930511,1,0.3960790131306485,0.22061820475948746,24,check
808,195.0,1537.0,196.60984838749616,1536.1500750023981,0.17499369382858276,1,1.427134776709674,0.9303473559148973,24,check
809,178.0,1419.0,177.98001440207506,1418.6900579928244,0.1863739788532257,1,0.4193928353915192,0.1763937455763029,24,control
810,185.0,1436.0,185.34998001487034,1435.4299845069536,0.1486499309539795,1,0.4151839604664983,0.2617540920486685,24,control
811,163.0,1498.0,161.88003562556227,1498.369927581693,0.16376468539237976,1,1.5763747932362981,0.8117354616986169,24,control
812,169.0,1548.0,168.93999781724057,1547.4699785004525,0.1611449122428894,1,0.5625409572959493,0.12367350165296045,24,control
813,162.0,1329.0,162.13998790030817,1328.569976120906,0.2961876690387726,1,0.36248013819880204,0.17450668639139252,24,control
814,126.0,1328.0,126.29014536063141,1327.580079557423,0.1440795212984085,1,0.2769869599417617,0.6000020894476953,24,control
815,146.0,1467.0,146.91999231005644,1466.089950749509,0.1311928629875183,1,0.9329652938486641,0.5086723461765362,24,check
816,160.0,1441.0,161.87998101996865,1440.0500957101015,0.11732401698827744,1,1.7065765135844084,0.5658905334740494,24,control
817,169.0,1508.0,169.1799877737438,1507.4099836418247,0.15080232918262482,1,0.47020080576406037,0.10309601623554293,24,control
818,123.0,1396.0,123.11999766032798,1395.71001412166,0.17758767306804657,1,0.2846707328409779,0.13742276488659935,24,control
819,183.0,1530.0,182.0,1531.0,0.12068069726228714,1,1.7881142617398473,,24,control
820,183.0,1450.0,319.0,1683.0,0.11355417966842651,0,269.74147810247774,,24,control
821,183.0,1450.0,183.25989629436336,1449.3200090968496,0.12032507359981537,1,0.535355535280571,0.7102378854497994,24,check
822,112.0,1418.0,113.39994471395252,1417.330044207921,0.2381858378648758,1,1.148527690007659,1.0813199371678346,24,control
823,202.0,1364.0,202.08999311319602,1363.2799884889007,0.2275763601064682,1,0.6337381802300835,0.5296388050675404,24,control
824,196.0,1449.0,197.14002049785168,1448.410116509666,0.11450409144163132,1,0.886415988345261,0.49281882222595563,24,control
825,145.0,1362.0,145.7198717317535,1361.7199960713326,0.22164154052734375,1,0.36742969204612747,1.075295559184456,24,control
826,110.0,1401.0,110.21999352711605,1400.6800164860326,0.20415930449962616,1,0.22154511720545186,0.3997678423760915,24,control
827,184.0,1380.0,184.26998470374076,1379.31998856865,0.27171212434768677,1,0.535615326964891,1.0681741787611674,24,check
828,131.0,1527.0,132.0,1525.0,0.1454572230577469,1,1.9464917919621143,,24,control
829,181.0,1546.0,180.83000394207247,1545.3499826969467,0.22530817985534668,1,0.7250306539111265,0.08361149614634944,24,check
830,221.0,1401.0,221.7899708859034,1400.420033916943,0.1680414080619812,1,0.5992460439518217,0.6664410450779269,24,control
831,154.0,1546.0,155.0,1545.0,0.1490909606218338,1,1.0549874271549513,,24,control
832,198.0,1547.0,197.8697644879619,1546.5501693987478,0.11176785081624985,1,0.5727705240987009,0.5432736322824174,24,control
833,122.0,1363.0,124.0,1367.0,0.11443974822759628,0,4.464233598420171,,24,control
834,236.0,1481.0,235.92991776356257,1480.660035014379,0.13135068118572235,1,0.4735442352652369,0.2486298118539471,25,check
835,355.0,1335.0,355.1899082757243,1334.4600465818198,0.13304990530014038,1,0.43641848641904846,0.2421314684198632,25,control
836,298.0,1529.0,298.22997503041074,1528.4299388422494,0.1924041360616684,1,0.43972041509377363,0.33084311336843886,25,check
837,358.0,1479.0,358.8800500675119,1477.969989779245,0.12475380301475525,1,1.0244970953254997,0.7218520467479889,25,control
838,224.0,1383.0,223.73997310724454,1382.4200334011591,0.2114873081445694,1,0.7626464037542847,0.1887223159323558,25,control
839,419.0,1355.0,416.0,1354.0,0.1176399290561676,0,3.4771875866948156,,25,control
840,435.0,1480.0,435.0800376748167,1479.309976737261,0.2640766203403473,1,0.6167229203587151,0.13380085426943114,25,control
841,238.0,1384.0,237.90992040576435,1383.4900423606252,0.24470052123069763,1,0.5841399568491052,0.30656173911651846,25,check
842,265.0,1372.0,265.3099477839555,1371.4200392810958,0.29133549332618713,1,0.4350577461170189,0.31874385773931224,25,control
843,435.0,1449.0,435.1199131392672,1448.2900534122823,0.20550908148288727,1,0.6191715460074295,0.15426913178130144,25,control
844,325.0,1475.0,325.45998606253886,1474.3700327341105,0.22595438361167908,1,0.4918779954939562,0.26189913862121866,25,control
845,232.0,1428.0,231.99994948692697,1427.5899841038529,0.1977861076593399,1,0.4495483553826892,0.11550387201845355,25,control
846,312.0,1466.0,311.950007998121,1465.440024363237,0.3186403512954712,1,0.584203048910093,0.06902758440442619,25,control
847,383.0,1500.0,382.09003372321786,1500.649961735298,0.15286090970039368,1,1.4989481026080664,1.2526257410562645,25,control
848,433.0,1341.0,434.10999490673595,1340.0200002461881,0.1800800859928131,1,1.120870269271439,0.3612131217023436,25,check
849,421.0,1510.0,421.0700411106317,1509.0199895178828,0.18612892925739288,1,0.8861410775215084,0.22461800616201189,25,check
850,371.0,1329.0,371.3399455227398,1328.5100355921522,0.12888175249099731,1,0.3493808495446806,0.2651699320151811,25,control
851,282.0,1429.0,282.1300334934967,1428.4999688119485,0.22649523615837097,1,0.42341314400249275,0.0719325107078281,25,control
852,278.0,1349.0,275.0,1349.0,0.22656063735485077,0,3.3754236943879543,,25,check
853,345.0,1520.0,345.6300127242802,1519.3599801895427,0.16510948538780212,1,0.5615953764579374,0.23281626085021132,25,control
854,267.0,1523.0,267.78997274272547,1522.2400419137712,0.1371210366487503,1,0.7435289579487991,0.4702455013121212,25,check
855,256.0,1466.0,256.46997612784656,1465.2899919645902,0.20917783677577972,1,0.5681138039507364,0.16150124558116943,25,control
856,268.0,1402.0,267.98996922151366,1401.7200670788548,0.29155683517456055,1,0.400935879663644,0.12951688604637834,25,control
857,298.0,1487.0,298.6799763917946,1486.3600354478278,0.23028181493282318,1,0.5837629003456081,0.19869543548603744,25,control
858,368.0,1418.0,369.0,1417.0,0.1826816350221634,1,1.0651628412735463,,25,control
859,402.0,1530.0,402.6199262748817,1529.170009158839,0.21689841151237488,1,0.7339332474305584,0.37362261787856166,25,control
860,278.0,1504.0,277.9700968916413,1503.3500079366079,0.16127115488052368,1,0.6349997264686797,0.4957489007354,25,control
861,281.0,1369.0,281.16999595477074,1368.6600168587852,0.27459996938705444,1,0.2777212559179942,0.5331585914623346,25,check
862,341.0,1486.0,341.04994829715366,1485.489989062319,0.15406516194343567,1,0.4792317161885726,0.2626010935630206,25,control
863,324.0,1426.0,324.2099516076971,1425.4800355839186,0.1262492835521698,1,0.4047804250561171,0.25516509481544575,25,control
864,359.0,1374.0,359.92014890395797,1372.8300202070934,0.14067375659942627,1,1.1649918155403838,0.5656417643080268,25,control
865,278.0,1387.0,278.62995633127053,1386.5199389701068,0.21098816394805908,1,0.421251212818808,0.3315860738464291,25,control
866,382.0,1396.0,383.2599938131788,1395.4800257840243,0.1664540022611618,1,0.9692094415752637,0.5711536466745533,25,control
867,411.0,1426.0,411.0,1426.0,0.23404765129089355,1,0.3913844375258904,,25,control
868,401.0,1502.0,402.3099046981709,1501.2900553722611,0.2167280614376068,1,1.1054870318953862,0.6415740410068478,25,control
869,299.0,1456.0,299.2098747202383,1455.3201077503898,0.16619616746902466,1,0.5533591373169107,0.3259335428220125,25,control
870,386.0,1423.0,386.66019043980504,1422.2299450117869,0.16059400141239166,1,0.6928770967430936,0.633702179774401,25,control
871,439.0,1378.0,439.74000711523223,1377.4299782143898,0.23248115181922913,1,0.5699519512945239,0.3972225975794619,25,control
872,233.0,1538.0,236.0,1535.0,0.15337969362735748,0,3.8805961904593413,,25,control
873,244.0,1496.0,243.9599964129202,1495.519976485425,0.22982646524906158,1,0.5198170865844478,0.24908932654020258,25,control
874,308.0,1368.0,307.6600719107566,1367.8000394891785,0.2354443073272705,1,0.7123334554805588,0.4856100030013229,25,control
875,319.0,1512.0,319.0199948820354,1511.4099819913163,0.18220111727714539,1,0.5580458237230181,0.18272380934854424,25,control
876,223.0,1337.0,224.66996579828702,1336.4299878079707,0.2803915739059448,1,1.362120791762922,0.7380051402729088,25,control
877,406.0,1441.0,405.9499962382477,1440.5799737166587,0.21354639530181885,1,0.4987256912659001,0.16142062438639015,25,control
878,439.0,1392.0,438.930012050767,1391.4398361339536,0.1776476949453354,1,0.6063624702266723,0.19497219165002647,25,control
879,260.0,1438.0,261.4202122431751,1437.1499905169926,0.13547809422016144,1,1.2640973712152672,0.49331898183592643,25,control
880,241.0,1458.0,242.79996992585126,1456.4700317987588,0.21669340133666992,1,1.9883280272687356,1.1542582674048227,25,control
881,404.0,1390.0,403.99999484216085,1389.4999777865885,0.25199654698371887,1,0.5133970518269996,0.1027501165823164,25,check
882,347.0,1529.0,347.5499617422385,1528.3399461416805,0.10243594646453857,1,0.5467731928832206,0.15869058016006862,25,control
883,354.0,1459.0,354.88992160377114,1458.4600434871163,0.16435615718364716,1,0.6573536605019774,0.8200936625303124,25,check
884,665.0,1400.0,665.0199786170144,1399.6801135922208,0.2087296098470688,1,0.392836807824996,0.20566680515208666,26,control
885,462.0,1511.0,462.2499950827013,1510.4000292350133,0.22089435160160065,1,0.47256318374505774,0.18192464620998866,26,control
886,620.0,1355.0,620.159952075373,1354.650027515575,0.1752624213695526,1,0.30254180408907966,0.21081809646064187,26,control
887,499.0,1329.0,499.3299456575377,1328.5400341561906,0.19597817957401276,1,0.32796419397818855,0.40384376535454536,26,control
888,590.0,1503.0,588.5799684556629,1502.5599811040727,0.17539334297180176,1,1.8033029591187606,0.6146862742499073,26,control
889,513.0,1441.0,512.0,1441.0,0.20180220901966095,1,1.3687746001693082,,26,control
890,535.0,1457.0,535.2199866156116,1456.3499867200612,0.15288199484348297,1,0.5341858371296901,0.16586927881701075,26,control
891,507.0,1505.0,507.1899891862976,1504.2299917418097,0.11876553297042847,1,0.6547227971852851,0.17214806809886266,26,control
892,464.0,1543.0,464.0199517962508,1542.2799980824816,0.1114780530333519,1,0.6702231122294676,0.124151639142119,26,control
893,595.0,1538.0,595.6699241566973,1537.1600101188913,0.14406558871269226,1,0.7744478129625262,0.5876391578120587,26,check
894,554.0,1533.0,552.0,1534.0,0.11810929328203201,1,2.614921614246796,,26,control
895,572.0,1503.0,570.2099564560659,1503.0100564645254,0.19308187067508698,1,2.1520050487143036,0.43010361481336123,26,control
896,663.0,1360.0,663.2799913772906,1359.6300193263144,0.16201059520244598,1,0.2588633304421037,0.3080929249580472,26,control
897,588.0,1355.0,588.4600101674754,1354.339934897591,0.11611700803041458,1,0.5388815222842995,0.30592360735068214,26,control
898,656.0,1530.0,657.2999046266552,1529.3400530477631,0.11697877943515778,1,1.0849334040687753,0.7195418009345141,26,check
899,502.0,1362.0,502.92024363754024,1361.260024899026,0.17727097868919373,1,0.8199883240286225,0.7270335074187315,26,control
900,519.0,1532.0,518.8599725212379,1530.9600550753792,0.1684931367635727,1,1.0303546620865272,0.5673555706622115,26,control
901,571.0,1474.0,571.2099867504095,1473.3799852840998,0.13112230598926544,1,0.5094196816656195,0.4241140090862495,26,check
902,459.0,1413.0,459.7899686164542,1412.6400241430422,0.22417069971561432,1,0.47951370993958425,0.321555728038905,26,control
903,526.0,1401.0,524.4099898312318,1401.2200388823499,0.13968701660633087,1,1.9860344643580683,0.868953233867053,26,control
904,460.0,1355.0,459.0,1355.0,0.2182159274816513,1,1.3750858015005973,,26,control
905,662.0,1449.0,662.7399742419692,1448.3100382881098,0.1480894535779953,1,0.6800591849833868,0.2199654411301694,26,control
906,618.0,1395.0,620.1200344535489,1393.4499709301328,0.11972378194332123,1,2.2603404224044503,0.6260906967265787,26,control
907,530.0,1427.0,527.7500156456042,1428.5600169688826,0.17196014523506165,0,3.113929523985442,0.38045344959135924,26,control
908,447.0,1359.0,447.09995608202047,1358.520032672121,0.22505494952201843,1,0.43460230303361846,0.24771677796414787,26,control
909,560.0,1525.0,559.6499892781591,1524.2400848963991,0.13137994706630707,1,0.9432326302238726,0.48794777558452795,26,control
910,651.0,1376.0,651.0299485667495,1375.549986190396,0.21022862195968628,1,0.46471849324983144,0.265288705694467,26,control
911,475.0,1395.0,476.3300915231337,1394.3200574098796,0.17172330617904663,1,1.106880067029197,0.3007361987734384,26,control
912,446.0,1442.0,446.320026187125,1441.3899756588778,0.1799698770046234,1,0.47228959571588597,0.06996130115546896,26,check
913,578.0,1514.0,578.0199899305098,1512.8899606664413,0.24823592603206635,1,1.0331356680564951,0.3854912029649037,26,control
914,480.0,1426.0,480.1000370957506,1425.279978276379,0.16398394107818604,1,0.6394780196854285,0.28998833351874237,26,check
915,507.0,1472.0,506.52994564365645,1471.680074426394,0.1823350191116333,1,0.8503203350526986,0.22598059199921203,26,check
916,585.0,1387.0,585.5599258457876,1386.4699952118515,0.17571914196014404,1,0.44520684206473593,0.415043436650961,26,control
917,464.0,1397.0,464.1000010246272,1396.470024577784,0.25776419043540955,1,0.47368638012456127,0.0996595525753371,26,control
918,558.0,1391.0,559.0,1390.0,0.10848045349121094,1,1.076002813767816,,26,check
919,579.0,1368.0,580.1998996820702,1367.2500115877865,0.20392148196697235,1,1.0396869188960947,0.7773495903359273,26,control
920,574.0,1522.0,573.6399764152022,1521.530027482641,0.1855948269367218,1,0.7910691641737143,0.6254863375320124,26,control
921,581.0,1427.0,581.4999538879656,1426.010103882895,0.10841992497444153,1,0.8696653166948257,0.6646459155459248,26,check
922,450.0,1475.0,450.40998849019354,1474.350033106863,0.24668028950691223,1,0.5121753156950741,0.2443952321611648,26,control
923,493.0,1533.0,492.83000301366144,1532.4399786985327,0.20031309127807617,1,0.6746407969948897,0.37279045533110594,26,control
924,495.0,1478.0,493.02001943334983,1478.0300877271545,0.14688430726528168,1,2.3461570429810235,1.1071208580779424,26,control
925,550.0,1341.0,551.1400162346728,1340.129896499384,0.15086086094379425,1,1.0689599314232316,0.8528945717620968,26,control
926,592.0,1367.0,590.810098738937,1366.8599836284197,0.22681784629821777,1,1.5548681361379697,0.1910678613012886,26,control
927,532.0,1382.0,533.5200282363794,1381.3300248144458,0.18598470091819763,1,1.2734480456977633,0.4655666202915568,26,control
928,653.0,1422.0,653.9400261516051,1421.0298988789307,0.10196473449468613,1,1.0232039697865387,0.1300394893193108,26,control
929,554.0,1492.0,555.0599540422925,1490.8900158215695,0.2205122858285904,1,1.2019546961055156,0.6954682308593795,26,control
930,513.0,1420.0,512.3300062462247,1425.2798917953394,0.12621955573558807,0,5.512973905169378,1.8265211509500858,26,check
931,728.0,1455.0,728.5200185396418,1454.2699830532322,0.21147610247135162,1,0.628480970187817,0.3341015120672279,27,control
932,831.0,1527.0,831.4599328673894,1526.2200052869894,0.10119582712650299,1,0.6706768485802111,0.30945186182533135,27,control
933,775.0,1471.0,774.9400002930033,1470.22998916289,0.14455023407936096,1,0.7707835789857277,0.1708374714972658,27,check
934,697.0,1525.0,697.6899604740089,1524.8599689107505,0.24794377386569977,1,0.33687247701148093,0.8595601076484859,27,control
935,782.0,1333.0,785.5000339732848,1331.860045488739,0.11337479948997498,0,3.299316146168062,1.8698415269765785,27,check
936,731.0,1419.0,731.509942715392,1418.050057782156,0.20877765119075775,1,0.8414113383924482,0.24549721863607937,27,control
937,793.0,1537.0,793.6199774068955,1542.5200277205954,0.14438486099243164,0,5.6473285645968865,1.7473188141493847,27,control
938,785.0,1521.0,784.9499441778229,1520.3199511564883,0.1441003978252411,1,0.688613687633805,0.09591534375279084,27,control
939,757.0,1494.0,757.3399367544132,1493.3599978293528,0.222733736038208,1,0.5181147595815786,0.4126555124577588,27,control
940,760.0,1340.0,761.4099442696843,1339.3300443110777,0.1555374711751938,1,1.1829219353435805,0.6283455479005549,27,control
941,837.0,1430.0,837.4099751829685,1429.6399757962615,0.11537404358386993,1,0.24981276929904944,0.6613355986384603,27,control
942,763.0,1401.0,764.1599190989531,1400.5400871450265,0.1432110071182251,1,0.8696338423566129,0.7176364310764826,27,control
943,738.0,1365.0,740.1799077915815,1364.550042480249,0.11972907185554504,1,1.8473515621443506,0.7448209168996126,27,control
944,811.0,1349.0,813.140040889144,1347.7400026794905,0.16639792919158936,1,2.1145544937970704,0.7094056555087019,27,control
945,805.0,1457.0,804.2299341109185,1457.0899642630475,0.11677595973014832,1,1.144574734851404,0.976359818431403,27,check
946,815.0,1433.0,815.0899045690207,1432.250010453062,0.1042463555932045,1,0.6864999155010253,0.28533597884784956,27,control
947,706.0,1451.0,706.0,1451.0,0.20023395121097565,1,0.37863257729760186,,27,control
948,826.0,1335.0,826.1797430820449,1334.290139720759,0.1047087237238884,1,0.6223864306902632,0.6568818992648021,27,control
949,790.0,1486.0,790.5401964931212,1485.159946883783,0.17082376778125763,1,0.7438215277496082,0.7166278778695006,27,control
950,676.0,1386.0,676.2299863776569,1385.3299877117545,0.23554079234600067,1,0.5609686308904448,0.1637464459839265,27,control
951,805.0,1402.0,805.6299500724575,1400.8201136650293,0.21931162476539612,1,1.09658577097805,0.6192228593166703,27,control
952,696.0,1463.0,697.2300715176583,1461.6899510867415,0.1309596449136734,1,1.4717823874508746,0.2509454981757675,27,control
953,792.0,1420.0,793.0,1418.0,0.12969563901424408,1,1.9880700664882163,,27,control
954,717.0,1524.0,718.4499805237136,1522.9500068633963,0.19144631922245026,1,1.4348600761359618,0.4164568076762212,27,control
955,760.0,1461.0,759.7800173043462,1460.2700301621314,0.1877886950969696,1,0.8380240797723737,0.20900662614673052,27,control
956,711.0,1482.0,710.7599730439623,1481.3400371616185,0.15008965134620667,1,0.8009306512487027,0.5192887879101671,27,control
957,708.0,1332.0,709.7899174844405,1331.2900055812856,0.11009419709444046,1,1.5417957369856599,0.7780104365627423,27,control
958,784.0,1382.0,781.689937503797,1382.7800716342201,0.10395283997058868,1,2.817433666157714,2.1948991952948282,27,control
959,685.0,1357.0,685.1399869718971,1356.6599721224918,0.18638800084590912,1,0.3111718773087943,0.11331134392400846,27,control
960,839.0,1351.0,838.1399592564732,1351.0400544096233,0.17306089401245117,1,1.2308292408176962,0.6938857335948928,27,check
961,819.0,1357.0,820.51984918805,1356.460060301672,0.15176548063755035,1,1.2340241693610294,1.7034435212355172,27,control
962,796.0,1335.0,795.939917938235,1334.6000377831451,0.19513694941997528,1,0.5090561587672932,0.30484318382261594,27,check
963,698.0,1411.0,698.3799910608797,1410.2300381286113,0.2612498104572296,1,0.6462700657717211,0.8553875585060228,27,control
964,823.0,1547.0,823.8099198969211,1545.9700200041825,0.16312159597873688,1,1.0205490643039972,0.41242774316122416,27,control
965,682.0,1344.0,681.6800073050788,1343.6699669330117,0.1621328443288803,1,0.7149628093106468,0.37992641395578713,27,control
966,802.0,1512.0,804.9800642624566,1511.4698694280773,0.12679551541805267,1,2.6598626360879045,0.8982266540635279,27,check
967,730.0,1336.0,731.0601109456643,1335.600086611959,0.13500909507274628,1,0.7500026245203171,0.5685059679323549,27,control
968,734.0,1409.0,738.1399920265795,1408.1699938916352,0.10750414431095123,0,3.8462207725765833,1.1216244561383524,27,control
969,746.0,1512.0,742.0,1509.0,0.1081661507487297,0,5.21803972512402,,27,control
970,723.0,1470.0,723.3199482680983,1469.3300433826666,0.17437534034252167,1,0.5475059666267812,0.6680698137881934,27,check
971,776.0,1503.0,777.5998907828244,1502.3900539211256,0.11553066968917847,1,1.3391689569707437,0.8574360888514932,27,control
972,769.0,1548.0,770.3499378574967,1547.210004596533,0.1260397732257843,1,1.2018336204320794,0.5488498864129703,27,check
973,712.0,1397.0,713.0498197618972,1396.0300404456925,0.14524361491203308,1,1.0919573126558342,0.5255031773670502,27,control
974,721.0,1414.0,721.9698768206628,1413.150068400364,0.18742206692695618,1,0.9494222916932025,0.4808635759354395,27,control
975,794.0,1464.0,795.0000239323737,1462.680103070229,0.16700832545757294,1,1.3628710297558038,0.3453025973405539,27,control
976,715.0,1356.0,716.580173396345,1354.9200571281715,0.11968449503183365,1,1.548882529469281,0.7351615961986228,27,control
977,678.0,1443.0,680.0,1442.0,0.18890643119812012,1,1.859647702136579,,27,control
978,788.0,1361.0,781.0,1361.0,0.1569891721010208,0,7.362517015276909,,27,control
979,834.0,1408.0,835.179902324272,1407.080018934033,0.12677772343158722,1,1.1501130766085301,0.5860244136490605,27,check
980,804.0,1529.0,805.3999861492287,1527.620021008464,0.12884773313999176,1,1.6395250662011378,0.5721528917553163,27,check
981,207.0,1567.0,206.7199633706323,1566.4499874352182,0.18479257822036743,1,0.7517071801623667,0.13004868925793348,28,control
982,219.0,1572.0,218.82991374738862,1571.4799975528165,0.14485135674476624,1,0.6430218116983875,0.3634721354399053,28,check
983,140.0,1627.0,140.0399597791977,1626.4200364958626,0.1084899753332138,1,0.5255452134097016,0.19337331590812873,28,control
984,181.0,1571.0,180.0,1570.0,0.11945051699876785,1,1.6000981492499995,,28,control
985,173.0,1557.0,173.1799870516463,1556.4799805319471,0.18122516572475433,1,0.40475938874469747,0.19515900585316281,28,check
986,170.0,1575.0,170.43997859537586,1574.1799965420703,0.10857103019952774,1,0.6658804383628419,0.357205370544821,28,control
987,205.0,1582.0,205.459905874063,1581.5300906839982,0.13114695250988007,1,0.3286926644069206,0.42733254709941587,28,control
988,201.0,1603.0,200.8799683316843,1602.2800410651093,0.13316385447978973,1,0.7383695571745764,0.13207645266979826,28,control
989,211.0,1640.0,211.15992442935502,1639.3299084516896,0.10976056009531021,1,0.5486380239854235,1.2342175948134535,28,control
990,206.0,1650.0,204.17002470176251,1650.179939014336,0.10744696110486984,1,2.2114861119677163,1.1978046043193764,28,control
991,200.0,1643.0,194.0,1641.0,0.11471804976463318,0,6.617549221247057,,28,control
992,330.0,1549.0,329.6000216906869,1548.6200127559214,0.1578650027513504,1,0.7935286066440586,0.17271841610430222,29,control
993,395.0,1665.0,395.3199381587336,1664.3099998443804,0.2170105129480362,1,0.543751896797834,0.19205690466612077,29,check
994,426.0,1596.0,426.2999467840288,1595.560032958184,0.18076936900615692,1,0.3010077957541999,0.22669709068909272,29,check
995,398.0,1567.0,398.3099915918377,1566.480026299808,0.28416338562965393,1,0.37783255963007795,0.3993257019886788,29,control
996,260.0,1579.0,260.0,1579.0,0.13737356662750244,1,0.39016613788883686,,29,control
997,230.0,1691.0,230.09995938303754,1690.2000468887045,0.1326751708984375,1,0.6902937746384834,0.3946462300276088,29,control
998,244.0,1578.0,241.729952507529,1577.459942667284,0.1816229373216629,1,2.6572626924939433,0.8093040301381687,29,check
999,358.0,1639.0,358.59990852579114,1638.6701303352609,0.19584858417510986,1,0.3060349705582283,0.7189640294227478,29,control
1000,355.0,1714.0,354.47002241149147,1713.10998964574,0.1364203691482544,1,1.1484946687426947,0.5106475372519914,29,check
1001,423.0,1739.0,424.17999716101104,1737.5000240702336,0.15138962864875793,1,1.5895380842794287,0.5889923100620033,29,control
1002,370.0,1666.0,370.40991273745936,1665.0801101602847,0.1460498869419098,1,0.7734700874860996,0.4045382787333528,29,control
1003,330.0,1770.0,331.1398785522134,1769.25011013817,0.15846815705299377,1,0.9933253396094998,0.6967838482299846,29,control
1004,325.0,1641.0,325.44989992261065,1640.1500630362113,0.14892740547657013,1,0.7056720441814754,0.4694608726833847,29,check
1005,405.0,1644.0,404.0,1643.0,0.2688487768173218,1,1.5990421092870564,,29,control
1006,339.0,1615.0,338.9499533587766,1614.4299906963606,0.15569201111793518,1,0.5838320567942021,0.07328352229462957,29,control
1007,329.0,1686.0,328.99999865896183,1685.129994224513,0.1290566474199295,1,0.7996244899218219,0.29747887301045367,29,control
1008,333.0,1603.0,332.8299696246144,1602.3700365509114,0.20289400219917297,1,0.7121980327379019,0.1977188092696149,29,control
1009,403.0,1614.0,403.12995629656757,1613.370039645615,0.22635526955127716,1,0.5335262850990452,0.3082350675636131,29,control
1010,242.0,1639.0,242.30999520232507,1638.1300418491962,0.10531740635633469,1,0.7156075478812366,0.397401500686034,29,check
1011,346.0,1770.0,346.46997200157523,1769.689974193861,0.20399729907512665,1,0.20104102703263196,0.26389438637370227,29,control
1012,323.0,1627.0,323.27995313987475,1626.0300562980865,0.23154032230377197,1,0.822634256892539,0.303458849308151,29,control
1013,315.0,1618.0,315.11994570305995,1617.4399920057576,0.16598740220069885,1,0.4718594269022346,0.3646669244941095,29,control
1014,273.0,1565.0,273.2199419824752,1564.3699961472032,0.10140803456306458,1,0.4974176056153363,0.21234167683293217,29,control
1015,416.0,1737.0,412.11000274665145,1735.2600340105735,0.17198920249938965,0,4.525743264973184,0.8311888972513661,29,control
1016,408.0,1699.0,408.0,1701.0,0.14445090293884277,1,2.1751797333944167,,29,control
1017,426.0,1624.0,427.9500181768918,1622.7598665505068,0.1246570274233818,1,1.9369911465258007,0.5879678818439171,29,check
1018,236.0,1558.0,237.15995867740708,1557.0100559487414,0.12447849661111832,1,1.1563618355969443,0.8310596056587297,29,control
1019,341.0,1570.0,343.2699819185076,1568.5899765734077,0.16226142644882202,1,2.2910011334991727,0.4402812744581043,29,control
1020,222.0,1649.0,222.10994955150204,1648.1100065634525,0.13737741112709045,1,0.7727613158361013,0.5082619785986566,29,control
1021,325.0,1570.0,325.0,1564.0,0.13645580410957336,0,5.861571024097514,,29,control
1022,401.0,1598.0,401.02000468192983,1597.4600241967978,0.23331131041049957,1,0.5174132574297847,0.2590333229091953,29,control
1023,318.0,1767.0,318.18994341843666,1766.359996282001,0.14007465541362762,1,0.5107728424408556,0.2713850708944702,29,control
1024,374.0,1768.0,372.3800294708583,1768.119800250091,0.1013389378786087,1,1.9836087201251145,0.33559495248053534,29,check
1025,436.0,1674.0,435.8799611107095,1672.9800099663335,0.11204777657985687,1,0.9931752808498195,0.42950164134132124,29,control
1026,328.0,1589.0,330.0,1588.0,0.10492945462465286,1,1.8502660982966075,,29,control
1027,441.0,1733.0,441.14994653654776,1732.2300016448607,0.15995894372463226,1,0.6543329778320379,0.5413385090899032,29,control
1028,266.0,1695.0,269.0,1697.0,0.10103936493396759,0,3.4147500592561775,,29,control
1029,240.0,1695.0,239.0,1694.0,0.11201386898756027,1,1.5933911957658866,,29,check
1030,425.0,1635.0,420.8199779782042,1636.9098688611234,0.10864712297916412,0,4.976191012590551,1.544823296839624,29,control
1031,377.0,1579.0,378.3499894021376,1578.5200249353625,0.21559585630893707,1,1.048079946892757,0.5129866451485472,29,control
1032,437.0,1708.0,437.6599574742287,1707.2799499420146,0.1737240105867386,1,0.6540749287062395,0.7487245259130321,29,control
1033,376.0,1704.0,376.0,1704.0,0.16794602572917938,1,0.3794146538022604,,29,control
1034,225.0,1664.0,222.0,1666.0,0.14293642342090607,0,3.9881902945740695,,29,control
1035,336.0,1738.0,336.49998490440663,1737.310035812347,0.16672196984291077,1,0.5590278160407426,0.20669704402090716,29,control
1036,369.0,1616.0,362.0,1620.0,0.16334415972232819,0,8.443494817471537,,29,control
1037,424.0,1558.0,424.2300758502433,1557.2699697460073,0.18205268681049347,1,0.6002448820733038,0.47002385106657263,29,control
1038,374.0,1635.0,375.0,1634.0,0.21076086163520813,1,1.0699372380034688,,29,control
1039,345.0,1662.0,345.13999078869807,1661.2899885604163,0.1763286590576172,1,0.5987478056452835,0.4732013808624929,29,control
1040,560.0,1642.0,559.9499352031828,1641.1899125051525,0.1273934543132782,1,0.7827042378077047,0.23769773380795292,30,control
1041,472.0,1598.0,472.139955542829,1597.400038415967,0.18288640677928925,1,0.5059785685595054,0.14631235992981068,30,control
1042,578.0,1618.0,580.4097996419697,1617.4300263886075,0.13408991694450378,1,2.105097730723132,1.798724129996381,30,control
1043,549.0,1699.0,549.2898939299909,1698.420004963638,0.13666002452373505,1,0.4449658049666789,0.47305922906702397,30,check
1044,457.0,1722.0,456.0,1722.0,0.1593465358018875,1,1.3540095062131798,,30,control
1045,445.0,1578.0,444.22003816025244,1577.6600070588906,0.18375064432621002,1,1.152164228217205,0.27980208226955133,30,control
1046,598.0,1552.0,686.5202806985878,1533.3901038509132,0.1294875591993332,0,90.08368030432328,2.7584408579641018,30,control
1047,512.0,1624.0,510.59007574273164,1620.7300418769585,0.13925909996032715,0,3.591993242332632,2.9319373207468202,30,control
1048,463.0,1748.0,459.48004421533767,1745.2598839155494,0.10463942587375641,0,4.655285528230601,1.1415673543443736,30,control
1049,558.0,1592.0,564.0,1592.0,0.14353492856025696,0,5.649675123004216,,30,check
1050,596.0,1763.0,595.5600131520815,1762.6199679164713,0.20729123055934906,1,0.8180136941692365,0.4282661278301623,30,control
1051,591.0,1638.0,593.0,1635.0,0.16684268414974213,0,3.3070176797278354,,30,control
1052,591.0,1610.0,591.4798886867547,1609.1100206959318,0.14212475717067719,1,0.7667064184522956,0.5790020751202655,30,control
1053,572.0,1731.0,572.409929208794,1730.7899794479165,0.1747652292251587,1,0.09814412905723202,0.4691100012342878,30,control
1054,561.0,1701.0,561.1999845126013,1700.639973629969,0.17151162028312683,1,0.265548749631583,0.6218314080022171,30,control
1055,578.0,1580.0,578.1000036035468,1579.2200356844896,0.16831901669502258,1,0.6930662078525949,0.1892076033359623,30,control
1056,595.0,1745.0,595.9699659837788,1744.1200491018121,0.20609278976917267,1,0.9729197606663381,0.47857109257827196,30,control
1057,503.0,1583.0,506.1898367524182,1580.7801418502388,0.1838502138853073,0,3.5176636083492694,1.5428903179431024,30,control
1058,638.0,1741.0,637.8399478268921,1740.439944690545,0.10762106627225876,1,0.658122074310453,0.4279456962406934,30,control
1059,663.0,1588.0,664.2398392762891,1587.3201628023612,0.1058361828327179,1,1.0460376526927417,0.6978485164781577,30,check
1060,585.0,1735.0,585.4799407471795,1734.3700432561022,0.16875293850898743,1,0.511535092185219,0.6109827453509595,30,control
1061,457.0,1606.0,458.6799214429799,1605.3800004481468,0.20936188101768494,1,1.4101362668052209,0.9196307656573957,30,control
1062,486.0,1639.0,487.22998916289004,1638.0599997069967,0.13610433042049408,1,1.1880239774274886,0.22593193363846312,30,control
1063,584.0,1702.0,579.5801830236766,1696.6803002404015,0.1476650834083557,0,7.040622885459252,2.144967559722079,30,check
1064,525.0,1702.0,525.3398900581411,1701.5799983711302,0.19986377656459808,1,0.28001067673143964,0.7767380802636494,30,control
1065,474.0,1687.0,473.31012415020865,1686.5499922428955,0.14038844406604767,1,1.0824129543058818,0.9606237950993488,30,control
1066,497.0,1725.0,501.6600565403959,1724.2899732932124,0.10686709731817245,0,4.352059496611871,0.8971968729589662,30,control
1067,529.0,1739.0,529.4900868568541,1737.3898679275408,0.14122942090034485,1,1.476873475650909,0.44973766140977384,30,check
1068,505.0,1739.0,497.5601499398806,1739.2799520745561,0.10666076838970184,0,7.795719267651614,2.081209976917235,30,check
1069,512.0,1666.0,507.0,1665.0,0.1590779423713684,0,5.417313568704173,,30,control
1070,476.0,1698.0,475.9400439977287,1697.299975737334,0.10560812801122665,1,0.6901060688267658,0.47185752906551176,30,control
1071,535.0,1683.0,535.9699218664263,1682.0900607502952,0.16056419909000397,1,0.991056599283797,0.6370979031682703,30,check
1072,502.0,1568.0,502.02996146134734,1567.3000417239246,0.16836662590503693,1,0.6482868155759948,0.27330071472174944,30,control
1073,481.0,1609.0,480.91996500725963,1608.430034813713,0.22659821808338165,1,0.6093073048911901,0.241497196194092,30,control
1074,472.0,1612.0,472.4299339938806,1611.2400040889825,0.16218368709087372,1,0.6233432746165697,0.369942924784478,30,control
1075,547.0,1592.0,546.6699673456387,1591.279994471994,0.16892080008983612,1,0.8977493238432779,0.4165385778687845,30,control
1076,514.0,1657.0,516.0000615508488,1655.3400634328475,0.172498881816864,1,2.244274752831138,0.9172598991370796,30,control
1077,554.0,1605.0,555.0,1604.0,0.11245758086442947,1,1.0800539169862868,,30,check
1078,460.0,1560.0,460.2000433813738,1559.2400255118428,0.15899591147899628,1,0.6381232455589023,0.48019420861993833,30,control
1079,665.0,1560.0,666.0099096705183,1559.1000162918313,0.19026081264019012,1,1.013701905306479,0.7624421708040157,30,control
1080,577.0,1695.0,578.5199939883274,1693.649877317394,0.12356787919998169,1,1.6886743770254193,0.9234715456587395,30,control
1081,611.0,1581.0,613.0,1580.0,0.11387135088443756,1,1.862664939917879,,30,control
1082,592.0,1599.0,592.7500024415359,1597.8399601025492,0.18183112144470215,1,1.1008833977710406,0.32624161254966255,30,control
1083,555.0,1654.0,551.9900975842073,1649.8902166022294,0.11377698928117752,0,5.201895719617854,3.4720839547460653,30,control
1084,476.0,1757.0,474.4799804287904,1756.8300125040855,0.12669768929481506,1,1.8640125614716525,0.4755163379948296,30,control
1085,597.0,1695.0,594.0,1693.0,0.1278444230556488,0,3.8296772479739642,,30,check
1086,656.0,1755.0,656.6199854531245,1753.7400623735173,0.1260080635547638,1,1.1608915697962268,0.6967256554658819,30,control
1087,571.0,1750.0,571.7599758291955,1749.0700491568607,0.1376177817583084,1,0.8951253047439357,0.5672767975008177,30,control
1088,771.0,1603.0,770.829956007919,1602.6899779075052,0.12451291084289551,1,0.5499476482292092,0.5185863377373027,31,control
1089,709.0,1552.0,709.3799829114938,1551.0200030314213,0.12899944186210632,1,0.8543864119220715,0.19701466887555874,31,control
1090,720.0,1588.0,720.7399629978797,1587.3999898628729,0.12827736139297485,1,0.6142475473876151,0.15912594205719693,31,control
1091,786.0,1560.0,787.3699163713544,1558.9001177444857,0.13481158018112183,1,1.4135802097412458,0.42773355789269196,31,control
1092,666.0,1596.0,667.5800320696474,1594.7000534222848,0.1232290267944336,1,1.6981248796913901,0.5191502372707306,31,control
1093,703.0,1588.0,701.0,1588.0,0.13715817034244537,1,2.3529640689714966,,31,control
1094,773.0,1584.0,774.2600865173762,1582.8002233858767,0.11222466826438904,1,1.4110372576108214,0.4552990097042675,31,control
1095,693.0,1751.0,695.1499107748947,1749.3900492790704,0.13953809440135956,1,2.337479071539279,0.8500687528861115,31,check
1096,834.0,1553.0,835.1399939865584,1551.9800023327314,0.1002928763628006,1,1.1992370764127098,0.41106971300881845,31,control
1097,698.0,1571.0,699.0,1565.0,0.16082119941711426,0,5.908778622960398,,31,control
1098,703.0,1560.0,703.3099125043357,1558.8398873413619,0.12176292389631271,1,1.0343380707124137,0.44775566642715675,31,control
1099,742.0,1558.0,744.1698459629034,1556.2799758343672,0.13529299199581146,1,2.4200652060003076,1.040930080674811,31,control
1100,749.0,1593.0,751.7198914346991,1590.8100809265643,0.14564278721809387,0,3.144974489866799,1.1731104529540783,31,control
1101,778.0,1569.0,778.509987967469,1567.9700510206235,0.1056428924202919,1,0.9218112504174715,0.3648990378170289,31,control
1102,794.0,1588.0,797.0,1591.0,0.1750279814004898,0,4.096387565189237,,31,control
1103,748.0,1617.0,748.7899196507328,1616.0800149109184,0.12462985515594482,1,0.910100988296543,0.9346611939397711,31,control
1104,681.0,1580.0,681.0,1583.0,0.1395639330148697,0,3.147950443461416,,31,check
1105,717.0,1563.0,715.8101026926455,1564.170202305897,0.10258042812347412,1,2.0132886027924553,1.2496476025172534,31,control
1106,729.0,1621.0,732.0,1618.0,0.10088314861059189,0,3.911200466009383,,31,control
1107,743.0,1571.0,743.1199030299025,1570.2700098739958,0.11768805235624313,1,0.6477114871950916,0.28059098757990536,31,control
1108,764.0,1764.0,772.0499636675144,1766.000055258285,0.10612832754850388,0,8.000320316958712,1.0266745252196452,31,check
1109,801.0,1583.0,802.299887090002,1582.0399775221645,0.12590329349040985,1,1.268877162369418,0.34959286935935524,31,control
1110,731.0,1561.0,731.0,1566.0,0.16007652878761292,0,5.137033122560448,,31,control
1111,750.0,1556.0,741.0,1555.0,0.1348317563533783,0,9.391634488264613,,31,check
1112,863.0,1648.0,862.0,1544.0,0.1562763899564743,0,103.89196618640922,,31,check
1113,759.0,1601.0,757.4199925848238,1600.9100527578219,0.17219121754169464,1,1.9279529723191866,1.6071857540045276,31,control
1114,730.0,1575.0,731.0,1566.0,0.10251406580209732,0,8.898673980010445,,31,control
1115,670.0,1574.0,671.8099278399933,1573.200054212836,0.1782047301530838,1,1.6059330129843326,0.9744495127397498,31,control
1116,694.0,1740.0,693.0,1738.0,0.1694711446762085,1,2.300356058150701,,31,control
1117,727.0,1605.0,679.0,1713.0,0.1181645616889,0,118.44543164697954,,31,check
1118,738.0,1716.0,736.0,1715.0,0.10857635736465454,1,2.4984447752254577,,31,control
1119,154.0,1945.0,152.24011529389938,1944.7099399856836,0.1410357505083084,1,2.1023163838378234,2.393741709389744,32,control
1120,187.0,1979.0,184.0,1980.0,0.11803630739450455,0,3.5339854802400383,,32,control
1121,158.0,1955.0,157.459982658365,1954.700018073259,0.23366545140743256,1,0.8881559084781172,0.48887236378084153,32,control
1122,115.0,1911.0,116.59990378057913,1911.1301098989222,0.19384348392486572,1,1.2933397577471026,1.1332102111915558,32,control
1123,169.0,1926.0,170.90000382374157,1928.0599963028228,0.15160886943340302,1,2.7183014934515017,1.7665153752262372,32,check
1124,191.0,1936.0,190.55997986619124,1935.5400262131184,0.2746591866016388,1,0.8327623927368837,0.23268387833071527,32,control
1125,211.0,1908.0,210.78001689171907,1907.3100283850586,0.14652791619300842,1,0.7689410245811383,0.6452727147568558,32,control
1126,159.0,1903.0,158.5897621760523,1902.9801029800012,0.10398317128419876,1,0.7655236659051152,1.722952200001815,32,control
1127,193.0,1928.0,193.1100278831558,1927.1299406167366,0.15760350227355957,1,0.7419167927150752,0.34844717576061407,32,control
1128,187.0,1964.0,187.2700948076838,1964.260059456548,0.10293646901845932,1,0.430749442283986,0.3824393243474551,32,control
1129,169.0,1982.0,168.28998721937816,1981.990003435815,0.18580012023448944,1,1.0580078303810345,0.395197269045119,32,check
1130,219.0,1928.0,217.0,1928.0,0.17026393115520477,1,2.3442474346316313,,32,control
1131,132.0,1903.0,133.04004357816098,1901.909994095363,0.1505158394575119,1,1.1569740890759959,0.47560754203444683,32,control
1132,125.0,1775.0,124.0,1775.0,0.1129978746175766,1,1.3596853806950204,,32,control
1133,201.0,1973.0,199.55993884354226,1973.2100511896483,0.13689740002155304,1,1.8154091244541508,0.705457921723047,32,control
1134,166.0,1967.0,161.0,1970.0,0.10850711911916733,0,6.206128136358921,,32,check
1135,169.0,1915.0,169.19004052462495,1914.5600111921026,0.18489959836006165,1,0.31286262976103607,0.31092762659014916,32,control
1136,153.0,1912.0,154.2200440401891,1914.0900323821797,0.11881734430789948,1,2.421807803185169,0.8065211040791173,32,control
1137,130.0,1926.0,131.0,1928.0,0.12307118624448776,1,2.266287942491883,,32,control
1138,353.0,1949.0,349.0,1949.0,0.17871369421482086,0,4.337525874629879,,33,control
1139,319.0,1796.0,318.2699463631682,1795.7300250961537,0.20483121275901794,1,1.0807910464203325,0.19343288676300524,33,control
1140,354.0,1869.0,353.70001714484783,1868.630013343221,0.28410327434539795,1,0.6750648903693306,0.6729754895127463,33,control
1141,410.0,1889.0,409.9799187400817,1888.3500493024778,0.18745070695877075,1,0.613974680158987,0.2810375152141231,33,control
1142,335.0,1850.0,334.3399413964685,1849.910017821423,0.26962968707084656,1,1.0030979802541637,0.2867072626374093,33,control
1143,263.0,1966.0,262.13994832185415,1966.100007317191,0.18910926580429077,1,1.2236245144008244,0.32438534800287394,33,control
1144,303.0,1835.0,304.40004739060714,1834.990083108507,0.11475621908903122,1,1.0676298591447482,0.5485464835866574,33,control
1145,228.0,1954.0,226.97009472534882,1953.5599986069751,0.15922114253044128,1,1.3945655346048489,0.5714554840194838,33,control
1146,377.0,1958.0,376.3199006434152,1957.6400399260299,0.20086167752742767,1,1.0344968656348386,0.6394332795861551,33,control
1147,365.0,1774.0,364.6900324099421,1773.4998754194044,0.24360114336013794,1,0.7421226840718711,0.3249104119171965,33,control
1148,402.0,1950.0,401.0,1952.0,0.1621803194284439,1,2.5320338918720857,,33,control
1149,230.0,1973.0,230.0,1973.0,0.16867931187152863,1,0.3731427392834687,,33,control
1150,296.0,1776.0,301.0,1778.0,0.11845516413450241,0,5.1287823319731,,33,control
1151,366.0,1989.0,371.0697836968977,1992.4398891565402,0.16969171166419983,0,5.947485405092294,1.1391194731037626,33,control
1152,356.0,1884.0,353.8300848526458,1884.1199278569366,0.2572644054889679,1,2.523353644165535,0.7613697271500361,33,control
1153,322.0,1956.0,322.31007095505925,1955.3999647957744,0.13329385221004486,1,0.4435362297155993,0.43801952195951044,33,check
1154,438.0,1967.0,437.8299248883212,1966.400045533785,0.23680992424488068,1,0.6738455935482626,0.6491868508975636,33,control
1155,369.0,1920.0,369.3799555055402,1919.3700866513573,0.1989719271659851,1,0.47826004169987363,0.5645159007880166,33,check
1156,367.0,1801.0,365.2200822081989,1795.3901967614242,0.2525039613246918,0,5.8568421402878865,0.9163556308534716,33,control
1157,322.0,1777.0,319.2600705974808,1777.649953173285,0.1471049189567566,0,3.188519718632701,2.487027820650119,33,control
1158,382.0,1836.0,382.98999724640794,1835.3099861245282,0.17328839004039764,1,0.8435910023978922,0.24694391824400536,33,control
1159,301.0,1913.0,300.9799608974553,1912.5700292128986,0.16164308786392212,1,0.4497319356301896,0.36516802503167634,33,control
1160,392.0,1799.0,392.6599728445894,1798.7900161379805,0.2559686601161957,1,0.322717005585963,0.5033386418851805,33,control
1161,314.0,1862.0,313.1899436247502,1862.3399971705373,0.160872682929039,1,1.2530078899911805,1.0527619591998745,33,control
1162,329.0,1803.0,327.0,1803.0,0.2583805322647095,1,2.3489742371604136,,33,check
1163,430.0,1838.0,430.45997244584345,1837.6899740907043,0.1383710354566574,1,0.20138458546958346,0.4034704030601597,33,control
1164,263.0,1952.0,262.99991475684175,1951.6500361807446,0.1734415888786316,1,0.38594933497304296,0.8892932260260371,33,control
1165,342.0,1933.0,341.0,1932.0,0.15947586297988892,1,1.5803965597088336,,33,check
1166,294.0,1902.0,294.30003130508953,1900.9799936675615,0.1418417990207672,1,0.8630618801070444,0.28438513298985557,33,control
1167,366.0,1876.0,364.95997045116155,1875.7300663251162,0.1795027256011963,1,1.383793856450434,0.37897326593715086,33,control
1168,352.0,1778.0,351.84000868939415,1777.5402068087997,0.1790485382080078,1,0.5913970395559879,0.32027009375076576,33,check
1169,400.0,1835.0,400.02991610611343,1834.390048041189,0.26431968808174133,1,0.5549187436037195,0.2975535694912973,33,check
1170,420.0,1801.0,419.38998731559434,1800.5500240151848,0.18130558729171753,1,0.9989084851057831,0.25369883671687077,33,control
1171,375.0,1898.0,374.5399709548333,1897.4899838013232,0.16350170969963074,1,0.8736654201084473,0.16407884344117607,33,control
1172,321.0,1824.0,323.0,1820.0,0.17093515396118164,0,4.187303624114646,,33,check
1173,322.0,1972.0,321.63001217474556,1971.719776172917,0.1608676165342331,1,0.7145076428079472,1.062600590380862,33,control
1174,429.0,1890.0,428.5500221583627,1889.7900046875775,0.17214474081993103,1,0.7890340759120994,0.49835187349567167,33,check
1175,311.0,1920.0,311.63996795634597,1919.3499910526461,0.18425141274929047,1,0.5784208425178713,0.20133242450305544,33,control
1176,407.0,1861.0,407.439834070818,1860.2699790638685,0.1793062835931778,1,0.5885076110108635,0.568237765790051,33,control
1177,437.0,1932.0,437.20996182021867,1931.4900795664732,0.2659878432750702,1,0.38087200026732815,0.36229267236430784,33,control
1178,325.0,1942.0,325.02005787707924,1941.610051643919,0.14011996984481812,1,0.3923961017251492,0.467128983465697,33,control
1179,326.0,1909.0,325.7498851166181,1908.599858115875,0.23985517024993896,1,0.6363936802661019,0.8226579197185627,33,control
1180,298.0,1952.0,297.0,1952.0,0.12577155232429504,1,1.3449633704851072,,33,check
1181,392.0,1967.0,388.3199557985435,1966.6000758142472,0.23568013310432434,0,4.020521611583008,1.1927478169134933,33,control
1182,419.0,1788.0,420.24986386536847,1787.2000690674129,0.11141146719455719,1,1.1168152296529779,0.5586513193039025,33,control
1183,261.0,1808.0,262.0,1808.0,0.10474106669425964,1,0.6738742386809725,,33,control
1184,315.0,1880.0,317.0,1876.0,0.1932743638753891,0,4.187253281759809,,33,control
1185,503.0,1920.0,502.29994833138056,1919.4100396222073,0.19533154368400574,1,1.125007832438646,0.4919279918470472,34,control
1186,618.0,1825.0,618.0,1824.0,0.10678373277187347,1,0.9265587180294628,,34,check
1187,541.0,1937.0,540.9799964527948,1936.4299806901527,0.2488400936126709,1,0.5526916883946961,0.20749112220078664,34,control
1188,469.0,1838.0,467.38990423872855,1837.9900695255621,0.11284523457288742,1,1.953938550404866,0.7349868741898467,34,control
1189,517.0,1900.0,516.5099817780621,1899.5700243645297,0.20101195573806763,1,0.872491396362677,0.17497818731931442,34,control
1190,592.0,1884.0,591.6400028927447,1883.2699398642908,0.16376501321792603,1,0.911130988236145,0.5812497617036043,34,control
1191,634.0,1782.0,634.0799466548787,1781.5199880389848,0.12524087727069855,1,0.43149270204777607,0.5440205841825791,34,check
1192,565.0,1906.0,564.54997195476,1905.349990124235,0.1648240089416504,1,0.9336792358600834,0.3785033328420606,34,control
1193,511.0,1876.0,510.2399912975414,1875.810010916859,0.24292592704296112,1,1.096938141785117,0.6658571582380776,34,check
1194,655.0,1942.0,653.4099484991124,1941.920062526075,0.13869942724704742,1,1.92012177674647,0.4946575000393213,34,control
1195,557.0,1943.0,557.3898576456132,1942.2000705116077,0.15295058488845825,1,0.6597169743633406,0.4720418000160797,34,control
1196,473.0,1812.0,474.2898282866214,1810.1701255553457,0.16827036440372467,1,1.933644975315937,0.7297702674018157,34,check
1197,602.0,1980.0,599.0000473152128,1979.720002123832,0.161998450756073,0,3.330866379710284,0.620019806822325,34,control
1198,583.0,1947.0,583.4699852056435,1946.4100310601943,0.16706974804401398,1,0.4698536685438382,0.44857028781295155,34,control
1199,592.0,1926.0,592.3798991125304,1925.530045431921,0.13261476159095764,1,0.3330927789866371,1.0915632208772807,34,control
1200,447.0,1915.0,446.91996490410287,1914.440034369445,0.1704835742712021,1,0.5840629862422677,0.17075856896148886,34,control
1201,649.0,1969.0,648.8100123610541,1968.6200149222138,0.13670478761196136,1,0.5715150266582788,0.22028575481613605,34,control
1202,548.0,1920.0,548.2898282866214,1919.1701255553457,0.15526100993156433,1,0.6882745635287093,0.5923711281170896,34,control
1203,665.0,1878.0,663.0,1874.0,0.10868676751852036,0,4.514453550431598,,34,control
1204,472.0,1974.0,471.86997444957564,1973.7300653967052,0.19352489709854126,1,0.4765911216903915,0.2439688994488665,34,control
1205,500.0,1857.0,500.1899216523554,1856.4699025414047,0.18530705571174622,1,0.4127284135019577,0.5377233521346559,34,control
1206,602.0,1876.0,602.0,1876.0,0.11474741250276566,1,0.36188248839204573,,34,control
1207,574.0,1931.0,572.0,1931.0,0.17596393823623657,1,2.3357690721335684,,34,control
1208,455.0,1941.0,454.3799957029349,1940.7800581206816,0.23171599209308624,1,0.9558159640017444,0.17484183552872182,34,check
1209,485.0,1883.0,484.7999141517823,1882.569993244932,0.24316538870334625,1,0.6067207337378586,0.879989013179672,34,check
1210,459.0,1883.0,458.63996754371885,1882.3899892755733,0.24911262094974518,1,0.8361334187514595,0.24415459164674855,34,control
1211,475.0,1938.0,474.9900038484421,1937.6700145576947,0.22100117802619934,1,0.3883935516348968,0.31324979487854787,34,control
1212,517.0,1986.0,513.0,1984.0,0.15383444726467133,0,4.7095838035022135,,34,control
1213,509.0,1855.0,508.4900017506034,1854.7201063478385,0.1941320300102234,1,0.8580966649345786,0.35112655359462847,34,control
1214,624.0,1955.0,623.8700292952335,1948.7200999521178,0.11688636988401413,0,6.158080416190608,0.9683870015248384,34,control
1215,626.0,1818.0,626.799939012567,1817.160100313575,0.13162750005722046,1,0.842172775918659,0.7510982559658248,34,control
1216,655.0,1828.0,655.0599454802795,1827.7199789473066,0.11145371943712234,1,0.31198107162520167,0.7887229488990479,34,control
1217,616.0,1882.0,615.0,1880.0,0.16559115052223206,1,2.2902260709729254,,34,control
1218,450.0,1866.0,446.0,1867.0,0.1385788768529892,0,4.487115293480017,,34,control
1219,488.0,1873.0,488.3799783725953,1872.4599834836192,0.16760867834091187,1,0.3967803318264332,0.5075220359899486,34,control
1220,630.0,1914.0,629.8100148368169,1913.3800255846513,0.17086352407932281,1,0.7100713786896852,0.5809187816702599,34,control
1221,635.0,1803.0,636.3400668032707,1801.979751314718,0.12142083793878555,1,1.3368871116996823,1.808128321534876,34,control
1222,489.0,1858.0,488.84995646042074,1857.5599838893058,0.23295935988426208,1,0.5696948671315468,0.3496748661977249,34,check
1223,634.0,1880.0,628.0,1882.0,0.12475251406431198,0,6.684265451697655,,34,control
1224,505.0,1953.0,505.2499914722139,1952.7500136856254,0.2148706465959549,1,0.13196815441894982,0.9643954146065264,34,control
1225,662.0,1920.0,664.0,1919.0,0.17362940311431885,1,1.8799252374149835,,34,control
1226,446.0,1815.0,443.9701189671929,1815.2101030100087,0.16851744055747986,1,2.397557216260275,0.8058617151043012,34,check
1227,531.0,1902.0,532.0698743379594,1902.9600778730282,0.14371968805789948,1,1.3265369682213652,0.8132229196614661,34,check
1228,501.0,1799.0,500.9899864149457,1798.3599394763642,0.13233178853988647,1,0.6080588918522609,0.5772832783807187,34,control
1229,470.0,1793.0,470.0,1795.0,0.11278466135263443,1,2.1722333594788594,,34,control
1230,643.0,1898.0,640.149880653114,1898.3099195527477,0.1988251507282257,0,3.213446150002206,1.1726601161986157,34,control
1231,463.0,1929.0,462.88999962595454,1928.5099762075959,0.23604358732700348,1,0.5601138727104348,0.4002630022996719,34,control
1232,652.0,1785.0,652.0,1785.0,0.10782239586114883,1,0.36424000816979846,,34,control
1233,781.0,1845.0,778.9699896760882,1846.1299494882198,0.14848653972148895,1,2.676402310193038,1.0151620978937195,35,control
1234,803.0,1805.0,804.0,1804.0,0.20295895636081696,1,1.0990170702404227,,35,control
1235,684.0,1821.0,684.2000533875818,1820.2700686058608,0.11199453473091125,1,0.612343328479333,0.35999396317403204,35,control
1236,725.0,1786.0,722.5501099804405,1785.8899796135386,0.14233718812465668,1,2.787188937208649,0.8099176494941377,35,control
1237,706.0,1967.0,707.4699575596255,1966.0899119963092,0.1531204879283905,1,1.3816107388328074,0.6230174024460288,35,control
1238,668.0,1893.0,668.0699602000583,1892.2500443578929,0.15832088887691498,1,0.6682181274621164,0.5073087922051213,35,control
1239,726.0,1948.0,726.5798861008946,1947.9300297243276,0.15684445202350616,1,0.2601562207258977,1.0862890272654164,35,check
1240,732.0,1867.0,730.0,1867.0,0.14055873453617096,1,2.335895172986532,,35,control
1241,711.0,1954.0,710.7401515028826,1953.6597934530387,0.14618997275829315,1,0.6224424387545144,0.4108009914279028,35,control
1242,669.0,1844.0,666.159970058404,1845.6003066135313,0.15605589747428894,0,3.617805199312178,1.2841052324505677,35,control
1243,698.0,1960.0,698.5299466752243,1959.5800788690763,0.12694606184959412,1,0.3498840119164528,0.44427900083457633,35,control
1244,689.0,1852.0,689.0299184787194,1851.1600582593583,0.11165646463632584,1,0.769403308296412,0.5875187027638853,35,control
1245,868.0,1881.0,861.0,2109.0,0.10292260348796844,0,228.24513726220252,,35,control
1246,809.0,1870.0,809.9199606746747,1868.8500161544475,0.14662569761276245,1,1.1812799670417649,0.6774273267017404,35,control
1247,830.0,1811.0,831.1298727039178,1809.8600829346512,0.119475357234478,1,1.2908761327344775,0.5934260312044587,35,control
1248,695.0,1923.0,694.3599350406225,1922.4399944815204,0.15217797458171844,1,1.0590130047031567,0.5864896428475291,35,control
1249,763.0,1811.0,769.7797215162888,1819.409764533008,0.10368914902210236,0,10.697281257784788,3.7362030919110696,35,control
1250,774.0,1836.0,772.5899198709276,1836.9199755292516,0.16214531660079956,1,2.0339571046207126,0.9609512699635936,35,control
1251,712.0,1914.0,713.0498615066437,1913.2900185790402,0.1364227831363678,1,0.922772574812862,0.49444904036300263,35,check
1252,731.0,1923.0,731.0299447499484,1922.9199697524716,0.1953888088464737,1,0.3033915605243766,0.5336670315775985,35,control
1253,811.0,1781.0,810.7899271811781,1780.350047342499,0.14569450914859772,1,0.7577211665863983,0.7996839017597802,35,control
1254,785.0,1795.0,785.4899443260259,1793.98006068572,0.17486736178398132,1,0.9069222437247395,0.7212210951097963,35,control
1255,799.0,1776.0,797.1399699847786,1775.000100613519,0.1109628826379776,1,2.364217939780141,0.9207385932716665,35,check
1256,693.0,1933.0,691.8600135438868,1932.2900300988492,0.16016793251037598,1,1.5776992801216283,1.4177314437912718,35,check
1257,708.0,1850.0,710.0699158763923,1849.2400551178396,0.1518498957157135,1,1.846355015611847,0.6568938769007334,35,check
1258,708.0,1799.0,706.0,1799.0,0.1522592455148697,1,2.340441228316428,,35,control
1259,683.0,1871.0,676.2201735376074,1869.1501867925049,0.1009100005030632,0,7.316920322602276,2.0831755634194855,35,check
1260,779.0,1934.0,780.8498678130886,1933.540005409199,0.13604214787483215,1,1.5581380928215125,1.026657732069774,35,control
1261,820.0,1887.0,819.3300267744246,1886.2899802047168,0.10951178520917892,1,1.1574194159598108,0.16500691526082809,35,control
1262,677.0,1834.0,677.970004014881,1832.7400112415037,0.15434497594833374,1,1.2930251937474633,0.46027159161292985,35,control
1263,740.0,1990.0,740.0399250491125,1989.4800885727545,0.18436351418495178,1,0.48055669491363967,0.761259665509847,35,control
1264,791.0,1834.0,791.7999294189862,1833.0900589966298,0.10375459492206573,1,0.9118827737829316,0.8048101780547944,35,control
1265,684.0,1883.0,684.0,1885.0,0.2005356401205063,1,2.159801380946413,,35,check
1266,755.0,1843.0,754.0,1846.0,0.10585867613554001,0,3.401263616951394,,35,control
1267,743.0,1942.0,743.7000451697421,1941.2199323888942,0.1584717035293579,1,0.747826778802495,0.8964152799011756,35,control
1268,797.0,1847.0,796.8399161915104,1846.2000100954835,0.1355208456516266,1,0.8341207718573801,0.5387856185124885,35,control
1269,728.0,1968.0,727.4699435640538,1968.1400533711148,0.14707642793655396,1,0.8987844204004569,0.5953896757250093,35,control
1270,682.0,1955.0,681.6899444847074,1954.4099000491751,0.11214879155158997,1,0.7833029694441717,1.405828238273338,35,check
1271,715.0,1975.0,715.4399057310316,1974.6300860350025,0.17805856466293335,1,0.2619613518939187,0.6301186425887191,35,control
1272,867.0,1825.0,859.0,1788.0,0.10548026859760284,0,37.80832155680442,,35,control
1273,744.0,1801.0,745.0,1802.0,0.12079992145299911,1,1.3097425834600442,,35,control
1274,745.0,1830.0,739.0,1831.0,0.11675889790058136,0,6.434166263893937,,35,check
1275,749.0,1774.0,749.1599135284868,1773.0800631545421,0.11000519245862961,1,0.8115668659503782,0.630332231289538,35,control
1276,817.0,1861.0,814.1300758571839,1860.6999496109056,0.10586538910865784,0,3.205614382910489,0.6268894617604168,35,control
1277,726.0,1843.0,727.9398038449283,1841.7401513640705,0.17322681844234467,1,1.963270916751539,1.9385095591038715,35,control
1278,301.0,2084.0,296.5602289936318,2085.229889237718,0.10554598271846771,0,4.96619392895085,1.307973844386472,37,control
1279,342.0,2212.0,343.1699771802362,2212.4799360019674,0.21842214465141296,1,1.0652821817160711,0.3887501598628768,37,control
1280,248.0,2191.0,247.8099646332142,2190.9400110213087,0.32389315962791443,1,0.5231468653792448,0.15587120576434388,37,control
1281,263.0,2105.0,262.6500262776934,2104.960042593408,0.13648411631584167,1,0.6882583201015389,0.29894736821646894,37,check
1282,440.0,2127.0,439.3799832209641,2126.990004364226,0.11937528848648071,1,0.9531836328122157,0.1473561994719987,37,control
1283,441.0,2055.0,436.0,2056.0,0.10325490683317184,0,5.449843543293789,,37,control
1284,239.0,2129.0,238.73995887160845,2128.799972092144,0.2292071282863617,1,0.5871597802705303,0.13693326853022972,37,control
1285,430.0,2002.0,429.4099515938159,2001.620075854122,0.14713580906391144,1,0.9479513926774972,0.639161262423584,37,control
1286,344.0,2188.0,343.7100155321042,2188.0498067641424,0.12340056896209717,1,0.6456825791974888,0.5625875731980994,37,control
1287,230.0,2173.0,231.07992151837425,2172.650081432822,0.1976197510957718,1,0.7781221397545661,0.4801426628476131,37,check
1288,251.0,2210.0,251.0,2210.0,0.23546746373176575,1,0.3615834819200998,,37,control
1289,263.0,2194.0,262.9599909456107,2194.049952939209,0.17332342267036438,1,0.4209883721251885,0.3294840551296337,37,control
1290,437.0,1998.0,438.1800129439989,1997.9700920432724,0.21918314695358276,1,0.8585455070741841,0.6515450323836969,37,check
1291,343.0,2092.0,342.0,2092.0,0.17389699816703796,1,1.3357574556170422,,37,control
1292,383.0,2054.0,382.4200340200999,2054.200029558365,0.1116214469075203,1,0.9748899439002419,0.21346969120259932,37,control
1293,289.0,2211.0,288.7999631175036,2211.1300024770558,0.23191046714782715,1,0.5976550074118097,0.21154526059358947,37,control
1294,375.0,2080.0,374.87992751534887,2079.9300669301756,0.12761639058589935,1,0.4547631552399392,0.5950700969538641,37,check
1295,330.0,2127.0,329.7099347584384,2126.9600638437055,0.10425616055727005,1,0.6261456751017923,0.45270037420327297,37,check
1296,225.0,2155.0,225.12999659711906,2154.7700115592074,0.19433969259262085,1,0.20477545949450357,0.23154719588245798,37,control
1297,297.0,2035.0,293.0,2036.0,0.120442233979702,0,4.483418069747339,,37,control
1298,415.0,2104.0,414.6999594108,2103.9199663482977,0.15689989924430847,1,0.6286374795584759,1.300078616704519,37,control
1299,370.0,2040.0,370.2599478390042,2039.630029435679,0.1140776202082634,1,0.22483882298644886,0.5107485349616806,37,control
1300,368.0,2203.0,367.6499793751078,2203.200042246649,0.15038585662841797,1,0.7595369890087884,0.5222228101648112,37,control
1301,384.0,2212.0,384.2599437127329,2212.03001166495,0.1486128270626068,1,0.19731882536540588,0.48965597729282456,37,control
1302,317.0,2013.0,313.0,2013.0,0.13245196640491486,0,4.334515914475849,,37,control
1303,415.0,2074.0,414.7300089005387,2074.29998388672,0.21927572786808014,1,0.7491395624832953,0.5975882365045964,37,check
1304,434.0,2138.0,434.0299534151182,2138.080007071003,0.13352464139461517,1,0.37406628395184255,0.795490706298986,37,control
1305,402.0,2032.0,400.75996912400456,2031.7200202794259,0.264984130859375,1,1.5738498294893357,0.9471147248972113,37,control
1306,363.0,2007.0,362.69992375230373,2007.0700144267755,0.1498371958732605,1,0.6702430001537528,0.3565736833828675,37,control
1307,240.0,2070.0,237.0,2071.0,0.11036523431539536,0,3.5273939722383636,,37,check
1308,272.0,2073.0,271.6698822056373,2072.920031097007,0.13454170525074005,1,0.6640856746481454,1.2216624913880694,37,control
1309,432.0,2080.0,431.8799969755193,2079.8099627763922,0.286053866147995,1,0.4468117173326226,0.27593352552158645,37,control
1310,277.0,2183.0,275.00001124408936,2184.9100484252367,0.1705337017774582,0,3.1137746180129473,0.7943773365342544,37,control
1311,435.0,2113.0,435.14995943114565,2112.9800571783894,0.14765986800193787,1,0.21876468508657057,0.6399085472277111,37,control
1312,369.0,2129.0,368.3999239794391,2128.3399549100072,0.14262652397155762,1,1.051394054377052,0.4858637504991155,37,control
1313,252.0,2129.0,251.0,2129.0,0.2161182165145874,1,1.3360666949042734,,37,control
1314,342.0,1997.0,341.7100371256227,1996.650101411487,0.11416780948638916,1,0.6512605798052707,0.8774023430641664,37,control
1315,299.0,1994.0,298.1500413732868,1993.6500067810614,0.10188531130552292,1,1.1982688151795804,1.0260417639078467,37,control
1316,263.0,2091.0,262.9100141077788,2091.0200426098754,0.13537073135375977,1,0.4563800047283343,0.18918616850824638,37,check
1317,308.0,2184.0,307.7199759557599,2184.230041635942,0.19264021515846252,1,0.7182423903847717,0.3846802275788212,37,control
1318,292.0,2165.0,290.7400270938974,2165.799862607141,0.13895033299922943,1,1.852803784913478,0.753723088550564,37,control
1319,223.0,2079.0,224.57997990606583,2078.450030417846,0.17898380756378174,1,1.308353774432721,1.4962262188886786,37,control
1320,337.0,2166.0,341.0,2170.0,0.10962942987680435,0,5.55320723082081,,37,control
1321,298.0,2045.0,297.8700024744699,2045.3199844423784,0.12038573622703552,1,0.6650897290424936,0.48212714042061344,37,control
1322,431.0,2037.0,431.8600260952636,2036.3798825042884,0.2163057178258896,1,0.7086058558239969,0.9849219147505405,37,control
1323,310.0,2196.0,305.45017528562494,2190.9902407002255,0.16416503489017487,0,6.871582369139667,1.2814134088740918,37,control
1324,402.0,2105.0,401.7599761386658,2105.0400504896656,0.12807393074035645,1,0.597242977776128,0.5021823728791021,37,control
1325,254.0,2062.0,253.0,2060.0,0.12526938319206238,1,2.2675780708816755,,37,check
1326,500.0,2085.0,500.62998026364426,2085.2000420403356,0.16719897091388702,1,0.46445236993920225,0.24464411418017798,38,control
1327,514.0,2037.0,513.909966792566,2037.3000404860431,0.22197966277599335,1,0.6110512543562062,0.6596845266117917,38,control
1328,665.0,2038.0,664.6900011871875,2037.2199426014158,0.12738734483718872,1,0.9016408330098614,0.6771546241151283,38,check
1329,513.0,2140.0,513.0,2140.0,0.1614280790090561,1,0.3532148108241829,,38,control
1330,492.0,2015.0,491.73000394901305,2014.779962561845,0.19974306225776672,1,0.6023034022992114,0.1528398008235582,38,control
1331,453.0,1998.0,452.92995001788495,1997.8399722750496,0.17565403878688812,1,0.3999514848930063,0.2053789565114107,38,control
1332,568.0,2137.0,567.0,2137.0,0.18235675990581512,1,1.3272685299783598,,38,control
1333,576.0,2110.0,575.8000076474832,2110.1199926056456,0.1615435630083084,1,0.584202436152387,0.41302891875008685,38,control
1334,662.0,2207.0,661.1600710170485,2207.039934815256,0.1475183367729187,1,1.1673277402015316,0.23387484299853672,38,control
1335,625.0,2113.0,627.2200996079445,2113.01007004747,0.14599953591823578,1,1.90670202430368,1.0325256224034263,38,control
1336,533.0,2029.0,534.7099667726965,2028.4697984205552,0.10478050261735916,1,1.4360037959133327,0.9939675680575142,38,control
1337,480.0,2086.0,482.0798826620177,2085.1101157389844,0.15775233507156372,1,1.9053662749218945,1.5512472194701559,38,control
1338,593.0,2134.0,590.1799485047601,2133.9100161709143,0.10818072408437729,0,3.139466635125966,0.5183387598442978,38,control
1339,450.0,2105.0,449.64989248144104,2105.0100713191023,0.12270059436559677,1,0.6928614596633342,0.3190461630521304,38,check
1340,654.0,2111.0,653.6198973909824,2110.969884763735,0.1146995797753334,1,0.7078178358530552,0.8597059908950622,38,control
1341,501.0,2127.0,502.0996775548967,2126.680043031077,0.14022338390350342,1,0.7969709271359442,0.9772162860157408,38,control
1342,642.0,2064.0,643.0,2060.0,0.15424202382564545,0,3.919031491662969,,38,control
1343,479.0,2044.0,471.84026479774525,2045.8598982483538,0.26054084300994873,0,7.751376636004124,1.191415202038671,38,control
1344,626.0,2084.0,630.0,2084.0,0.11485061794519424,0,3.6815549129329783,,38,control
1345,553.0,2014.0,552.8100126705244,2013.5900162550186,0.23567257821559906,1,0.5810652368366304,0.2211117569564971,38,control
1346,586.0,2103.0,585.6500068842182,2102.8399590709814,0.21930421888828278,1,0.6710699868201518,0.13653581431802808,38,control
1347,547.0,2112.0,546.699969829635,2111.9100112193887,0.17549197375774384,1,0.6237301948553936,0.2379933234184145,38,control
1348,487.0,2180.0,487.6899257439237,2179.920020987642,0.1116751953959465,1,0.37859179576166013,1.170018833063788,38,control
1349,500.0,2176.0,500.5901225421605,2176.5000417794495,0.10007733851671219,1,0.7054042748927435,0.7453607586837776,38,control
1350,664.0,2180.0,663.709921141743,2180.2800052002995,0.13611099123954773,1,0.7369679598382535,0.24951592857279742,38,control
1351,595.0,1998.0,593.9700023643725,1997.900004133212,0.238510400056839,1,1.3576623609913332,0.5323667032498086,38,control
1352,455.0,2042.0,451.9900683908376,2042.720090874321,0.1621820479631424,0,3.4488891101184427,0.5349365467015751,38,control
1353,660.0,2129.0,659.0,2129.0,0.1759362518787384,1,1.3253470779097918,,38,control
1354,451.0,2140.0,451.27990138892034,2139.7400350707203,0.12766599655151367,1,0.11464416501811754,0.7775360183634297,38,control
1355,549.0,2161.0,549.3099984001853,2162.820055621511,0.10684593766927719,1,1.9677002680419997,2.2768774038784403,38,control
1356,552.0,2060.0,552.130006603327,2059.8000546532257,0.235538050532341,1,0.20162566427180165,0.5192126319843756,38,check
1357,641.0,2129.0,635.0,2128.0,0.11426239460706711,0,6.37643415602211,,38,check
1358,557.0,2041.0,557.6402020903978,2040.8801928046537,0.14361491799354553,1,0.31603309705397936,1.3861969160997931,38,control
1359,653.0,2076.0,652.9199170731061,2075.770030024272,0.10940572619438171,1,0.4113094871062627,0.30159872267603977,38,control
1360,650.0,2157.0,650.8098563860933,2156.8199481302386,0.11680497229099274,1,0.494983930866466,0.13787762408538554,38,control
1361,583.0,2058.0,582.8999622853087,2057.7800190580115,0.16900639235973358,1,0.43052203153013696,0.35930828190177083,38,control
1362,564.0,2103.0,563.8199963401116,2103.129947940868,0.20273330807685852,1,0.5720389340502996,0.20658835126226477,38,check
1363,600.0,2070.0,599.7399376550619,2069.550082368173,0.1621348261833191,1,0.6586673114114215,0.7491021673029583,38,control
1364,595.0,2040.0,595.4899973842678,2039.4498858932882,0.12962941825389862,1,0.4399760837895624,0.6616575118767308,38,control
1365,512.0,2013.0,512.5901223020961,2012.8298390956284,0.14066080749034882,1,0.26343448335612357,0.748331311713274,38,check
1366,579.0,2073.0,578.5499764936585,2072.910009672037,0.1579255759716034,1,0.7747421391513892,0.34197107524003556,38,check
1367,623.0,2036.0,622.9900026105606,2035.790009226476,0.13364700973033905,1,0.34128346607296706,0.4528025963149612,38,control
1368,566.0,2207.0,563.0,2205.0,0.10783246904611588,0,3.7976134213695145,,38,check
1369,624.0,2065.0,621.1600092936369,2065.4100722891567,0.17947009205818176,0,3.2101603521667887,1.0206452231823842,38,control
1370,504.0,2053.0,502.699800650606,2053.3898875610803,0.20310957729816437,1,1.71244152663205,0.8754933117845383,38,control
1371,532.0,2144.0,526.0903460520159,2144.5198953010367,0.12188802659511566,0,6.264983041712854,3.780178791647049,38,control
1372,575.0,2008.0,575.0100559487414,2007.840041322593,0.19422075152397156,1,0.3171916058339091,0.3732593720797131,38,control
1373,464.0,2049.0,460.2400282970758,2048.5299686138683,0.19167110323905945,0,4.099023763099148,1.0323514768718358,38,control
1374,461.0,2085.0,460.0,2086.0,0.17241816222667694,1,1.7549454571665417,,38,check
1375,797.0,2180.0,797.5299145934647,2180.689940701657,0.1694919914007187,1,0.8513689134334361,0.5078133956244507,39,control
1376,709.0,2169.0,708.3399818001767,2169.2999901792837,0.23782315850257874,1,1.0685182359780345,0.3552011749304763,39,check
1377,745.0,2077.0,743.7498239089904,2076.919997811117,0.14812393486499786,1,1.570474154449435,0.3999013466819263,39,control
1378,829.0,2150.0,829.4100288939019,2150.7400054647237,0.10661648958921432,1,0.8759603051095756,0.5850005057327886,39,control
1379,813.0,2195.0,813.0,2195.0,0.13261376321315765,1,0.33795775245792753,,39,control
1380,756.0,2195.0,753.1999398794649,2194.659983057111,0.12364254891872406,0,3.1188520893300677,0.4546451104724292,39,check
1381,809.0,2154.0,808.5900211033872,2154.720008210082,0.1697874367237091,1,1.117630448147678,0.28826798649282537,39,control
1382,787.0,2148.0,787.1197368761709,2148.1501008947507,0.11526922136545181,1,0.34354421366719606,0.8068762170945764,39,control
1383,678.0,2104.0,674.1599475364744,2104.0900079677726,0.11260394752025604,0,4.165440735603021,0.3948509946944493,39,control
1384,735.0,2180.0,733.5299297575118,2180.220006009087,0.15951943397521973,1,1.818799525211608,0.9799942592861582,39,control
1385,670.0,2091.0,667.9600007455051,2091.0999951446906,0.19590528309345245,1,2.372069923866292,0.6754368268844055,39,control
1386,786.0,2114.0,570.3798686118733,2022.1801157238103,0.1263365000486374,0,234.60025828880956,0.8437810185378128,39,control
1387,768.0,2017.0,767.4899255514913,2016.7999798289025,0.1272258460521698,1,0.8353752763141663,0.29699261803696014,39,control
1388,707.0,2037.0,707.0,2037.0,0.15704941749572754,1,0.349865765591318,,39,control
1389,720.0,2168.0,719.7699735281052,2168.2500412631894,0.18091405928134918,1,0.6682383692179511,0.3056765992882605,39,control
1390,759.0,2163.0,757.3699852125841,2163.8400109250924,0.13836555182933807,1,2.1747887328267375,0.31544965019925253,39,control
1391,682.0,2113.0,682.3799774441842,2112.5499794852053,0.15989044308662415,1,0.31738135931443207,0.5140245251474626,39,control
1392,712.0,2136.0,711.6299287190034,2135.890021701506,0.1649598628282547,1,0.6870672470157851,0.4972106662557868,39,control
1393,784.0,2127.0,784.0300013492716,2126.740011860444,0.17245356738567352,1,0.31260690358943893,0.38744438371412593,39,control
1394,686.0,2171.0,683.1699870832874,2171.5199786517173,0.23551955819129944,0,3.2133390108965765,0.45121941037993574,39,control
1395,727.0,1995.0,727.8098815563484,1994.3800565316863,0.13822893798351288,1,0.6870040665632543,0.5802636601703939,39,control
1396,761.0,2180.0,760.6400242461989,2180.200031827814,0.18096721172332764,1,0.7517430503298647,0.18579587111861845,39,control
1397,737.0,2018.0,736.4599382315422,2017.7000283889372,0.18264082074165344,1,0.8790093553900286,0.8199762261418619,39,control
1398,722.0,2192.0,715.9300154886915,2191.8000525900898,0.15730829536914825,0,6.3832957881136085,1.7809943570462552,39,control
1399,741.0,2136.0,740.3799787852224,2136.419985260692,0.15356142818927765,1,1.0883941260339391,0.5594701025380161,39,check
1400,728.0,2148.0,727.730011582615,2148.039995437694,0.21565203368663788,1,0.6114631939186784,0.30919834000686336,39,check
1401,719.0,2160.0,719.1599485680423,2159.990012410455,0.2809458076953888,1,0.20056708654049377,0.36127998098077285,39,control
1402,676.0,2161.0,675.7499516189926,2161.4599428735974,0.14304335415363312,1,0.8245791007843157,0.6930232799324625,39,control
1403,799.0,2210.0,793.690164039902,2212.6598373640777,0.11493370682001114,0,6.276185834365353,1.1501338903898015,39,control
1404,761.0,2060.0,763.0,2057.0,0.11842752993106842,0,3.3230928145722323,,39,control
1405,689.0,2050.0,686.0,2053.0,0.1767323613166809,0,4.569215194862944,,39,check
1406,677.0,2153.0,676.7200124395104,2152.99999711161,0.14627543091773987,1,0.6122650531928717,0.23510801213099997,39,control
1407,723.0,2054.0,723.9400041098044,2053.8600056008145,0.17368030548095703,1,0.6188947321205442,0.5611703837987184,39,control
1408,704.0,2119.0,705.1499925107223,2118.079997993206,0.10863930732011795,1,1.1424781059256666,0.6722388298466794,39,control
1409,686.0,2028.0,689.350040224681,2028.9000421643143,0.11246293038129807,0,3.199344269894502,1.48615746399095,39,control
1410,763.0,2135.0,763.4799909507823,2134.810057819445,0.18841762840747833,1,0.17366534601475717,0.3040459573784561,39,control
1411,726.0,2072.0,726.3499765075397,2071.769969401834,0.18144987523555756,1,0.09942220775126605,0.4526841517854068,39,check
1412,698.0,2081.0,698.0499901450569,2080.739967639935,0.17730765044689178,1,0.29669628743641985,0.18581593912258057,39,control
1413,694.0,2009.0,693.8200209945828,2008.7400541209747,0.18206709623336792,1,0.5194190230946315,0.6076862039567472,39,control
1414,673.0,2009.0,672.8799620391205,2008.8900139647474,0.16312508285045624,1,0.44569363029869724,0.24563269500430654,39,control
1415,705.0,2051.0,704.2999781099402,2050.8299662204404,0.15696440637111664,1,1.022278212310394,0.49824684760886445,39,control
1416,763.0,2091.0,762.3999143858582,2091.269913593062,0.1965460479259491,1,1.0029116070948578,0.9588568772524295,39,control
1417,732.0,2128.0,731.3299814191907,2128.379986521981,0.15302900969982147,1,1.113342818354671,0.6832508710231364,39,check
1418,786.0,2071.0,783.35006071913,2073.219928778407,0.12741988897323608,0,3.7873854774737246,1.5068790544031352,39,control
1419,712.0,2058.0,712.1299654437705,2057.7898773902025,0.2055872231721878,1,0.20509428736874954,0.5055588307937058,39,check
1420,804.0,2076.0,801.0,2075.0,0.11928363144397736,0,3.4303015894354214,,39,control
1421,742.0,2042.0,739.6900849861507,2042.709900200916,0.15350215137004852,1,2.7633738512745603,1.251372852948448,39,check
1422,240.0,2269.0,239.80000826642387,2269.059995271255,0.39829835295677185,1,0.5657578448199874,0.11533076506161918,41,control
1423,441.0,2339.0,440.8699729022239,2338.880058732682,0.16869482398033142,1,0.44119636659733674,0.11920131214153985,41,check
1424,241.0,2301.0,241.24000006586797,2300.9600486796585,0.25756704807281494,1,0.1494594470907393,0.22646652618130036,41,control
1425,401.0,2386.0,400.32991608529164,2386.100108446494,0.14596259593963623,1,1.0118543041380135,0.9815820283254962,41,control
1426,253.0,2263.0,253.11999570034908,2262.9000056805635,0.37293511629104614,1,0.20894184451325679,0.2827983798865854,41,control
1427,336.0,2225.0,336.45002072110833,2225.359978332721,0.14129240810871124,1,0.537942535306185,0.3827884699124142,41,control
1428,394.0,2411.0,391.0,2411.0,0.13787364959716797,0,3.3101749415639183,,41,control
1429,239.0,2392.0,238.5399752874182,2392.0700024605885,0.13936807215213776,1,0.8070888395434773,0.19993852350497926,41,check
1430,244.0,2360.0,242.65001689042617,2359.8700021649997,0.1649414300918579,1,1.662634171227332,0.6530116297339323,41,control
1431,275.0,2386.0,274.65997057514016,2386.0100063640793,0.11750246584415436,1,0.6740639304440189,0.1756713495579092,41,check
1432,262.0,2341.0,262.32997832448723,2340.6799731939345,0.17112267017364502,1,0.15266777941759627,0.25622269190864694,41,control
1433,293.0,2300.0,293.20987698968753,2300.100117524291,0.10986629128456116,1,0.285735643657655,1.2138263070026865,41,control
1434,412.0,2332.0,411.17000018419884,2332.2500350737823,0.14152969419956207,1,1.2117426453426128,0.43569601850923145,41,control
1435,356.0,2374.0,355.0,2374.0,0.1160658672451973,1,1.3192906279457002,,41,control
1436,278.0,2412.0,277.1399518291848,2411.7600224223106,0.13927964866161346,1,1.1706007863682848,0.43110075187224545,41,control
1437,306.0,2372.0,305.49997923078354,2371.860011377594,0.13174164295196533,1,0.8106756577745774,0.29757800646660854,41,control
1438,259.0,2352.0,259.88991819959733,2351.790028826265,0.1755048632621765,1,0.5790715486226402,0.4556079062858087,41,control
1439,233.0,2337.0,233.56989758293864,2335.8600771578713,0.15247535705566406,1,1.0032201424693923,1.4621381089135659,41,control
1440,316.0,2237.0,313.0,2239.0,0.11727522313594818,0,3.9609676556437967,,41,control
1441,353.0,2395.0,352.0,2395.0,0.11163919419050217,1,1.3181722287853257,,41,control
1442,435.0,2354.0,433.54003848877556,2354.2500730017277,0.16763927042484283,1,1.8152777514893705,0.7588104300951901,41,check
1443,284.0,2309.0,284.7699647597786,2309.10000350039,0.15076737105846405,1,0.5277193239013425,0.5285312142165021,41,control
1444,356.0,2355.0,357.0,2353.0,0.10600569099187851,1,1.9623048877709344,,41,control
1445,371.0,2283.0,368.0,2281.0,0.10436565428972244,0,3.790545839077624,,41,control
1446,251.0,2316.0,250.85996251502985,2315.930011981361,0.2171788066625595,1,0.46523859281197305,0.09595482919880831,41,control
1447,437.0,2385.0,438.32996800880886,2384.6799287671115,0.12371433526277542,1,1.0357647676518291,0.5195702859826008,41,control
1448,369.0,2297.0,368.59997262180883,2297.070003079529,0.11357208341360092,1,0.7499974942520862,0.5168709992924013,41,control
1449,277.0,2275.0,276.35998287161914,2275.1099988266938,0.18311959505081177,1,0.9956877308359905,0.3562654128278199,41,check
1450,441.0,2411.0,442.41003054441035,2410.580012573015,0.16318471729755402,1,1.1352355425682357,0.4205102521666603,41,control
1451,375.0,2263.0,378.78977945875994,2261.750016091982,0.10914973169565201,0,3.641406829471131,2.419033731894879,41,control
1452,378.0,2223.0,377.0,2223.0,0.1639663279056549,1,1.327333028201283,,41,check
1453,297.0,2400.0,296.71996677480615,2400.1200020960696,0.20111782848834991,1,0.6551463889901801,0.32617313942054305,41,control
1454,273.0,2238.0,272.6399683689731,2238.3099928297192,0.3200608789920807,1,0.8289740875057031,0.37290359843997994,41,control
1455,323.0,2427.0,380.8600101734637,2110.3102172332824,0.10001441091299057,0,321.7196454059204,2.9428634374195015,41,control
1456,429.0,2379.0,430.1800045882994,2379.780056057546,0.1701858639717102,1,1.2819619945195693,0.6815396081691241,41,control
1457,235.0,2226.0,229.0,2232.0,0.1068534329533577,0,8.831213908123587,,41,control
1458,342.0,2259.0,341.0,2259.0,0.1122535988688469,1,1.3262338401734854,,41,control
1459,289.0,2226.0,289.0,2231.0,0.18213850259780884,0,5.174414110909021,,41,control
1460,226.0,2382.0,225.88992830896206,2382.810072364551,0.10741863399744034,1,1.0679601246659027,1.2254864115245927,41,control
1461,231.0,2416.0,232.6499672026074,2415.379989822998,0.13150770962238312,1,1.4139320764568322,1.421376049148402,41,control
1462,292.0,2245.0,292.97991729588676,2244.490043082723,0.2512204945087433,1,0.7465000309976372,0.5516745812882566,41,control
1463,411.0,2370.0,410.0,2370.0,0.2578207552433014,1,1.318048875621819,,41,check
1464,352.0,2217.0,354.0,2216.0,0.1064174622297287,1,1.8793546308246598,,41,check
1465,342.0,2241.0,339.0,2243.0,0.11749668419361115,0,3.959532542945478,,41,control
1466,356.0,2230.0,353.21004933282615,2231.6200531596296,0.13227464258670807,0,3.581721712868868,1.7173607853073918,41,control
1467,286.0,2424.0,283.0,2425.0,0.1867590844631195,0,3.5078942198855185,,41,control
1468,227.0,2255.0,223.0,2258.0,0.24184414744377136,0,5.356659758296279,,41,control
1469,325.0,2248.0,320.0,2248.0,0.10798848420381546,0,5.319871342133538,,41,check
1470,388.0,2342.0,388.0,2346.0,0.11193375289440155,0,4.172423988825773,,41,control
1471,606.0,2424.0,605.7500120351168,2423.9100014194946,0.2864200174808502,1,0.5544158196084635,0.1561538689910676,42,control
1472,651.0,2273.0,651.0,2273.0,0.12553268671035767,1,0.3411434516342493,,42,control
1473,583.0,2262.0,581.9400470924322,2261.9999890653808,0.18290109932422638,1,1.3792911433833608,0.6981955422339111,42,control
1474,494.0,2353.0,493.8699632054862,2352.8200169714682,0.1916845291852951,1,0.43845937826129033,0.36929616858125536,42,control
1475,633.0,2237.0,631.8799896513876,2237.519931233348,0.13745489716529846,1,1.5784117989181967,1.02124835236716,42,check
1476,537.0,2314.0,536.099998239394,2313.7400125825416,0.22779890894889832,1,1.2140807165067826,0.30348083452710756,42,control
1477,625.0,2399.0,623.7999629111899,2399.1500015885194,0.30500155687332153,1,1.531637750867325,0.2808967427196215,42,control
1478,574.0,2292.0,573.6999773600802,2292.1800436509698,0.18447245657444,1,0.6927573139922966,0.3167855543747241,42,control
1479,634.0,2336.0,634.1099956288334,2335.9500033560657,0.12117484956979752,1,0.2181871540156344,0.3477054465180179,42,control
1480,533.0,2412.0,533.2299979312166,2412.210037469796,0.18947182595729828,1,0.37082863526395093,0.1824446294819889,42,control
1481,483.0,2311.0,482.69000098087395,2311.2399417128795,0.17279042303562164,1,0.735187082669763,0.208438709954529,42,control
1482,511.0,2330.0,510.3599387542667,2330.0800104751766,0.2778100371360779,1,0.9770420957771383,0.556831395885159,42,control
1483,563.0,2263.0,563.0,2264.0,0.19699041545391083,1,1.190310426879142,,42,control
1484,492.0,2246.0,492.30998344245177,2246.2699912026183,0.1085096225142479,1,0.42268764956733124,0.4565235531829299,42,check
1485,451.0,2419.0,450.91996180939935,2418.740021041398,0.15548105537891388,1,0.39776959940680096,0.5719881534241905,42,control
1486,663.0,2362.0,663.0,2364.0,0.2554897367954254,1,2.1661357643673838,,42,control
1487,498.0,2282.0,498.46994273879955,2282.220049816969,0.12266182899475098,1,0.4051797439993096,0.6333453315931482,42,control
1488,591.0,2392.0,590.8299202462659,2391.850025541715,0.27471140027046204,1,0.473536850688897,0.15090814789607834,42,control
1489,527.0,2231.0,525.5399813736684,2231.4800286724144,0.11647886782884598,1,1.8830341219740583,0.8221419111310125,42,control
1490,586.0,2228.0,585.9999537163551,2228.1800023188503,0.13050484657287598,1,0.45273081810352417,0.17858070373972998,42,control
1491,544.0,2373.0,544.0,2373.0,0.2166534811258316,1,0.34124874072048844,,42,control
1492,456.0,2392.0,453.80004124284375,2393.1699356418035,0.13025224208831787,1,2.836039751914925,0.8168378255854628,42,control
1493,447.0,2349.0,446.3500047724983,2349.0300911313284,0.1350909322500229,1,0.9770077061059367,0.18366605353896964,42,control
1494,581.0,2394.0,580.6498861888773,2393.62004421874,0.24335813522338867,1,0.6928479470387098,0.26711533004313,42,control
1495,660.0,2421.0,659.8099743299518,2421.0000527825223,0.22618107497692108,1,0.5116869878067725,0.19745108122890145,42,control
1496,502.0,2434.0,501.0499969534046,2434.0799969616382,0.24753619730472565,1,1.274682947501268,0.2516925300552793,42,check
1497,486.0,2412.0,484.8299282924951,2412.0700601946364,0.19837145507335663,1,1.4916701061063722,0.8399484459241927,42,check
1498,567.0,2232.0,567.1900879429945,2232.270013760203,0.10746832937002182,1,0.4357635039514472,0.9428980693743753,42,control
1499,525.0,2365.0,523.0,2367.0,0.23210415244102478,0,3.1551748469223333,,42,control
1500,557.0,2421.0,556.3000351218906,2420.6100101054863,0.22033973038196564,1,1.0301804442086053,0.20805569841171576,42,control
1501,583.0,2307.0,580.7600708722481,2307.4700551815977,0.15076889097690582,1,2.6226467510923404,1.100240603808387,42,control
1502,535.0,2267.0,535.7599698461021,2266.6500233893034,0.21051940321922302,1,0.49035061025773086,0.4583728772325675,42,control
1503,519.0,2304.0,519.1600375248447,2303.9799922233665,0.25050637125968933,1,0.19999875109325504,0.21050521845960352,42,check
1504,557.0,2355.0,553.1101166336447,2357.139919541112,0.2118271440267563,0,4.780894229040662,2.0521828726332045,42,control
1505,548.0,2213.0,549.0,2213.0,0.12906664609909058,1,0.7009382503472935,,42,control
1506,612.0,2358.0,610.8300083778141,2357.9200018004803,0.14950992166996002,1,1.476648091515823,0.5268863740862855,42,control
1507,558.0,2341.0,557.0398950304885,2341.3899592907,0.15890415012836456,1,1.3777435524167179,1.2886944281860835,42,control
1508,553.0,2284.0,550.8200177967225,2284.0500403486594,0.24346880614757538,1,2.4986983378564114,0.4685530770414001,42,control
1509,462.0,2250.0,791.0,2290.0,0.10208749026060104,0,331.1356800094412,,42,control
1510,503.0,2382.0,505.6598264969602,2380.7501924582352,0.17464423179626465,1,2.5963829817441906,1.4833179681927338,42,check
1511,598.0,2364.0,598.0,2366.0,0.18508318066596985,1,2.17019554628243,,42,control
1512,468.0,2359.0,465.0,2360.0,0.15306676924228668,0,3.5041791776785534,,42,check
1513,623.0,2240.0,621.8999638326604,2239.630025722035,0.11237037181854248,1,1.4298616187246915,0.7896162811789175,42,control
1514,452.0,2321.0,449.93995627880764,2321.190001255641,0.1420402228832245,1,2.3957061172951977,1.2864235957583623,42,check
1515,622.0,2412.0,622.1699523532022,2411.580030728609,0.33349210023880005,1,0.30207928895959696,0.3335936217166878,42,check
1516,636.0,2304.0,636.2799094351494,2303.9600697236424,0.11803460121154785,1,0.10888125302560976,0.6979793694322852,42,check
1517,604.0,2278.0,604.0,2279.0,0.190792515873909,1,1.1877751808310728,,42,control
1518,524.0,2296.0,524.0899525031741,2295.9100152425035,0.25652486085891724,1,0.2290437827531907,0.4038242758350679,42,control
1519,632.0,2297.0,631.9600037370518,2296.8100080284694,0.23562899231910706,1,0.3512070902759996,0.4585659062250755,42,control
1520,547.0,2339.0,545.9999105274136,2339.060017965747,0.2024947702884674,1,1.3245480826490386,0.6073608353157623,42,control
1521,731.0,2338.0,730.8499636813956,2337.8600149880817,0.1730174869298935,1,0.45399761153481494,0.18489734469672828,43,control
1522,766.0,2292.0,767.4499964792643,2291.709873929687,0.14290553331375122,1,1.1541764684591942,0.44314374235630166,43,control
1523,825.0,2394.0,824.5800196908334,2393.9000001100976,0.21006327867507935,1,0.7196331264564299,0.16489964041008104,43,control
1524,724.0,2321.0,723.7500122414303,2320.890002308031,0.26597920060157776,1,0.5559292989730307,0.13453916914322986,43,check
1525,798.0,2367.0,797.3099872592528,2366.9000076405428,0.19258783757686615,1,0.9916158134595456,0.25144998761203896,43,control
1526,804.0,2401.0,803.2899703016657,2400.6299305758257,0.13631024956703186,1,1.035376654373484,0.16358659748026913,43,check
1527,794.0,2231.0,794.3299920443394,2231.3500322816085,0.10949094593524933,1,0.4847533529895343,0.3269021850718662,43,control
1528,674.0,2382.0,674.3000237746444,2381.709961235981,0.2311197817325592,1,0.1456530793668139,0.37185154728815917,43,control
1529,789.0,2318.0,787.8899094312708,2317.6399910634655,0.14703232049942017,1,1.431729570925264,0.4653464825868588,43,check
1530,774.0,2414.0,774.1800394215414,2413.7100044249223,0.1571660041809082,1,0.19192745354240814,0.26263558364171913,43,control
1531,811.0,2433.0,809.6199844215568,2432.840057930835,0.15656012296676636,1,1.6768954320319203,0.4623966376851473,43,control
1532,790.0,2393.0,789.6400144463045,2393.149989622332,0.20614168047904968,1,0.7195064940617988,0.3410958394582268,43,control
1533,674.0,2414.0,673.9000062995044,2413.8200069652603,0.3450566232204437,1,0.4020319656001069,0.05418180218968391,43,check
1534,812.0,2346.0,812.1899948599207,2345.6800161765623,0.14117683470249176,1,0.2158309904497983,0.28689274457146985,43,control
1535,745.0,2277.0,745.2299777124871,2277.169950393223,0.1554262340068817,1,0.3176214886884041,0.48852103890642723,43,control
1536,721.0,2379.0,721.0099997620454,2378.980000991693,0.20951083302497864,1,0.3160006383505891,0.11019356021424997,43,control
1537,779.0,2377.0,778.8000071316992,2377.1699903843046,0.1625518500804901,1,0.5878344314305765,0.4057884071764067,43,control
1538,737.0,2410.0,735.0,2410.0,0.1422286331653595,1,2.3038917687605514,,43,check
1539,771.0,2384.0,770.7199694568825,2383.8600136470436,0.17576871812343597,1,0.5804559856693638,0.16518346067579248,43,control
1540,832.0,2381.0,831.7299590064064,2380.829970656182,0.22421324253082275,1,0.5705351485560863,0.06626538092241291,43,control
1541,712.0,2215.0,711.619972352213,2215.0100059514525,0.1543899029493332,1,0.7075807046378845,0.16850349554574082,43,control
1542,784.0,2338.0,783.9099924448543,2337.1199493135473,0.11707866191864014,1,0.8406028941569492,0.49636391766806237,43,control
1543,706.0,2413.0,706.2398058534914,2412.5600188594553,0.13758914172649384,1,0.30292186453911873,0.9113451942681189,43,control
1544,747.0,2226.0,746.6999672507155,2226.160000112683,0.20563967525959015,1,0.678817497720885,0.1887543478522883,43,control
1545,752.0,2242.0,752.159945885966,2242.250000859481,0.14627869427204132,1,0.4148256433432337,0.30241950013229474,43,control
1546,762.0,2237.0,761.0,2234.0,0.1283937692642212,0,3.1489219328284697,,43,control
1547,723.0,2370.0,722.8899499381358,2370.0199638655945,0.254512757062912,1,0.4426446238475541,0.2650112063938853,43,control
1548,721.0,2213.0,720.5799746450699,2212.9600077601663,0.1528293639421463,1,0.7382575472266273,0.1611277561002959,43,control
1549,802.0,2273.0,802.3300265681111,2273.3099793161805,0.16232658922672272,1,0.445215204417883,0.8825684096199924,43,control
1550,681.0,2357.0,680.6399714636766,2357.010006157766,0.19906312227249146,1,0.6813490111783801,0.49205060975653536,43,control
1551,798.0,2304.0,798.0099120431242,2303.8700265100006,0.10900896787643433,1,0.29482771537655805,0.8786823277783804,43,check
1552,858.0,2342.0,846.0,2378.0,0.14927440881729126,0,38.169902153330376,,43,control
1553,772.0,2368.0,771.8499776769673,2367.809873613276,0.18340148031711578,1,0.45435419289134205,0.3048395735115821,43,check
1554,691.0,2330.0,690.0,2329.0,0.18771734833717346,1,1.5617939778874559,,43,control
1555,847.0,2426.0,838.0,2441.0,0.11870704591274261,0,17.762334063441635,,43,control
1556,669.0,2287.0,666.0,2287.0,0.1378062665462494,0,3.3113692658391196,,43,control
1557,695.0,2338.0,694.7100497801563,2337.7299542611945,0.21250282227993011,1,0.6081873793904674,0.29244951734294183,43,check
1558,739.0,2316.0,738.6799720592097,2315.780016788562,0.17896278202533722,1,0.6303510596915166,0.3470300229079567,43,control
1559,763.0,2316.0,763.3899402066952,2315.810022779889,0.25898823142051697,1,0.09999841816567953,0.42910346906420455,43,control
1560,856.0,2355.0,860.0,2117.0,0.13897205889225006,0,237.9004464333431,,43,control
1561,721.0,2389.0,720.0,2391.0,0.1116282194852829,1,2.5060066659153954,,43,control
1562,736.0,2393.0,738.5598972357034,2393.6302752958536,0.1080743595957756,1,2.3873757789904992,1.3062509929592496,43,control
1563,774.0,2348.0,779.690066245367,2347.2200211393833,0.12640881538391113,0,5.425803297684644,1.9204140835609012,43,control
1564,793.0,2357.0,793.4599852372846,2356.4500291799645,0.1736793965101242,1,0.4425118583179446,0.6942717690945026,43,check
1565,783.0,2427.0,782.7899763532129,2426.8900574631593,0.16220489144325256,1,0.5084496577784049,0.2891573796197783,43,control
1566,690.0,2269.0,690.0,2270.0,0.13793537020683289,1,1.1823290773599848,,43,control
1567,696.0,2240.0,695.9300030067208,2240.009998833634,0.17113371193408966,1,0.4091321969925039,0.6655109012666883,43,control
1568,241.0,2494.0,239.4099491180531,2494.8600651916845,0.11525296419858932,1,2.1574426062956595,0.6404007130692393,45,control
1569,376.0,2655.0,375.589975954467,2654.790015415883,0.22592531144618988,1,0.7031887069248438,0.10438986892327627,45,control
1570,314.0,2567.0,311.8498817392544,2567.1900653854095,0.17965452373027802,1,2.4748049296865378,0.46955230855449764,45,control
1571,424.0,2614.0,423.7800078139221,2614.1899892894544,0.17501480877399445,1,0.6235716471468408,0.23226600076800605,45,control
1572,403.0,2625.0,402.9000056805637,2624.880004299651,0.16561660170555115,1,0.3957610344615407,0.37101852873906926,45,control
1573,356.0,2648.0,356.0,2649.0,0.1885502189397812,1,1.204790336184806,,45,check
1574,300.0,2539.0,300.0,2539.0,0.18527863919734955,1,0.3450516742544865,,45,control
1575,330.0,2474.0,329.25994515692787,2473.8900178847052,0.1317937821149826,1,1.045249173351637,0.18708021340477984,45,control
1576,440.0,2458.0,437.3300712349982,2458.980171684323,0.17366239428520203,0,3.1835803414430313,0.9603570983781747,45,check
1577,306.0,2499.0,306.9999671267369,2497.88006007372,0.1393776834011078,1,1.1794566332919327,0.3158924506975943,45,control
1578,279.0,2495.0,278.48002568086747,2494.750005742553,0.19842977821826935,1,0.8272010173433794,0.44684488278218,45,control
1579,273.0,2465.0,271.7199679095308,2465.01000698302,0.12444990873336792,1,1.5955383498101285,0.5114740458024241,45,control
1580,355.0,2499.0,354.7200122331968,2499.0199962230736,0.11883734166622162,1,0.6106010624763764,0.2785357353087273,45,check
1581,383.0,2526.0,382.8400552487587,2525.6400040274693,0.1741824448108673,1,0.49922498751483296,0.8990828822849269,45,control
1582,353.0,2549.0,353.6599093675124,2548.330146059321,0.10854736715555191,1,0.619228288567271,0.3802373794058643,45,control
1583,359.0,2617.0,359.89991899321046,2616.6700342606405,0.17059865593910217,1,0.6267660735196714,0.6353635818962688,45,control
1584,435.0,2528.0,436.0,2527.0,0.24175792932510376,1,1.0932991668800083,,45,check
1585,371.0,2601.0,366.0,2603.0,0.12670855224132538,0,5.72151975126983,,45,control
1586,328.0,2653.0,327.6700589845176,2653.0099858358794,0.20103995501995087,1,0.6484925980890401,0.17252619886347953,45,check
1587,280.0,2452.0,278.34994157114096,2452.850020590189,0.1481284201145172,1,2.2057377289054427,0.5513283472617826,45,control
1588,382.0,2581.0,381.43998303111755,2580.750015645604,0.16487862169742584,1,0.8603557030923402,0.25917480389449493,45,control
1589,373.0,2559.0,370.65997439194115,2558.640022802004,0.13431371748447418,1,2.644895382419485,1.3127811939833594,45,control
1590,330.0,2456.0,329.51997782646316,2455.9100093625666,0.13145744800567627,1,0.7884630362310983,0.18884083032728785,45,check
1591,428.0,2439.0,427.59992148979507,2439.719984517773,0.19745884835720062,1,1.1271060207082397,0.9345502743621042,45,control
1592,383.0,2513.0,382.06990452914613,2513.3400062483342,0.14435213804244995,1,1.3297631517355843,1.1882453441928353,45,control
1593,441.0,2514.0,441.5199441279458,2513.870065882141,0.23663368821144104,1,0.22305674831263944,0.6066005650753832,45,control
1594,225.0,2520.0,225.88991995326262,2519.620036378825,0.14187288284301758,1,0.6220887189292325,0.7924566862212769,45,control
1595,262.0,2648.0,262.9699893666178,2648.1599481554153,0.1706310510635376,1,0.7536657394481386,0.41953950034527476,45,control
1596,267.0,2638.0,267.86991867550665,2637.8300268428784,0.1481613665819168,1,0.5749216269247182,0.49612085081757284,45,control
1597,294.0,2548.0,295.0,2549.0,0.2544265687465668,1,1.3638746242132,,45,control
1598,399.0,2497.0,398.0,2497.0,0.1662256270647049,1,1.311115612893589,,45,control
1599,416.0,2548.0,415.9099605000023,2547.9100133856814,0.19843252003192902,1,0.39439696095720783,0.25799296201035454,45,check
1600,263.0,2562.0,263.44993888212394,2561.680029174317,0.13249869644641876,1,0.21050558897960037,0.67646339506521,45,control
1601,345.0,2545.0,342.0,2546.0,0.2061607986688614,0,3.4995741981525224,,45,check
1602,401.0,2588.0,401.0,2589.0,0.1531057506799698,1,1.2017018092083822,,45,control
1603,397.0,2482.0,395.9999678488344,2481.8100631835973,0.19323378801345825,1,1.302175173500874,0.6641377391429308,45,control
1604,257.0,2474.0,255.46988613947627,2474.4000077089963,0.16337062418460846,1,1.922048965624554,0.9430604428885433,45,control
1605,364.0,2462.0,365.0,2462.0,0.11753419041633606,1,0.7155131797636921,,45,control
1606,425.0,2654.0,424.0,2654.0,0.11491543054580688,1,1.30145932668007,,45,control
1607,426.0,2592.0,425.3600026777216,2593.1900841261936,0.1297764629125595,1,1.644867809980668,0.39216893586439017,45,control
1608,327.0,2619.0,327.16999543898686,2618.710014637444,0.18229202926158905,1,0.1733716840026592,0.30319089756519496,45,control
1609,329.0,2639.0,327.86005828018,2639.2600211159756,0.22775305807590485,1,1.4968567665329444,0.4809239542185825,45,control
1610,244.0,2454.0,243.80996298270568,2454.100003913017,0.11823944002389908,1,0.5659833367100571,0.5960067216832676,45,control
1611,320.0,2529.0,319.78000224345584,2528.72996529897,0.17942865192890167,1,0.5303399772254408,0.14025928197750606,45,check
1612,302.0,2581.0,300.65996851200447,2581.2099974787147,0.2258792370557785,1,1.681462633805978,0.38357168799003444,45,control
1613,412.0,2537.0,412.5800239202615,2536.4900183250948,0.17698289453983307,1,0.44687754122968376,1.6661789141219623,45,control
1614,257.0,2520.0,254.740014851991,2520.680011534507,0.23692357540130615,1,2.7003092618118574,0.8683424013536509,45,control
1615,663.0,2438.0,662.7599799554669,2437.6700669275897,0.18516454100608826,1,0.5697651498104535,0.10051082019130791,46,control
1616,645.0,2493.0,643.2700514818348,2494.4598728638925,0.1551240235567093,1,2.5869593048626762,1.3411120243595986,46,control
1617,456.0,2563.0,455.38998236406877,2563.03000269031,0.27596065402030945,1,0.9257856741714889,0.23841081072936432,46,check
1618,454.0,2547.0,453.4600230620733,2547.0899904311195,0.27668502926826477,1,0.8736011111328265,0.16197324654249573,46,control
1619,587.0,2584.0,586.9399936909692,2584.8699607297235,0.22086891531944275,1,1.082394680058854,0.555846755393783,46,check
1620,493.0,2531.0,491.1699934790079,2530.9000061963475,0.2537841796875,1,2.1278686600725694,0.18549785442058975,46,control
1621,549.0,2604.0,549.04989427675,2603.419958061052,0.14564551413059235,1,0.4878692635281888,0.5705346415878918,46,control
1622,634.0,2438.0,632.2798880816953,2438.029977760119,0.19943195581436157,1,2.027817642164253,0.500040463838917,46,check
1623,534.0,2564.0,533.7899553092291,2563.9299668324406,0.23595792055130005,1,0.5116353396285946,0.4892079884373328,46,control
1624,453.0,2633.0,455.0,2636.0,0.11841760575771332,0,3.594529437385346,,46,check
1625,665.0,2449.0,664.6799721623665,2448.7700172328305,0.2799701988697052,1,0.6242644640364238,0.13907863291476297,46,control
1626,574.0,2458.0,573.6199677101578,2457.4599859593823,0.25532522797584534,1,0.7828572110131164,0.4572531285709848,46,control
1627,548.0,2461.0,548.0999866858343,2460.8599628245,0.22058193385601044,1,0.20061918719244928,0.19490586487471823,46,control
1628,601.0,2585.0,600.3399807686089,2585.3999857366016,0.1932489424943924,1,1.1005868309767626,0.3492852030109113,46,control
1629,557.0,2567.0,557.099994938377,2567.0599983659586,0.14556851983070374,1,0.2893666462888213,0.4063334100955885,46,control
1630,578.0,2568.0,575.6201608909666,2567.960011336903,0.11994373053312302,1,2.6754593246906087,1.4250966560609393,46,control
1631,503.0,2461.0,502.0,2459.0,0.2919231355190277,1,2.2566450903634068,,46,check
1632,456.0,2464.0,454.0,2464.0,0.2659599184989929,1,2.307301757961192,,46,control
1633,474.0,2614.0,474.13999460549906,2613.9200049983406,0.14838840067386627,1,0.17258381282357735,0.6033956869380476,46,control
1634,499.0,2651.0,497.84005174142806,2650.9799889223495,0.17681512236595154,1,1.4564462974286503,1.1258069146299061,46,control
1635,545.0,2497.0,544.3599851410684,2496.8900086005947,0.3485334813594818,1,0.9391320670829186,0.0874961899376332,46,control
1636,507.0,2574.0,506.5599424540297,2573.860066739036,0.256504625082016,1,0.7344712358547713,0.4944875254978491,46,control
1637,606.0,2457.0,607.7898675903081,2456.8199923507477,0.139036625623703,1,1.4909432017019084,0.8939955651069426,46,control
1638,561.0,2489.0,560.1099103856752,2488.6000395368105,0.2574908137321472,1,1.213664604370937,0.28507669139840236,46,control
1639,452.0,2622.0,451.1399940897152,2621.9700027769995,0.13263244926929474,1,1.1599790174145204,0.9263950092403126,46,control
1640,536.0,2530.0,535.3499815622221,2529.279991170977,0.2407623827457428,1,1.101838643638685,0.8714613268439151,46,check
1641,519.0,2528.0,519.099965366131,2527.6200726562615,0.3503839373588562,1,0.2976608674017429,0.3012661605569704,46,control
1642,486.0,2466.0,485.50997703285003,2466.030003928191,0.2519901394844055,1,0.8129758684541292,0.15708831577003185,46,control
1643,515.0,2567.0,513.4900375122564,2566.560058713629,0.21239317953586578,1,1.826397194710631,0.5334153608753794,46,check
1644,601.0,2566.0,599.0,2561.0,0.16649547219276428,0,5.362607356107256,,46,control
1645,566.0,2506.0,565.3799401351795,2505.8600204553913,0.2775178551673889,1,0.9172734982746348,0.3542172098493547,46,check
1646,524.0,2464.0,522.3600016461537,2464.290079683511,0.25309181213378906,1,1.9908663253379035,1.1277295286395956,46,control
1647,477.0,2448.0,477.2099418078027,2448.429993378437,0.25187501311302185,1,0.5947345460705529,1.005498480753442,46,control
1648,494.0,2508.0,493.7999704416352,2507.4200340201,0.2175152450799942,1,0.6532783427967469,0.630123842179255,46,control
1649,462.0,2511.0,460.0,2509.0,0.180685356259346,1,2.9448048989045494,,46,control
1650,548.0,2623.0,548.0199017989617,2622.8199844076753,0.1796548068523407,1,0.2715423372327123,0.7843853366101735,46,control
1651,488.0,2567.0,488.83000971885235,2566.7900075759676,0.24423111975193024,1,0.5374642998060624,1.399524803748337,46,check
1652,644.0,2505.0,643.4099714693243,2504.999959802605,0.13653382658958435,1,0.898056506279103,0.265517265432314,46,control
1653,519.0,2516.0,516.3899375246187,2517.070011228915,0.32716020941734314,0,3.1555848996464593,0.4905991648230582,46,control
1654,526.0,2645.0,526.4899722477634,2644.5799792871253,0.1719951629638672,1,0.32956137396820356,0.4863238082865306,46,control
1655,469.0,2582.0,469.7600426072895,2581.209933452103,0.19048407673835754,1,0.782963502059033,0.6727455127241072,46,control
1656,601.0,2499.0,601.0099378323201,2498.3701375770574,0.13549315929412842,1,0.5581786388290271,0.516065334063277,46,control
1657,591.0,2472.0,587.0,2471.0,0.18206000328063965,0,4.381745894771329,,46,control
1658,542.0,2583.0,541.5300242847806,2582.670009812483,0.1812736988067627,1,0.7824734106706005,0.31846642693748745,46,control
1659,453.0,2453.0,452.8999176521723,2452.8000284851532,0.197162464261055,1,0.4046489795548207,0.24801701112812005,46,control
1660,622.0,2471.0,622.8500255417148,2471.170079753734,0.14523456990718842,1,0.6376627747064888,0.5036769103009212,46,control
1661,548.0,2483.0,547.7900454007562,2482.809951532303,0.2542077302932739,1,0.5100742346272342,0.21921875640806127,46,control
1662,657.0,2496.0,661.0,2500.0,0.10091295838356018,0,5.560974574030642,,46,control
1663,562.0,2519.0,566.0,2516.0,0.23358826339244843,0,4.671014380373855,,46,control
1664,675.0,2462.0,674.3299246135539,2461.579943525472,0.21829070150852203,1,1.005787750363122,0.5209914287058051,47,control
1665,839.0,2439.0,532.7600017909541,2413.85995931717,0.12490621209144592,0,307.5599157756647,0.4766510992606886,47,control
1666,807.0,2564.0,806.4699724142024,2563.649975970934,0.10799277573823929,1,0.8454642260850006,0.6106231116939441,47,control
1667,805.0,2540.0,802.8400605097546,2540.130026685149,0.10789719223976135,1,2.465174207004286,0.6092212266617982,47,control
1668,708.0,2452.0,711.0,2450.0,0.10677365958690643,0,3.2786113614001122,,47,control
1669,781.0,2441.0,780.6700147640083,2440.9899970400943,0.1691216379404068,1,0.6399620307997921,0.0687090541620794,47,control
1670,856.0,2479.0,850.0,2479.0,0.10814277082681656,0,6.294634288780038,,47,control
1671,700.0,2506.0,700.9398431139119,2506.240118834981,0.16578388214111328,1,0.751689870815055,1.6506771401303282,47,control
1672,788.0,2435.0,787.7800105991553,2434.920001284697,0.16206170618534088,1,0.5203327004726753,0.1150417294422408,47,control
1673,804.0,2461.0,803.4298481317816,2460.950037604118,0.11034949868917465,1,0.8698016909172581,1.1779564392814432,47,check
1674,797.0,2459.0,797.5301323255879,2458.8100718150167,0.10611332207918167,1,0.24029058351925253,1.0190791512484951,47,control
1675,683.0,2594.0,786.4699798414907,2316.9300079582463,0.11156899482011795,0,295.52563245233864,0.10226379051578993,47,control
1676,791.0,2532.0,789.270039446242,2532.3200226797944,0.1047777533531189,1,2.072909790918065,0.7699487301421541,47,control
1677,697.0,2457.0,696.3099362303958,2456.5399895230544,0.15850231051445007,1,1.0367423114220033,0.2799496551839617,47,check
1678,724.0,2486.0,725.1899938283528,2485.7800117338797,0.11800124496221542,1,0.8980666701859787,0.8165834920772526,47,check
1679,707.0,2492.0,709.0,2493.0,0.1382165104150772,1,2.053439901519579,,47,control
1680,747.0,2462.0,747.499944191228,2460.9500621216816,0.12281785160303116,1,0.9309326314574269,1.0724307113582625,47,check
1681,755.0,2612.0,755.0,2610.0,0.15051406621932983,1,1.878061970855456,,47,control
1682,791.0,2560.0,792.7197954294846,2563.8098691081286,0.14760245382785797,0,4.201767299615255,1.0590853724802884,47,control
1683,800.0,2502.0,801.3500592749351,2501.3599225586518,0.10214666277170181,1,1.1699566905945333,0.6618460373120715,47,control
1684,723.0,2468.0,723.2900225684041,2467.8699540245325,0.13571660220623016,1,0.014534639565556326,0.4650011661593812,47,control
1685,427.0,2676.0,429.0,2672.0,0.1245923563838005,0,4.19923871163916,,49,control
1686,224.0,2688.0,224.35994071424557,2687.890018916273,0.16394050419330597,1,0.09508629513861976,0.2942659649087734,49,control
1687,292.0,2813.0,291.4299802775255,2813.060001770132,0.1612103134393692,1,0.8860113694900371,0.20591171479750478,49,control
1688,273.0,2857.0,271.94002732008056,2857.6101055611657,0.24976995587348938,1,1.5559747353864137,0.4588623303695152,49,control
1689,268.0,2830.0,268.2400293286437,2829.429973056551,0.2368871420621872,1,0.39492707201493066,0.3932694669087213,49,control
1690,245.0,2742.0,245.8099201032346,2741.950020892719,0.17106755077838898,1,0.536025497312495,0.7964851042856776,49,control
1691,390.0,2842.0,387.0100197407105,2843.349885384445,0.165955051779747,0,3.6065403903844233,1.023889589672389,49,control
1692,301.0,2706.0,302.0201615515509,2705.4798931919026,0.14323776960372925,1,0.8081856566873279,0.5510521345045087,49,control
1693,362.0,2715.0,360.5299679949277,2714.819969037315,0.1387815922498703,1,1.7586451938510863,1.2408849412065055,49,control
1694,398.0,2814.0,397.5799789776548,2813.540026419432,0.1879728138446808,1,0.759711289554442,0.6792052128647367,49,check
1695,350.0,2811.0,349.8800088385494,2810.6600138672384,0.19171962141990662,1,0.43654996082226566,0.34904785123635557,49,control
1696,317.0,2864.0,316.31002570298216,2864.479971557307,0.16877636313438416,1,1.1709596536913416,0.9367305843302565,49,check
1697,226.0,2669.0,226.66991776097677,2668.779982574261,0.20900548994541168,1,0.37842920003943675,1.0181238646417008,49,control
1698,309.0,2687.0,310.7799232928614,2686.7700285800765,0.2142329216003418,1,1.4898085666458398,1.0418528201833495,49,control
1699,340.0,2820.0,340.9999975242372,2819.2399893375627,0.1621658354997635,1,0.9269129530661743,0.28991532144667476,49,control
1700,396.0,2658.0,395.9500389114052,2657.7499558484205,0.2830687463283539,1,0.3513549076236156,0.261970042168088,49,control
1701,261.0,2739.0,260.4999773739614,2739.0400033807664,0.15606486797332764,1,0.8181884564637115,0.2507708162055505,49,control
1702,296.0,2749.0,296.1200291925529,2748.959948272453,0.13461147248744965,1,0.21483926883315438,0.4090321172963037,49,control
1703,382.0,2807.0,383.30977533766014,2806.9101032014887,0.1389816552400589,1,1.0302913988541054,1.3064526423652465,49,control
1704,382.0,2858.0,383.01994044900465,2857.3799492129765,0.14428137242794037,1,0.8658024536073393,0.7366471118444278,49,control
1705,384.0,2704.0,385.0499253269417,2703.410091785789,0.1490834802389145,1,0.8702335593528076,0.617448028050228,49,control
1706,402.0,2709.0,401.3499761980693,2708.799968069029,0.13423722982406616,1,0.9387465163287914,0.5252256589460734,49,check
1707,334.0,2690.0,335.04005224333076,2689.070031413894,0.2115207016468048,1,1.066793249922832,0.44973271242062796,49,control
1708,234.0,2855.0,233.43990634997232,2854.570088700612,0.22287555038928986,1,0.8790268822170895,0.7079054711288991,49,control
1709,224.0,2845.0,223.2800254884351,2845.629964583813,0.2032041698694229,1,1.2898333502918884,0.25951538066266816,49,control
1710,435.0,2813.0,429.0,2816.0,0.13244622945785522,0,7.034690125575889,,49,check
1711,325.0,2666.0,324.14004491225853,2666.3500200059516,0.25542891025543213,1,1.264471065432201,0.3757183122232039,49,control
1712,278.0,2748.0,278.2699019363453,2747.730035411832,0.13321763277053833,1,0.09641562452741004,0.5881954382808742,49,control
1713,345.0,2675.0,346.4600922465241,2674.6900867398163,0.1608610898256302,1,1.1771971819769707,0.5269073519911606,49,control
1714,224.0,2777.0,223.83996350672308,2776.9200122193156,0.3199613094329834,1,0.4584148905168258,0.17043935779685288,49,control
1715,261.0,2689.0,260.57002756239007,2689.180031994253,0.20539160072803497,1,0.8047077814015472,0.44573619885726634,49,control
1716,349.0,2869.0,349.2799317864206,2869.099964334563,0.14682817459106445,1,0.2733795496851878,0.6291257661558989,49,check
1717,355.0,2858.0,352.7300942468537,2858.6399481502435,0.183007150888443,1,2.6764657723620586,1.5267735283703359,49,control
1718,363.0,2656.0,362.6100064949987,2656.0499493287216,0.14975903928279877,1,0.7161756645700349,0.16938343633665517,49,control
1719,398.0,2740.0,396.0,2742.0,0.10644661635160446,0,3.1508379545285066,,49,control
1720,296.0,2669.0,295.53997879474883,2668.7300175657083,0.2755105197429657,1,0.7588951495912737,0.31243350287642047,49,control
1721,306.0,2778.0,307.14987724894013,2777.639904891896,0.18397222459316254,1,0.8838005406308151,0.924133700391742,49,control
1722,434.0,2723.0,435.5199003200637,2722.8100788634288,0.11686323583126068,1,1.2335046750408534,1.8800498697972479,49,control
1723,316.0,2849.0,316.7500584219185,2848.7199995449123,0.22250600159168243,1,0.48027694896556317,0.5853242494375226,49,control
1724,294.0,2858.0,295.639976518359,2856.5200279269093,0.19649356603622437,1,1.8828695747164839,0.5480304684570603,49,control
1725,247.0,2735.0,246.71996512429763,2730.279994987778,0.11775615811347961,0,4.578755958383535,2.0292589261872362,49,control
1726,392.0,2675.0,389.60010610859086,2676.049973021031,0.2319963276386261,1,2.9527850188896805,0.6688336520408121,49,check
1727,274.0,2815.0,272.17002686805495,2815.969948343969,0.22339679300785065,1,2.4052858286700602,0.9146263924155269,49,control
1728,321.0,2802.0,321.8599098356644,2801.729986755581,0.12102935463190079,1,0.5837767783106141,0.5090660419116753,49,check
1729,362.0,2816.0,364.0,2814.0,0.1583668440580368,1,2.508614883076799,,49,check
1730,433.0,2769.0,431.0,2763.0,0.11833067238330841,0,6.2648625773239655,,49,control
1731,252.0,2782.0,250.29010997785474,2783.0099271734207,0.14305272698402405,1,2.323046319525773,0.7632619851263294,49,control
1732,238.0,2684.0,238.0,2685.0,0.18280372023582458,1,1.2123738129242432,,49,control
1733,430.0,2761.0,428.42012359584305,2762.130012036886,0.15044166147708893,1,2.2708482962406165,0.7793719293089014,49,check
1734,554.0,2699.0,552.8199624352807,2699.1100035719055,0.19698500633239746,1,1.4900874592687217,0.39123803237326776,50,control
1735,470.0,2789.0,469.0399121545146,2789.730033039226,0.1182158887386322,1,1.530760540152155,0.4617040630760222,50,control
1736,526.0,2705.0,525.4898646533339,2705.090120856949,0.13843777775764465,1,0.8343428281385529,0.6677031878454496,50,control
1737,474.0,2767.0,474.33994861744327,2767.210048920199,0.11244316399097443,1,0.37825228921489285,0.4276274349778886,50,control
1738,567.0,2691.0,567.5798880608735,2690.740038165424,0.13715624809265137,1,0.31146960179963756,1.0213017010777286,50,control
1739,474.0,2776.0,474.42994864214376,2775.820067175071,0.12479832023382187,1,0.14809805744683915,0.6260771249446819,50,control
1740,652.0,2824.0,652.2699009047775,2823.83003096915,0.2194511592388153,1,0.016889376311011985,0.5839424340431668,50,control
1741,486.0,2684.0,486.02995981083876,2683.460034615633,0.1240934208035469,1,0.45799628754476496,0.7178962515700659,50,control
1742,579.0,2676.0,579.3698968747224,2675.7900337777905,0.12553924322128296,1,0.09929451946004,0.40188561946823387,50,control
1743,626.0,2867.0,624.0,2868.0,0.1555221527814865,1,2.5516030592662653,,50,check
1744,629.0,2758.0,628.5899747165856,2757.9100100846645,0.12155497819185257,1,0.6937951507811252,0.1490331002479006,50,check
1745,612.0,2757.0,613.0,2757.0,0.11418836563825607,1,0.7354827689293727,,50,check
1746,579.0,2728.0,577.7099351710656,2727.9200656207786,0.10105942189693451,1,1.5755057732499693,1.1467042046272824,50,control
1747,502.0,2790.0,499.49001688089976,2790.559969859983,0.10437998175621033,1,2.8833860684637616,0.7578007739214526,50,check
1748,662.0,2865.0,662.6299621080504,2864.9599638491272,0.18096598982810974,1,0.3742302316673763,0.4255343058190459,50,control
1749,472.0,2700.0,472.04003738875394,2699.509967439269,0.1115078404545784,1,0.4102076975544842,0.3123910542636251,50,control
1750,448.0,2725.0,447.7899163497158,2725.400000694335,0.11398380994796753,1,0.7518178029359674,0.5000098399909033,50,control
1751,449.0,2746.0,451.0,2745.0,0.12247464805841446,1,1.9075138531200233,,50,control
1752,461.0,2686.0,461.6999133334686,2686.0799695556843,0.10273950546979904,1,0.4779979485099409,0.7309656693041905,50,control
1753,550.0,2676.0,549.1401502709896,2675.7500704575114,0.17123304307460785,1,1.1507990473332192,0.39771107688627266,50,control
1754,508.0,2690.0,507.579981247104,2689.3200361933327,0.17784307897090912,1,0.8775832021805479,0.392213541291907,50,control
1755,534.0,2675.0,534.0399588507867,2674.5100324974487,0.20371271669864655,1,0.4137394652776703,0.32678453759717097,50,control
1756,536.0,2658.0,535.2599513463349,2658.290044540799,0.22440074384212494,1,1.122013106445266,0.7573081817759977,50,control
1757,542.0,2738.0,543.0099732845028,2737.240088610043,0.11319573223590851,1,0.9425162679823884,0.5464091741929563,50,check
1758,652.0,2867.0,652.3399862359184,2866.8700092828176,0.19038733839988708,1,0.0708543776279992,0.24724963914810394,50,control
1759,548.0,2763.0,547.8999604284866,2762.960011061183,0.16070149838924408,1,0.40031127245562337,0.45215813057315335,50,check
1760,457.0,2716.0,458.0,2715.0,0.14280065894126892,1,1.0990577878225005,,50,control
1761,552.0,2751.0,552.3200242271461,2750.5799672177814,0.16952891647815704,1,0.26376440539972595,0.559716777540314,50,control
1762,485.0,2765.0,484.7800076076086,2765.209988400918,0.10398849844932556,1,0.6264593782954956,0.6505383653121843,50,control
1763,550.0,2662.0,553.0,2657.0,0.13659749925136566,0,5.550447353727981,,50,control
1764,513.0,2674.0,513.5798382698979,2673.2600253791543,0.1716439425945282,1,0.6494566397239155,2.074937009156151,50,control
1765,580.0,2762.0,578.0,2764.0,0.13194769620895386,0,3.1400894552381065,,50,control
1766,564.0,2678.0,565.0,2680.0,0.11661986261606216,1,2.271683886797447,,50,control
1767,523.0,2759.0,524.4700087947961,2758.429931002334,0.10076052695512772,1,1.255821797074526,1.3449863635317494,50,control
1768,647.0,2842.0,646.6900151133533,2841.8700025776266,0.19994476437568665,1,0.5858965762989152,0.43628164276239223,50,check
1769,568.0,2700.0,567.0,2700.0,0.17115023732185364,1,1.2949996613119488,,50,control
1770,529.0,2733.0,529.0599043207229,2732.7098016842833,0.10181106626987457,1,0.2593778719513989,1.267480259387382,50,control
1771,772.0,2802.0,771.5599663526526,2801.8499680139803,0.11411108821630478,1,0.7153793017082767,1.4423023428888948,51,control
1772,776.0,2844.0,775.3699845936434,2843.9000082594835,0.20539900660514832,1,0.9039995516768345,0.15916595384663795,51,check
1773,729.0,2825.0,728.3199401187125,2825.1200082854766,0.21220526099205017,1,0.9922404878203445,0.2347159134556928,51,check
1774,715.0,2793.0,714.939958960884,2792.930012806615,0.16196691989898682,1,0.34638687805032004,0.25666287174387503,51,check
1775,739.0,2867.0,733.0,2872.0,0.13345679640769958,0,8.115647858958212,,51,control
1776,680.0,2876.0,679.5300113901827,2875.9199542789543,0.22445423901081085,1,0.746328656171726,0.19005082621830063,51,control
1777,776.0,2700.0,774.8500088303159,2699.790007782281,0.1221126914024353,1,1.43287990249498,0.19005298216142044,51,control
1778,795.0,2750.0,794.800010123246,2749.880003268083,0.12492068111896515,1,0.4786121588118046,0.15072848466636868,51,control
1779,690.0,2764.0,690.1300763729678,2763.6499518322466,0.13992299139499664,1,0.24879360312029727,0.2292155836802455,51,control
1780,675.0,2777.0,674.669971059283,2776.92001046565,0.14562493562698364,1,0.6130101203312962,0.39176095870560307,51,control
1781,774.0,2833.0,773.440035710483,2832.9500408713843,0.17274679243564606,1,0.8390624989895229,0.14813080412510615,51,control
1782,686.0,2864.0,685.5099774454771,2863.990005705264,0.2966914474964142,1,0.7766219262250535,0.11281267214678706,51,check
1783,789.0,2723.0,790.0599850587334,2722.1899477510215,0.13441121578216553,1,1.0257864402671917,0.48440471204391855,51,check
1784,684.0,2847.0,683.5899652261616,2846.829969211987,0.29729437828063965,1,0.6846064777290389,0.2052673974855877,51,control
1785,708.0,2833.0,707.6100552881571,2833.3201594675934,0.1529371589422226,1,0.8148345109783893,0.3536795500789011,51,control
1786,755.0,2869.0,754.379896017827,2868.830032103874,0.2368161380290985,1,0.8920042815407396,0.23547508639642506,51,check
1787,692.0,2814.0,686.2002379032208,2810.6100566648506,0.15336531400680542,0,6.885097056038522,0.5449851590515573,51,control
1788,714.0,2811.0,713.9800274692358,2810.7299126196044,0.1367626041173935,1,0.31919083680920873,0.11955432733069869,51,control
1789,742.0,2748.0,740.4799914665662,2748.760060040786,0.10372461378574371,1,2.0151298679633114,0.4085409445552381,51,control
1790,740.0,2819.0,739.6600148988061,2819.019995604133,0.17191512882709503,1,0.6377222858544103,0.13021273070674338,51,control
1791,792.0,2862.0,791.7900075759675,2862.169990281148,0.37890782952308655,1,0.5761812793692153,0.21588192169263207,51,control
1792,824.0,2697.0,823.0,2697.0,0.11915476620197296,1,1.2884317699370063,,51,control
1793,710.0,2860.0,709.4000082941863,2859.7799147308483,0.21597012877464294,1,0.8757484248280357,0.36966883639062803,51,control
1794,729.0,2746.0,729.429939976974,2745.66002985654,0.14281673729419708,1,0.2437144994938629,0.5774098030736071,51,control
1795,864.0,2707.0,858.0,2725.0,0.10714919865131378,0,19.195818070983,,51,control
1796,714.0,2871.0,713.7000048691906,2871.8199604753017,0.2645869851112366,1,1.1275821025852668,1.4372154872800391,51,check
1797,746.0,2833.0,745.2598920649352,2832.7299908818522,0.15500465035438538,1,1.0213071025380387,0.5366044638116171,51,control
1798,777.0,2863.0,776.5400652757885,2862.9599867161824,0.30747660994529724,1,0.7393900818277823,0.08705497954500234,51,control
1799,788.0,2810.0,787.0,2809.0,0.13293156027793884,1,1.5342621617560714,,51,control
1800,673.0,2767.0,678.0,2762.0,0.12773269414901733,0,6.766793930911381,,51,control
1801,696.0,2826.0,695.9198245058163,2826.130034661972,0.20618873834609985,1,0.4536821981658511,0.9232452573043683,51,control
1802,709.0,2767.0,709.6199943246079,2766.880100580585,0.11892902851104736,1,0.3426571264183219,1.2065448034177038,51,control
1803,784.0,2800.0,783.6300205641958,2799.6000139539283,0.11003368347883224,1,0.6934046638098857,0.5727235028634353,51,control
1804,779.0,2872.0,778.4999779929021,2871.980006046376,0.32906174659729004,1,0.7815278770614666,0.05211090227930051,51,control
1805,685.0,2834.0,684.9099513190486,2833.799973845809,0.2662854492664337,1,0.368229884299441,0.4002836141674356,51,control
1806,793.0,2769.0,792.3799838399048,2768.9300070298355,0.1307915300130844,1,0.9000434868690003,0.44080260085770473,51,control
1807,801.0,2713.0,803.0,2711.0,0.1546485871076584,1,2.5309726816256717,,51,control
1808,722.0,2861.0,721.469978294139,2861.080001294223,0.29474350810050964,1,0.8353422353825144,0.14803365452403816,51,control
1809,765.0,2870.0,764.5099781675747,2869.920008815142,0.3351847231388092,1,0.7644934492938771,0.16720628058404596,51,check
1810,790.0,2843.0,787.0,2842.0,0.1228877604007721,0,3.3820605899802194,,51,control
1811,666.0,2795.0,666.9499247149416,2794.9000689850777,0.12412060797214508,1,0.674212247086266,0.8997167285748591,51,control
1812,260.0,2879.0,258.9900433237393,2879.1499829171416,0.36394059658050537,1,1.3319409693446442,0.11978420663445541,53,control
1813,239.0,2905.0,239.61997751005222,2904.510028164864,0.2202388495206833,1,0.4599335068554179,0.42070789459605773,53,check
1814,372.0,3057.0,371.43996869232467,3056.1399538923206,0.10968390107154846,1,1.0741260000565334,0.6255428956865142,53,control
1815,395.0,3057.0,394.2699376979984,3057.5699877776224,0.18955150246620178,1,1.2445778663217233,0.5278733377367465,53,control
1816,245.0,3027.0,244.84999541993406,3027.0899500274113,0.21677140891551971,1,0.502549012301771,0.10802817173680386,53,control
1817,310.0,2916.0,309.45996924798317,2915.999960318389,0.2938940227031708,1,0.8364181054250538,0.32750563785671294,53,control
1818,294.0,2933.0,292.53997374006644,2933.2199957965654,0.20849810540676117,1,1.7818705118149822,0.439763788549026,53,control
1819,290.0,2877.0,290.2799412768447,2877.1800052072404,0.26776111125946045,1,0.35711659228273973,0.6082105481216592,53,control
1820,326.0,2996.0,324.47992754311133,2996.6499863897693,0.10900483280420303,1,1.9741975072409004,1.15705138648288,53,control
1821,258.0,3007.0,258.44998155528145,3006.8500113060786,0.16508612036705017,1,0.17971371487608964,0.5425742063221212,53,check
1822,242.0,3014.0,240.93988774704832,3014.220109407839,0.20025582611560822,1,1.3926152562773393,0.38889098778562115,53,control
1823,244.0,2949.0,243.07994386964546,2948.7899760437426,0.22533482313156128,1,1.1972433743595516,0.34672295465765307,53,control
1824,250.0,3052.0,252.5100779558393,3050.8600352762173,0.21275953948497772,1,2.435521882865649,1.7625707246463178,53,control
1825,412.0,2994.0,411.44993547795013,2994.010014513465,0.12034554779529572,1,0.8408721098376128,0.8840828546077091,53,check
1826,246.0,3045.0,246.2498718084408,3044.4301032760663,0.14729155600070953,1,0.38745824988349264,1.062544698505235,53,control
1827,386.0,3039.0,386.1599706435939,3038.850107483856,0.12666234374046326,1,0.11143286186026997,0.8090198999833027,53,control
1828,260.0,2978.0,257.0,2976.0,0.12531015276908875,0,3.7461792224781023,,53,check
1829,424.0,3067.0,423.0,3068.0,0.1507166475057602,1,1.7259358953854347,,53,control
1830,295.0,3033.0,295.5299049304778,3032.3201007357284,0.11351312696933746,1,0.5632088171408621,0.6636454848250376,53,check
1831,227.0,2985.0,226.51998917370935,2984.8100582320717,0.15194138884544373,1,0.7550489789683099,0.5378850276086844,53,control
1832,393.0,2914.0,390.72002265203196,2915.0100410941645,0.1375419795513153,1,2.8159835525111543,0.6138047404299839,53,control
1833,339.0,2898.0,338.07004348323767,2897.789999736052,0.12403364479541779,1,1.2085214580226575,0.282947140357807,53,control
1834,415.0,3080.0,414.7800024497694,3079.709966187507,0.22168058156967163,1,0.49939989858182593,0.2303289666865207,53,control
1835,252.0,2943.0,253.0,2943.0,0.20593535900115967,1,0.7452255428903785,,53,control
1836,408.0,2930.0,409.0,2929.0,0.1216706857085228,1,1.1014375021586418,,53,check
1837,360.0,2948.0,358.9400035940204,2947.9100033794734,0.166131854057312,1,1.3372952798429762,0.23324117816679457,53,control
1838,271.0,3098.0,270.4999803655082,3097.7500162645447,0.10179290175437927,1,0.7703462631420883,0.3614620475617876,53,control
1839,278.0,3056.0,277.5999820090761,3056.160043507938,0.16487666964530945,1,0.7517466215916494,0.40310226986011194,53,control
1840,320.0,3090.0,319.8599518898812,3089.9599662217333,0.15479449927806854,1,0.43015940507885886,0.6203002961948582,53,control
1841,342.0,2917.0,342.2500000342269,2915.9200505598883,0.21582669019699097,1,0.9055977141105603,0.4246401231303826,53,control
1842,306.0,2935.0,306.6299579123731,2935.060147429415,0.10382531583309174,1,0.42584886371872777,0.5977734715396902,53,check
1843,290.0,3007.0,289.91000451419796,3006.95000129293,0.2169945240020752,1,0.3849339668350999,0.3618127884963056,53,control
1844,276.0,3012.0,276.26003689896345,3011.610009692859,0.19770190119743347,1,0.20977980087786258,1.0561127378517414,53,control
1845,376.0,2951.0,373.0,2951.0,0.14344561100006104,0,3.278772981142328,,53,control
1846,354.0,3006.0,353.0,3005.0,0.14790238440036774,1,1.515091270472816,,53,control
1847,391.0,2931.0,387.6899781138188,2932.1500448806173,0.11849013715982437,0,3.821154283256538,0.920182421481564,53,control
1848,354.0,3095.0,354.6399346704557,3094.270049349293,0.25134503841400146,1,0.6671468470959986,0.8464904655670982,53,control
1849,285.0,2979.0,285.35002279118464,2978.5899670829835,0.31278571486473083,1,0.24277967828867883,0.4814487498683197,53,control
1850,376.0,2994.0,372.0,2998.0,0.16019034385681152,0,5.972576615178472,,53,control
1851,356.0,2961.0,357.3799016914501,2960.280056538627,0.16097445785999298,1,1.2330731671741686,1.041142808941681,53,check
1852,362.0,2896.0,361.929912812037,2895.140013689504,0.11293770372867584,1,0.7698755086132503,0.8639400439030721,53,control
1853,372.0,2919.0,371.05000572173117,2919.2300347244377,0.14950300753116608,1,1.2906816580686775,0.853907090434806,53,control
1854,360.0,3063.0,357.5399255995994,3064.5799901185874,0.21055983006954193,0,3.2444792016664605,2.318112490251166,53,control
1855,390.0,2957.0,390.9598259266037,2956.8200488469142,0.10826876014471054,1,0.6863902643897899,0.7983789851684203,53,control
1856,282.0,2914.0,282.02001365657,2913.5900628481336,0.37665456533432007,1,0.3468500594683723,0.43867530538176164,53,control
1857,338.0,2952.0,340.0,2952.0,0.13046997785568237,1,1.7341537340015447,,53,control
1858,406.0,3042.0,403.2499491085267,3042.5500328866683,0.14966309070587158,1,3.1036729972781822,1.1618409257753426,53,control
1859,246.0,2881.0,244.26002348858162,2880.9099519379893,0.2911524474620819,1,2.022866701014922,1.3073063218493712,53,check
1860,287.0,3056.0,289.04987708331794,3053.7800856635426,0.11009525507688522,1,2.7070056398474285,1.414518460275792,53,control
1861,443.0,3017.0,439.0,3017.0,0.1030409187078476,0,4.27234779075553,,53,check
1862,506.0,2954.0,505.1899456878859,2954.140006055902,0.13729998469352722,1,1.1238442236297639,0.48932380783556906,54,check
1863,559.0,3044.0,558.4499807300272,3043.930007751933,0.1328444629907608,1,0.8204357265605166,0.17169648126828568,54,control
1864,466.0,3098.0,465.8500457266935,3097.519965035022,0.10083404183387756,1,0.5163141980674396,0.3382951187191206,54,control
1865,522.0,3039.0,521.5999735502198,3038.9800070779434,0.1260560005903244,1,0.6819241781202384,0.28495444737782855,54,check
1866,663.0,2931.0,663.1399603911977,2930.9300592965737,0.13049520552158356,1,0.1555870623554825,0.29237717920208145,54,control
1867,594.0,2928.0,593.2399432602311,2928.1600056831494,0.1093616709113121,1,1.0797891760084937,0.14961110490156274,54,control
1868,533.0,2945.0,533.0,2940.0,0.11673198640346527,0,4.843846194246299,,54,control
1869,567.0,3000.0,566.989964269988,2999.20004575398,0.15376320481300354,1,0.6948848320057719,0.9091982322029885,54,control
1870,637.0,2987.0,633.300133499711,2984.3802321420912,0.15863510966300964,0,4.668397882840267,0.7963787778562029,54,check
1871,497.0,2937.0,496.9200041730865,2936.9400018403553,0.2365243136882782,1,0.36815015109415095,0.4340071409166082,54,check
1872,492.0,3089.0,493.10981534262254,3088.2000335120733,0.18476855754852295,1,1.0555160519002589,0.5621353752174603,54,control
1873,570.0,2902.0,566.1901179616184,2897.3601430422573,0.16682122647762299,0,6.060984058621777,2.54478535745921,54,control
1874,568.0,2926.0,567.0,2925.0,0.2247096300125122,1,1.5234879899362757,,54,control
1875,496.0,2925.0,493.35998287161914,2926.1099988266938,0.10060061514377594,0,3.1804718820964912,0.3611244198508183,54,control
1876,606.0,2964.0,607.2399292309086,2962.5199452626703,0.15671516954898834,1,1.6389131518869708,1.296457970738986,54,control
1877,541.0,2951.0,535.2301610934015,2951.6199335652627,0.1099293977022171,0,6.0914467812182,6.133858255923689,54,control
1878,500.0,2944.0,499.7400119636011,2943.9599990949964,0.2413327842950821,1,0.5467905535062852,0.4615045594327086,54,control
1879,550.0,3034.0,549.5099774454771,3033.990005705264,0.1684982180595398,1,0.7714299406308641,0.40607422492333844,54,check
1880,482.0,2984.0,481.42002576755726,2983.9999940169064,0.11739923804998398,1,0.8664420863923323,0.27693941624245405,54,control
1881,527.0,3066.0,526.9699133044132,3065.9200238760322,0.1045600026845932,1,0.30684380613394274,0.5046973341916862,54,check
1882,530.0,2926.0,532.3499924968411,2926.220038263409,0.16658137738704681,1,2.1125600296259486,0.5905720460856272,54,control
1883,639.0,2948.0,639.6199259654113,2947.2000078260344,0.16206000745296478,1,0.7319653066147267,0.8133754079421499,54,control
1884,565.0,2951.0,563.0,2958.0,0.1043408215045929,0,7.51346210777762,,54,control
1885,599.0,3002.0,599.5899288455678,3002.0500141805874,0.18998989462852478,1,0.38601867275260643,0.70824723668024,54,control
1886,504.0,3002.0,503.0,3003.0,0.1031443178653717,1,1.7235375777451842,,54,control
1887,540.0,3063.0,540.9400539007798,3062.340018387084,0.10040318965911865,1,0.8373026842966793,0.5204541594717761,54,control
1888,534.0,2936.0,534.8099650795921,2935.5902145936666,0.2047930657863617,1,0.5916805199248203,1.8265065550499084,54,control
1889,639.0,2977.0,638.6199096666396,2976.7799376316543,0.11163945496082306,1,0.6504843126027684,0.26527214896249557,54,control
1890,589.0,2943.0,589.960062708981,2942.400060354611,0.12719006836414337,1,0.8177684200750088,0.8641026223354945,54,check
1891,665.0,2886.0,665.930001459369,2885.159992169611,0.1540241837501526,1,0.9497527623511595,0.4259532785489241,54,control
1892,501.0,3046.0,502.65006699087206,3044.320016284074,0.10800383239984512,1,2.050049930155024,1.101229823548468,54,control
1893,525.0,2939.0,525.9999212557191,2938.020064169643,0.14758257567882538,1,1.0933466097821574,1.2673172094794563,54,control
1894,653.0,2957.0,654.6900303805572,2956.3900683293245,0.11336683481931686,1,1.4921453340980853,0.5322006671598019,54,control
1895,575.0,3002.0,572.3200546940524,3008.2396951306077,0.13730567693710327,0,7.04804678637479,2.8889727133080467,54,check
1896,511.0,3063.0,509.0,3064.0,0.1119900718331337,1,2.5480268830096393,,54,control
1897,565.0,2976.0,562.0,2976.0,0.13299605250358582,0,3.273033498085123,,54,control
1898,561.0,2877.0,563.9899607626575,2877.54003064886,0.10212913900613785,0,2.804076667115459,1.037835613306254,54,control
1899,503.0,3056.0,501.0,3056.0,0.12527523934841156,1,2.271596131562433,,54,control
1900,460.0,3033.0,454.670202856384,3039.289798853187,0.1066797599196434,0,8.547614418478528,1.241647169259489,54,control
1901,463.0,3062.0,458.9700780139499,3062.179926635522,0.11687879264354706,0,4.3100277941691925,1.4136558070843652,54,control
1902,785.0,2930.0,784.8899592222463,2930.120003849735,0.16898386180400848,1,0.46317797608719047,0.3880187263870076,55,check
1903,714.0,2885.0,713.5500204046974,2884.9599971350176,0.2521204948425293,1,0.7300882381041746,0.16149623731975013,55,control
1904,745.0,2940.0,744.4100204350456,2939.559969034729,0.15772724151611328,1,0.904955108101144,0.36744169277697336,55,check
1905,774.0,2888.0,773.5799757797945,2887.8500126471167,0.24876372516155243,1,0.6901670803238492,0.26137169763922186,55,control
1906,693.0,2922.0,693.4599673911611,2922.179952321561,0.2800121307373047,1,0.3842117271935986,0.564726016487331,55,control
1907,668.0,2977.0,667.9499602702812,2976.760020462332,0.19350557029247284,1,0.3277454311415108,0.4979403844437741,55,control
1908,728.0,2913.0,728.5301398560331,2913.0801042465973,0.15969659388065338,1,0.3486871845182178,0.6475191123542526,55,check
1909,730.0,2895.0,729.7999646648553,2894.9800091410793,0.3468753397464752,1,0.4885249891633621,0.09592092064497867,55,check
1910,742.0,2912.0,740.9799574932815,2911.900014552047,0.2545495927333832,1,1.2903767229047347,0.30870029340429844,55,control
1911,695.0,2943.0,694.5200204996207,2943.0799914943286,0.24161098897457123,1,0.7841261094035784,0.19075187412892344,55,control
1912,695.0,2903.0,693.0,2909.0,0.1259528398513794,0,6.5590745426146,,55,check
1913,810.0,2954.0,811.0,2953.0,0.145552396774292,1,1.125379641706993,,55,control
1914,814.0,2939.0,813.6801032765426,2938.979976956163,0.1001785472035408,1,0.5997674508990758,0.9080480829427815,55,control
1915,731.0,2933.0,729.489974826683,2933.329990393831,0.17549578845500946,1,1.8424258859053126,0.6895634256763761,55,control
1916,799.0,2983.0,798.0,2984.0,0.10400647670030594,1,1.7079384930232848,,55,control
1917,687.0,2890.0,687.1601928808649,2889.8400563497325,0.180843785405159,1,0.11169876469699622,0.4486559277954331,55,control
1918,763.0,2953.0,765.0,2954.0,0.11246682703495026,1,2.080479317809855,,55,control
1919,685.0,2951.0,682.2900310272603,2952.0499904545272,0.1273764967918396,0,3.2126132766305187,0.7226963147979513,55,control
1920,774.0,2917.0,775.2799620113581,2916.170094505154,0.15656903386116028,1,1.2194938726745246,1.1395801787063542,55,control
1921,670.0,2950.0,671.349897660102,2949.8000331272087,0.11579616367816925,1,1.082382958165525,0.9014357781024926,55,control
1922,803.0,2896.0,800.2399356266292,2895.8999728073004,0.12419191002845764,1,3.029564424864921,0.6501628308926208,55,control
1923,676.0,2889.0,675.5900735764392,2888.9400325473257,0.3273010551929474,1,0.6883995533248302,0.15805001902640753,55,control
1924,695.0,3039.0,693.7600004499159,3038.9899535416826,0.12099066376686096,1,1.5097127459299267,0.27042428979191035,55,control
1925,761.0,2880.0,760.4000389317509,2879.810046678512,0.2179248034954071,1,0.8718054700711508,0.13341157366042833,55,control
1926,670.0,3025.0,668.3300025663312,3026.330077596968,0.12425241619348526,1,2.439746138432155,1.353291280880401,55,control
1927,713.0,2922.0,712.8199643952596,2921.920012013002,0.28240150213241577,1,0.45515559867103994,0.2995419003223779,55,control
1928,686.0,2935.0,686.3098576924285,2934.5400545812336,0.1672625094652176,1,0.3081809038987066,0.5527917435763916,55,check
1929,797.0,2930.0,795.9599095192534,2930.330005557878,0.14840954542160034,1,1.391837426883649,0.8022394810516037,55,control
1930,790.0,2943.0,785.8700636126916,2943.700046098153,0.1378997564315796,0,4.477661323203773,1.0161058069719175,55,control
1931,708.0,2963.0,709.0,2965.0,0.11831976473331451,1,2.275104031747104,,55,control
1932,704.0,2884.0,714.0,2885.0,0.140934556722641,0,9.796476820216247,,55,control
1933,671.0,2990.0,671.3999422381897,2989.5700335454835,0.2249811738729477,1,0.3045384448906973,0.34474849679816433,55,check
1934,686.0,3046.0,685.3500249574771,3046.3799764126165,0.2940904498100281,1,1.0584848932872444,0.6156700130794626,55,control
1935,750.0,2882.0,749.8999752136574,2882.220276386825,0.1162259429693222,1,0.5238857721779177,0.9850176486549816,55,control
1936,706.0,2950.0,705.750066261834,2949.9600333092976,0.17957253754138947,1,0.5300018332473202,0.6088927736143505,55,control
1937,809.0,3027.0,811.059985265047,3026.169948639558,0.1017572283744812,1,1.9235547886584483,0.6816957929208909,55,control
1938,837.0,2936.0,837.9500697215327,2935.069886889336,0.12828439474105835,1,1.0409915350624506,0.6609971305001343,55,control
1939,701.0,2989.0,698.0,2987.0,0.11879260092973709,0,3.750913938150459,,55,control
1940,813.0,2909.0,812.2299961081453,2909.0802312682526,0.10363684594631195,1,1.062573201443398,0.4110257328936562,55,check
1941,815.0,2902.0,791.0,2853.0,0.11385786533355713,0,54.550697440515556,,55,control
1942,289.0,3145.0,287.5500099858623,3144.9699522639266,0.13543958961963654,1,1.7209654206563287,0.29576279281572143,57,control
1943,364.0,3132.0,363.0,3135.0,0.23005379736423492,0,3.4196961350382913,,57,control
1944,223.0,3170.0,221.0,3172.0,0.10783479362726212,0,3.1477379443953417,,57,control
1945,303.0,3115.0,295.77003133155904,3116.259886907096,0.11474418640136719,0,7.6330570871,1.2357246734897889,57,control
1946,349.0,3146.0,348.2799890046846,3145.8600091081453,0.24959410727024078,1,0.9837501025109682,0.7808746270154956,57,check
1947,345.0,3122.0,340.72989982816347,3123.259917441504,0.1568337231874466,0,4.757364963607689,1.3750728395221905,57,control
1948,370.0,3113.0,370.289908578254,3113.000068049726,0.23459219932556152,1,0.17879785367250853,0.4334000738354667,57,control
1949,277.0,3314.0,276.4100353927792,3314.1100334536222,0.15741190314292908,1,0.8948015034814062,0.3036671571917736,57,check
1950,277.0,3192.0,274.7901303344441,3193.1899140187534,0.17087452113628387,1,2.8277576639366675,1.1512259236197482,57,control
1951,440.0,3118.0,441.02990981354964,3118.000020940827,0.14690005779266357,1,0.7863004414267559,0.5690534964457183,57,control
1952,236.0,3314.0,234.22000012915018,3315.0400449191993,0.13087397813796997,1,2.3774011525283063,0.7890820315187503,57,control
1953,273.0,3234.0,272.5999345569558,3233.759839144553,0.11602628976106644,1,0.6615339623707571,0.4465466435491025,57,check
1954,267.0,3283.0,266.4799302251877,3283.389997940743,0.17589882016181946,1,0.9670026547984149,0.6050512740767096,57,check
1955,349.0,3160.0,348.92996198407184,3159.680023810164,0.20408673584461212,1,0.3608021124673944,0.7443732857826091,57,control
1956,348.0,3113.0,347.88997304525526,3112.7800633816773,0.24765212833881378,1,0.37729808656178915,0.43333070981999805,57,control
1957,273.0,3139.0,270.7499659577854,3140.070004626881,0.15056350827217102,1,2.8099125766453987,1.0094286064032856,57,control
1958,380.0,3136.0,377.3100504606101,3134.080078181682,0.20568978786468506,0,3.429090187715223,0.8668228227294597,57,check
1959,415.0,3134.0,416.26992102035024,3132.880117601454,0.16982337832450867,1,1.3815622745631586,1.7994926613488322,57,control
1960,246.0,3228.0,244.89993591092292,3225.03010712063,0.1926942765712738,1,3.0979042780232677,1.08706173754361,57,control
1961,395.0,3122.0,391.65996067208897,3122.9699637143294,0.11612533777952194,0,3.781310649799162,0.8926155178917821,57,control
1962,234.0,3152.0,233.0,3152.0,0.1945582777261734,1,1.2784427122633113,,57,control
1963,358.0,3159.0,358.2399759271807,3158.299944720893,0.2608584761619568,1,0.5219973703229012,0.6903579576214411,57,check
1964,363.0,3177.0,363.97996316690455,3176.3500389867995,0.13444824516773224,1,0.8598781902325233,0.3184051803734721,57,control
1965,356.0,3170.0,356.50989333704354,3169.5300467729594,0.155999094247818,1,0.3827489996848311,1.0695029809152405,57,control
1966,254.0,3238.0,255.08978583365868,3237.840104041917,0.11211217939853668,1,0.8309312072199918,0.8308887043156086,57,control
1967,247.0,3196.0,246.99000034111145,3196.009999452575,0.16188658773899078,1,0.3351724093627301,0.24653391548378276,57,check
1968,255.0,3134.0,253.9300031098776,3133.9999992779026,0.13068827986717224,1,1.3481777873734015,0.5500723969378631,57,control
1969,431.0,3104.0,432.0,3113.0,0.11542626470327377,0,9.202749808804377,,57,control
1970,261.0,3252.0,261.0,3254.0,0.12096347659826279,1,2.201417477877467,,57,check
1971,308.0,3295.0,306.26999728886835,3296.100042769374,0.12352671474218369,1,2.364101929492569,0.5574244345096715,57,control
1972,443.0,3153.0,444.52989740003267,3152.0500683041478,0.1628275364637375,1,1.4879793959342522,1.9409346068604394,57,control
1973,415.0,3317.0,417.48001443677805,3315.839957317316,0.10946162045001984,1,2.4353499156181235,0.877889273174595,57,control
1974,325.0,3166.0,323.22009558482995,3167.400052721009,0.23383846879005432,1,2.5824716347427876,1.9319041004160782,57,control
1975,244.0,3241.0,235.4101424714247,3241.649889662457,0.10973749309778214,0,8.88881998683588,2.6717415525062513,57,control
1976,434.0,3244.0,435.27000399405927,3243.4500716468087,0.13140493631362915,1,1.0814481126942497,0.7078363063341618,57,check
1977,229.0,3296.0,226.0,3294.0,0.12950807809829712,0,3.726118241562799,,57,control
1978,254.0,3158.0,254.0,3158.0,0.1539061814546585,1,0.3223037430217344,,57,control
1979,363.0,3168.0,363.42005905344746,3167.0799357202595,0.178299218416214,1,0.7584593871272906,0.7353631151592815,57,control
1980,253.0,3185.0,253.1899349595804,3185.179959852006,0.18019050359725952,1,0.37244042077865996,0.2815670852323996,57,control
1981,228.0,3237.0,227.46997798466865,3237.1099999614185,0.22044721245765686,1,0.8441891325612716,0.2518220026682587,57,control
1982,325.0,3175.0,325.73998641446957,3167.1300907117607,0.10597793012857437,0,7.704097506340832,1.594841383597704,57,control
1983,247.0,3296.0,247.41998814908212,3295.340033654288,0.16788221895694733,1,0.49979803426782915,0.5533112832051947,57,control
1984,275.0,3300.0,276.0,3299.0,0.12291225045919418,1,1.1031757492496899,,57,control
1985,269.0,3167.0,269.2498915807924,3166.8199867802814,0.182298943400383,1,0.013954418730361809,0.6550495791692296,57,control
1986,328.0,3156.0,327.0,3152.0,0.17535068094730377,0,4.023122533147842,,57,control
1987,231.0,3218.0,227.0,3215.0,0.10223077237606049,0,5.105672879220389,,57,control
1988,449.0,3211.0,446.54992845634825,3212.2600044383275,0.16076704859733582,0,3.063622954814283,1.2786737872395817,58,check
1989,512.0,3148.0,512.0899929068825,3147.299987600364,0.1354847252368927,1,0.5573892273477676,0.5335290394056125,58,control
1990,505.0,3140.0,505.1999486477915,3139.8100208199103,0.20898611843585968,1,0.06375098128917982,0.35322930731683005,58,control
1991,534.0,3182.0,533.9600049749332,3181.690013359688,0.10867932438850403,1,0.32917695471693137,0.26008180747118315,58,control
1992,471.0,3244.0,470.60992981385346,3243.870022383729,0.1408788412809372,1,0.6462379441815249,0.269189161225445,58,check
1993,460.0,3206.0,460.09999669204234,3205.8900059185185,0.1118633821606636,1,0.1694753462071668,0.5759332419513429,58,control
1994,557.0,3169.0,556.4200613228967,3168.8599454941605,0.15490557253360748,1,0.837894020654656,0.30782836146743686,58,control
1995,498.0,3287.0,496.710031830876,3299.4698769585225,0.16179774701595306,0,12.736399194709966,1.5782111846538054,58,check
1996,516.0,3217.0,515.1600090873234,3217.4300714006204,0.13076244294643402,1,1.2491317958084065,0.6505502713886584,58,control
1997,498.0,3144.0,497.7499255540771,3143.6800322690206,0.1125674843788147,1,0.5318752045157884,1.0455345048017795,58,control
1998,490.0,3114.0,491.29998429934716,3113.229992876534,0.10021194070577621,1,1.1989761414683542,0.5663336179909073,58,control
1999,523.0,3128.0,524.339862445874,3126.9500811025296,0.16873034834861755,1,1.393747581025133,0.8922692461988699,58,control
2000,549.0,3176.0,548.0899956921156,3176.0299995956066,0.13798929750919342,1,1.183851613092027,0.5062014423732837,58,control
2001,482.0,3160.0,481.559946580301,3159.4600845097652,0.12658746540546417,1,0.7908450361688475,0.4261938466142684,58,control
2002,498.0,3179.0,497.0,3182.0,0.13319233059883118,0,3.411073597768998,,58,control
2003,634.0,3099.0,632.8500025377521,3099.3999806819193,0.10411892086267471,1,1.5176463278943497,0.5944197877459678,58,control
2004,530.0,3312.0,527.0,3311.0,0.10899887979030609,0,3.353558047053029,,58,check
2005,603.0,3304.0,599.0101811829809,3303.6199757226364,0.1535879671573639,0,4.243785810822402,2.160422705974176,58,control
2006,524.0,3286.0,522.2999439987956,3285.8300209629415,0.11315099149942398,1,1.9512341275957716,0.6561496379140156,58,control
2007,506.0,3226.0,504.99005652780755,3226.8700397834746,0.13242614269256592,1,1.638323770051355,1.4880265449091095,58,control
2008,511.0,3243.0,510.0,3243.0,0.1348063349723816,1,1.2656024239513828,,58,check
2009,624.0,3130.0,624.4000208793138,3129.5599689315723,0.10160130262374878,1,0.31195119247169134,0.6870096490306905,58,control
2010,510.0,3105.0,508.0,3106.0,0.17758280038833618,1,2.5462092982546713,,58,control
2011,591.0,3305.0,591.5299786200763,3304.790014796942,0.14811323583126068,1,0.2844960979138823,0.35275082384340917,58,control
2012,526.0,3189.0,526.020001277756,3188.7900095359464,0.19495072960853577,1,0.24043403234927227,0.4893761015667889,58,control
2013,497.0,3312.0,496.47993600196753,3311.8300228197636,0.16625738143920898,1,0.7701933750449969,0.5385431042846209,58,control
2014,487.0,3214.0,483.0,3214.0,0.17025966942310333,0,4.259732275749431,,58,control
2015,447.0,3196.0,447.62000089289126,3195.549927218467,0.16808630526065826,1,0.4552852965364753,0.509983332311846,58,check
2016,499.0,3297.0,498.8899615948523,3296.8900140679043,0.19996674358844757,1,0.36643284714392677,0.21590585798009929,58,control
2017,484.0,3262.0,485.83999813365153,3262.8699596981555,0.12200506776571274,1,1.8987626625272565,1.094595179173533,58,control
2018,495.0,3169.0,495.11990798142807,3168.790031198871,0.11515747755765915,1,0.14431652882089885,0.6058483837344948,58,control
2019,502.0,3257.0,494.18016888520896,3261.079957039963,0.1360890418291092,0,9.12449240165064,1.6245890175699778,58,control
2020,564.0,3146.0,561.0,3144.0,0.1421826034784317,0,3.7395003428981206,,58,control
2021,547.0,3225.0,547.0,3228.0,0.1178344339132309,0,3.17874122831706,,58,control
2022,457.0,3190.0,456.81995573008976,3189.7599746944707,0.13016729056835175,1,0.4433238895278251,0.23062020456318869,58,control
2023,547.0,3160.0,547.0,3158.0,0.14074373245239258,1,1.8509234290289933,,58,control
2024,532.0,3290.0,532.0,3296.0,0.10106366127729416,0,6.175868515507885,,58,check
2025,721.0,3233.0,720.5798232090076,3232.719960515993,0.10737244784832001,1,0.6816378640307252,0.6091163169251097,59,control
2026,784.0,3156.0,783.8799274121922,3155.9400664859077,0.12477252632379532,1,0.38532875410771955,0.3261742147272764,59,control
2027,680.0,3219.0,680.7799481536462,3217.3601356487197,0.13189662992954254,1,1.5708415254463144,1.1035151190542105,59,control
2028,752.0,3312.0,749.8500156386635,3312.1300371039843,0.15312838554382324,1,2.412404150162965,0.6457585988858319,59,control
2029,687.0,3199.0,688.0,3199.0,0.1273212432861328,1,0.7637000872511545,,59,control
2030,686.0,3171.0,686.7400135109528,3169.81000575902,0.10495418310165405,1,1.139369666208951,0.4911966901995598,59,control
2031,787.0,3271.0,785.410089310026,3271.190064010621,0.10609284788370132,1,1.868980016201327,0.4349336311941161,59,control
2032,721.0,3279.0,856.7002230833469,3284.1998920147175,0.11615285277366638,0,135.5611267319345,2.9430820789247485,59,check
2033,767.0,3165.0,766.9300089898143,3164.4300246011917,0.1468946933746338,1,0.5269631998501548,0.35623207951398334,59,control
2034,730.0,3161.0,728.3099864339985,3160.9800040863965,0.1430974304676056,1,1.9494338103733104,0.6383242529121518,59,control
2035,813.0,3302.0,814.5397632626688,3301.0900975772665,0.13043905794620514,1,1.4996771935544677,0.9413369298934364,59,check
2036,742.0,3310.0,750.0,3313.0,0.1183662861585617,0,8.373273166087403,,59,control
2037,678.0,3231.0,679.0,3230.0,0.10968959331512451,1,1.124611025893018,,59,check
2038,813.0,3291.0,814.6400192252672,3290.3802118539556,0.1232869029045105,1,1.470625405596997,0.7505012614846981,59,check
2039,669.0,3288.0,666.0,3288.0,0.10790520906448364,0,3.2523090348861095,,59,control
2040,687.0,3183.0,688.6999800421567,3182.9200552019433,0.10452146083116531,1,1.4480487363233627,1.205239605114528,59,control
2041,762.0,3182.0,763.0,3183.0,0.2681473195552826,1,1.3754784517463183,,59,check
2042,679.0,3283.0,677.0,3278.0,0.13627482950687408,0,5.335264996700138,,59,control
2043,694.0,3254.0,691.0,3259.0,0.1048303097486496,0,6.098385176422146,,59,control
2044,685.0,3240.0,682.699960854995,3240.779972568053,0.10852295905351639,1,2.718700429712167,0.511905653396757,59,control
2045,876.0,3207.0,871.0,3011.0,0.12025795876979828,0,195.9257481433969,,59,control
2046,735.0,3181.0,735.4499873320614,3180.2900361850993,0.16418573260307312,1,0.5875188389828941,0.7511110005799433,59,control
2047,778.0,3175.0,778.2799874573328,3174.0100024441217,0.17302760481834412,1,0.8367980607935603,1.1308999376859639,59,control
2048,754.0,3162.0,754.9699704195205,3161.690068205346,0.20248225331306458,1,0.7325063748027792,0.5854099664153791,59,control
2049,678.0,3247.0,679.0000745842588,3245.689716264343,0.10337293893098831,1,1.3721130167256734,1.3454518938584,59,control
2050,748.0,3230.0,749.9599758153142,3228.210089427064,0.13087213039398193,1,2.364686994629847,3.8082681404663234,59,control
2051,691.0,3269.0,688.4500703057704,3269.8599902304536,0.10259634256362915,1,2.979196611362433,1.6789682370192176,59,control
2052,695.0,3220.0,693.1901184436516,3220.6199434683135,0.13277801871299744,1,2.204110454616408,1.140516614613617,59,check
2053,731.0,3303.0,727.0,3299.0,0.11328314244747162,0,5.725725620248377,,59,control
2054,794.0,3301.0,793.0,3300.0,0.3080311417579651,1,1.5045903569347923,,59,control
2055,711.0,3261.0,713.1399028297127,3259.5098113949025,0.12178471684455872,1,2.312334446715095,1.1007639425956652,59,control
2056,798.0,3317.0,792.0,3319.0,0.20728394389152527,0,6.605556879360288,,59,control
2057,410.0,3435.0,409.0,3435.0,0.1842479109764099,1,1.257520313751376,,61,control
2058,383.0,3425.0,382.2000337183869,3421.870185545914,0.2303391396999359,0,3.1275817175477374,0.9331551098949976,61,check
2059,255.0,3506.0,255.0,3506.0,0.2113678753376007,1,0.3095418941839144,,61,check
2060,427.0,3464.0,427.89002331826396,3462.5198765940036,0.17259052395820618,1,1.452226343746726,0.47619789271180185,61,control
2061,373.0,3450.0,372.60001838966986,3449.939998539338,0.15145078301429749,1,0.6559429109563693,0.1891760374274443,61,control
2062,275.0,3451.0,275.3800217678503,3450.559968725259,0.1791425198316574,1,0.2843350761446041,0.3949930231612992,61,check
2063,393.0,3349.0,394.1500458090285,3348.220025884595,0.205758735537529,1,1.081697380321753,0.602429169549876,61,control
2064,240.0,3469.0,239.15999165382695,3469.11999631929,0.10914535075426102,1,1.1295869575035236,0.23277487072295483,61,control
2065,425.0,3496.0,424.740008662584,3495.2799848784134,0.10661474615335464,1,0.7354764935331398,0.5667926403459923,61,control
2066,251.0,3462.0,246.76990733520108,3462.3599578382714,0.16083483397960663,0,4.509861453168084,1.0432528276918207,61,check
2067,265.0,3343.0,265.0,3343.0,0.21083706617355347,1,0.3148549019359795,,61,control
2068,385.0,3338.0,388.0,3339.0,0.1093578115105629,0,2.992017820755497,,61,control
2069,292.0,3440.0,290.35986712780385,3440.4101052993274,0.17019274830818176,1,1.97913927847913,0.6985607694933519,61,check
2070,312.0,3428.0,312.56001480259,3427.459975024763,0.23050108551979065,1,0.472317292935612,0.30717620809052715,61,control
2071,275.0,3492.0,273.35998194320814,3492.1999948282796,0.1928705871105194,1,1.9236545774489755,0.48232218052482567,61,control
2072,321.0,3333.0,319.27002778952544,3333.4499724774846,0.1503639668226242,1,2.081255370518429,0.6971519446501947,61,control
2073,339.0,3424.0,333.26017908466605,3419.4402187481764,0.17400147020816803,0,7.414711454316227,1.4229257887903426,61,control
2074,288.0,3385.0,285.0,3387.0,0.1851772665977478,0,3.9173293946846828,,61,control
2075,406.0,3418.0,405.6899283228433,3417.670032094348,0.12803108990192413,1,0.5753092590867368,0.6710740210012536,61,control
2076,347.0,3457.0,347.2799455062728,3457.7700234222375,0.17775799334049225,1,0.9557173043346442,0.5221761583341917,61,check
2077,299.0,3532.0,298.86999793557146,3531.7599648945766,0.22586384415626526,1,0.3742368667173256,0.301172603346453,61,control
2078,382.0,3357.0,381.17988189922886,3357.0599309689237,0.15014420449733734,1,1.0965805212849893,1.2407050716299282,61,control
2079,383.0,3501.0,382.6400278566863,3500.850047377202,0.22947509586811066,1,0.6019301642617805,0.2594746872481774,61,control
2080,394.0,3468.0,394.5600247056412,3467.500017674513,0.24954384565353394,1,0.44890572938232465,0.44722552405408056,61,control
2081,313.0,3466.0,312.92001521086235,3465.8700493770557,0.15294593572616577,1,0.3294727849938743,0.42752931335026856,61,control
2082,369.0,3514.0,369.32002340189183,3513.6599636636356,0.24030572175979614,1,0.17442186846506327,0.4410489290113133,61,control
2083,295.0,3486.0,294.6299739710805,3485.810014939974,0.2150067389011383,1,0.6136561940772397,0.43565618687888297,61,control
2084,333.0,3383.0,333.8399618562146,3382.080005111024,0.21316896378993988,1,0.9435569203321597,0.46475843656147087,61,check
2085,402.0,3335.0,403.2998971993668,3334.0600210604507,0.1585843414068222,1,1.2960364897602958,0.7126036195939488,61,check
2086,428.0,3355.0,428.3299647415426,3354.690116345813,0.22232787311077118,1,0.15468307895049158,0.5976384341727614,61,control
2087,289.0,3325.0,291.0,3325.0,0.11457571387290955,1,1.756511149453715,,61,control
2088,398.0,3390.0,397.53997673161314,3389.9300086803437,0.21671755611896515,1,0.7160024230314529,0.5173271707025114,61,control
2089,290.0,3362.0,287.02996208028804,3362.240044389534,0.1651584655046463,0,3.2493808267771387,0.987703082087954,61,control
2090,228.0,3426.0,228.0299857725974,3426.249944775942,0.19522634148597717,1,0.4926255439391557,0.19722430816254682,61,control
2091,420.0,3398.0,420.53998467468546,3397.1600428889974,0.1518624722957611,1,0.722778569569203,0.5509825695726267,61,control
2092,269.0,3514.0,266.4699432545834,3514.17005203831,0.1314357966184616,1,2.7959415195675157,0.7496806621069763,61,control
2093,347.0,3510.0,347.3899320573093,3509.599987682699,0.1832297295331955,1,0.2606078495000273,0.15810415414239962,61,check
2094,384.0,3466.0,381.8599850726146,3466.049907480818,0.13498122990131378,1,2.3944913229789244,1.0622866483419222,61,control
2095,337.0,3366.0,337.0,3370.0,0.12684784829616547,0,4.191378507452155,,61,control
2096,273.0,3371.0,272.2699862510925,3371.169995232673,0.21169838309288025,1,1.0441818561284917,0.28712215083051734,61,control
2097,332.0,3442.0,332.0,3443.0,0.17906515300273895,1,1.2107992701045587,,61,check
2098,430.0,3441.0,426.8102589095751,3441.5598668401076,0.2922256290912628,0,3.5122427437554693,1.983052828267022,61,control
2099,314.0,3531.0,313.840046996216,3530.439968486011,0.1973319947719574,1,0.5463471412368968,0.8551694223134736,61,control
2100,230.0,3380.0,222.0,3378.0,0.1065002828836441,0,8.447484979044903,,61,control
2101,257.0,3399.0,256.73997867771084,3398.8800573916437,0.15922407805919647,1,0.5143029917101124,0.49661468530854586,61,control
2102,264.0,3399.0,263.40998291972727,3398.8900091163787,0.18860569596290588,1,0.8431699733600314,0.4391356587180899,61,control
2103,348.0,3468.0,353.0,3468.0,0.15455113351345062,0,4.76003449577921,,61,control
2104,278.0,3426.0,276.32002752816317,3427.259981434365,0.23162846267223358,1,2.411179533696722,0.9688644450509738,61,control
2105,347.0,3532.0,346.8599530246058,3531.849971108684,0.19917020201683044,1,0.3816414639271406,0.4706555320901963,61,control
2106,225.0,3339.0,224.30004904805628,3339.260070081697,0.16081014275550842,1,1.0546416336083346,0.7798706740431313,61,control
2107,473.0,3400.0,473.4098964386876,3399.6600399659046,0.12342601269483566,1,0.23208917774449564,0.6133615838116281,62,control
2108,478.0,3358.0,475.71991306387287,3358.0199724276076,0.13700254261493683,1,2.535381491976462,0.7737509379863435,62,control
2109,537.0,3361.0,536.1598761857313,3360.6999023294434,0.18325495719909668,1,1.0940884345169057,0.5062162119975834,62,check
2110,490.0,3420.0,489.8899595317166,3420.0900051825397,0.1154426708817482,1,0.4424858090229827,0.7622952679527022,62,control
2111,514.0,3349.0,514.7399625852527,3348.4399880858,0.1899101287126541,1,0.6263740404090632,0.8484289031544567,62,control
2112,501.0,3386.0,495.3499499962464,3387.339855224899,0.15440544486045837,0,6.087115292535013,0.871681128604255,62,check
2113,502.0,3361.0,500.0799871617437,3360.8999608411136,0.23123086988925934,1,2.1683828348057888,0.630614917858217,62,control
2114,496.0,3331.0,493.6100073202529,3331.9699528828673,0.21036456525325775,1,2.876158635091261,0.6226149255304505,62,control
2115,513.0,3423.0,513.9200581934901,3423.010032841622,0.14034134149551392,1,0.7016071217800782,0.4675817718485963,62,control
2116,467.0,3328.0,467.49993769235067,3327.580034132783,0.18667639791965485,1,0.34995730321891905,0.912881245849854,62,control
2117,524.0,3395.0,524.949915018204,3393.8400272238646,0.16768309473991394,1,1.2129598870951463,0.7482025379796476,62,control
2118,485.0,3432.0,487.4499717553871,3431.799969100597,0.11993340402841568,1,2.206997834654185,2.1077447609018556,62,check
2119,544.0,3350.0,544.3599234870628,3350.559944723479,0.15215975046157837,1,0.7397503787195133,0.6680146497161732,62,control
2120,503.0,3349.0,505.0,3348.0,0.1903868019580841,1,1.9373889823081736,,62,control
2121,581.0,3432.0,724.0,3450.0,0.10271508246660233,0,143.9132736242566,,62,control
2122,548.0,3359.0,548.4699701447531,3358.869966197033,0.11917850375175476,1,0.2274099135186781,1.011661871811212,62,control
2123,554.0,3369.0,554.8799745210913,3368.680067721203,0.13333015143871307,1,0.6516861739789486,0.7624631785823084,62,control
2124,457.0,3355.0,457.1700675812336,3354.3299220346344,0.1667451113462448,1,0.49982694494774516,0.8091770904264682,62,control
2125,446.0,3419.0,446.0999374106427,3418.3299522595717,0.13110366463661194,1,0.5125881110906304,0.6733145195319618,62,control
2126,526.0,3328.0,525.7500034731038,3327.7399645452315,0.15792691707611084,1,0.5063431184685298,0.5038097917550614,62,control
2127,463.0,3471.0,783.0,3660.0,0.12249871343374252,0,371.5366707711361,,62,control
2128,466.0,3390.0,462.0,3392.0,0.16644896566867828,0,4.771492954300934,,62,control
2129,521.0,3387.0,522.0099986273207,3386.0899961047426,0.1941179484128952,1,1.0620345191210172,0.4163238413439986,62,check
2130,449.0,3330.0,449.17995324997213,3329.450036607253,0.12804819643497467,1,0.38006072081862413,0.5437556519201708,62,control
2131,445.0,3430.0,445.1100004772022,3429.4800242366723,0.25230348110198975,1,0.36675069346553313,0.6221362093590668,62,check
2132,567.0,3533.0,566.3700273699577,3533.0599908355134,0.13668692111968994,1,0.8963684741931466,1.373611177163903,62,control
2133,526.0,3524.0,525.0,3524.0,0.11247867345809937,1,1.249252563664335,,62,control
2134,545.0,3334.0,543.0,3339.0,0.13594207167625427,0,5.638313303812802,,62,control
2135,498.0,3431.0,498.8299549763512,3429.789973464823,0.15839865803718567,1,1.189529841578232,0.6208675015166295,62,control
2136,459.0,3367.0,459.0,3367.0,0.194968119263649,1,0.304056884967041,,62,control
2137,447.0,3478.0,448.93004141669945,3476.899760955114,0.10131091624498367,1,1.9236608371870596,3.4027354629886943,62,check
2138,620.0,3499.0,619.7799661723325,3498.920011600375,0.11151054501533508,1,0.46521838138489213,0.3698747089710163,62,control
2139,446.0,3385.0,463.5500646589574,3464.6701877260875,0.10890310257673264,0,81.70279281029173,1.608449740799489,62,control
2140,452.0,3378.0,451.82996601412697,3377.7200210015235,0.16414771974086761,1,0.4295548118257011,0.5804252478289447,62,check
2141,486.0,3377.0,485.7799584355737,3376.669978280258,0.1917574405670166,1,0.4915245356789542,0.4597112599641516,62,control
2142,632.0,3540.0,633.0,3544.0,0.13800454139709473,0,4.23943778464383,,62,control
2143,653.0,3508.0,651.4000392412213,3508.780048011317,0.10624982416629791,1,2.0655544580412557,0.7817886618512824,62,control
2144,492.0,3399.0,492.0898894049736,3398.7199451456327,0.1778850108385086,1,0.1872296070860584,2.3706635189732825,62,control
2145,446.0,3492.0,444.0,3491.0,0.10182389616966248,1,2.3857914651482135,,62,control
2146,557.0,3334.0,557.0,3334.0,0.1953589767217636,1,0.30037102058947446,,62,control
2147,472.0,3441.0,470.5799084521658,3441.0699243352483,0.10121041536331177,1,1.6812458282350862,0.7693035092741041,62,control
2148,663.0,3419.0,663.0599977470177,3417.960002396014,0.13493219017982483,1,0.893117034896454,0.5226016443477401,62,check
2149,559.0,3384.0,558.0,3384.0,0.12138035893440247,1,1.2562783830915722,,62,control
2150,823.0,3494.0,821.9399577230026,3494.0500074753963,0.2136821746826172,1,1.3093915300203511,0.28154767962397287,63,control
2151,806.0,3384.0,805.6000140570849,3383.3599798800724,0.238853320479393,1,0.8021927855737944,1.100373764300191,63,control
2152,733.0,3425.0,734.509894987552,3424.370053881251,0.12761461734771729,1,1.3548579880077973,0.9988519715725463,63,check
2153,671.0,3402.0,669.3999013186975,3402.2300589662814,0.12380030751228333,1,1.8832457430006433,0.5109816485562603,63,control
2154,827.0,3329.0,827.9600333092978,3328.249933738166,0.10291898250579834,1,0.9329010182724669,0.3553363321362492,63,control
2155,683.0,3479.0,690.3597215716782,3478.6000833784433,0.12167264521121979,0,7.127263785146437,3.0192492051256923,63,control
2156,770.0,3440.0,767.2298732127612,3441.380105291094,0.14554931223392487,0,3.3784110835565015,1.0751319895815088,63,check
2157,785.0,3376.0,784.5899332813094,3375.6200332841213,0.15291449427604675,1,0.6878131175063427,0.31312843607798363,63,control
2158,796.0,3365.0,796.069989462834,3364.719968734785,0.2033439725637436,1,0.21116312097470685,0.3654721920835964,63,control
2159,728.0,3328.0,727.7399575305702,3326.9299663166566,0.1268613636493683,1,1.0409397021096256,0.3359355250612501,63,control
2160,745.0,3382.0,744.0,3381.0,0.17817510664463043,1,1.498824794499217,,63,control
2161,813.0,3457.0,812.8398853813829,3456.880079054568,0.1481703221797943,1,0.39710412870762074,0.5040452404862976,63,control
2162,806.0,3467.0,804.6299752089619,3466.690020271192,0.16954316198825836,1,1.6120447239692763,0.4414447457885183,63,control
2163,728.0,3448.0,724.0,3450.0,0.1069234311580658,0,4.757201796488021,,63,check
2164,734.0,3529.0,733.2499925037818,3529.6500181283077,0.107160784304142,1,1.275403163192427,0.5097877982901585,63,control
2165,781.0,3343.0,779.0,3344.0,0.18566206097602844,1,2.5234997501953313,,63,control
2166,765.0,3487.0,761.2799925120152,3488.520024213265,0.1487787514925003,0,4.296760506791201,0.6919663787512039,63,control
2167,757.0,3361.0,756.0,3363.0,0.15359438955783844,1,2.490454508727663,,63,control
2168,801.0,3339.0,798.0,3339.0,0.18057648837566376,0,3.2463408633439985,,63,control
2169,824.0,3403.0,819.6899460320592,3400.2599067131982,0.10310915112495422,0,5.231555093179799,1.0511939421598078,63,control
2170,834.0,3387.0,832.0,3387.0,0.13496795296669006,1,2.244392578529119,,63,control
2171,699.0,3476.0,696.0,3478.0,0.22294798493385315,0,3.8933894088429617,,63,control
2172,836.0,3490.0,835.1499942643876,3489.9100055457657,0.1666741818189621,1,1.084869438127879,0.49042088120995125,63,control
2173,715.0,3430.0,713.0,3431.0,0.1797378808259964,1,2.5226104584273097,,63,control
2174,809.0,3508.0,812.8999037260065,3508.1499685089425,0.14348088204860687,0,3.680647624717798,1.5828812378636197,63,check
2175,685.0,3428.0,687.0,3425.0,0.1675443947315216,0,3.337929603701304,,63,control
2176,768.0,3333.0,771.0,3333.0,0.12290482223033905,0,2.760984627316675,,63,control
2177,676.0,3536.0,676.7799693007868,3535.3102267237064,0.1366235911846161,1,0.7566239002777913,0.6946967272293738,63,control
2178,758.0,3383.0,752.2301017425958,3383.7600812573323,0.2689551115036011,0,6.080619186561253,1.4478058207301052,63,control
2179,743.0,3352.0,743.8201888325736,3351.390172003796,0.10945121198892593,1,0.7323472669002911,1.2130517646893875,63,control
2180,753.0,3429.0,748.9600759824554,3429.419915869928,0.26520422101020813,0,4.317242544270004,0.5838845144107943,63,check
2181,766.0,3346.0,766.4800240303589,3345.9099986342612,0.12094522267580032,1,0.24668880047221603,0.40975378111456645,63,control
2182,822.0,3434.0,819.0,3432.0,0.1348862200975418,0,3.7249393506434623,,63,control
2183,698.0,3394.0,695.5899052226645,3393.339912443163,0.13161815702915192,1,2.6976574177232604,1.633446416298458,63,control
2184,811.0,3415.0,810.5300256258188,3414.5400155879697,0.1198371946811676,1,0.770163216042554,0.35108869474635085,63,check
2185,808.0,3362.0,803.7601903634584,3361.500166497905,0.10563703626394272,0,4.494143431921912,1.5263952637803322,63,check
2186,699.0,3535.0,702.0,3535.0,0.1776190847158432,0,2.7722052449421684,,63,control
2187,692.0,3437.0,694.0,3432.0,0.1024138480424881,0,5.146884360535813,,63,control
2188,674.0,3508.0,672.2599461884956,3508.7900223273873,0.1023479625582695,1,2.1943913437861475,0.6181896828780178,63,control
2189,802.0,3515.0,798.5600826460027,3513.1900655579725,0.17500244081020355,0,4.026102448217886,2.5427715450054533,63,control
2190,763.0,3532.0,762.3399440785448,3531.650029372397,0.12287861108779907,1,0.9114856762722899,0.9516511530349173,63,check
2191,807.0,3325.0,808.1600395879805,3323.780001108731,0.2205420434474945,1,1.4053773164118513,0.9247830213602413,63,control
2192,833.0,3505.0,831.0999441158336,3504.6799811370065,0.14967799186706543,1,2.138307561120593,0.3991056137034418,63,control
2193,805.0,3494.0,802.0,3494.0,0.20093485713005066,0,3.237112530074276,,63,check
2194,729.0,3469.0,728.7998277401487,3463.6398227434415,0.12151025980710983,0,5.216224800635341,1.1270490946276548,63,control
2195,778.0,3467.0,778.9399571040619,3466.110004809787,0.11132291704416275,1,1.0150750349021933,0.46570513825761567,63,control
2196,345.0,3570.0,344.3200306228667,3569.9599947624115,0.1929890513420105,1,0.929343448491811,0.1609453643914368,65,control
2197,237.0,3621.0,235.23009637844314,3621.2800581553847,0.17323601245880127,1,2.0620224500917064,0.675414282326253,65,control
2198,241.0,3588.0,241.31996504890327,3587.0099140031034,0.18277500569820404,1,0.8003260831400136,0.634283387520243,65,control
2199,270.0,3545.0,269.14991469485244,3545.010066161263,0.1418287605047226,1,1.109115546857291,0.21424430633684882,65,control
2200,269.0,3607.0,269.08006745337633,3607.7299033354943,0.11222163587808609,1,0.9357711501882421,0.7868970516334588,65,control
2201,360.0,3625.0,360.0,3625.0,0.2295680195093155,1,0.2998762856357157,,65,control
2202,241.0,3676.0,240.16993904597715,3675.8699734180077,0.19830867648124695,1,1.0653808664078228,0.2741373325415297,65,control
2203,323.0,3575.0,321.28994932518344,3575.050243535676,0.16077814996242523,1,1.9624295777739693,0.8576238700518132,65,control
2204,317.0,3568.0,315.7998417694712,3568.2798831639207,0.13143625855445862,1,1.5129423998981555,0.7947246573175406,65,control
2205,229.0,3638.0,224.08000088159585,3639.570019928788,0.1817164570093155,0,5.449845251122489,1.0296320440912965,65,control
2206,381.0,3597.0,381.729965814754,3596.1699999778853,0.18866445124149323,1,0.8123137037980926,0.5067842670275977,65,control
2207,224.0,3620.0,220.8900268255946,3620.1798916991233,0.22348769009113312,0,3.367999851889007,1.7342678115626335,65,control
2208,297.0,3606.0,297.17998540113774,3605.6399734236556,0.24789884686470032,1,0.17826588067951796,0.2964853575239716,65,check
2209,313.0,3613.0,314.9599609607375,3612.650025452439,0.1859738975763321,1,1.7317420884753838,0.43914666960264037,65,control
2210,318.0,3592.0,310.3700277825848,3594.019992612586,0.14286959171295166,0,8.17130571254409,1.3993552941854401,65,control
2211,254.0,3555.0,251.44999331515476,3555.710061952657,0.17230428755283356,1,2.9326873580067017,0.42116375681564117,65,control
2212,228.0,3580.0,226.91000595839293,3580.8100075126854,0.17667870223522186,1,1.66620378121104,0.33169124756835855,65,control
2213,330.0,3628.0,328.6500370059989,3627.9200887973043,0.21200349926948547,1,1.5881877165499867,0.697729864130896,65,control
2214,305.0,3560.0,304.5399659001509,3559.97996203218,0.18594728410243988,1,0.7192895393171859,0.3683929438154016,65,check
2215,334.0,3637.0,333.92989169864717,3636.8801244098017,0.12647877633571625,1,0.31174385854411685,0.36948321456460537,65,control
2216,374.0,3757.0,373.70009217548454,3756.9699331799216,0.10891691595315933,1,0.5493108901189343,0.2798997387218186,65,check
2217,285.0,3568.0,286.0,3565.0,0.18955151736736298,1,2.910441312790791,,65,control
2218,299.0,3578.0,298.4299800712119,3578.080000881596,0.22345483303070068,1,0.8520540356241759,0.23921294543302296,65,control
2219,230.0,3565.0,228.37003108360187,3565.7000068291695,0.11748334020376205,1,2.072920689102593,0.46685777969887143,65,control
2220,411.0,3597.0,407.0,3598.0,0.10724908113479614,0,4.397161556793648,,65,control
2221,402.0,3596.0,398.0,3598.0,0.12953749299049377,0,4.76521196544722,,65,control
2222,281.0,3579.0,280.8299639509913,3578.920012116159,0.23005399107933044,1,0.4232702782555196,0.2785962004461253,65,control
2223,315.0,3551.0,315.8600656043116,3550.55005265902,0.2643165588378906,1,0.6734599589378869,1.1897597133205249,65,check
2224,305.0,3548.0,304.79988819002364,3547.780083084623,0.1785212606191635,1,0.44088746903287973,1.2779658136576726,65,control
2225,292.0,3618.0,290.83992722928616,3618.130057632184,0.13978126645088196,1,1.4324091896847788,0.4260818032030111,65,check
2226,346.0,3591.0,347.7098298123346,3589.520015169219,0.1635010540485382,1,1.9599490474375507,1.4506160997357638,65,control
2227,342.0,3601.0,341.25007650905854,3601.119976616344,0.1668507307767868,1,1.0327740794512288,0.8548366645113834,65,control
2228,335.0,3562.0,334.9400476082161,3561.9499912867223,0.22975584864616394,1,0.3285222358282246,0.21835609856479815,65,control
2229,351.0,3711.0,348.0,3708.0,0.1444297879934311,0,4.28076542437163,,65,check
2230,341.0,3693.0,342.0,3692.0,0.10792098194360733,1,1.1174134727806706,,65,check
2231,336.0,3546.0,337.0,3549.0,0.16146411001682281,0,3.2770089540150575,,65,control
2232,357.0,3608.0,360.0,3604.0,0.14189502596855164,0,4.709757499748683,,65,control
2233,563.0,3716.0,560.0,3716.0,0.10135853290557861,0,3.229513098196832,,66,check
2234,551.0,3642.0,551.0,3645.0,0.11233513802289963,0,3.1847148941297148,,66,control
2235,575.0,3697.0,575.5399828178633,3696.3400348921696,0.10094253718852997,1,0.577160618082687,0.30376741297209775,66,check
2236,503.0,3726.0,502.87001186173717,3726.4100248707873,0.10028155148029327,1,0.6894580476212367,0.696097578995829,66,control
2237,656.0,3701.0,655.7700094960718,3701.0699945175165,0.1684061586856842,1,0.5138261522036216,0.11004147808019776,66,check
2238,622.0,3744.0,620.5399802389438,3744.5900237854635,0.18491607904434204,1,1.8472767156992163,0.6771640381096494,66,control
2239,586.0,3608.0,584.4200513504395,3606.5201041954274,0.12002744525671005,1,2.2326404797186368,6.448443469391269,66,control
2240,570.0,3611.0,569.8499493426027,3611.249953234798,0.1306515634059906,1,0.570355575733095,0.26718678178329475,66,control
2241,607.0,3727.0,606.7399668146808,3727.030006300797,0.22498731315135956,1,0.5246914032173795,0.31000971533722005,66,control
2242,629.0,3699.0,630.3199929012347,3698.310033955525,0.22761408984661102,1,1.2116066922082822,0.5105937302045201,66,control
2243,495.0,3697.0,491.25019318128494,3698.7298741421246,0.11710667610168457,0,4.412138510533076,2.083199906494161,66,check
2244,619.0,3705.0,619.0699525664563,3704.990011482044,0.2549903988838196,1,0.22478936514920764,0.10381098746031155,66,control
2245,552.0,3595.0,552.0,3594.0,0.15545251965522766,1,0.8566366953547676,,66,check
2246,650.0,3585.0,652.1799927252694,3583.9300049666995,0.1795535534620285,1,2.147305045130967,0.6429366490464536,66,control
2247,460.0,3710.0,454.46007378145987,3712.480007215803,0.10440212488174438,0,6.3522516840054095,1.3860980840068147,66,control
2248,630.0,3658.0,630.0,3658.0,0.12396214157342911,1,0.28459590398267853,,66,control
2249,657.0,3690.0,656.5999720028681,3690.1300004139202,0.1396210938692093,1,0.6931117583645005,0.15693738383351044,66,control
2250,635.0,3671.0,634.730011582615,3671.039995437694,0.1403457224369049,1,0.5392648955746863,0.36577122300623643,66,control
2251,602.0,3690.0,601.4799757867352,3690.2799925120153,0.1814657747745514,1,0.8729381818988924,0.3796889042552248,66,control
2252,586.0,3659.0,584.5199984578198,3659.9100982162126,0.117250956594944,1,2.023003181408912,2.2926691399985573,66,control
2253,645.0,3725.0,645.4799372398489,3724.7100281509825,0.16152098774909973,1,0.28307780544282907,0.6658416977814109,66,control
2254,601.0,3594.0,601.0,3594.0,0.1272905468940735,1,0.28841024399241794,,66,check
2255,660.0,3559.0,663.3198340041332,3566.0997529287547,0.12538282573223114,0,7.896839244170449,0.6230801693205834,66,control
2256,457.0,3553.0,451.0,3472.0,0.11784697324037552,0,81.06155292454986,,66,control
2257,534.0,3719.0,534.5499727800143,3718.269993678381,0.15801285207271576,1,0.6397990889662805,0.8207837606661305,66,control
2258,463.0,3724.0,461.8099796941046,3724.4800758844704,0.11333290487527847,1,1.563781335213265,0.7494627551571034,66,check
2259,630.0,3713.0,631.0,3712.0,0.19684568047523499,1,1.1344287212282567,,66,control
2260,493.0,3719.0,496.0,3715.0,0.10389451682567596,0,4.720074872015229,,66,check
2261,586.0,3741.0,585.3099400471967,3741.170005960979,0.1233043447136879,1,0.9761841610160119,0.5617220145849409,66,control
2262,641.0,3594.0,637.9000725955652,3591.700090834446,0.10429126024246216,0,3.9532086191459586,0.7958660689404864,66,control
2263,634.0,3607.0,633.5900091372005,3606.8799566749676,0.1311739832162857,1,0.6417483285971555,0.46635018596071826,66,check
2264,590.0,3726.0,590.1299507261012,3725.9100156551303,0.28945717215538025,1,0.12684928830672879,0.30849404495935195,66,control
2265,591.0,3714.0,590.9899997221708,3714.0699967869655,0.25325220823287964,1,0.3391973128699865,0.23063225995162065,66,control
2266,542.0,3702.0,543.0,3701.0,0.13124732673168182,1,1.129111301736056,,66,control
2267,650.0,3575.0,648.0,3570.0,0.12020237743854523,0,5.321389318967936,,66,control
2268,599.0,3704.0,600.4900776064943,3703.980029738685,0.1768844574689865,1,1.2749232347886046,1.0468405078697705,66,control
2269,544.0,3726.0,546.4099466422903,3725.100054529247,0.1342247575521469,1,2.3016402963319864,0.592532801992464,66,control
2270,660.0,3619.0,658.6000180801994,3618.969997206533,0.14661070704460144,1,1.6344821771953102,0.7481865552864003,66,control
2271,552.0,3702.0,553.7499145163013,3700.74998473232,0.1427592635154724,1,1.8638192613157891,0.7735315136833889,66,control
2272,634.0,3585.0,632.0,3584.0,0.1091199740767479,1,2.38038910349119,,66,control
2273,612.0,3690.0,612.3599040241814,3690.1400625520687,0.15983004868030548,1,0.3414369180734868,0.6028431471372928,66,control
2274,534.0,3581.0,533.5600196509588,3580.9899959053696,0.23528677225112915,1,0.6934609198336387,0.2969989509492499,66,control
2275,640.0,3755.0,641.0,3754.0,0.14664892852306366,1,1.136128001182091,,66,control
2276,607.0,3760.0,606.0,3758.0,0.12042388319969177,1,2.195598627085367,,66,control
2277,663.0,3726.0,663.2598651747655,3726.0300767231297,0.10815025120973587,1,0.20491568668019283,0.4164442429083208,66,control
2278,515.0,3702.0,516.0,3708.0,0.1342790126800537,0,6.228079025844835,,66,control
2279,714.0,3680.0,714.0,3680.0,0.13169342279434204,1,0.2794593641539164,,67,control
2280,672.0,3742.0,672.0000556709122,3741.9100381095586,0.17600294947624207,1,0.23527903561457636,0.22876487587946812,67,check
2281,695.0,3662.0,695.0999139246469,3662.3000527617005,0.14761368930339813,1,0.4846924268507625,0.509708976675235,67,control
2282,707.0,3583.0,704.0,3582.0,0.12145983427762985,0,3.3357906276823366,,67,control
2283,830.0,3556.0,827.7300427022128,3557.329927811414,0.13488006591796875,1,2.908408217679786,1.1147302397940821,67,control
2284,734.0,3735.0,705.0,3863.0,0.11296174675226212,0,131.45846776679812,,67,control
2285,678.0,3687.0,678.0099459479552,3686.8899708789627,0.17421714961528778,1,0.22228704353308712,0.47491333742205266,67,check
2286,761.0,3578.0,762.0,3577.0,0.10142514109611511,1,1.1383419494045577,,67,control
2287,693.0,3582.0,691.1000215190763,3582.789911191877,0.11012128740549088,1,2.335059364972461,0.5249883225521464,67,control
2288,686.0,3727.0,687.8699134145107,3726.3400041851987,0.21105486154556274,1,1.7197185475449916,1.131256785856231,67,check
2289,720.0,3604.0,721.0,3604.0,0.11443490535020828,1,0.7893230818056493,,67,control
2290,757.0,3544.0,755.0299948503944,3544.369983871546,0.1603192389011383,1,2.264569191630008,0.483220555390982,67,control
2291,696.0,3736.0,695.0,3737.0,0.12325985729694366,1,1.6906346420295606,,67,control
2292,691.0,3621.0,688.670019715534,3622.5100183649693,0.12669238448143005,0,3.0589032588980953,0.6331920393526657,67,check
2293,816.0,3551.0,814.7099275037128,3555.969830949645,0.10312153398990631,0,5.349054715381916,0.911825848177669,67,control
2294,746.0,3543.0,745.1500032390278,3543.0400441971015,0.2084452211856842,1,1.1002626664714688,0.5268144179164372,67,control
2295,800.0,3545.0,803.2998587556374,3543.4800571436863,0.1485935002565384,0,3.3576444600172413,1.2586286267194733,67,control
2296,791.0,3554.0,793.3499488952725,3553.1400521332334,0.10542041808366776,1,2.2326082633170095,0.9789827560326868,67,control
2297,717.0,3707.0,720.0,3708.0,0.12764281034469604,0,3.013385416094691,,67,control
2298,687.0,3548.0,687.0,3547.0,0.1657036542892456,1,0.8653664261274063,,67,control
2299,706.0,3716.0,706.0,3715.0,0.17229826748371124,1,0.8605524092745982,,67,control
2300,736.0,3576.0,739.0,3574.0,0.1230548769235611,0,3.323609493004402,,67,control
2301,700.0,3691.0,693.270143773405,3688.820068688672,0.11671628803014755,0,7.238523572526895,4.113905074931001,67,check
2302,674.0,3587.0,673.9299606430336,3586.8100180346773,0.17195236682891846,1,0.30101201498876873,0.3510022845791217,67,control
2303,693.0,3693.0,692.9100857004909,3695.99974599044,0.12212354689836502,0,3.184133229203485,3.745432680743691,67,control
2304,776.0,3560.0,775.0,3560.0,0.14987364411354065,1,1.240342587695443,,67,control
2305,666.0,3587.0,665.7499577052428,3586.869969085423,0.1313081532716751,1,0.4818979536835652,0.3361359205001367,67,control
2306,689.0,3707.0,691.7499743134848,3706.2600406126076,0.18342657387256622,1,2.5909636848644166,1.4540544935927908,67,control
2307,688.0,3672.0,688.0,3672.0,0.1794968545436859,1,0.2810910060843477,,67,check
2308,721.0,3584.0,717.0,3584.0,0.1188059002161026,0,4.232723062736389,,67,control
2309,358.0,3868.0,365.0,3864.0,0.14463992416858673,0,7.776621629034763,,69,control
2310,230.0,3920.0,228.68001160391296,3925.5597837969926,0.12600117921829224,0,5.962958226448224,3.249547917314476,69,check
2311,403.0,3849.0,403.3900278224594,3848.9299968173136,0.11976602673530579,1,0.2079281926687706,0.6066675873124997,69,check
2312,300.0,3849.0,302.0,3849.0,0.2026318460702896,1,1.7889988144906857,,69,control
2313,288.0,3822.0,287.32998049077963,3822.469982523567,0.11336850374937057,1,1.1143214239662185,0.35912197679746094,69,control
2314,317.0,3951.0,314.6600922682981,3951.4397238637184,0.1680295318365097,1,2.6332644824668456,1.7463523604290503,69,control
2315,330.0,3828.0,330.58005741246535,3827.549960916984,0.15075857937335968,1,0.4402699435781533,0.43102781672810037,69,control
2316,260.0,3917.0,258.28004354087216,3918.880042330753,0.10126890242099762,1,2.8427171572890058,0.9345399070156557,69,check
2317,417.0,3961.0,417.62996633747855,3960.549982064125,0.15101738274097443,1,0.4912740900723441,0.2920550903637556,69,control
2318,318.0,3884.0,316.0,3884.0,0.17969554662704468,1,2.2278999874979926,,69,control
2319,270.0,3978.0,266.4200080245905,3979.719917602771,0.2606079578399658,0,4.252640246419245,1.3229635620759448,69,control
2320,294.0,3961.0,288.8101213302725,3960.6700809231615,0.13487030565738678,0,5.406742021102371,1.644080792205013,69,check
2321,240.0,3907.0,240.54994723088282,3906.440085295145,0.10152318328619003,1,0.48849357001547,0.5699795070472221,69,control
2322,351.0,3956.0,349.3099740551845,3957.1799507742094,0.12817727029323578,1,2.3486098059512046,0.5712216600410904,69,control
2323,232.0,3889.0,232.69000338723072,3888.700153726333,0.10049805045127869,1,0.47976674605291564,0.7948525161470152,69,control
2324,316.0,3844.0,316.1299963908055,3843.790010670671,0.1964799463748932,1,0.09305208801736911,0.4342834327392462,69,check
2325,302.0,3863.0,306.0,3863.0,0.1149590015411377,0,3.7842643025529497,,69,check
2326,375.0,3975.0,376.6400948410939,3973.969932560981,0.11959071457386017,1,1.6545140285733346,0.7727384837192764,69,check
2327,313.0,3971.0,313.0,3971.0,0.1662609577178955,1,0.29106577166501907,,69,control
2328,345.0,3822.0,345.0799894311929,3821.6799706150146,0.14156171679496765,1,0.19139715260464432,0.3553918775815018,69,control
2329,344.0,3913.0,341.3600575927855,3913.4799173305896,0.14646847546100616,1,2.935480169060892,0.8207484358892861,69,control
2330,341.0,3882.0,339.0,3882.0,0.20464439690113068,1,2.2274482769745574,,69,control
2331,368.0,3836.0,362.0,3837.0,0.15299011766910553,0,6.334331047453665,,69,control
2332,407.0,3894.0,407.35998534738195,3893.870009489131,0.1701337993144989,1,0.15508640267054635,0.31419989600756365,69,control
2333,301.0,3887.0,302.2800135222482,3884.789913048699,0.10363174229860306,1,2.27615218700609,2.053349658619526,69,control
2334,423.0,3891.0,423.0,3890.0,0.18466070294380188,1,0.8395704658557118,,69,control
2335,392.0,3792.0,393.2800852856186,3791.140020464101,0.17839649319648743,1,1.2518447793669418,0.6870121558264068,69,control
2336,338.0,3830.0,330.30012091458343,3822.6001779413673,0.1106947809457779,0,10.709977751524683,1.593148454999876,69,control
2337,389.0,3974.0,391.05999475547105,3973.249989512235,0.12025585770606995,1,1.9297795401126925,0.793151513358948,69,control
2338,343.0,3859.0,350.0,3860.0,0.11740248650312424,0,6.884006606527736,,69,check
2339,402.0,3863.0,513.0,4031.0,0.14002791047096252,0,201.39957227964155,,69,control
2340,363.0,3948.0,364.2301733690587,3947.4299864331815,0.1360950618982315,1,1.0831113394950627,0.975290152809558,69,control
2341,288.0,3935.0,286.0,3937.0,0.1488897204399109,1,3.1217608985937986,,69,control
2342,264.0,3927.0,263.0,3928.0,0.1541888266801834,1,1.7091196370132677,,69,check
2343,332.0,3778.0,336.21986004033397,3777.7000465445312,0.10452963411808014,0,3.996009652870007,1.5678219048299624,69,control
2344,370.0,3856.0,368.21989373885134,3856.739990024957,0.14754225313663483,1,2.206353380739584,0.7413625648512991,69,control
2345,305.0,3919.0,303.9799510975609,3919.519987007417,0.15789510309696198,1,1.4300068356016407,0.5683597611757331,69,control
2346,345.0,3971.0,346.0,3971.0,0.1626606285572052,1,0.810317784535909,,69,control
2347,331.0,3907.0,330.0997325731174,3906.9598766797412,0.1092543825507164,1,1.1285985805411463,1.6590950483188736,69,control
2348,399.0,3932.0,399.47006704462785,3931.089980218598,0.1552591323852539,1,0.7628312869126641,0.7220332408035073,69,control
2349,427.0,3946.0,427.0,3944.0,0.19163691997528076,1,1.8228137234123345,,69,control
2350,421.0,3921.0,422.0,3921.0,0.195602685213089,1,0.8075302535536352,,69,control
2351,386.0,3861.0,385.0,3862.0,0.2465541511774063,1,1.7042197389222373,,69,control
2352,408.0,3906.0,408.7899583007758,3905.6399797162194,0.1490558534860611,1,0.5983759314940593,0.6517400539122447,69,control
2353,367.0,3917.0,367.7499025838652,3916.60013499249,0.1400010883808136,1,0.5723251398732502,3.6987786256140107,69,control
2354,547.0,3930.0,546.2299540201777,3930.1600500068157,0.14945632219314575,1,1.0400774964474686,0.3416127582928228,70,check
2355,648.0,3906.0,648.8299376460116,3905.4698988277605,0.1158452108502388,1,0.7127570522073942,0.49902864998697993,70,control
2356,480.0,3766.0,479.0,3767.0,0.19599811732769012,1,1.7017675487254638,,70,check
2357,633.0,3924.0,631.1599884559666,3924.4299825469748,0.19026559591293335,1,2.1387369768491444,0.571945520137595,70,control
2358,637.0,3852.0,633.0,3853.0,0.10434368997812271,0,4.375874753686388,,70,control
2359,489.0,3783.0,488.42006957543936,3783.059981035619,0.15162250399589539,1,0.8379251549910341,0.8448881233368547,70,control
2360,547.0,3773.0,547.3899866966536,3772.6100213495756,0.16748151183128357,1,0.2698684367777597,0.3877536497543828,70,control
2361,517.0,3792.0,516.350025473261,3792.3299786339576,0.15234793722629547,1,1.0099402795626828,0.3744982402403201,70,control
2362,637.0,3947.0,636.9199958173871,3946.7499658546285,0.18991300463676453,1,0.2983312652458014,0.46897229425527237,70,control
2363,662.0,3843.0,661.8900955974183,3842.819986230747,0.19881671667099,1,0.3250126043207372,0.36271609121453746,70,control
2364,589.0,3818.0,596.4097498509941,3823.950013602338,0.10707633197307587,0,9.448400308067272,1.3798966194486073,70,control
2365,571.0,3807.0,561.6702538158349,3803.350018321692,0.11732171475887299,0,10.160409229725367,1.7674714876437712,70,control
2366,622.0,3844.0,616.6602637167764,3844.739857295928,0.15582475066184998,0,5.630605680980287,1.4585312436440296,70,check
2367,659.0,3893.0,660.179886059251,3892.3501505349377,0.254668265581131,1,1.0781069905437763,1.2038286728410552,70,control
2368,611.0,3968.0,610.4700695203907,3967.8499908810354,0.11622870713472366,1,0.7390588564223429,0.37006356259079376,70,control
2369,604.0,3865.0,599.0,3863.0,0.10518006980419159,0,5.524232860591367,,70,control
2370,456.0,3778.0,455.3699910925207,3778.2700362483815,0.10401022434234619,1,0.9666528250429905,0.5011147166395062,70,check
2371,541.0,3884.0,539.0,3884.0,0.15773905813694,1,2.2224285107303765,,70,control
2372,559.0,3941.0,559.4499752627177,3940.459984205717,0.2379007786512375,1,0.4305679717342121,0.531703865166254,70,control
2373,534.0,3815.0,535.5500078533206,3813.8701447295784,0.13472779095172882,1,1.634574629744728,0.9066336478773983,70,control
2374,592.0,3831.0,590.0,3831.0,0.16854822635650635,1,2.2242732895826376,,70,control
2375,445.0,3928.0,445.32994194389346,3927.9000181625343,0.11898616701364517,1,0.14562797638591726,0.37427325047097354,70,control
2376,662.0,3942.0,661.8799602854552,3942.0600064121877,0.1952217072248459,1,0.40478018057796245,0.24610248385876188,70,control
2377,545.0,3978.0,543.7200785986637,3979.199878741243,0.11761210858821869,1,2.032471561798585,0.5476059586424504,70,control
2378,550.0,3821.0,550.2498654821262,3821.34987438042,0.14594928920269012,1,0.530754776424805,1.722577792226201,70,control
2379,648.0,3772.0,649.0301594567742,3771.6398861867674,0.12517307698726654,1,0.831895687724967,0.3826308440922991,70,control
2380,533.0,3846.0,533.5099341533789,3845.880020907893,0.14363279938697815,1,0.29895005742407843,0.7128401216176931,70,check
2381,589.0,3880.0,587.0,3880.0,0.1544990837574005,1,2.2214935127797464,,70,check
2382,597.0,3925.0,597.2698705072772,3924.470101705307,0.15779538452625275,1,0.35558971834921654,0.31473775003578514,70,control
2383,445.0,3939.0,446.219955392857,3938.0700539020727,0.17335093021392822,1,1.2500587982978562,0.632596058702617,70,control
2384,453.0,3952.0,453.2401478914429,3951.550080374444,0.10859236866235733,1,0.26305225069358307,1.1583237840396166,70,check
2385,578.0,3983.0,578.5597679445987,3982.550121774065,0.15853627026081085,1,0.44228226162107925,1.4577417820094294,70,control
2386,574.0,3924.0,574.6400672288268,3923.3400152923805,0.14548052847385406,1,0.6428314347370595,0.818306107114008,70,control
2387,594.0,3979.0,593.2599433001058,3979.070009887877,0.12718410789966583,1,0.9807907329949123,1.6494162940038388,70,check
2388,648.0,3793.0,649.4800492006141,3792.470107035709,0.19474193453788757,1,1.3111252794878279,1.1147229451765546,70,control
2389,634.0,3774.0,634.0,3774.0,0.1854739934206009,1,0.28027550700886555,,70,control
2390,515.0,3768.0,515.5898898860545,3767.520048042482,0.19249525666236877,1,0.4737280316182635,1.5078354541638024,70,control
2391,582.0,3772.0,582.0,3772.0,0.14492391049861908,1,0.28308260315229283,,70,control
2392,568.0,3865.0,569.1100013024565,3864.4000277908185,0.12925109267234802,1,0.9882705251085218,0.5599724307406857,70,control
2393,466.0,3950.0,467.5999721060249,3949.120000858188,0.12687095999717712,1,1.55076240684132,0.4056966699378689,70,control
2394,496.0,3798.0,499.4498780533726,3797.269968851347,0.14270853996276855,0,3.2750167258904286,1.8471329672561427,70,check
2395,449.0,3835.0,448.0,3834.0,0.11042574793100357,1,1.4662357997185573,,70,control
2396,444.0,3973.0,443.7601163306388,3973.3700493086017,0.15361763536930084,1,0.7187532193415921,0.7700082011935601,70,control
2397,613.0,3769.0,612.0,3769.0,0.15983140468597412,1,1.2329630770211053,,70,control
2398,545.0,3832.0,545.020000349345,3831.8800055375323,0.12381620705127716,1,0.20701523716191303,0.3784312961874906,70,control
2399,591.0,3945.0,590.1998787412432,3945.279921401336,0.20929063856601715,1,1.1101621043883318,1.2152720166052153,70,control
2400,541.0,3954.0,538.0,3956.0,0.17677603662014008,0,3.882695262018521,,70,control
2401,545.0,3964.0,542.0,3964.0,0.14246079325675964,1,3.2153445518593102,,70,control
2402,698.0,3911.0,698.4299773891355,3911.339989330622,0.19493341445922852,1,0.5579145696673143,0.38326111804600016,71,control
2403,790.0,3796.0,788.0,3799.0,0.11223388463258743,0,3.863421270523995,,71,control
2404,764.0,3966.0,764.7699786859444,3965.7500634766006,0.24720615148544312,1,0.5699603074103056,0.46852126333784566,71,control
2405,730.0,3846.0,730.9001306053327,3845.6899373668894,0.1080605611205101,1,0.7008252276887434,0.5802230918562058,71,control
2406,708.0,3943.0,708.369981911567,3943.1599967085094,0.26819440722465515,1,0.3701146998352609,0.2619397758630995,71,check
2407,793.0,3787.0,794.5600193414884,3786.019994572565,0.112540602684021,1,1.572140191804826,0.47034075360559074,71,control
2408,698.0,3966.0,698.0,3965.0,0.16033655405044556,1,0.8516460734030444,,71,check
2409,814.0,3982.0,809.7400367212291,3977.560105719371,0.12658141553401947,0,6.179120679459352,1.4540341712519107,71,control
2410,832.0,3826.0,832.1200382703498,3826.079987368057,0.13981495797634125,1,0.2601967663345617,0.5093401006345936,71,check
2411,809.0,3852.0,802.7002916488572,3852.8599856578044,0.16900865733623505,0,6.591649807161428,1.6627603533114914,71,control
2412,735.0,3777.0,734.949956969264,3777.080006245749,0.10588213056325912,1,0.364864077673183,0.5054721198490824,71,control
2413,685.0,3847.0,686.2799435462939,3846.9600149811413,0.20607052743434906,1,1.0738041707117423,0.6754054117126912,71,control
2414,726.0,3955.0,725.999966095169,3954.9800556310374,0.20370087027549744,1,0.2569410466266896,0.37112671485064364,71,control
2415,784.0,3913.0,784.0,3914.0,0.1621449589729309,1,1.1861921786391956,,71,control
2416,745.0,3960.0,745.0599321036483,3959.7101229877217,0.2195681929588318,1,0.18866631133041908,1.054158177568835,71,control
2417,814.0,3813.0,813.0899512652928,3814.0300099112847,0.1440608948469162,1,1.6397726583173402,0.5334772232569477,71,control
2418,815.0,3965.0,811.0,3965.0,0.16325514018535614,0,4.208127073372264,,71,control
2419,809.0,3957.0,808.8599630308138,3956.880014202702,0.23317740857601166,1,0.3485703690707529,0.6440027849029557,71,check
2420,673.0,3908.0,674.9000169246531,3907.7900527248876,0.18955352902412415,1,1.6895001007142332,0.9534370319296831,71,control
2421,741.0,3866.0,741.4099828165705,3865.9000086721103,0.1524849385023117,1,0.20967975982922302,0.7736535637983007,71,control
2422,727.0,3895.0,726.7799757659133,3894.99005291732,0.1861887276172638,1,0.45973434667001967,0.36342490462494326,71,control
2423,699.0,3865.0,700.8001735949011,3864.259900696354,0.12720797955989838,1,1.685860187093546,1.9614444247662084,71,control
2424,838.0,3889.0,835.3499871326884,3888.7400151614615,0.11500796675682068,1,2.8605236450377003,0.8842734714063063,71,control
2425,783.0,3952.0,780.0000287469918,3950.519922155551,0.15505164861679077,0,3.4640692355232567,1.0391136379016153,71,control
2426,683.0,3959.0,680.4800126831127,3960.009949764756,0.23942555487155914,1,2.973849865189132,0.8089836170601525,71,control
2427,679.0,3856.0,678.48995381645,3856.060101558397,0.2515372335910797,1,0.7605572491334942,0.8052308552504467,71,control
2428,766.0,3916.0,765.9499255401959,3915.8200725392235,0.1709417700767517,1,0.2589475132670908,0.47571898681706326,71,control
2429,782.0,3966.0,770.6201152262624,3963.0800163213626,0.1113218292593956,0,11.907609540090844,1.189807731653365,71,control
2430,714.0,3838.0,713.3400185933976,3838.0399469877566,0.1328049898147583,1,0.8992803021493297,0.2531905780455307,71,control
2431,796.0,3959.0,794.0,3965.0,0.15036125481128693,0,6.5504640868257065,,71,control
2432,828.0,3858.0,833.0,3858.0,0.12400396913290024,0,4.792002087864019,,71,control
2433,835.0,3844.0,834.0,3844.0,0.12224346399307251,1,1.2225808647783398,,71,check
2434,728.0,3869.0,728.5600668630148,3868.7199975849335,0.1567448377609253,1,0.3647977616554085,0.35883736555298096,71,control
2435,840.0,3975.0,840.3599898862805,3975.4300290369333,0.1023349016904831,1,0.615779343573092,0.632578159084458,71,check
2436,782.0,3809.0,786.0,3809.0,0.12132158875465393,0,3.7889677525877237,,71,control
2437,715.0,3803.0,715.639975589948,3802.610023928495,0.1863323450088501,1,0.47743531594592264,0.726789314314966,71,control
2438,819.0,3849.0,821.0,3848.0,0.11850976943969727,1,1.9740243964795583,,71,check
2439,852.0,3769.0,851.0,3768.0,0.12363577634096146,1,1.477295757182449,,71,control
2440,706.0,3844.0,706.6199810867889,3843.469841918967,0.12335588037967682,1,0.541942069261693,0.8977419258150862,71,control
2441,725.0,3911.0,724.0,3909.0,0.22492927312850952,1,2.1927426597591353,,71,check
2442,678.0,3893.0,681.9499263654502,3891.7400760933697,0.21222972869873047,0,3.892897659303874,1.7567435009714611,71,control
2443,783.0,3944.0,781.0,3949.0,0.11156117171049118,0,5.619829604805216,,71,control
2444,768.0,3952.0,768.0,3949.0,0.23797465860843658,1,2.838143937669548,,71,control
2445,745.0,3813.0,742.0,3814.0,0.13066701591014862,0,3.420895843992617,,71,control
2446,276.0,4151.0,275.70997433689246,4151.43003264742,0.22071349620819092,1,0.8029294635820144,0.10263871695811064,73,control
2447,391.0,4159.0,390.9700066969574,4159.480022792478,0.15475870668888092,1,0.7146119327370963,0.18909364627956127,73,control
2448,293.0,3986.0,292.0099942947358,3986.509977445477,0.16141784191131592,1,1.396768952228143,0.3526459567533318,73,control
2449,263.0,4152.0,263.4400771457591,4152.2400176719275,0.15742048621177673,1,0.5024106096634029,0.562140048334088,73,control
2450,286.0,4114.0,287.0,4114.0,0.20221439003944397,1,0.8190599113215277,,73,control
2451,434.0,4144.0,434.72989295040975,4143.620089470817,0.15896016359329224,1,0.5604749154505111,0.8748834296202843,73,control
2452,438.0,4137.0,437.79996239540606,4137.199999367178,0.14875075221061707,1,0.5619503692419928,0.4399837821177904,73,control
2453,289.0,4165.0,288.809967108977,4165.700021683746,0.15539850294589996,1,0.9842432909308156,0.39362869473003953,73,control
2454,374.0,3985.0,374.86996877595254,3983.2800409619526,0.12128216028213501,1,1.6620151503628575,0.6352070650563496,73,control
2455,252.0,4049.0,251.0,4050.0,0.12403165549039841,1,1.7062647660791526,,73,control
2456,293.0,4148.0,294.5599788346234,4147.640021770436,0.18078850209712982,1,1.3652530165525445,0.602549588914341,73,control
2457,425.0,4188.0,423.0,4187.0,0.15088175237178802,1,2.3418729668906013,,73,check
2458,316.0,4114.0,316.8100570973473,4113.59000593934,0.16932669281959534,1,0.640059518523019,0.8789176675365871,73,control
2459,338.0,4183.0,340.0000948367391,4182.4200051362,0.12645933032035828,1,1.8389030730021374,0.9991510857551915,73,check
2460,272.0,4200.0,272.7499274108992,4200.500040265849,0.10829059034585953,1,0.8926268312696759,0.845611803215696,73,control
2461,249.0,4033.0,249.50001664294513,4032.5399708516766,0.12287779897451401,1,0.38682703574506355,0.8989231950045159,73,control
2462,269.0,4007.0,265.01997703591195,4005.1399051329126,0.161164790391922,0,4.509512578177927,0.7598397579881998,73,control
2463,366.0,4162.0,367.0,4163.0,0.10877040028572083,1,1.4393477752294703,,73,control
2464,288.0,4094.0,288.0199621119291,4094.280042509304,0.1492702066898346,1,0.5162301123488433,0.6280578485936696,73,control
2465,255.0,4102.0,256.84001773344033,4100.970044109119,0.1599949598312378,1,1.8300394336013934,0.9861497717279527,73,control
2466,318.0,4094.0,317.6399418576798,4093.8798786527846,0.16879139840602875,1,0.5722619663302317,0.8148609541025228,73,check
2467,370.0,4053.0,209.0,3928.0,0.10340739786624908,0,203.8771943788408,,73,control
2468,282.0,4185.0,283.28998907620024,4184.8100114326435,0.17927925288677216,1,1.0881404165779756,0.3031555456534504,73,control
2469,329.0,4134.0,326.6901054111939,4135.729988166026,0.20485791563987732,1,3.1690231740699533,0.7805028952446941,73,control
2470,355.0,4200.0,355.9199627378104,4199.650025039812,0.19118408858776093,1,0.7359959138970527,1.0397590751424899,73,control
2471,292.0,4046.0,293.0,4046.0,0.18416617810726166,1,0.8148055980157255,,73,check
2472,394.0,4189.0,395.4699481723583,4187.9998715679,0.12692861258983612,1,1.503299579345472,0.7131444660864317,73,check
2473,288.0,4135.0,288.3500756768637,4134.7699931973,0.21882523596286774,1,0.1479633307998108,0.852567089356067,73,control
2474,336.0,4152.0,337.0,4150.0,0.18508601188659668,1,1.9693366942120956,,73,control
2475,308.0,4026.0,306.0,4029.0,0.15941818058490753,0,3.8883376067118114,,73,control
2476,270.0,4068.0,267.50985630375834,4069.1198872806654,0.16891130805015564,1,3.005501150403787,0.9808968612455851,73,control
2477,277.0,4175.0,277.0,4176.0,0.18372410535812378,1,1.2201998945630574,,73,control
2478,309.0,3993.0,310.8399597930789,3990.2799962256595,0.14697648584842682,0,3.0015465464310025,0.6611243619339326,73,control
2479,394.0,3999.0,394.550012048998,3998.7699611492912,0.11457014828920364,1,0.34114265267021077,0.6112288023211104,73,control
2480,377.0,4194.0,378.0,4194.0,0.1575741022825241,1,0.8244921259887834,,73,check
2481,380.0,4002.0,383.0,3998.0,0.12906520068645477,0,4.718838853050784,,73,control
2482,300.0,4070.0,302.0,4069.0,0.1507491171360016,1,1.9621315762565608,,73,control
2483,442.0,4146.0,443.30990686446336,4146.080064701894,0.19974440336227417,1,1.1418407145039593,0.6557808727150177,73,control
2484,270.0,4030.0,266.0,4026.0,0.18091623485088348,0,5.67200069163175,,73,control
2485,326.0,4192.0,327.0,4196.0,0.18326927721500397,0,4.276082726282182,,73,control
2486,423.0,4017.0,423.1299659595544,4016.7398796115435,0.10177013278007507,1,0.10494646434441232,0.5511880005899912,73,check
2487,263.0,4072.0,264.31997182350017,4071.6597415295214,0.12669242918491364,1,1.119459859300036,1.1557142868981138,73,control
2488,435.0,4019.0,433.20998984511294,4020.0799986121465,0.19531869888305664,1,2.3686759994676194,0.5852160148804875,73,check
2489,429.0,4176.0,426.1999466540618,4180.30981058353,0.15124444663524628,0,5.411533338620015,2.175723426541816,73,control
2490,291.0,4022.0,290.0,4025.0,0.20456664264202118,0,3.42118254027805,,73,check
2491,458.0,4165.0,456.47998847501947,4166.050047157008,0.189956933259964,1,2.121497813459669,0.47254752302084685,74,check
2492,657.0,3993.0,656.8999858050553,3993.5001203511674,0.1988293081521988,1,0.743028482063933,0.28092517861363325,74,check
2493,635.0,4157.0,634.0,4158.0,0.25650283694267273,1,1.6816694439008473,,74,control
2494,576.0,4061.0,575.0599471307879,4061.559986055598,0.2002643346786499,1,1.3639109319952716,0.5119994794797476,74,control
2495,654.0,4056.0,650.5699092059044,4059.0399255648963,0.19473855197429657,0,4.853145521449342,0.9004497509691255,74,control
2496,547.0,4143.0,547.4199790712852,4143.2199945586835,0.14761826395988464,1,0.46246902683005475,0.5439013744517923,74,check
2497,536.0,4154.0,535.2399922259525,4154.720014915273,0.2173505276441574,1,1.3201025694049018,0.5627332485858833,74,control
2498,459.0,4141.0,458.77002476327567,4141.5900602692145,0.10785065591335297,1,0.8927248458726078,0.394111832009898,74,control
2499,520.0,4146.0,521.0,4145.0,0.12809115648269653,1,1.140097551846201,,74,control
2500,607.0,4011.0,607.9898367662994,4010.6401015800357,0.1470308005809784,1,0.8041416334286862,1.119389845813357,74,control
2501,593.0,4168.0,592.7901477679404,4168.499989100084,0.2957119941711426,1,0.7959299273116673,0.5804708001474225,74,control
2502,594.0,4124.0,593.7599092236643,4125.21996395487,0.2020415961742401,1,1.4704665068236726,0.9799693917875936,74,control
2503,611.0,4030.0,609.4299807933094,4029.0100039914732,0.1907351016998291,1,1.9508209281539817,0.9526154068703494,74,check
2504,654.0,4153.0,653.7799622523747,4153.2999947181825,0.270778626203537,1,0.6357551452258753,0.49782766643876614,74,control
2505,624.0,4048.0,623.9700098948177,4048.1700365647926,0.15008507668972015,1,0.42071611409337095,0.18970057517225586,74,control
2506,520.0,4185.0,521.029917756622,4185.230055149481,0.1935901641845703,1,0.9320767036266933,0.7438720542866596,74,check
2507,549.0,4091.0,545.0,4092.0,0.10262057185173035,0,4.366413314211624,,74,control
2508,600.0,4058.0,601.1900382551758,4057.7800014182017,0.14602507650852203,1,0.9874493186620193,0.6872786112471576,74,control
2509,502.0,4106.0,502.0,4110.0,0.1367305964231491,0,4.193358208476256,,74,control
2510,560.0,4007.0,561.0,4005.0,0.20788899064064026,1,1.9824889786475375,,74,control
2511,637.0,4125.0,636.1999086567104,4125.380050239122,0.10692993551492691,1,1.1453674370294422,0.8367734789590923,74,check
2512,474.0,4137.0,473.76992342765925,4137.800027144115,0.14812110364437103,1,1.0804762109220127,0.5297390008289106,74,control
2513,622.0,4091.0,564.6598588544393,4189.920130163174,0.14135077595710754,0,114.5971368893678,2.1360498727195245,74,control
2514,635.0,4070.0,635.819980384561,4069.3700808745775,0.1753324717283249,1,0.7646366529587122,0.9352585107596946,74,control
2515,626.0,4137.0,626.2999456493042,4137.670028071233,0.21957369148731232,1,0.8576699368226702,0.4737561913123081,74,control
2516,626.0,4108.0,626.2899923772173,4108.4900256492265,0.18182304501533508,1,0.6770581181648572,0.25784067073088024,74,control
2517,651.0,4201.0,651.9499647060228,4201.330039565865,0.286572128534317,1,0.9128627695930771,0.2944485645257769,74,check
2518,561.0,4138.0,559.5101421550138,4136.249908464754,0.10880015790462494,1,2.3025097106612558,3.1639243427237305,74,control
2519,489.0,4163.0,489.4199750481706,4163.609977232223,0.1627461016178131,1,0.8301636012257573,0.27527973734060723,74,control
2520,475.0,3990.0,471.0,3995.0,0.10841762274503708,0,6.681128147528226,,74,control
2521,577.0,4192.0,575.0,4193.0,0.25632986426353455,1,2.4954401071232133,,74,control
2522,491.0,4121.0,489.650026484007,4121.9400434819445,0.13155174255371094,1,1.919209525778045,1.1151840058731597,74,control
2523,503.0,4167.0,508.0,4167.0,0.14757196605205536,0,4.805119661270482,,74,control
2524,600.0,3999.0,600.7400561841104,3997.9799878907816,0.14268971979618073,1,0.9945908189160693,0.7920532651889048,74,control
2525,598.0,4103.0,598.0,4098.0,0.1000867560505867,0,4.821699709120743,,74,control
2526,662.0,4032.0,662.70001900167,4031.4500213400493,0.19675961136817932,1,0.6206417757396778,0.8856466027894234,74,control
2527,643.0,4140.0,644.7401449345992,4139.989966815157,0.12768599390983582,1,1.5519778513286355,1.0390656948574355,74,control
2528,535.0,4202.0,534.9600033244246,4202.850006251397,0.23753081262111664,1,1.064791895594611,0.24480976372969818,74,control
2529,456.0,4021.0,459.889811017795,4021.2601721731617,0.10015306621789932,0,3.7088561268801845,2.001355993473743,74,check
2530,600.0,4023.0,600.9399499862438,4022.7999741552794,0.14743463695049286,1,0.7347583623449168,0.8914815309272938,74,control
2531,447.0,4118.0,448.4800290850413,4117.420020403404,0.10060960054397583,1,1.3349576128645892,0.7380584868278136,74,control
2532,582.0,4136.0,582.3999773809021,4136.4699832456645,0.2425459921360016,1,0.6843421025522292,0.690502653830483,74,control
2533,612.0,4200.0,619.0,4200.0,0.11565438657999039,0,6.808004326489012,,74,check
2534,471.0,4172.0,471.36991313974335,4172.519902176886,0.13739125430583954,1,0.7316865199385574,0.5394184660095833,74,control
2535,508.0,4093.0,510.0,4093.0,0.17775095999240875,1,1.806766068482251,,74,control
2536,562.0,4088.0,564.0,4088.0,0.13772977888584137,1,1.8071730642459478,,74,check
2537,602.0,4204.0,604.069863024464,4194.750230798808,0.10836628824472427,0,9.257577206135917,2.870109465972374,74,control
2538,582.0,4151.0,583.3099834424518,4151.269991202618,0.29552483558654785,1,1.201169985203707,0.45002141186321204,74,control
2539,549.0,4115.0,548.2601074938584,4115.379910426026,0.11613449454307556,1,1.0978014845441464,1.9605976876556817,74,control
2540,640.0,3995.0,639.0,3994.0,0.17669625580310822,1,1.4598443342459713,,74,control
2541,830.0,3986.0,832.4000829459466,3984.850034585761,0.11066288501024246,1,2.407082692373599,0.7128424855716883,75,control
2542,689.0,4159.0,686.9899138600719,4159.780030302101,0.20989568531513214,1,2.4048549277043274,0.5014252181524183,75,check
2543,805.0,3987.0,804.3099414913918,3987.030012180734,0.19933819770812988,1,0.9153385732949264,0.24218530608719097,75,control
2544,807.0,4087.0,806.9198570696091,4087.2799732554477,0.10841960459947586,1,0.52855241089656,0.5672702500692532,75,control
2545,768.0,4168.0,768.4999374860371,4168.600033244246,0.14161072671413422,1,0.8321810482846632,0.34488207173741986,75,check
2546,810.0,4078.0,810.4399702396764,4077.9899605563437,0.14869076013565063,1,0.2896761413781297,0.4136257358539292,75,control
2547,787.0,4189.0,787.2799002204449,4189.159828388485,0.10843003541231155,1,0.34420589113570516,0.5650318253120323,75,control
2548,675.0,4018.0,674.4599424609703,4018.2900466039346,0.17344793677330017,1,0.8783842843457041,0.42087452119693763,75,control
2549,777.0,4067.0,776.5699809692748,4067.3900329802987,0.22044798731803894,1,0.8432408465375358,0.8206391972538561,75,control
2550,827.0,4042.0,825.980043561694,4042.169981925448,0.1269962191581726,1,1.26572693426863,0.5629849067763686,75,check
2551,813.0,4184.0,812.8599299512371,4184.780073387886,0.1300635039806366,1,1.0075254949058547,0.41035096986410335,75,control
2552,737.0,4150.0,737.8399628877823,4149.980009553707,0.1206861212849617,1,0.663219158800213,0.4366665513637173,75,check
2553,771.0,3990.0,770.0,3986.0,0.15293359756469727,0,4.014902516855365,,75,control
2554,754.0,4071.0,754.8599625150299,4070.930011981361,0.10398023575544357,1,0.6683295779098224,0.5667596388743559,75,control
2555,674.0,4141.0,669.3701335539429,4143.380044841219,0.19483916461467743,0,5.46320685173686,1.4169151926639496,75,control
2556,695.0,4112.0,691.0,4115.0,0.1507841944694519,0,5.264920091737453,,75,control
2557,728.0,4204.0,729.6698782519288,4203.60981241953,0.11598192155361176,1,1.4931411044295342,0.704607273205218,75,control
2558,798.0,4044.0,793.44993836634,4044.7300269529755,0.18662193417549133,0,4.834888106429128,0.745314296314683,75,control
2559,838.0,4004.0,839.7599216024782,4004.0200172670575,0.11489255726337433,1,1.5690999791062428,1.8432597338520722,75,check
2560,764.0,4121.0,760.8000448533312,4122.819951191192,0.13696777820587158,0,3.9379432460290085,1.2143310507530582,75,control
2561,675.0,4006.0,674.4499989887779,4006.160086387409,0.1964883953332901,1,0.8264766459140289,0.3748381453750686,75,control
2562,773.0,4052.0,770.6600306817941,4052.490063577172,0.16231340169906616,1,2.6249842123088016,1.4917122839117647,75,control
2563,668.0,4074.0,665.9899673309408,4075.209857286742,0.10413540154695511,1,2.6105271868442346,0.7961382568304354,75,check
2564,783.0,4128.0,780.7099692822101,4128.920010878277,0.11061476916074753,1,2.7149557224081784,1.0826585439216179,75,control
2565,674.0,4121.0,675.1199002446693,4121.539997878754,0.22025464475154877,1,1.1686557767681975,1.1682194593696897,75,control
2566,797.0,3988.0,796.5999304644353,3987.8500231691087,0.1949409395456314,1,0.6040694482734642,0.44655756083070497,75,control
2567,808.0,4021.0,810.6000165665985,4021.8101923377944,0.13952186703681946,1,2.5904977141585404,1.6698460324757372,75,control
2568,722.0,4123.0,719.690055310748,4124.279974046951,0.14015451073646545,1,2.898958711013446,0.6896353270857613,75,control
2569,775.0,4077.0,774.0,4078.0,0.14017030596733093,1,1.6761637530971114,,75,control
2570,731.0,4139.0,732.34998259379,4139.179995613659,0.15770745277404785,1,1.207520462602458,0.3960317257141861,75,control
2571,702.0,4202.0,703.9099237067815,4202.170056577209,0.20823164284229279,1,1.7522018768407104,0.3780226013672211,75,check
2572,703.0,4047.0,700.3500642264607,4048.8799438835267,0.190828338265419,0,3.515336386167504,1.1225356821342398,75,check
2573,719.0,4029.0,717.0,4032.0,0.2131001055240631,0,3.863449855851519,,75,control
2574,674.0,4199.0,674.6899787327595,4199.090047546227,0.2560477554798126,1,0.56516782834774,0.4599606134767504,75,control
2575,818.0,4162.0,817.0,4163.0,0.13564452528953552,1,1.671278443779796,,75,control
2576,819.0,4058.0,818.7600136539842,4058.710010408016,0.15989573299884796,1,0.9820856361786352,1.6823886561111114,75,control
2577,824.0,4155.0,823.0,4155.0,0.13222147524356842,1,1.2052427326313122,,75,control
2578,783.0,4087.0,784.6401798779385,4090.3398954916997,0.10739415138959885,0,3.795770111367894,2.2581501155201367,75,control
2579,678.0,4045.0,678.1698269126492,4044.8200954400295,0.15831831097602844,1,0.03294820505112032,2.133970497162715,75,control
2580,696.0,4129.0,694.0,4133.0,0.14489515125751495,0,4.719924725010763,,75,check
2581,744.0,4119.0,739.6100931129458,4119.960120718749,0.11979250609874725,0,4.725046260754868,1.370939772709337,75,control
2582,731.0,4013.0,731.4400865330264,4012.330058100336,0.16598092019557953,1,0.550543004587453,0.5990024591758292,75,control
2583,706.0,3995.0,705.8799592538874,3995.160001969505,0.2614150941371918,1,0.46610148616735375,0.3031669294726935,75,control
2584,679.0,4190.0,679.730107863549,4190.32000679365,0.2228260338306427,1,0.7327786053516854,0.6516491484839088,75,control
2585,744.0,4042.0,742.0,4041.0,0.1401951014995575,1,2.3518891497095566,,75,control
2586,735.0,3994.0,737.0,3993.0,0.13184069097042084,1,1.977111503983686,,75,control
2587,278.0,4390.0,277.62992768743555,4390.990017258824,0.14668014645576477,1,1.3218108880962895,0.4696105317196669,77,control
2588,411.0,4334.0,412.05005344957107,4334.910038625342,0.11505386233329773,1,1.402615960527452,0.3952921902688325,77,control
2589,281.0,4372.0,277.78994306732267,4374.810115759807,0.14353059232234955,0,4.546243298533745,1.4405406680202266,77,control
2590,342.0,4206.0,342.58990835111865,4206.730127566495,0.141447976231575,1,1.0086950544125326,0.31962612682507496,77,control
2591,261.0,4346.0,261.6100202148508,4346.720008416396,0.11578592658042908,1,1.0171135852878372,0.3180040056538239,77,control
2592,348.0,4381.0,349.52998914206825,4380.7700601123015,0.19929325580596924,1,1.3413803913464721,0.7177545170087545,77,control
2593,423.0,4367.0,423.5199791675014,4367.780015138053,0.15035909414291382,1,1.0329651454998825,0.42740486888932366,77,control
2594,324.0,4401.0,328.0,4396.0,0.15789557993412018,0,6.125779871303126,,77,control
2595,361.0,4394.0,361.8000025928008,4394.609970836503,0.14827486872673035,1,1.0172528255007043,0.44733434887944856,77,control
2596,439.0,4296.0,437.0,4298.0,0.15952298045158386,1,3.1029198372217563,,77,control
2597,421.0,4355.0,421.82997168775006,4355.170045436276,0.17102839052677155,1,0.7391573115224883,0.5538447486148592,77,control
2598,392.0,4419.0,392.5600199604292,4419.959997238175,0.10414157062768936,1,1.2199451667605337,0.34442254059263544,77,control
2599,326.0,4391.0,328.0,4396.0,0.1454210877418518,0,5.510788360499616,,77,control
2600,284.0,4326.0,285.4399726122824,4327.759970774513,0.13407476246356964,1,2.3276846774618507,2.1119138815697385,77,control
2601,425.0,4325.0,425.59001976234913,4325.850002434595,0.19614803791046143,1,1.120832400648909,0.14816583949877882,77,control
2602,284.0,4400.0,284.54993289208994,4400.830023541861,0.21631072461605072,1,1.0982487283970543,0.2952676017870542,77,control
2603,358.0,4350.0,357.0499541770903,4350.920014385608,0.16559498012065887,1,1.5998589316120715,0.5073572896638724,77,check
2604,411.0,4362.0,410.14003624708874,4363.1899826874205,0.12740564346313477,1,1.7403733971070283,0.6746759808819175,77,control
2605,292.0,4391.0,294.43992168658224,4390.389953101293,0.12999428808689117,1,2.286452550077372,0.638933037761512,77,control
2606,316.0,4217.0,314.0,4218.0,0.18329928815364838,1,2.506305652658673,,77,control
2607,431.0,4377.0,431.59001831815414,4377.98999621484,0.16688522696495056,1,1.2542939477814006,0.21447089673273143,77,check
2608,344.0,4360.0,345.0,4359.0,0.11304269731044769,1,1.1363294125063084,,77,control
2609,364.0,4422.0,365.0,4418.0,0.1258808821439743,0,3.8834802615697703,,77,control
2610,357.0,4296.0,265.0,4153.0,0.10378620773553848,0,169.977771794027,,77,control
2611,333.0,4414.0,332.0,4414.0,0.1487792432308197,1,1.2047335118040117,,77,check
2612,296.0,4240.0,296.7800154475241,4240.450022165303,0.14854204654693604,1,0.8747809222952138,0.35631763716683873,77,check
2613,433.0,4334.0,433.9700642246917,4335.210068898864,0.21140822768211365,1,1.6088151767643462,0.4652132310054432,77,check
2614,390.0,4347.0,392.37001220591054,4347.529925528083,0.11303840577602386,1,2.2988331854607473,1.2042408917654677,77,check
2615,269.0,4257.0,271.0,4255.0,0.11678463965654373,1,2.5433791021755825,,77,check
2616,271.0,4414.0,272.0,4414.0,0.1855199635028839,1,0.837880867237252,,77,control
2617,348.0,4405.0,343.0,4407.0,0.1516304612159729,0,5.6361599885458835,,77,control
2618,368.0,4406.0,367.0,4408.0,0.1068967953324318,1,2.5018603445431418,,77,control
2619,333.0,4404.0,332.0,4406.0,0.1341363936662674,1,2.5040549729080843,,77,control
2620,296.0,4421.0,296.0,4421.0,0.14432719349861145,1,0.2792366152480148,,77,control
2621,270.0,4271.0,270.6700104314234,4271.409978380829,0.10939393192529678,1,0.7762618823493204,0.8150471484447197,77,control
2622,482.0,4301.0,482.8699640307405,4301.740020525614,0.18422266840934753,1,1.1542069877176584,0.3205489923998186,78,control
2623,569.0,4273.0,569.260033288476,4273.959994143471,0.15657535195350647,1,1.1497190583458787,0.23435402024606453,78,control
2624,484.0,4231.0,484.650010288392,4231.509973731833,0.14891795814037323,1,0.8363481958126805,0.22262100193920015,78,control
2625,642.0,4272.0,642.6699282829687,4272.760027889621,0.15689793229103088,1,1.0584920059822596,0.32990467623990655,78,check
2626,575.0,4421.0,577.5199761759546,4421.070002254275,0.22862608730793,1,2.3523793680048453,0.5543965935880515,78,control
2627,615.0,4423.0,615.1599917569837,4424.109996763558,0.26635056734085083,1,1.297997375779213,0.21638051497316485,78,check
2628,500.0,4276.0,503.0499740863495,4276.9901001293765,0.16779612004756927,0,3.092572450226284,0.6922616482262974,78,check
2629,512.0,4245.0,513.0,4245.0,0.24401801824569702,1,0.8283604486462377,,78,control
2630,446.0,4383.0,446.5299677886141,4383.839968148778,0.2061905860900879,1,1.092423738092708,0.14168660189042273,78,check
2631,624.0,4210.0,623.9399320369636,4210.539896852608,0.19597025215625763,1,0.7662810368566703,0.3089493471158882,78,control
2632,554.0,4269.0,554.9300007372716,4270.229989059733,0.23838776350021362,1,1.5991607463735775,0.4928862018781822,78,control
2633,567.0,4374.0,565.0,4373.0,0.1783486306667328,1,2.330492957175284,,78,control
2634,521.0,4376.0,524.0,4376.0,0.15253424644470215,0,2.8208055622400163,,78,control
2635,580.0,4208.0,580.6900224374849,4208.160034120671,0.18834611773490906,1,0.6040220449860961,0.4922947423125081,78,control
2636,458.0,4399.0,458.0,4400.0,0.16627782583236694,1,1.2110917584556986,,78,check
2637,461.0,4327.0,462.0999881300293,4327.719969044256,0.2031252086162567,1,1.2906297109533935,0.3250254403030327,78,control
2638,531.0,4370.0,532.5500173099939,4370.259983806971,0.18068236112594604,1,1.4369271556931091,0.2987223712399481,78,control
2639,607.0,4282.0,606.9197786347985,4283.270038757895,0.12085440009832382,1,1.4804277256626897,1.9272953352596267,78,control
2640,655.0,4228.0,656.4900161588023,4228.629966750105,0.25398242473602295,1,1.5307991882226446,0.758677045999533,78,control
2641,465.0,4217.0,466.0,4217.0,0.18979239463806152,1,0.8263602590557371,,78,control
2642,482.0,4270.0,482.0,4272.0,0.20518159866333008,1,2.201306570966648,,78,control
2643,589.0,4366.0,589.9200394189556,4366.829951984804,0.1370263546705246,1,1.255759325146516,0.35338792396055496,78,control
2644,528.0,4251.0,528.8699650623083,4251.6400249682965,0.21376310288906097,1,1.0707252250043187,0.30159455395596524,78,control
2645,609.0,4212.0,609.069998953258,4212.800009607462,0.232974573969841,1,0.9918459589784628,0.4230364344628224,78,control
2646,639.0,4289.0,639.7799760753836,4289.960054250125,0.11260093003511429,1,1.2875961927522623,0.7138236983728969,78,check
2647,561.0,4309.0,562.4999835633685,4309.44003003686,0.29108163714408875,1,1.4539730756684004,0.3086065525955564,78,check
2648,534.0,4399.0,533.4099856018037,4399.630020667352,0.19539153575897217,1,1.1293721452833687,0.6415789881785098,78,control
2649,612.0,4275.0,609.8301182754436,4275.880071799842,0.11087571829557419,1,2.589282833879966,1.0796387773695517,78,control
2650,612.0,4378.0,610.7102233611762,4379.129895227752,0.13694283366203308,1,1.9764742637161055,2.071478833237111,78,control
2651,515.0,4211.0,517.0,4211.0,0.1754446029663086,1,1.8141369115076909,,78,control
2652,552.0,4422.0,553.1598858824689,4422.759944090657,0.28470098972320557,1,1.3641079141231487,0.8471641284652645,78,control
2653,660.0,4243.0,659.900001760606,4244.259987417458,0.2480144053697586,1,1.4706998615536504,0.5269573143794003,78,control
2654,657.0,4397.0,656.059983820852,4398.309942419803,0.16336965560913086,1,1.8689681495212787,0.42586773689892826,78,control
2655,593.0,4389.0,596.0,4384.0,0.17459025979042053,0,5.575305005984927,,78,control
2656,528.0,4226.0,528.1899923841579,4226.920005514125,0.2412641942501068,1,1.1092103128810156,0.1938348541950486,78,control
2657,458.0,4344.0,459.7298200523148,4344.379977168464,0.17433512210845947,1,1.6448952369812266,0.5765774024335935,78,control
2658,496.0,4419.0,494.2500861026394,4422.19001793329,0.1431226134300232,0,3.898333487807297,0.9770992802295295,78,check
2659,556.0,4242.0,556.6700100187962,4242.449976603756,0.2130906879901886,1,0.7963407539827604,0.3365036731332936,78,control
2660,589.0,4337.0,593.0,4337.0,0.14441874623298645,0,3.8178522787919102,,78,control
2661,618.0,4341.0,619.0000042294281,4341.590018214997,0.12610144913196564,1,1.1246498419550148,0.5048521123794214,78,control
2662,540.0,4308.0,541.639775737699,4308.450171468824,0.17500978708267212,1,1.5853036895265638,0.8027266477434837,78,control
2663,478.0,4352.0,479.4699875782495,4353.180041278363,0.2635921537876129,1,1.8796503089466654,0.5231684262611838,78,control
2664,632.0,4249.0,631.0,4250.0,0.24323858320713043,1,1.6791812253380547,,78,check
2665,612.0,4364.0,613.4500602995623,4363.829947136435,0.1904909610748291,1,1.265426350027504,0.5323364396909437,78,control
2666,462.0,4303.0,463.3898017683875,4303.3100315135125,0.14389671385288239,1,1.300393525859623,1.0031629498768568,78,control
2667,522.0,4326.0,524.0,4332.0,0.18132326006889343,0,6.451088590470454,,78,control
2668,457.0,4240.0,460.0,4238.0,0.15822944045066833,0,3.3361434624610147,,78,control
2669,544.0,4336.0,541.0,4338.0,0.18666371703147888,0,3.867840571458696,,78,control
2670,786.0,4407.0,787.259890723897,4407.8599851063655,0.18996122479438782,1,1.4982269513489976,1.163912314351679,79,control
2671,831.0,4354.0,829.5799709314257,4355.31999176651,0.21710960566997528,1,2.189588850346037,0.6181548955708042,79,check
2672,833.0,4251.0,834.7298951167022,4251.41009880045,0.2963812053203583,1,1.6486428132402493,0.3409433464996172,79,check
2673,829.0,4234.0,828.8899981817596,4234.64996998784,0.2443760633468628,1,0.873772485348785,0.11829024797847758,79,control
2674,863.0,4270.0,863.1099966604013,4270.850007798748,0.1941014677286148,1,1.0227603179761835,0.1326347532542389,79,control
2675,807.0,4418.0,806.7700091866014,4419.099993184712,0.3101685345172882,1,1.3397552926867076,0.49192223957904413,79,control
2676,841.0,4347.0,842.9200070614764,4347.660014279865,0.17511369287967682,1,1.9278761072000727,0.49582193294852206,79,check
2677,666.0,4218.0,666.8299575552708,4218.539984571528,0.24619640409946442,1,0.9622210915436942,0.3501077302046969,79,control
2678,677.0,4402.0,678.0299935093561,4402.499978096059,0.19021867215633392,1,1.089880874905589,0.48064813229994324,79,control
2679,767.0,4400.0,772.0,4399.0,0.10958249121904373,0,4.890054947755011,,79,check
2680,679.0,4417.0,679.8598103568701,4417.75996162731,0.15777365863323212,1,1.1630068701325587,0.40246199025317236,79,control
2681,819.0,4230.0,818.9699589691176,4230.800018891572,0.22460660338401794,1,0.9961649109004387,0.4619222835173317,79,control
2682,682.0,4271.0,683.639922188485,4271.479995592837,0.22055168449878693,1,1.594366039593557,1.235337882203686,79,control
2683,674.0,4230.0,674.1200008581883,4230.400027893975,0.2386929839849472,1,0.584932663308301,0.3096605314675783,79,control
2684,803.0,4231.0,803.2999902824406,4231.650018644092,0.2744479775428772,1,0.8302629800967667,0.1624187467075347,79,control
2685,804.0,4252.0,805.1599485680423,4252.990012410455,0.2507912516593933,1,1.515974939774994,0.4632244400177246,79,control
2686,750.0,4277.0,751.0,4279.0,0.1392427384853363,1,2.323661237321514,,79,control
2687,762.0,4385.0,761.7700033066648,4386.669967861422,0.12597551941871643,1,1.893304629384659,0.7371533500957183,79,check
2688,799.0,4367.0,800.0399403857224,4367.299952973436,0.11570990085601807,1,0.9819078365731283,0.3663545848420068,79,control
2689,666.0,4393.0,667.4300281085222,4393.7300061153055,0.18581558763980865,1,1.5470691869133064,0.6905418753930365,79,control
2690,717.0,4401.0,718.0,4401.0,0.1266857236623764,1,0.8393214797632323,,79,control
2691,822.0,4378.0,820.6500133830956,4379.2099870598795,0.3308134973049164,1,2.0633306531752806,0.5430916730436939,79,control
2692,710.0,4299.0,712.0299965009028,4299.209990979837,0.10449597239494324,1,1.8840185895178052,0.44252124012723243,79,control
2693,785.0,4301.0,786.9198272910495,4300.860046657214,0.1269024908542633,1,1.7350497664939808,1.369089670104002,79,control
2694,706.0,4404.0,704.1398902783359,4407.419958989463,0.132465660572052,0,4.139905991354891,0.8990754351854219,79,control
2695,769.0,4226.0,769.639966512151,4226.4899848328905,0.1351664811372757,1,0.802710804001465,0.3868063278870039,79,control
2696,774.0,4423.0,771.380066779863,4428.809759279905,0.18289947509765625,0,6.609612039859768,3.772839770934302,79,control
2697,834.0,4211.0,835.1700054114441,4211.049855936178,0.18134921789169312,1,1.0048793159084246,0.4747966098666753,79,control
2698,806.0,4409.0,792.0203002299229,4407.6500871421,0.11806364357471466,0,14.206838072186452,1.8812074720162624,79,control
2699,759.0,4330.0,759.0,4331.0,0.14556218683719635,1,1.191655268186684,,79,control
2700,716.0,4211.0,716.7599681955935,4211.8100162810115,0.1303071230649948,1,1.139355742543364,0.49579557582533024,79,control
2701,815.0,4267.0,819.0,4272.0,0.1292378455400467,0,6.426578887243582,,79,control
2702,851.0,4380.0,851.6099603145105,4377.21995209184,0.16212506592273712,1,2.642644653445178,0.6184903046730484,79,control
2703,692.0,4278.0,693.8299179768168,4278.070015767814,0.12094125151634216,1,1.660568289745157,0.7960574349055269,79,check
2704,797.0,4332.0,799.589972137666,4332.159998977959,0.19735664129257202,1,2.4301596010529947,0.6310501065208081,79,check
2705,804.0,4278.0,802.7499274803052,4278.799838914832,0.21960188448429108,1,1.7351044263718038,1.1991731033697857,79,check
2706,688.0,4252.0,687.0,4259.0,0.10520011186599731,0,7.278172730286554,,79,control
2707,696.0,4393.0,696.0,4393.0,0.16820687055587769,1,0.25721538729236415,,79,control
2708,839.0,4302.0,839.0599963028228,4303.099996176258,0.2568795382976532,1,1.278062143808701,0.22048920270079092,79,control
2709,852.0,4238.0,853.0,4237.0,0.1931038498878479,1,1.161430657050144,,79,control
2710,840.0,4272.0,840.6899376069538,4272.770072078489,0.31601423025131226,1,1.067922129747418,1.3853339665531377,79,control
2711,699.0,4287.0,696.59008375521,4289.2598747345955,0.13295632600784302,0,3.5639260633630663,1.1260691592870045,79,control
2712,863.0,4397.0,864.0,4398.0,0.10332140326499939,1,1.4319628747046709,,79,control
2713,819.0,4333.0,823.0,4335.0,0.20647484064102173,0,4.393045431370728,,79,control
2714,274.0,4500.0,275.4299776986059,4500.309990663427,0.11653897166252136,1,1.3507883436859043,0.4156271087386975,81,check
2715,400.0,4597.0,400.6799691708198,4598.060004349052,0.20354235172271729,1,1.3612776823812964,0.12805214462570505,81,control
2716,293.0,4454.0,292.82995951524964,4455.349993012625,0.1376076340675354,1,1.5978261629594657,0.23603922731973412,81,control
2717,344.0,4629.0,344.7200724430075,4629.490053880434,0.1547355204820633,1,0.8862806337256515,0.523804327410727,81,control
2718,310.0,4533.0,310.6599721224919,4533.860013028103,0.15126097202301025,1,1.1709339401979741,0.2911194940524841,81,control
2719,386.0,4534.0,384.0,4535.0,0.14834773540496826,1,2.489403968440208,,81,control
2720,341.0,4613.0,342.55990872176153,4613.129921463325,0.10127857327461243,1,1.4254296859936364,0.7259764661889018,81,control
2721,421.0,4559.0,422.0498739886144,4560.080072335496,0.2353466898202896,1,1.5512226764389754,0.3820664074221109,81,control
2722,383.0,4552.0,384.0,4553.0,0.11928053200244904,1,1.4580824932171774,,81,control
2723,419.0,4638.0,420.0,4633.0,0.13858970999717712,0,4.867267562212494,,81,check
2724,328.0,4603.0,327.73993012461665,4604.280049936593,0.1244719922542572,1,1.5511623999331965,0.53230151658387,81,control
2725,437.0,4558.0,434.9399756722829,4561.310084778068,0.15777546167373657,0,4.163108017376935,0.46820018717989625,81,control
2726,296.0,4444.0,296.8299635383642,4444.960010339086,0.13847918808460236,1,1.3331507642806812,0.5323111942204963,81,control
2727,417.0,4612.0,418.3999731852247,4612.570166825952,0.1461271345615387,1,1.4498873619250328,0.4675606669407818,81,control
2728,358.0,4625.0,359.0699554548463,4625.710023921554,0.17453093826770782,1,1.282142522649459,0.22803673741630154,81,control
2729,291.0,4489.0,292.00004556154744,4489.889994571272,0.12981119751930237,1,1.3687556778173866,0.45560600020544967,81,control
2730,280.0,4551.0,280.4999374860371,4551.600033244246,0.10254154354333878,1,0.8712956792934186,0.3875325565221416,81,control
2731,276.0,4431.0,277.0,4429.0,0.1027783676981926,1,1.9674443815452647,,81,control
2732,411.0,4622.0,413.50010009868726,4621.369725323088,0.1064644381403923,1,2.3656620917031743,0.926099054907713,81,control
2733,366.0,4631.0,369.920038284231,4630.939947097854,0.11878196150064468,0,3.7494235621257777,1.1788831596390428,81,check
2734,311.0,4471.0,311.4499902204513,4472.01004862461,0.1342766135931015,1,1.2457235999666136,0.38572997151790106,81,control
2735,291.0,4526.0,288.57012917372606,4528.249864656872,0.13157561421394348,0,3.586928246841316,1.0015277368449975,81,control
2736,269.0,4485.0,268.88001327429106,4486.230032970772,0.12375690042972565,1,1.4716100248258546,0.3655035129995124,81,control
2737,311.0,4495.0,309.0,4497.0,0.1301768720149994,0,3.104472005903218,,81,check
2738,381.0,4624.0,386.2600030972893,4622.580065768165,0.15707270801067352,0,5.229329680974674,1.3599943734640585,81,control
2739,286.0,4630.0,293.65004615320186,4628.339926541892,0.10327789932489395,0,7.614065254609945,1.5884119239357193,81,check
2740,431.0,4644.0,428.52992294916413,4645.8799766873835,0.10131815075874329,0,3.3642032362225183,0.6259020072987559,81,control
2741,324.0,4444.0,324.100019696005,4445.660104990333,0.13943710923194885,1,1.8677677645778465,0.9064231229719396,81,check
2742,374.0,4605.0,373.0,4605.0,0.143305703997612,1,1.1928760722097669,,81,control
2743,441.0,4489.0,439.5299617023639,4490.429941936953,0.11625061184167862,1,2.3194882322007477,0.4508349237848466,81,control
2744,421.0,4597.0,419.0,4598.0,0.18143673241138458,1,2.48507865223079,,81,control
2745,442.0,4536.0,446.36985213842917,4533.820042760664,0.10056081414222717,0,4.6360614578564405,1.8727290579148033,81,control
2746,370.0,4587.0,372.700113769003,4586.5702278272665,0.105379119515419,1,2.5339686246977586,1.8644552434534372,81,check
2747,324.0,4643.0,324.64011272096815,4643.930211214669,0.12487636506557465,1,1.2315411612634846,0.3854783695645386,81,control
2748,434.0,4582.0,437.31997732456045,4580.819966871022,0.11903893202543259,0,3.2935148852314033,1.4972739076210038,81,control
2749,317.0,4572.0,318.4099336445356,4572.35999855145,0.1757371872663498,1,1.3567905715533928,0.6576020948872009,81,check
2750,272.0,4460.0,274.0,4460.0,0.11859453469514847,1,1.82639283723955,,81,control
2751,411.0,4516.0,330.0,4634.0,0.12485808879137039,0,143.39667046675999,,81,control
2752,371.0,4579.0,370.0,4581.0,0.14458736777305603,1,2.499748093800078,,81,control
2753,320.0,4547.0,321.8399207304088,4547.760029643286,0.10646127909421921,1,1.921996567987749,0.6167600792852249,81,control
2754,290.0,4592.0,296.0,4590.0,0.12835346162319183,0,6.091492638239193,,81,control
2755,423.0,4585.0,424.7998901500025,4585.59009152572,0.23153194785118103,1,1.8077321863181137,0.706120417830724,81,control
2756,493.0,4541.0,492.92995878621156,4541.990010037849,0.14741289615631104,1,1.2127768176853166,0.23278712235738114,82,check
2757,619.0,4641.0,619.4500247442229,4641.969995659181,0.2447953075170517,1,1.1955738128661393,0.4286273307750655,82,control
2758,478.0,4496.0,479.7199758526031,4496.240041191673,0.16913187503814697,1,1.6014530225037789,0.5923920973077781,82,control
2759,656.0,4489.0,658.2899692700979,4489.729926133144,0.10820243507623672,1,2.3037800717105816,0.6390433176868975,82,control
2760,469.0,4549.0,469.76005591451457,4549.919990762704,0.12843723595142365,1,1.262070076223876,0.6057191126275281,82,control
2761,501.0,4499.0,502.9700392607502,4499.629961385953,0.10166938602924347,1,1.9725514791883922,0.7283197862436457,82,control
2762,449.0,4472.0,449.4398757124077,4472.539956752948,0.105341836810112,1,0.782579228398398,0.5572292773530285,82,control
2763,461.0,4508.0,462.6199080161311,4507.939930523363,0.13719551265239716,1,1.4475076259128192,0.7035652316164057,82,check
2764,597.0,4643.0,596.4199484674713,4643.880064406305,0.1953960359096527,1,1.308430870162179,0.3341091875855413,82,control
2765,627.0,4484.0,628.9399606113925,4484.770019914907,0.10259901732206345,1,2.0063715239798023,0.5663500966614897,82,control
2766,469.0,4634.0,464.5901510828387,4635.039963046464,0.12570087611675262,0,4.746328480743602,0.8969024442286192,82,control
2767,565.0,4616.0,565.2600477660809,4624.169653194722,0.10251796245574951,0,8.364864983597496,3.076612970858692,82,control
2768,649.0,4616.0,650.1000012309408,4616.450025466321,0.21187593042850494,1,1.1295883614207745,0.5263609284700688,82,control
2769,580.0,4632.0,579.8700036091946,4633.209989329329,0.1460435837507248,1,1.4355519880915482,0.5257943076720807,82,control
2770,628.0,4645.0,630.0,4649.0,0.1621396541595459,0,4.574491220652259,,82,control
2771,496.0,4530.0,496.6099629965869,4530.959963642814,0.21518127620220184,1,1.2353457290135994,0.44769512654537985,82,check
2772,546.0,4637.0,547.8799224606665,4637.420045161032,0.11024109274148941,1,1.8178825314208897,0.6764152742249767,82,control
2773,515.0,4489.0,513.0,4491.0,0.11923292279243469,1,3.093146939051277,,82,control
2774,565.0,4442.0,567.7599897216105,4442.029907337786,0.11864841729402542,1,2.5884890387755815,0.666459372171943,82,check
2775,494.0,4516.0,493.1499357050855,4517.279954996697,0.16041913628578186,1,1.7994399940268735,0.6310215757455836,82,control
2776,490.0,4450.0,488.0,4452.0,0.10250788182020187,1,3.0956627289351513,,82,control
2777,602.0,4622.0,602.1899469257672,4623.020011387121,0.17794622480869293,1,1.212675656812708,0.5808375121256623,82,control
2778,582.0,4598.0,580.7601020950027,4599.749987999587,0.1431780457496643,1,2.401612339656366,0.9220144942836725,82,control
2779,485.0,4494.0,479.0,4497.0,0.10424245148897171,0,6.957603731408153,,82,control
2780,560.0,4637.0,557.0,4637.0,0.12049330770969391,0,3.1754848332608887,,82,check
2781,646.0,4645.0,648.1100397799366,4644.670193502868,0.12830188870429993,1,1.9478283260318747,0.7729591946466848,82,control
2782,569.0,4632.0,568.9800429427532,4633.229979259839,0.13774695992469788,1,1.43719712930297,1.0049795648815476,82,control
2783,614.0,4628.0,614.3900182288786,4628.859955500368,0.1974317729473114,1,1.074833410362286,0.5446108061219506,82,control
2784,447.0,4599.0,447.3299919411826,4600.36003183734,0.1074548214673996,1,1.5691605442459389,0.6909451878313345,82,control
2785,589.0,4455.0,589.6399473587401,4456.040103994285,0.1588679403066635,1,1.3133778515680874,0.3059320278327054,82,control
2786,594.0,4617.0,594.7199722421157,4617.590025642286,0.11122174561023712,1,0.9567951332307935,0.5670000699761497,82,control
2787,548.0,4559.0,548.8300026010343,4560.47997692146,0.10511794686317444,1,1.798286285667862,0.5116206675782592,82,control
2788,485.0,4466.0,488.0,4468.0,0.15157538652420044,0,3.573633314563257,,82,control
2789,591.0,4601.0,592.0,4602.0,0.1003090888261795,1,1.452568366839227,,82,check
2790,450.0,4643.0,452.2699805774694,4643.719970797921,0.15565091371536255,1,2.292400778889442,0.9665454488199685,82,check
2791,469.0,4586.0,472.9499615081625,4585.64002579355,0.10963372141122818,0,3.7791855212240972,0.837495459041838,82,control
2792,631.0,4629.0,623.0,4628.0,0.10030581802129745,0,8.208642905281629,,82,control
2793,605.0,4442.0,605.2699880047578,4443.000002785233,0.24478593468666077,1,1.1921831097408504,0.12091846945311183,82,control
2794,733.0,4540.0,735.4600225462893,4540.1399882097785,0.1512201875448227,1,2.3109007533244346,0.6962240353886304,83,control
2795,781.0,4450.0,783.7800090518035,4450.069994620673,0.17748486995697021,1,2.6155673236669146,1.2058759216596568,83,control
2796,807.0,4465.0,803.5799649483323,4466.899965998953,0.16387617588043213,0,4.151927268281064,0.42398492110383484,83,control
2797,721.0,4530.0,720.3700189111014,4531.879954405518,0.17817218601703644,1,2.2141483219312503,1.8497964158715974,83,control
2798,765.0,4519.0,765.5699616789562,4519.25994990214,0.13739220798015594,1,0.5934273988719173,1.8810863992369704,83,control
2799,678.0,4519.0,676.8599639592248,4520.790018201116,0.11962959170341492,1,2.3731087431392712,0.48998099164494385,83,check
2800,722.0,4561.0,721.480044524808,4563.229885248354,0.11260543763637543,1,2.5109017601007295,0.5998641586752292,83,control
2801,773.0,4445.0,774.9599392284069,4443.450133507128,0.11134477704763412,1,2.2494088596898285,1.3610001370496019,83,control
2802,675.0,4448.0,676.9099855671006,4448.480121342861,0.10532496869564056,1,1.8547633727493453,0.5404487947564106,83,check
2803,689.0,4496.0,691.7099828989054,4495.6000695216835,0.18119102716445923,1,2.543797021142847,0.852992837055469,83,control
2804,689.0,4436.0,691.6900684116595,4436.010030469016,0.12043744325637817,1,2.5186250992584545,0.9357156985984871,83,control
2805,745.0,4644.0,746.3999453328933,4644.27004687353,0.14421334862709045,1,1.3155490723260432,0.694579323754055,83,control
2806,677.0,4459.0,678.2299074270625,4459.370050992861,0.1247161477804184,1,1.189463747835998,0.9885447087975929,83,control
2807,785.0,4627.0,787.6101178368231,4626.870025547839,0.1335727870464325,1,2.445091863514624,0.7158281626264361,83,control
2808,702.0,4470.0,700.0,4472.0,0.12717629969120026,1,3.0831611153679788,,83,control
2809,671.0,4477.0,671.3600864429341,4477.989839930409,0.12014389783143997,1,1.1895606076169496,1.0448616034816443,83,control
2810,753.0,4478.0,756.5198230199777,4474.690149252827,0.15770365297794342,0,4.58035685892884,2.251257811150794,83,control
2811,725.0,4438.0,727.9400179328132,4437.520065132757,0.14725863933563232,0,2.77802394542448,1.6508726730258843,83,control
2812,698.0,4560.0,699.0,4561.0,0.12621086835861206,1,1.4464356944580308,,83,control
2813,737.0,4637.0,736.9800195599142,4638.1900802062355,0.2403591126203537,1,1.3872889895245408,0.535369160135286,83,control
2814,721.0,4637.0,718.5500289329597,4640.439832213996,0.1276601254940033,0,4.47095341335844,0.9654572999882678,83,control
2815,799.0,4641.0,796.0,4640.0,0.10602746158838272,0,3.268827624472311,,83,check
2816,691.0,4455.0,688.8601949310715,4457.2398030345075,0.12911708652973175,0,3.3534727276840353,0.9362988315188746,83,control
2817,722.0,4448.0,718.3801562862002,4449.4399431094425,0.17343096435070038,0,4.129335629274107,1.473933835050274,83,control
2818,735.0,4593.0,735.0,4595.0,0.1069168820977211,1,2.190469013374843,,83,check
2819,798.0,4484.0,796.6302165302377,4486.830051326691,0.13988403975963593,0,3.3811263459714325,1.399492289499849,83,control
2820,735.0,4552.0,735.2699064752438,4553.290054959634,0.13833850622177124,1,1.4765186899180633,0.4096131725185808,83,check
2821,771.0,4620.0,772.9299675545382,4620.140047800648,0.19296522438526154,1,1.7929057613245847,0.8851718235903199,83,control
2822,690.0,4506.0,691.0,4510.0,0.11396247148513794,0,4.265604208012003,,83,control
2823,832.0,4430.0,831.4901652222586,4431.10000377611,0.19261956214904785,1,1.4479646970342817,0.9127123178460697,83,control
2824,755.0,4633.0,758.0,4628.0,0.1479702591896057,0,5.588583198517549,,83,control
2825,796.0,4474.0,788.1701648937354,4476.5099378332725,0.13199809193611145,0,8.443822912070457,3.019622672505109,83,check
2826,702.0,4433.0,704.6799797959685,4433.0300501086795,0.16253948211669922,1,2.510193565984925,1.5520526875155456,83,control
2827,725.0,4460.0,727.0,4458.0,0.13489946722984314,1,2.5748169241012917,,83,control
2828,754.0,4623.0,758.0,4628.0,0.10462472587823868,0,6.447089573182306,,83,control
2829,711.0,4545.0,714.2298535098156,4545.290020435862,0.1535429060459137,0,3.094520337746289,1.53620749107657,83,control
2830,713.0,4466.0,714.7398974239164,4466.449909103564,0.1432127058506012,1,1.686426686135154,1.1811342606376223,83,control
2831,680.0,4631.0,682.2599504179238,4630.380040542384,0.10010505467653275,1,2.1366895515220428,1.2065522720859616,83,control
2832,812.0,4447.0,812.0,4439.0,0.12848880887031555,0,7.8256733514529255,,83,control
2833,796.0,4441.0,798.1501929819119,4441.179853118487,0.11626508086919785,1,2.0057283396884733,1.6135634203038254,83,check
2834,830.0,4467.0,824.0,4477.0,0.11705467104911804,0,11.902696915464086,,83,control
2835,826.0,4475.0,827.379860256174,4475.990079738084,0.15264923870563507,1,1.6776445926388386,1.4669344068447954,83,check
2836,371.0,4834.0,371.9299997057037,4834.329984617051,0.16303420066833496,1,0.9396987503930649,0.27946993426971256,85,check
2837,306.0,4665.0,303.47994023139563,4667.420041034761,0.13715435564517975,0,3.7648591778504237,0.5868867836971474,85,check
2838,400.0,4864.0,400.6099665039175,4864.619978747934,0.11079775542020798,1,0.9440297598781635,0.24554766680232262,85,control
2839,372.0,4848.0,372.1899489889029,4848.820020272486,0.14128655195236206,1,1.031138232324372,0.4201971082331963,85,control
2840,286.0,4685.0,286.82000954417987,4685.850004807201,0.18871787190437317,1,1.2447336359424677,0.1946434560683979,85,control
2841,362.0,4657.0,362.7897448318315,4657.800068613142,0.11071605980396271,1,1.1818843000174788,0.6100863411817148,85,control
2842,385.0,4867.0,385.02995702560565,4867.730022620391,0.11976694315671921,1,0.9491260588047103,0.2566946314216335,85,check
2843,316.0,4790.0,316.460007485399,4790.599923346617,0.10970757901668549,1,0.8647204311170242,0.20303987792923459,85,control
2844,352.0,4841.0,353.3101286891071,4841.110011790697,0.17013312876224518,1,1.1931154364672008,0.867468950113603,85,control
2845,307.0,4680.0,308.44990291415735,4680.86007591999,0.23059998452663422,1,1.6677987808864145,0.7374451552830193,85,control
2846,285.0,4666.0,286.1199918835481,4667.269989242639,0.10051476210355759,1,1.7590136216487773,0.28968005611187264,85,control
2847,405.0,4714.0,403.0100836641654,4716.459959035462,0.12517453730106354,0,3.429876402536649,1.4400236583534483,85,control
2848,336.0,4833.0,331.6801812987259,4835.029909676642,0.1524329036474228,0,5.011641665055974,1.0379004530014437,85,control
2849,337.0,4813.0,335.8200116073155,4814.650013692566,0.12077847123146057,1,2.2960457051565637,1.1711703890236804,85,check
2850,344.0,4848.0,342.5699913881099,4849.38007785139,0.14037658274173737,1,2.2510599280322316,1.5633806682256832,85,control
2851,439.0,4671.0,438.1600227734247,4672.40992869301,0.16626939177513123,1,1.9031155743472494,0.7278760853600643,85,control
2852,399.0,4758.0,399.66996363199456,4758.639978478338,0.15686297416687012,1,0.9862057720882892,0.6937686313357879,85,control
2853,357.0,4803.0,356.1700523477804,4804.500058078222,0.1010574996471405,1,1.978285586377192,0.6990434815059674,85,control
2854,358.0,4793.0,358.24000921307095,4794.379886424246,0.12111224234104156,1,1.5921736348343398,0.7324830583535205,85,control
2855,336.0,4651.0,337.5300144848862,4651.619967607001,0.2171807587146759,1,1.5902505896450398,0.5692088399597512,85,control
2856,354.0,4656.0,357.0,4658.0,0.10028710216283798,0,3.587715441496378,,85,control
2857,402.0,4657.0,402.54994341408184,4657.81006885722,0.14623895287513733,1,1.0835495077019712,0.5130738617059429,85,control
2858,386.0,4807.0,387.24999178168423,4807.72001501843,0.16596557199954987,1,1.43024553344813,0.36606778269621126,85,check
2859,296.0,4649.0,297.28999041723847,4649.68001720813,0.1895981729030609,1,1.4284200282746071,0.6880594514872406,85,control
2860,352.0,4814.0,352.0,4815.0,0.11128316074609756,1,1.2221345148385754,,85,control
2861,327.0,4671.0,326.77995678506517,4672.8299711719665,0.1791510283946991,1,2.0772463959349983,0.7031879463949955,85,control
2862,315.0,4812.0,317.7200530495322,4811.369970358007,0.11849077045917511,0,2.5901319674466716,1.6142729605128676,85,control
2863,391.0,4825.0,390.0,4826.0,0.10218224674463272,1,1.6765850887406921,,85,control
2864,617.0,4685.0,617.2099589318287,4685.770067126963,0.16104070842266083,1,0.9639141668881581,0.17716463251931633,86,control
2865,614.0,4763.0,614.3500710348085,4764.2199732052295,0.14129802584648132,1,1.4271096496618187,0.574531879695516,86,control
2866,588.0,4762.0,587.7299724167882,4762.530028411052,0.13726180791854858,1,0.8445759454988592,0.7376544159514724,86,check
2867,549.0,4711.0,549.029937838444,4711.5899399865,0.17373281717300415,1,0.7988728928391131,0.248584545003992,86,control
2868,447.0,4842.0,444.5201406791777,4844.349904125229,0.10638432949781418,0,3.6740674355089586,1.5642857087832647,86,control
2869,647.0,4745.0,647.899974045182,4745.640069704589,0.24987611174583435,1,1.112837055841284,0.3560991006446624,86,control
2870,577.0,4676.0,577.9199617062426,4676.75002059713,0.19072088599205017,1,1.2085126520600673,0.323817584781739,86,control
2871,578.0,4648.0,578.3300312101662,4648.859999308251,0.17037427425384521,1,1.0667513691780592,0.3570482820093179,86,control
2872,585.0,4779.0,586.029979789504,4779.829919008384,0.1271374523639679,1,1.345314543532304,0.867472818282713,86,control
2873,651.0,4762.0,650.3199893939042,4762.650018850405,0.24986113607883453,1,1.189682929933701,0.22377448660862387,86,control
2874,457.0,4750.0,457.7299597285038,4750.75997376606,0.10932108014822006,1,1.117239725593984,0.47221429989011554,86,control
2875,627.0,4724.0,627.0,4725.0,0.252286434173584,1,1.2040529309927677,,86,control
2876,457.0,4705.0,457.9500010866165,4705.1099945972655,0.18661315739154816,1,0.8428572202393316,0.3526209296747295,86,control
2877,550.0,4722.0,548.3899754525643,4723.699972924339,0.11820103973150253,1,2.5980357745074385,0.6264083556129031,86,check
2878,509.0,4720.0,509.94991625608543,4720.720032555083,0.17414160072803497,1,1.209073921377308,0.2715258105904327,86,control
2879,447.0,4713.0,449.2099796325914,4713.069954629592,0.11112701147794724,1,2.0611845062545293,0.482719771543259,86,check
2880,637.0,4763.0,635.2800524817616,4766.319879186804,0.21457436680793762,0,3.9846364034630284,0.8686589651509815,86,control
2881,656.0,4673.0,653.8501300751915,4677.650126651148,0.10428942739963531,0,5.365678821158161,1.643389568008904,86,control
2882,473.0,4711.0,472.0,4711.0,0.10548552870750427,1,1.1840449299095783,,86,control
2883,542.0,4695.0,543.189977116954,4695.399939762427,0.11178938299417496,1,1.1852948600971311,0.29668880970829126,86,control
2884,459.0,4688.0,460.5699683841472,4688.609978779575,0.10648350417613983,1,1.6200475068173044,1.0859295446214234,86,control
2885,664.0,4836.0,664.8400100998384,4836.71001123327,0.11891558766365051,1,1.1331271578110997,0.20902794078584822,86,control
2886,643.0,4781.0,643.0,4782.0,0.15680423378944397,1,1.2037060087478058,,86,control
2887,542.0,4678.0,542.6899810022088,4678.870057320128,0.12374257296323776,1,1.188359393205224,0.7584243676424218,86,control
2888,567.0,4708.0,569.3299120959279,4710.180292915317,0.12452828884124756,0,3.214826707795683,2.8322073224697313,86,control
2889,576.0,4718.0,581.1999255744228,4717.740123099112,0.23900340497493744,0,5.036188012927054,1.1825062474679426,86,control
2890,644.0,4807.0,642.3300762559298,4807.799991658182,0.1264825463294983,1,2.0801623562630147,0.5834254765137914,86,control
2891,653.0,4680.0,656.0,4681.0,0.2280178964138031,0,3.0748795947227268,,86,control
2892,604.0,4659.0,605.1199559155815,4659.450035988312,0.2782500088214874,1,1.1494855017135241,0.7313120291347179,86,control
2893,612.0,4652.0,612.7500214223841,4653.000041847903,0.27332016825675964,1,1.327196141341336,0.36919186381289604,86,check
2894,493.0,4677.0,494.0,4678.0,0.10072768479585648,1,1.4601238576448652,,86,control
2895,514.0,4760.0,514.0,4760.0,0.10267324000597,1,0.25831477705661426,,86,check
2896,652.0,4721.0,652.4999795402539,4721.830012710399,0.2787783741950989,1,1.0757202617761805,1.004264727127012,86,control
2897,664.0,4795.0,667.8598300598156,4795.850046482542,0.16093140840530396,0,3.845900131670388,1.0358612937846963,86,control
2898,652.0,4784.0,652.0,4785.0,0.19625328481197357,1,1.2031820513059193,,86,check
2899,490.0,4745.0,491.95995652499585,4745.080006348905,0.11486226320266724,1,1.817635213589334,0.614860843670804,86,check
2900,457.0,4671.0,458.40011117715443,4671.419954519971,0.12632988393306732,1,1.3790358044572726,1.932207033684962,86,check
2901,565.0,4746.0,564.0,4747.0,0.2299531102180481,1,1.6689007553349382,,86,control
2902,646.0,4815.0,646.0,4816.0,0.14536069333553314,1,1.2039103221007499,,86,control
2903,617.0,4664.0,618.0799204868064,4664.75007699014,0.2706301808357239,1,1.3123705648845423,0.757218595855624,86,control
2904,595.0,4732.0,592.7198450478974,4729.000082801146,0.13462361693382263,0,3.7198198876088964,2.996844136942158,86,control
2905,485.0,4661.0,479.0102195235535,4664.209939195132,0.1341249793767929,0,7.0404027964938285,0.9669859022263855,86,control
2906,471.0,4669.0,471.79995754703725,4669.669978486571,0.1561199426651001,1,1.0755865932342987,0.2711351474671668,86,check
2907,625.0,4736.0,625.8999636263469,4736.650024833499,0.20809131860733032,1,1.120516516435214,0.5864566060399027,86,control
2908,654.0,4858.0,652.0,4859.0,0.13850337266921997,1,2.4631035901008937,,86,control
2909,811.0,4835.0,811.8699648559948,4835.66002407976,0.23895205557346344,1,1.1077642451264686,0.20565016878449427,87,control
2910,795.0,4849.0,792.289930104271,4851.219959106501,0.20115378499031067,0,3.738717847963257,0.4836489053012284,87,control
2911,813.0,4754.0,813.5599431761271,4754.790069848914,0.1937994360923767,1,1.0524830144393933,0.3019350161538173,87,control
2912,803.0,4767.0,804.0900026036201,4767.360029361577,0.24735109508037567,1,1.0797811680812632,0.5491891561168286,87,control
2913,821.0,4822.0,817.0,4822.0,0.12447482347488403,0,4.157342229995938,,87,control
2914,768.0,4777.0,769.2200417707398,4777.310022608279,0.20743761956691742,1,1.172940628158029,0.47752003347312383,87,control
2915,694.0,4721.0,695.4199376360091,4720.930017758141,0.17792439460754395,1,1.263809993782023,0.5878909012994737,87,control
2916,683.0,4810.0,683.1498982929239,4810.599995522614,0.14451633393764496,1,0.7913210344368399,0.2439118243692494,87,control
2917,816.0,4728.0,816.7799961572056,4728.319939087145,0.27764561772346497,1,0.7983491099860403,0.4640336658818326,87,control
2918,753.0,4754.0,753.0,4757.0,0.20318561792373657,0,3.1899984657389306,,87,control
2919,705.0,4864.0,708.5499360899502,4863.520037314176,0.1806594431400299,0,3.4093023162844056,1.3575212715195033,87,control
2920,709.0,4832.0,710.9199288329795,4829.63008067085,0.2038954645395279,0,2.804878851793789,4.469446899512828,87,control
2921,807.0,4661.0,809.0799606842012,4661.160048459464,0.16966784000396729,1,1.9469415509020171,0.5569912074060833,87,control
2922,804.0,4718.0,806.2999022540491,4718.570042829594,0.293377548456192,1,2.2685221997635816,1.0924432932379453,87,control
2923,766.0,4658.0,766.9299457884568,4658.249954060052,0.16546383500099182,1,0.8799108690860276,0.5562569387660249,87,check
2924,695.0,4762.0,696.1499415850221,4762.709980319986,0.20733202993869781,1,1.3381964031735076,0.43888183592029595,87,control
2925,823.0,4757.0,823.590022650739,4757.570014874105,0.2125299721956253,1,0.8676230340670907,0.11799646620510595,87,check
2926,719.0,4797.0,718.8999762808804,4797.729877683206,0.1660473644733429,1,0.953961862837455,0.3450824996965632,87,control
2927,817.0,4776.0,817.529819481006,4776.990136027936,0.13854818046092987,1,1.2308624138107427,1.4402672519077264,87,check
2928,723.0,4828.0,723.8499647129634,4828.760019430764,0.18843109905719757,1,1.176616025141353,0.40763494187415006,87,control
2929,703.0,4671.0,702.7000216837463,4672.190032891023,0.2779180705547333,1,1.4536608876374524,0.858720688081131,87,control
2930,702.0,4737.0,702.6899717180983,4737.770017335987,0.22676381468772888,1,1.0951743277217116,0.20814813897991613,87,check
2931,730.0,4844.0,730.5799332097938,4844.670030959624,0.1701093316078186,1,0.9591041477030423,0.44208789781189756,87,check
2932,694.0,4697.0,694.6899730591365,4697.640023111474,0.28358179330825806,1,0.9817535267087513,0.21057945246699938,87,check
2933,847.0,4740.0,847.3599888547126,4740.530024594251,0.1917698234319687,1,0.7383880240508914,0.24487228231774635,87,control
2934,677.0,4672.0,675.0,4671.0,0.17621321976184845,1,2.3120047959381957,,87,control
2935,733.0,4732.0,735.3600688368749,4731.389965755827,0.12135142832994461,1,2.240129105314502,0.5447476234764919,87,control
2936,753.0,4808.0,752.0,4811.0,0.2097557932138443,0,3.3900769144999545,,87,control
2937,810.0,4797.0,811.6798818645259,4797.910031644432,0.23925483226776123,1,1.876490682622119,1.0383464316441782,87,control
2938,793.0,4751.0,795.0,4751.0,0.2604478895664215,1,1.8511313647735292,,87,control
2939,812.0,4702.0,812.4799705257392,4702.789969854335,0.17483437061309814,1,1.0225808644016985,0.2591396504970244,87,control
2940,787.0,4759.0,787.090004976226,4760.130039579747,0.16316497325897217,1,1.3158541014768854,0.9291400963083479,87,control
2941,684.0,4847.0,685.6199332895429,4846.490039369079,0.13382868468761444,1,1.499673272788851,1.081940480839613,87,control
2942,680.0,4743.0,681.5500207141678,4743.929998467823,0.19173935055732727,1,1.7846686342625757,0.7442829225229028,87,control
2943,738.0,4669.0,738.519933605954,4669.8900205667815,0.25060704350471497,1,1.1326468966878438,0.24470543432000402,87,control
2944,782.0,4819.0,781.9001025804384,4820.100018321216,0.2284378558397293,1,1.310427993801064,0.6499834137727458,87,check
2945,734.0,4778.0,734.4899392713435,4778.470038916576,0.19318757951259613,1,0.7368746846084101,0.6608131008092407,87,control
2946,760.0,4686.0,763.0000725548739,4685.579909174263,0.1404506415128708,0,2.84734461989194,0.9852278593985404,87,control
2947,778.0,4789.0,778.4600178010774,4789.59996777344,0.23384544253349304,1,0.8419487897510979,0.6631185964724555,87,control
2948,790.0,4811.0,789.4900591414302,4812.7699502146725,0.2048337161540985,1,2.0647046087487584,1.7367987672720853,87,check
2949,746.0,4719.0,746.249980021811,4719.859964371852,0.16624534130096436,1,1.0495014919205121,0.6024482563002975,87,control
2950,812.0,4851.0,812.0,4853.0,0.20902568101882935,1,2.189646574472399,,87,control
2951,781.0,4659.0,785.9801339964422,4655.7101697534,0.13533054292201996,0,5.731871532374487,1.2052775668892002,87,control
2952,682.0,4768.0,682.7399609347441,4768.5999809775085,0.29574641585350037,1,0.9809409352079527,0.31516509801580783,87,control
2953,766.0,4818.0,767.4700086222333,4819.140131909082,0.23267875611782074,1,1.8682755577338401,1.4642340440375456,87,control
2954,783.0,4685.0,784.9599825205052,4684.560118304499,0.21608397364616394,1,1.8161207177878484,0.7291615522676189,87,control
2955,724.0,4702.0,724.0,4702.0,0.19517576694488525,1,0.24740539398770864,,87,check
2956,777.0,4832.0,778.2199927018618,4832.760012931887,0.23864449560642242,1,1.4256955072399267,0.7547634760265984,87,control
2957,333.0,5015.0,331.9600029117975,5016.890004474323,0.10690747201442719,1,2.4198211941004004,0.9832026553797196,89,control
2958,373.0,5035.0,375.199954115101,5035.280044366126,0.1729026436805725,1,2.109533444536889,0.37332624592114494,89,control
2959,423.0,4976.0,424.4299146004053,4976.119920566555,0.21509869396686554,1,1.3201058939878636,0.704696947988288,89,check
2960,434.0,4983.0,432.55993389201666,4983.690029864773,0.1459995061159134,1,1.8279310853321202,1.317747718216455,89,control
2961,405.0,4994.0,403.3799470466839,4996.190050221363,0.10675034672021866,1,2.984082407183542,0.572299716226182,89,control
2962,357.0,4890.0,356.9699931834188,4890.789964593339,0.17235314846038818,1,1.0198962301958796,0.3819462034144776,89,control
2963,311.0,4964.0,312.96000466546286,4964.7200120268835,0.1281454861164093,1,2.0338775218184257,0.5062074655067372,89,control
2964,330.0,4899.0,330.37007169362374,4900.0699800755665,0.1493225246667862,1,1.3015576708188943,0.5197132246739067,89,check
2965,384.0,4952.0,385.4199416591236,4952.540035084602,0.11057808250188828,1,1.4725271498666057,0.41511888672335945,89,control
2966,372.0,5070.0,374.3500271237695,5070.169985742249,0.1047910675406456,1,2.2363448271292925,0.23697989282142606,89,control
2967,397.0,4949.0,398.449980833184,4949.920008196201,0.15585404634475708,1,1.7203190680926836,0.3481216371491603,89,control
2968,317.0,5033.0,318.4198837187622,5033.8499872011425,0.12545223534107208,1,1.6587310399364665,0.5222872590993806,89,control
2969,414.0,4985.0,411.3698272776444,4986.229935692021,0.10487036406993866,1,3.1326187487381536,1.9385229081675752,89,control
2970,338.0,4962.0,339.07996625466745,4962.620072449948,0.136032834649086,1,1.2466940895367835,0.28370216315520086,89,control
2971,399.0,5025.0,400.4700158094574,5025.749961212573,0.16062290966510773,1,1.634253561818324,0.4845375190031845,89,control
2972,417.0,5041.0,417.0,5041.0,0.10419856011867523,1,0.25833202638596997,,89,control
2973,383.0,4969.0,384.0199472573523,4969.719978534679,0.1445469707250595,1,1.2731941844284416,0.5324670326787486,89,check
2974,432.0,5032.0,435.5299242902023,5031.74998246287,0.15288394689559937,0,3.3819966892921918,2.1286567986392777,89,control
2975,397.0,5060.0,398.9699923581645,5059.869961039194,0.15892042219638824,1,1.8247025786889577,0.16014770400280046,89,check
2976,374.0,5060.0,376.7300166372974,5059.550017206837,0.15240490436553955,0,2.5930882508064497,0.4726010476593575,89,control
2977,347.0,4961.0,348.25003569272315,4961.77000248141,0.10228437185287476,1,1.4731198560151149,0.42399490390341144,89,control
2978,316.0,4920.0,317.1899535278014,4920.3800398202875,0.14414627850055695,1,1.1921498815635614,0.6084906031193199,89,control
2979,318.0,5018.0,321.4499907362352,5017.960050845951,0.11074361205101013,0,3.3035274473817604,0.6976672728943915,89,control
2980,433.0,5051.0,435.90981886383435,5051.72000834699,0.11292324215173721,1,2.9154570773552013,1.2103547550673057,89,check
2981,365.0,5000.0,366.2699837753297,5000.409984570236,0.14113713800907135,1,1.2808658718218744,0.18874330901287373,89,check
2982,392.0,5077.0,396.0,5076.0,0.13529545068740845,0,3.933122044989249,,89,check
2983,338.0,5079.0,342.75999202481046,5078.500118906973,0.13049261271953583,0,4.621494937243785,1.7796166593073204,89,control
2984,305.0,4869.0,305.6700045514868,4869.97995305754,0.15475648641586304,1,1.2991701726315925,0.3063921666160138,89,control
2985,421.0,5072.0,423.8098890867936,5071.650088963267,0.189860001206398,0,2.6674645746967616,0.6074217450236893,89,control
2986,351.0,5049.0,354.64007816344576,5049.2800623848125,0.11200744658708572,0,3.5264081134139746,0.569185009347471,89,control
2987,381.0,5005.0,379.37005635701377,5005.250115674886,0.17436930537223816,1,1.8401024677133195,0.6006316262482713,89,control
2988,361.0,4976.0,361.76002293809466,4976.810050392156,0.16830751299858093,1,1.1903410080887273,0.8235390300635863,89,control
2989,396.0,5048.0,398.03988340752284,5048.210110883675,0.10298389196395874,1,1.9387214454936796,0.27839626358945085,89,control
2990,357.0,4915.0,353.0,4915.0,0.11695542186498642,0,4.162233047536823,,89,control
2991,324.0,5043.0,271.0,5040.0,0.10638295859098434,0,53.223503361732426,,89,control
2992,290.0,4961.0,292.4599343115844,4962.080011506744,0.11123758554458618,0,2.645021786786816,0.6067855910493654,89,control
2993,428.0,4959.0,429.25000519206606,4959.4200727733,0.10883836448192596,1,1.265120508516733,0.6080075024547091,89,control
2994,442.0,4939.0,436.0,4939.0,0.11253375560045242,0,6.157247949545178,,89,control
2995,301.0,4976.0,304.97990677389487,4976.5099977673635,0.12646007537841797,0,3.894386387328028,0.8868579210629727,89,check
2996,389.0,4925.0,391.0,4925.0,0.1308554857969284,1,1.856604189919229,,89,control
2997,405.0,4939.0,406.4897684755567,4939.800109945261,0.12057694047689438,1,1.674750912842617,1.012904251546226,89,control
2998,451.0,4919.0,453.1599845360089,4918.809965664782,0.14347457885742188,1,2.0054696985368716,0.21762138180303628,90,control
2999,662.0,5061.0,664.1899932094123,5060.840009068271,0.21776695549488068,1,2.0483836230899315,0.3010021130092475,90,control
3000,470.0,4906.0,470.7399683620325,4906.880012964821,0.13349658250808716,1,1.2334816046422246,0.283486651476381,90,check
3001,655.0,5033.0,657.4099714693243,5032.999959802605,0.17237477004528046,1,2.274778383030152,0.3395871970035041,90,control
3002,646.0,4960.0,647.5498929010088,4960.400052961073,0.21926875412464142,1,1.5232109299155108,0.6264641644989638,90,control
3003,577.0,5069.0,578.829973131945,5069.030051656031,0.22292402386665344,1,1.7028161185131152,0.3272646627529317,90,control
3004,445.0,4927.0,443.5799783587141,4928.600023753823,0.11008170247077942,1,2.3972851926278804,0.5264682463214888,90,control
3005,637.0,5089.0,639.0,5089.0,0.21102303266525269,1,1.8699073179859462,,90,check
3006,641.0,4874.0,639.9899440512586,4875.159958677407,0.18010912835597992,1,1.7861433754373814,0.4555606816884839,90,control
3007,486.0,4921.0,486.68000668613814,4921.7299642674025,0.1419164389371872,1,1.0731092165513023,0.3337894330359358,90,check
3008,479.0,5031.0,481.39985534452296,5031.380062617936,0.10633786022663116,1,2.32799166465475,0.9349053924620904,90,control
3009,450.0,4961.0,449.0,4964.0,0.10201297700405121,0,3.4088748009984595,,90,control
3010,555.0,4959.0,557.6199505167258,4958.820113561873,0.10524319857358932,1,2.4698978341399385,0.8027662319130955,90,check
3011,595.0,5066.0,595.6099889920963,5066.440075598407,0.10424678772687912,1,0.7935972999941228,0.8124258592427392,90,control
3012,487.0,4988.0,487.0199599456367,4988.490033179672,0.13982149958610535,1,0.7085549146086448,0.8321068209037066,90,control
3013,621.0,5003.0,623.0,5004.0,0.1298666000366211,1,2.2076112141914632,,90,control
3014,473.0,4935.0,469.47987455427545,4935.479959831185,0.1354658454656601,0,3.7369947532130485,1.1681718153416887,90,control
3015,469.0,4984.0,470.0599450676523,4984.7599771702335,0.2377510368824005,1,1.3279374729470743,0.29206821542408506,90,control
3016,665.0,4880.0,667.0,4881.0,0.19350232183933258,1,2.199401049403653,,90,control
3017,627.0,5038.0,629.749897426026,5038.100112779079,0.20226545631885529,0,2.6230150347013033,0.5436548300776392,90,control
3018,616.0,5059.0,618.0199491141744,5059.539986531508,0.1853058934211731,1,2.0176418045560314,0.3203299629452907,90,control
3019,637.0,4998.0,637.4799783656547,4999.030003618721,0.13711309432983398,1,1.2722877681786564,0.6716283168137843,90,check
3020,649.0,4931.0,652.670009193542,4930.52997304961,0.14437881112098694,0,3.530710621241276,0.6528930199272901,90,control
3021,485.0,4962.0,488.0,4964.0,0.10729700326919556,0,3.6030674036057158,,90,check
3022,458.0,4988.0,458.0399465751294,4988.6999796295295,0.12552988529205322,1,0.9149348948244288,0.6436191007540247,90,control
3023,456.0,4950.0,457.3499230029199,4951.649940621908,0.18236973881721497,1,2.210015179314104,1.8624186759320924,90,control
3024,641.0,4921.0,643.9899451859832,4920.049963564357,0.10598591715097427,0,2.937637012893696,0.4528465523062138,90,control
3025,538.0,4902.0,539.1399078149891,4902.720034515062,0.10554581135511398,1,1.3497839235497644,0.5480469968839667,90,check
3026,646.0,4993.0,647.9100043078844,4993.970000404393,0.263848215341568,1,2.114851914915317,0.41200937768098705,90,control
3027,447.0,5075.0,449.6300173663355,5074.910000181613,0.1571914553642273,1,2.4876407594605534,0.7114532640323957,90,control
3028,591.0,4933.0,591.8999959838261,4933.819962538438,0.14754898846149445,1,1.26478020345692,0.38712411760240106,90,control
3029,621.0,4961.0,623.0,4961.0,0.10963353514671326,1,1.8617995413880613,,90,control
3030,510.0,4888.0,513.3699802610585,4887.319989600218,0.12285324186086655,0,3.24988002130851,1.1859141684866956,90,control
3031,637.0,4937.0,640.1398951267047,4935.94997987007,0.22151605784893036,0,3.109470961857025,0.8203950225128055,90,control
3032,606.0,4991.0,603.150270555813,4979.660187208194,0.10726308822631836,0,11.536694880073446,3.066032843457475,90,control
3033,450.0,4906.0,451.0,4906.0,0.15296818315982819,1,0.869617537029531,,90,check
3034,554.0,5046.0,556.0,5046.0,0.10289616882801056,1,1.8661786250495027,,90,check
3035,576.0,4958.0,575.8299383681091,4959.399901937638,0.12743902206420898,1,1.6321815515916354,0.9198985371150546,90,control
3036,460.0,4974.0,461.7800069886679,4974.269985735308,0.14542333781719208,1,1.6975300993729625,0.17350859427455118,90,control
3037,456.0,5015.0,459.3598973189906,5015.790033674633,0.10241786390542984,0,3.3629784065005204,0.9049465235327523,90,control
3038,584.0,4949.0,587.0,4950.0,0.15284456312656403,0,3.0921496587835016,,90,control
3039,635.0,4902.0,636.1398548261533,4902.550007956477,0.1275458037853241,1,1.2378495413632165,2.040928505672321,90,control
3040,460.0,5005.0,462.44985786839385,5005.9200835700585,0.12872092425823212,1,2.5625112272944954,0.5935061772021367,90,control
3041,656.0,4909.0,654.2900576079596,4910.779903280445,0.16063827276229858,1,2.713635746940053,0.625444673010555,90,control
3042,646.0,5015.0,647.0,5015.0,0.33463770151138306,1,0.8774705908396507,,90,control
3043,576.0,5046.0,576.0,5048.0,0.10209859907627106,1,2.2070902283493172,,90,control
3044,712.0,5007.0,713.9600030149543,5007.880004918592,0.2921968996524811,1,2.109334549550707,0.3170032117094524,91,control
3045,679.0,4982.0,681.0500064438287,4982.1600378343155,0.22831770777702332,1,1.9364499757356664,0.18409948894043482,91,control
3046,768.0,5089.0,769.9900035389717,5088.70001322489,0.18270617723464966,1,1.8549644095838151,0.32977565535615927,91,control
3047,691.0,5067.0,694.0200358015276,5065.749956570518,0.20771671831607819,0,3.0659781121577208,0.5571095659021161,91,control
3048,687.0,5048.0,689.0199619056156,5048.300041620768,0.29580754041671753,1,1.9420536910446027,0.5400798536035073,91,control
3049,730.0,4934.0,731.9998305452514,4934.200076804172,0.10391662269830704,1,1.8924129789930018,0.7791577203421515,91,control
3050,727.0,4967.0,726.9700362692034,4967.9199485021745,0.1490190029144287,1,1.1255756750438488,0.5438689930882318,91,check
3051,809.0,4966.0,804.1001060738879,4971.900073696539,0.13832801580429077,0,7.905773016718822,1.5552753379027837,91,check
3052,801.0,4956.0,803.5099748665575,4956.239994598558,0.12600187957286835,1,2.4027035929934994,1.5919871453370642,91,control
3053,705.0,4911.0,706.9099577147691,4911.180001390439,0.19395855069160461,1,1.7987194182936048,0.8387647119790064,91,control
3054,778.0,5080.0,779.8300038389157,5080.3599822526785,0.221645325422287,1,1.7788863459300317,0.3358084299947281,91,control
3055,671.0,4948.0,671.9799596595739,4948.69002388168,0.13598491251468658,1,1.2140661847305518,0.1565275792450871,91,control
3056,822.0,4977.0,823.9200638671133,4978.460057276375,0.19535154104232788,1,2.42180746490813,0.6825362741505406,91,control
3057,799.0,4923.0,799.9699266116384,4923.630081186634,0.15056851506233215,1,1.1589393832922854,0.24511845026694035,91,control
3058,733.0,4873.0,732.8899590159327,4874.140002961199,0.15577587485313416,1,1.3550967237333966,0.20299100886991098,91,control
3059,794.0,4960.0,794.3700903987523,4953.950262283401,0.13884440064430237,0,5.8666005452484224,1.8144292747161224,91,control
3060,775.0,4989.0,771.0,4992.0,0.15843452513217926,0,5.229343742361276,,91,control
3061,794.0,4892.0,794.6399768278293,4892.490029259714,0.16444335877895355,1,0.8353840180937769,0.22682466233108003,91,control
3062,682.0,4923.0,683.4199743260732,4922.679974122346,0.20638881623744965,1,1.2764033567382698,0.5646167498862278,91,control
3063,755.0,4930.0,758.3400067303676,4929.1898958969105,0.1316250115633011,0,3.2518459795820442,0.577154424538901,91,check
3064,802.0,4974.0,806.0,4974.0,0.19592435657978058,0,3.8601486304706873,,91,control
3065,753.0,4982.0,752.8600384046716,4982.880137167493,0.12283153831958771,1,1.10786455855426,1.020488126844914,91,control
3066,741.0,5058.0,736.3002082902834,5059.049949294971,0.172809898853302,0,4.997468620235665,1.0861779873833823,91,check
3067,703.0,5066.0,704.6800204059903,5066.400023355077,0.2471497356891632,1,1.650204018403277,0.28969616053671404,91,check
3068,741.0,5045.0,736.6602454917765,5048.199980455736,0.146755650639534,0,5.620520359015796,1.4192306270771573,91,control
3069,780.0,5062.0,783.1000038098604,5062.200036573026,0.18430745601654053,1,2.9860682244756984,2.0056027538774104,91,check
3070,737.0,4889.0,743.0,4890.0,0.11365855485200882,0,5.969015346194195,,91,control
3071,777.0,4873.0,777.0,4874.0,0.1503666490316391,1,1.1964670880033395,,91,control
3072,828.0,5077.0,829.4499662186715,5077.0301469053975,0.1207948699593544,1,1.330178093852663,0.9307323672447997,91,control
3073,726.0,4983.0,728.0,4980.0,0.11186536401510239,0,3.3651625461357453,,91,control
3074,797.0,5089.0,797.7500297780834,5090.190077833629,0.11485929042100906,1,1.5097628529819038,1.2967036089212338,91,check
3075,688.0,5007.0,687.280017442206,5009.409929930892,0.2764504551887512,1,2.74459026510972,1.005456045502665,91,control
3076,756.0,4888.0,757.9800103789605,4888.080040666364,0.1795046180486679,1,1.8491078780154284,0.7108854795340801,91,control
3077,731.0,4992.0,730.6899442089879,4994.130100511655,0.1699182391166687,1,2.3662303918217247,0.5613534330708033,91,control
3078,686.0,4874.0,695.0297869519163,4877.990096758953,0.18900837004184723,0,9.813186191905402,1.7239139150810097,91,control
3079,830.0,4922.0,828.1399610101384,4921.870061962183,0.14117054641246796,1,2.007871507207787,1.9124436403414253,91,control
3080,705.0,4946.0,711.0,4945.0,0.12564565241336823,0,5.907500023556269,,91,control
3081,701.0,4878.0,704.0,4879.0,0.28263819217681885,0,3.0870776504411466,,91,control
3082,849.0,4901.0,833.0,5039.0,0.10055671632289886,0,139.12613561391368,,91,control
3083,674.0,5027.0,677.1700462615303,5027.090031866396,0.2073110193014145,0,3.0398017521236977,0.6065044093622447,91,control
3084,698.0,4955.0,697.0,4958.0,0.19762416183948517,0,3.3932510049709674,,91,check
3085,764.0,4918.0,765.2400366527753,4918.720004599595,0.12215511500835419,1,1.4201422210631194,0.24672115052503854,91,control
3086,672.0,4971.0,674.1499912728409,4971.199992661987,0.18436199426651,1,2.0414320302332274,1.0398890331119843,91,control
3087,805.0,5066.0,806.2099531550489,5066.330042247942,0.16512085497379303,1,1.1902008181557233,0.23526157560728103,91,check
3088,715.0,5058.0,717.3999436823847,5058.430039765239,0.27705496549606323,1,2.3435238273690238,0.4626464507347227,91,control
3089,374.0,5257.0,374.50998858640975,5256.9100536862325,0.10367699712514877,1,0.39561892369212576,0.28881265398270856,93,control
3090,331.0,5186.0,332.1099951130495,5186.000001134725,0.15473122894763947,1,0.9936565974885513,0.14998120787229327,93,control
3091,371.0,5272.0,371.3999715009654,5272.039957922376,0.15675072371959686,1,0.37050168111685877,0.1689161716463435,93,control
3092,405.0,5246.0,405.5299318206475,5246.020014894451,0.1581794023513794,1,0.4595446686402192,0.6587200289826545,93,control
3093,421.0,5218.0,421.65002452402814,5218.130035040848,0.1252206414937973,1,0.6180147662496811,0.29809310740141665,93,control
3094,369.0,5284.0,368.8400045293721,5284.249987242786,0.11121576279401779,1,0.5540220304235909,0.10037245310403048,93,control
3095,394.0,5233.0,394.2099897419562,5233.089998167879,0.11944788694381714,1,0.3154599607989652,0.18536612245504913,93,check
3096,416.0,5241.0,415.8899595317166,5241.090005182539,0.10412095487117767,1,0.39243389343141183,0.2868858799315755,93,check
3097,314.0,5207.0,315.60002034964873,5206.750006980435,0.14086320996284485,1,1.460302035919595,0.4126656002977378,93,control
3098,428.0,5295.0,427.2300331770858,5295.099987614245,0.12244507670402527,1,0.9562472716238191,0.20187909596751455,93,control
3099,480.0,5232.0,479.5300198490389,5232.099990708949,0.23364318907260895,1,0.6808227937359305,0.3465570348161373,94,control
3100,614.0,5190.0,613.9999962863558,5190.359984006343,0.24205517768859863,1,0.5788454291667672,0.20056411440834399,94,control
3101,485.0,5259.0,484.2699558535922,5258.810065968831,0.11645304411649704,1,0.8639145333126893,0.6279369370831261,94,control
3102,542.0,5105.0,543.829962197326,5105.090004563599,0.16074523329734802,1,1.7139655370705784,0.35950512092557163,94,control
3103,445.0,5098.0,448.3798204714064,5097.540110045832,0.16469287872314453,0,3.2454175452945617,1.4470628825800504,94,control
3104,644.0,5281.0,644.0898856219234,5280.7801305029925,0.26491832733154297,1,0.04280734910521308,0.3837430165455156,94,check
3105,613.0,5266.0,614.1599884559666,5265.429982546974,0.28167131543159485,1,1.0923658912403098,0.524137714344633,94,control
3106,451.0,5228.0,451.29993223892234,5227.969970316363,0.11547651886940002,1,0.24587316252805896,0.33509649063459407,94,control
3107,585.0,5098.0,582.7200077974552,5098.44997711954,0.10282562673091888,1,2.5077646452856936,0.36356365503670024,94,control
3108,657.0,5123.0,656.0,5123.0,0.12346235662698746,1,1.1556485241328236,,94,control
3109,578.0,5304.0,578.6999215860112,5304.280005097143,0.16830530762672424,1,0.7505329706903426,0.7425396345042558,94,control
3110,610.0,5299.0,605.0,5298.0,0.19476312398910522,0,5.190053488395748,,94,control
3111,525.0,5216.0,524.3699906798936,5216.310034471308,0.23435454070568085,1,0.9246141036942086,0.550393642321519,94,control
3112,576.0,5225.0,575.7098868242849,5225.300059054264,0.19600048661231995,1,0.6600344943676592,0.4124501889006084,94,control
3113,535.0,5196.0,534.0800437610669,5196.720002949086,0.15059800446033478,1,1.4058939071372127,0.5962751612262717,94,control
3114,512.0,5196.0,513.8099720605026,5195.220043008621,0.14834292232990265,1,1.7678945191188467,0.655516969354681,94,control
3115,602.0,5196.0,602.9500030465954,5195.920003038362,0.25809425115585327,1,0.8242837249250466,0.4330149396488944,94,control
3116,545.0,5290.0,544.040004412334,5290.400027068721,0.12930768728256226,1,1.2490655254279261,0.7807166752033033,94,control
3117,657.0,5222.0,657.8900524084769,5221.700001877644,0.2588949501514435,1,0.7640888858034679,0.37464162499029074,94,check
3118,494.0,5260.0,493.0998686725698,5260.380059523233,0.11147727817296982,1,1.1907740271070275,0.8169136482040256,94,control
3119,516.0,5176.0,518.180039627855,5175.690005313459,0.12288901954889297,1,2.0446569334191964,0.3414076073592708,94,control
3120,638.0,5206.0,640.1399930581473,5206.0699983343175,0.27133822441101074,1,2.0245839654313014,0.47766574759638053,94,control
3121,609.0,5153.0,606.4301257999005,5156.179821895732,0.17066793143749237,0,4.332459026011832,1.881711123672825,94,check
3122,456.0,5109.0,457.0,5108.0,0.23258179426193237,1,1.1649934426011022,,94,control
3123,547.0,5218.0,547.7598138711413,5224.849956597328,0.14766158163547516,0,7.0851201908879755,1.6812816421782693,94,control
3124,547.0,5280.0,546.0,5281.0,0.1997963935136795,1,1.6553712450014428,,94,control
3125,603.0,5245.0,603.7298925377827,5244.660087693745,0.34786951541900635,1,0.6129244459161666,0.41182800809313785,94,control
3126,615.0,5091.0,615.7799846373966,5091.130091124388,0.16038653254508972,1,0.7195138653339792,0.8111273488453281,94,control
3127,619.0,5254.0,619.9598598314346,5253.839993215876,0.25226232409477234,1,0.8297751856531796,0.48652584207470334,94,control
3128,522.0,5237.0,522.4399460315831,5237.030057948595,0.19450831413269043,1,0.38831043722822717,0.6760951468356599,94,control
3129,452.0,5174.0,450.0,5175.0,0.15059055387973785,1,2.4589513579554403,,94,check
3130,476.0,5138.0,478.0299914462205,5137.699969210695,0.24594253301620483,1,1.8911616861007046,0.3003301912023753,94,control
3131,479.0,5101.0,481.04983183124085,5100.860092425075,0.11207211017608643,1,1.9079611549397655,0.795719310488023,94,check
3132,575.0,5201.0,571.0,5201.0,0.1481112241744995,0,4.140473091160099,,94,check
3133,662.0,5256.0,664.0,5256.0,0.20327727496623993,1,1.880539399416794,,94,control
3134,557.0,5231.0,557.1499941612309,5230.920005101498,0.25793173909187317,1,0.12808861228802346,0.2569872734861386,94,check
3135,656.0,5113.0,658.0,5111.0,0.1209646686911583,1,2.5899568712224146,,94,check
3136,592.0,5128.0,590.0,5128.0,0.2152145355939865,1,2.148987459287222,,94,control
3137,664.0,5179.0,663.609936209574,5179.25004992836,0.1643105298280716,1,0.6912231327696982,0.6099374556484471,94,control
3138,471.0,5153.0,473.3999814040166,5152.080000572126,0.23058515787124634,1,2.3685284043448798,0.5686991920922001,94,control
3139,625.0,5197.0,626.0099523436758,5197.269998423593,0.19367998838424683,1,0.9947037530804169,0.3228585974611998,94,control
3140,444.0,5295.0,444.0,5295.0,0.12897458672523499,1,0.2524782840402296,,94,control
3141,492.0,5157.0,493.84002753333476,5157.020086314601,0.13191545009613037,1,1.7159370827105866,0.28869463813149643,94,control
3142,634.0,5297.0,634.7000863987047,5296.529908300901,0.19774407148361206,1,0.6307190946479961,0.5334435421176454,94,control
3143,511.0,5265.0,513.0,5264.0,0.17987020313739777,1,2.027384064444041,,94,control
3144,540.0,5127.0,540.0,5128.0,0.10526446253061295,1,1.214218092641834,,94,control
3145,563.0,5094.0,566.1099181224339,5093.850072856928,0.12127602845430374,1,2.9685229691820307,0.43554559742311294,94,check
3146,494.0,5213.0,494.74996760829396,5212.910011735173,0.12892217934131622,1,0.6255388751692309,0.31968786439292246,94,check
3147,566.0,5279.0,566.3398749278448,5278.740134858986,0.14383187890052795,1,0.21555501015377118,0.6932630414834725,94,control
3148,633.0,5171.0,632.2800187832441,5170.279935706379,0.16839608550071716,1,1.0008807811374159,0.9392591411242678,94,control
3149,794.0,5295.0,793.5699702409693,5295.429986776403,0.17945100367069244,1,0.8354556525620088,0.3787663788967792,95,control
3150,761.0,5128.0,760.9700093790337,5128.2200343434515,0.16601909697055817,1,0.444991202760848,0.43275272255767366,95,control
3151,831.0,5115.0,832.1999896704405,5115.13999584338,0.21751849353313446,1,1.1140487262090943,0.0686875635057149,95,control
3152,696.0,5094.0,698.1799854011377,5093.639973423656,0.24263019859790802,1,2.047254265201715,0.21538119892017915,95,control
3153,834.0,5213.0,832.0399532803203,5214.050008506964,0.15951120853424072,1,2.429889900417702,1.197008755366685,95,check
3154,798.0,5104.0,799.4500325841384,5104.210029423567,0.16997650265693665,1,1.372912719736648,0.16973960034923863,95,control
3155,816.0,5255.0,815.5699837545079,5255.120044975541,0.10198845714330673,1,0.6387813963818656,0.21600100363680394,95,control
3156,736.0,5214.0,736.0,5214.0,0.25965598225593567,1,0.2359519871282188,,95,control
3157,678.0,5260.0,678.3199310409155,5260.999969189873,0.20577876269817352,1,1.215335080031953,0.5638409205922618,95,control
3158,746.0,5304.0,745.3698837738109,5304.059977355725,0.20797379314899445,1,0.7984456430037644,0.4010414184803913,95,control
3159,835.0,5148.0,835.7899665533185,5147.840015257678,0.24971134960651398,1,0.6572138620069107,0.22794243342021178,95,control
3160,740.0,5181.0,743.3299477206733,5180.340043041555,0.24056464433670044,0,3.2303603461254093,1.3678486735145357,95,check
3161,772.0,5299.0,771.279980236358,5298.709971345345,0.21734309196472168,1,0.8508747395414592,0.2602304005053542,95,control
3162,836.0,5300.0,833.1400044053935,5300.970047203822,0.12247481197118759,1,3.2024648481443556,0.6572751555758167,95,control
3163,683.0,5224.0,683.0,5223.0,0.2091139256954193,1,0.8114269915715496,,95,control
3164,674.0,5158.0,672.0300763799083,5160.079931697145,0.15510816872119904,1,3.1027119348947845,1.2675522185370638,95,control
3165,796.0,5214.0,797.0,5214.0,0.1476830095052719,1,0.8908419662260413,,95,control
3166,777.0,5247.0,775.2899487756488,5247.410039519051,0.10526970028877258,1,1.9354148171982848,1.2274589298019176,95,control
3167,694.0,5240.0,694.7898287339516,5240.28002665691,0.19468702375888824,1,0.8148930779783978,0.5406653288560574,95,control
3168,684.0,5298.0,683.6600038610304,5298.0899480674325,0.14948497712612152,1,0.5503897199327733,0.4868766443625885,95,control
3169,811.0,5128.0,812.9299449632026,5128.329950505907,0.2772243320941925,1,1.8686597165413925,0.7997214811062839,95,control
3170,726.0,5276.0,726.5899756449967,5275.820014083079,0.21070080995559692,1,0.46248006239138084,0.22889738974384516,95,check
3171,682.0,5109.0,682.1300059843863,5109.860051987616,0.13652457296848297,1,1.0572886460223838,0.7463381991579818,95,check
3172,796.0,5163.0,797.0099605624677,5162.779832169766,0.24282091856002808,1,0.8771916286353008,0.3981886580086329,95,control
3173,789.0,5144.0,791.7798191720118,5143.249983459736,0.23063595592975616,0,2.7036676399018846,0.6181862983124826,95,control
3174,756.0,5112.0,750.0,5115.0,0.15809009969234467,0,6.918078751633907,,95,control
3175,798.0,5271.0,796.3900226646202,5271.429974603902,0.17351822555065155,1,1.845238619555663,0.5578293991462208,95,check
3176,724.0,5252.0,723.5500198889135,5252.009994913677,0.19513176381587982,1,0.6153418979023694,0.2380578323040247,95,control
3177,695.0,5293.0,695.1800648675162,5292.54991236389,0.15411686897277832,1,0.2555771334570369,1.0711637732353847,95,check
3178,759.0,5156.0,761.6300120021828,5155.429977079665,0.20828086137771606,1,2.5239078801326147,0.951635644324327,95,control
3179,769.0,5247.0,770.3201791705391,5246.480029567075,0.12804821133613586,1,1.2350699455860314,1.0795268030899476,95,control
3180,823.0,5311.0,817.0,5311.0,0.12489637732505798,0,6.12700442860268,,95,control
3181,777.0,5276.0,774.0,5276.0,0.12317066639661789,1,3.1329717478342674,,95,control
3182,774.0,5284.0,767.8301141154215,5285.589852233828,0.17902202904224396,0,6.544559502245062,2.057257614075741,95,control
3183,747.0,5117.0,751.1299420609315,5115.749978336599,0.18765856325626373,0,4.130476014952131,0.980836235879969,95,control
3184,777.0,5229.0,778.2900077138273,5228.309890049908,0.20411847531795502,1,1.2620387743845838,0.5339419970673929,95,control
3185,815.0,5191.0,815.0,5195.0,0.135835200548172,0,4.192940186130001,,95,control
3186,782.0,5199.0,785.400081880628,5196.259828347794,0.1585479974746704,0,4.1440946808632075,0.9759148401330252,95,check
3187,803.0,5131.0,804.7598429613541,5131.030081880968,0.20032872259616852,1,1.6397193806968065,0.9683067206299716,95,control
3188,719.0,5174.0,720.1899064189022,5173.640038584992,0.2311394363641739,1,1.0684454113232806,0.6564752876897597,95,control
3189,773.0,5137.0,774.2899975350565,5136.990047862638,0.1855364590883255,1,1.1690580792259921,0.5797038947944976,95,control
3190,746.0,5152.0,747.1399784098841,5151.489935248229,0.16911332309246063,1,1.0535749133942494,0.7030669444194065,95,control
3191,811.0,5156.0,810.9599442493386,5156.269953480986,0.2529117166996002,1,0.49191544172518337,0.8168056726611154,95,control
3192,718.0,5228.0,719.8599775759202,5229.470076844523,0.22542935609817505,1,2.4021425439656876,2.401731687330384,95,control
3193,698.0,5110.0,699.3699468720115,5110.250047452597,0.231183260679245,1,1.3099884216908215,0.6301596911773923,95,control
3194,840.0,5256.0,837.0,5256.0,0.10250826179981232,1,3.1326846589566224,,95,control
3195,841.0,5133.0,841.0,5132.0,0.10640565305948257,1,0.8229160828582024,,95,check
3196,673.0,5174.0,673.1197948859383,5174.139947427194,0.21750779449939728,1,0.3392840788279385,0.8939800577561057,95,check
3197,394.0,5407.0,393.43994644421025,5406.990059725668,0.1888177990913391,1,0.7180391570499579,0.24541899185510704,97,check
3198,365.0,5383.0,364.42999038689027,5383.080045308418,0.16100645065307617,1,0.7608322064147519,0.3017471621300547,97,control
3199,419.0,5525.0,419.73996578311295,5525.130001858115,0.18070830404758453,1,0.7134331583017751,0.24599780074143232,97,control
3200,437.0,5367.0,437.64989794875055,5366.480094865318,0.12938891351222992,1,0.6034579159385614,0.9822572865323019,97,control
3201,375.0,5399.0,374.8600046724034,5399.149991891782,0.15372809767723083,1,0.4574851997864919,0.21112943872712595,97,control
3202,434.0,5400.0,434.3699735558676,5399.969960722783,0.14393436908721924,1,0.30773627384593727,0.2957136743685699,97,control
3203,442.0,5391.0,442.049772652998,5391.290039210397,0.10916096717119217,1,0.5129008111837347,0.6639115550271233,97,control
3204,409.0,5352.0,408.6799131904372,5354.179964906689,0.15835505723953247,1,2.440083620796519,1.1164809581922404,97,control
3205,433.0,5497.0,434.28993598420766,5496.6499844297905,0.11065108329057693,1,1.1768820023382904,0.553125458719334,97,control
3206,362.0,5429.0,356.6902359064292,5429.999945223748,0.11252809315919876,0,5.5714467069850695,1.2937774346541109,97,check
3207,381.0,5341.0,380.6999696233215,5340.930010330852,0.14786727726459503,1,0.4560232049020842,0.229152695391267,97,control
3208,442.0,5384.0,442.0,5382.0,0.1290847808122635,1,1.7876023277183888,,97,control
3209,424.0,5493.0,423.0298713698203,5493.420057024063,0.1193515956401825,1,1.2648733220333694,0.8841372883045318,97,control
3210,441.0,5440.0,438.0,5443.0,0.11067304760217667,0,4.484826950088966,,97,control
3211,438.0,5409.0,437.66997879604173,5409.170043785767,0.1499386578798294,1,0.598191232869929,0.23743050108998173,97,control
3212,351.0,5524.0,351.94985824631794,5523.73018602264,0.11163516342639923,1,0.8307794438939199,0.7444206584124278,97,control
3213,387.0,5362.0,386.0,5361.0,0.12364786863327026,1,1.3726277388941486,,97,check
3214,441.0,5520.0,440.0,5520.0,0.15234370529651642,1,1.1401618961272453,,97,control
3215,404.0,5504.0,404.38993834987303,5503.990014783061,0.18467280268669128,1,0.3426202587981097,0.3779955097685037,97,control
3216,413.0,5468.0,406.0,5469.0,0.1475246548652649,0,7.226372037600511,,97,check
3217,431.0,5389.0,429.0,5389.0,0.23532982170581818,1,2.137986122536122,,97,control
3218,402.0,5377.0,396.0,5378.0,0.11628678441047668,0,6.248344759835782,,97,control
3219,449.0,5489.0,449.1099945972656,5489.049998913383,0.2203349471092224,1,0.2687832273250493,0.14383394389711862,98,control
3220,634.0,5355.0,633.6999662191477,5355.2599956700005,0.27095451951026917,1,0.6298277250268904,0.45153387532531314,98,control
3221,447.0,5419.0,446.7500196687187,5419.170034295344,0.20167474448680878,1,0.5389440279126662,0.23139831536103248,98,check
3222,511.0,5511.0,511.6900147007261,5510.9100008005535,0.21591301262378693,1,0.5856322743698287,0.33613774898219195,98,control
3223,585.0,5388.0,583.7499843196928,5388.290083706625,0.21056270599365234,1,1.461579985233855,0.21258704329567157,98,control
3224,534.0,5501.0,533.9300029035641,5501.019998389366,0.22917015850543976,1,0.30000879353877635,0.10342950915476504,98,control
3225,624.0,5479.0,624.4099403497265,5478.710027428885,0.23861610889434814,1,0.3035901737067452,0.8871454550977548,98,control
3226,560.0,5521.0,560.0799652230996,5520.720068007266,0.17152854800224304,1,0.07660820054173295,0.33981805467359627,98,control
3227,616.0,5517.0,617.4300236727805,5517.159987011772,0.23141267895698547,1,1.3653436558730652,0.5604905158156543,98,control
3228,476.0,5471.0,475.98996437314486,5471.190046198248,0.21431158483028412,1,0.42725948911031664,0.19294475192524785,98,control
3229,660.0,5483.0,661.0599444487116,5482.819974504624,0.24211707711219788,1,0.9435928139268138,0.3165316937682855,98,control
3230,528.0,5447.0,527.9100013163377,5447.259987520615,0.18822020292282104,1,0.5181287540957592,0.2248388680433702,98,check
3231,556.0,5457.0,556.0399976039864,5457.059997747017,0.1918543577194214,1,0.2831645658872548,0.1199835477519933,98,control
3232,468.0,5457.0,468.72003090457457,5457.2100766356225,0.25097090005874634,1,0.734749867309892,0.8893149271876458,98,control
3233,554.0,5405.0,553.5999705586731,5405.269994194165,0.18354938924312592,1,0.7106881518813052,0.40958020503349163,98,check
3234,579.0,5480.0,580.4800997830931,5479.17992158084,0.23091736435890198,1,1.4918264733870275,0.8266195119514199,98,control
3235,620.0,5397.0,620.0699982311606,5396.870006497585,0.31598496437072754,1,0.09289981300818768,0.2915960128198748,98,check
3236,636.0,5476.0,635.4599334863301,5476.160007952599,0.2264815866947174,1,0.7532155932163354,0.40058322883953684,98,control
3237,518.0,5449.0,518.0299993892928,5448.930003419348,0.18174497783184052,1,0.17034531648542764,0.29894523203297174,98,check
3238,605.0,5339.0,604.8599630308138,5338.880014202702,0.23639294505119324,1,0.2801023146341045,0.4559329509990464,98,control
3239,583.0,5405.0,582.3199943454297,5405.17004017528,0.31317466497421265,1,0.887855943346562,0.1287782488080439,98,control
3240,516.0,5497.0,516.2399910912278,5496.830010028322,0.283878356218338,1,0.12928106139327802,0.42277984737076457,98,control
3241,595.0,5425.0,594.8699588729013,5425.239998312202,0.29113641381263733,1,0.5142765011654813,0.3419889463647777,98,check
3242,533.0,5529.0,534.8599663318308,5528.560028419285,0.241590678691864,1,1.7580991038781821,0.5101837085131232,98,control
3243,649.0,5447.0,648.7599216024782,5447.0200172670575,0.19909778237342834,1,0.42425049304631945,0.3751748317584781,98,control
3244,628.0,5427.0,627.6800484308845,5426.98994240075,0.2661547064781189,1,0.4825224672096445,0.32400330550699175,98,check
3245,579.0,5368.0,579.0,5368.0,0.20410434901714325,1,0.2431344841293494,,98,control
3246,458.0,5383.0,457.48997503299654,5383.309991282367,0.23453205823898315,1,0.8258506635493473,0.8048982160656557,98,control
3247,612.0,5393.0,612.0199057526702,5393.130203085153,0.20640230178833008,1,0.3525617167932882,0.4149689805567714,98,control
3248,603.0,5503.0,607.1499036570766,5502.080018624562,0.2181491106748581,0,4.095427851686613,1.4430710843568686,98,control
3249,584.0,5467.0,585.6201228598643,5467.340049197212,0.2009301334619522,1,1.5986178105388913,0.8759501248970173,98,control
3250,456.0,5390.0,458.49989862968056,5391.060067550409,0.22975362837314606,0,2.695041057712063,0.7961021053728748,98,control
3251,548.0,5474.0,552.0,5478.0,0.13439783453941345,0,5.727460092250293,,98,control
3252,452.0,5448.0,451.89992724575313,5447.870069802098,0.1670936793088913,1,0.2395755159510442,0.6009006939775184,98,check
3253,456.0,5405.0,455.0101284004586,5405.429950052588,0.15235479176044464,1,1.2890987190817684,0.6775419712672468,98,check
3254,498.0,5509.0,493.0,5506.0,0.16185878217220306,0,5.8265856797751105,,98,control
3255,466.0,5372.0,465.95990993188053,5372.290007334951,0.19624114036560059,1,0.5322513254283358,0.36461580339926963,98,control
3256,664.0,5399.0,663.439854083234,5399.330065251905,0.2716907560825348,1,0.8660608839404329,0.39815881160577926,98,control
3257,554.0,5385.0,553.0299626992287,5385.180047055143,0.12006819993257523,1,1.1622240379387245,0.3272900738131088,98,control
3258,640.0,5338.0,639.2100243688845,5338.0399456467185,0.22533027827739716,1,0.9477812357493772,0.20638554679994034,98,control
3259,484.0,5501.0,484.7399694967571,5500.770017851772,0.3219568729400635,1,0.6210439223247123,0.3440399530658282,98,control
3260,654.0,5364.0,652.0,5363.0,0.28578945994377136,1,2.2683360772583625,,98,control
3261,590.0,5345.0,588.9799850361426,5345.230133171664,0.22007694840431213,1,1.227028971218172,0.8849496221500338,98,control
3262,455.0,5370.0,454.22989938083333,5370.15001633994,0.16588102281093597,1,0.9693378223958454,0.22608057713565416,98,control
3263,563.0,5396.0,562.6098949806114,5395.940074016353,0.20497386157512665,1,0.5353907004277922,0.439103622705683,98,control
3264,562.0,5360.0,560.4199880459254,5360.350033210019,0.14632578194141388,1,1.7954039215350182,0.3951708686877354,98,control
3265,688.0,5419.0,687.0799985089899,5418.800009710619,0.23895932734012604,1,1.040039555737559,0.36363077694751794,99,control
3266,830.0,5400.0,826.0,5401.0,0.13427196443080902,0,4.288050668681513,,99,control
3267,731.0,5399.0,730.2100328277407,5399.219982076713,0.19295303523540497,1,1.0025288480495924,0.6956880141133716,99,control
3268,726.0,5455.0,726.0699993658852,5454.760011384535,0.11280260980129242,1,0.060965484951260224,0.2451751205403927,99,control
3269,702.0,5323.0,701.1500256934557,5323.1699392522905,0.18801268935203552,1,1.0433414989880443,0.34325327512817344,99,check
3270,706.0,5340.0,706.5799735103453,5340.070002873216,0.2259594053030014,1,0.5297126488039323,0.6247569439695843,99,control
3271,823.0,5471.0,824.0,5471.0,0.13268643617630005,1,0.9071406722700057,,99,control
3272,828.0,5462.0,827.0,5462.0,0.11495072394609451,1,1.131705454645268,,99,control
3273,669.0,5504.0,669.6299641711861,5503.759972734492,0.16045956313610077,1,0.5158324854160218,0.2550882644675375,99,control
3274,833.0,5323.0,825.0,5319.0,0.14308132231235504,0,8.971279142035788,,99,control
3275,821.0,5416.0,818.4000166498857,5415.969950716575,0.1329628825187683,1,2.722624724051591,0.7189961637669586,99,control
3276,680.0,5376.0,679.3300264649542,5376.319978871912,0.24412867426872253,1,0.9494433287670603,0.2094567607252782,99,control
3277,760.0,5362.0,757.6699815812749,5362.9000557810095,0.19803842902183533,1,2.6865047375377653,0.5466050309734355,99,control
3278,674.0,5340.0,674.1299969065894,5339.740012892012,0.2325124889612198,1,0.05803089867572968,0.3630393461776404,99,control
3279,789.0,5384.0,787.5999789143726,5384.460030179891,0.22094173729419708,1,1.6557622308862048,0.3243866936425188,99,control
3280,726.0,5425.0,725.489932359839,5425.140009150606,0.10636711120605469,1,0.7153503154328263,0.3761114849632219,99,control
3281,820.0,5360.0,818.0,5364.0,0.1332983523607254,0,4.699723100666847,,99,control
3282,781.0,5399.0,780.9799932549345,5398.739966917838,0.16240231692790985,1,0.1530340976664897,0.2497871783420949,99,control
3283,777.0,5359.0,776.5398878779675,5358.9300293117,0.22423988580703735,1,0.595564727429653,0.28142806127046555,99,check
3284,746.0,5364.0,745.3700261320763,5364.179985504295,0.2502143979072571,1,0.8419493536271336,0.17627713061511396,99,control
3285,780.0,5332.0,779.9199163510087,5331.840026914394,0.21006125211715698,1,0.20662729843496427,0.6837759243194494,99,control
3286,671.0,5465.0,671.059825507036,5464.430067204943,0.14140841364860535,1,0.3696888235180421,2.0289144296695016,99,control
3287,761.0,5314.0,760.3400297343302,5313.959994968725,0.18819105625152588,1,0.8003106256360135,0.5761314878554902,99,control
3288,828.0,5440.0,823.0,5440.0,0.10331229120492935,0,5.119831070774366,,99,control
3289,713.0,5451.0,709.0,5453.0,0.10423582792282104,0,4.669511224946278,,99,check
3290,719.0,5370.0,718.7999631175036,5370.130002477055,0.34883421659469604,1,0.46138866313052906,0.2915168073223358,99,control
3291,758.0,5514.0,758.6300185010601,5513.800005068563,0.1385144740343094,1,0.5170795224278031,0.36993829805415523,99,control
3292,763.0,5372.0,761.4099991153422,5372.320078866491,0.22366347908973694,1,1.787946447003097,0.3649883609257317,99,check
3293,691.0,5437.0,690.5499308289543,5437.030014656497,0.19179341197013855,1,0.6148413942616862,0.12503522459909905,99,control
3294,690.0,5498.0,682.0,5502.0,0.12310020625591278,0,9.139827104405517,,99,control
3295,693.0,5519.0,690.0,5519.0,0.15264126658439636,1,3.1206892802302546,,99,control
3296,680.0,5322.0,678.5699284962228,5322.170008643055,0.3190002143383026,1,1.5998149218418285,0.47442808196880487,99,control
3297,705.0,5472.0,704.0,5475.0,0.15229728817939758,0,3.3919799185015114,,99,control
3298,733.0,5372.0,732.7098731044327,5372.62999996659,0.18538159132003784,1,0.9260190933252914,0.671206877694829,99,check
3299,733.0,5384.0,732.4300244980348,5384.079990565918,0.2390793114900589,1,0.745588786341204,0.20076769353733925,99,check
3300,698.0,5488.0,696.0,5489.0,0.11890242993831635,1,2.4341403243135096,,99,control
3301,734.0,5321.0,733.9099143195141,5321.0800161488,0.2262086570262909,1,0.35166541996561723,0.26033401611220286,99,control
3302,776.0,5491.0,776.4199836101836,5490.780014106486,0.1083921268582344,1,0.30673097059867416,0.33419882600293405,99,control
3303,793.0,5356.0,792.2499785776159,5355.999958152097,0.20341210067272186,1,0.8933901434963797,0.3094655227568871,99,control
3304,812.0,5368.0,811.109801829084,5368.509975312935,0.18380489945411682,1,1.2321030306424603,0.9310667029585553,99,check
3305,811.0,5340.0,811.3899378340891,5340.04001256172,0.28635331988334656,1,0.35545578861564325,0.6187533786210783,99,control
3306,811.0,5326.0,811.0400535843689,5325.940037189381,0.22325807809829712,1,0.15745818477410847,0.7569491773972875,99,control
3307,700.0,5397.0,700.579961750472,5396.209952226638,0.18128591775894165,1,0.7461241191583703,0.5478224163247346,99,check
3308,387.0,5724.0,388.5999336622955,5723.540036941424,0.1322491616010666,1,1.510455858856872,0.6973597689214124,101,control
3309,336.0,5714.0,337.03999904818136,5713.920003966773,0.19866402447223663,1,0.9427911568697394,0.15205794646057952,101,control
3310,342.0,5754.0,342.9399893583843,5754.289942070458,0.160346120595932,1,0.9823218925902873,0.3575677069651158,101,control
3311,420.0,5709.0,419.75005553352855,5708.999987105402,0.15574322640895844,1,0.4224582787837957,0.7244876288820108,101,control
3312,363.0,5717.0,363.5999770575505,5716.640022183064,0.12796349823474884,1,0.5088624816429158,0.7934109466285836,101,control
3313,427.0,5749.0,425.8099693784262,5749.480031457647,0.1368556171655655,1,1.4748031829155002,0.8128283225816688,101,control
3314,367.0,5749.0,366.0,5749.0,0.14596715569496155,1,1.129874227414542,,101,control
3315,333.0,5725.0,334.41998361018364,5724.780014106486,0.17402711510658264,1,1.3114543893120802,0.6856710135813461,101,check
3316,387.0,5692.0,388.6299734552966,5691.860012718633,0.10052819550037384,1,1.5229298834636713,0.6122699056423365,101,check
3317,346.0,5737.0,346.67996143406106,5736.809971028934,0.1054314449429512,1,0.5737179740130546,0.4302515281069043,101,control
3318,560.0,5723.0,561.6200267852439,5722.040038729792,0.11971315741539001,1,1.6882979434519956,0.6937506598752187,102,control
3319,574.0,5588.0,574.5999330433548,5587.600034275814,0.1530759185552597,1,0.5224361928509337,0.3056504446616185,102,check
3320,613.0,5673.0,613.9399257781506,5672.84007154753,0.11403348296880722,1,0.8353423867487192,0.3055176287623754,102,control
3321,602.0,5559.0,603.6599225378299,5559.36000113037,0.19201317429542542,1,1.6486150428620383,0.6022661339175432,102,control
3322,524.0,5570.0,523.6800013219854,5570.249941165454,0.13740846514701843,1,0.6366258515270241,0.4241662559116189,102,control
3323,630.0,5638.0,630.6999671475587,5638.169999668415,0.1616758406162262,1,0.7037812480321793,0.2513259757718989,102,control
3324,529.0,5702.0,530.1899583761702,5701.910060700894,0.14876019954681396,1,1.0913654746266106,0.817608947435469,102,control
3325,661.0,5729.0,643.9498771240093,5828.9002673237255,0.12584707140922546,0,101.57150938269581,3.7537207408542925,102,check
3326,511.0,5743.0,510.6101118537296,5743.449999780281,0.21020379662513733,1,0.8322523414405423,0.541557062960386,102,control
3327,482.0,5716.0,479.0,5716.0,0.12010998278856277,1,3.1141389627337754,,102,control
3328,543.0,5570.0,545.3499017863734,5569.400050897938,0.1651495099067688,1,2.26913133808981,0.9034550742697001,102,control
3329,621.0,5555.0,621.6999261249098,5554.840024644945,0.1778947114944458,1,0.5888622492012857,0.1574711770731899,102,control
3330,647.0,5540.0,648.1799061410729,5539.710035371957,0.13337759673595428,1,1.0695382647793974,0.391409865034262,102,check
3331,609.0,5734.0,610.0199988019932,5734.029998873509,0.1276402622461319,1,0.9491873669418837,0.26694388948201586,102,control
3332,514.0,5667.0,515.0,5666.0,0.1107146367430687,1,1.1857679031867592,,102,control
3333,481.0,5566.0,481.57992052150945,5565.899976314631,0.15696248412132263,1,0.47947159878940726,0.3229783352689335,102,control
3334,584.0,5597.0,585.0,5596.0,0.16045038402080536,1,1.1873242527312242,,102,control
3335,461.0,5693.0,462.8400098935248,5692.730010344733,0.12147129327058792,1,1.7326991586508516,0.42507241253547584,102,control
3336,586.0,5634.0,587.7299599348174,5633.739974654596,0.23186688125133514,1,1.6215568725480025,0.3809570158149019,102,control
3337,551.0,5748.0,548.0,5749.0,0.12128454446792603,1,3.333335073302339,,102,control
3338,533.0,5605.0,532.0399450277777,5605.849972965506,0.10092435777187347,1,1.511628694308434,0.5085259793867953,102,control
3339,612.0,5563.0,613.1799501552687,5562.750023279206,0.13382606208324432,1,1.0678488103240398,0.30486389042684414,102,control
3340,539.0,5685.0,539.349902921098,5685.290055784888,0.11268182098865509,1,0.5622617834779617,0.4715502634409606,102,control
3341,452.0,5717.0,453.16999595477074,5716.660016858785,0.17720282077789307,1,1.0696996148354134,0.28305826239659426,102,control
3342,573.0,5724.0,572.0,5723.0,0.10965569317340851,1,1.3542158715443846,,102,control
3343,623.0,5654.0,625.1397962668511,5653.919957407408,0.15740561485290527,1,2.036884316410124,0.8819887604295334,102,control
3344,542.0,5650.0,543.7299273710246,5649.590036061121,0.15601150691509247,1,1.6324955458750592,0.5790904267472903,102,control
3345,583.0,5675.0,584.8299595152496,5674.349993012625,0.2474147230386734,1,1.7775440684641424,0.4587806957389961,102,check
3346,555.0,5625.0,554.0499963344639,5625.139994296029,0.20824401080608368,1,1.1180925341682377,0.5865375709727333,102,control
3347,534.0,5552.0,532.9000033079577,5552.109994081482,0.20781002938747406,1,1.2577033094037005,0.48141485056851197,102,control
3348,496.0,5742.0,498.6599694404155,5741.120001477129,0.16340908408164978,0,2.6393048020352223,0.7274330346573626,102,control
3349,486.0,5547.0,486.5000230386657,5546.919998396306,0.17245647311210632,1,0.4076351155433199,0.46550527951116544,102,check
3350,646.0,5626.0,646.9300380462763,5625.919948089547,0.163015216588974,1,0.8317596749380516,0.8229564211065608,102,check
3351,470.0,5540.0,472.0700916237047,5539.430005414029,0.12382568418979645,1,1.9845270500908612,1.1190699086432565,102,check
3352,575.0,5646.0,576.710041837084,5645.499920052541,0.22489416599273682,1,1.6268044784133038,0.30891196974335416,102,control
3353,494.0,5699.0,495.51001516710903,5698.639966512151,0.20655831694602966,1,1.4100065583539643,0.4310784875579915,102,control
3354,504.0,5711.0,505.73980200198736,5710.7801030970395,0.22457489371299744,1,1.6337393648425054,0.8771793460744406,102,control
3355,518.0,5548.0,516.0,5548.0,0.20623399317264557,1,2.126594691419813,,102,control
3356,493.0,5578.0,494.59993098021914,5577.80002539045,0.16826778650283813,1,1.485779573780878,0.5422000506246084,102,control
3357,556.0,5611.0,558.2699892426392,5610.880008116452,0.19793979823589325,1,2.1610242812090514,0.36903166755094413,102,check
3358,527.0,5631.0,529.0,5631.0,0.11498749256134033,1,1.901975645603553,,102,control
3359,599.0,5658.0,600.3399422217227,5657.830021375569,0.1565227061510086,1,1.2332946299872571,0.27173736577371727,102,control
3360,616.0,5616.0,614.0,5620.0,0.17159391939640045,0,4.710004989979539,,102,control
3361,498.0,5667.0,498.0,5668.0,0.10560411959886551,1,1.2239852646126361,,102,control
3362,573.0,5690.0,571.820145403568,5690.599984966872,0.16143542528152466,1,1.522442841668037,1.1376112598600658,102,control
3363,559.0,5550.0,559.8798799938226,5550.2300639178075,0.14803403615951538,1,0.8843201874585017,0.44723104075136105,102,control
3364,621.0,5686.0,621.0,5688.0,0.10357427597045898,1,2.2146543272033585,,102,check
3365,732.0,5639.0,732.8099621574514,5639.180000358871,0.3594362139701843,1,0.8021894948128412,0.09571865344023459,103,control
3366,669.0,5632.0,670.3299850296781,5632.030002071369,0.2658635079860687,1,1.245386453091653,0.22982965268603564,103,control
3367,804.0,5748.0,801.8599567382499,5748.48998710234,0.17431966960430145,1,2.3427437139001706,0.23778598006640092,103,check
3368,789.0,5655.0,789.9400010151008,5655.159992272767,0.16452981531620026,1,0.9109007711438328,0.6511829797703631,103,control
3369,793.0,5622.0,793.4199821659887,5621.920007886731,0.2913387715816498,1,0.3365321230463921,0.11808703627822978,103,check
3370,795.0,5716.0,795.3699748969058,5715.83996649827,0.14180110394954681,1,0.27315116157636105,0.1471858272193824,103,control
3371,708.0,5586.0,709.0099986273207,5586.089996104743,0.3536335527896881,1,0.9474827601514638,0.12344686556990526,103,control
3372,707.0,5651.0,707.3700718999373,5651.049980964103,0.27623921632766724,1,0.36816346645438147,0.24240349387183724,103,check
3373,775.0,5598.0,775.6900139786286,5597.979997690676,0.3641810417175293,1,0.6099666791932634,0.10541225474201789,103,control
3374,722.0,5572.0,723.6400202230843,5571.590014501353,0.28786057233810425,1,1.5437053229970032,0.3384002692982815,103,check
3375,679.0,5656.0,679.7700094960718,5656.0699945175165,0.23726911842823029,1,0.7199062825955607,0.23326704435117765,103,control
3376,709.0,5751.0,710.829830224145,5756.269839490837,0.2024020552635193,0,5.744776635538118,2.4381394142247053,103,control
3377,805.0,5682.0,805.5200177143876,5681.349979499087,0.19248460233211517,1,0.613527780756259,0.25942992003835674,103,control
3378,715.0,5679.0,715.7699643471515,5679.140001723317,0.21425442397594452,1,0.7507458289561086,0.242799892001405,103,control
3379,779.0,5683.0,780.5499671063913,5682.819969243628,0.11893375217914581,1,1.4477671054219672,0.22330372563820744,103,control
3380,803.0,5736.0,803.0,5736.0,0.25103476643562317,1,0.22500296411653475,,103,control
3381,755.0,5686.0,757.2799141803614,5685.500090159981,0.2437029629945755,1,2.1972720315085597,0.7697952923617598,103,control
3382,799.0,5634.0,801.3299453480673,5633.570032823386,0.15613430738449097,1,2.23684719068931,0.535716976616331,103,check
3383,723.0,5605.0,723.7500180182102,5604.330027187052,0.2878537178039551,1,0.7929302754819318,0.5918922840134463,103,control
3384,793.0,5551.0,794.8199694499419,5551.430033782145,0.16195492446422577,1,1.8220434586570748,0.6237148080029764,103,control
3385,784.0,5750.0,780.0,5752.0,0.16617153584957123,0,4.653232603999091,,103,control
3386,777.0,5583.0,777.9500021181843,5583.009999039948,0.37335091829299927,1,0.8675634228340157,0.16379021023986892,103,control
3387,784.0,5737.0,785.0,5738.0,0.14570936560630798,1,1.503250190552035,,103,check
3388,694.0,5617.0,694.8100530742328,5616.979988612879,0.3057081401348114,1,0.7263620662943977,0.11177462027330155,103,control
3389,820.0,5533.0,822.0,5527.0,0.13316893577575684,0,6.1027838276024475,,103,control
3390,744.0,5748.0,744.4899248293939,5747.869976719025,0.2948884069919586,1,0.3980502988421216,0.2903734967278235,103,check
3391,775.0,5648.0,777.0399547245153,5647.91001472672,0.2331947237253189,1,1.9386578938084784,0.5278088256761518,103,control
3392,689.0,5604.0,690.1598859856256,5603.749944534925,0.2314654290676117,1,1.0519125746040205,0.3469343075012916,103,control
3393,743.0,5717.0,744.0,5717.0,0.25515857338905334,1,0.9221168312855134,,103,control
3394,737.0,5651.0,737.6699694087745,5651.080003357359,0.3702852725982666,1,0.6324293816931238,0.057548973671151665,103,control
3395,758.0,5730.0,760.2099946934818,5729.610019492753,0.2384670525789261,1,2.1181558988556217,1.1628467661076394,103,check
3396,820.0,5588.0,818.0,5589.0,0.17665065824985504,1,2.424204237146878,,103,control
3397,777.0,5623.0,777.7999550712744,5622.909967824134,0.3037359118461609,1,0.7028265792296328,0.30491400199881247,103,control
3398,693.0,5586.0,694.4900250302857,5585.770004957173,0.20380465686321259,1,1.3803628866726512,0.2989336777651292,103,control
3399,695.0,5702.0,692.8000533121874,5702.999987621186,0.16969284415245056,1,2.600495019649417,1.0160241456203818,103,control
3400,806.0,5697.0,806.0,5707.0,0.11290445923805237,0,10.20192508493116,,103,control
3401,742.0,5557.0,744.1000518134199,5556.159840011451,0.19470566511154175,1,2.0891591815525867,0.3812405133325641,103,control
3402,808.0,5590.0,807.5499301068568,5590.1000115466195,0.23580127954483032,1,0.6326314811583467,0.5508273031368998,103,control
3403,749.0,5673.0,749.5099311618322,5673.170008024114,0.2769293487071991,1,0.5523937240716617,0.3507820938493759,103,control
3404,816.0,5551.0,817.0,5551.0,0.19269637763500214,1,0.9121203570735854,,103,control
3405,729.0,5626.0,729.8999587779781,5626.120003952892,0.2364550530910492,1,0.8569752962264657,0.13088307876561894,103,control
3406,809.0,5601.0,807.0,5599.0,0.17062075436115265,1,2.771573681676092,,103,control
3407,681.0,5553.0,683.5999454221688,5552.400087588002,0.2002384215593338,0,2.518886782292515,0.6643616040742457,103,control
3408,752.0,5582.0,752.6900133596879,5582.039995025067,0.3442801833152771,1,0.6295021350100294,0.22084334705491887,103,check
3409,712.0,5724.0,713.4500296957485,5723.490016984057,0.14928585290908813,1,1.3823295742940658,0.5672536178835815,103,control
3410,818.0,5618.0,814.0,5621.0,0.11865264177322388,0,5.204794503748525,,103,control
3411,401.0,5792.0,401.2000377077507,5791.79000107709,0.14035281538963318,1,0.0983380315867166,0.27262676397961094,105,control
3412,407.0,5950.0,407.10994821046387,5950.240000787965,0.12645593285560608,1,0.47038766752951827,0.28880723274478937,105,control
3413,442.0,5794.0,442.8700614463992,5793.9100367685205,0.14036020636558533,1,0.7795259047254521,0.3966688497348638,105,check
3414,395.0,5842.0,394.3499515773489,5841.880063684207,0.14563703536987305,1,0.758271675200507,0.28126213455665056,105,control
3415,431.0,5892.0,430.8699636181134,5891.780018748541,0.11536895483732224,1,0.2268311070164532,0.2611664334189339,105,control
3416,369.0,5779.0,368.35991255244375,5778.619897631047,0.10725685209035873,1,0.7599220635123191,0.43861780493606256,105,check
3417,439.0,5840.0,438.6399729078716,5839.870012377521,0.13550704717636108,1,0.46958976307060696,0.08885476862413764,105,control
3418,418.0,5774.0,418.64996565525564,5773.529983158975,0.11817903816699982,1,0.5980318026379711,0.3728333228642021,105,control
3419,394.0,5887.0,393.7099744400492,5886.420033091689,0.14397157728672028,1,0.5225489781149063,0.5483678790536445,105,check
3420,355.0,5787.0,355.4900165714294,5786.589968527179,0.11623580753803253,1,0.4255252617910302,0.21833085847253278,105,control
3421,412.0,5899.0,411.099996382572,5898.920004585713,0.115219347178936,1,1.0076870398968518,0.38584871231923973,105,control
3422,401.0,5931.0,402.2399908849143,5930.850009139786,0.11922026425600052,1,1.1478992480594548,0.34999294037471457,105,control
3423,432.0,5932.0,430.0,5932.0,0.12312433868646622,1,2.106688609405134,,105,control
3424,420.0,5763.0,420.0799087269331,5762.890026343562,0.11499302834272385,1,0.1183017040238288,0.3661839747623951,105,control
3425,436.0,5914.0,435.0,5911.0,0.16217747330665588,1,2.980909513600324,,105,control
3426,418.0,5938.0,416.0,5939.0,0.11682139337062836,1,2.428306446717412,,105,control
3427,360.0,5760.0,361.3199054580333,5759.479859011352,0.10672193020582199,1,1.2483388149434298,1.4580649674919048,105,control
3428,400.0,5877.0,399.7100552474658,5876.1999778074105,0.1325952708721161,1,0.6903733847846517,0.4798828244912948,105,control
3429,601.0,5858.0,599.8799700853497,5858.110048617669,0.22654342651367188,1,1.2585844061619353,0.23278148410051147,106,check
3430,636.0,5910.0,635.2299343172322,5910.069965151584,0.14668959379196167,1,0.9077474992604176,0.2686481778062315,106,control
3431,602.0,5803.0,601.0098660689497,5803.020030161655,0.18451237678527832,1,1.1140092001906998,0.9772452125358961,106,control
3432,597.0,5963.0,596.8799590475738,5963.180001080968,0.19467376172542572,1,0.4504892282684413,0.10580347408885042,106,check
3433,446.0,5821.0,446.9399954446345,5820.699968282283,0.14521116018295288,1,0.8427076282861345,0.43844345689229697,106,control
3434,525.0,5824.0,522.9398964122181,5824.38014672637,0.20882463455200195,1,2.2410647453788486,1.0204347054371383,106,control
3435,585.0,5820.0,582.3598580500069,5821.290066203724,0.21493686735630035,1,3.125469797195263,1.172995220248916,106,control
3436,537.0,5933.0,534.7500535735496,5933.189978664306,0.11698401719331741,1,2.3780812163524643,0.4980171788235826,106,control
3437,492.0,5905.0,490.8999944364743,5904.969955874414,0.20840221643447876,1,1.210383978492306,0.15777697582322367,106,control
3438,446.0,5762.0,446.41998288808617,5761.850010996608,0.19003213942050934,1,0.3243965021073216,0.19938247903794412,106,check
3439,493.0,5769.0,493.5800104067229,5768.799960125957,0.25917375087738037,1,0.47766681117239057,0.43745806874312315,106,control
3440,527.0,5870.0,526.239988615465,5870.069999365885,0.3104800879955292,1,0.9043515279282066,0.21321487072955936,106,control
3441,641.0,5896.0,641.0,5896.0,0.2193683534860611,1,0.2339956568915981,,106,control
3442,478.0,5946.0,479.0999876142454,5945.769966822914,0.1837477833032608,1,1.0075078453621946,0.2826714378057211,106,control
3443,446.0,5967.0,446.19998121158426,5966.959959413386,0.1724315732717514,1,0.21691244613019076,0.3112691829745629,106,control
3444,560.0,5854.0,559.4199801028531,5854.1199990013665,0.3417395055294037,1,0.7566706884092779,0.20435107215834825,106,control
3445,510.0,5899.0,508.87000453760555,5899.119993327743,0.249764084815979,1,1.271825093776979,0.2472097437567351,106,control
3446,663.0,5803.0,663.15999732745,5802.570020754042,0.23641838133335114,1,0.2268971716411595,0.35349005583311627,106,control
3447,540.0,5774.0,538.3399399522735,5775.050011601667,0.1712540239095688,1,2.17100450741222,1.0693068420807543,106,control
3448,619.0,5828.0,618.989952406958,5827.349994663134,0.22478683292865753,1,0.44795297343931634,0.31567528014935825,106,control
3449,632.0,5852.0,631.409936326612,5852.100010102424,0.19340714812278748,1,0.7540287172969408,0.2173273171038305,106,control
3450,599.0,5782.0,599.3499437374334,5781.640029919822,0.23006026446819305,1,0.28881468942299443,0.29009524609711473,106,control
3451,553.0,5810.0,552.7600124161028,5809.8300050767975,0.24613527953624725,1,0.34266020302133865,0.5080080855630659,106,control
3452,618.0,5958.0,617.7299668463219,5958.070004420568,0.22105203568935394,1,0.4600731070963145,0.22286718378721077,106,control
3453,544.0,5840.0,543.3800359003296,5840.190029590006,0.31124570965766907,1,0.8263144016979833,0.16877444998247418,106,control
3454,505.0,5940.0,505.6299714953177,5940.050004277537,0.22514007985591888,1,0.6034496402674795,0.3015927714509087,106,control
3455,470.0,5796.0,476.2297474289871,5796.959966874425,0.22674179077148438,0,6.241402999724793,2.521370715597762,106,check
3456,550.0,5907.0,548.6800040040617,5906.989952716428,0.1483914852142334,1,1.429073556577618,0.6795445393077575,106,check
3457,461.0,5907.0,459.0,5907.0,0.2141144573688507,1,2.1073761123079318,,106,control
3458,559.0,5940.0,555.0,5940.0,0.13292157649993896,0,4.097319544171304,,106,control
3459,557.0,5908.0,557.830009409382,5907.820006243162,0.19255799055099487,1,0.7378795522777318,0.4001486738749309,106,control
3460,514.0,5844.0,514.329988433852,5843.70001673222,0.2823522090911865,1,0.24494779825243035,0.40830559909832337,106,control
3461,489.0,5815.0,489.0099561604768,5814.900014861518,0.23701100051403046,1,0.15217065607369037,0.5927761989614929,106,control
3462,522.0,5762.0,521.9098590612291,5763.1299798163145,0.1740555763244629,1,1.3632401317444451,3.4200553828570857,106,check
3463,579.0,5761.0,580.6800629759911,5760.5800050425705,0.13612204790115356,1,1.5915787516768085,0.6514001713929011,106,control
3464,564.0,5833.0,563.8700092828176,5832.660013764082,0.35035133361816406,1,0.2580453305835801,0.22624797783747605,106,check
3465,488.0,5859.0,486.510016611304,5859.499972731906,0.16781926155090332,1,1.744613509866367,0.7689443587638861,106,control
3466,593.0,5891.0,595.0,5889.0,0.1446751207113266,0,2.609799408065066,,106,control
3467,638.0,5939.0,637.4799790877522,5938.960006728598,0.11734190583229065,1,0.634736042401714,0.40651340545999687,106,control
3468,562.0,5872.0,562.6200167452852,5871.319793840489,0.15034393966197968,1,0.6984242423328187,0.8236825041361587,106,control
3469,644.0,5835.0,641.1599166925963,5837.079875131572,0.23056483268737793,0,3.7257045610912147,0.7309502913154781,106,control
3470,575.0,5968.0,577.0,5967.0,0.1841198354959488,1,2.063681419166744,,106,control
3471,533.0,5968.0,534.2299387529738,5967.639984255118,0.16730213165283203,1,1.1480648422195798,0.9805121483225362,106,check
3472,619.0,5797.0,618.4398666683616,5797.110119452628,0.17884023487567902,1,0.7344245017759435,0.922633136881288,106,control
3473,644.0,5872.0,645.0,5871.0,0.2301478087902069,1,1.1994412509549828,,106,control
3474,512.0,5799.0,508.0,5799.0,0.21107156574726105,0,4.106683708992971,,106,check
3475,664.0,5779.0,664.8999658957961,5778.4300346074,0.17288899421691895,1,0.8777012728811551,0.5933761760354308,106,control
3476,638.0,5948.0,637.9499956193071,5947.6399710510495,0.12003367394208908,1,0.2002082421313024,0.5214713307217069,106,control
3477,465.0,5930.0,466.0,5930.0,0.26035839319229126,1,0.9341051256570772,,106,check
3478,488.0,5888.0,487.69997736008025,5888.180043650969,0.19523389637470245,1,0.5656451766058198,0.40914077064149446,106,control
3479,739.0,5865.0,737.7999666248342,5864.790017582175,0.18602973222732544,1,1.2923291109964832,0.14202106459582606,107,control
3480,697.0,5851.0,695.3798607719579,5850.940081959425,0.10060615092515945,1,1.7207275751241402,0.5160762481997401,107,control
3481,714.0,5831.0,712.8900048869505,5830.999998865275,0.17864397168159485,1,1.2228709655265126,0.19647348222377267,107,control
3482,726.0,5760.0,726.8099650458413,5759.900012798382,0.2722401022911072,1,0.7192026802751166,0.4997053329974491,107,control
3483,680.0,5767.0,681.0399585413163,5766.540031164644,0.16533568501472473,1,0.9732866306904309,0.30681145435032653,107,control
3484,742.0,5823.0,742.7099100008104,5822.359957219331,0.17230042815208435,1,0.7520244432902249,0.9524210669712849,107,control
3485,673.0,5839.0,672.8899684032,5839.230043389607,0.18546387553215027,1,0.4873148270394273,0.27969692896891407,107,control
3486,731.0,5795.0,727.0,5797.0,0.13337087631225586,0,4.653690633592141,,107,check
3487,802.0,5879.0,798.0,5878.0,0.10688361525535583,0,4.1668221288537115,,107,control
3488,675.0,5930.0,673.0,5930.0,0.11344121396541595,1,2.1005541019383527,,107,control
3489,720.0,5807.0,721.9799946991294,5805.599973137592,0.14006869494915009,1,2.2290901209492415,0.6080547042901858,107,control
3490,766.0,5839.0,765.6999676633426,5839.120001889756,0.1389603167772293,1,0.5111344183527466,0.2971301765923635,107,check
3491,715.0,5877.0,716.0,5874.0,0.15210704505443573,0,2.933898600453506,,107,control
3492,672.0,5807.0,671.8700507180937,5806.949990564624,0.23164772987365723,1,0.27854047444134883,0.1698470074256527,107,control
3493,704.0,5971.0,701.0,5973.0,0.1254042685031891,0,3.7978480501436933,,107,control
3494,770.0,5797.0,767.0,5799.0,0.12989088892936707,0,3.801012859353629,,107,control
3495,736.0,5763.0,737.2499826007305,5762.609975478557,0.22569461166858673,1,1.1660591552047759,0.9001315764311238,107,control
3496,673.0,5775.0,674.1200951791434,5774.870030808835,0.11979099363088608,1,1.0243473542958026,0.36553883550458754,107,control
3497,691.0,5829.0,686.5800255707701,5830.330025433386,0.15150071680545807,0,4.771061074299948,1.2781049634938098,107,control
3498,733.0,5820.0,728.0,5817.0,0.1298009604215622,0,5.81003006520341,,107,check
3499,722.0,5780.0,722.1199490040771,5780.120006222341,0.2194833755493164,1,0.3286507666520921,0.6898471576314392,107,control
3500,796.0,5766.0,793.0,5767.0,0.13043946027755737,1,3.32265658479756,,107,control
3501,799.0,5849.0,785.0,5948.0,0.10891671478748322,0,100.2024626855768,,107,control
3502,786.0,5783.0,786.5898989301006,5781.949885342801,0.11586035043001175,1,0.9795104196492884,0.5695698719582285,107,control
3503,725.0,5919.0,725.0,5919.0,0.10025359690189362,1,0.2285897636279577,,107,control
3504,691.0,5822.0,689.5597850348739,5822.199993727306,0.12508460879325867,1,1.5899542248369654,1.856112834771624,107,control
3505,760.0,5898.0,759.8299650857159,5897.810017003109,0.15069475769996643,1,0.2605379349279683,0.5307230350685797,107,control
3506,723.0,5931.0,720.0,5931.0,0.12418685853481293,1,3.0958677058359845,,107,control
3507,769.0,5862.0,768.1800470551434,5861.970037300771,0.13157285749912262,1,0.9287990565796073,0.2145974016817016,107,check
3508,687.0,5868.0,683.9200671681303,5868.140071492958,0.19092054665088654,1,3.192540150185817,0.7204260652183285,107,control
3509,726.0,5846.0,726.0,5842.0,0.139117032289505,0,3.7922978803769176,,107,check
3510,798.0,5837.0,796.0,5841.0,0.12588998675346375,0,4.6965911820860935,,107,check
3511,675.0,5865.0,670.0,5863.0,0.13637703657150269,0,5.398215020592342,,107,control
3512,421.0,6038.0,422.22998534608905,6038.429983269072,0.14183294773101807,1,1.3194035616513684,0.6404876231278958,109,check
3513,414.0,5995.0,415.81996398263243,5994.960010235929,0.15228840708732605,1,1.7396475093728991,0.3785258976047312,109,control
3514,441.0,6005.0,439.8999607379569,6005.930012393988,0.1500043421983719,1,1.6610784160847234,1.0086067286976526,109,control
3515,430.0,6053.0,433.87019225110487,6052.149995159048,0.1001598984003067,0,3.8335890789569897,2.160855444803277,109,control
3516,384.0,6001.0,384.49997500135544,6001.269993162597,0.13579557836055756,1,0.6478500124190449,0.3906758349613012,109,control
3517,408.0,6110.0,407.0,6111.0,0.12411943078041077,1,1.6419289720310315,,109,check
3518,435.0,6109.0,440.77985352322065,6106.920131401055,0.1734512597322464,0,5.988773384123109,0.7434491340788958,109,control
3519,426.0,6138.0,429.85001130607867,6137.550018444718,0.20934399962425232,0,3.774339735858738,0.41601522029295246,109,control
3520,415.0,6014.0,418.0899383706949,6013.279954377756,0.12426542490720749,0,3.039954805742942,0.6053824301186764,109,check
3521,397.0,6112.0,399.399884916769,6111.819988327633,0.1497771143913269,1,2.316421464120694,0.4620706867176642,109,control
3522,434.0,6065.0,435.0,6065.0,0.11462587118148804,1,0.9424655209262964,,109,control
3523,442.0,6016.0,440.95993971044015,6016.709933933184,0.13342370092868805,1,1.4686810568679773,0.5214305224524343,109,check
3524,397.0,6134.0,399.43002491066187,6134.03999234299,0.19356504082679749,1,2.363226874659811,0.10844809554593463,109,control
3525,399.0,6016.0,402.40007221764114,6016.889988381865,0.13356362283229828,0,3.4952225875850105,1.9535399326118361,109,control
3526,413.0,6156.0,416.07999654901096,6155.9900012695225,0.18832895159721375,0,3.0072083410742225,0.31054959274411165,109,control
3527,414.0,5979.0,413.8900135521203,5979.160036183806,0.11949502676725388,1,0.43935621272217945,0.5191809849918616,109,control
3528,388.0,6108.0,123.0,5936.0,0.10334163159132004,0,315.87523475426286,,109,control
3529,409.0,6140.0,411.72997726515695,6140.060049291658,0.19239817559719086,0,2.664051498867907,0.16453072757640394,109,control
3530,416.0,6135.0,420.0,6135.0,0.20769570767879486,0,3.9246251166213684,,109,control
3531,397.0,5989.0,399.79004632916724,5988.719955530717,0.11519090831279755,0,2.699025035805577,0.6973652846244135,109,control
3532,423.0,6084.0,426.1400918148442,6084.11002035271,0.10143087804317474,0,3.0739051684014003,0.557321641420705,109,control
3533,429.0,6189.0,432.52001967436644,6189.159987940183,0.16607649624347687,0,3.4636133624730934,0.3590742827943836,109,control
3534,443.0,6169.0,444.9100061647065,6168.790008401222,0.21527160704135895,1,1.8303589182721047,0.551637057555632,109,control
3535,389.0,6022.0,390.28993897575435,6022.359997313569,0.17210085690021515,1,1.3385888928434102,0.4218546362518486,109,control
3536,356.0,6113.0,356.9799481060142,6112.809974123638,0.22036713361740112,1,0.896287589331981,0.4582017442359414,109,control
3537,373.0,6126.0,376.0,6127.0,0.11264338344335556,0,3.1672484418233675,,109,check
3538,470.0,6151.0,472.5899636788098,6150.979962547964,0.26873692870140076,0,2.518430723691293,0.1768883834162244,110,control
3539,452.0,6193.0,454.7800104959985,6192.930000840428,0.3266628384590149,1,2.706721509286698,0.11572366966594091,110,check
3540,502.0,6028.0,503.920003966773,6027.960000951819,0.22192776203155518,1,1.8423234734773883,0.2655041324188657,110,control
3541,585.0,6139.0,587.9099599842184,6138.96001116434,0.2554723024368286,1,2.837087361112119,0.19848776147964953,110,check
3542,516.0,6166.0,518.630122002969,6166.380047523296,0.37883031368255615,0,2.6229991128051164,0.7302141936337212,110,control
3543,551.0,6117.0,554.5601471883982,6117.2401418745985,0.17096789181232452,0,3.5103053068493315,0.4113461054186743,110,control
3544,547.0,5997.0,547.0800168708972,5997.020088790364,0.27074143290519714,1,0.2428451082545632,0.3020712634693443,110,control
3545,548.0,6142.0,552.0,6144.0,0.4039302468299866,0,4.508254148516641,,110,control
3546,505.0,6105.0,506.8900087037515,6104.6300153032,0.27573928236961365,1,1.8132258229672376,0.2009938147193333,110,check
3547,540.0,6044.0,542.8701178394089,6043.7500779879565,0.2217956781387329,0,2.7848728885157428,0.8481025582560213,110,control
3548,579.0,6102.0,580.3999906881271,6102.180040556266,0.24513162672519684,1,1.378975592980963,0.5696419076825966,110,control
3549,546.0,6025.0,547.5199745254461,6025.229995145984,0.28484460711479187,1,1.5034989131158858,0.22985824494011256,110,control
3550,529.0,6068.0,531.2500233139092,6067.969949169223,0.2570072412490845,1,2.174633495605145,0.31212629559486377,110,check
3551,517.0,6138.0,519.839965466702,6137.730020660412,0.3645319640636444,0,2.7601193560242,0.5167950983493769,110,control
3552,593.0,6047.0,597.0,6052.0,0.1306218057870865,0,6.526271739295863,,110,control
3553,490.0,6184.0,492.74997101246777,6183.580026396025,0.3033926486968994,0,2.6787899676072384,0.5042515890808336,110,control
3554,461.0,6062.0,464.5298935832317,6061.420051866224,0.33098429441452026,0,3.4619079835121687,1.4487122643391264,110,control
3555,621.0,6102.0,621.3299463796352,6103.470037266068,0.11931435018777847,1,1.7086275957810177,0.6695374341110951,110,control
3556,664.0,6106.0,667.5698363415602,6106.490015057829,0.168274387717247,0,3.5616534825147474,0.6201505413194038,110,control
3557,643.0,6004.0,646.0,6004.0,0.2169354408979416,0,2.9223168569695437,,110,control
3558,653.0,6045.0,654.5500211267948,6044.890000244895,0.2636350393295288,1,1.4708077525881424,0.20185940071953118,110,check
3559,557.0,6173.0,559.7600149950224,6172.580016183503,0.35981255769729614,1,2.689759451399677,0.35609968245706347,110,check
3560,611.0,5978.0,611.8099502944214,5978.329949268025,0.19886799156665802,1,0.9066150521316575,0.37332684315766684,110,control
3561,563.0,6037.0,566.1301013369093,6037.230059345158,0.17128291726112366,0,3.07821130310456,0.40706726444436847,110,control
3562,537.0,6179.0,540.1999883294022,6179.269990067894,0.28783658146858215,0,3.1619342890444972,0.40238385647008335,110,control
3563,484.0,6029.0,485.0,6030.0,0.21755340695381165,1,1.5292101847448412,,110,check
3564,557.0,6062.0,561.0,6065.0,0.17820170521736145,0,5.072037716098979,,110,control
3565,582.0,6008.0,582.9600009518186,6008.079996033227,0.22382453083992004,1,0.9235919336244299,0.35985103260010315,110,control
3566,455.0,6110.0,456.87007434099706,6106.660092302049,0.30304771661758423,0,3.5865171768611623,0.5630869297415163,110,control
3567,627.0,6149.0,629.7199255458436,6148.810026184063,0.14549100399017334,1,2.6427325048938273,0.39240792489984316,110,check
3568,659.0,6035.0,660.5999646787365,6034.839968870876,0.2529781460762024,1,1.5174143106129856,0.2585631131490823,110,control
3569,588.0,5976.0,587.8298930466259,5976.180110050187,0.13729384541511536,1,0.4762399833515776,0.35553031295434817,110,control
3570,594.0,6156.0,596.0,6157.0,0.22589659690856934,1,2.2784047946516086,,110,control
3571,611.0,6195.0,612.94000617294,6194.660014486179,0.17954888939857483,1,1.8687523730609201,0.32677836777733243,110,control
3572,510.0,6084.0,512.449980833184,6083.920008196201,0.3298148512840271,1,2.3709530058097936,0.3739244590049904,110,control
3573,564.0,6144.0,567.1998913263708,6144.05997560206,0.35910096764564514,0,3.133933474787309,0.26817655098319726,110,control
3574,465.0,5985.0,465.5299219175963,5984.9799722447015,0.18487057089805603,1,0.485932227667307,0.9183763259287158,110,control
3575,562.0,5997.0,561.7900495270275,5997.409969303032,0.3195616900920868,1,0.6983609921248928,0.8549252243682617,110,control
3576,542.0,6111.0,544.399929756219,6110.7799797890275,0.31846052408218384,1,2.3186175679633925,0.39553529270823257,110,control
3577,453.0,6020.0,455.140030882936,6019.7099595854725,0.17522448301315308,1,2.0524290503666784,0.43677515261299543,110,control
3578,480.0,6085.0,488.8999439234013,6095.559939978267,0.12014815211296082,0,13.93245771407617,1.6833095475059052,110,control
3579,467.0,6043.0,468.2499884806672,6043.040000801847,0.19687238335609436,1,1.1936536814239413,0.4592630753423474,110,check
3580,500.0,6057.0,501.55006514099057,6056.929988152144,0.25249651074409485,1,1.4730196422370259,0.44774273221628985,110,control
3581,494.0,6106.0,496.3700289173094,6105.909997499537,0.3232019543647766,1,2.2916276024263675,0.22236928666789407,110,control
3582,618.0,6010.0,620.0,6010.0,0.19008567929267883,1,1.926545117285631,,110,control
3583,629.0,6063.0,632.0,6061.0,0.244475856423378,0,3.418188981989757,,110,check
3584,594.0,6105.0,597.3900864849184,6104.5500478106505,0.15822924673557281,0,3.3172915667992813,0.7042408732818026,110,control
3585,495.0,6121.0,503.0,6119.0,0.25574392080307007,0,8.114294294804644,,110,control
3586,658.0,6135.0,661.7998555230741,6134.64014404688,0.17430052161216736,0,3.7249469577596765,1.207450224700516,110,control
3587,650.0,6167.0,653.3499008579623,6166.490046899524,0.300764262676239,0,3.2869050073465718,1.8569391072745505,110,control
3588,702.0,5996.0,702.9798138971347,5995.900001072259,0.2435307651758194,1,0.9018416525862398,0.5464154078203622,111,control
3589,708.0,6176.0,710.460025537836,6175.850001093557,0.246341273188591,1,2.3867742917292776,0.25215302324876404,111,control
3590,688.0,6025.0,689.7900603584898,6025.360015951196,0.24574428796768188,1,1.8006116299736763,0.2676453364923412,111,control
3591,736.0,6156.0,738.7599659261443,6156.030006507111,0.34007859230041504,0,2.6962418336263965,0.27564879988305324,111,control
3592,725.0,6164.0,727.6599594342075,6164.089958383111,0.3358269929885864,0,2.603346798207692,0.21854895210378655,111,control
3593,675.0,6142.0,677.50997703285,6142.030003928191,0.3280269205570221,0,2.4457017888497097,0.102097096726124,111,control
3594,804.0,6019.0,800.0,6012.0,0.1419765204191208,0,7.924613450426997,,111,control
3595,669.0,6036.0,673.0,6036.0,0.2102237492799759,0,3.9226504901789103,,111,control
3596,735.0,6073.0,734.179979108574,6074.249946323293,0.19083115458488464,1,1.7174479995767569,0.9038625952901711,111,control
3597,695.0,6044.0,697.030052687599,6044.070031310737,0.23868034780025482,1,1.9683941329949513,0.7611024399859436,111,control
3598,678.0,6083.0,680.210037469796,6082.7700020687835,0.29448646306991577,1,2.1297355755906313,0.18337744414810556,111,control
3599,733.0,6016.0,733.8600049818738,6016.119993224586,0.27799180150032043,1,0.8446059048301249,0.3473338104893539,111,control
3600,744.0,6128.0,746.289978244738,6127.859964784479,0.2282169759273529,1,2.214836593985811,0.18554858182175035,111,control
3601,707.0,6080.0,708.7498676137157,6079.989984385561,0.2717677056789398,1,1.682390992688549,0.4860219006000937,111,control
3602,698.0,6163.0,700.6799283544843,6162.710030214118,0.2706713080406189,0,2.6058084654522493,0.26685479309547566,111,control
3603,678.0,6017.0,678.6800031788075,6017.069949162283,0.21357569098472595,1,0.6603846658133155,0.476638595607618,111,check
3604,683.0,6143.0,685.8400047356856,6143.229988131322,0.27061256766319275,0,2.799337080840214,0.3410853639506986,111,control
3605,726.0,6103.0,728.0800172497736,6104.289888772151,0.269806444644928,1,2.503767837019286,0.9896282844055801,111,control
3606,782.0,6166.0,784.4699712794777,6165.759971083983,0.16764578223228455,1,2.396806073778191,0.1939016392789557,111,control
3607,733.0,6116.0,734.5599322752589,6116.540224551766,0.21078437566757202,1,1.6633515979364888,1.0466198158452502,111,control
3608,670.0,6098.0,672.2299463865758,6097.900017130966,0.20723573863506317,1,2.153538355380002,0.2140001561637604,111,check
3609,775.0,6080.0,779.0,6073.0,0.16283568739891052,0,7.840641262995315,,111,control
3610,690.0,6186.0,689.1099607955914,6186.0200549886895,0.19787387549877167,1,0.9929271545031605,0.6388636898337968,111,control
3611,760.0,6074.0,761.4199374296956,6073.950016869604,0.22852414846420288,1,1.350314980890761,0.3077413136105329,111,control
3612,804.0,6193.0,806.1400038896096,6193.0200449824815,0.11388558149337769,1,2.081581327075483,0.9724817874659752,111,control
3613,716.0,6095.0,721.839895800218,6092.870123925659,0.24157284200191498,0,6.071185414656286,1.4224503982209682,111,check
3614,750.0,6146.0,752.1199601450096,6146.040054203309,0.22992531955242157,1,2.060440483268303,0.17646873919253891,111,control
3615,758.0,5997.0,754.0,5997.0,0.10152491927146912,0,4.08945565919312,,111,control
3616,701.0,6126.0,703.5199746286029,6126.2199955902515,0.29105907678604126,0,2.4812533709951596,0.2809199242446859,111,control
3617,758.0,6100.0,757.8399750602828,6100.8000619773575,0.1320437341928482,1,1.0396257805314473,0.4510066199227775,111,control
3618,744.0,6015.0,745.2299874092247,6015.229992154436,0.27700361609458923,1,1.2287574804926622,0.2355491759092687,111,control
3619,760.0,6006.0,768.0,6011.0,0.13008520007133484,0,9.477357289723782,,111,control
3620,712.0,6033.0,714.9000946373661,6032.869984112563,0.323482483625412,0,2.8186626815232643,0.612269260414008,111,control
3621,713.0,6186.0,715.0999516462788,6185.950013568588,0.21167513728141785,1,2.0332831203157924,0.19132862777866239,111,check
3622,778.0,6155.0,779.0,6154.0,0.13944509625434875,1,1.2159367762260116,,111,control
3623,801.0,6070.0,801.0,6137.0,0.10228358954191208,0,67.21016765132258,,111,check
3624,800.0,6182.0,794.8801412937636,6178.739979366058,0.1196836307644844,0,6.021103823576158,1.0605426709840788,111,check
3625,755.0,6160.0,757.5999754070419,6159.800015074771,0.1981574296951294,1,2.5257948967304324,0.3759687227337278,111,check
3626,749.0,6190.0,750.0,6191.0,0.12565068900585175,1,1.5279554038261178,,111,control
3627,753.0,6035.0,754.4500620869785,6035.35015648428,0.20583325624465942,1,1.478893483399603,1.0249817402209476,111,check
3628,757.0,6130.0,759.0,6129.0,0.12997294962406158,1,2.0788976822761844,,111,control
3629,735.0,6045.0,737.6300752035402,6044.610047620805,0.11989573389291763,0,2.554758360940716,0.8131196930527816,111,control
3630,780.0,6098.0,784.0,6097.0,0.12099813669919968,0,4.001224431822684,,111,control
3631,710.0,6128.0,713.2000134659066,6128.139896674056,0.17974844574928284,0,3.143157807178512,0.9132466641084279,111,control
3632,681.0,5991.0,685.0,5991.0,0.10531439632177353,0,3.9201019332555185,,111,control
3633,717.0,6023.0,715.0,6023.0,0.3223308026790619,1,2.094117980144291,,111,control
3634,780.0,6012.0,782.2999453398338,6011.700026738428,0.20810925960540771,1,2.2192038322704124,0.8118520199105003,111,control
3635,737.0,5992.0,741.0,5993.0,0.20128493010997772,0,4.0984282387168705,,111,check
3636,797.0,6136.0,795.3402450600967,6137.61991406863,0.11070942133665085,1,2.521714438307866,2.042110900335024,111,control
3637,547.0,6367.0,545.8398652658102,6366.829992422264,0.19572991132736206,1,1.227530149350207,0.5784962427890082,114,control
3638,505.0,6237.0,506.9499578976751,6236.9900102441625,0.2119094729423523,1,1.8883059278254877,0.20973786632595823,114,control
3639,503.0,6265.0,504.06987843047995,6264.869893848472,0.23038625717163086,1,1.0020500624701194,0.35102754537785064,114,control
3640,653.0,6257.0,651.5799293929928,6255.040014521699,0.1291825771331787,1,2.290136220157536,0.7153791631156134,114,check
3641,562.0,6291.0,562.789954896602,6290.9699650553675,0.20267298817634583,1,0.746376252563634,0.16530183864020684,114,control
3642,446.0,6378.0,445.0299540340589,6378.020009736612,0.1359965205192566,1,1.068445033755129,0.1752938849078502,114,control
3643,581.0,6251.0,582.7000125027926,6251.079993351151,0.2661123275756836,1,1.6562647271032296,0.28304778270291164,114,control
3644,471.0,6261.0,472.38991936902494,6260.829933037707,0.2227020561695099,1,1.317663452652696,0.32593870171448014,114,control
3645,654.0,6202.0,656.0400095701732,6201.900049282132,0.20084594190120697,1,1.9700032758143753,0.31458729183691314,114,control
3646,540.0,6260.0,541.5699305593585,6259.97001752842,0.316897988319397,1,1.5105522557804103,0.5923617174601757,114,control
3647,465.0,6228.0,466.2200327960997,6228.179983956943,0.2544822692871094,1,1.2161335282066839,0.9358895835152833,114,control
3648,524.0,6403.0,522.8999606348002,6402.9400119497195,0.17175553739070892,1,1.176892098844803,0.214655999301196,114,control
3649,559.0,6263.0,560.1599912411998,6263.159994542217,0.25403204560279846,1,1.1549014038419432,0.5945943079595699,114,control
3650,508.0,6324.0,507.98991375691503,6323.790029857832,0.1746743768453598,1,0.08216849842750129,0.3923657227241516,114,check
3651,531.0,6303.0,530.0,6302.0,0.17904126644134521,1,1.318595080272258,,114,check
3652,484.0,6236.0,485.75000357626055,6235.729964989499,0.24564363062381744,1,1.6754905935414197,0.2527416203920377,114,control
3653,510.0,6359.0,510.1900399056843,6358.620008526494,0.20974375307559967,1,0.19246224173739201,0.461783689860862,114,control
3654,447.0,6309.0,447.52998161162304,6308.500027680721,0.22126853466033936,1,0.5298355019136745,0.9668160872593826,114,control
3655,502.0,6199.0,504.99001199782793,6198.880049654885,0.33119016885757446,1,2.9152524641402873,0.4196510428066928,114,check
3656,561.0,6216.0,562.8800505832959,6215.919992000586,0.310637891292572,1,1.8112886886094806,0.2979052617295056,114,control
3657,472.0,6396.0,472.1000315590351,6396.510156081179,0.1573474258184433,1,0.7458704965930074,0.7748905364021309,114,check
3658,537.0,6244.0,538.6799161125779,6244.5901791414835,0.1833873987197876,1,1.8028401608187716,0.41389728230749995,114,control
3659,453.0,6417.0,453.53998023894377,6416.590023785464,0.13893622159957886,1,0.5059286733913163,0.7870117532791324,114,control
3660,640.0,6312.0,639.7999655932664,6311.890013139493,0.23800702393054962,1,0.29040786209300584,0.1664948018149344,114,control
3661,573.0,6399.0,571.9899996190139,6399.079996342697,0.13665911555290222,1,1.1170685517414614,0.2652180044705259,114,control
3662,608.0,6243.0,609.9300046572293,6242.850005941926,0.17053726315498352,1,1.8593471148665297,0.33267744922964737,114,control
3663,529.0,6335.0,529.0,6335.0,0.13198935985565186,1,0.24018275628367397,,114,control
3664,553.0,6220.0,555.5199787548743,6219.820013360981,0.2777145206928253,1,2.4458597579749077,0.3401908150951038,114,check
3665,578.0,6323.0,576.0,6323.0,0.2393985241651535,1,2.080421550071561,,114,control
3666,604.0,6340.0,603.0,6337.0,0.20374993979930878,1,2.97207742890434,,114,control
3667,629.0,6341.0,630.3897736403364,6339.730112023572,0.1751078963279724,1,1.6869622379978733,1.353338996742737,114,control
3668,488.0,6351.0,487.4200185465824,6350.699962918131,0.2704129219055176,1,0.6514694492319012,0.37257933657073444,114,control
3669,571.0,6360.0,569.0,6358.0,0.16974462568759918,1,2.721602858385967,,114,control
3670,627.0,6265.0,632.100115976939,6260.940116346289,0.11213186383247375,0,6.326152218274692,1.7167458174816015,114,control
3671,606.0,6280.0,607.0,6281.0,0.18667948246002197,1,1.5377549963365393,,114,control
3672,633.0,6241.0,633.7700371083389,6240.699911786117,0.1407044380903244,1,0.7025893249892112,0.5475814793298058,114,control
3673,621.0,6330.0,622.599920148757,6328.849978742286,0.12131478637456894,1,1.790861523279787,1.5145780744573523,114,check
3674,468.0,6202.0,470.25990000800755,6201.960025090506,0.25035032629966736,1,2.1909671367123904,0.522426965271689,114,control
3675,614.0,6368.0,613.4199444443568,6368.270047079844,0.13519680500030518,1,0.8132906832926994,0.8333407699263268,114,control
3676,620.0,6386.0,622.0,6388.0,0.11250778287649155,0,2.9504754725605125,,114,control
3677,571.0,6372.0,570.0,6372.0,0.2236534059047699,1,1.0893988980706233,,114,control
3678,631.0,6375.0,631.319958962653,6374.599887791278,0.10220734030008316,1,0.3103277107255205,1.6891322761200076,114,control
3679,619.0,6210.0,622.3597710531834,6209.110094831908,0.17688563466072083,0,3.3530176958515465,0.9463695612250071,114,control
3680,653.0,6278.0,654.0,6278.0,0.14258678257465363,1,0.9568873287597783,,114,check
3681,479.0,6276.0,477.829958380525,6276.4599881256745,0.21877631545066833,1,1.4225069484957162,1.1374140786980325,114,check
3682,591.0,6287.0,594.1199902330396,6287.4299821343475,0.25350967049598694,0,3.119867243923526,1.4411570716139288,114,check
3683,449.0,6339.0,448.0,6339.0,0.14818508923053741,1,1.0950773800776543,,114,control
3684,522.0,6385.0,519.0,6386.0,0.1831517368555069,1,3.3035868564117234,,114,control
3685,463.0,6299.0,464.0,6298.0,0.26538726687431335,1,1.2038972269091817,,114,control
3686,593.0,6367.0,591.0,6368.0,0.21333006024360657,1,2.402132731906005,,114,control
3687,819.0,6304.0,817.0,6303.0,0.12907719612121582,1,2.20959827225642,,115,check
3688,828.0,6407.0,825.0,6407.0,0.11260341852903366,1,3.065548646019014,,115,control
3689,819.0,6363.0,816.7000102333434,6363.29998357725,0.12317852675914764,1,2.416063664946065,0.38765206752173026,115,control
3690,717.0,6215.0,718.5600652125063,6214.879990476642,0.24359850585460663,1,1.491521796480684,1.149256095619459,115,control
3691,795.0,6295.0,795.0699495749096,6295.279998598266,0.11296997964382172,1,0.49359202140956754,0.7597009626219845,115,control
3692,709.0,6203.0,712.9396992082948,6200.270104022388,0.11433088779449463,0,4.611988267255589,5.432308490529916,115,control
3693,805.0,6300.0,804.5399670348755,6299.86996691913,0.10613953322172165,1,0.531461413121028,0.264953779866728,115,check
3694,754.0,6220.0,755.4101371410227,6219.860068355794,0.10082397609949112,1,1.3415543664078122,0.5086124865274395,115,control
3695,717.0,6198.0,721.1599140442706,6197.030065375883,0.2531115412712097,0,4.156159105459677,0.937248037407747,115,control
3696,781.0,6362.0,779.7099657748794,6362.259995773157,0.12045780569314957,1,1.432971499618201,0.35569163327505454,115,control
3697,813.0,6340.0,818.0,6344.0,0.12507790327072144,0,6.49111528331708,,115,control
3698,803.0,6391.0,803.0,6391.0,0.1413237750530243,1,0.22303773997381665,,115,check
3699,754.0,6363.0,753.5099214650946,6363.109966262901,0.12205818295478821,1,0.6419219842939479,0.25467557903039073,115,control
3700,770.0,6354.0,771.8899495592594,6354.750163883807,0.11311475187540054,1,2.0674186924494284,2.342658088556012,115,check
3701,742.0,6305.0,741.9999589773511,6304.67002497653,0.11374806612730026,1,0.13082965192075646,0.6461565519457149,115,control
3702,676.0,6216.0,678.7099678380151,6216.060004658522,0.2680623531341553,0,2.652302838941804,0.6991579769553017,115,control
3703,694.0,6288.0,695.3198598270799,6287.290065791096,0.19145721197128296,1,1.3447369621766352,0.5422006619783036,115,control
3704,709.0,6212.0,710.0298573404978,6212.779996603584,0.1838233917951584,1,1.3826353887931508,1.9395913058196679,115,control
3705,710.0,6223.0,711.5000326322465,6222.9900397132515,0.1876288205385208,1,1.4436558223658926,0.1444051684540775,115,control
3706,757.0,6395.0,758.5099433343327,6394.990060447765,0.11194244772195816,1,1.4646636670236985,1.8819714083483243,115,control
3707,677.0,6263.0,678.7500136856253,6262.750008527786,0.17493341863155365,1,1.6807029242380525,0.5287317553429333,115,control
3708,695.0,6204.0,693.0,6204.0,0.16098877787590027,1,2.084248097920501,,115,control
3709,768.0,6382.0,766.649971225722,6381.990007149459,0.1470087766647339,1,1.4258434357977197,0.6403336058585027,115,check
3710,676.0,6235.0,674.0,6235.0,0.12475518137216568,1,2.0829512446249727,,115,control
3711,823.0,6398.0,823.0,6398.0,0.1412486582994461,1,0.22179788787379875,,115,control
3712,806.0,6213.0,804.3502840911257,6214.099882531234,0.16766490042209625,1,2.1626652837857145,0.6156255661620104,115,control
3713,802.0,6379.0,801.2600228696409,6378.96994927238,0.13118015229701996,1,0.8212531788546038,0.5478926900635818,115,control
3714,747.0,6199.0,748.5400117711687,6198.839957936257,0.1369885504245758,1,1.4689704237710615,0.4362331347653543,115,control
3715,697.0,6272.0,697.0,6272.0,0.15413126349449158,1,0.22951281189990927,,115,control
3716,805.0,6363.0,804.0,6363.0,0.17163003981113434,1,1.0825568750145622,,115,check
3717,724.0,6364.0,723.2200462064816,6363.880041711813,0.1358744502067566,1,0.8484267658483847,0.6207365864031592,115,control
3718,702.0,6241.0,703.5699766366898,6240.810014321033,0.16795513033866882,1,1.499827020517754,0.6994505654253226,115,control
3719,475.0,6542.0,474.119923248632,6542.310096950569,0.20394398272037506,1,1.0852530799616507,0.4287324796157899,118,control
3720,500.0,6619.0,501.08990126800364,6619.569996236479,0.15405716001987457,1,1.3153238952167103,0.8295220624420557,118,check
3721,551.0,6500.0,549.5399800326302,6500.610022896927,0.1339682638645172,1,1.735917220039841,0.2777523952083122,118,control
3722,648.0,6493.0,647.2800218779477,6492.979949034425,0.12808912992477417,1,0.8032922178726121,0.30665876345855664,118,control
3723,660.0,6450.0,658.1199920898616,6450.249990131176,0.16872116923332214,1,1.996038400474836,0.27087617972213857,118,control
3724,551.0,6535.0,550.3999800629784,6535.209994796639,0.16208551824092865,1,0.7913346683770431,0.3275699185612236,118,control
3725,449.0,6564.0,450.3400036694148,6564.180084364149,0.19176703691482544,1,1.3508570412408187,0.4101983068122315,118,check
3726,468.0,6424.0,466.5399748747911,6424.110000683516,0.12790228426456451,1,1.5628062101696882,0.19270495721469766,118,control
3727,635.0,6591.0,636.2599652387498,6594.249902721725,0.19199314713478088,0,3.6830754165066417,2.1495184136131735,118,check
3728,512.0,6602.0,510.0,6604.0,0.10389198362827301,1,3.0356533489511213,,118,control
3729,638.0,6580.0,637.3099425229595,6580.930016623416,0.17089343070983887,1,1.3755135602052155,0.40191280897839216,118,control
3730,540.0,6430.0,539.0699600969016,6430.260043913625,0.14987094700336456,1,1.107400466992005,0.7860675201434577,118,control
3731,561.0,6505.0,563.4299915216149,6504.970050195369,0.10403598845005035,0,2.3812374408225114,1.212986980280546,118,control
3732,626.0,6551.0,626.3599816337378,6551.229993495475,0.2109033763408661,1,0.5517622526234973,0.3025267022080619,118,check
3733,642.0,6566.0,642.880060486347,6565.960034650336,0.18674305081367493,1,0.8490454136410984,0.5554674960695204,118,check
3734,524.0,6552.0,525.0,6552.0,0.13475178182125092,1,0.9735018292985184,,118,control
3735,509.0,6444.0,506.76992487185424,6444.660033363871,0.19183923304080963,1,2.4602105974643345,0.5889714858691171,118,control
3736,599.0,6523.0,599.4599798731318,6522.970006078017,0.11481212079524994,1,0.45109773103957956,0.477861412679788,118,control
3737,517.0,6583.0,513.4600162537256,6585.749961109416,0.12588052451610565,0,4.672196066184097,2.7363746671410283,118,control
3738,566.0,6572.0,567.1399948118126,6571.900005886877,0.10985260456800461,1,1.0948427697176328,0.37523826857224696,118,control
3739,458.0,6441.0,454.47010002104776,6442.199920589146,0.21618349850177765,0,3.8697160576816922,1.6242031164706627,118,control
3740,659.0,6517.0,654.8900155120992,6517.970044624903,0.1303718537092209,0,4.333154213847938,1.1194359554025954,118,control
3741,610.0,6544.0,610.2099565592227,6544.000056908793,0.19345523416996002,1,0.2775072466525226,0.43086229477075194,118,control
3742,620.0,6475.0,619.1600442300356,6475.330021100802,0.13879239559173584,1,1.0570225527764696,0.5722378187694221,118,control
3743,512.0,6474.0,510.81996944994194,6474.430033782145,0.19993560016155243,1,1.4068324282878863,0.43979459860123926,118,control
3744,649.0,6551.0,649.1799485047601,6550.910016170915,0.20484519004821777,1,0.18710172322271199,0.22726360675375024,118,check
3745,542.0,6479.0,537.0,6481.0,0.13176731765270233,0,5.5300028601723925,,118,control
3746,466.0,6510.0,464.0,6512.0,0.1890515685081482,1,3.0407031648653877,,118,control
3747,498.0,6580.0,498.46998056358825,6579.860011068124,0.17309583723545074,1,0.4270452708226211,0.5404574775252364,118,control
3748,460.0,6467.0,460.22002619406555,6466.819955523776,0.2027953416109085,1,0.16834770896111975,0.6406632089853705,118,control
3749,589.0,6618.0,589.3800030270666,6618.070089663725,0.12709538638591766,1,0.44752448476022383,0.6740965600189583,118,control
3750,648.0,6461.0,645.6100518502325,6461.959943011458,0.13853073120117188,1,2.7202537861778664,0.5053336814433755,118,check
3751,602.0,6610.0,603.599796565026,6609.910051450534,0.1516093760728836,1,1.555995054473204,0.7170492469785049,118,check
3752,659.0,6463.0,661.3001573645832,6462.67993162175,0.10404155403375626,1,2.2442479994654634,1.8372323708859013,118,control
3753,584.0,6572.0,584.2700200527667,6572.199939157367,0.14600110054016113,1,0.4831159337765561,0.4854865033285086,118,control
3754,474.0,6500.0,473.6400133115799,6500.259984735382,0.22866439819335938,1,0.6501396297419756,0.44132643956586765,118,control
3755,565.0,6625.0,566.0,6625.0,0.14143900573253632,1,0.9782809802829843,,118,control
3756,664.0,6619.0,666.7500070835912,6618.389980094619,0.2049635946750641,0,2.728458829061915,0.3989400543191871,118,control
3757,532.0,6588.0,531.3399417059388,6588.880019154228,0.15310773253440857,1,1.3235732693836384,0.855503303469065,118,control
3758,470.0,6479.0,470.1400382070676,6478.999991128517,0.3058550953865051,1,0.24958934187584644,0.6856523479431658,118,control
3759,589.0,6487.0,588.0,6488.0,0.13756811618804932,1,1.6221359277181897,,118,control
3760,480.0,6637.0,479.0,6640.0,0.15738555788993835,0,3.4054505264843398,,118,control
3761,487.0,6527.0,484.0,6531.0,0.10731644183397293,0,5.2247279525487595,,118,control
3762,619.0,6637.0,624.3099774593584,6635.849965435061,0.16290703415870667,0,5.341462448888042,0.8932649257641982,118,check
3763,450.0,6613.0,449.0,6614.0,0.16152599453926086,1,1.6271979416637885,,118,control
3764,448.0,6534.0,447.9400751510772,6534.280109906339,0.2053922414779663,1,0.5323480798692225,0.36554288526139567,118,control
3765,466.0,6607.0,468.0,6604.0,0.1051398366689682,0,3.378143040337328,,118,control
3766,624.0,6527.0,435.0,6612.0,0.13659833371639252,0,207.381949921172,,118,control
3767,666.0,6438.0,664.7599633472247,6438.279995400405,0.1099022775888443,1,1.393748312196208,0.2135522686586416,119,control
3768,784.0,6591.0,783.7599720123945,6591.440032718936,0.11133205145597458,1,0.7200976694219369,0.3515084789659775,119,control
3769,669.0,6550.0,668.8200148051758,6550.340027464881,0.12006525695323944,1,0.6120363512757586,0.3818128415256894,119,control
3770,672.0,6580.0,668.979955326989,6579.110005222415,0.13670150935649872,1,3.14166495461569,0.3850236589178045,119,control
3771,708.0,6639.0,707.0000071178181,6639.3100306545075,0.12552319467067719,1,1.175542034368676,1.1630591158026624,119,control
3772,709.0,6558.0,704.0,6565.0,0.10039915889501572,0,8.814913610935136,,119,control
3773,666.0,6540.0,661.0,6542.0,0.11862900853157043,0,5.521920048237938,,119,control
3774,721.0,6611.0,723.0099134873193,6610.730032729755,0.1344790756702423,1,1.9626052464817365,0.7858931144597694,119,control
3775,772.0,6552.0,770.1301505089442,6553.770069465818,0.14874140918254852,1,2.7654957724473035,0.8801592396275288,119,control
3776,681.0,6555.0,678.0,6557.0,0.18845295906066895,0,3.777318341521032,,119,check
3777,774.0,6605.0,774.1000010246272,6605.470024577784,0.12933824956417084,1,0.6929280191077257,0.6786999532040547,119,control
3778,710.0,6576.0,710.3100292103128,6576.139986662427,0.1901080310344696,1,0.44734275589953854,0.7182156321473534,119,control
3779,803.0,6540.0,803.0799465517218,6540.529987594717,0.1417132019996643,1,0.7484473759316347,0.5051527370925072,119,check
3780,797.0,6522.0,798.6199407168314,6520.770071356391,0.1213555783033371,1,1.8664560923172482,0.9040216417180933,119,control
3781,742.0,6636.0,744.0,6634.0,0.10938693583011627,0,2.6409859036088417,,119,control
3782,734.0,6575.0,734.0,6576.0,0.17832417786121368,1,1.2237258722633153,,119,control
3783,675.0,6636.0,673.0,6637.0,0.11771555989980698,1,2.3870763186160686,,119,control
3784,696.0,6581.0,688.2301970951189,6579.130088614874,0.11603621393442154,0,7.991238835268181,1.0129066866318115,119,control
3785,694.0,6522.0,689.0600913458754,6523.500002200995,0.15802720189094543,0,5.282995419235435,3.8549785145106323,119,control
3786,705.0,6533.0,702.0,6535.0,0.11732841283082962,0,3.776905122837113,,119,check
3787,683.0,6525.0,681.9800073874138,6525.370027782585,0.12680873274803162,1,1.2275315342369453,0.5360085425414108,119,control
3788,740.0,6585.0,735.0901722646823,6588.139953445942,0.11200928688049316,0,5.9915204353388845,2.1472287418725586,119,control
3789,697.0,6546.0,691.6399371462186,6550.030060011731,0.10952944308519363,0,6.8843947212838295,1.6244206919393467,119,control
3790,697.0,6566.0,691.9300438924622,6570.659771617551,0.10192389041185379,0,7.077077036928309,1.9236620497209962,119,check
3791,674.0,6517.0,672.9500539722956,6517.290020711582,0.1264599710702896,1,1.2186565623934067,0.4280617983864684,119,control
3792,697.0,6532.0,695.0,6533.0,0.11347785592079163,1,2.390341868536273,,119,control
3793,839.0,6595.0,835.9700728561107,6598.679904422111,0.14805737137794495,0,4.964852043508176,1.0704262421945487,119,control
3794,829.0,6535.0,826.0,6542.0,0.10492976754903793,0,7.834577180733588,,119,control
3795,803.0,6556.0,802.0600356749633,6556.589964091437,0.18967927992343903,1,1.2776362715929184,0.6976073694044626,119,control
3796,747.0,6536.0,749.350009724024,6535.550112456203,0.1146344393491745,1,2.309539074911211,3.1928634788992327,119,check
3797,807.0,6564.0,806.1299973192165,6564.700014669085,0.12701204419136047,1,1.2990751581086264,0.7992400516735497,119,control
3798,791.0,6603.0,793.6199621396916,6602.999961968898,0.12184520065784454,0,2.582388286050234,1.2619383404950772,119,control
3799,711.0,6508.0,710.2899857751833,6508.12999721606,0.12471339851617813,1,0.8417662114191427,0.7348711079103898,119,control
3800,680.0,6628.0,677.0,6628.0,0.13265201449394226,1,3.056161068066418,,119,control
3801,778.0,6565.0,780.0,6565.0,0.148379847407341,1,1.9628634126704936,,119,check
3802,710.0,6596.0,711.7100065912149,6595.609969908091,0.11660143733024597,1,1.6692677128877762,0.7748608796756302,119,check
3803,756.0,6554.0,758.9298251962728,6554.0200396520795,0.13330590724945068,0,2.8893342195498124,2.8679166052110237,119,control
3804,688.0,6590.0,688.9499356495606,6589.84011607751,0.143350288271904,1,0.9025743452446817,0.7495604443470624,119,check
3805,668.0,6564.0,667.9399897710115,6564.249943847531,0.17753684520721436,1,0.48931630190746317,0.28965961062571804,119,control
3806,738.0,6617.0,741.2698155584625,6616.490066705626,0.11637220531702042,0,3.2354143777523845,1.6448614603251657,119,control
3807,697.0,6615.0,698.8500165670746,6615.040041102398,0.15359652042388916,1,1.8214308367472616,0.7050689389439159,119,control
3808,816.0,6562.0,819.8900624146848,6559.730044971662,0.14022167026996613,0,4.355143513810397,0.73377935958863,119,control
3809,489.0,6676.0,492.40990097758606,6675.2200595137065,0.16843274235725403,0,3.4046460256611955,0.4300715502825756,122,control
3810,486.0,6831.0,487.28998907620024,6830.8100114326435,0.20214520394802094,1,1.2518422096018615,0.3282551368184073,122,control
3811,493.0,6705.0,495.0999981362373,6704.750012138274,0.18445757031440735,1,2.0533683841378667,0.1869926260781727,122,control
3812,649.0,6781.0,650.390029885595,6780.730005702679,0.35272496938705444,1,1.3515043922596734,0.11085014324646933,122,control
3813,663.0,6751.0,663.8799549213024,6751.57998331024,0.21759989857673645,1,1.1667200353129286,0.44364147516391855,122,control
3814,460.0,6845.0,461.1099956288334,6844.950003356066,0.14017704129219055,1,1.0885717881379589,0.5440120599824201,122,control
3815,538.0,6844.0,539.2698166931871,6843.380071592576,0.16405513882637024,1,1.2896873108202094,0.6961292059456788,122,check
3816,629.0,6770.0,630.2999014287949,6769.650039275448,0.21314698457717896,1,1.2652213914876589,0.2124927692660292,122,control
3817,650.0,6849.0,652.0200033408917,6848.590018421311,0.3289925456047058,1,1.9929158338066995,0.378617042342523,122,check
3818,469.0,6769.0,470.38997297680146,6768.939962261901,0.16236773133277893,1,1.3589610363476383,0.3356331649069412,122,check
3819,612.0,6655.0,611.0,6657.0,0.1503143459558487,1,2.4651809600457573,,122,control
3820,600.0,6691.0,601.0,6693.0,0.15187299251556396,1,2.4285077900668206,,122,control
3821,482.0,6726.0,482.15001015053224,6726.370073963073,0.2522348165512085,1,0.6196875481861969,0.513081534111773,122,control
3822,514.0,6722.0,516.7198834916268,6721.580046717911,0.10768359154462814,0,2.680800677136261,0.5112992778257447,122,control
3823,607.0,6805.0,608.0,6805.0,0.313258558511734,1,0.9897996900453773,,122,control
3824,476.0,6778.0,478.00994584479844,6777.899970434694,0.18341901898384094,1,1.9724598315341475,0.21633338677305453,122,control
3825,526.0,6707.0,528.3999524507112,6706.580077528038,0.12170468270778656,1,2.3611063350261188,0.3892255006352394,122,check
3826,536.0,6683.0,538.1599022843974,6683.170014729305,0.19999800622463226,1,2.1515552447403086,0.7418401840126403,122,check
3827,515.0,6851.0,515.9999462890667,6850.899970331538,0.25482872128486633,1,0.9727554760964471,0.8166459684251604,122,control
3828,486.0,6859.0,486.399897295583,6858.620041639821,0.19894197583198547,1,0.38729284261789076,0.5336283884915195,122,control
3829,624.0,6848.0,625.0401163730992,6848.160105953447,0.1667846292257309,1,1.0793434590743658,0.373397689870315,122,control
3830,598.0,6748.0,598.8399609278035,6748.1700011126095,0.20980152487754822,1,0.8944631389485855,1.0031309980716765,122,control
3831,574.0,6825.0,575.5100588718344,6824.709953086595,0.2531515955924988,1,1.4731199170953273,0.5186917051168483,122,control
3832,465.0,6833.0,466.82992457885086,6832.430044200981,0.22483500838279724,1,1.8198495107620276,0.6130554255497286,122,control
3833,508.0,6808.0,511.07991161532306,6807.610038783072,0.24093566834926605,0,3.043403429421169,0.6554072949307811,122,control
3834,542.0,6808.0,542.7700524786997,6808.209977982083,0.30697134137153625,1,0.8573247177896021,0.3911736275986298,122,control
3835,597.0,6766.0,599.6199746216623,6765.790015725353,0.21889105439186096,0,2.579136317934433,0.5177740032102967,122,control
3836,466.0,6732.0,468.7198278207146,6731.670008608352,0.23050034046173096,0,2.6757292937736636,1.1736851722023536,122,control
3837,594.0,6702.0,596.6800164860325,6701.7800064728835,0.18263164162635803,0,2.635199532505278,0.7109205561022619,122,control
3838,601.0,6852.0,601.3298967949731,6851.970025368335,0.18810100853443146,1,0.35915503576155566,0.2661891258021782,122,control
3839,480.0,6799.0,482.4499852689257,6798.490027299735,0.2444971650838852,1,2.423548365657198,0.3224237507775916,122,check
3840,572.0,6652.0,572.8700020618428,6652.359982665305,0.23882918059825897,1,1.0138484522560485,0.502954994435742,122,control
3841,661.0,6696.0,661.7600228349379,6696.820049947888,0.12609796226024628,1,1.2705211067913569,0.6073149484596436,122,check
3842,633.0,6741.0,634.6299713921609,6741.060003833268,0.21382740139961243,1,1.6148189670700306,0.3197023151747023,122,control
3843,612.0,6828.0,612.8299555952918,6827.729976130432,0.2894384562969208,1,0.7937513759745084,0.3755665242538548,122,control
3844,574.0,6697.0,577.8998026304545,6696.030138067665,0.13563251495361328,0,3.9237786475610785,1.4378686782256604,122,control
3845,540.0,6665.0,538.5100070177232,6665.429931414961,0.17067059874534607,1,1.6762007289093825,0.9385130007043108,122,control
3846,471.0,6802.0,473.1799850916674,6801.669972090851,0.25766268372535706,1,2.1404932403326455,0.33473685082583643,122,control
3847,469.0,6719.0,471.22005435586743,6719.090076809002,0.20280727744102478,1,2.1989001688306775,0.6371228993464875,122,control
3848,640.0,6741.0,641.7000025997414,6741.039950701401,0.14312633872032166,1,1.6804500804189755,0.3670539837927667,122,control
3849,569.0,6849.0,569.6199637902,6848.839969077189,0.23981614410877228,1,0.5885783996595133,0.17545472890970035,122,control
3850,598.0,6649.0,600.0,6648.0,0.19995847344398499,1,2.0975793505463267,,122,control
3851,661.0,6806.0,662.2699902742071,6805.780012559134,0.3682001233100891,1,1.2327110636367118,0.18083471024674794,122,control
3852,564.0,6793.0,568.0,6793.0,0.12936314940452576,0,3.9671400730584603,,122,check
3853,516.0,6793.0,517.0,6793.0,0.13767611980438232,1,0.9886295541168071,,122,control
3854,611.0,6685.0,613.5598978208933,6684.880076166178,0.21153616905212402,1,2.5168622243876735,0.8018112342109931,122,check
3855,718.0,6772.0,719.9999569142153,6771.870016091165,0.3215058445930481,1,1.9641335304393548,0.1599555381890491,123,control
3856,672.0,6811.0,673.0499994291674,6810.840007624076,0.36177244782447815,1,1.0156625105977284,0.15110062114981043,123,check
3857,820.0,6735.0,824.8298106581069,6735.859956875158,0.16752342879772186,0,4.911742810458342,1.0643631050893338,123,control
3858,735.0,6790.0,736.1900301057898,6789.569966321012,0.22791174054145813,1,1.1709480378047152,0.40275820032933773,123,check
3859,732.0,6830.0,732.7100592705804,6829.809995133871,0.20434477925300598,1,0.6765963479569426,0.23416117718586218,123,control
3860,727.0,6850.0,727.6900177954296,6849.610014128601,0.25718188285827637,1,0.6761729116073637,0.1887079529994482,123,control
3861,714.0,6813.0,714.9700031896268,6812.820007687358,0.43135806918144226,1,0.9353789643911368,0.08335852265394858,123,control
3862,668.0,6738.0,670.3499870295316,6738.750014717193,0.18044313788414001,0,2.5080630991059576,0.5064840848650333,123,control
3863,738.0,6820.0,738.5799029848563,6819.599900789032,0.14734286069869995,1,0.5716632564790595,0.27233175932040943,123,control
3864,680.0,6781.0,681.6700178587118,6780.690010368141,0.357771635055542,1,1.6335257799491578,0.2536037527656903,123,control
3865,709.0,6791.0,710.4999800560378,6790.78001493174,0.40613120794296265,1,1.4627128058699603,0.1149335067436508,123,control
3866,774.0,6787.0,773.170030169072,6787.649962560552,0.10430915653705597,1,1.2308648129559594,0.5940905726031217,123,control
3867,742.0,6724.0,745.6699645604057,6723.549982476752,0.16546279191970825,0,3.6363032941103373,0.7716148298354323,123,control
3868,742.0,6752.0,744.4499042551955,6751.730081695477,0.2721691429615021,0,2.411342835157016,0.5613121498797567,123,control
3869,842.0,6742.0,841.0,6744.0,0.17198646068572998,1,2.4501092369729247,,123,check
3870,765.0,6746.0,768.0,6746.0,0.1379312425851822,0,2.96960591691199,,123,control
3871,766.0,6850.0,767.0900900130707,6849.5000025104655,0.15902185440063477,1,1.092330004618476,0.8476170467846351,123,control
3872,770.0,6682.0,666.8497820203958,6966.549837573318,0.1015491634607315,0,302.89883834815146,1.4496932218831924,123,control
3873,702.0,6859.0,702.2300113415985,6858.910095224665,0.25037071108818054,1,0.2415295211753473,0.2078421755228323,123,check
3874,754.0,6724.0,756.68997326545,6723.620024000011,0.14742475748062134,0,2.654129294830328,0.8139796415105096,123,control
3875,669.0,6839.0,670.1898934211475,6838.899982607195,0.2856474220752716,1,1.1621829950758598,0.48229008377065635,123,check
3876,694.0,6799.0,695.2099920114053,6798.8700079417795,0.3807781934738159,1,1.1770922654133888,0.12427370411549606,123,control
3877,708.0,6714.0,710.0,6714.0,0.21769607067108154,1,1.971191000521834,,123,control
3878,724.0,6728.0,727.2299425697747,6727.270000693042,0.14956660568714142,0,3.2287365146626907,0.5209934313636496,123,control
3879,685.0,6693.0,689.8399684582487,6691.440033544191,0.13114210963249207,0,4.977931332519723,1.0913218219743468,123,control
3880,731.0,6734.0,731.0,6735.0,0.17592684924602509,1,1.2266600158700396,,123,control
3881,680.0,6802.0,681.6900186206839,6801.530017682747,0.36060062050819397,1,1.6701045050117869,0.2199421477745587,123,check
3882,839.0,6718.0,838.2700359389113,6719.660007574675,0.1069633737206459,1,2.030535180106186,0.8659274010445515,123,control
3883,696.0,6738.0,698.8800488296305,6737.089984448026,0.15463551878929138,0,2.9200815390344643,0.8827477511898418,123,control
3884,773.0,6825.0,773.9599435272411,6824.339950371109,0.18701399862766266,1,1.0229472850327912,0.5692769411943426,123,control
3885,717.0,6703.0,720.1899607487762,6702.680070919063,0.17224420607089996,0,3.1489757585939318,0.7827053232622193,123,control
3886,691.0,6826.0,691.6299385188978,6825.940063906988,0.3166632056236267,1,0.6182759764332638,0.4185192208388892,123,control
3887,782.0,6752.0,781.9800066653163,6752.440024672707,0.14113187789916992,1,0.6658549130448542,1.3326658065267216,123,check
3888,765.0,6764.0,767.0,6764.0,0.17679747939109802,1,1.9749964087470493,,123,control
3889,705.0,6829.0,706.4399395327058,6828.660029959697,0.37133875489234924,1,1.4091934533795865,0.3410537477717914,123,control
3890,715.0,6737.0,717.8398899896874,6739.739897251354,0.2530965507030487,0,4.079214654478697,0.676606346618873,123,control
3891,744.0,6735.0,750.0,6737.0,0.1965179443359375,0,6.361981912662253,,123,check
3892,725.0,6645.0,649.0,6934.0,0.121548593044281,0,299.0607253233082,,123,control
3893,747.0,6800.0,747.5500313393164,6799.90004422745,0.167816162109375,1,0.5293046558512214,0.5505688068783379,123,control
3894,691.0,6776.0,696.0,6779.0,0.14440059661865234,0,5.919867407785296,,123,control
3895,790.0,6821.0,791.1300060875432,6820.850052431884,0.10535518825054169,1,1.098596178798124,0.8496027604588461,123,control
3896,502.0,6975.0,500.2999867751099,6974.990003538972,0.21575547754764557,1,1.7461810354717031,0.36059875287955756,126,control
3897,595.0,6926.0,594.3399859264481,6925.900007950013,0.3167305290699005,1,0.7050918654129399,0.08747824736573238,126,check
3898,623.0,6900.0,622.169993891635,6899.860007973421,0.261469304561615,1,0.8677786088006018,0.23183047301448198,126,control
3899,569.0,6950.0,568.2999536955333,6949.8900627241555,0.20647487044334412,1,0.7420499087086283,0.17170876731981322,126,control
3900,561.0,7017.0,559.9799551206754,7017.130004333878,0.24987773597240448,1,1.1107618166218385,0.4246783140791862,126,check
3901,499.0,6957.0,498.2699982172794,6957.010046767788,0.25593146681785583,1,0.8028200237665493,0.1525387816601339,126,control
3902,466.0,6922.0,465.8599092167237,6921.789984089972,0.22360235452651978,1,0.1778857733593618,0.2793505037914322,126,control
3903,636.0,6987.0,634.5500503201646,6988.060125972804,0.19419871270656586,1,1.9654597528316455,0.5537877506246508,126,control
3904,577.0,6868.0,576.1500001443243,6868.340030869055,0.1905916929244995,1,1.0572049740854033,0.5035874695553324,126,control
3905,630.0,7020.0,628.5899390580894,7020.060058163142,0.25767409801483154,1,1.465763709990461,0.26009046659296264,126,control
3906,633.0,6929.0,632.2000473013316,6928.860042394035,0.2787463963031769,1,0.8359927508884478,0.08067768055162239,126,control
3907,641.0,6930.0,640.2199923923914,6929.790011599082,0.33285409212112427,1,0.8107271121887426,0.10329818258323907,126,control
3908,458.0,6910.0,457.449948372548,6909.760070046994,0.18234895169734955,1,0.5851769392401068,0.33424893034475306,126,control
3909,521.0,7031.0,520.169871855256,7030.770087345692,0.2062409371137619,1,0.8568643980023033,0.28810668855124205,126,control
3910,469.0,7073.0,468.4199374296955,7072.950016869604,0.29064109921455383,1,0.6368379800233663,0.1784380235791961,126,check
3911,525.0,6865.0,526.3499445626876,6864.560033473967,0.1832847148180008,1,1.3284968884423354,1.0127174736376863,126,control
3912,632.0,7055.0,631.1399932644609,7055.049999222854,0.3041014075279236,1,0.9288514203105603,0.5959351306029776,126,control
3913,550.0,7047.0,551.680052041372,7047.639957950138,0.21678900718688965,1,1.8757952091855934,1.076469546808434,126,control
3914,580.0,7045.0,579.0,7045.0,0.3110947906970978,1,1.0526114490822869,,126,check
3915,579.0,6919.0,578.750112958106,6918.7400327675205,0.15013833343982697,1,0.28287503436650924,0.22617480944583715,126,control
3916,585.0,7014.0,583.6799712339555,7013.860013234416,0.31414252519607544,1,1.3501466315011446,0.13595128251573246,126,control
3917,457.0,6981.0,455.16995451949464,6981.370040058242,0.2002847045660019,1,1.9606348825130018,0.5346875041377949,126,control
3918,619.0,7064.0,618.4599373031311,7063.790024390523,0.27199453115463257,1,0.563533378609311,0.5619157732790662,126,control
3919,541.0,6953.0,540.8899125259742,6952.340004391513,0.21075217425823212,1,0.44147255083231723,0.7699153518272952,126,control
3920,452.0,7015.0,451.3999398655837,7014.800023327314,0.20680326223373413,1,0.6308224634048061,0.627133994010518,126,control
3921,658.0,7024.0,656.8100111231727,7023.740009590995,0.24037405848503113,1,1.2145913898611314,0.2190033936725351,126,control
3922,650.0,6951.0,649.5299959166651,6950.41988763872,0.24855032563209534,1,0.6065897365843792,0.4707035479096674,126,control
3923,571.0,6979.0,568.8499660540016,6978.630025206251,0.2449801117181778,1,2.1826687502373883,0.8039875649133266,126,control
3924,489.0,6890.0,489.2599025869271,6889.710036197212,0.1613006293773651,1,0.22898507234646376,0.26255175145269555,126,control
3925,452.0,6884.0,451.0,6883.0,0.2840142846107483,1,1.282187128498148,,126,check
3926,650.0,6916.0,650.0299480509655,6915.599983969055,0.30597397685050964,1,0.16563701001694756,0.33122739814681373,126,control
3927,498.0,7064.0,497.5500308235325,7063.950042006109,0.2873673439025879,1,0.5140587201171467,0.5209276725966185,126,control
3928,561.0,7060.0,559.9400036971772,7059.900003823742,0.2834146022796631,1,1.0934255774964965,0.04396536206454627,126,control
3929,494.0,7021.0,489.0,7018.0,0.12287605553865433,0,5.7327969683825835,,126,control
3930,526.0,6966.0,525.4599384378557,6965.680029277473,0.3009244203567505,1,0.5756673145573492,0.3920560844045017,126,control
3931,547.0,6944.0,546.7800159633081,6943.400024386645,0.200606569647789,1,0.4381094206563777,0.7405522551635979,126,control
3932,528.0,6982.0,527.8999927859658,6981.129948766123,0.28239086270332336,1,0.6402863727827794,0.8710051602631853,126,check
3933,646.0,6887.0,645.8800027522991,6886.249987655413,0.30430731177330017,1,0.5381114476500196,0.20486557272169612,126,control
3934,602.0,6902.0,601.4799718667773,6901.659975629823,0.2275768369436264,1,0.5623118592185138,0.6437300541295754,126,control
3935,470.0,6951.0,470.0,6951.0,0.21776610612869263,1,0.24799349652221503,,126,control
3936,534.0,7072.0,535.0,7073.0,0.261470764875412,1,1.5815820150295454,,126,control
3937,632.0,6967.0,630.7699215708371,6966.980019147287,0.27676841616630554,1,1.2768570178313154,0.3055456776548303,126,control
3938,654.0,7049.0,653.0599974375474,7048.990001063209,0.2665112316608429,1,0.9892788066041728,0.19613591673837838,126,check
3939,608.0,7029.0,609.2099223111707,7027.319909411742,0.1365451216697693,1,1.8656245567728553,0.8539475006127165,126,check
3940,595.0,6878.0,595.2499896153918,6877.930005688797,0.2830580770969391,1,0.2727345491985542,0.21429546847537062,126,control
3941,548.0,7005.0,544.0,7005.0,0.20089560747146606,0,4.034986613350193,,126,control
3942,461.0,7043.0,460.0199188198309,7043.170057711933,0.19145497679710388,1,1.0905496910414332,0.39836657588275176,126,check
3943,526.0,6914.0,526.0,6914.0,0.14012722671031952,1,0.24409992451840326,,126,control
3944,535.0,6913.0,534.0600616704726,6911.070076047031,0.10597420483827591,1,1.9491654947362569,1.9565335270459594,126,check
3945,591.0,7064.0,589.9500029434387,7063.930002594094,0.25049081444740295,1,1.0867782443552367,0.23727303832692043,126,control
3946,740.0,6889.0,741.0200039598324,6888.53002108692,0.21814605593681335,1,1.0182447050613568,0.21043442332395976,127,control
3947,765.0,6993.0,763.5999733439063,6993.000006189407,0.13617689907550812,1,1.4424603991752687,0.28357334442949594,127,control
3948,692.0,6999.0,691.3699751032193,6998.819967386807,0.24170444905757904,1,0.6573922027001722,0.3152641022206835,127,check
3949,670.0,7047.0,668.5998650967854,7046.879943298337,0.11614976823329926,1,1.4275864823504343,0.21648240519836942,127,control
3950,733.0,6870.0,733.8400029820203,6869.399980578763,0.16764938831329346,1,0.8892333950233141,0.27334360294066445,127,control
3951,779.0,6926.0,779.0,6926.0,0.17741844058036804,1,0.22855261562591772,,127,control
3952,834.0,7056.0,832.6799810338498,7055.910055439898,0.22320252656936646,1,1.3459343981657492,0.23106970390270498,127,control
3953,683.0,7027.0,681.5198884570336,7026.960027772582,0.22553421556949615,1,1.5163543842309224,0.3103027332561038,127,control
3954,733.0,6937.0,732.0299663097161,6936.830062604531,0.24362798035144806,1,0.9999430506292245,0.2479940073946098,127,control
3955,796.0,7052.0,795.1000103087378,7052.5700645619245,0.17086249589920044,1,1.2180896293582775,0.5603857687219804,127,control
3956,839.0,7003.0,835.8599238649869,7003.37004717606,0.1780722439289093,1,3.21766017762152,1.0807633549359765,127,control
3957,821.0,6921.0,821.0,6922.0,0.10247847437858582,1,1.2245566890937332,,127,control
3958,722.0,7025.0,715.0802306493119,7023.830001226245,0.1554448902606964,0,7.005989381251539,1.0239224081232994,127,control
3959,709.0,6916.0,708.2599467042796,6915.740024548729,0.19513198733329773,1,0.7704425477267582,0.21765334029145794,127,check
3960,818.0,7027.0,816.209992630346,7026.810010607389,0.14763705432415009,1,1.811448083063579,0.5438242518430767,127,control
3961,723.0,7062.0,722.4700023990755,7062.049903457703,0.13270244002342224,1,0.6191449401495478,0.579232165979482,127,control
3962,785.0,6878.0,786.220017356333,6877.3701191119935,0.12829147279262543,1,1.256271363010622,1.398860272527276,127,check
3963,696.0,6983.0,694.6099756848712,6982.730018287806,0.3401649296283722,1,1.416595487837969,0.17190637689553692,127,control
3964,667.0,7054.0,665.8399636098799,7053.910012663584,0.24637801945209503,1,1.1914155680176608,0.30736364836781477,127,control
3965,703.0,6958.0,701.0,6958.0,0.2731528580188751,1,2.0406953903699594,,127,control
3966,752.0,6883.0,750.8099643237439,6882.970009688504,0.15490493178367615,1,1.2369139076579008,0.31379106804970563,127,control
3967,718.0,7044.0,718.0,7048.0,0.16823996603488922,0,4.232946438328028,,127,control
3968,736.0,7027.0,736.0199315081153,7026.940112356925,0.1507229506969452,1,0.1715323517356262,0.6654937839800575,127,control
3969,723.0,6868.0,724.0100765463474,6867.1499283809535,0.17262491583824158,1,1.1582273627639956,0.3394600705124992,127,control
3970,839.0,6990.0,836.310022917749,6991.749959562065,0.1043781191110611,0,3.3553428349836163,1.2559632087931696,127,check
3971,840.0,6925.0,840.0,6932.0,0.14787019789218903,0,7.223356708715528,,127,control
3972,788.0,6982.0,786.829963641521,6981.950010783354,0.1291024535894394,1,1.2074865327989013,0.2093945846668688,127,control
3973,683.0,6919.0,682.6499751456797,6918.610024031652,0.2772289514541626,1,0.4115217516512989,0.3987221209465269,127,control
3974,702.0,6923.0,701.1400476974917,6923.080032001194,0.21099017560482025,1,0.9424562347948502,0.34465895489539805,127,control
3975,806.0,7043.0,801.2600620354677,7045.479916299022,0.15677423775196075,0,5.476432335052326,0.9190031899150459,127,control
3976,730.0,7013.0,730.4701249512385,7012.089826306773,0.10854187607765198,1,0.8124264799467826,1.0616787499546065,127,check
3977,713.0,7014.0,712.3800966259242,7013.610089468708,0.19899223744869232,1,0.6627443475871914,0.6988421282623434,127,control
3978,832.0,7020.0,829.6800112250365,7020.289983815204,0.16435416042804718,1,2.3972985280024384,0.35657342659614,127,check
3979,688.0,6879.0,689.4399324148877,6878.349999305189,0.19897308945655823,1,1.468442718997816,0.8086238191099259,127,control
3980,780.0,7068.0,779.0,7068.0,0.16094259917736053,1,1.044870453003335,,127,control
3981,850.0,7048.0,847.0,7048.0,0.2587439715862274,0,3.027582614945899,,127,check
3982,784.0,7018.0,783.0099572952014,7017.790019748468,0.23412704467773438,1,1.0124704755867642,0.4322279242299211,127,control
3983,823.0,6977.0,824.3001861115749,6982.1998537773015,0.13355883955955505,0,5.573261309661564,1.9365524194086958,127,check
3984,790.0,6966.0,790.5600966415744,6965.139924183167,0.14208778738975525,1,0.8288087358292012,1.7480599327875097,127,control
3985,849.0,7058.0,845.0,7059.0,0.2548452317714691,0,4.201284732083214,,127,control
3986,762.0,6957.0,761.2199921860779,6956.810010710546,0.2014409750699997,1,0.8072707069661852,0.4127279103253711,127,control
3987,728.0,6953.0,727.6000208654326,6952.700009201775,0.19387786090373993,1,0.43284697238588515,1.0592771757299244,127,control
3988,736.0,7040.0,736.1599380798011,7039.70016889038,0.1411556601524353,1,0.15399814055816055,1.2412003412255979,127,check
3989,835.0,7029.0,833.7700104244828,7028.979998515931,0.1733810007572174,1,1.2673713423364223,0.20655128407368473,127,control
3990,687.0,6958.0,685.7800116307232,6957.820005727379,0.23218315839767456,1,1.2488716552798858,0.5038566484078864,127,control
3991,676.0,6913.0,673.3800193614935,6918.099756711805,0.2348286658525467,0,5.955084416602408,1.9241433226457776,127,control
3992,710.0,7077.0,708.0,7079.0,0.22974102199077606,1,3.011942922969924,,127,control
3993,676.0,6871.0,677.5700269434493,6870.240029328644,0.33105432987213135,1,1.625069686737362,0.5039695390462772,127,control
3994,806.0,7064.0,806.0,7064.0,0.22459645569324493,1,0.2287191080488852,,127,control
3995,602.0,7105.0,601.239901824955,7104.870028882607,0.30872872471809387,1,0.7885408563690194,0.14791849045527677,130,control
3996,512.0,7091.0,510.81995593640335,7090.739975583007,0.2612428069114685,1,1.2033232933077211,0.14841504559913238,130,control
3997,624.0,7152.0,624.0399976039864,7152.059997747017,0.24394726753234863,1,0.30141050272753045,0.25251036160413765,130,control
3998,462.0,7230.0,463.0,7230.0,0.15451712906360626,1,1.015903395585385,,130,check
3999,471.0,7112.0,470.56002119831055,7111.840002569394,0.3113643527030945,1,0.47117668520542794,0.28737417994484815,130,control
4000,579.0,7303.0,580.0799084174628,7302.920025010757,0.20317919552326202,1,1.0836031189361153,0.48169329993661875,130,control
4001,531.0,7174.0,531.5999990299454,7174.5101168121955,0.19598723948001862,1,0.9547362438573213,0.5179459659014225,130,control
4002,570.0,7237.0,571.0799181142004,7236.98006677197,0.11078882217407227,1,1.090233286999912,0.834540413800275,130,check
4003,464.0,7221.0,465.909972053562,7219.790063143723,0.21190209686756134,1,2.1224321997024056,0.6333387662603145,130,control
4004,489.0,7247.0,490.309979522494,7246.649974320426,0.19826340675354004,1,1.299553082291367,0.36770461828628026,130,control
4005,455.0,7290.0,461.0,7290.0,0.12530390918254852,0,5.993122662570023,,130,control
4006,625.0,7118.0,624.859921389224,7117.610036513623,0.29091671109199524,1,0.21899613887004415,0.41330328729456406,130,control
4007,616.0,7205.0,618.1799583046545,7203.960058376396,0.14654725790023804,0,2.3079981717605795,1.2746668900619538,130,control
4008,491.0,7256.0,491.95997591847106,7256.200089871332,0.15172885358333588,1,1.0481349877775326,0.5279766280485475,130,control
4009,579.0,7142.0,579.9798672985976,7143.030029407917,0.25345221161842346,1,1.5951435371044165,0.9078824333170227,130,control
4010,464.0,7257.0,466.96995948490144,7256.750021112914,0.22819946706295013,0,2.9558613899372106,0.5240940884134245,130,control
4011,496.0,7219.0,496.70993640894693,7218.800070951997,0.20124706625938416,1,0.6959097646904678,0.3025564392430313,130,control
4012,583.0,7151.0,583.4999414059948,7151.22005012644,0.2311452180147171,1,0.6682143293398738,0.33616639428951983,130,control
4013,576.0,7249.0,578.0999860668936,7248.919960158891,0.17513874173164368,1,2.094110873553054,0.5032331919134547,130,control
4014,563.0,7249.0,564.3199908380991,7248.51002507016,0.14853841066360474,1,1.3298654681649287,0.3058094886927771,130,control
4015,589.0,7175.0,589.1799106799714,7175.27005491976,0.19625547528266907,1,0.5385166769636309,0.773959704965828,130,control
4016,619.0,7092.0,618.6199740027216,7091.850013059744,0.28755179047584534,1,0.41096716576861597,0.23457454878964573,130,check
4017,652.0,7156.0,651.4801610582224,7149.240185476167,0.17819954454898834,0,6.543013370926481,1.4107305311530312,130,control
4018,563.0,7196.0,563.0,7198.0,0.13062720000743866,1,2.245170850568468,,130,control
4019,528.0,7091.0,524.7200217236209,7091.100037095751,0.22738827764987946,1,3.320891573386098,1.2169030492675492,130,control
4020,578.0,7228.0,580.0,7228.0,0.14522746205329895,1,2.0013968783347935,,130,check
4021,569.0,7207.0,570.5100314658808,7207.060036706531,0.11462263017892838,1,1.5257451895858642,0.7822789298017252,130,check
4022,488.0,7128.0,486.0,7129.0,0.24726204574108124,1,2.3758121212897874,,130,control
4023,629.0,7167.0,632.5000343859118,7164.820047265812,0.15648153424263,0,3.987242026432075,0.969773346003384,130,control
4024,628.0,7294.0,627.2199642305895,7294.519890313855,0.10900487005710602,1,1.0974241588626021,0.8132651365602291,130,control
4025,517.0,7259.0,519.1899503299411,7258.690026047972,0.25586187839508057,1,2.1778431791181276,0.36058305129407237,130,control
4026,508.0,7111.0,507.43998344374467,7110.710017422677,0.25410890579223633,1,0.5836878313712025,0.10340108398794953,130,check
4027,511.0,7281.0,512.0300004208606,7280.8300078620305,0.2140088528394699,1,1.021347660044052,0.11844281590117443,130,check
4028,455.0,7087.0,454.71001453428715,7086.840004116745,0.2822725176811218,1,0.32698532455260315,0.2960556720698397,130,control
4029,572.0,7127.0,570.0,7127.0,0.3086850941181183,1,2.0344706040706733,,130,control
4030,589.0,7251.0,591.6500314355326,7250.46006480682,0.2156069278717041,0,2.654490130964183,0.7242523306306841,130,control
4031,473.0,7143.0,470.0,7143.0,0.22561879456043243,1,3.0311576168984975,,130,control
4032,532.0,7157.0,532.2500193939513,7157.34993228703,0.23704732954502106,1,0.6393765508253716,0.5481752385701832,130,control
4033,608.0,7253.0,611.0,7254.0,0.1269364207983017,0,3.2368643903473053,,130,control
4034,463.0,7173.0,464.0,7173.0,0.146773561835289,1,1.012319719813915,,130,control
4035,529.0,7226.0,531.119996216133,7224.850007901905,0.3070557713508606,1,2.290506445787717,0.7296839309065309,130,control
4036,522.0,7168.0,522.2499024122546,7166.7700334284455,0.20409362018108368,1,1.009904784577031,0.7089333697463368,130,control
4037,513.0,7197.0,512.0798609653425,7205.5198206473715,0.16627447307109833,0,8.81800023700577,1.0038428466086,130,control
4038,543.0,7211.0,543.0,7210.0,0.27221232652664185,1,0.7536083067974544,,130,check
4039,499.0,7187.0,506.0,7187.0,0.14926278591156006,0,6.986894042189747,,130,control
4040,664.0,7110.0,664.6898864749401,7109.420053516732,0.25854554772377014,1,0.7532621104902676,1.1254677886305886,130,control
4041,518.0,7157.0,519.6899731622932,7156.630023555743,0.2576218545436859,1,1.6754252019536213,0.9245016685972275,130,check
4042,574.0,7085.0,575.0,7088.0,0.20435619354248047,0,3.386508749135166,,130,control
4043,548.0,7285.0,549.0,7285.0,0.21099261939525604,1,1.0197270926848396,,130,control
4044,831.0,7297.0,835.2498165501557,7296.480066943581,0.16927950084209442,0,4.255131682187381,1.775079249287319,131,control
4045,828.0,7110.0,827.8500530508252,7109.809996578067,0.17915134131908417,1,0.17000153998529724,0.558275840184702,131,control
4046,792.0,7264.0,793.6900003619332,7264.29993904727,0.1387626677751541,1,1.764982139477245,0.4115090855015849,131,check
4047,792.0,7113.0,791.0,7113.0,0.16931051015853882,1,1.0420441786545482,,131,control
4048,720.0,7102.0,719.3099889097613,7101.740014748834,0.21254873275756836,1,0.708961455238827,0.08481771829185863,131,control
4049,751.0,7197.0,752.0,7197.0,0.15644735097885132,1,1.0151631312520952,,131,control
4050,827.0,7148.0,826.43005633973,7148.299926049515,0.17190352082252502,1,0.7871320425566605,0.7014200857904112,131,control
4051,839.0,7233.0,835.5099927126811,7236.510071456962,0.12409358471632004,0,5.1206879896741935,1.934845814638243,131,control
4052,728.0,7281.0,727.6599744950979,7281.630023246272,0.10308938473463058,1,0.9339670532220034,0.8390236672961906,131,control
4053,669.0,7139.0,668.339940674371,7138.980014711546,0.2395188808441162,1,0.7114053134035698,0.4286282235306621,131,control
4054,702.0,7158.0,703.0,7158.0,0.2383010983467102,1,1.012461420380725,,131,check
4055,799.0,7150.0,797.3599947346493,7149.96004991754,0.1428108513355255,1,1.6649546423781323,0.46443648512546204,131,control
4056,783.0,7208.0,781.2300403643098,7217.709816917737,0.1364676058292389,0,10.100359141994948,0.7822154934937353,131,control
4057,852.0,7087.0,848.609981977435,7087.1200453881675,0.21411356329917908,0,3.4243506580378105,0.3627919166732462,131,check
4058,798.0,7301.0,800.0,7303.0,0.17119166254997253,1,2.994462263695367,,131,check
4059,732.0,7164.0,731.7599413054238,7164.110102122289,0.16204728186130524,1,0.4282846181905373,0.4410417605929097,131,control
4060,850.0,7220.0,850.7799513177557,7220.3599476257505,0.13671058416366577,1,0.9699069934679087,0.4371656344207811,131,control
4061,786.0,7200.0,787.0,7202.0,0.1251412183046341,1,2.441025310264123,,131,control
4062,837.0,7283.0,838.0,7282.0,0.16221149265766144,1,1.2577138002143249,,131,control
4063,831.0,7265.0,827.6599441670037,7267.569892631413,0.1640499383211136,0,4.3636659944298435,1.2655778815047902,131,control
4064,790.0,7141.0,790.0500019049302,7140.600018286513,0.14207078516483307,1,0.1732276386381119,0.20937884551752614,131,control
4065,827.0,7243.0,827.95991828758,7242.480043320677,0.187147855758667,1,0.9951619543111457,0.7389596381457855,131,check
4066,672.0,7290.0,677.0,7290.0,0.17001527547836304,0,4.997765571246491,,131,check
4067,702.0,7221.0,702.7899660375346,7220.890013036336,0.12122447043657303,1,0.7886449368731454,0.22291330911100152,131,control
4068,837.0,7162.0,837.0799243730135,7161.679892077047,0.12334911525249481,1,0.11413018971406808,0.30593547993227466,131,check
4069,745.0,7234.0,748.0,7235.0,0.11692868173122406,0,3.2349944632522853,,131,control
4070,755.0,7150.0,755.450010851808,7150.010137478255,0.17392414808273315,1,0.49828525786779604,0.3207790820080401,131,control
4071,764.0,7194.0,765.9999693961861,7193.660069847621,0.15544506907463074,1,1.99080662308168,0.8040904171820866,131,control
4072,730.0,7293.0,732.6998966558205,7292.390099379516,0.13536585867404938,0,2.718847767561781,0.8229923080285729,131,control
4073,716.0,7132.0,717.0,7131.0,0.15831954777240753,1,1.246051315391166,,131,control
4074,732.0,7191.0,733.309943760841,7190.810021954635,0.19369101524353027,1,1.2978630964277902,0.35473894183023513,131,check
4075,736.0,7114.0,735.4299715091989,7111.909964007333,0.1382458657026291,1,1.9476854002818855,1.4078059869437147,131,control
4076,813.0,7096.0,803.0,7092.0,0.1042637974023819,0,10.703819493001701,,131,control
4077,770.0,7252.0,769.0499578907345,7251.560030379264,0.11744388937950134,1,0.9804748131887688,1.8720389211103807,131,control
4078,830.0,7159.0,829.8699696012068,7159.200044516098,0.13930845260620117,1,0.45160014572868656,0.25631476430333655,131,control
4079,758.0,7279.0,759.529937803741,7278.440040662009,0.20522096753120422,1,1.5571583347564226,0.5460502285243403,131,control
4080,712.0,7188.0,714.6100748541952,7186.730042083273,0.19892553985118866,0,2.7949720283391506,1.1248769800217662,131,control
4081,755.0,7297.0,756.0,7296.0,0.14756573736667633,1,1.2539398052476085,,131,control
4082,671.0,7092.0,669.7699810585503,7092.52007369477,0.14307039976119995,1,1.4612168800015337,0.5764133528681729,131,control
4083,709.0,7212.0,710.1899426963391,7211.429993172123,0.13352489471435547,1,1.2241657429482324,0.3570262726901591,131,check
4084,760.0,7124.0,759.0999911215761,7123.429981928034,0.2641560435295105,1,0.9767875400178105,1.0045109687228706,131,control
4085,747.0,7218.0,749.7899025267069,7216.739941162393,0.12321607768535614,0,2.962204324231391,0.9557629855741241,131,control
4086,780.0,7120.0,778.910052138881,7119.640004749567,0.1469525694847107,1,1.1137176072068073,0.9295153165261348,131,control
4087,732.0,7090.0,731.9400012214144,7089.139993161304,0.17483709752559662,1,0.6321021538454384,0.7975967236146257,131,control
4088,779.0,7234.0,780.0199476699795,7233.679980311752,0.17118634283542633,1,1.014334464880388,0.6430619003924145,131,control
4089,793.0,7174.0,794.0,7174.0,0.13733258843421936,1,1.0139390471246972,,131,control
4090,792.0,7092.0,789.4899965927642,7092.220084134427,0.23295269906520844,1,2.567338458747456,1.0756268107813087,131,control
4091,766.0,7110.0,765.9199274919413,7109.760074895363,0.20831842720508575,1,0.09753937120282874,0.6597973984820547,131,control
4092,497.0,7378.0,497.5899861669885,7377.800059398438,0.1910996288061142,1,0.5861110851572212,0.20921103904798402,134,control
4093,651.0,7344.0,651.6800154544648,7343.8800020302015,0.15655428171157837,1,0.685804722071829,0.208759293105963,134,control
4094,546.0,7500.0,544.8400025693932,7500.439978801689,0.224959596991539,1,1.3490213933113333,0.8706809421750678,134,check
4095,559.0,7314.0,558.3201105018721,7314.829935479719,0.17876894772052765,1,1.278900493662101,1.4207077541819924,134,check
4096,506.0,7343.0,506.3399966547535,7342.860054153909,0.18831366300582886,1,0.35002996882405024,0.29985024117259995,134,check
4097,612.0,7309.0,613.1699053474598,7308.8300299375815,0.1254841536283493,1,1.1641580102700415,0.46915163615815997,134,control
4098,588.0,7491.0,587.9599488913939,7490.819973473056,0.1893981546163559,1,0.07892250986834068,0.36046814248208514,134,check
4099,519.0,7454.0,519.2099936619139,7453.710015050071,0.16849134862422943,1,0.21202553214733613,0.3728828798151982,134,control
4100,626.0,7457.0,626.1299110444904,7456.450046407147,0.1789781004190445,1,0.33059599651768884,0.5560440163493663,134,control
4101,592.0,7401.0,589.6600246987006,7401.070037809614,0.11737068742513657,1,2.3644396894997084,0.7164244188759225,134,check
4102,624.0,7496.0,624.3600076986531,7496.009904100052,0.26555386185646057,1,0.4451293479247569,0.42699425344247716,134,control
4103,515.0,7360.0,515.9699933897324,7359.769965481876,0.2437717318534851,1,0.9632602388941849,0.5279144175840088,134,control
4104,611.0,7523.0,610.0899072510971,7522.990022004036,0.2193465381860733,1,0.9363546730617782,0.6862963641856572,134,control
4105,557.0,7460.0,557.5698906714341,7459.5300473919,0.19959226250648499,1,0.6105100558283953,0.31464745885844003,134,control
4106,585.0,7519.0,584.3398929465311,7519.300010810641,0.17567139863967896,1,0.8562637815098249,0.41557631237770765,134,control
4107,641.0,7411.0,641.2499479738021,7410.660027999717,0.1371293067932129,1,0.2661660163373366,0.2898623413878075,134,control
4108,607.0,7466.0,608.0,7465.0,0.19073082506656647,1,1.2523385066998152,,134,control
4109,599.0,7316.0,600.3099902507995,7315.610020524321,0.18440362811088562,1,1.3100525435962307,0.1220840718404837,134,control
4110,561.0,7523.0,560.5899733755474,7523.040004309178,0.1973731964826584,1,0.5001380575649105,0.2342901432222792,134,control
4111,492.0,7420.0,492.409938699218,7419.8700203205935,0.13868144154548645,1,0.42454139503047805,0.3348767414765857,134,check
4112,463.0,7490.0,464.6397956132074,7489.830055417307,0.13492171466350555,1,1.6419247326175128,1.910489536670162,134,control
4113,641.0,7509.0,640.5200018282429,7508.889911081779,0.22921787202358246,1,0.49477280092767106,0.2913027307604242,134,control
4114,536.0,7384.0,535.9599164307579,7384.660035323849,0.13507799804210663,1,0.9115366591191645,0.4569341560095241,134,control
4115,613.0,7411.0,613.4499800079298,7411.0000046420555,0.12995299696922302,1,0.5112120961172647,0.36752084415834035,134,control
4116,488.0,7326.0,489.5599634642627,7326.12995557447,0.14357468485832214,1,1.596826290013341,0.456537624227987,134,check
4117,516.0,7489.0,515.8199632605349,7489.030007126052,0.10249920189380646,1,0.3355284533104122,0.4353430758759994,134,control
4118,538.0,7445.0,538.0199231524158,7444.750076371199,0.22258423268795013,1,0.018548399196476207,0.25327596520721357,134,control
4119,621.0,7422.0,621.7799733933073,7421.220042699151,0.24933749437332153,1,0.94426411634497,1.0127779868226656,134,control
4120,588.0,7364.0,590.7299233479101,7362.98001873466,0.13058197498321533,0,2.832228070442505,1.1636113409125959,134,control
4121,619.0,7387.0,619.7499600778488,7386.639979303593,0.11199925094842911,1,0.7553820546911135,0.4131113351659349,134,control
4122,555.0,7426.0,555.0,7431.0,0.20246568322181702,0,5.2501449456797715,,134,control
4123,473.0,7477.0,473.1501082882884,7477.4700933158565,0.12907098233699799,1,0.7412594238665999,1.047610285792087,134,control
4124,453.0,7449.0,453.250030534884,7449.269980267999,0.16145667433738708,1,0.5817248549910459,0.9517449324178001,134,check
4125,520.0,7306.0,522.1300016518014,7305.28003332835,0.20639993250370026,1,2.171433287186288,0.518241322594607,134,control
4126,485.0,7458.0,485.64997916879423,7457.220041358113,0.11875263601541519,1,0.8342822820239885,0.587525664229432,134,control
4127,506.0,7438.0,505.0,7438.0,0.21260592341423035,1,1.033986609957895,,134,control
4128,541.0,7433.0,540.9600356819038,7433.019943956335,0.2077309936285019,1,0.27421283641209343,0.20142660772758111,134,control
4129,654.0,7473.0,652.8599327027194,7472.819883587843,0.141042098402977,1,1.1394318604178555,0.4474340366528372,134,control
4130,590.0,7337.0,591.1199427115132,7336.729979121979,0.12345461547374725,1,1.1133209182550912,0.4662875045942521,134,control
4131,465.0,7405.0,466.3199918696669,7405.410029512843,0.11472993344068527,1,1.4733992695399902,1.1070978107714091,134,control
4132,530.0,7341.0,529.0,7341.0,0.20142485201358795,1,1.0383661520606708,,134,control
4133,581.0,7349.0,581.9600046654629,7348.7200120268835,0.15456750988960266,1,0.9542400358985941,0.321319954479203,134,control
4134,632.0,7349.0,633.0799888122522,7348.739967949406,0.15716101229190826,1,1.0747721088697229,0.347071084508074,134,check
4135,541.0,7305.0,543.0599027039651,7304.559996371277,0.1876159906387329,1,2.0590916704269113,0.6288712781866403,134,control
4136,664.0,7425.0,664.3698877969255,7424.669994682186,0.15075647830963135,1,0.3797083786362012,0.7093565533822664,134,control
4137,493.0,7336.0,494.9199183109876,7336.65003535549,0.17337685823440552,1,2.1132960176899376,0.8482052013010811,134,control
4138,548.0,7484.0,547.8699086692986,7483.7999837488605,0.14961442351341248,1,0.13892597038394092,0.5944943101474893,134,control
4139,465.0,7309.0,466.3299773960762,7308.76996919552,0.13439178466796875,1,1.3191873492024593,0.19244379078552157,134,control
4140,768.0,7338.0,768.32995360061,7337.7700683648445,0.26693469285964966,1,0.32664585875898916,0.4593717655152372,135,control
4141,701.0,7508.0,701.1099912962485,7507.3699846968,0.26541638374328613,1,0.4040032005828394,0.2745401487029228,135,control
4142,792.0,7485.0,791.5199794769717,7484.750016470858,0.2512856125831604,1,0.4742857354881322,0.1160957261402232,135,control
4143,796.0,7320.0,798.0,7320.0,0.14696478843688965,1,2.0097569590856623,,135,control
4144,726.0,7495.0,723.7500525419819,7495.289974221623,0.2162291556596756,1,2.306734806782089,0.3680827514991037,135,control
4145,832.0,7487.0,830.1899229239875,7487.040109667908,0.24325799942016602,1,1.824097165964573,0.5902629929573907,135,control
4146,805.0,7441.0,805.1899056968048,7440.710035475114,0.1860654056072235,1,0.20101111727409507,0.3709499334478721,135,control
4147,705.0,7394.0,706.010001825181,7393.780009877058,0.13797548413276672,1,1.0089942564549625,0.27068927768883616,135,control
4148,753.0,7484.0,758.430028211679,7480.720006559573,0.2354656159877777,0,6.227998056297751,1.0958624604435399,135,control
4149,787.0,7475.0,786.3699057462057,7474.930071984858,0.17588511109352112,1,0.6468534705080803,0.483272914388177,135,control
4150,716.0,7304.0,715.2499789902431,7303.95995992917,0.11236729472875595,1,0.7819283463971879,0.48301044378530816,135,control
4151,740.0,7307.0,739.5001017829466,7307.899934226663,0.18022269010543823,1,1.2439942349162478,1.2691327250763398,135,control
4152,834.0,7497.0,828.0,7489.0,0.10844376683235168,0,9.808884552665596,,135,control
4153,828.0,7509.0,826.3499838316714,7509.060000944878,0.30679723620414734,1,1.6683255311905338,0.8409633423201424,135,control
4154,807.0,7329.0,808.0399465751294,7328.6999796295295,0.11279244720935822,1,1.0389879024058104,0.1699936723215629,135,control
4155,732.0,7404.0,729.8299025032993,7403.569949127579,0.10365600138902664,1,2.1786406795751465,0.7780902178030333,135,check
4156,788.0,7349.0,790.800062080514,7347.150025383986,0.13310059905052185,0,3.230690631612911,1.0493727704558216,135,control
4157,681.0,7429.0,682.2599894111879,7428.600208475775,0.11509355157613754,1,1.2701818299317227,1.2418269530601955,135,check
4158,699.0,7422.0,699.4398940743151,7421.760035832693,0.1425318419933319,1,0.44023272823422993,1.5829599154096705,135,control
4159,798.0,7524.0,797.3400226165121,7523.649964314218,0.22798869013786316,1,0.6612783515647727,0.3869620383062935,135,control
4160,687.0,7410.0,687.8400148450504,7409.250031669609,0.1621805876493454,1,0.9812405160119688,0.511871708178582,135,control
4161,812.0,7402.0,805.1600564719421,7402.449872173436,0.12352630496025085,0,6.87286768534664,1.499195077613728,135,control
4162,713.0,7450.0,713.1499396250432,7449.899971878889,0.1527107059955597,1,0.20749833503915077,0.35228248605452345,135,control
4163,780.0,7437.0,779.9199608809884,7436.830017042984,0.2095314860343933,1,0.10209991348054145,0.1663755980115809,135,check
4164,668.0,7368.0,665.5501377990213,7369.4998977706755,0.15021784603595734,1,3.009000996572308,1.8704419793825369,135,control
4165,778.0,7362.0,779.0098010107703,7361.019951623688,0.10936582833528519,1,1.2532945386759433,0.7026411052676156,135,control
4166,698.0,7346.0,699.5899324560552,7345.7000297299755,0.15692709386348724,1,1.5868511501059712,0.5494612391338545,135,check
4167,777.0,7322.0,777.7099363057902,7321.8100705077295,0.11400913447141647,1,0.707222208825446,0.47049592675859464,135,control
4168,833.0,7516.0,826.0,7509.0,0.21417321264743805,0,9.728675612957774,,135,check
4169,763.0,7373.0,764.0699541138081,7372.840018146067,0.26210418343544006,1,1.071352454208948,0.5307915375661982,135,control
4170,799.0,7395.0,796.5700875321364,7395.9798869677925,0.14959989488124847,1,2.7160671293850895,2.2378750584222664,135,control
4171,761.0,7436.0,760.8399115494551,7435.649990103413,0.25546202063560486,1,0.19351090558928802,0.7913432862965186,135,control
4172,680.0,7480.0,680.5702768961442,7479.849895907389,0.17123918235301971,1,0.5812920237016783,1.583502547637067,135,control
4173,786.0,7407.0,786.8499132020733,7406.140200887219,0.10278314352035522,1,1.0553041880130816,1.6285380652020505,135,check
4174,761.0,7467.0,760.4599804920725,7466.910008743626,0.20116914808750153,1,0.55599080091821,0.26568203083781106,135,check
4175,735.0,7334.0,736.4799672584728,7333.800157433037,0.21742500364780426,1,1.476228475708915,0.5953236303384878,135,control
4176,851.0,7502.0,850.0,7502.0,0.19422194361686707,1,1.0191017061353684,,135,check
4177,760.0,7508.0,759.8100039021979,7507.439978492219,0.31737062335014343,1,0.36938105363615986,0.4480259623890894,135,control
4178,707.0,7350.0,709.9098939976278,7349.049928627959,0.13509640097618103,0,2.9917434603269153,1.1121516102725055,135,control
4179,680.0,7498.0,680.4698955267436,7497.490048137405,0.25281745195388794,1,0.5439054527884561,0.9432546253591263,135,control
4180,852.0,7473.0,849.0,7474.0,0.1850491166114807,0,3.237724081479688,,135,check
4181,836.0,7339.0,831.2902621697654,7333.8701793227565,0.12515312433242798,0,6.796740123621297,2.7432509072193794,135,control
4182,742.0,7360.0,741.9399347527907,7359.970110198867,0.24142830073833466,1,0.21688801494563653,0.7545654027894586,135,control
4183,740.0,7503.0,739.1700388342418,7502.809999879083,0.2448873221874237,1,0.8255339009176818,0.5649216497959079,135,control
4184,809.0,7348.0,815.0,7348.0,0.12847469747066498,0,6.002690088725007,,135,control
4185,739.0,7433.0,739.5499945460956,7433.160087418977,0.13018228113651276,1,0.6810625519961975,0.7794293953720706,135,control
4186,561.0,7723.0,560.9297801505091,7722.080047302148,0.15540173649787903,1,0.6667180716656376,1.2372223152158437,138,check
4187,602.0,7582.0,600.6498826815466,7581.96002911362,0.15010547637939453,1,1.358490774819404,0.4165742539598456,138,control
4188,519.0,7669.0,518.8900844564856,7667.899938249778,0.11438287794589996,1,0.8488420008922782,0.16277743165778563,138,control
4189,645.0,7658.0,644.6100130970328,7657.4099777618885,0.30577024817466736,1,0.5079215593695521,0.16128847991040932,138,control
4190,448.0,7549.0,444.8999584685077,7549.150002620087,0.12010683119297028,0,3.1239317176993127,0.7527313926858166,138,check
4191,620.0,7586.0,619.1999828620927,7585.799966521678,0.2656744718551636,1,0.7929417152331801,0.11321555162103956,138,control
4192,633.0,7575.0,632.2799465378406,7574.67002786492,0.29764944314956665,1,0.7165253560133918,0.24945404226786347,138,control
4193,545.0,7648.0,541.9899158200507,7648.5900387431975,0.16215629875659943,1,3.1160371986119904,0.5058694468870234,138,control
4194,552.0,7630.0,552.2799845689428,7629.289990004611,0.16926465928554535,1,0.5402043127842702,0.441932096932076,138,control
4195,452.0,7562.0,450.75001244774387,7561.870003196567,0.13537059724330902,1,1.2527580416975865,0.4527876092633561,138,control
4196,658.0,7664.0,657.9098795894289,7663.140068225692,0.17194856703281403,1,0.6161467152748564,0.31469085780143274,138,control
4197,605.0,7622.0,603.0799468611922,7622.499988927521,0.1520300656557083,1,2.051925234898034,0.4353990956780557,138,control
4198,654.0,7602.0,652.7399165079213,7601.599991293187,0.2809925973415375,1,1.2591290040810872,0.1861382592332027,138,control
4199,640.0,7700.0,637.9200371495064,7700.049942210903,0.1739225834608078,1,2.085876404950213,1.3714273715281962,138,control
4200,540.0,7735.0,538.9500283200073,7734.470111884078,0.16592183709144592,1,1.0694083245699701,0.7102828239982164,138,control
4201,650.0,7542.0,649.3099115065186,7541.630084693964,0.29880672693252563,1,0.694567130349365,0.9000392909654349,138,check
4202,579.0,7711.0,580.7798992573308,7709.09992506558,0.16990076005458832,0,2.4355785505303107,0.7798725927697328,138,control
4203,653.0,7556.0,652.4400133592118,7555.810146260464,0.20478029549121857,1,0.5554483027371887,0.49433071179397975,138,control
4204,658.0,7593.0,657.2499931227225,7592.590020793917,0.24763205647468567,1,0.7579415404653085,0.09887425438142042,138,control
4205,609.0,7661.0,608.6698872603197,7660.43005286615,0.11577257513999939,1,0.4495623893715124,0.5454157554839602,138,check
4206,593.0,7739.0,593.0,7738.0,0.18211857974529266,1,0.7463393343735224,,138,control
4207,610.0,7540.0,608.3598904074861,7539.460003908663,0.24374118447303772,1,1.6601828497671427,0.6047509564623896,138,control
4208,512.0,7632.0,506.2700503471102,7633.569867976942,0.12377477437257767,0,6.005307627840218,0.9876787909099195,138,control
4209,501.0,7669.0,500.5399349868667,7668.670030546996,0.1987161487340927,1,0.454528865244843,0.3646813118545271,138,control
4210,508.0,7578.0,507.41000520159247,7577.730105078316,0.12542104721069336,1,0.5842215073862999,0.436242039974131,138,control
4211,492.0,7697.0,490.1899788706193,7697.229947314987,0.13414700329303741,1,1.8626314543053495,0.9633067527630486,138,control
4212,527.0,7569.0,526.7601598290506,7568.460034994509,0.1235799714922905,1,0.36914695564855743,0.37980243991667867,138,control
4213,486.0,7580.0,484.0,7580.0,0.10733436793088913,1,2.01090962398374,,138,control
4214,513.0,7538.0,509.0,7537.0,0.11206289380788803,0,4.065321310270254,,138,control
4215,494.0,7688.0,491.0,7687.0,0.11920354515314102,0,3.078344876664553,,138,check
4216,537.0,7701.0,534.6199734869376,7700.9000108384025,0.12495484203100204,1,2.371345823941764,1.3531194112292297,138,control
4217,459.0,7543.0,458.779980201655,7542.560072020854,0.21205313503742218,1,0.2832174691774986,0.4518265798915259,138,check
4218,608.0,7692.0,607.9999537163551,7691.18000231885,0.19346943497657776,1,0.5681412425328225,0.42057862515388633,138,control
4219,646.0,7721.0,646.0600406264888,7720.109985416312,0.1034100279211998,1,0.6443317469865514,0.5910693496085084,138,control
4220,480.0,7658.0,480.4299826501315,7656.8300119883015,0.12519095838069916,1,1.011719465326254,0.3124096193074752,138,control
4221,661.0,7615.0,660.2299875123815,7614.219992598705,0.2732391357421875,1,0.9271387472091005,0.4526009662608062,138,control
4222,580.0,7539.0,581.1399384188029,7538.059964667441,0.23240478336811066,1,1.3364570037012142,0.686997785448019,138,control
4223,538.0,7682.0,537.1000353420853,7681.449970723819,0.14584019780158997,1,0.9346408112445665,0.28389828212884727,138,check
4224,580.0,7691.0,579.2500899194404,7686.820034371214,0.13187460601329803,0,3.9946727306513976,1.6645652144826828,138,check
4225,631.0,7690.0,630.5399791042191,7689.700018898513,0.17853811383247375,1,0.44768415439554987,0.5416241330589221,138,control
4226,543.0,7569.0,542.3498859002287,7568.9399824806305,0.19108474254608154,1,0.6724813039638634,0.4520312529331388,138,check
4227,537.0,7601.0,536.4998842908877,7600.450005797125,0.13574723899364471,1,0.5740934825942412,0.5313717442652137,138,control
4228,504.0,7590.0,500.3901040909775,7591.149921985233,0.12892679870128632,0,3.8680519917556366,1.4252337882372883,138,control
4229,543.0,7714.0,543.0,7715.0,0.11684314906597137,1,1.2564971878406828,,138,control
4230,634.0,7657.0,634.0098783108562,7656.1398812342895,0.14443930983543396,1,0.6107501842955173,0.577476080384792,138,control
4231,637.0,7546.0,636.9598460421764,7545.870135479219,0.20446649193763733,1,0.12231103083787964,0.819805676251911,138,control
4232,564.0,7555.0,563.8699610391938,7555.030007641835,0.16389471292495728,1,0.3082403042661836,0.3858161735891323,138,control
4233,570.0,7660.0,568.0,7661.0,0.10667604207992554,1,2.3502818112469654,,138,control
4234,522.0,7643.0,522.0,7641.0,0.15519800782203674,1,1.7438049002656444,,138,control
4235,810.0,7682.0,810.0999492736728,7681.180003350418,0.17597974836826324,1,0.5921447572393967,0.30629347809551144,139,control
4236,803.0,7578.0,801.3199561080139,7577.570077147052,0.19484981894493103,1,1.6793494106607634,0.3072996977711668,139,control
4237,836.0,7690.0,836.2099867504095,7689.379985284099,0.1153380423784256,1,0.4451399336728436,0.2661299219800473,139,control
4238,750.0,7709.0,749.9599997139372,7708.199990702008,0.1801951825618744,1,0.556560805604585,0.12327475622891215,139,control
4239,809.0,7736.0,809.6099183634504,7734.979973069956,0.23052355647087097,1,1.0027877153715918,0.691608215247104,139,control
4240,802.0,7646.0,800.3800359003296,7646.190029590006,0.24386358261108398,1,1.660738526417076,0.7192600653570191,139,control
4241,708.0,7587.0,706.8300495036199,7587.239977268219,0.3114675283432007,1,1.2565286316820883,0.5794172639423318,139,check
4242,786.0,7612.0,785.8099618479811,7611.209999026067,0.2487594038248062,1,0.5778453644969659,0.16420868705258276,139,control
4243,794.0,7694.0,788.0,7693.0,0.1958075761795044,0,6.0295921256274285,,139,control
4244,830.0,7574.0,828.9600066254417,7573.53002046798,0.3340054154396057,1,1.0542061732429107,0.12087137289583606,139,control
4245,766.0,7546.0,765.0200392057014,7545.419971231369,0.22896529734134674,1,1.0288183092058798,0.4856379899196277,139,control
4246,744.0,7613.0,743.1199903361963,7612.419982578615,0.29155245423316956,1,0.9307738354714984,0.056823390375803313,139,control
4247,676.0,7543.0,675.3700689083905,7542.339968080325,0.20994853973388672,1,0.7483913304810509,0.3727840776075338,139,control
4248,684.0,7650.0,683.139945536621,7649.369995321948,0.190511092543602,1,0.9291246081219213,0.4094539574295283,139,control
4249,799.0,7722.0,798.689965631848,7721.359991124162,0.2391762137413025,1,0.49297964452981946,0.20750482900995862,139,control
4250,830.0,7583.0,828.9900046736964,7582.59001811184,0.27748769521713257,1,1.012427605497888,0.11349339713765622,139,control
4251,768.0,7602.0,766.8699657844058,7601.570028078174,0.296210378408432,1,1.1334993814452272,0.16482805019737568,139,control
4252,749.0,7528.0,747.9899955958994,7527.469979016237,0.34177231788635254,1,1.0433670183870594,0.2028637868648419,139,check
4253,764.0,7732.0,764.5900159455481,7731.219985996671,0.27424103021621704,1,0.8125524550128762,0.2651979360142796,139,control
4254,762.0,7621.0,761.269994091008,7620.410028997058,0.36006709933280945,1,0.7968016138333438,0.1566091076272785,139,control
4255,681.0,7607.0,680.2199190122633,7606.290098870673,0.32926249504089355,1,0.8981051892760578,0.430566986774325,139,control
4256,851.0,7567.0,849.0,7567.0,0.2611505687236786,1,2.0018932223790507,,139,control
4257,786.0,7705.0,787.4499660817639,7703.349944665844,0.1644943654537201,1,2.0351082163678815,1.8746701980978073,139,control
4258,703.0,7670.0,703.0,7669.0,0.19530326128005981,1,0.7542389241979545,,139,control
4259,811.0,7639.0,810.0399570971214,7638.680024944889,0.21892452239990234,1,0.9480098479806911,0.4287755240767771,139,control
4260,695.0,7706.0,694.8799633801588,7704.760019740234,0.10222402960062027,1,0.9981893733333324,0.4979566798361641,139,control
4261,803.0,7537.0,801.6699722971643,7536.800015796869,0.2342018187046051,1,1.3213257999542636,0.31752126307564,139,control
4262,746.0,7601.0,745.0400030712959,7600.530021293234,0.3706020712852478,1,0.9750608470077226,0.20280180237743792,139,control
4263,732.0,7646.0,731.0600143552599,7645.350073923199,0.30805504322052,1,1.0108105625260932,0.08774758866434704,139,control
4264,801.0,7623.0,800.1199198444581,7622.640082289717,0.1728418469429016,1,0.8741078987537794,0.8183148839573829,139,control
4265,852.0,7558.0,852.0,7559.0,0.15340295433998108,1,1.2348848591754498,,139,check
4266,768.0,7668.0,766.5601060288417,7667.229964611575,0.2438778281211853,1,1.518279137196193,3.0009480150683325,139,control
4267,849.0,7602.0,830.0,7849.0,0.11077933013439178,0,247.96860937522817,,139,control
4268,850.0,7527.0,851.0,7526.0,0.22632098197937012,1,1.2671088002350277,,139,control
4269,720.0,7641.0,719.4299473011056,7640.950061399584,0.27435237169265747,1,0.5891892993125871,0.548525971345986,139,control
4270,678.0,7735.0,678.309939015629,7734.270001518296,0.21134038269519806,1,0.5828027088090505,0.3113744767360068,139,control
4271,690.0,7722.0,690.7400160898724,7720.560016865726,0.13485625386238098,1,1.4129270701833168,0.5413086224113957,139,control
4272,785.0,7663.0,784.3899892755733,7662.360032456281,0.23596854507923126,1,0.7152589381811926,0.1158850397640082,139,check
4273,796.0,7672.0,796.259944641144,7670.940015663364,0.18246346712112427,1,0.8652042472070012,0.47525781835971204,139,check
4274,747.0,7694.0,747.0,7689.0,0.1335933357477188,0,4.756364938343632,,139,control
4275,850.0,7652.0,847.0,7651.0,0.11938292533159256,0,3.0790857974314005,,139,check
4276,842.0,7532.0,841.3699808799992,7531.259992265827,0.1804497092962265,1,0.7999584272447431,0.549275496698319,139,check
4277,768.0,7560.0,769.0,7561.0,0.16708198189735413,1,1.5991920838003124,,139,control
4278,701.0,7547.0,699.600066942764,7546.540005994389,0.27850666642189026,1,1.4088079879678332,0.3444535947406432,139,check
4279,695.0,7555.0,693.090063638685,7554.750090573084,0.3107859790325165,1,1.9017558604273643,0.4255611926089383,139,control
4280,755.0,7636.0,754.1699777991769,7635.419938667577,0.23059819638729095,1,0.8830009308531995,0.29744500042780825,139,control
4281,709.0,7635.0,708.449928360132,7634.699983858957,0.23762246966362,1,0.5396081521792481,0.3602870245599164,139,control
4282,819.0,7701.0,819.2598660000199,7699.950080277275,0.15336307883262634,1,0.8571303284860782,0.7129410119398354,139,check
4283,812.0,7618.0,811.8899097407411,7617.60999239627,0.12046197801828384,1,0.17936162067811234,1.0736777201360703,139,check
4284,789.0,7549.0,788.2399907817575,7548.860008695518,0.19357363879680634,1,0.7567492641794388,0.37887513529278427,139,control
4285,507.0,7882.0,506.88998222620893,7881.890102921549,0.2913007438182831,1,0.17451016362625685,0.3741988429526432,142,control
4286,545.0,7751.0,546.0,7750.0,0.11800827085971832,1,1.259572683201707,,142,control
4287,469.0,7890.0,470.5300229437424,7888.800004036996,0.12066498398780823,1,1.8139512334138994,0.7285094262504281,142,control
4288,657.0,7792.0,657.9600026023272,7791.9200031415185,0.13109375536441803,1,0.996514640501393,0.5346625059269994,142,control
4289,489.0,7920.0,489.8900105605736,7919.450023300028,0.26656147837638855,1,0.9598272240070854,0.30198726712323065,142,control
4290,533.0,7949.0,533.6499860802987,7948.550071124084,0.2100202590227127,1,0.704344609452278,0.4960990262452339,142,control
4291,560.0,7822.0,560.9499123361277,7821.100015672891,0.2044599950313568,1,1.1647803779420898,0.21961695601941653,142,check
4292,555.0,7893.0,555.7298891336088,7891.990073032893,0.28408336639404297,1,1.0652249999042807,0.4387303578910809,142,control
4293,527.0,7921.0,527.8499273008018,7920.080059956682,0.2964596450328827,1,1.096611926924624,0.22135877899738096,142,control
4294,491.0,7812.0,491.739933322477,7810.970063708908,0.20359039306640625,1,1.0805748095957415,0.3573785570056568,142,control
4295,574.0,7787.0,573.0,7788.0,0.18458974361419678,1,1.593220244634917,,142,control
4296,644.0,7850.0,648.3699522361642,7847.730070554544,0.16542120277881622,0,4.835690944460605,1.9502054160897802,142,control
4297,546.0,7809.0,546.8399043284802,7808.349959004638,0.23720653355121613,1,0.9455501263045949,0.51738443841949,142,control
4298,524.0,7845.0,524.5499835083198,7844.230039882276,0.2666093111038208,1,0.7664739488997303,0.5921882765680614,142,check
4299,662.0,7940.0,659.810107713577,7938.990022279755,0.1952957957983017,1,2.287892379127563,2.8976900700699164,142,control
4300,663.0,7911.0,663.6899673855133,7910.189998676722,0.17930175364017487,1,0.9094438544661232,0.12722282871279295,142,control
4301,590.0,7926.0,590.2599387612073,7925.509990340075,0.16705045104026794,1,0.37030303273121723,0.5191311297802477,142,control
4302,538.0,7886.0,538.6100169138338,7885.039994199812,0.3206687569618225,1,0.9451150971811467,0.4149805297032369,142,check
4303,507.0,7826.0,508.19991247351135,7825.010066677047,0.21605482697486877,1,1.4219607431186538,0.34032030306824385,142,check
4304,471.0,7871.0,471.6799653540188,7870.429987911128,0.1421957015991211,1,0.7666106817547979,0.22029266757145263,142,control
4305,539.0,7848.0,539.7099684569558,7847.000007324132,0.29891958832740784,1,1.0419373265242469,0.20816118006812032,142,control
4306,642.0,7867.0,642.8499143030472,7866.340003978885,0.10106159746646881,1,0.9656001461824097,0.2639372453821176,142,check
4307,519.0,7801.0,519.0,7799.0,0.24124683439731598,1,1.740619887494237,,142,check
4308,495.0,7834.0,496.6899714086279,7832.8000160031825,0.21774159371852875,1,1.9514878801634794,0.3650693388376541,142,control
4309,532.0,7930.0,533.8598495564477,7929.960130449237,0.19759276509284973,1,1.9003606372574346,1.5839141348786183,142,control
4310,654.0,7826.0,653.7798736050426,7825.280016238075,0.13655249774456024,1,0.5076314218961325,1.0784009772163492,142,control
4311,631.0,7761.0,631.7300481695223,7759.799951357631,0.14793966710567474,1,1.2084592808936985,0.3683398804434001,142,control
4312,611.0,7886.0,615.6599128410923,7886.299959369157,0.18176940083503723,0,4.719265443554378,1.6608757853894975,142,control
4313,587.0,7849.0,587.2701050896113,7848.569902088087,0.20949557423591614,1,0.34136782212240835,1.2880365634384856,142,control
4314,522.0,7888.0,523.2599879332422,7887.050000460736,0.31880900263786316,1,1.4579004903968305,0.2139566926812728,142,control
4315,620.0,7785.0,619.989910868525,7784.070017418322,0.1667470484972,1,0.6769226695560939,0.7670724170368712,142,control
4316,565.0,7772.0,565.7799301012091,7771.110057901779,0.19322510063648224,1,1.0195511003749909,0.4094797814519178,142,control
4317,580.0,7846.0,580.579985063905,7844.950052631258,0.22051560878753662,1,0.9966561013889823,0.4321799317805393,142,control
4318,584.0,7905.0,585.5899691461193,7903.44998609418,0.1962868720293045,1,2.0700493952199936,0.40012815864738854,142,control
4319,600.0,7955.0,600.4700174599659,7954.589968320865,0.1085595190525055,1,0.5230697736296476,0.6220121100570362,142,control
4320,474.0,7818.0,474.9099589526505,7817.060006721658,0.16501344740390778,1,1.150308837672118,0.3777004817019863,142,check
4321,548.0,7858.0,549.2199883692768,7857.179994272621,0.26402920484542847,1,1.3642753599359647,0.31967917325259304,142,control
4322,633.0,7829.0,636.0,7826.0,0.1277453601360321,0,4.084925595819321,,142,control
4323,470.0,7937.0,468.0,7936.0,0.25283053517341614,1,2.1056992918182993,,142,control
4324,562.0,7859.0,562.9299939289239,7857.8899597380305,0.2763665020465851,1,1.2789619788979485,0.6028993015707109,142,control
4325,518.0,7756.0,518.5400629031825,7755.1899764980135,0.18980130553245544,1,0.7836451508417659,0.72366512786418,142,check
4326,600.0,7786.0,601.0399537961042,7785.000010728306,0.2443847358226776,1,1.2961436621185405,0.5785969489153652,142,control
4327,493.0,7886.0,494.42997305655064,7884.759970671356,0.2994009554386139,1,1.7520367791657256,0.42714205448265713,142,control
4328,479.0,7955.0,479.81996130055603,7954.2199986849555,0.23653915524482727,1,0.9921549713951288,0.21876874321689094,142,control
4329,565.0,7932.0,565.9200030383619,7931.049996953405,0.28509941697120667,1,1.1731866231687003,0.326131676495828,142,control
4330,649.0,7932.0,651.6598053498196,7930.800101383248,0.1281358003616333,0,2.8511789567574146,2.7530133558291725,142,control
4331,494.0,7796.0,495.0,7795.0,0.20535843074321747,1,1.258631991362518,,142,check
4332,790.0,7811.0,789.2398898587682,7811.029977347492,0.21145987510681152,1,0.7839282540236658,1.5458356951354664,143,control
4333,736.0,7915.0,736.7099666001337,7914.179999327303,0.2826640009880066,1,0.9353301469062326,0.0931562914649394,143,control
4334,801.0,7900.0,801.1699461637952,7899.180004072516,0.2568354308605194,1,0.6095350748032768,0.4577486868128134,143,check
4335,762.0,7852.0,762.6200142001163,7851.259984529068,0.24565942585468292,1,0.8143749893982962,0.2228002182142816,143,control
4336,743.0,7822.0,744.4699642648164,7821.439940873744,0.21148373186588287,1,1.5276965138232859,0.4930413273384475,143,control
4337,794.0,7913.0,794.9499163592423,7911.710032999351,0.29298996925354004,1,1.4335318897457932,0.6962721263260797,143,control
4338,777.0,7765.0,777.2699625587832,7764.160094846266,0.15471521019935608,1,0.6643694797390929,0.1315946531992872,143,control
4339,814.0,7757.0,813.9399973014566,7756.519976279112,0.17831064760684967,1,0.24195440137207275,0.3867393518429416,143,control
4340,746.0,7955.0,745.1100033655922,7955.200036676183,0.13940180838108063,1,0.9673037689504678,0.8779160221735375,143,control
4341,835.0,7839.0,834.9098873261877,7838.390101545809,0.16853708028793335,1,0.3737896209685218,0.5846225603866784,143,control
4342,763.0,7950.0,763.209986028312,7949.449982174222,0.21318493783473969,1,0.38794621900055376,0.19093979370850853,143,control
4343,839.0,7929.0,836.9000963910314,7927.699991665122,0.14289842545986176,1,2.3212038339376364,0.4356858873414935,143,control
4344,790.0,7833.0,790.5399079935403,7831.980115944005,0.25656893849372864,1,0.9608847921735348,0.4713344953869969,143,control
4345,790.0,7947.0,787.8000050685636,7948.3699814989395,0.1883488893508911,1,2.702846962359242,0.8646931110360816,143,check
4346,719.0,7894.0,720.0899497179411,7893.180003247261,0.2697847783565521,1,1.2561096535060183,0.2552035334274119,143,control
4347,815.0,7845.0,814.5700107478343,7844.809959578532,0.20432515442371368,1,0.4054604142442243,0.5962869737713535,143,control
4348,792.0,7881.0,791.8400008157279,7880.60997124913,0.2533055245876312,1,0.19520066432247446,0.5022961776119532,143,control
4349,789.0,7771.0,789.2599862827336,7770.209993352443,0.2888716757297516,1,0.6161171663446245,0.2582483757875658,143,check
4350,780.0,7781.0,780.9299427969102,7780.539941176274,0.26170435547828674,1,0.9776925359676925,0.5265543800928956,143,control
4351,807.0,7914.0,807.4499520861922,7913.40008604065,0.2788330018520355,1,0.5988210240787158,0.393691896487329,143,control
4352,754.0,7889.0,755.1899882578866,7888.319987743395,0.22560249269008636,1,1.2939735449606469,0.33887654206577855,143,control
4353,784.0,7882.0,785.0099105989293,7881.010020290245,0.1505555361509323,1,1.2787781252849395,1.1798842856804068,143,control
4354,693.0,7947.0,693.5100259985713,7946.590013160315,0.24950870871543884,1,0.5643182398492791,0.500449827657133,143,control
4355,815.0,7964.0,816.2598551685576,7963.000033629111,0.17855314910411835,1,1.4990117270648278,1.0311678937885618,143,control
4356,801.0,7836.0,801.729966743165,7835.080003976299,0.19974550604820251,1,1.015474662911221,0.25666104266529177,143,control
4357,677.0,7823.0,677.4400225064147,7822.229984005051,0.22367772459983826,1,0.6965683354587451,0.4571710522219645,143,check
4358,796.0,7922.0,796.7199642990433,7921.359991433632,0.22959820926189423,1,0.8494751500202069,0.24709191107960427,143,check
4359,817.0,7822.0,817.5199439216323,7820.890064993604,0.1339753121137619,1,1.0256602042806842,0.6014799948725484,143,control
4360,695.0,7837.0,695.2698777976581,7837.069931453067,0.2355831265449524,1,0.43495773445093927,1.9291343551313673,143,control
4361,667.0,7791.0,667.5001106544299,7790.039972433731,0.16426967084407806,1,0.8808817198370335,0.7273988114954926,143,control
4362,681.0,7874.0,679.8399245472098,7874.39004608121,0.18074660003185272,1,1.301911829004097,1.1791535886683644,143,check
4363,710.0,7802.0,710.0399659686046,7800.820063151957,0.24475109577178955,1,0.9340140821333428,1.0836990274556988,143,check
4364,770.0,7802.0,763.1001682436774,7800.180139794996,0.2217070311307907,0,7.053641719175206,1.3344372251054812,143,control
4365,709.0,7939.0,711.0400876261074,7938.6401837978965,0.12276598811149597,1,2.0745228428473337,1.5019764723288291,143,check
4366,719.0,7875.0,720.2499412686112,7874.3099991222825,0.22974538803100586,1,1.3518208874794833,0.5048916371943764,143,control
4367,800.0,7948.0,800.3400358205804,7947.370021180551,0.2653239071369171,1,0.5362749976187753,0.179860100653568,143,control
4368,781.0,7902.0,782.3699744842786,7900.879964721197,0.26800209283828735,1,1.6511688645583888,0.15213062439902217,143,control
4369,745.0,7858.0,745.8099133980437,7857.599992015284,0.2465270757675171,1,0.851155487136295,0.5592300507357294,143,control
4370,684.0,7920.0,684.8099956496552,7919.23994295076,0.21414916217327118,1,0.9816497293553768,0.2803496173377732,143,control
4371,703.0,7750.0,702.0,7749.0,0.15203066170215607,1,1.235546475461199,,143,check
4372,775.0,7939.0,775.5099729065787,7938.429986157462,0.2603079676628113,1,0.6317142000669871,0.37741485136278774,143,control
4373,749.0,7779.0,750.2799738406375,7778.329943800715,0.26340001821517944,1,1.3702148492419066,0.4205874640194555,143,control
4374,835.0,7758.0,832.6699020811458,7758.299915045491,0.12313836812973022,1,2.369286309402507,0.5057924676536342,143,control
4375,708.0,7828.0,710.189947028924,7826.010011831389,0.2862510085105896,0,2.8173883951912533,0.7991043483885838,143,control
4376,742.0,7831.0,742.0,7831.0,0.25939232110977173,1,0.24807490914984717,,143,control
4377,746.0,7771.0,747.2799298264417,7770.289955893467,0.22975793480873108,1,1.382577401787732,0.5648081600386144,143,control
4378,735.0,7893.0,729.2801187440716,7898.509761260706,0.19598594307899475,0,8.095773596108083,1.7887555988167259,143,control
4379,755.0,7748.0,755.6600138672384,7747.11999116145,0.26724904775619507,1,0.931588900155453,0.22459410875951918,143,control
4380,817.0,7891.0,818.5299771758814,7889.930008577187,0.21343475580215454,1,1.7661426276421344,0.4283508142911609,143,control
4381,520.0,8036.0,519.7999608480543,8035.349992703154,0.1970640867948532,1,0.42029874923387844,0.1715439847370427,146,control
4382,515.0,7995.0,515.0799899469769,7994.629972836356,0.26861798763275146,1,0.15387912167338302,0.4815339776246687,146,check
4383,607.0,8122.0,606.3599799832292,8121.389986387183,0.3461834788322449,1,0.6939576949888164,0.2514809362385329,146,control
4384,596.0,8058.0,594.2599477358474,8057.640028991411,0.13815349340438843,1,1.706561012823067,0.26619838571871857,146,control
4385,528.0,8133.0,527.1698967854468,8132.659993063319,0.2874281406402588,1,0.7939955051330833,0.7334759516739761,146,control
4386,632.0,8101.0,630.9000070216018,8100.750010075138,0.25791263580322266,1,1.0603070782558406,0.5326586580367919,146,control
4387,498.0,8078.0,497.8099366083199,8077.350091975635,0.3109789788722992,1,0.413592045555414,0.3201727417307276,146,control
4388,529.0,8090.0,528.7799707112309,8089.480031148177,0.2984899580478668,1,0.31417763330956,0.37586507316443357,146,control
4389,487.0,8176.0,486.43997653224017,8175.379987656705,0.3704262375831604,1,0.6263795490533399,0.10095378426079808,146,control
4390,573.0,8094.0,573.0099220155815,8093.209867808734,0.19477322697639465,1,0.530320859973502,0.43254245432945665,146,control
4391,545.0,8184.0,544.7500083214726,8183.269985425838,0.2680535316467285,1,0.50859946059794,0.20955725731020688,146,check
4392,650.0,8128.0,646.0,8128.0,0.13991183042526245,0,3.9667677736589755,,146,control
4393,526.0,8099.0,525.6099769227526,8098.610023619025,0.28794848918914795,1,0.37400508505004265,0.17461717362720577,146,control
4394,480.0,8145.0,479.89991919952405,8144.650035149177,0.27568569779396057,1,0.10151122504212627,0.48771260980455533,146,check
4395,580.0,7971.0,580.9600031181111,7969.87000536286,0.10920129716396332,1,1.3192137384491647,0.7505973767824082,146,check
4396,464.0,8104.0,463.40002087931384,8103.559968931572,0.14261168241500854,1,0.588816094663512,0.2594396373222883,146,check
4397,543.0,7997.0,542.9799060517973,7996.579994657486,0.1734425127506256,1,0.1585269138259835,0.28515631211967385,146,control
4398,530.0,8056.0,529.539970129579,8055.569980247177,0.21489961445331573,1,0.45632191055712096,0.29291276928972537,146,check
4399,499.0,7987.0,499.3700204584532,7986.729961069542,0.15952618420124054,1,0.4003760865386683,0.3252089209301699,146,control
4400,485.0,8059.0,484.5599361614659,8058.470039638674,0.16084305942058563,1,0.48370366866465214,0.37878228707652023,146,control
4401,583.0,8155.0,581.750014304566,8154.690011193396,0.23356221616268158,1,1.2089152269018202,0.2981814157011797,146,control
4402,611.0,8049.0,611.0399957471643,8048.23998975019,0.13445529341697693,1,0.5069322598854021,0.19468692070949647,146,check
4403,623.0,8062.0,622.4900149209209,8060.749961418887,0.13605724275112152,1,1.0986026255778398,0.5708581555639937,146,control
4404,522.0,8066.0,522.0799948985024,8065.149994161231,0.2518216669559479,1,0.596780460750278,0.337623901474608,146,control
4405,509.0,8175.0,508.47002880721203,8174.49001719037,0.31874555349349976,1,0.5451401958441173,0.1510070528703377,146,check
4406,623.0,8026.0,622.1299068150623,8025.86002819215,0.10406100004911423,1,0.8432973199994876,0.31559088665976437,146,control
4407,575.0,7982.0,575.3800269256894,7982.05999093867,0.1003972589969635,1,0.5211145085810684,0.8278073002697428,146,control
4408,527.0,8156.0,527.2998685555318,8155.530099349168,0.2152242660522461,1,0.3972098876606832,1.0115264515393743,146,check
4409,486.0,8085.0,485.59985543379855,8084.510103332408,0.13548387587070465,1,0.4269892574229596,0.3561400119239777,146,control
4410,511.0,8130.0,510.7999069308074,8129.269962146156,0.26011550426483154,1,0.49077115917314035,0.34136440212958735,146,check
4411,560.0,8073.0,558.0,8075.0,0.11342150717973709,1,2.995565981841143,,146,control
4412,472.0,8121.0,471.55997171680536,8120.329991115928,0.22533050179481506,1,0.5682629753458271,0.26693775909935125,146,control
4413,476.0,8077.0,475.92986652839204,8076.320016008354,0.15268751978874207,1,0.41397168527547373,0.38921128816734385,146,control
4414,468.0,7973.0,469.1099466631121,7972.389994123942,0.18108223378658295,1,1.1896730863446539,0.17066424290563384,146,control
4415,572.0,8143.0,566.3701014721834,8143.4899066738,0.25567853450775146,0,5.639409516995881,1.754663580707594,146,control
4416,625.0,8170.0,624.5600139773358,8169.539971470617,0.31718194484710693,1,0.4437102381948219,0.5668118951104166,146,control
4417,574.0,8067.0,573.7599589114831,8066.709976296871,0.254550576210022,1,0.20547594630947458,0.49293561662614815,146,control
4418,448.0,7976.0,448.8600018871703,7975.419979896539,0.17987802624702454,1,0.9421236782800357,0.20353379688396211,146,control
4419,466.0,8172.0,465.96991681174393,8171.580038981152,0.1176690086722374,1,0.15039617441513795,0.39509152223377936,146,control
4420,566.0,8027.0,566.5899236877286,8026.549991967176,0.16960163414478302,1,0.6519164903292554,0.6656043313403966,146,control
4421,613.0,8139.0,611.0099697771722,8138.580073504923,0.22515061497688293,1,1.9549315778247507,0.8310369164825555,146,control
4422,661.0,8061.0,657.0,8060.0,0.14026135206222534,0,4.031402979491652,,146,control
4423,595.0,8171.0,594.1799864327056,8170.539977866338,0.327846884727478,1,0.8016076321120303,0.6447378433289186,146,control
4424,657.0,8153.0,657.5200479055743,8151.729907874393,0.11937302350997925,1,1.1582543088546084,0.5838901962974872,146,control
4425,634.0,8002.0,633.8298262347812,8001.35002395966,0.11173153668642044,1,0.4163836339164143,0.5474977755658582,146,control
4426,571.0,8109.0,570.6599778992718,8108.300037907124,0.3187129497528076,1,0.5310842732311025,0.6125032846971207,146,control
4427,599.0,8106.0,598.4099390086883,8105.840021653398,0.34654051065444946,1,0.5598072790733901,0.24760693055566588,146,control
4428,622.0,8122.0,621.1900337162773,8121.219981870399,0.293011873960495,1,0.9286878477948676,0.41970274151912,146,control
4429,571.0,8044.0,576.0,8043.0,0.12995122373104095,0,5.089151578515524,,146,control
4430,516.0,8009.0,515.8400309375086,8008.690100975452,0.19543743133544922,1,0.13607219807006132,1.1304690761057192,146,control
4431,732.0,8118.0,731.1799634624937,8117.460080589807,0.15214388072490692,1,0.8286221414702167,0.23464367117358467,147,control
4432,684.0,8165.0,682.5400154848129,8163.479973929913,0.17059798538684845,1,1.8972001401269827,0.4146460662733506,147,control
4433,818.0,8095.0,816.7000088923052,8094.429977801763,0.10527818650007248,1,1.2977619000902252,0.14146147569364279,147,control
4434,697.0,7980.0,697.2799478788788,7979.540033640406,0.136274516582489,1,0.376193460640487,0.21146436833179114,147,control
4435,772.0,8092.0,771.9598337665192,8091.0600826113,0.13063974678516388,1,0.6899001019308759,0.5987962206012941,147,control
4436,712.0,8089.0,710.1400401670465,8088.809999569613,0.20188689231872559,1,1.8205215883096206,0.6277065803455097,147,control
4437,748.0,8173.0,746.739981462944,8172.610069386886,0.20684204995632172,1,1.221411359731647,0.1957769791493166,147,control
4438,714.0,8071.0,713.0999774354747,8070.450124635644,0.13580895960330963,1,0.9102368303621958,0.25190869058326615,147,control
4439,807.0,8116.0,805.0699611284693,8116.160048356307,0.11212067306041718,1,1.929740786086902,1.228733350594931,147,control
4440,811.0,8053.0,810.240027265508,8052.629964171186,0.16888035833835602,1,0.7300823109403946,0.48056107269454534,147,control
4441,785.0,8029.0,784.4800280534735,8028.520015960722,0.18336759507656097,1,0.5345257232333374,0.12454712667039791,147,control
4442,838.0,8019.0,835.5499807230866,8018.500027887035,0.16502539813518524,1,2.4247007586649265,0.4212292290806296,147,control
4443,757.0,8188.0,756.3299907033012,8187.480026506122,0.2321721613407135,1,0.6775232532382768,0.33343584946930616,147,check
4444,735.0,8040.0,734.3400313154327,8039.500203428033,0.10889321565628052,1,0.6697215845478793,0.4144077703180797,147,control
4445,818.0,8029.0,811.580188732955,8028.739921528853,0.15244874358177185,0,6.380895663359495,2.257962456427374,147,control
4446,776.0,8033.0,774.7300051868945,8032.659967893063,0.21055366098880768,1,1.234929970009987,0.38580809554877155,147,control
4447,811.0,8130.0,806.1101231325221,8131.50994753001,0.12736321985721588,0,5.154222767907228,1.360897573742844,147,control
4448,785.0,8005.0,783.7499372107936,8004.55008247133,0.1703290343284607,1,1.2298778314537462,0.38649147979419957,147,control
4449,771.0,7968.0,770.6698872603197,7967.43005286615,0.2141442894935608,1,0.4373420123576492,0.8576717245047467,147,control
4450,734.0,8055.0,728.0,8052.0,0.16940583288669586,0,6.564241495806391,,147,control
4451,736.0,8143.0,734.8599561193093,8142.5499844367305,0.17513592541217804,1,1.1133117739862877,0.11503634552292695,147,control
4452,828.0,8170.0,824.8599442562792,8170.699933345884,0.18082110583782196,1,3.234498519058166,1.389127037119875,147,control
4453,703.0,8046.0,699.6400163031266,8045.9699976191605,0.14576992392539978,1,3.3297133665608905,0.4258719498489661,147,control
4454,738.0,8012.0,737.9999719751057,8011.410080954327,0.22780382633209229,1,0.3413669614360662,1.1443916947975306,147,control
4455,757.0,8058.0,755.5399722958715,8057.35998957681,0.16999571025371552,1,1.472952049710291,0.8345984278727492,147,check
4456,774.0,8153.0,773.1998303250566,8152.360116185839,0.13451671600341797,1,0.848824524997672,0.38693142725346946,147,control
4457,709.0,7997.0,707.3900216330524,7999.52997016122,0.10346964746713638,0,3.1968805648338194,1.8198851751859235,147,check
4458,838.0,8010.0,835.8400040135881,8009.299985021445,0.14828576147556305,1,2.1700846573812633,0.48144717059751563,147,control
4459,816.0,8174.0,815.4300249106619,8173.03999234299,0.12102043628692627,1,0.8822282729792107,0.41638572934319745,147,control
4460,787.0,8062.0,786.4799826982396,8061.610022277987,0.2406291663646698,1,0.5000167963868654,0.3013493667246441,147,control
4461,781.0,8173.0,777.0,8169.0,0.10444774478673935,0,5.448123491342163,,147,check
4462,802.0,8016.0,801.7100086543505,8015.409978793456,0.19197934865951538,1,0.4258643045062888,0.2518225386105232,147,control
4463,769.0,8017.0,769.6599307566219,8020.869834876544,0.16279849410057068,0,4.1772778860345,1.8783489338301973,147,control
4464,681.0,8120.0,681.4700343776783,8119.950041180855,0.18501168489456177,1,0.5518093369494366,0.40870878700838825,147,control
4465,745.0,8124.0,744.5599355425252,8123.530036973065,0.18781550228595734,1,0.45254309419572947,0.5451025356445306,147,control
4466,684.0,7999.0,683.9299354033725,7997.950110984246,0.10393309593200684,1,0.7971974329252194,0.6562805488168391,147,control
4467,837.0,7990.0,836.0,7989.0,0.19734050333499908,1,1.224164423059708,,147,control
4468,822.0,8018.0,821.0400827439878,8017.419961122005,0.15880870819091797,1,0.9802814146475468,0.4302511903147173,147,check
4469,669.0,8148.0,667.9199472980437,8148.840160194863,0.14616656303405762,1,1.5097708388924367,2.7059849902436452,147,check
4470,793.0,7983.0,793.7499188488862,7982.330003391586,0.29804080724716187,1,0.8925387059530098,0.413950516794232,147,control
4471,813.0,8042.0,811.7099181501964,8041.569992316521,0.14558511972427368,1,1.2637492628811429,0.8063727724319271,147,check
4472,795.0,7973.0,795.8699867252328,7972.540118264625,0.10713542252779007,1,0.9301011013851344,0.485721415404386,147,control
4473,687.0,8136.0,688.0600140457896,8135.380072590394,0.1537339836359024,1,1.1614451872139169,0.45304272723454614,147,check
4474,690.0,8029.0,690.30992808101,8028.329954425864,0.1403999626636505,1,0.5416541498811037,0.677998037494528,147,control
4475,775.0,8131.0,774.1699880116985,8130.429982650132,0.18006494641304016,1,0.84813751716524,0.6653195655456118,147,control
4476,670.0,8072.0,669.3499411585138,8070.8900188131165,0.18586823344230652,1,1.0504487797748472,0.5873529299772028,147,control
4477,680.0,8089.0,679.8699745527324,8088.720065840974,0.14194831252098083,1,0.09332566732924309,0.599228236057011,147,check
4478,738.0,7981.0,737.0,7984.0,0.24896547198295593,0,3.3903240798125425,,147,control
4479,489.0,8312.0,489.3099823077272,8311.379986315667,0.1727832704782486,1,0.5009111106671663,0.18488477689495147,150,check
4480,519.0,8280.0,518.9600176632175,8279.46006800468,0.20965276658535004,1,0.2711864768454928,0.4616508395360037,150,control
4481,545.0,8243.0,544.6399329167904,8242.440041796734,0.27575692534446716,1,0.4293671282124361,0.3664305729789203,150,control
4482,607.0,8407.0,607.6500166841126,8406.890001276462,0.2302531749010086,1,0.7246452191870478,0.44704325839893866,150,control
4483,562.0,8307.0,561.6999282912021,8306.630033974578,0.2415163218975067,1,0.2698377510816606,0.31162948192683293,150,control
4484,499.0,8245.0,496.9299990867631,8245.38998195144,0.25115999579429626,1,2.1289482713934746,1.0158740703163038,150,control
4485,579.0,8349.0,579.3100351934062,8348.560012429984,0.2410675585269928,1,0.402835531906049,0.08047764026295064,150,control
4486,472.0,8401.0,472.709928775345,8400.540038076148,0.1624547243118286,1,0.7868306288562864,0.2571286873474118,150,control
4487,627.0,8191.0,627.0100124503297,8190.750055636685,0.2009476274251938,1,0.05608873024943116,0.24121769280271207,150,control
4488,471.0,8230.0,470.79995961017295,8229.469987371936,0.11992485821247101,1,0.30240636191057635,0.17183092303642528,150,control
4489,497.0,8313.0,497.2799916867609,8312.60002065912,0.18957479298114777,1,0.35419927447594957,0.1433389775932139,150,control
4490,599.0,8249.0,595.0,8250.0,0.12946300208568573,0,4.149163137293451,,150,control
4491,507.0,8251.0,506.6900202711924,8250.370024791038,0.19868206977844238,1,0.44700935096192346,0.1575228978743319,150,control
4492,476.0,8376.0,477.1099021331325,8375.400003995352,0.13020402193069458,1,1.2081166077457628,0.4985444548817431,150,control
4493,480.0,8359.0,478.0,8358.0,0.13857753574848175,1,2.0791323818796865,,150,check
4494,529.0,8195.0,528.6399685752867,8194.289993718256,0.19704942405223846,1,0.5448675972131944,0.12669904103164026,150,control
4495,557.0,8202.0,556.6499670994506,8201.38998937873,0.20761163532733917,1,0.4609123890623054,0.20457384301257958,150,check
4496,542.0,8317.0,542.9900946620667,8316.480002367434,0.15537740290164948,1,1.0710678339270208,0.27837420545589375,150,control
4497,596.0,8238.0,596.2300129921069,8237.750102332957,0.22475598752498627,1,0.2776038849913138,0.5774724177365971,150,check
4498,611.0,8333.0,611.0198618078805,8332.390013826887,0.20437456667423248,1,0.35324618780421035,0.35280128523249527,150,control
4499,565.0,8232.0,565.3899355646399,8231.26000278782,0.2696249186992645,1,0.6447936559343622,0.3642742642162299,150,control
4500,617.0,8224.0,616.6900097492005,8223.389979475678,0.2277299463748932,1,0.4364017634473504,0.18495391035161796,150,control
4501,602.0,8302.0,601.1199076719577,8301.820029866067,0.22482366859912872,1,0.83317989875398,0.3378270287715867,150,control
4502,547.0,8383.0,548.3599944251789,8381.990048584736,0.19652529060840607,1,1.5971822593188125,0.34943414813508417,150,check
4503,492.0,8192.0,492.1300551564212,8191.400062108276,0.22353048622608185,1,0.37341050537898474,0.21581203953537148,150,control
4504,512.0,8319.0,512.0799987153034,8318.780010599156,0.19894848763942719,1,0.13975142115491532,0.19138496153360207,150,control
4505,597.0,8202.0,596.5299350185078,8201.710028666766,0.2907925844192505,1,0.4258335194323207,0.18092184974927172,150,control
4506,488.0,8295.0,488.10995450302767,8294.630027888328,0.18033050000667572,1,0.1868669635340955,0.2880083637410838,150,control
4507,613.0,8258.0,612.9299993962334,8257.359983284246,0.1989956945180893,1,0.3778097889432413,0.17351804984457936,150,check
4508,623.0,8317.0,624.2400426358687,8316.140030367153,0.3111713230609894,1,1.4236352780601955,0.5212284579595546,150,check
4509,482.0,8243.0,481.9899992063868,8242.119994565624,0.15875932574272156,1,0.6106661269163979,0.41114795132302884,150,control
4510,579.0,8272.0,578.2599363886013,8271.739980121905,0.18958105146884918,1,0.6911338325177697,0.8966668002666274,150,control
4511,604.0,8287.0,604.2199860998277,8286.39998449872,0.2304774820804596,1,0.4313367601981774,0.2167338287494054,150,check
4512,626.0,8367.0,626.4900255460695,8366.720007178514,0.16125643253326416,1,0.5458432921389405,0.336034543150742,150,check
4513,608.0,8374.0,607.3999399687405,8373.790023771582,0.2036609649658203,1,0.5472364416214006,0.5463070651968532,150,control
4514,644.0,8403.0,643.8200670719142,8402.580050913588,0.19165277481079102,1,0.1980799830411811,0.3205035338420536,150,control
4515,643.0,8263.0,642.3899810230306,8262.159996914823,0.1895604133605957,1,0.8056876182264664,0.16892290668416932,150,control
4516,520.0,8399.0,519.9499610955354,8398.680024016478,0.18788976967334747,1,0.0491319537325206,0.9910621888870034,150,control
4517,489.0,8264.0,489.13995647124,8263.310042414381,0.17435207962989807,1,0.45925669713925804,0.3009377929076805,150,control
4518,592.0,8342.0,592.0801244653267,8341.50994722054,0.18918471038341522,1,0.2610839666363933,0.3550369271462306,150,control
4519,510.0,8364.0,510.5599699631401,8363.499983563368,0.20255215466022491,1,0.654471732234733,0.38245649274063775,150,check
4520,662.0,8333.0,658.4901565908395,8328.630168252863,0.23730233311653137,0,5.368616855021254,6.211689869017827,150,control
4521,518.0,8200.0,517.6798298041011,8199.650009084262,0.23566196858882904,1,0.28879247848267625,0.4239595345705261,150,control
4522,561.0,8358.0,560.630045288073,8357.509918783018,0.18106815218925476,1,0.3864611983429975,1.4527298754547777,150,control
4523,629.0,8273.0,628.7499605936326,8272.589981524934,0.2550325095653534,1,0.24876844775554888,0.4164706366540774,150,control
4524,518.0,8351.0,519.1800829199532,8350.79999011083,0.18350224196910858,1,1.234619794545655,0.7083128310252175,150,control
4525,654.0,8201.0,652.8100003948672,8200.7799633871,0.17252688109874725,1,1.1445249657874972,0.967923191046951,150,control
4526,633.0,8407.0,632.5198914485803,8406.670040656361,0.1946093887090683,1,0.4270475282197371,0.48553693440714696,150,control
4527,528.0,8294.0,530.0,8292.0,0.2234860360622406,0,2.6828268902069055,,150,control
4528,494.0,8330.0,494.0,8332.0,0.1583721786737442,1,2.271965149026708,,150,control
4529,678.0,8300.0,677.3899823640687,8300.03000269031,0.22102020680904388,1,0.6282551215094256,0.3273522099153435,151,check
4530,701.0,8289.0,701.2199171554412,8288.470090873845,0.15978139638900757,1,0.38471070652320977,0.6418267204395376,151,control
4531,731.0,8408.0,731.1799435532345,8407.38999484604,0.16655541956424713,1,0.42551516459590716,0.18364825969917037,151,check
4532,732.0,8373.0,732.6400158904994,8372.009995842087,0.24477633833885193,1,1.0115456028151313,0.49033646825214594,151,check
4533,671.0,8277.0,670.779924427586,8276.660033467027,0.22403235733509064,1,0.1871106052521201,0.5471348273955658,151,control
4534,679.0,8336.0,679.5799303214038,8335.950018520112,0.24391871690750122,1,0.6686599583003557,0.39044876102579423,151,control
4535,766.0,8245.0,766.0199517962508,8244.279998082482,0.16072824597358704,1,0.4719931658506979,0.40538452388597035,151,control
4536,726.0,8294.0,721.6298575745737,8294.479916951714,0.15050791203975677,0,4.3794763150218525,1.172000737411889,151,check
4537,703.0,8383.0,704.1100446977115,8382.500013032457,0.2901822328567505,1,1.1925362643287996,0.33499809090042654,151,control
4538,741.0,8342.0,739.9199246035514,8342.040062455852,0.17112259566783905,1,1.0659379944143506,0.7663963280576589,151,control
4539,820.0,8303.0,816.2999141170792,8304.42009392044,0.11202115565538406,0,4.009601843489503,1.2809930292818361,151,check
4540,730.0,8359.0,726.9000029984874,8357.139992748676,0.21667763590812683,1,3.438995289455532,0.5877922461066821,151,control
4541,821.0,8402.0,820.8398800172301,8401.40005595262,0.12383437901735306,1,0.36055744316560595,0.39805623863518397,151,control
4542,756.0,8258.0,753.2299327698804,8257.21995848756,0.12521976232528687,1,2.7689261127738813,0.8822946610476273,151,control
4543,764.0,8203.0,763.3799876567058,8202.56002346776,0.20335043966770172,1,0.6014922193413247,0.1303467775306789,151,control
4544,755.0,8236.0,755.0800301443716,8235.03994430568,0.11219675838947296,1,0.7181200285197847,0.6291381139794222,151,check
4545,826.0,8352.0,827.2399755145535,8351.33994294382,0.12474226206541061,1,1.361228371572469,0.5847681586126575,151,control
4546,754.0,8380.0,754.509975588655,8379.169997708435,0.14549675583839417,1,0.80760707542637,0.43127227464485013,151,control
4547,670.0,8318.0,675.0,8318.0,0.22506707906723022,0,5.060309706519111,,151,control
4548,699.0,8402.0,700.0,8401.0,0.1341770738363266,1,1.2917719310262956,,151,control
4549,750.0,8353.0,749.8799682285276,8352.290040620841,0.18224141001701355,1,0.45785663949046146,0.2219326800616575,151,check
4550,687.0,8269.0,685.2100036681219,8268.740058144089,0.15995652973651886,1,1.7391396536053643,0.6259183807527587,151,control
4551,710.0,8342.0,709.9499519145817,8341.569984476606,0.26719385385513306,1,0.17147938749902222,0.2908395648646992,151,control
4552,788.0,8202.0,787.7298892367655,8200.980073477162,0.13139444589614868,1,0.7999317954427067,1.370494128436334,151,control
4553,718.0,8213.0,717.1499558206582,8212.330041629002,0.13450226187705994,1,0.902634847880614,0.615944328262199,151,control
4554,809.0,8401.0,803.0,8403.0,0.1303330361843109,0,6.352233509121782,,151,control
4555,714.0,8322.0,714.0299493920037,8321.469989744543,0.19951747357845306,1,0.2848496237286917,0.2125707353573657,151,control
4556,701.0,8252.0,702.5000564277127,8250.989940543928,0.16505391895771027,1,1.7232856091828015,0.5966546127876475,151,control
4557,727.0,8335.0,725.0801323052423,8334.749980984925,0.1734326034784317,1,1.8642884996961973,1.0081265078469044,151,control
4558,702.0,8215.0,697.2001624262061,8215.619933255792,0.23707318305969238,0,4.832158786175355,1.712331223718832,151,control
4559,678.0,8361.0,678.6499816445571,8359.98005202055,0.21207775175571442,1,1.0367735179018767,0.5086928600577483,151,control
4560,757.0,8306.0,752.5102688334481,8307.889849084553,0.15405701100826263,0,4.926792306682445,1.7679733054369426,151,control
4561,734.0,8192.0,733.749948454883,8191.460130896567,0.19804786145687103,1,0.3503241774072426,0.7221096802750975,151,control
4562,828.0,8340.0,827.0,8340.0,0.12738782167434692,1,0.9751130690985048,,151,control
4563,789.0,8359.0,790.0,8360.0,0.155787393450737,1,1.6410816984956609,,151,control
4564,781.0,8304.0,780.8099785593799,8303.59007099752,0.11512432992458344,1,0.20665897770916383,0.19246128286701664,151,control
4565,786.0,8395.0,784.2600229727977,8395.959949716647,0.11550267040729523,1,2.0730608198319245,0.8554400710073893,151,check
4566,807.0,8338.0,804.6400573257755,8337.299972642631,0.13389699161052704,1,2.345658044688039,0.9093451719033171,151,control
4567,812.0,8287.0,813.3098940730222,8286.320009612633,0.10950461030006409,1,1.4300572234982687,0.8354540420949039,151,control
4568,744.0,8277.0,743.0199508678397,8276.369994084067,0.1310187131166458,1,1.0004009213079965,0.6716612897980881,151,control
4569,749.0,8205.0,748.5299269722786,8204.489994013844,0.17125609517097473,1,0.4936263880754588,1.0542439971977555,151,control
4570,691.0,8409.0,695.0101402634887,8409.280001143434,0.13139277696609497,0,4.105399595897954,1.6819777027345162,151,control
4571,823.0,8317.0,820.3900728682229,8316.869989167244,0.16731631755828857,1,2.5564335893210104,2.333717884236915,151,control
4572,724.0,8312.0,724.6799615372178,8311.799971473203,0.24502715468406677,1,0.7363917830449898,0.74847806209701,151,check
4573,675.0,8193.0,672.8599754096277,8193.68006751489,0.19833137094974518,1,2.2944212147902867,0.5535790682513027,151,control
4574,683.0,8211.0,683.1799982263296,8205.0902303082,0.15150389075279236,0,5.65675564602141,0.7780223841805075,151,control
4575,742.0,8222.0,741.529927797533,8221.409997567991,0.18239805102348328,1,0.5383664344374494,0.6319620875914108,151,control
4576,624.0,8493.0,624.0798678074409,8492.55005176436,0.27676859498023987,1,0.23239161493883323,0.4958453331585841,154,control
4577,483.0,8544.0,483.18998506002634,8543.629973971081,0.16437353193759918,1,0.27020702283185893,0.1108273022456592,154,control
4578,512.0,8480.0,512.3299906001445,8479.490026061854,0.24110129475593567,1,0.45635668403840957,0.1337292550046032,154,control
4579,592.0,8411.0,592.049966246434,8410.750066364992,0.24718065559864044,1,0.10887573463167949,0.14538915505305983,154,control
4580,621.0,8423.0,621.1399730794822,8422.700113941566,0.19044557213783264,1,0.2017580854243348,0.3285037892337568,154,control
4581,543.0,8542.0,542.9199608809884,8541.830017042985,0.16587477922439575,1,0.10375098747469298,0.2048495122591513,154,control
4582,486.0,8511.0,486.34997949908643,8510.479982285613,0.2046981155872345,1,0.47870803075883517,0.10372728837652277,154,control
4583,533.0,8607.0,533.0099148283574,8606.600038505243,0.20463165640830994,1,0.147836295121084,0.1831571831355195,154,control
4584,492.0,8454.0,493.4900260618535,8453.670009399855,0.2035328447818756,1,1.549250637108284,0.4048929309236728,154,check
4585,593.0,8461.0,592.3699474909522,8461.190050118206,0.23324911296367645,1,0.7308328542922641,0.6719300326845794,154,control
4586,470.0,8535.0,469.9099640073329,8534.570028490802,0.1316930204629898,1,0.15561536230596315,0.19992991799393026,154,control
4587,593.0,8533.0,593.1200347630191,8532.419972262938,0.18554458022117615,1,0.3615298288885265,0.22438628597610216,154,control
4588,509.0,8581.0,508.81001277368125,8580.580016699287,0.16364093124866486,1,0.19042089118739738,0.17410389292166784,154,control
4589,510.0,8433.0,510.6599274893555,8432.880022455245,0.21099288761615753,1,0.7332312001950241,0.5754610804483641,154,control
4590,639.0,8522.0,639.5398935515906,8521.380053746454,0.2861703336238861,1,0.7007565106264679,0.5618424206692667,154,control
4591,526.0,8529.0,526.0099383143532,8528.629938003114,0.1774912029504776,1,0.12136451479621181,0.5735866510059994,154,control
4592,576.0,8494.0,576.1399997633382,8493.420027211752,0.27121222019195557,1,0.3704119163169154,0.19414084522542102,154,control
4593,541.0,8486.0,541.3899427856147,8485.560033886595,0.20502901077270508,1,0.4814157671859987,0.16592660648550583,154,check
4594,517.0,8504.0,517.0500385949942,8503.349974650717,0.19437240064144135,1,0.39287634750166045,0.2912776808658919,154,control
4595,487.0,8438.0,487.30998829082057,8437.800012083226,0.19206106662750244,1,0.37447987329094684,0.36078053187880876,154,control
4596,570.0,8414.0,570.2699493547149,8413.440037979932,0.2482239007949829,1,0.4382796350644804,0.35730083675431806,154,check
4597,590.0,8596.0,594.0,8597.0,0.17504112422466278,0,4.262533359457822,,154,control
4598,614.0,8521.0,614.0799915974853,8520.469979944648,0.19192853569984436,1,0.29936322399463033,0.2013028598185879,154,check
4599,495.0,8497.0,494.6199734869377,8496.900010838403,0.14164482057094574,1,0.3638318576737969,0.3770829255523563,154,control
4600,468.0,8452.0,468.5199718433698,8451.48998359501,0.11688869446516037,1,0.6234475240297407,0.1548900422668625,154,control
4601,636.0,8598.0,635.6299325358044,8597.52003813943,0.1439308077096939,1,0.3676520685513824,0.3470806257813564,154,control
4602,534.0,8555.0,534.2498977701994,8554.220013436376,0.13362827897071838,1,0.5965671595151351,0.3813252372551533,154,check
4603,509.0,8460.0,509.3499870295316,8459.750014717192,0.22622598707675934,1,0.4095120310910789,0.2013147990179021,154,check
4604,621.0,8444.0,620.3399502679518,8444.05005602849,0.24403414130210876,1,0.6781063543182001,0.9627015205060087,154,control
4605,590.0,8519.0,591.3498382755456,8518.249979023994,0.17942461371421814,1,1.4933533432975776,2.0447514280680816,154,control
4606,566.0,8626.0,565.3499859979638,8625.850010274511,0.16580171883106232,1,0.5929477190830768,0.3222770456631485,154,control
4607,476.0,8564.0,476.7099292911289,8563.490040297489,0.20186874270439148,1,0.8086892076509314,0.5388593941261118,154,control
4608,581.0,8468.0,582.4499910457056,8467.930052178755,0.25024354457855225,1,1.5238114953751127,1.306050381275774,154,control
4609,539.0,8437.0,539.309979522494,8436.649974320426,0.21226736903190613,1,0.376505622434124,0.3014971473376581,154,control
4610,534.0,8597.0,534.7999123981169,8596.739985692371,0.20510625839233398,1,0.8676195572753737,0.5153748809757426,154,control
4611,631.0,8607.0,630.6399636237611,8606.76997239338,0.22334201633930206,1,0.2925205620470479,0.5575133512090592,154,control
4612,656.0,8623.0,655.509980849651,8622.660020366116,0.2071554958820343,1,0.4247650209276959,0.2319195215976777,154,control
4613,650.0,8602.0,649.3600318373404,8601.670008058818,0.2018599659204483,1,0.5732768518632475,0.138884896955165,154,control
4614,485.0,8490.0,485.3899880376918,8489.480027125062,0.16080217063426971,1,0.5125264890343273,0.4009146805677834,154,check
4615,581.0,8530.0,580.7299713852203,8529.63002396837,0.16157646477222443,1,0.22856424131134748,0.23914110503763839,154,control
4616,654.0,8494.0,654.1997232126603,8493.13005818172,0.14299273490905762,1,0.659873728469751,0.9162867803172016,154,check
4617,634.0,8537.0,633.7400170182834,8536.470020864139,0.2002381682395935,1,0.32683263858793987,0.421020335077587,154,control
4618,527.0,8630.0,527.7099144703029,8629.62017811815,0.10608723014593124,1,0.7863338738499938,1.361583879708176,154,control
4619,654.0,8471.0,653.449981761595,8470.830012194616,0.32198503613471985,1,0.49674281866503933,0.5635108767387772,154,control
4620,647.0,8444.0,646.800001561233,8443.70996639382,0.16927534341812134,1,0.14173251048465738,0.610186577443377,154,check
4621,561.0,8566.0,560.9499637776117,8565.420035567451,0.17783857882022858,1,0.30845304497999226,0.593810959859089,154,control
4622,580.0,8604.0,580.0399393541546,8603.399948530754,0.18688420951366425,1,0.34607073315121095,0.37055866511261515,154,control
4623,635.0,8555.0,634.6299222201261,8554.519993712607,0.20996811985969543,1,0.37025988255268905,0.5626166548004463,154,control
4624,494.0,8607.0,493.65001255784125,8606.289983505734,0.118198461830616,1,0.517280407768519,0.46112717725832786,154,control
4625,745.0,8437.0,745.189986194751,8436.51997885803,0.1760808676481247,1,0.33566675772826504,0.07787405055718413,155,control
4626,745.0,8477.0,744.3099700658207,8477.260135243034,0.24075981974601746,1,0.8130154112641858,0.6003389211423273,155,control
4627,825.0,8548.0,823.1699685488171,8548.010100478721,0.1826094686985016,1,1.7797175011437998,0.18666376276666527,155,control
4628,752.0,8568.0,752.0099800590997,8567.889916136462,0.2780902087688446,1,0.17042907119315,0.3700805883845226,155,control
4629,755.0,8532.0,754.3599436026356,8531.610031355784,0.2396969050168991,1,0.5867328028977773,0.1679220121429993,155,control
4630,795.0,8620.0,794.389976999916,8619.549979588362,0.30799001455307007,1,0.5690178392480745,0.23782020648938604,155,control
4631,817.0,8609.0,816.9500001582055,8608.199990598852,0.16035974025726318,1,0.5431127166998655,0.47112298067117503,155,control
4632,741.0,8599.0,740.4199851575354,8598.63002077051,0.2347973883152008,1,0.5196742699296484,0.1663147920619621,155,control
4633,745.0,8576.0,744.6599629415382,8575.749973488231,0.3119909465312958,1,0.2698341725429312,0.25599983662392395,155,control
4634,798.0,8535.0,793.9199590241662,8535.010009046156,0.12262196838855743,0,4.0199934677504325,0.7380418330601186,155,control
4635,803.0,8498.0,802.9299746723561,8497.450078455156,0.13981635868549347,1,0.2938419899152617,0.2674926233289378,155,control
4636,780.0,8598.0,775.6998941800576,8600.630088717078,0.11807984858751297,0,5.120892252826305,0.6368338821635035,155,control
4637,812.0,8616.0,811.0,8616.0,0.25417667627334595,1,0.9611152729633431,,155,control
4638,776.0,8514.0,775.059909409156,8513.910025248711,0.2527715861797333,1,0.8888186595582058,0.572439267982626,155,check
4639,797.0,8489.0,797.040003483923,8488.490023070306,0.2575173079967499,1,0.27504227381243135,0.10165987938511117,155,control
4640,708.0,8605.0,706.459903501457,8604.760080465829,0.21158528327941895,1,1.4688684311030942,0.5532019058663469,155,check
4641,804.0,8574.0,803.0,8572.0,0.26095855236053467,1,1.9744719458833824,,155,check
4642,763.0,8595.0,762.3599883389287,8594.58002237291,0.2671099603176117,1,0.5900854128517999,0.2637340492312794,155,control
4643,739.0,8453.0,738.9400067918807,8452.600017151788,0.20136825740337372,1,0.140954860172234,0.22596611196187877,155,control
4644,696.0,8574.0,695.6999483036182,8573.690120162613,0.29344749450683594,1,0.23521483814379499,0.15551798897296262,155,control
4645,729.0,8513.0,724.0,8513.0,0.10076000541448593,0,4.940641678775852,,155,check
4646,762.0,8484.0,761.9199609841451,8483.820017487253,0.3426494300365448,1,0.07969090474292831,0.14555084495078716,155,control
4647,798.0,8440.0,798.1299989697251,8439.540021777377,0.157210573554039,1,0.28156494617153927,0.08721553801233928,155,control
4648,756.0,8618.0,755.1699925505969,8617.990002197934,0.24930310249328613,1,0.7974732234212742,0.24316408963098762,155,control
4649,779.0,8572.0,778.719962545378,8571.529983881072,0.24857835471630096,1,0.2971402559712013,0.23240422572431718,155,control
4650,700.0,8510.0,711.5299194418335,8510.219961582265,0.15428315103054047,0,11.60577794398702,1.151829141231084,155,control
4651,783.0,8449.0,783.2399397529006,8448.49999057803,0.10684269666671753,1,0.38921866533773414,0.19288544136717006,155,control
4652,777.0,8415.0,777.1000227569577,8414.669916523095,0.10329204797744751,1,0.177601897081125,0.574580273586713,155,check
4653,765.0,8465.0,764.8399672203673,8464.560028212973,0.27579981088638306,1,0.20591542146548503,0.17315445786037614,155,control
4654,711.0,8577.0,711.3799909577228,8576.240037684343,0.3230130672454834,1,0.6702001424352172,0.45288520166835056,155,control
4655,825.0,8529.0,825.0,8527.0,0.1691192388534546,1,1.7460171783287726,,155,control
4656,669.0,8502.0,669.2499916785274,8501.730014574161,0.3925400674343109,1,0.31456421634867937,0.14929035408236757,155,check
4657,815.0,8431.0,815.0599430045166,8430.95996828487,0.11837128549814224,1,0.24689599133220547,0.2542996968212207,155,control
4658,676.0,8547.0,675.5600027332464,8546.62992304538,0.2759610712528229,1,0.3872751742403191,0.1392522889512202,155,control
4659,782.0,8494.0,782.0899895027086,8493.629972939512,0.2788105607032776,1,0.19266641892460815,0.23131017951675859,155,control
4660,676.0,8455.0,676.4199408338693,8454.620031530456,0.2937633693218231,1,0.4958064803939509,0.48744680625216386,155,check
4661,810.0,8457.0,809.8999985627456,8456.569973645142,0.14083778858184814,1,0.17869657202516623,0.2049879200800187,155,check
4662,691.0,8606.0,690.5599601632456,8605.449941357887,0.24048061668872833,1,0.4662245041408198,0.4147082167174426,155,control
4663,811.0,8417.0,811.37002056161,8416.71996151381,0.12262456119060516,1,0.4329988694778389,1.5403345078173487,155,control
4664,669.0,8569.0,668.369998107182,8568.59006645862,0.2298780232667923,1,0.5797548924420243,0.23727456174029835,155,control
4665,748.0,8543.0,748.1700420321021,8542.500013651399,0.26234686374664307,1,0.33819141316819484,0.38457748429906635,155,control
4666,703.0,8423.0,703.2899355715805,8422.689982652717,0.19441582262516022,1,0.35384492520231553,0.2678681155432483,155,control
4667,823.0,8469.0,823.0,8469.0,0.24708101153373718,1,0.2626505732955457,,155,control
4668,703.0,8471.0,699.7801577026328,8469.580029869605,0.26423048973083496,0,3.3624353551647808,1.6943574523273552,155,check
4669,818.0,8520.0,818.4899407155385,8519.330045136332,0.2594892084598541,1,0.695371306384164,0.5663293965521454,155,control
4670,707.0,8462.0,707.3602990172182,8461.609948830357,0.11719295382499695,1,0.44235975933824384,0.7293013565344539,155,control
4671,821.0,8594.0,822.0,8641.0,0.11740221083164215,0,47.27000012621256,,155,control
4672,612.0,8821.0,612.4499515704083,8819.450083819309,0.19836045801639557,1,1.3827225614846943,0.7550738802847147,158,check
4673,503.0,8805.0,501.77996875125206,8804.670022707081,0.16508454084396362,1,1.1417001609524664,0.26714144868573697,158,control
4674,609.0,8846.0,609.0299955724918,8845.299986981423,0.23151174187660217,1,0.44048843955961076,0.5993487017769275,158,control
4675,583.0,8780.0,581.1299490755928,8779.07000854684,0.24130743741989136,1,1.9066888490850236,0.33173783803776896,158,control
4676,562.0,8636.0,561.5200221501292,8635.91999860262,0.1434539556503296,1,0.45283292397351627,0.2419867839971261,158,control
4677,613.0,8784.0,612.2899109508601,8783.770078267895,0.15840615332126617,1,0.6312461463704528,0.3449405829243619,158,control
4678,512.0,8692.0,510.87999645973537,8691.859960555052,0.12554603815078735,1,1.0561447270804984,0.3899057509241602,158,check
4679,561.0,8682.0,559.4499754690313,8682.439985094254,0.14233623445034027,1,1.640484456663121,0.6059010331426241,158,control
4680,508.0,8768.0,507.0000036104874,8767.650015549389,0.1342633217573166,1,0.9254133482417197,0.47958303813204634,158,control
4681,520.0,8739.0,519.5599787314667,8738.650021326168,0.19111205637454987,1,0.3712980517630879,0.34101444697931294,158,control
4682,587.0,8643.0,585.9600476480907,8642.85999549145,0.1922968029975891,1,0.9775403799691371,0.23413720022080353,158,control
4683,543.0,8808.0,542.9800727550636,8807.340107653357,0.291059285402298,1,0.386907220012162,0.3649897813662563,158,control
4684,577.0,8749.0,576.3699434678376,8748.580032791744,0.21124188601970673,1,0.5713509101824051,0.14871852281517964,158,control
4685,521.0,8834.0,520.47002695039,8833.670009193542,0.26815101504325867,1,0.4512722593368838,0.3695013324429489,158,check
4686,537.0,8720.0,536.4999821191735,8719.580023817105,0.13960376381874084,1,0.44861616006022725,0.23878155341565704,158,control
4687,640.0,8816.0,639.9700017454318,8814.960001467603,0.10227073729038239,1,0.7697378580183081,0.3007927658566957,158,control
4688,596.0,8695.0,595.4699802541179,8694.89000973532,0.13743506371974945,1,0.48345016761464277,0.27337828002618186,158,control
4689,556.0,8657.0,555.0999920499871,8656.339985926448,0.17824877798557281,1,0.9139359452948836,1.0192183262458274,158,control
4690,508.0,8783.0,507.76997156812627,8782.440032822093,0.1431601196527481,1,0.3190451078698601,0.15301189067172596,158,control
4691,575.0,8840.0,571.0,8840.0,0.15566401183605194,0,3.926871294025429,,158,control
4692,613.0,8721.0,612.3100250840414,8720.539968891697,0.1700296700000763,1,0.6416483771545626,0.23617560304053414,158,control
4693,569.0,8792.0,568.529972121199,8791.419986808043,0.27675721049308777,1,0.4946380558614384,0.17360790156585462,158,control
4694,499.0,8653.0,499.309801196262,8652.710012917529,0.11638874560594559,1,0.3802681178574208,0.7479073380765748,158,control
4695,575.0,8738.0,574.1299076403166,8737.780031746295,0.1058817133307457,1,0.7951458195169682,0.4006147305767557,158,control
4696,585.0,8654.0,583.990037753273,8653.689958926658,0.15298713743686676,1,0.9387535258679746,0.21833849111392004,158,control
4697,533.0,8843.0,532.2000353351447,8843.01999085892,0.3363717496395111,1,0.7774755643901802,0.5114681826499992,158,control
4698,490.0,8817.0,489.49998552334733,8816.250038477956,0.1270768791437149,1,0.629548888627241,0.10799282368760892,158,check
4699,485.0,8739.0,484.2999460619313,8738.630029848306,0.11739261448383331,1,0.631392586468242,0.5019968267441782,158,check
4700,518.0,8648.0,515.0,8650.0,0.1855795681476593,1,3.7100263249214085,,158,control
4701,531.0,8796.0,530.9400524565849,8795.480012167329,0.16511937975883484,1,0.2425439992328265,0.43913313446904595,158,control
4702,548.0,8649.0,548.0199330217163,8648.099917225663,0.11653366684913635,1,0.6323191516723154,0.5526063782740456,158,control
4703,513.0,8640.0,513.0999473830999,8639.669793558305,0.1311582773923874,1,0.17806090616672532,0.4882506678022283,158,control
4704,520.0,8752.0,519.5399787947488,8751.73001756571,0.20235171914100647,1,0.38351596653675546,0.6911066921995412,158,control
4705,531.0,8816.0,530.6100054634309,8815.14994488604,0.28644174337387085,1,0.6498024197011241,0.2123812292692221,158,control
4706,521.0,8798.0,520.700008479678,8797.46997602469,0.22751295566558838,1,0.33429429419713425,0.3290546724256452,158,control
4707,524.0,8790.0,523.2098863432041,8789.499956157415,0.14196190237998962,1,0.744872226614739,0.4375890706084362,158,control
4708,660.0,8850.0,660.6099307422645,8848.780026382143,0.1611623466014862,1,1.1759151026157768,0.3270975731183595,158,control
4709,610.0,8641.0,608.8500091397863,8640.760009115085,0.2363443821668625,1,1.0787448966052844,0.21463000252927916,158,check
4710,490.0,8690.0,489.479925789446,8689.81997883721,0.11177229136228561,1,0.4585176873008238,0.6335692432443651,158,check
4711,536.0,8646.0,535.889997975446,8645.669969099305,0.15406720340251923,1,0.06770739443142178,0.3674451341137178,158,control
4712,567.0,8702.0,564.0099943978926,8702.499977889745,0.16207236051559448,1,3.0165949522558972,1.2796814350736099,158,control
4713,571.0,8801.0,570.7701834897189,8800.429937261148,0.14471636712551117,1,0.3298524378091441,0.3629687220030708,158,control
4714,498.0,8740.0,497.64997483620937,8739.640022698846,0.1045677661895752,1,0.2862408067336453,0.5715908977474796,158,check
4715,548.0,8748.0,547.6800528666263,8747.559961504285,0.23158535361289978,1,0.29307171948665633,0.29755382001774366,158,check
4716,583.0,8766.0,582.0000026820763,8765.740011550974,0.22839480638504028,1,0.9214629239721868,0.34032530158785723,158,control
4717,589.0,8727.0,587.1999463783422,8727.030011046008,0.15894821286201477,1,1.7501452430025328,0.3206210623760848,158,control
4718,597.0,8734.0,596.5399782789649,8733.780015344368,0.14804372191429138,1,0.3866686463320368,0.41108749062397193,158,control
4719,536.0,8696.0,534.0,8698.0,0.12173419445753098,1,2.9818858988094084,,158,control
4720,620.0,8769.0,620.0899994057598,8768.670015589263,0.13962584733963013,1,0.1790933010737918,0.4259953381324221,158,control
4721,794.0,8778.0,793.6299848025427,8777.760061588138,0.3087550401687622,1,0.287370253771822,0.35341668647377666,159,control
4722,800.0,8801.0,799.369991917775,8800.190039802528,0.27467769384384155,1,0.7727196804589789,0.23415384186695443,159,control
4723,775.0,8688.0,774.059999088056,8687.8300081715,0.33271682262420654,1,0.8671205557186034,0.17216165233384195,159,check
4724,706.0,8674.0,704.7999600228001,8673.429989149008,0.16725797951221466,1,1.1650501512307232,0.3763296133721169,159,control
4725,749.0,8691.0,747.5400228089445,8690.770005472958,0.35024315118789673,1,1.382990034424385,0.13844385669207573,159,control
4726,806.0,8655.0,805.0799978900492,8654.86000704501,0.3271283507347107,1,0.8520048233017482,0.10804138145318005,159,check
4727,815.0,8801.0,813.520019364896,8800.189986607378,0.24984166026115417,1,1.4987723725093127,0.47513757908727206,159,control
4728,818.0,8758.0,816.9600082759503,8757.370027576271,0.2565862536430359,1,1.026145840640347,0.2828113473772075,159,control
4729,669.0,8840.0,667.9599676659284,8839.000054329874,0.12947160005569458,1,1.2017418864326042,0.811037045651269,159,control
4730,753.0,8848.0,753.5599729546867,8847.209996447147,0.226511612534523,1,0.8325414048734264,0.32376069096247273,159,control
4731,788.0,8676.0,787.1698628806158,8675.640048694357,0.23211359977722168,1,0.7594224519255689,0.43160511570132265,159,control
4732,797.0,8824.0,796.8199261578437,8823.320048984775,0.24945135414600372,1,0.4275369412154837,0.18684578863695306,159,check
4733,741.0,8663.0,740.4699829361942,8662.630021286293,0.3052949905395508,1,0.4668632423061916,0.2914377344189893,159,control
4734,721.0,8648.0,720.2399923291092,8647.710015359542,0.2588058412075043,1,0.6862301035901687,0.11736260982532984,159,control
4735,790.0,8686.0,788.5899307023899,8685.870022177416,0.2862150967121124,1,1.3385680241486004,0.2803267335276649,159,control
4736,782.0,8835.0,781.9700020549021,8833.930002800407,0.22275806963443756,1,0.8080620300080915,0.23789418767668152,159,control
4737,795.0,8696.0,793.9700034990972,8695.790009020162,0.32618027925491333,1,0.9527433605506195,0.12076643679881896,159,check
4738,776.0,8744.0,774.9100917867411,8743.409772202265,0.10378612577915192,1,1.0607043383864927,0.30521790795335113,159,control
4739,805.0,8730.0,806.4901125428931,8728.89997855033,0.17963314056396484,1,1.7812358549714793,0.6103834461274463,159,check
4740,686.0,8725.0,685.1199544713866,8724.590029768557,0.1277637928724289,1,0.8143917065088528,0.3169543607928674,159,control
4741,689.0,8640.0,684.0,8640.0,0.13759751617908478,0,4.934075905593676,,159,control
4742,744.0,8776.0,743.379988997744,8775.430029243247,0.1653747707605362,1,0.6180565693106971,0.22831046415322329,159,check
4743,744.0,8764.0,742.8298903307988,8763.749896703928,0.13401129841804504,1,1.0885395022979316,0.5103231331489001,159,check
4744,807.0,8721.0,807.8100159715415,8720.270030471602,0.22052980959415436,1,1.00670026294417,0.5931494233781038,159,control
4745,736.0,8655.0,734.9599598260129,8654.760020565489,0.28688114881515503,1,0.9653402308982179,0.8574010499461576,159,control
4746,773.0,8670.0,771.6499722572897,8669.89001159214,0.3447149097919464,1,1.2823863828493518,0.22440573194142807,159,control
4747,769.0,8795.0,767.0,8795.0,0.2299346774816513,1,1.934093942435912,,159,control
4748,775.0,8646.0,773.8997753970636,8645.670020780852,0.12390381842851639,1,1.0273655986165267,0.26620055857260777,159,control
4749,793.0,8709.0,789.0,8709.0,0.1910191774368286,0,3.929393349978341,,159,control
4750,818.0,8818.0,814.9599075592745,8818.519997116782,0.17111651599407196,1,3.0554008682928666,1.7966970962907807,159,control
4751,777.0,8653.0,776.0599912481404,8652.589974407116,0.30763375759124756,1,0.8771536852395363,0.37434250661225543,159,control
4752,815.0,8707.0,813.6999720990843,8706.69002099329,0.29270079731941223,1,1.2214377352934562,0.10392938321295116,159,control
4753,820.0,8666.0,821.0,8659.0,0.10056567937135696,0,6.827302470908896,,159,control
4754,705.0,8721.0,704.1799942726211,8720.780011630723,0.2567656636238098,1,0.7431162094142368,0.12679742022321738,159,check
4755,787.0,8750.0,785.5999757165123,8749.770016407576,0.21479831635951996,1,1.3187471548139955,0.36503630261345327,159,control
4756,745.0,8816.0,744.4598791564562,8815.119975618527,0.14024968445301056,1,0.7645893350560691,0.2931688333129589,159,control
4757,763.0,8837.0,762.3599723496272,8836.129953511334,0.1875857710838318,1,0.8200124609481441,0.1240535658448914,159,control
4758,810.0,8637.0,806.6099869289606,8638.640066713042,0.28032827377319336,1,3.819899952337688,0.5985253738113149,159,control
4759,807.0,8698.0,805.7599684019071,8697.79001716955,0.18533577024936676,1,1.1621580539243968,0.15554574519765024,159,control
4760,750.0,8801.0,749.5699382961172,8800.220050848537,0.1418525129556656,1,0.6202613585079594,0.3243892379661959,159,control
4761,800.0,8745.0,799.3700484833475,8744.319880115216,0.15372690558433533,1,0.6900954592789642,0.2551193220486052,159,check
4762,720.0,8693.0,716.2600109372048,8693.82009953255,0.1727321296930313,1,3.8204080151351025,1.2136360012447545,159,control
4763,751.0,8753.0,750.3399722065959,8752.22994886234,0.2531343996524811,1,0.7687566895015271,0.3841364600212778,159,control
4764,771.0,8721.0,770.3700572516741,8720.469917878016,0.14506563544273376,1,0.611976283066805,0.4674269579679307,159,control
4765,812.0,8837.0,813.0,8835.0,0.37267807126045227,1,2.05002623618692,,159,control
4766,743.0,8842.0,743.2599881395557,8841.030001349272,0.20297621190547943,1,0.784219149366754,0.25276666119995816,159,control
4767,628.0,8925.0,628.5799723756206,8924.179997986264,0.26653358340263367,1,0.8629946366775589,0.1721235312543395,162,control
4768,608.0,8900.0,608.4699871656223,8899.220039501291,0.2775519788265228,1,0.7515335085186226,0.14424632525270742,162,control
4769,548.0,8908.0,548.1199060214492,8906.980022757774,0.2196691930294037,1,0.7688165340506842,0.7015576108766572,162,control
4770,492.0,8878.0,492.41990177119925,8877.100064948083,0.1343717873096466,1,0.7969783441403905,0.7466203971704677,162,control
4771,571.0,8951.0,569.7999842646441,8951.080093552042,0.1323847770690918,1,1.1670841452516938,1.226271129406919,162,check
4772,523.0,8902.0,523.6099719712271,8901.09000229415,0.2897494435310364,1,0.9379963457950613,0.09926757584617464,162,control
4773,619.0,8884.0,619.3499833158874,8883.109998723538,0.34927642345428467,1,0.7544006634414816,0.053516915645767694,162,check
4774,578.0,9068.0,579.0100155450332,9067.450068964732,0.17695216834545135,1,1.1389907523045688,0.18292041068541254,162,control
4775,539.0,9059.0,539.8600109649673,9058.540018992144,0.2769509255886078,1,0.971684257991691,0.3289604406663642,162,control
4776,525.0,8860.0,525.3998170039504,8858.79009914544,0.21379080414772034,1,1.0480113516466125,0.6603788547880118,162,control
4777,589.0,8868.0,589.299966693288,8866.630118701953,0.18462252616882324,1,1.1594822299541696,0.7265665556164109,162,control
4778,532.0,8855.0,532.2200322803158,8854.229981735602,0.2804703414440155,1,0.5767370913770261,0.3547375132614785,162,control
4779,612.0,9033.0,612.2499837354551,9032.499980365508,0.2798158824443817,1,0.4104646827722859,0.5650930801056296,162,control
4780,643.0,8929.0,641.6899760506832,8928.350035995252,0.17499388754367828,1,1.276998878077576,0.6601852079827959,162,control
4781,540.0,9042.0,540.9399350285103,9041.249909736387,0.20588958263397217,1,1.135121437304028,0.258416643685952,162,control
4782,509.0,8999.0,510.46997612784656,8998.28999196459,0.10386856645345688,1,1.6184111366133216,0.13387652371247558,162,control
4783,662.0,9050.0,663.4500212368923,9049.309980554062,0.25065430998802185,1,1.6019006596015926,0.5798175528151862,162,control
4784,505.0,8979.0,506.23998675864294,8978.249991369057,0.12036652863025665,1,1.4094253039429827,0.3615056921757351,162,check
4785,611.0,8945.0,611.9200478778118,8944.009988414798,0.3042694926261902,1,1.2367185175612718,0.1074676268572708,162,check
4786,508.0,8885.0,508.79997250477084,8884.220042905465,0.28482651710510254,1,1.0152120501387218,0.3587770233600113,162,control
4787,659.0,8872.0,658.9099257699171,8870.970065462574,0.1800592839717865,1,0.7579162360535546,0.4106169073481178,162,control
4788,637.0,9068.0,637.8600040534627,9067.209989226172,0.28295624256134033,1,1.0865017155331949,0.1441444781319365,162,control
4789,577.0,8965.0,578.0699611284693,8964.160048356307,0.25177034735679626,1,1.2890376982144112,0.14708901283125045,162,control
4790,515.0,8927.0,515.6500185409348,8925.71000927329,0.11915077269077301,1,1.2489178605760851,0.32109219971322694,162,control
4791,521.0,9057.0,522.0099579141421,9056.730022414078,0.21671162545681,1,1.1049762966721268,0.46218362409535124,162,control
4792,652.0,8893.0,652.0698446288058,8891.839949923778,0.16336672008037567,1,0.9010640198539034,0.29392323646881746,162,control
4793,570.0,8860.0,570.459977397369,8859.20999541558,0.26281484961509705,1,0.7476721512869742,0.28316562931144323,162,control
4794,591.0,8946.0,591.6299782005086,8945.40003315497,0.21358682215213776,1,0.7885346742406943,0.21151962034003932,162,check
4795,513.0,9047.0,511.5699753988085,9049.930008989813,0.14348462224006653,0,3.480842163676732,1.3968088703030244,162,control
4796,643.0,9016.0,644.3699900609529,9015.3700318057,0.20258308947086334,1,1.507056300071153,0.2934363328118543,162,control
4797,497.0,8907.0,497.8099703068373,8906.390035456061,0.13885046541690826,1,0.953453838421777,0.1880372920692851,162,control
4798,585.0,9047.0,586.5300752104807,9046.040027485702,0.1810731738805771,1,1.7621889540174656,0.3043836830901511,162,control
4799,636.0,9013.0,637.3299832760129,9012.199994518809,0.16289545595645905,1,1.5177898356121837,0.4998047624363389,162,control
4800,524.0,8909.0,524.5899381296783,8908.150054164727,0.31867143511772156,1,0.8836879371605479,0.1345785819232188,162,control
4801,580.0,8919.0,580.6198491811093,8918.030080436774,0.21444058418273926,1,0.9899270166489073,0.5866335201102807,162,control
4802,622.0,8966.0,623.0,8965.0,0.21859072148799896,1,1.3096980136816336,,162,control
4803,552.0,8935.0,553.0700765628144,8933.88994055087,0.1199188306927681,1,1.4251992577979102,0.5290313519587226,162,control
4804,552.0,9038.0,551.7900808866896,9037.370104360572,0.18204845488071442,1,0.3668730702377393,0.9300221390167361,162,control
4805,605.0,9062.0,605.2200380570956,9061.670006614622,0.24931728839874268,1,0.32097145485821776,0.5441156825621924,162,check
4806,495.0,8984.0,496.6599806845049,8983.030049902365,0.11912193894386292,1,1.879651576957614,0.23651268310862922,162,check
4807,486.0,8974.0,488.50001891239435,8973.319980625578,0.13459300994873047,1,2.619365573254588,0.7184163695764646,162,check
4808,640.0,9036.0,641.4599783257801,9035.119999413993,0.16463962197303772,1,1.6689658519694537,0.3571490328254095,162,control
4809,535.0,8954.0,535.0,8957.0,0.14232970774173737,0,3.2823505287047037,,162,control
4810,566.0,8995.0,567.3199421818481,8993.920017170842,0.2895853817462921,1,1.6229041138011897,0.6991643089076756,162,control
4811,607.0,8911.0,607.4699775720416,8910.149998184346,0.29741984605789185,1,0.8004651631600743,0.2210605813990221,162,check
4812,592.0,9004.0,593.6699801370798,9003.040049561254,0.3059617578983307,1,1.8901949750716618,0.45957164368429876,162,control
4813,761.0,8950.0,761.3499694928785,8949.449939191594,0.2519591748714447,1,0.5256053585095712,0.42356404077002846,163,control
4814,815.0,8871.0,813.1600794759048,8870.219971245251,0.3322894871234894,1,1.825317698617575,0.26027983077765615,163,control
4815,805.0,9042.0,806.0699978185335,9040.910004720512,0.1883455514907837,1,1.430351353580388,0.2771207349539527,163,check
4816,754.0,8914.0,755.3399779833758,8912.66997374136,0.22480100393295288,1,1.782459360012669,0.48070447502704117,163,control
4817,722.0,8895.0,721.9099235004678,8894.190055688672,0.2358052283525467,1,0.5412434368081298,0.220306559186696,163,control
4818,781.0,9021.0,781.9800181157193,9020.33007398648,0.24894478917121887,1,1.150495541355958,0.1802012432822143,163,control
4819,737.0,9015.0,738.540019714241,9014.06999214491,0.247025728225708,1,1.7646743593485208,0.3863289294743815,163,control
4820,789.0,8958.0,790.2399789187274,8958.009957604672,0.2844577729701996,1,1.3624350467650703,0.3985409033149324,163,control
4821,682.0,8922.0,682.5599717168054,8921.329991115928,0.15274344384670258,1,0.762317516382041,0.21171383436996255,163,control
4822,778.0,8880.0,778.3598122483951,8878.72986894863,0.1540527492761612,1,1.1008750947601635,0.3744388417478849,163,control
4823,764.0,8860.0,764.0,8859.0,0.28005269169807434,1,0.7397382813823041,,163,check
4824,718.0,9071.0,718.549984333574,9070.150043436422,0.16955718398094177,1,0.8692338060030422,0.39918335150018347,163,control
4825,755.0,8870.0,755.0799521221882,8868.990011585202,0.3022274374961853,1,0.7625440107386282,0.12992321198150925,163,control
4826,810.0,8954.0,810.8600380614505,8953.219934039404,0.26336103677749634,1,1.0847436795044716,0.48152140757589074,163,check
4827,693.0,8886.0,693.8299194210117,8884.93002198757,0.1997867077589035,1,1.2174479840148231,0.38319984708369925,163,control
4828,694.0,8978.0,694.4200651396977,8977.489961932086,0.1992877721786499,1,0.5660992082664819,0.8596229611715785,163,control
4829,779.0,9050.0,780.1899887736705,9049.269989964736,0.13941320776939392,1,1.369701185621981,0.10177805616045844,163,control
4830,808.0,8892.0,808.0,8893.0,0.27449968457221985,1,1.266766081568104,,163,control
4831,770.0,8894.0,770.1900312742653,8893.150173003247,0.261115163564682,1,0.6476900854794464,0.33379115787491453,163,check
4832,778.0,8925.0,780.320107131449,8924.850122614152,0.2110031396150589,0,2.4149556914750536,0.6853361868570328,163,control
4833,816.0,8857.0,814.7499304024459,8856.210053149627,0.22938869893550873,1,1.2756482585098077,0.279762039098637,163,control
4834,682.0,8987.0,686.789831828655,8986.980039984957,0.16119517385959625,0,4.890328063835666,3.8342143304697207,163,control
4835,691.0,8992.0,692.1299492819063,8991.050009435376,0.17029687762260437,1,1.399277139344433,0.30827865951911343,163,check
4836,666.0,8894.0,662.0,8895.0,0.13869298994541168,0,4.1137327233327925,,163,control
4837,734.0,9057.0,735.0099515184215,9056.349994869448,0.10830973833799362,1,1.1719661659474792,0.196378865533042,163,control
4838,783.0,8893.0,783.4099913785835,8892.070045546374,0.31782084703445435,1,0.8320771501971254,0.18953914339830036,163,control
4839,695.0,9019.0,696.3799786820656,9018.429984816425,0.1822042316198349,1,1.5056718107382179,0.29920411175959793,163,control
4840,793.0,8874.0,797.0500841565417,8871.23996922199,0.10724003612995148,0,4.833726115378566,1.433773680476809,163,check
4841,694.0,8874.0,694.6699421059776,8873.420087421562,0.2152901589870453,1,0.8182401500486393,0.6228468784443799,163,control
4842,804.0,8903.0,804.8100118452702,8902.670012700873,0.2709745168685913,1,0.9036447572928248,0.4228686972885207,163,control
4843,700.0,8930.0,700.9300011498988,8929.189990836807,0.2168174386024475,1,1.1545126798039749,0.24451993914223,163,control
4844,700.0,8907.0,699.5900132634717,8906.479974445698,0.16212613880634308,1,0.40639503159891316,1.073175768938101,163,control
4845,769.0,8954.0,769.2899943371962,8953.300034090322,0.25261908769607544,1,0.5784097829437874,0.10162972748000154,163,control
4846,733.0,9031.0,733.7900143843152,9030.51001960285,0.1624370515346527,1,0.9142076050898763,0.8204264228500543,163,control
4847,804.0,8935.0,802.5499504981491,8934.429897716444,0.31721484661102295,1,1.3909294048031136,0.8737463901100422,163,control
4848,684.0,9071.0,685.0700392538096,9070.199981521055,0.3558554947376251,1,1.2817182135168537,0.13871635206371902,163,control
4849,784.0,9040.0,792.0,9040.0,0.1029323861002922,0,8.10361025223485,,163,check
4850,747.0,8979.0,746.9800011980068,8978.97000112649,0.23778380453586578,1,0.2502514145431209,0.3098659445517418,163,control
4851,751.0,9025.0,752.2499317781871,9024.229958249605,0.1337486207485199,1,1.437404592443412,0.26186738791055986,163,control
4852,704.0,9020.0,705.2899187570248,9019.319910236996,0.13906510174274445,1,1.4449669063352533,0.2633708451500634,163,control
4853,679.0,9039.0,679.7500246202443,9038.690055620218,0.12891113758087158,1,0.8477137414621281,0.47663512144071973,163,control
4854,797.0,8919.0,797.7499597683784,8918.669977970787,0.3175964057445526,1,0.8445296199930584,0.645497317349997,163,check
4855,739.0,8938.0,739.9499926277603,8936.929958167271,0.17257490754127502,1,1.3146458093477305,0.6341525748081914,163,control
4856,757.0,8982.0,757.279986425765,8981.109998001439,0.27768611907958984,1,0.7260496617504231,0.18986522641053932,163,check
4857,776.0,9004.0,774.9199935479378,9003.969956080728,0.2658415138721466,1,1.0116059275733655,0.19550634506813497,163,control
4858,660.0,9259.0,659.5699786998256,9258.610023206398,0.2301892787218094,1,0.3387959004721169,0.20433034571317152,166,control
4859,651.0,9182.0,652.269951211537,9181.26004597676,0.10736645013093948,1,1.4502722790301592,0.15517487009387448,166,control
4860,640.0,9106.0,640.5999808743514,9105.270038620987,0.18141455948352814,1,0.8335075186699306,0.18211013179282437,166,control
4861,515.0,9279.0,514.3199467207465,9278.480036718644,0.13744856417179108,1,0.6169733995783442,0.2270309471766192,166,control
4862,504.0,9286.0,503.5400272446862,9285.340024576491,0.15467722713947296,1,0.5108683046011793,0.3985174633294226,166,control
4863,542.0,9259.0,540.4499368189882,9258.880020288952,0.13552001118659973,1,1.4522501335779947,0.5029409932875233,166,control
4864,647.0,9235.0,646.7500168834856,9234.440022300101,0.12759120762348175,1,0.314041645753098,0.15761375058456278,166,control
4865,512.0,9088.0,514.0199634529673,9087.150048284791,0.11691532284021378,1,2.1906802790207696,0.3962561766318878,166,check
4866,618.0,9093.0,618.9799626511207,9092.400036765459,0.16438540816307068,1,1.1257278900892391,0.3211535361168432,166,control
4867,659.0,9282.0,658.5099104610696,9281.870120521486,0.15400969982147217,1,0.4076664564493803,0.1807922750112644,166,control
4868,546.0,9237.0,546.0399962629482,9236.18999197153,0.1515612155199051,1,0.5440804892192899,0.36948576472910755,166,check
4869,543.0,9280.0,540.3900406139005,9281.690051906575,0.18506793677806854,0,3.188296066046081,0.6303386044687771,166,check
4870,592.0,9279.0,591.1999414268166,9278.509989721135,0.15858593583106995,1,0.720539858287127,0.504556900160864,166,control
4871,593.0,9292.0,592.4899692562167,9291.869966403347,0.13283739984035492,1,0.42833726561924707,0.1856140138303388,166,control
4872,538.0,9115.0,533.0,9111.0,0.10676633566617966,0,6.150801934362022,,166,check
4873,659.0,9094.0,659.969952986024,9093.379993124016,0.2753438353538513,1,1.1236328207203867,0.16460942715548563,166,control
4874,601.0,9082.0,602.4000238708605,9081.26998181535,0.18140573799610138,1,1.5642697340723701,0.45175914708902143,166,control
4875,527.0,9295.0,526.7499365918529,9294.610079805721,0.24181672930717468,1,0.17366331800741852,0.5426986623760476,166,control
4876,548.0,9268.0,548.7400090752111,9267.239986655486,0.1471254974603653,1,0.9713852570255688,0.6336615229363161,166,control
4877,530.0,9274.0,529.5601132498165,9273.52999571035,0.1688838005065918,1,0.3786158606617277,0.2445586357207587,166,control
4878,664.0,9214.0,665.0901183474354,9213.059922888944,0.12730717658996582,1,1.367931138105172,0.6763057007776951,166,control
4879,532.0,9094.0,533.0200206712312,9093.910093058374,0.10999038815498352,1,1.1341165019201385,0.7541572354531971,166,control
4880,661.0,9076.0,670.0496794667674,9076.710041182489,0.16886325180530548,0,9.201616426481111,6.388420729651793,166,control
4881,614.0,9078.0,615.0,9077.0,0.19397836923599243,1,1.3137045274555774,,166,check
4882,546.0,9082.0,545.5199748349164,9081.199996478788,0.16840441524982452,1,0.6435682363755554,0.6643978599054937,166,control
4883,702.0,9225.0,701.6500100820784,9224.529972843296,0.24880801141262054,1,0.3095491132133944,0.07106656908851039,167,check
4884,795.0,9136.0,795.1599812349918,9135.129951448198,0.1383449286222458,1,0.6568418721782524,0.32017075003136436,167,control
4885,798.0,9272.0,797.2799558219511,9271.77006784906,0.15799067914485931,1,0.6082670587447361,0.23511409181030465,167,control
4886,801.0,9085.0,800.4099816818458,9085.01000378516,0.11477118730545044,1,0.5614540969682666,0.28717447839183574,167,control
4887,703.0,9179.0,703.060039594921,9178.20998097363,0.10813798010349274,1,0.5406871502852869,0.2041693036170234,167,control
4888,799.0,9245.0,798.0299381479143,9244.559941319305,0.16298414766788483,1,0.874968723433479,0.2741141306340234,167,check
4889,676.0,9284.0,675.9099002901916,9283.439955728321,0.18424996733665466,1,0.28180004684207755,0.24433498959952427,167,control
4890,675.0,9181.0,674.8699999987072,9180.55997377994,0.16765904426574707,1,0.1647674718961944,0.15272022549599484,167,check
4891,774.0,9079.0,774.719999751226,9078.229942466618,0.10371322184801102,1,0.9618862345958599,0.1897320845214249,167,control
4892,775.0,9254.0,774.0000031978603,9253.690013772315,0.2698517143726349,1,0.8891194268111988,0.3417174080031095,167,control
4893,755.0,9211.0,754.1200077696927,9210.730057659946,0.162954181432724,1,0.7712989125408426,0.2533854624053458,167,control
4894,711.0,9292.0,710.6999276722614,9291.690031308968,0.20782774686813354,1,0.190220364105097,0.35724272372899496,167,control
4895,782.0,9164.0,781.1599867023014,9163.599974994415,0.10672320425510406,1,0.7449753751507294,0.1739844348203296,167,control
4896,710.0,9212.0,709.3299106179821,9211.630084900278,0.2138327956199646,1,0.5700579173258743,0.3545471371514674,167,control
4897,788.0,9223.0,787.359992980984,9222.13004236498,0.13698329031467438,1,0.7996307278585706,0.2934364931407456,167,control
4898,768.0,9282.0,767.4699718984184,9281.699973749593,0.21177580952644348,1,0.41765278370766695,0.192628970712323,167,control
4899,807.0,9132.0,805.7200535653161,9132.31997257935,0.27769768238067627,1,1.3139951944769341,0.326556519309009,167,check
4900,723.0,9088.0,723.0400022460416,9087.610017739087,0.19483919441699982,1,0.1833645470738363,0.22674124697813297,167,control
4901,693.0,9213.0,692.599951508419,9212.810113799827,0.21480542421340942,1,0.3050344834609411,0.5823870435955448,167,control
4902,803.0,9187.0,802.0700001911395,9186.68001493868,0.2138904184103012,1,0.8233496735870203,0.14423243400568425,167,control
4903,669.0,9231.0,669.0900764301261,9230.510145662345,0.20743602514266968,1,0.28986422323662,0.5884678632242467,167,control
4904,778.0,9291.0,777.6100115496811,9290.559971097864,0.16764643788337708,1,0.32259089324795964,0.5814242199906782,167,control
4905,758.0,9230.0,757.3500778431561,9229.560002526932,0.14469370245933533,1,0.5652253886868683,0.3415731955634166,167,control
4906,738.0,9234.0,736.8199675931198,9233.610025785318,0.2273760885000229,1,1.0765169976171294,0.16673852681969692,167,control
4907,687.0,9242.0,687.4699862372113,9241.310035502876,0.22640065848827362,1,0.7110442056506281,0.4561009938979417,167,check
4908,696.0,9242.0,695.5600158341579,9241.359979467445,0.24939341843128204,1,0.4909487300544807,0.5729470366292034,167,check
4909,717.0,9097.0,715.4500595774649,9096.899944026558,0.14480441808700562,1,1.4591144035528183,0.6223335083116138,167,control
4910,730.0,9207.0,730.019951693094,9206.289997638214,0.1738436073064804,1,0.4540823592754685,0.20782795070642898,167,control
4911,685.0,9185.0,684.9099299993452,9184.56008367757,0.14694519340991974,1,0.16407982282144745,0.2732759621978531,167,control
4912,685.0,9086.0,685.8500023314385,9085.419979793383,0.38551926612854004,1,0.9977491619901164,0.22482217205180327,167,control
4913,746.0,9253.0,745.430020578077,9252.459973683724,0.21430343389511108,1,0.5303303821740039,0.16155237448542428,167,control
4914,800.0,9168.0,799.5599180058721,9167.229961447467,0.11517409235239029,1,0.6013502191697725,0.13528122939883652,167,control
4915,735.0,9135.0,540.0299924777884,9191.599973653376,0.11227589100599289,0,202.99988508278963,0.7709979078976681,167,check
4916,805.0,9203.0,804.2699422368968,9203.130007325424,0.14320088922977448,1,0.738429090229495,0.7170545313247079,167,control
4917,669.0,9091.0,669.8000085758943,9090.02999660406,0.3164474070072174,1,1.136576400042691,0.23512135329843514,167,control
4918,602.0,9429.0,601.9699952465545,9428.589973478704,0.32127559185028076,1,0.1522653951009055,0.07993880712996362,170,control
4919,595.0,9449.0,595.5499351615391,9448.610033315763,0.22552001476287842,1,0.6776576103613673,0.1527890565502978,170,control
4920,608.0,9492.0,608.6899673855133,9491.189998676722,0.1939321905374527,1,0.9663188197644387,0.09567211695894737,170,control
4921,527.0,9310.0,526.889963657988,9309.69002295327,0.21960702538490295,1,0.021467044802217478,0.1404363824909986,170,control
4922,647.0,9431.0,647.1600313354378,9429.579965567273,0.15609124302864075,1,1.1703276271146612,0.49372709864140796,170,control
4923,612.0,9424.0,612.050043959147,9423.829997752666,0.2557743191719055,1,0.2045648062288535,0.210808855977499,170,control
4924,570.0,9342.0,569.7199705916072,9341.750018533994,0.29766762256622314,1,0.17103149179386765,0.1368125692418529,170,control
4925,543.0,9390.0,542.829966942538,9389.630024999937,0.23571240901947021,1,0.0976401415737897,0.11303116646542047,170,control
4926,629.0,9468.0,628.0,9470.0,0.20526856184005737,1,2.4484930096704884,,170,control
4927,580.0,9366.0,579.8700082512497,9365.760009321399,0.20199896395206451,1,0.0489230374110321,0.1674514972769393,170,control
4928,603.0,9393.0,602.8400105124655,9392.670013010344,0.27174869179725647,1,0.0620486208465759,0.21469459129495022,170,control
4929,546.0,9376.0,546.3899869029672,9375.590022238111,0.2198767066001892,1,0.5189066960312612,0.24173803268945995,170,control
4930,529.0,9402.0,526.0,9404.0,0.12905818223953247,1,3.682981638425605,,170,control
4931,552.0,9414.0,551.5598747831799,9413.419775299079,0.10326580703258514,1,0.4350322612668513,0.6877781324461315,170,check
4932,547.0,9407.0,547.0801417956663,9406.830021857602,0.23363281786441803,1,0.22988860272411413,0.22820516689509085,170,control
4933,617.0,9344.0,616.9299942383942,9343.859961070835,0.2102675437927246,1,0.15032211143797197,0.24594689656574872,170,check
4934,551.0,9443.0,552.249908911132,9442.140061417344,0.208648681640625,1,1.4826433578761258,0.458310564583937,170,control
4935,662.0,9315.0,661.8500113060787,9314.55001844472,0.20854714512825012,1,0.1734335460058915,0.2623978003636962,170,control
4936,541.0,9335.0,537.050098289021,9334.870030086737,0.1003631129860878,1,3.841263529078939,0.9888871876057281,170,control
4937,641.0,9439.0,642.0,9439.0,0.19990769028663635,1,1.1556731911983193,,170,control
4938,661.0,9488.0,661.8100146305034,9487.400024696115,0.26410239934921265,1,0.9855671619773356,0.20341204383073724,170,control
4939,629.0,9364.0,629.1199992076797,9363.560020785684,0.2184840887784958,1,0.2827220669595309,0.17604922246700896,170,control
4940,548.0,9362.0,547.8399527784177,9361.95996601542,0.2748912274837494,1,0.25252250511654445,0.13796085328081975,170,control
4941,619.0,9387.0,618.5699769461602,9386.780015653838,0.23786132037639618,1,0.31998647378111544,0.3830258497595022,170,control
4942,572.0,9472.0,570.0,9471.0,0.18771518766880035,1,2.009261028255034,,170,check
4943,530.0,9322.0,529.6899636718691,9321.549982683066,0.1741875261068344,1,0.25630785314515153,0.5103007399062915,170,control
4944,576.0,9393.0,575.7299801535469,9392.78006173117,0.2670002281665802,1,0.16794411940001816,0.24831720553556338,170,check
4945,600.0,9357.0,599.9301036202397,9356.870028848856,0.21475110948085785,1,0.1613540934955107,0.7773361696835189,170,control
4946,510.0,9314.0,510.85009902499974,9312.659992926412,0.12232308834791183,1,1.4231695724257702,0.851342186285757,170,control
4947,557.0,9452.0,558.189953734115,9451.360040708823,0.26623621582984924,1,1.3553791743760757,0.3258436952805495,170,check
4948,530.0,9385.0,529.8400095840544,9384.760009011929,0.1759503036737442,1,0.06728193073055741,0.11557482509948118,170,control
4949,646.0,9385.0,645.7199703852935,9384.770017645458,0.2982756793498993,1,0.17136735366241126,0.1290139997393827,170,control
4950,624.0,9491.0,622.6401240007128,9491.449856493606,0.2104427069425583,1,1.4394064637439157,1.180889614624161,170,control
4951,551.0,9324.0,550.7899584039326,9323.629980160487,0.23303504288196564,1,0.12862636573946873,0.1431591747127097,170,control
4952,560.0,9302.0,558.0,9308.0,0.14211246371269226,0,6.564367990918563,,170,control
4953,583.0,9339.0,582.6199639965137,9338.819969965725,0.24103979766368866,1,0.28716634620283654,0.4116017502158266,170,control
4954,654.0,9378.0,653.9199616030858,9377.760020152862,0.25025713443756104,1,0.055971664679419025,0.29078089113675853,170,control
4955,554.0,9482.0,552.2000475770511,9485.139841931556,0.1964530497789383,0,3.819010900236417,3.6889280279767416,170,control
4956,649.0,9514.0,650.0799491306415,9513.279998701422,0.26266413927078247,1,1.2808570439382605,0.23501292101754245,170,control
4957,643.0,9332.0,642.7098756139463,9332.080212424313,0.1181780993938446,1,0.4028503378099429,0.7761214684273108,170,check
4958,603.0,9471.0,603.40988674195,9470.59999820469,0.18484406173229218,1,0.5431020103694328,0.41300957010548106,170,check
4959,550.0,9473.0,548.0,9472.0,0.11735016107559204,1,2.0091333887156644,,170,control
4960,657.0,9349.0,656.9599510576863,9348.609982802689,0.1786690503358841,1,0.13195084236511934,0.33698969078606444,170,control
4961,566.0,9412.0,566.1799482290405,9411.630216633395,0.15133021771907806,1,0.30804228389543986,0.7862824444980466,170,check
4962,544.0,9508.0,544.0100086335287,9507.12003919876,0.11368604749441147,1,0.6033250802912771,0.9257885367783812,170,check
4963,536.0,9298.0,535.8499991335782,9297.729966021068,0.22214679419994354,1,0.04405951694869563,0.27727819253357083,170,control
4964,787.0,9412.0,787.1899239555554,9410.94011411059,0.15977561473846436,1,0.8444726396598597,0.6697176756798372,171,check
4965,680.0,9423.0,680.039958231846,9422.570029831839,0.2528681755065918,1,0.2181924620772544,0.12671584922474566,171,control
4966,678.0,9501.0,678.8199697594123,9500.40003511495,0.37552884221076965,1,0.9962959540349352,0.1808815907393289,171,control
4967,700.0,9453.0,700.3499004453352,9452.53004512245,0.3147279620170593,1,0.5085039738236936,0.5289358945898971,171,control
4968,773.0,9345.0,772.1998395754163,9344.769954374695,0.21480147540569305,1,0.6845130029403812,0.2251276834857026,171,control
4969,676.0,9329.0,675.8400385711105,9328.950133851302,0.1586645543575287,1,0.234581724694055,0.25126986301644966,171,check
4970,761.0,9374.0,760.5198528679434,9373.409874500043,0.1539509892463684,1,0.4791312074489848,0.33265193593372944,171,control
4971,731.0,9372.0,730.7399607284306,9371.619980088972,0.1248503252863884,1,0.1752638466474659,0.2104772467955601,171,control
4972,782.0,9503.0,782.6800082334898,9502.579970931425,0.18487371504306793,1,0.819360704295067,0.3587816210714465,171,control
4973,784.0,9511.0,784.9499629523575,9510.500032013306,0.18904747068881989,1,1.1000853617031403,0.4539752040550339,171,check
4974,777.0,9393.0,777.1399886224057,9392.499979230784,0.22803063690662384,1,0.34380424490238215,0.26782045448052266,171,control
4975,692.0,9403.0,691.8200122262563,9402.590016358175,0.28692635893821716,1,0.14319297410573292,0.0834434390717066,171,control
4976,673.0,9401.0,672.9300521787557,9400.550008954295,0.2284988909959793,1,0.17532184336596637,0.5952432271776382,171,control
4977,698.0,9411.0,697.9000003164109,9410.399981197703,0.3370271921157837,1,0.3203970436244128,0.10968744699880291,171,control
4978,696.0,9300.0,694.7599691240046,9299.720020279427,0.18012192845344543,1,1.1271547395667507,0.35522657856898776,171,control
4979,722.0,9494.0,722.7599737660598,9493.270040271496,0.2616107761859894,1,0.9926667489075369,0.11365870299479124,171,control
4980,699.0,9501.0,699.219997343917,9500.310032923957,0.30418556928634644,1,0.5343605739863437,0.17686795649197393,171,control
4981,792.0,9364.0,787.6999804547837,9364.880056979016,0.19217881560325623,0,4.337740341471519,0.9611805777232212,171,control
4982,667.0,9358.0,666.9599690069666,9357.87006010536,0.21703989803791046,1,0.16905244209171594,0.25966137283310486,171,check
4983,790.0,9492.0,790.3999528633384,9491.54007930511,0.14831896126270294,1,0.5573339721638803,0.5122383729595092,171,control
4984,696.0,9347.0,695.0,9347.0,0.1629989743232727,1,0.9272989568919257,,171,control
4985,734.0,9323.0,733.0699857491898,9323.07995274113,0.21321432292461395,1,0.8894924309690636,0.7091470990701007,171,control
4986,725.0,9487.0,725.6000152949663,9486.23998521129,0.28958600759506226,1,0.8692176739315036,0.08876058449093335,171,control
4987,683.0,9444.0,683.5300250068781,9443.600012922361,0.2599215507507324,1,0.6619612110994942,0.2778846441417447,171,control
4988,793.0,9375.0,790.6001181779345,9375.880025000413,0.10486779361963272,1,2.5559189040821058,0.7937796687270041,171,control
4989,792.0,9323.0,791.989963341577,9322.290041755567,0.18218065798282623,1,0.44979235507626675,0.4435357057940886,171,control
4990,788.0,9458.0,784.4599681132586,9458.109955431439,0.1400747448205948,1,3.437634059020195,0.5672570848469021,171,control
4991,708.0,9473.0,708.9499650154931,9472.30004089867,0.2850216329097748,1,1.152415217143641,0.5096509753615667,171,control
4992,775.0,9485.0,775.5899340034069,9484.550036394,0.26150399446487427,1,0.736082759102626,0.897187589279302,171,control
4993,714.0,9399.0,714.6199702890774,9398.209997066087,0.2429196834564209,1,0.8985969542994588,0.3272929379832686,171,control
4994,754.0,9299.0,754.0899485832164,9298.289998360311,0.23082557320594788,1,0.48072412029165307,0.33129939347466547,171,control
4995,782.0,9403.0,782.410024045533,9402.209984584117,0.17142541706562042,1,0.7395640962493907,0.3821858119946344,171,control
4996,787.0,9335.0,786.0,9335.0,0.35651591420173645,1,0.9245915473217212,,171,check
4997,780.0,9445.0,780.3099836487653,9444.249992091154,0.10976051539182663,1,0.6421865745022411,0.27246885524485387,171,check
4998,675.0,9486.0,675.8899663400643,9485.430034504243,0.278812050819397,1,1.0534507160863469,0.19055522419979565,171,control
4999,726.0,9408.0,723.5699753988084,9407.930008989813,0.2296304553747177,1,2.3194974971531916,0.6230497459790966,171,control
5000,772.0,9457.0,772.5499383593994,9456.300047088078,0.2511812746524811,1,0.7956761657402681,0.19813531630191916,171,control
5001,795.0,9350.0,795.4502059588449,9349.629969501588,0.18526823818683624,1,0.576239461792937,0.7708948631626699,171,check
5002,793.0,9439.0,785.5800533893508,9366.939943590523,0.1054515615105629,0,72.1562894074207,0.7120899452977962,171,control
5003,763.0,9402.0,762.2900165853106,9401.449928256976,0.12606947124004364,1,0.6501879112877145,0.597263178714307,171,check
5004,722.0,9452.0,722.1499531385818,9451.590030078027,0.30148980021476746,1,0.3020697106883159,0.35669729807845774,171,control
5005,800.0,9311.0,800.380027647787,9310.989994048548,0.3170347213745117,1,0.5606896396634115,0.4105656984753047,171,control
5006,665.0,9569.0,665.959998372899,9568.329984926522,0.13515490293502808,1,1.1544408368316283,0.16434091135047127,174,control
5007,651.0,9544.0,651.3099839582356,9543.21999342396,0.21895618736743927,1,0.6595942807728846,0.13334180254714015,174,control
5008,662.0,9704.0,662.0300067134244,9703.220034962393,0.1831989288330078,1,0.5192747222914954,0.23012961976782922,174,check
5009,661.0,9594.0,660.7700139318134,9593.64001362105,0.12649694085121155,1,0.12449553562363781,0.5398067210433548,174,control
5010,531.0,9705.0,531.6900218185442,9703.220031455061,0.12194783240556717,1,1.6974328807133006,0.3905941177178022,174,control
5011,566.0,9700.0,566.2099881946044,9699.239991503855,0.20315568149089813,1,0.5796066980785617,0.4147588612665293,174,control
5012,533.0,9662.0,533.8199185242418,9661.060016108926,0.13386139273643494,1,1.1493833230920187,0.2352415999247446,174,control
5013,618.0,9588.0,616.9898863509615,9587.140113477768,0.13974536955356598,1,1.050488642131054,0.4930004874477506,174,check
5014,546.0,9531.0,547.1400351123641,9530.29997780047,0.12280511111021042,1,1.3282120016839074,0.3527835146862617,174,control
5015,653.0,9660.0,654.8200158367437,9658.240031907564,0.1109566017985344,0,2.4462944519739804,0.5021450203983244,174,control
5016,579.0,9613.0,576.0,9614.0,0.11623658239841461,1,3.1477433191996025,,174,control
5017,606.0,9712.0,605.869914652392,9711.220009516417,0.16448545455932617,1,0.4884108641902881,0.4614445907720833,174,control
5018,610.0,9558.0,611.4299769765084,9557.37998755355,0.21798253059387207,1,1.5916357020142484,0.26224689241880217,174,check
5019,560.0,9672.0,560.3799491098196,9670.990059106727,0.12055269628763199,1,0.8808136803773512,0.2401955225962023,174,control
5020,618.0,9562.0,619.000039578454,9561.469968803714,0.15636034309864044,1,1.1528500943532016,0.29080944363906414,174,control
5021,627.0,9671.0,627.5499748431499,9670.070002563745,0.18993476033210754,1,0.9368786675800036,0.28512962180648593,174,check
5022,629.0,9683.0,629.5999180162153,9681.750171207937,0.1399586796760559,1,1.2088867264738439,0.4938477151923029,174,control
5023,634.0,9695.0,634.569896963998,9693.920074492262,0.1850338876247406,1,1.059269870025545,0.6397204101142643,174,control
5024,592.0,9602.0,591.2000823408871,9601.769991649948,0.1989792436361313,1,0.6736549355174553,0.627346882041772,174,control
5025,582.0,9656.0,581.7099572128665,9656.089958898894,0.1721665859222412,1,0.41333465546463877,2.3595409906960896,174,control
5026,655.0,9609.0,652.5400588800679,9608.579959171553,0.11452684551477432,1,2.333170859375125,1.0776610539520175,174,check
5027,598.0,9543.0,599.0699926606943,9542.4099825071,0.17079849541187286,1,1.2329373344282677,0.2692131359203575,174,control
5028,638.0,9714.0,638.2599017616728,9712.790032643066,0.20658282935619354,1,1.0020291344666303,0.6191286761601781,174,control
5029,636.0,9681.0,636.519941652183,9680.110055219704,0.19487574696540833,1,0.8884247181600674,0.3095281727548507,174,control
5030,552.0,9539.0,553.3299309061176,9538.969970625834,0.10507296025753021,1,1.4776954442972057,0.32337587348908603,174,control
5031,560.0,9537.0,561.1699827507025,9536.939959992453,0.14728915691375732,1,1.314902819250918,0.5314319547575487,174,control
5032,648.0,9723.0,648.4299912121445,9722.000048862565,0.19610926508903503,1,0.9093320182739072,0.2188057173156713,174,control
5033,591.0,9569.0,592.0799482022304,9568.369994703007,0.2251439094543457,1,1.254005225139818,0.19601075269725773,174,control
5034,630.0,9737.0,630.2399531632824,9736.2000483329,0.2124408632516861,1,0.6341083584952861,0.7305066965021768,174,check
5035,560.0,9585.0,560.0,9582.0,0.1784038543701172,0,2.711143017352949,,174,control
5036,630.0,9577.0,634.4397793283168,9575.269944952724,0.14481870830059052,0,4.790446011445572,1.9513657852848871,174,control
5037,656.0,9531.0,656.6299703605931,9530.159999390586,0.24478062987327576,1,0.9377683496211675,0.3224091455607641,174,check
5038,552.0,9702.0,553.8700581453821,9701.230022551938,0.13322418928146362,1,2.059884645378287,0.4164640325135718,174,check
5039,587.0,9725.0,586.9099571989852,9724.229999169098,0.24424582719802856,1,0.47922749243244656,0.18125258709132278,174,control
5040,586.0,9542.0,586.7699742502026,9541.180044373066,0.17804455757141113,1,1.0406132131423331,0.4211412751782322,174,control
5041,628.0,9532.0,629.4700133336945,9530.989950550136,0.22887107729911804,1,1.7518112050590195,0.3173173280250797,174,control
5042,582.0,9685.0,581.209999851321,9684.110041706164,0.18532684445381165,1,0.8874637207546653,0.6811100529428098,174,control
5043,570.0,9631.0,567.0201156111272,9630.320098638842,0.11472530663013458,1,2.8759035402770565,0.4419215180349623,174,control
5044,555.0,9655.0,555.9000053710934,9653.910002966846,0.14875875413417816,1,1.303164314196481,0.4182681089238874,174,control
5045,611.0,9611.0,610.4699896413852,9609.980050163727,0.11010483652353287,1,0.8330046771282557,1.7116771083731883,174,control
5046,603.0,9670.0,604.2600750332225,9669.219972276818,0.10470239073038101,1,1.476709407815745,0.4171811497867409,174,control
5047,573.0,9603.0,575.6998815949302,9601.850034516356,0.20850230753421783,0,2.9560195201646913,2.15878685331259,174,control
5048,600.0,9697.0,603.0199390385604,9693.210144788505,0.13175228238105774,0,4.710692213378952,0.8731909564663602,174,control
5049,571.0,9575.0,573.0,9573.0,0.1447182446718216,0,2.7285038309845566,,174,control
5050,696.0,9702.0,695.1798635710722,9701.530053684464,0.1379851996898651,1,0.7074657814387347,0.5550734177326013,175,control
5051,722.0,9701.0,721.8699156839599,9700.1200139591,0.1979328989982605,1,0.5955918371959927,0.30825752872196843,175,control
5052,724.0,9587.0,724.1899790769329,9586.209948203523,0.11646152287721634,1,0.6006931530189766,0.23976629565423366,175,control
5053,720.0,9542.0,720.8398448745178,9541.500106252439,0.19038060307502747,1,0.9920906461247945,0.394248379932779,175,control
5054,777.0,9673.0,776.6899757412128,9672.380034662448,0.1462772637605667,1,0.3809975815022127,0.25841141312517235,175,control
5055,680.0,9556.0,680.8400056640967,9555.139992129736,0.1921617090702057,1,1.1263188496274175,0.15615746985883516,175,check
5056,777.0,9651.0,775.9999960800423,9650.379983117808,0.15277066826820374,1,0.928890111862974,0.5784770431581931,175,control
5057,796.0,9729.0,796.0,9729.0,0.3298126757144928,1,0.3138166273607093,,175,check
5058,701.0,9522.0,701.9999987621186,9521.119994668781,0.2937164306640625,1,1.2751433770312655,0.2673783065848749,175,control
5059,724.0,9641.0,724.8599189134613,9639.850025851185,0.15001130104064941,1,1.3187515326084418,0.4725989151272281,175,control
5060,718.0,9630.0,718.639903035074,9629.030114754232,0.15397651493549347,1,1.033924369336507,0.4545050913841126,175,check
5061,669.0,9540.0,669.7100107174862,9539.20998767882,0.2397780418395996,1,0.9776447669755749,0.16199565280396377,175,control
5062,779.0,9565.0,782.0599471307879,9563.559986055598,0.14347083866596222,0,3.3953276677296476,0.5066413474088559,175,control
5063,691.0,9609.0,690.3899906166114,9609.230038231768,0.10782286524772644,1,0.702789983520656,0.8453842267874911,175,control
5064,762.0,9682.0,763.9199109868559,9681.360003812446,0.1719154566526413,0,2.0880246063887338,0.9353489949364854,175,control
5065,733.0,9648.0,734.1099487262478,9647.190003009307,0.23877467215061188,1,1.3515503884972488,0.2955607037229713,175,control
5066,797.0,9552.0,797.0,9551.0,0.15154914557933807,1,0.7345630051456647,,175,control
5067,762.0,9538.0,762.9500077580567,9536.769821679416,0.1645696759223938,1,1.4381120848383229,0.6340868096899035,175,check
5068,783.0,9531.0,783.6199811205396,9530.160043714252,0.1844210922718048,1,0.936255245511877,0.14360892620194118,175,control
5069,792.0,9563.0,793.0,9561.0,0.16826452314853668,1,2.0603658662307267,,175,check
5070,795.0,9536.0,795.8598686067019,9535.420010843574,0.2060920000076294,1,1.034296291137644,0.5725194090310186,175,control
5071,693.0,9533.0,693.850047377202,9532.359972143313,0.2842354476451874,1,1.0401130298277093,0.20468599868008006,175,control
5072,774.0,9534.0,774.5699278772821,9533.230005977446,0.2317567616701126,1,0.8542580370560396,0.4395043569308589,175,control
5073,677.0,9676.0,676.0,9675.0,0.15307649970054626,1,1.1211552581748534,,175,control
5074,680.0,9650.0,680.3499376511832,9649.230003707997,0.15647916495800018,1,0.6841656800568524,0.25837451209115364,175,control
5075,733.0,9528.0,733.7999154928204,9527.439999020418,0.20086492598056793,1,0.9684663353995636,0.7451471710745825,175,control
5076,786.0,9733.0,785.9800011980068,9731.97000112649,0.25342226028442383,1,0.7584300012957401,0.3604471136319288,175,check
5077,701.0,9672.0,701.5299353279781,9670.68002999957,0.20555460453033447,1,1.230231898238387,0.692440369625342,175,control
5078,757.0,9696.0,757.5699294246339,9695.080012641469,0.1156325563788414,1,0.9527204468994059,0.6481660219579133,175,control
5079,686.0,9722.0,685.9799215253148,9721.08006129772,0.24442985653877258,1,0.6438245940101261,0.19090304295616775,175,control
5080,699.0,9728.0,701.8798866990135,9726.580092795242,0.2685627043247223,0,3.224401252741974,2.7140060661979226,175,control
5081,706.0,9557.0,707.0,9552.0,0.1637815535068512,0,4.850600031481781,,175,control
5082,691.0,9555.0,691.7599694334749,9554.69002161223,0.2579445540904999,1,0.888477819936328,0.47231104546273844,175,control
5083,791.0,9672.0,790.0,9672.0,0.14669866859912872,1,0.9071646044567103,,175,control
5084,746.0,9734.0,748.0,9732.0,0.11340802907943726,0,2.7432316561183048,,175,control
5085,796.0,9713.0,796.0,9712.0,0.20948614180088043,1,0.7331837535628017,,175,control
5086,725.0,9553.0,725.0600044522087,9552.310031273448,0.26181674003601074,1,0.4500420769553577,0.27814115911733306,175,control
5087,729.0,9668.0,729.6299275842788,9667.000016814556,0.230938121676445,1,1.0486214584828966,0.44370283031741914,175,control
5088,676.0,9710.0,673.0,9708.0,0.15173625946044922,0,3.336118747227104,,175,check
5089,658.0,9820.0,657.2999783162537,9819.809967108977,0.2649543881416321,1,0.56570246973718,0.22566228706558455,178,control
5090,583.0,9806.0,582.389973183115,9805.919963150438,0.19706588983535767,1,0.5158478896087058,0.28946599032695824,178,control
5091,528.0,9788.0,527.3199845455352,9787.119997969798,0.1425309032201767,1,0.7948724139697126,0.6478858124216448,178,control
5092,540.0,9853.0,539.4899831823824,9852.520026379558,0.12050771713256836,1,0.4094958742180395,0.13918877066512902,178,control
5093,629.0,9880.0,628.1099551219684,9879.570030553938,0.25644057989120483,1,0.7560973300384947,0.09045674680916534,178,check
5094,529.0,9795.0,528.5100298153723,9794.22002959824,0.1034143939614296,1,0.5961495136058923,0.5775857425749327,178,control
5095,590.0,9949.0,589.9198988143555,9948.539951388795,0.21562066674232483,1,0.17711206103074836,0.34297895023068375,178,control
5096,559.0,9743.0,558.8099610227268,9742.289995471921,0.2667214274406433,1,0.4183676822561304,0.18334953885185848,178,control
5097,614.0,9920.0,613.3499889895105,9919.56002315829,0.27881598472595215,1,0.5220162348994133,0.12756737416521108,178,control
5098,631.0,9941.0,630.9299525968046,9940.589983381755,0.22855347394943237,1,0.140452532059284,0.24630467014716143,178,control
5099,620.0,9853.0,620.2599029995542,9852.670037974285,0.24122226238250732,1,0.40612854798849735,0.6188636855286868,178,control
5100,609.0,9874.0,606.8899964280943,9873.81996243528,0.27162402868270874,1,1.9677547152187687,0.4696886990797109,178,control
5101,593.0,9828.0,592.6299777878814,9827.440031377899,0.2108929455280304,1,0.349472234032852,0.2819160507132625,178,control
5102,553.0,9948.0,552.6300255157214,9947.120035278804,0.15198571979999542,1,0.6212097276447119,0.16397979284809347,178,control
5103,554.0,9855.0,553.3700235531567,9854.429974397588,0.17098575830459595,1,0.5576815229434741,0.34199092517842844,178,control
5104,546.0,9769.0,545.4599853404413,9768.440029624233,0.15304335951805115,1,0.4806763897623191,0.11821778791437933,178,check
5105,657.0,9957.0,657.0799038785643,9956.360005462955,0.21547824144363403,1,0.41681723384850666,0.3140880662474553,178,control
5106,582.0,9868.0,581.419976286052,9867.489982563442,0.3143216073513031,1,0.4850148302902089,0.20372598197313949,178,control
5107,611.0,9777.0,610.039946781443,9776.679980518065,0.22652561962604523,1,0.8206805797078565,0.17974816807707283,178,control
5108,591.0,9910.0,590.6299687100845,9909.319992282293,0.2854289412498474,1,0.44353219334028227,0.1484761516665609,178,control
5109,627.0,9824.0,626.9599532239788,9823.399992132323,0.29612550139427185,1,0.324235767662624,0.27080935130900974,178,check
5110,573.0,9818.0,572.639978375181,9817.340035923737,0.22250518202781677,1,0.42478152280501985,0.35015460832572654,178,control
5111,576.0,9916.0,575.5999359317448,9915.320046715326,0.2087138295173645,1,0.4584094874340676,0.19255599856150304,178,control
5112,558.0,9879.0,557.419986808044,9878.4700278788,0.30248767137527466,1,0.49318195648059826,0.1440149319671355,178,control
5113,549.0,9844.0,548.2899394915382,9843.30999953491,0.1435326486825943,1,0.689877525917958,0.2773887650980746,178,control
5114,626.0,9749.0,625.7099317668917,9748.250050959927,0.18455642461776733,1,0.4832121230264891,0.21087973770183444,178,control
5115,646.0,9771.0,646.7699309581044,9770.070059575695,0.23761406540870667,1,1.1123738397928653,0.5729525626250478,178,control
5116,542.0,9792.0,541.610021555889,9791.590014191883,0.15192781388759613,1,0.27486959691376817,0.16458839926993454,178,check
5117,641.0,9842.0,640.0600022859162,9841.520021943816,0.27024903893470764,1,0.8175717006388049,0.20329443096567026,178,control
5118,589.0,9752.0,585.7401118550225,9751.890026000341,0.22174988687038422,1,3.127416250443963,1.0898225006295423,178,control
5119,549.0,9882.0,548.1499891065484,9881.409983332354,0.20306944847106934,1,0.7630331136642216,0.1953570107001997,178,check
5120,575.0,9793.0,579.579804295661,9784.940282361209,0.24612604081630707,0,9.086836656053865,1.250878437586967,178,control
5121,637.0,9816.0,636.0300564012432,9815.710047304394,0.29928141832351685,1,0.8272680228697875,0.20251607960212265,178,control
5122,587.0,9878.0,586.5100283711773,9877.360023378484,0.3263513147830963,1,0.4868585110965303,0.2924786021375756,178,control
5123,554.0,9764.0,554.4800768128812,9763.100024304309,0.1233532503247261,1,0.8643330730802643,0.1792258618822276,178,control
5124,651.0,9858.0,650.7700171296738,9857.330027393366,0.24768143892288208,1,0.3875289711793397,0.5433861037498292,178,check
5125,552.0,9899.0,552.2898946520883,9898.350008073516,0.22130833566188812,1,0.5599676602645454,0.7074841822994483,178,check
5126,791.0,9945.0,789.799944273563,9944.650122971254,0.10549400001764297,1,1.0486426298146383,0.31698335749341205,179,check
5127,793.0,9828.0,790.6799970231513,9829.360124301473,0.1034628376364708,1,2.72458512880038,1.0731742954553156,179,control
5128,741.0,9874.0,739.8900105605736,9873.450023300027,0.29023277759552,1,0.99719183460092,0.07694750496619841,179,control
5129,733.0,9787.0,732.9899617942252,9786.440035091542,0.2689070701599121,1,0.30493264128311287,0.3128306715875051,179,control
5130,711.0,9852.0,710.0499944776418,9851.3199862992,0.2639724314212799,1,0.8942063908686894,0.21620338847473144,179,control
5131,788.0,9770.0,787.5899804933655,9769.350034963685,0.1931474208831787,1,0.4548463864819945,0.44156970665407724,179,control
5132,701.0,9796.0,700.470021689394,9795.179986535863,0.27388784289360046,1,0.6583825361997179,0.126767164566375,179,control
5133,797.0,9856.0,797.0499865345695,9855.089952090548,0.1586829423904419,1,0.6576590846017997,0.12152333169244325,179,control
5134,771.0,9765.0,770.3000410018271,9764.040035428776,0.2995415925979614,1,0.8773083657361341,0.33508547594734645,179,check
5135,757.0,9927.0,756.4699731362998,9926.579979080812,0.11095564812421799,1,0.40112206596683136,0.3254834536336593,179,control
5136,669.0,9944.0,668.1999947251229,9943.650017612523,0.2396230846643448,1,0.651574364199333,0.1660557234995425,179,control
5137,784.0,9791.0,782.4600184200181,9790.53997043905,0.20492705702781677,1,1.4071888829758263,0.8169223500571086,179,control
5138,669.0,9779.0,668.1599082674908,9778.590040496863,0.22587010264396667,1,0.7093685615973202,1.1689225506088734,179,control
5139,748.0,9818.0,747.5499818578112,9817.390032773985,0.1931336671113968,1,0.445582780825025,0.4604083561519721,179,control
5140,779.0,9908.0,773.4499625050273,9909.390130911741,0.10537373274564743,0,5.65308228751071,1.1339792913403572,179,control
5141,676.0,9815.0,674.559996234369,9814.259895056482,0.2052271068096161,1,1.3727232231748516,0.3694662929043014,179,control
5142,787.0,9745.0,786.6799764949513,9744.350035892096,0.2767406702041626,1,0.4095800915495179,0.18623858325123682,179,control
5143,784.0,9959.0,783.4599485472205,9958.70007281576,0.18462586402893066,1,0.3861780074149247,0.17824370847679366,179,control
5144,762.0,9952.0,761.399986458699,9951.590022341268,0.13753075897693634,1,0.4633617916095251,0.14133719183118118,179,control
5145,715.0,9830.0,716.9600506396374,9828.570008375229,0.2033480852842331,1,2.395253237155993,1.2741808474178298,179,check
5146,739.0,9751.0,739.0999488610456,9750.220001573345,0.1762601137161255,1,0.550976716444865,0.2986422064824754,179,check
5147,781.0,9783.0,778.5000173650426,9783.469973961553,0.14293774962425232,1,2.4737345239978508,0.6256361804008076,179,control
5148,681.0,9762.0,679.3299787371143,9761.639974971007,0.23683468997478485,1,1.5314266520570297,0.9530324901371802,179,control
5149,790.0,9802.0,789.2299836955806,9801.58997616078,0.13729126751422882,1,0.6380914767923935,0.14896890428564435,179,control
5150,784.0,9923.0,783.1599531069407,9922.550031958257,0.1719759851694107,1,0.707563075684358,0.30944629492104403,179,control
5151,697.0,9957.0,697.030001658742,9956.71001319325,0.14152146875858307,1,0.18232945514610885,0.15450457069700063,179,check
5152,723.0,9835.0,719.930028589603,9835.530109012156,0.18970268964767456,1,3.0365275657208812,0.6791331497622665,179,control
5153,678.0,9859.0,677.0299596045252,9858.480033727097,0.2366722673177719,1,0.8554262890303895,0.18239594516531354,179,control
5154,772.0,9800.0,771.5799237193697,9799.589990086946,0.13654416799545288,1,0.30339896102348823,0.576394365862075,179,control
5155,718.0,9739.0,717.9399574135323,9738.080006142593,0.19145075976848602,1,0.6395478755137,0.5038369756343435,179,control
5156,691.0,9924.0,690.289980617344,9923.629975002648,0.19390104711055756,1,0.5654022896618071,0.3000200802812468,179,check
5157,800.0,9935.0,797.3600386456882,9935.01003738052,0.14090633392333984,1,2.5043589590937296,0.8598461868702255,179,control
5158,680.0,9898.0,679.3800521991013,9897.610099784386,0.20485246181488037,1,0.48180437499625456,0.8492352721407935,179,control
5159,759.0,9786.0,758.439986641605,9785.400031194993,0.18949539959430695,1,0.523052866441924,0.4167908656216971,179,control
5160,736.0,9897.0,735.3899882440054,9896.460028013598,0.20116814970970154,1,0.5252319420705395,0.30274443930559114,179,control
5161,764.0,9874.0,762.7099628864895,9873.539983333647,0.16557687520980835,1,1.154700668217205,0.514894740724233,179,check
5162,792.0,9844.0,791.5399373594727,9843.440040765165,0.12393011152744293,1,0.4176672590771098,0.5378216625422662,179,control
5163,738.0,9908.0,737.5698839662432,9907.180018514466,0.1676367074251175,1,0.601561738425809,0.5595679209394433,179,control
5164,706.0,9905.0,704.0,9904.0,0.22994934022426605,1,1.9824006113966384,,179,control
5165,800.0,9893.0,800.0,9891.0,0.16851702332496643,1,1.7230956267167103,,179,check
5166,777.0,9854.0,777.0,9853.0,0.11814616620540619,1,0.7309533144996628,,179,control
5167,609.0,10100.0,609.9099676178204,10099.220044040188,0.19253359735012054,1,1.1723602873288717,0.2710110063408185,182,control
5168,591.0,9972.0,590.879965133824,9971.590027292794,0.2010987401008606,1,0.11660362657136701,0.3658099159278425,182,control
5169,652.0,10089.0,653.3099888066045,10087.750014304565,0.14020989835262299,1,1.75178799336236,0.3460200720869046,182,control
5170,599.0,10122.0,600.189903633669,10120.91002658975,0.12961971759796143,1,1.5643322292473392,0.19316961614524591,182,control
5171,629.0,10001.0,628.8899837735607,10000.740109585573,0.1539023518562317,1,0.056553426864775096,0.3114786659223628,182,control
5172,608.0,10001.0,607.9500050065743,10000.730011479458,0.257950097322464,1,0.10674242658708394,0.06560430439614387,182,control
5173,658.0,10115.0,658.7599610777755,10114.499985626504,0.145304873585701,1,0.9432600780704588,0.34865224199430017,182,control
5174,616.0,10002.0,615.8300014663097,10001.58997203451,0.2020241916179657,1,0.11454711167442064,0.08753984340563573,182,control
5175,571.0,9986.0,570.8299548731944,9985.799973020556,0.14031875133514404,1,0.10075056837523398,0.1400235159001287,182,control
5176,618.0,10053.0,616.4999445006983,10052.920063454487,0.15569402277469635,1,1.3610572061630668,0.8154822476859703,182,control
5177,644.0,9968.0,644.0199601519503,9967.470034068208,0.17099596560001373,1,0.2916731938404862,0.3260538926237018,182,check
5178,594.0,10028.0,593.2699463631682,10027.730025096154,0.16057300567626953,1,0.5762036006357932,0.28208059965019455,182,control
5179,631.0,9964.0,631.0999470042235,9963.399993576517,0.2385309785604477,1,0.395233484478435,0.35258898792562676,182,control
5180,582.0,9978.0,582.2199157112462,9977.61008465409,0.16806192696094513,1,0.38240610331773084,0.7583404542748068,182,check
5181,642.0,10011.0,641.869930848007,10010.65007926653,0.12923486530780792,1,0.05982846536989532,0.3194749648988731,182,control
5182,621.0,9978.0,620.8899525170553,9977.7699749723,0.20924249291419983,1,0.07816825327958164,0.3057035351682234,182,check
5183,615.0,9970.0,614.6100218653594,9969.560015524687,0.18203172087669373,1,0.2785163434263289,0.21152958592423926,182,control
5184,659.0,10043.0,659.6599324408811,10042.40004378012,0.1704382598400116,1,0.8717990306055414,0.5945936940557421,182,control
5185,559.0,10088.0,560.8299148821133,10087.370002439768,0.1027800440788269,0,2.0143570769495622,0.9710963732128062,182,control
5186,608.0,9967.0,607.2800355977998,9966.6500081221,0.2497107833623886,1,0.5713035179001184,0.32214435368801453,182,control
5187,598.0,9994.0,597.1799383953953,9993.889972632629,0.22472970187664032,1,0.6933259797243961,0.43471441049318266,182,control
5188,615.0,9992.0,614.8500002683029,9991.619970908017,0.3190848231315613,1,0.08352720084201919,0.18106342142974757,182,control
5189,664.0,10077.0,664.56001480259,10076.459975024763,0.1737094223499298,1,0.7594258810137787,0.3727339457120858,182,check
5190,633.0,9973.0,632.5099006611752,9972.820078316003,0.10524003952741623,1,0.35715685523856794,0.5127496780572008,182,control
5191,642.0,9976.0,641.0,9978.0,0.12775182723999023,1,2.44621327928336,,182,control
5192,627.0,10066.0,627.3699787137067,10065.469982936194,0.17676600813865662,1,0.5765469470046253,0.22544629104460354,182,control
5193,584.0,9988.0,584.7100380540337,9987.5601054099,0.16059350967407227,1,0.873575952780851,0.586650123928701,182,control
5194,645.0,10050.0,646.0200946703001,10049.350008452391,0.1505139023065567,1,1.2291172006441735,1.1817363759338273,182,check
5195,777.0,9995.0,776.2999896634999,9994.710015978482,0.30823779106140137,1,0.5438668478246168,0.15383657143520568,183,control
5196,740.0,10102.0,740.5399737400664,10101.219995796566,0.27575117349624634,1,0.8552910812775714,0.15975098179163064,183,check
5197,691.0,10102.0,692.0899806312252,10101.489934732444,0.1370077282190323,1,1.2694054537776658,0.43393603075153603,183,control
5198,717.0,10176.0,718.1399786161977,10175.469936136766,0.1655225157737732,1,1.3270121656558054,0.34551944335182233,183,control
5199,675.0,10000.0,674.8600047755602,9999.13999233605,0.15549336373806,1,0.567094581814883,0.8892366436889662,183,check
5200,737.0,9994.0,736.2999464745584,9993.59003162538,0.2384151816368103,1,0.5579534638408302,0.21223982492428117,183,control
5201,734.0,10019.0,734.2400030574147,10018.670061563436,0.29139891266822815,1,0.3987843072339993,0.2737457534780109,183,control
5202,718.0,10087.0,718.8299142631726,10086.429999774158,0.15605983138084412,1,1.0286761926601773,0.6665401298663229,183,control
5203,707.0,9979.0,706.7600148918656,9978.590015739235,0.16695499420166016,1,0.14707879279337607,0.08467606414190633,183,control
5204,802.0,9978.0,801.0,9978.0,0.21218355000019073,1,0.8912069815155095,,183,control
5205,781.0,10077.0,781.4799745488538,10076.399987180797,0.10615123063325882,1,0.7129267526552172,0.2398968220554868,183,check
5206,757.0,10140.0,755.8200390132691,10140.29993007263,0.18615682423114777,1,1.1748993960782812,0.822810916781842,183,control
5207,742.0,10127.0,742.939968038681,10126.050051902219,0.23689863085746765,1,1.2848880444016215,0.30147756504665796,183,control
5208,805.0,10023.0,805.0,10022.0,0.13093146681785583,1,0.7316040960707954,,183,control
5209,786.0,10179.0,787.0199568509331,10177.790019851625,0.1698835790157318,1,1.50209936621342,0.2706233918946151,183,control
5210,666.0,9982.0,665.4099742545575,9981.729971797848,0.20786568522453308,1,0.4374379438556539,0.16970061767695951,183,control
5211,782.0,10112.0,781.8300197250603,10111.820050669985,0.16235336661338806,1,0.10913769298855215,0.6652846020142196,183,check
5212,668.0,10052.0,669.3499814590652,10051.28999072671,0.14683496952056885,1,1.5636703605175064,0.31736869627697567,183,control
5213,778.0,10016.0,777.6499857708284,10015.58006979128,0.27093183994293213,1,0.23386289576047575,0.2115198008271317,183,check
5214,757.0,10031.0,757.0799467580354,10030.509988483253,0.27446410059928894,1,0.311572295855667,0.3400383221276918,183,control
5215,739.0,10079.0,740.4998000792973,10078.000046420553,0.22450517117977142,1,1.8053991615712222,0.968681278427837,183,control
5216,726.0,10051.0,727.0799577958112,10050.440036019954,0.2166639268398285,1,1.2673674957442165,0.878386184113815,183,control
5217,795.0,10130.0,796.0,10134.0,0.16038572788238525,0,4.443860811147161,,183,control
5218,812.0,10176.0,812.1300280261872,10175.029945265733,0.18465730547904968,1,0.743917953413112,0.18912949786142286,183,check
5219,765.0,9980.0,765.4599405009914,9979.480038162837,0.3048515021800995,1,0.6575151520687713,0.40171060357797594,183,control
5220,791.0,10028.0,787.78017664973,10029.049909819674,0.1365317702293396,1,3.340535437188689,1.2517897153324902,183,control
5221,813.0,10160.0,812.3300244018186,10159.519969986548,0.18617495894432068,1,0.5386351241245314,0.38311214365335994,183,control
5222,786.0,9970.0,785.5100155797362,9969.599968289223,0.22526653110980988,1,0.354063476063921,0.3020962535367426,183,check
5223,787.0,10168.0,788.0299553750971,10166.8900155121,0.13532158732414246,1,1.4508819218900948,0.2827614056060204,183,control
5224,777.0,10139.0,778.0799514000906,10138.060008475322,0.10040423274040222,1,1.4044045195331583,0.2618617473681118,183,control
5225,715.0,10131.0,715.9300149729077,10129.850050368748,0.11278139054775238,1,1.3888475982798818,0.23610814572890218,183,control
5226,751.0,10015.0,750.7799565787516,10014.84997028343,0.2694082260131836,1,0.15252245655517335,0.243169984837385,183,control
5227,717.0,10018.0,716.0,10018.0,0.29340824484825134,1,0.8924060773462348,,183,control
5228,757.0,10094.0,757.5799716535232,10093.249994876387,0.19206704199314117,1,0.8727549143457007,0.34502865897336843,183,control
5229,745.0,10040.0,744.779891554323,10039.540093540747,0.20026804506778717,1,0.18111426314482804,0.9207974748130852,183,control
5230,794.0,10005.0,793.5600675851123,10004.650000694812,0.2300441414117813,1,0.28997846368923935,0.40352963712265744,183,control
5231,748.0,10162.0,748.7899297600976,10161.100058449205,0.11494249850511551,1,1.1326216830687448,0.3815395222982479,183,control
5232,757.0,10118.0,758.2701572531929,10116.819925092524,0.1107650101184845,1,1.6869587815680211,0.45854278801537357,183,control
5233,800.0,10161.0,800.9597557443358,10160.01014989082,0.1141984611749649,1,1.3267274570544096,1.3195284274094021,183,control
5234,673.0,10037.0,671.0,10039.0,0.10252267867326736,1,2.9428705584813617,,183,control
5235,801.0,10171.0,801.8999698157538,10170.050051489592,0.10904838144779205,1,1.2553411261841148,0.5356502045963799,183,control
5236,805.0,9997.0,804.0,9997.0,0.20933052897453308,1,0.8901331323338587,,183,control
5237,680.0,10155.0,675.6602160226873,10152.750055190307,0.15980222821235657,0,4.6106046975407855,1.204932976540508,183,control
5238,702.0,10106.0,703.1299271369486,10104.890115712991,0.16358254849910736,1,1.5277066854022676,0.42797798323440384,183,check
5239,774.0,10229.0,771.909911018497,10228.400001932216,0.10497285425662994,1,1.9445929328769653,0.5598993858285275,187,control
5240,737.0,10235.0,737.3599808084836,10234.309989941328,0.1358492076396942,1,0.6614370062460156,0.23693238710497744,187,control
5241,671.0,10188.0,672.6200220400318,10186.500018293453,0.1797478348016739,0,2.153134060939483,0.30935400296323795,187,control
5242,783.0,10207.0,784.6999700359486,10205.890012107926,0.13317762315273285,0,2.0407023449231247,0.42535166403164887,187,control
5243,818.0,10202.0,817.5899212119658,10201.789981304739,0.10639207810163498,1,0.253170121780521,0.8791930764661608,187,control
5244,809.0,10204.0,809.3899440234961,10203.440039217814,0.19198060035705566,1,0.6214363700400876,0.17234037672020558,187,control
5245,756.0,10198.0,756.389981332501,10197.129998247628,0.1579744517803192,1,0.8032667973082451,0.08658271913225801,187,check
5246,745.0,10200.0,745.7599658229875,10199.040006062842,0.14795757830142975,1,1.1427978211985752,0.2584483670554621,187,control
5247,693.0,10186.0,694.3499761980694,10184.79996806903,0.11926893889904022,1,1.7652544149601466,0.26424218800210425,187,check
5248,754.0,10230.0,754.7499643072769,10229.229997518589,0.13460208475589752,1,1.0361876478354821,0.1884046888440963,187,control
5249,775.0,10392.0,634.3700969332849,10107.929887125998,0.10602204501628876,0,316.6363158030981,0.8386850575848824,187,control
5250,771.0,10495.0,768.6599350198007,10494.150054886826,0.12223949283361435,1,2.2239105274650544,0.5367407026227154,191,control
5251,750.0,10598.0,751.3700637505514,10596.839945866914,0.14000819623470306,1,1.7829017331730823,0.3665350133749879,191,control
5252,737.0,10618.0,738.0099177167474,10617.320050944752,0.14616630971431732,1,1.2608391558666017,0.31848027604051315,191,control
5253,670.0,10525.0,670.3300355427511,10524.440017967516,0.1641658991575241,1,0.5760739040710503,0.2607963695340001,191,check
5254,697.0,10502.0,695.2299907102419,10501.91000637102,0.15891754627227783,1,1.5990951658927341,0.45542549059308457,191,control
5255,789.0,10510.0,787.120007150752,10509.790054994337,0.1124160960316658,1,1.6949401702462081,0.47693956161686574,191,check
5256,772.0,10578.0,771.6899442089879,10577.130100511655,0.18501168489456177,1,0.5835993977331889,0.6190528562853995,191,control
5257,833.0,10618.0,833.9699530891809,10617.369993568283,0.1725381314754486,1,1.2116301570548902,0.20169514328899768,191,control
5258,780.0,10611.0,781.2499892027646,10609.970003911725,0.18211978673934937,1,1.6178775298614532,0.21318267979232264,191,control
5259,805.0,10579.0,801.5000130324577,10579.88995530229,0.16814100742340088,1,3.5146802233204437,0.8013674127303528,191,control
5260,814.0,10590.0,814.04990902817,10588.99002159141,0.15115781128406525,1,0.7537663596882557,0.23755902664878434,191,control
5261,682.0,10573.0,679.6999733369657,10572.570026324509,0.12050485610961914,1,2.114858048835279,1.0950598347128666,191,control
5262,731.0,10577.0,734.4600237841707,10576.019993540996,0.14998872578144073,0,3.7128793013525905,0.5135760651335496,191,control
5263,719.0,10605.0,719.6899762569967,10604.33003688379,0.22139842808246613,1,0.955209386390494,0.1669431865947251,191,control
5264,681.0,10540.0,680.8500454172232,10539.549963702217,0.19813528656959534,1,0.15134276078544173,0.29307869363987327,191,check
5265,805.0,10561.0,806.1000169107718,10559.930092995091,0.1587936282157898,1,1.5048055930310071,0.528520675380606,191,control
5266,783.0,10556.0,785.0,10554.0,0.11699637025594711,0,2.7739171108260945,,191,control
5267,790.0,10600.0,790.239989131249,10599.020001587227,0.262582004070282,1,0.8077532696411532,0.35625898168536835,191,control
5268,724.0,10592.0,725.1297252909701,10591.23005301694,0.11024080961942673,1,1.4012277742579955,0.792251821411083,191,check
5269,762.0,10621.0,762.9899665056865,10620.289853732596,0.1390647143125534,1,1.2524593977959209,0.3697508455484827,191,control
5270,798.0,10613.0,798.6800223659692,10612.210031796172,0.13290609419345856,1,1.0028183713113379,0.1460216550181437,191,control
5271,674.0,10461.0,614.4699724142024,10360.649975970933,0.11932373046875,0,116.32831954952701,0.04311537873133855,191,control
5272,766.0,10541.0,765.8300064178353,10540.109993359385,0.1567326933145523,1,0.5920978414548893,0.5403247656641167,191,control
5273,711.0,10598.0,711.820013257824,10597.490020800857,0.20323050022125244,1,1.0321149209033245,0.2769250944854774,191,control
5274,787.0,10623.0,787.4400083045294,10622.30012449132,0.1454055905342102,1,0.7503811718962556,0.40725482881107156,191,control
5275,701.0,10551.0,700.6800091619009,10550.48997492984,0.15423259139060974,1,0.24609640720367265,0.11876251449870842,191,control
5276,823.0,10543.0,824.0,10541.0,0.14063552021980286,1,2.0793454372363196,,191,check
5277,785.0,10588.0,780.0,10588.0,0.1698150485754013,0,4.817436257336535,,191,control
5278,704.0,10570.0,704.4099436507436,10569.390041645469,0.20082026720046997,1,0.6734595384173214,0.3735088193856298,191,control
5279,757.0,10587.0,757.9999112495111,10585.990021075624,0.21903161704540253,1,1.3869266545789878,0.3987014956965502,191,control
5280,833.0,10547.0,829.5702371113766,10547.399926215137,0.12884868681430817,1,3.313022562290708,1.1431899934555507,191,control
5281,718.0,10568.0,721.3300810011418,10567.34001209452,0.13447962701320648,0,3.5377237962590193,1.326404603485425,191,control
5282,707.0,10425.0,705.5099395175316,10424.360044009842,0.10818762332201004,1,1.3530397112793098,0.17036805931338123,191,check
5283,684.0,10560.0,682.7999569280965,10558.729975820963,0.1290428638458252,1,1.3992850069477247,0.6869971823658523,191,control
5284,742.0,10774.0,743.0199994209339,10772.970001539119,0.22165639698505402,1,1.4214863576879644,0.3024414512071573,195,control
5285,720.0,10810.0,720.2899881477892,10808.90000743423,0.28991463780403137,1,0.9349067406567021,0.15775966475954628,195,control
5286,841.0,10811.0,841.8799181280816,10809.840026501766,0.12190596014261246,1,1.3861269797038842,0.7953548567302672,195,control
5287,801.0,10716.0,801.7800059571,10715.369981292626,0.29903751611709595,1,1.0341293819509647,0.273877699096224,195,control
5288,825.0,10746.0,825.3599822526785,10745.169996161085,0.16807787120342255,1,0.7735048030985444,0.08731485296395083,195,check
5289,830.0,10716.0,831.5798498234576,10715.140075137197,0.22352072596549988,0,1.8669637703420998,0.4694843128650126,195,control
5290,805.0,10690.0,805.5699388119011,10689.170053069878,0.2734237313270569,1,0.9340753021438173,0.2860227898531386,195,control
5291,760.0,10659.0,760.7499720440356,10658.480030838706,0.24052247405052185,1,0.9706926684520198,0.21289582393669643,195,check
5292,726.0,10762.0,726.3299395712875,10761.130007944364,0.24141015112400055,1,0.7754947715946949,0.16274659525256613,195,control
5293,791.0,10738.0,791.6699679645794,10737.219997137603,0.2965085506439209,1,0.9942233684904623,0.265043508551213,195,control
5294,677.0,10697.0,678.2599848385387,10696.349987132688,0.1458776891231537,1,1.496268410127209,0.2573532827386483,195,control
5295,679.0,10795.0,678.9100461557877,10794.21997898201,0.14985570311546326,1,0.4848167211950854,0.12348266879396205,195,control
5296,802.0,10782.0,802.3599311206648,10780.819977599327,0.3280097544193268,1,1.044504380940446,0.1569606412027306,195,control
5297,685.0,10625.0,685.6200100738449,10624.65996675834,0.13393452763557434,1,0.8129432263475802,1.1929705576617795,195,control
5298,786.0,10636.0,786.8700009271181,10635.469977778355,0.2479771375656128,1,1.0896049712931417,0.18268806540657395,195,control
5299,698.0,10835.0,698.6799263945055,10833.900021773023,0.2561231553554535,1,1.187569029992849,0.4330935121167762,195,control
5300,667.0,10762.0,667.0,10761.0,0.1731269657611847,1,0.7198899898955562,,195,control
5301,673.0,10732.0,674.0999912247328,10731.419982372303,0.21689753234386444,1,1.3266372906210198,0.6929420437818249,195,control
5302,808.0,10799.0,808.3699393415662,10797.980015021016,0.32040899991989136,1,0.920811560871975,0.13182396844268224,195,check
5303,790.0,10797.0,790.379992814545,10796.060045681172,0.36116933822631836,1,0.865419846023456,0.25012123402710285,195,control
5304,812.0,10641.0,812.7499396865564,10640.310093133769,0.2009778618812561,1,1.0237772566756254,0.37720033503011724,195,control
5305,774.0,10744.0,774.7199759557599,10743.230041635941,0.28954291343688965,1,1.0332227725885472,0.11643438526352079,195,control
5306,748.0,10817.0,748.2800419935204,10816.03003566673,0.30315059423446655,1,0.8232781710603507,0.10931266800692341,195,control
5307,784.0,10655.0,780.7200421149132,10655.429923265576,0.22706423699855804,1,3.169191266108332,1.7683644487220203,195,control
5308,833.0,10820.0,833.1598717837403,10818.820085021194,0.1267603635787964,1,0.9535773387893668,0.8012602350050537,195,control
5309,839.0,10690.0,839.9297186690663,10689.039782518284,0.161747545003891,1,1.3093471825600191,0.4388104635161262,195,check
5310,837.0,10671.0,837.1899341005753,10676.569754502576,0.22242307662963867,0,5.879170366768787,0.5013165150153862,195,control
5311,687.0,10737.0,686.5700620861617,10737.139979028825,0.14596977829933167,1,0.5029714695624217,1.1821317740494566,195,control
5312,834.0,10765.0,832.1799382922386,10762.89997218836,0.139972984790802,1,2.4205587344045436,0.49801889129218285,195,control
5313,695.0,10747.0,691.0,10747.0,0.10809668153524399,1,3.8127521593935154,,195,control
5314,795.0,10842.0,794.7999632206603,10841.120002921323,0.3145522475242615,1,0.5776998833162762,0.060957345682466135,195,control
5315,686.0,10656.0,686.1600419605865,10655.5500113269,0.21275284886360168,1,0.38251549437897225,0.378917064498686,195,control
5316,823.0,10669.0,823.4099532443245,10668.460082962414,0.2297084778547287,1,0.6541104187211442,0.3135061329869483,195,control
5317,825.0,10687.0,825.5299728432965,10686.349989917922,0.18018047511577606,1,0.809376351493711,0.23363545152488263,195,control
5318,854.0,10744.0,851.0,10739.0,0.10078499466180801,0,5.472277423941417,,195,control
5319,827.0,10807.0,827.5199456752975,10805.720072546164,0.23446887731552124,1,1.2196574169531078,0.5271390493238974,195,check
5320,769.0,10632.0,769.5099299239508,10631.290002692896,0.3037659525871277,1,0.8149171549421623,0.21710923924587777,195,control
5321,755.0,10809.0,755.2200131963109,10808.079899545979,0.264661580324173,1,0.7481463133701489,0.2522144654603411,195,control
5322,718.0,10691.0,717.189996613586,10691.510023729123,0.13932107388973236,1,1.0192107169083628,0.5138599489679173,195,control
5323,736.0,10829.0,737.819893594051,10828.170110391298,0.2008538842201233,1,2.092066800700931,0.802739337195489,195,check
5324,744.0,10716.0,745.1299491787495,10715.060008991108,0.2931140959262848,1,1.47355668112506,0.45305903872755965,195,control
5325,790.0,10690.0,790.7299750988645,10689.270039962026,0.30944469571113586,1,1.0229843154748997,0.10921161825933574,195,check
5326,739.0,10636.0,739.9900004442683,10634.999999896843,0.16315843164920807,1,1.3744981821824946,0.2499009364028742,195,control
5327,734.0,10700.0,735.2299541233346,10699.150050451084,0.1587017923593521,1,1.528694382106304,0.25168116749144775,195,check
5328,765.0,10727.0,766.1800503561605,10726.650051517354,0.19226394593715668,1,1.3807424853234462,0.3371995508224174,195,control
5329,836.0,10739.0,836.999940924914,10738.41994722959,0.18682336807250977,1,1.2345789332486465,0.8541755132943595,195,control
5330,844.0,10633.0,841.0,10630.0,0.11483351141214371,0,3.89611539283549,,195,control
5331,756.0,10777.0,756.3300310038527,10775.879998419714,0.32320839166641235,1,0.9749807125118186,0.19816980579695603,195,check
5332,836.0,10633.0,836.7197454659463,10632.040057228607,0.11149550974369049,1,1.1308996544059515,0.6763269615614488,195,control
5333,681.0,10645.0,683.0,10641.0,0.14988067746162415,0,4.296700954720878,,195,check
5334,810.0,10862.0,810.3600276079123,10861.07998984382,0.20492474734783173,1,0.8400745095584772,0.2436645238107001,199,control
5335,805.0,10902.0,804.2999831646225,10901.339987989584,0.2793448865413666,1,0.6054409726069222,0.2584758762617395,199,control
5336,796.0,11032.0,796.3600412246077,11030.760048487226,0.1141413077712059,1,1.0987611564229145,0.797898547704311,199,control
5337,769.0,10993.0,766.0,10997.0,0.143625408411026,0,5.128501138059465,,199,control
5338,711.0,11055.0,709.8300064178353,11055.109993359385,0.13265840709209442,1,1.040761814752227,0.652376702851537,199,control
5339,715.0,10975.0,715.1699925505969,10973.990002197934,0.20985202491283417,1,0.7985066751947424,0.2667801727963389,199,control
5340,763.0,10879.0,763.0898722115415,10878.080072748124,0.170675128698349,1,0.683686486272726,0.38131508975338435,199,control
5341,721.0,10898.0,721.0200000398746,10896.910004204728,0.18871541321277618,1,0.8150252683098435,0.3923460993214156,199,control
5342,778.0,10926.0,777.4899704940981,10925.749971734565,0.18027330935001373,1,0.30304793250955075,1.1207759966781818,199,control
5343,683.0,10866.0,685.0,10865.0,0.19996920228004456,0,2.3121136268828706,,199,control
5344,774.0,10980.0,770.0,10979.0,0.15439489483833313,0,3.8479425912208343,,199,check
5345,802.0,10867.0,802.5600274908744,10866.230029669756,0.25267621874809265,1,0.8999753859980706,0.29052414877144117,199,control
5346,802.0,10919.0,803.9799176053571,10917.460044415528,0.2541199028491974,0,2.5167474113287143,2.0474936900263843,199,control
5347,682.0,10993.0,685.0,10992.0,0.13968239724636078,0,3.2870182390313873,,199,control
5348,813.0,11043.0,813.3100475722202,11042.360065742172,0.1757088303565979,1,0.6266690997509975,0.509464972572729,199,control
5349,808.0,11000.0,808.4099471580743,10999.050056750588,0.19919510185718536,1,0.8997427487469247,0.5178723171780429,199,control
5350,744.0,10869.0,743.619969979607,10868.239995733284,0.2652566432952881,1,0.4855924156769957,0.2101048408526873,199,control
5351,728.0,11017.0,728.7899915172601,11016.420122770589,0.1052580326795578,1,1.0421193167094436,0.503966019209014,199,control
5352,780.0,10855.0,780.0600144584166,10854.340074367467,0.250842809677124,1,0.4458310708016698,0.16337589030313682,199,check
5353,749.0,10903.0,748.8999894155427,10902.150135900556,0.2693724036216736,1,0.554601524803053,0.16793883153241373,199,control
5354,799.0,10932.0,798.3699806736856,10931.27999137729,0.2742358148097992,1,0.589292480729075,0.6603454745498457,199,check
5355,733.0,10891.0,732.8399242377394,10890.420044748405,0.2417786568403244,1,0.2772885901869727,0.3853034668208417,199,check
5356,695.0,10952.0,694.8698682655904,10951.410011390999,0.1297251284122467,1,0.2912260919938113,0.7453613465518216,199,control
5357,815.0,10946.0,813.9999280640668,10945.360093491347,0.1430307924747467,1,0.8552270677219881,0.7095324183707645,199,control
5358,744.0,10997.0,744.4298563843242,10996.150073145576,0.1612025946378708,1,0.8425350963410309,0.9119816688750013,199,control
5359,832.0,10995.0,830.7999404230112,10994.329904738046,0.13058830797672272,1,1.049144491452925,1.1104927048263575,199,control
5360,821.0,10972.0,823.0,10971.0,0.1504075825214386,0,2.322608433989283,,199,control
5361,709.0,10853.0,709.6299620048936,10851.96996340486,0.18121403455734253,1,1.105034083551751,0.23154689740525597,199,control
5362,699.0,10995.0,698.8700765072896,10994.45010163168,0.1435955911874771,1,0.25337675867659804,0.4444934837489962,199,control
5363,679.0,10962.0,680.0,10961.0,0.15395061671733856,1,1.3940695259706823,,199,check
5364,828.0,11023.0,828.0799905659176,11022.569975501965,0.14767909049987793,1,0.3243327962980942,0.45289385316353087,199,control
5365,749.0,10970.0,749.0199604614206,10969.440035401012,0.2423049509525299,1,0.3441887683864958,0.19539985974502821,199,control
5366,819.0,11016.0,819.0699076238496,11015.040019576381,0.17323073744773865,1,0.7161950785898652,0.5267652709550406,199,control
5367,782.0,10881.0,782.7300917710909,10879.879937487805,0.21593643724918365,1,1.2445192933501612,0.4079230722686462,199,control
5368,691.0,10934.0,688.0,10935.0,0.1400708556175232,1,3.0817417202513475,,199,control
5369,745.0,11021.0,745.71005607272,11020.119981361557,0.1679607778787613,1,1.0889655732950165,0.3795368247585663,199,control
5370,839.0,10913.0,833.0,10913.0,0.1121094822883606,0,5.795511116748229,,199,control
5371,759.0,10946.0,756.0000486562509,10945.590007899318,0.21843543648719788,1,2.7890787779889608,0.8419004413141785,199,check
5372,768.0,10852.0,771.3299484090201,10859.579844356149,0.20169545710086823,0,8.641371638891105,0.7634021104875104,199,control
5373,813.0,11028.0,811.9899936359205,11027.65997057514,0.1560836285352707,1,0.7919825337160422,0.39299852463449825,199,check
5374,675.0,10920.0,671.6999620928764,10921.659977899271,0.1073819175362587,1,3.665527240789644,0.5166826453878449,199,control
5375,833.0,10904.0,839.1297454065428,10911.280139649243,0.11439646780490875,0,9.884162951200954,4.788741677275975,199,control
5376,859.0,10884.0,840.5499364688266,10748.789837295964,0.10147026926279068,0,136.14079259345067,1.7030755653390803,199,control
5377,770.0,10911.0,770.9599345863518,10909.900113515057,0.18866002559661865,1,1.4151331379089696,1.2113925647966952,199,check
5378,825.0,10879.0,825.2899852593993,10878.179994994718,0.20508916676044464,1,0.7205556462277884,0.2053975769670391,199,control
5379,820.0,10956.0,818.7900122180228,10955.720010273219,0.19035692512989044,1,0.9956379424785533,0.5227581915554295,199,check
5380,865.0,10970.0,851.0,10739.0,0.11341440677642822,0,231.1152574287848,,199,control
5381,798.0,10980.0,801.0,10984.0,0.23737403750419617,0,5.373398434185369,,199,control
5382,680.0,11060.0,682.2499916785274,11058.730014574161,0.14057284593582153,0,2.6470358181288676,1.0196356902677102,199,control
5383,692.0,11111.0,694.0797847305752,11110.990097274736,0.17479684948921204,0,2.3212409833188796,0.49516859199929186,203,control
5384,737.0,11098.0,736.0599678653014,11098.550075353513,0.10203133523464203,1,1.1213616166029363,0.4742421186211337,203,check
5385,818.0,11230.0,817.4999826349574,11229.530026038447,0.1815130114555359,1,0.31371135838222547,0.49994983690586303,203,control
5386,791.0,11255.0,792.0799150194969,11254.280053443923,0.17653398215770721,1,1.374306580293085,0.37164268362940894,203,check
5387,720.0,11161.0,719.2899693732546,11161.71992657741,0.12017355859279633,1,1.141241373038929,0.6837811493825073,203,control
5388,676.0,11174.0,677.770050415564,11173.409969096718,0.1600765734910965,0,2.013725398745026,0.25939629947574466,203,control
5389,731.0,11127.0,731.9799256515862,11126.680079068448,0.15359023213386536,1,1.203131450097893,0.7977818253660532,203,control
5390,821.0,11266.0,818.0,11266.0,0.15642918646335602,1,2.7840158401202113,,203,control
5391,785.0,11071.0,770.0,10979.0,0.1092754676938057,0,92.87781372561756,,203,control
5392,785.0,11071.0,784.729965814754,11071.169999977885,0.17327167093753815,1,0.47996189091712393,0.5156870886283598,203,check
5393,722.0,11098.0,723.0999930815549,11098.239990369131,0.14372622966766357,1,1.4318285004266305,0.4282255627041142,203,control
5394,769.0,11252.0,771.5299696454362,11251.659976145607,0.2159229964017868,0,2.7615599236432877,0.796625268017409,203,control
5395,806.0,11110.0,806.1299467029867,11110.29999832867,0.12910281121730804,1,0.7024057116166339,0.7195762512012076,203,check
5396,693.0,11178.0,694.6699800339231,11177.050049116986,0.23039010167121887,0,1.9990028586057231,0.6220340996061668,203,control
5397,685.0,11213.0,686.6200238968539,11212.320026290281,0.2849649488925934,0,1.8829497222982292,0.4000224765230548,203,control
5398,718.0,11133.0,719.0800826511743,11128.95017043821,0.18469586968421936,0,3.9580034047813757,1.05419703687819,203,control
5399,827.0,11131.0,828.0599185901098,11130.020064788583,0.14670516550540924,1,1.4511624691235174,0.3711273890888753,203,control
5400,829.0,11251.0,830.7498773104533,11250.050026146775,0.16787320375442505,1,2.083687142557698,0.9189222014562209,203,check
5401,829.0,11220.0,829.0,11219.0,0.11466468125581741,1,0.7297275627865515,,203,control
5402,673.0,11208.0,675.8200149083326,11207.330027909149,0.1502651572227478,0,3.0673527574751818,0.48427836344388203,203,control
5403,715.0,11245.0,716.6399222916417,11244.469996037105,0.14292125403881073,1,1.882196143063159,0.30986323892102924,203,check
5404,726.0,11207.0,728.2500254802015,11205.759958498857,0.21141669154167175,0,2.645452901175382,0.6349581018504766,203,control
5405,687.0,11135.0,686.1399344988452,11135.439947785248,0.18206529319286346,1,0.9876479348385985,1.1712068312168176,203,check
5406,772.0,11125.0,772.9999714593218,11124.460078732985,0.11622386425733566,1,1.2453787274367132,1.0870130217120815,203,control
5407,686.0,11077.0,687.0600501169129,11076.190026288989,0.1724347025156021,1,1.3723183212037642,0.6040223721665569,203,control
5408,791.0,11220.0,789.0,11217.0,0.11615227907896042,0,3.220229323831433,,203,control
5409,726.0,11241.0,727.7600528198111,11240.219977434657,0.1839187890291214,0,2.0437621558987287,0.4082611922679842,203,control
5410,815.0,11119.0,814.359891851681,11119.320010128418,0.11589590460062027,1,0.7519979868050448,0.6408250584286707,203,control
5411,777.0,11146.0,777.1399753489313,11141.480123715466,0.18510301411151886,0,4.226394057463067,1.4516658300820493,203,control
5412,789.0,11123.0,790.0,11120.0,0.10971608012914658,1,2.9570954052663745,,203,check
5413,794.0,11102.0,795.259868269469,11101.730090051176,0.11159656196832657,1,1.4832589286586495,0.5425130633930212,203,control
5414,746.0,11200.0,746.9099645231169,11199.520030712143,0.21132251620292664,1,1.150102781789752,0.18414961462452156,203,control
5415,687.0,11262.0,688.5299718117286,11261.44998547524,0.2174665629863739,1,1.7757487636856097,0.8633822543890435,203,control
5416,749.0,11283.0,750.5500135963497,11282.619967813314,0.14117279648780823,1,1.784143011636744,0.9294831796542068,203,control
5417,666.0,11108.0,664.0,11110.0,0.10081164538860321,1,2.9200383330573776,,203,control
5418,756.0,11222.0,756.159908680118,11221.550042273935,0.16231508553028107,1,0.4129435650965885,0.5938731643071296,203,control
5419,759.0,11192.0,759.369984284173,11191.93000692668,0.18209636211395264,1,0.6444959068134338,0.42672417486525943,203,control
5420,788.0,11281.0,788.6099692891506,11280.349990743176,0.10404530167579651,1,0.9089395571169245,0.23750259383739253,203,control
5421,667.0,11234.0,668.6600165493147,11232.860002712425,0.20927304029464722,0,2.0596564239213415,0.4411949699305816,203,control
5422,705.0,11112.0,706.1799589235952,11111.900061042006,0.18010307848453522,1,1.4178378623681347,0.8061022714789841,203,control
5423,797.0,11232.0,797.4299961636701,11231.52007018744,0.17348043620586395,1,0.6822891099381353,0.2957224140998579,203,control
5424,830.0,11230.0,830.9399678323674,11229.070051013683,0.17837008833885193,1,1.3262296056383294,0.7187815084605516,203,control
5425,764.0,11150.0,761.0,11152.0,0.18067124485969543,0,3.6107197473765784,,203,check
5426,770.0,11271.0,772.8599686012801,11270.340038193186,0.22030457854270935,0,3.1120701995308764,0.7677852207048621,203,control
5427,808.0,11135.0,809.0,11136.0,0.10604772716760635,1,1.7916785032606843,,203,control
5428,794.0,11137.0,793.9699074244767,11137.489998552743,0.14250263571739197,1,0.8216386548620072,1.1146767728481772,203,control
5429,711.0,11321.0,711.1000328663225,11320.689960061381,0.11690240353345871,1,0.3345055417950102,0.9650597598466919,207,check
5430,723.0,11460.0,722.7499741071713,11459.280039724072,0.15701262652873993,1,0.4012897777149995,0.24121238798719513,207,control
5431,688.0,11429.0,690.0,11428.0,0.12090449780225754,0,2.3413262390231044,,207,control
5432,728.0,11453.0,727.9499973729723,11452.469978603609,0.17414073646068573,1,0.2862508282813015,0.26685281380939013,207,control
5433,762.0,11309.0,762.3800368287407,11309.10003358842,0.11437911540269852,1,0.7408530219228456,0.3195575097175323,207,control
5434,729.0,11426.0,730.0,11426.0,0.10442238301038742,1,1.2810960763574646,,207,control
5435,754.0,11439.0,753.0,11439.0,0.11696818470954895,1,0.8211371025601935,,207,control
5436,799.0,11429.0,797.3899781346406,11429.439984475313,0.10915391892194748,1,1.5613480765094452,1.0399055714282317,207,control
5437,744.0,11295.0,745.8299122000369,11294.629990888792,0.16032400727272034,1,2.064189533362121,0.6184008121655685,207,check
5438,852.0,11504.0,821.0,11608.0,0.10330204665660858,0,108.75249096285496,,207,control
5439,682.0,11461.0,682.219943942454,11460.1800045883,0.17712914943695068,1,0.6799999211878807,0.27439000755629755,207,control
5440,835.0,11401.0,833.7499634820226,11401.309993964443,0.16561050713062286,1,1.1842448360589752,0.6544338258360064,207,control
5441,804.0,11308.0,806.1101731298112,11306.969961204815,0.12377076596021652,0,2.4534168113057704,0.6528975235509853,207,control
5442,761.0,11474.0,762.1700446110217,11473.250024758105,0.15529440343379974,1,1.4794810594434855,0.5222203124610768,207,control
5443,785.0,11494.0,782.0,11495.0,0.18429027497768402,1,3.0519995158715,,207,control
5444,787.0,11470.0,785.3101126998057,11469.659942929122,0.12004252523183823,1,1.4453119996519694,1.7969116211664025,207,control
5445,668.0,11489.0,668.1899916620605,11487.990002404247,0.14367453753948212,1,0.8127520964546394,0.29836467290323143,207,control
5446,728.0,11440.0,727.019905409449,11440.469999957064,0.1527818888425827,1,1.079836608797827,1.6322443590532243,207,control
5447,810.0,11506.0,810.4998946403168,11506.140252019233,0.1394708752632141,1,0.8747841942433853,1.0579220923370312,207,control
5448,767.0,11440.0,772.0,11435.0,0.11057514697313309,0,7.030622718155552,,207,check
5449,687.0,11477.0,687.2799867352353,11476.079999334244,0.1822114884853363,1,0.7952130678592483,0.21679543738900847,207,control
5450,825.0,11479.0,827.0101683915398,11477.859920633377,0.1027342677116394,0,2.4031326479806068,0.9473539132716209,207,control
5451,812.0,11299.0,813.6098931237893,11298.120066019525,0.13039302825927734,0,1.930931668570168,0.46616114036145345,207,control
5452,832.0,11478.0,833.1199061246059,11476.970023202042,0.2304055541753769,1,1.5430398773083915,0.5086233402727854,207,check
5453,749.0,11504.0,748.7799312359336,11503.000062788731,0.19545041024684906,1,0.6824075586348963,0.7182989010987298,207,check
5454,808.0,11479.0,807.8800039901805,11478.12999298663,0.11132608354091644,1,0.5700527383068249,0.2896438542130283,207,control
5455,731.0,11487.0,731.2698031102425,11486.390214744455,0.10990888625383377,1,0.5911454779379645,1.0565987785826694,207,control
5456,704.0,11506.0,704.2799936467399,11505.410029100216,0.22514910995960236,1,0.5903151633596924,0.25558373950206575,207,control
5457,803.0,11394.0,804.979934386162,11393.139915035965,0.13006426393985748,0,2.287037518193279,0.7854006731740232,207,control
5458,795.0,11444.0,794.5899813186197,11443.27003851783,0.1591087132692337,1,0.44799205613998183,0.5629118491050706,207,control
5459,704.0,11298.0,703.8600509560483,11297.969989572932,0.1747705042362213,1,0.3013976830765563,0.36215053402960806,207,control
5460,795.0,11297.0,797.5999239655579,11296.47999518021,0.14788104593753815,0,2.8422568273750213,0.6162693540294738,207,control
5461,827.0,11420.0,825.8599730370217,11419.91005729672,0.10602999478578568,1,0.9244414146573673,0.5284629479944865,207,control
5462,756.0,11492.0,748.7900699520706,11490.43005726814,0.16669543087482452,0,7.076275711790863,1.3130969360719398,207,control
5463,745.0,11434.0,745.4799418819042,11433.260048143053,0.13001659512519836,1,0.8366348565293593,0.32787618586488376,207,control
5464,701.0,11436.0,701.8899966344078,11434.799963323818,0.1297382116317749,1,1.433403478673641,0.34612215129461066,207,control
5465,811.0,11464.0,811.2299106249227,11463.060064765175,0.17558181285858154,1,0.7860443341577871,0.2454196673858872,207,check
5466,666.0,11462.0,666.9100034826301,11461.049996850248,0.1547379344701767,1,1.3119696541339911,0.3619063245658186,207,check
5467,814.0,11407.0,814.440131063006,11406.320048228927,0.1080460399389267,1,0.7745599987902576,0.2785996119853928,207,control
5468,685.0,11294.0,686.6099455968413,11293.340090356767,0.14078064262866974,0,1.8737547023768424,0.6079804551431717,207,control
5469,742.0,11476.0,740.8400181460675,11475.930045886193,0.19534209370613098,1,0.9486790137256017,0.8166860192681646,207,control
5470,816.0,11309.0,816.9300007372716,11308.229989059733,0.10589256137609482,1,1.2531566779951706,0.455395451788011,207,check
5471,698.0,11495.0,697.8998369479125,11494.0100842137,0.18351276218891144,1,0.6844163831624912,0.9032893886250591,207,control
5472,745.0,11315.0,744.0099969768122,11315.249988996451,0.10158029943704605,1,0.9430067220078219,1.2202117247070379,207,check
5473,708.0,11486.0,708.5200195712097,11485.169987495914,0.20911233127117157,1,0.9187391400166031,0.34126306688360775,207,control
5474,830.0,11444.0,829.899864939056,11442.90980146409,0.1616448312997818,1,0.791407852941303,0.9151084822332847,207,control
5475,774.0,11492.0,773.7599625219705,11491.359991846259,0.2590019404888153,1,0.32376066911218027,0.44684372405295647,207,control
5476,734.0,11536.0,733.6398927888017,11535.329868976392,0.16214191913604736,1,0.3681410838834628,0.19887145983714719,211,control
5477,822.0,11608.0,821.0,11608.0,0.24255354702472687,1,0.8102676941832127,,211,control
5478,754.0,11588.0,753.9299040437104,11586.989975926705,0.21333976089954376,1,0.7140206495008302,0.4592063811808004,211,control
5479,674.0,11594.0,673.6698856098112,11593.59004575786,0.1425648033618927,1,0.11725336419732695,0.42682953139268065,211,control
5480,792.0,11604.0,792.8799156523188,11603.080015839329,0.16212180256843567,1,1.2831783235591967,0.3336091133032078,211,control
5481,718.0,11683.0,719.3899354614831,11682.27000234355,0.17716972529888153,1,1.695686162930962,0.5733992389885445,211,control
5482,733.0,11697.0,733.2699481168335,11696.560032648713,0.2081233263015747,1,0.5402039901617312,0.16724798874887303,211,control
5483,666.0,11531.0,666.2399754113968,11530.349942499552,0.18730853497982025,1,0.5855827086317342,0.26259651338221934,211,check
5484,774.0,11717.0,774.5399811673549,11716.500027783877,0.12991784512996674,1,0.8192318086161843,0.18521907863168377,211,control
5485,802.0,11576.0,801.9300088866574,11575.440024156924,0.16459523141384125,1,0.30386109481977086,0.25817810690444715,211,check
5486,813.0,11548.0,812.510006192469,11547.509927860816,0.13477201759815216,1,0.2970303796058559,0.23114312452728106,211,control
5487,798.0,11584.0,797.9899965243104,11583.37998301465,0.15259163081645966,1,0.3879805013097574,0.23295339976957424,211,control
5488,791.0,11725.0,791.6499773119722,11724.400033361284,0.25585103034973145,1,0.9523199735911007,0.1729589009430578,211,control
5489,808.0,11702.0,810.5001232395575,11700.820026634456,0.10598531365394592,0,2.8907161308156897,1.0989216142196603,211,control
5490,717.0,11621.0,717.0200496245366,11620.41001610246,0.24569056928157806,1,0.38207068028267943,0.2177321122461827,211,control
5491,809.0,11643.0,807.7300762281674,11643.080072198589,0.11546143144369125,1,1.0893303437250175,1.2944454017891895,211,control
5492,724.0,11569.0,723.6800094713712,11568.459976262644,0.22892528772354126,1,0.23026600833721167,0.14001010666158553,211,check
5493,716.0,11543.0,715.7200189383877,11542.370025100508,0.19903415441513062,1,0.31086908728668644,0.5194809327608116,211,check
5494,795.0,11690.0,794.0,11690.0,0.1585010439157486,1,0.8074923664610621,,211,control
5495,797.0,11559.0,796.3700235531567,11558.429974397588,0.10988377779722214,1,0.45665333077533465,0.1327630980422077,211,check
5496,817.0,11623.0,816.3200269092224,11622.319978768755,0.13503438234329224,1,0.5597090601688911,0.254934488383673,211,check
5497,785.0,11633.0,784.319959409031,11633.250091363636,0.11759443581104279,1,0.7100984767778264,0.695991932655842,211,control
5498,749.0,11639.0,748.6100235158679,11638.400022632979,0.3888915777206421,1,0.31055529965845413,0.1781212329093083,211,control
5499,803.0,11715.0,803.1499199558484,11714.500088818942,0.19925996661186218,1,0.44794625672901434,0.3647481681615649,211,control
5500,779.0,11511.0,779.509940342786,11510.280047563987,0.10373153537511826,1,0.8579302282240732,0.549252156781287,211,control
5501,796.0,11663.0,796.9200266612653,11662.76009869083,0.13376274704933167,1,1.1792301639991043,0.35942973840871356,211,control
5502,737.0,11557.0,737.0799571768705,11556.500033354345,0.25248128175735474,1,0.3751265108230895,0.33255791663200496,211,control
5503,764.0,11640.0,764.3699801579018,11639.329989155949,0.24748016893863678,1,0.7160498229336167,0.5372753898431442,211,control
5504,687.0,11704.0,687.0699541138081,11703.840018146067,0.21083132922649384,1,0.36645537976172393,0.5268963152360816,211,control
5505,761.0,11648.0,761.6099700112482,11647.279993853053,0.2648733854293823,1,0.9529345917561938,0.313007147188132,211,control
5506,710.0,11570.0,709.7199737894674,11569.44003230631,0.23980720341205597,1,0.24027543279574765,0.137757208760142,211,control
5507,816.0,11711.0,813.0,11712.0,0.15456946194171906,1,3.0407461094365438,,211,control
5508,719.0,11517.0,718.9899982779758,11516.209990567211,0.22442801296710968,1,0.5259976366125045,0.24345387437504037,211,control
5509,670.0,11562.0,670.1401381678951,11561.229816682844,0.10882581770420074,1,0.5914933404971953,0.37659658118544437,211,control
5510,826.0,11513.0,817.9002548080043,11517.56986732425,0.10290981829166412,0,9.246565363425766,1.9124036318892546,211,check
5511,701.0,11648.0,698.5600411769758,11649.209886962144,0.19437316060066223,1,2.670484480599156,2.2728170639688994,211,control
5512,725.0,11596.0,725.6498376357831,11595.02003676369,0.23836256563663483,1,1.116119649484261,0.9448874157070426,211,control
5513,762.0,11535.0,762.0,11535.0,0.19845698773860931,1,0.40331481802278346,,211,control
5514,739.0,11674.0,736.0,11673.0,0.17710505425930023,1,2.826472751181715,,211,control
5515,828.0,11539.0,827.5298851243755,11538.24001543623,0.14658112823963165,1,0.497475370008659,0.53349105793043,211,check
5516,806.0,11528.0,802.0,11529.0,0.1807975471019745,1,3.9752443534930273,,211,control
5517,788.0,11647.0,786.0,11649.0,0.17996542155742645,1,2.9015828672778152,,211,control
5518,761.0,11699.0,762.319900746572,11698.630040370299,0.18229985237121582,1,1.5787322331232596,0.4602262744062532,211,control
5519,815.0,11591.0,815.4098376730719,11590.049988528299,0.19972985982894897,1,0.9171340596531818,0.42809276350906844,211,check
5520,671.0,11660.0,672.0,11660.0,0.1980983465909958,1,1.295598602859174,,211,control
5521,672.0,11686.0,673.1599462985931,11685.210002636553,0.1446828842163086,1,1.4895468583915126,0.23038780511050616,211,control
5522,818.0,11673.0,818.0,11673.0,0.17545455694198608,1,0.40863315412201207,,211,control
5523,712.0,11595.0,712.539895717883,11594.170063076086,0.19143232703208923,1,0.9398288139397554,0.7455303078843689,211,control
5524,710.0,11917.0,710.2699832595458,11916.459982348895,0.16615091264247894,1,0.5800792348083992,0.11933018000175444,215,control
5525,821.0,11899.0,821.2199199069236,11897.509901073803,0.1950710564851761,1,1.2676935814906376,1.0701670635609284,215,control
5526,819.0,11853.0,819.5500193731295,11852.059992692335,0.26514551043510437,1,1.026386132283522,0.3755647575772919,215,control
5527,818.0,11906.0,817.4199794839124,11905.179996335757,0.17482760548591614,1,0.5860101736703002,0.825262733917296,215,control
5528,732.0,11843.0,732.6499657584125,11842.519983603243,0.37957173585891724,1,0.9290090336012353,0.11456575144571397,215,control
5529,716.0,11887.0,716.1699328565702,11886.469946761914,0.24854689836502075,1,0.48291787866192304,0.3278874659102564,215,control
5530,733.0,11885.0,730.0,11887.0,0.16883185505867004,1,3.587907232523456,,215,control
5531,783.0,11851.0,783.4700203483558,11850.309980760376,0.2759226858615875,1,0.8239924111752437,0.16806000832918022,215,control
5532,760.0,11783.0,760.9999563984314,11781.920013869823,0.14873676002025604,1,1.4726137679847322,0.39805527766834264,215,control
5533,827.0,11888.0,825.8700826629457,11888.15992649249,0.22036084532737732,1,0.984632901729849,0.5481906104449877,215,control
5534,765.0,11809.0,765.0,11808.0,0.24843670427799225,1,0.7268954634726127,,215,control
5535,796.0,11736.0,796.6500208103839,11735.490019047193,0.28932490944862366,1,0.9306366874648155,0.08051001454098848,215,control
5536,825.0,11839.0,824.4300226412126,11838.259982569089,0.2204180657863617,1,0.5174763543989644,0.17042238952840252,215,control
5537,822.0,11791.0,818.0,11788.0,0.11445634067058563,0,4.597740704600141,,215,check
5538,828.0,11877.0,827.3500498182618,11875.97008348126,0.2296973317861557,1,0.8046832050652164,0.30241231872510443,215,control
5539,788.0,11803.0,788.6801324699122,11803.15010268407,0.13742554187774658,1,1.0561279452008134,0.5501109644223545,215,control
5540,752.0,11836.0,752.6800014251422,11835.239941609723,0.30756789445877075,1,1.0416194424835081,0.1535920675326572,215,check
5541,805.0,11772.0,805.9099326814215,11771.300095228544,0.281009316444397,1,1.2332418650283405,0.3044349951987112,215,control
5542,729.0,11832.0,729.1799869484895,11831.48998008768,0.3118387460708618,1,0.4820477285526228,0.22411317286046437,215,control
5543,691.0,11891.0,691.6399938486986,11890.840102563972,0.15192915499210358,1,0.923828178153984,0.45743808291569177,215,check
5544,821.0,11914.0,820.8900096321626,11913.540019301614,0.2727854549884796,1,0.21306953229631193,0.29264403050101473,215,control
5545,746.0,11806.0,748.1100087297449,11804.680059778131,0.30134519934654236,0,2.574615336168102,0.5836090957776031,215,control
5546,711.0,11809.0,712.0700400790638,11808.1199850752,0.1542319506406784,1,1.4441194651140536,0.31813441123575975,215,control
5547,679.0,11867.0,680.1400029611985,11866.110040984067,0.24515829980373383,1,1.5141675975460842,0.27612636026056914,215,control
5548,756.0,11881.0,756.6398483957297,11880.020081087356,0.26394909620285034,1,1.1201548919040702,0.6582920395350417,215,control
5549,675.0,11805.0,675.4299773891355,11804.339989330621,0.20049835741519928,1,0.7680180710167441,0.20439474743153732,215,control
5550,766.0,11732.0,766.1699948200461,11731.770011971834,0.22566746175289154,1,0.4397471594609598,0.5558589159295356,215,control
5551,778.0,11731.0,778.0499914860951,11730.609973415421,0.17476214468479156,1,0.31793711314642015,0.5311612615959938,215,check
5552,710.0,11899.0,711.3597911350054,11898.469979668927,0.1780685931444168,1,1.6413360827406567,1.2360092128058113,215,check
5553,814.0,11786.0,813.1002094388892,11788.799913911718,0.19967670738697052,1,3.1836956458815773,2.3547998247962694,215,control
5554,714.0,11824.0,714.0,11826.0,0.169864222407341,1,2.341435859741441,,215,check
5555,803.0,11808.0,801.0,11807.0,0.20984254777431488,1,1.8628903960117882,,215,control
5556,761.0,11901.0,764.4799670184085,11899.129954749216,0.12757596373558044,0,4.055987388244269,2.230571710959982,215,control
5557,817.0,11822.0,817.4199873238279,11821.420030100142,0.25590780377388,1,0.7340315267200238,0.3694163060906339,215,control
5558,680.0,11786.0,679.8800344908376,11785.479922694742,0.11423856019973755,1,0.2389566862577935,1.9025110232911548,215,control
5559,679.0,11834.0,680.0699596842744,11833.300042136552,0.23434801399707794,1,1.3852115044540496,0.25964845291286587,215,control
5560,760.0,11859.0,760.5998367624208,11858.32002291986,0.22486643493175507,1,0.9375581210195902,0.22472635093333557,215,control
5561,803.0,11796.0,804.6800123597612,11795.179988702155,0.2581498622894287,1,2.0078607346897046,0.7251569389776368,215,check
5562,789.0,11869.0,789.370025822606,11868.20998417149,0.2633236050605774,1,0.7914712157865864,0.3381960359427414,215,control
5563,714.0,11848.0,714.699972718025,11847.6300236589,0.3718850612640381,1,0.9670169854011748,0.4281195502000382,215,check
5564,707.0,11770.0,706.0,11767.0,0.131648987531662,1,2.774463589532518,,215,control
5565,782.0,11928.0,781.0,11928.0,0.14661049842834473,1,0.7968250749107104,,215,control
5566,782.0,11898.0,786.0,11891.0,0.1389010101556778,0,7.925334797774956,,215,check
5567,807.0,11750.0,808.5700170403982,11749.199986678894,0.20674492418766022,0,1.8940582884990311,0.7797553544824662,215,control
5568,748.0,11763.0,748.0,11761.0,0.15332838892936707,1,1.6971629552715417,,215,control
5569,770.0,11900.0,764.0,11898.0,0.15764375030994415,0,5.969789490880885,,215,control
5570,793.0,11774.0,792.0,11769.0,0.20517930388450623,0,4.737076150295257,,215,control
5571,805.0,11869.0,800.0,11868.0,0.1761476993560791,0,4.779356612789549,,215,control
5572,798.0,11901.0,797.0,11896.0,0.1843550056219101,0,4.733728149595939,,215,control
