id,src_x,src_y,ref_x,ref_y,score,is_inlier,residual_px,sigma_px,grid_cell,role
0,136.0,106.0,278.0,178.0,0.06991991400718689,0,161.35618692316115,,0,control
1,168.0,103.0,285.0,134.0,0.054251763969659805,0,123.30141167187048,,0,control
2,51.0,65.0,172.0,295.0,0.05109220743179321,0,261.17547629449587,,0,control
3,154.0,212.0,297.0,239.0,0.06012818217277527,0,147.73233875981532,,0,control
4,191.0,122.0,154.0,194.0,0.0508899912238121,0,79.88279398827137,,0,check
5,215.0,35.0,66.0,205.0,0.07343019545078278,0,224.17050885432016,,0,control
6,172.0,33.0,238.0,133.0,0.06427934765815735,0,121.34111317509462,,0,control
7,60.0,179.0,202.0,160.0,0.05106654018163681,0,145.72341509875156,,0,control
8,148.0,51.0,247.0,158.0,0.05927594006061554,0,147.55837794544146,,0,control
9,108.0,166.0,140.6574692148384,329.0587696279049,0.053538717329502106,0,166.8963008092661,0.59335662026481,0,check
10,183.0,72.0,251.0,195.0,0.06538183987140656,0,141.88835114556565,,0,control
11,40.0,190.0,113.0,286.0,0.0828520804643631,0,122.29955568170737,,0,control
12,98.0,163.0,180.87923696443318,237.4255558639126,0.053314369171857834,0,113.37745705718407,1.8301305776209038,0,check
13,82.0,100.0,299.0,189.0,0.05205884575843811,0,236.69110175599573,,0,control
14,63.0,116.0,318.610268266861,230.90042767831767,0.06870158761739731,0,282.31502491945383,1.776016674166679,0,check
15,100.0,61.0,70.5424271482267,214.56103758727753,0.06157800927758217,0,155.85606006384887,0.8940443688452638,0,control
16,100.0,61.0,227.0,189.0,0.0727480947971344,0,182.16272408538995,,0,control
17,35.0,98.0,123.20131484762845,220.10091645296666,0.052825212478637695,0,152.28416857302312,2.8252110567023476,0,control
18,83.0,172.0,127.0,295.0,0.0518515445291996,0,131.61112808264127,,0,check
19,192.0,109.0,104.26045337861903,298.7996505620819,0.06748058646917343,0,207.99395853155806,1.0262982559102334,0,control
20,104.0,186.0,103.0,304.0,0.05679727718234062,0,118.04153886319176,,0,control
21,36.0,116.0,114.0,181.0,0.0554213784635067,0,103.7041093584081,,0,control
22,36.0,116.0,262.0,196.0,0.06005779281258583,0,242.00099263662122,,0,control
23,209.0,80.0,155.0,237.0,0.07765515893697739,0,165.29424766888422,,0,control
24,195.0,69.0,249.0,83.0,0.06594103574752808,0,58.164796093044195,,0,control
25,184.0,113.0,165.0,186.0,0.05727856606245041,0,74.9413696862551,,0,control
26,52.0,109.0,280.10080940430316,28.03057707338878,0.06263596564531326,0,244.14024659734764,0.9002127543756472,0,control
27,160.0,153.0,160.34344691635133,226.57138806567747,0.06138673052191734,0,73.74128946166815,2.321832842363926,0,control
28,43.0,162.0,215.941456805652,249.39005530713794,0.05036797747015953,0,196.01313581874325,1.8646923862678342,0,check
29,20.0,171.0,24.0,163.0,0.06468620151281357,0,10.669538489719127,,0,control
30,429.0,175.0,421.17741126498805,169.138433782656,0.06991610676050186,0,8.070966062763711,3.3397286176474767,1,control
31,429.0,187.0,421.89516936553287,188.0579545030309,0.07211903482675552,0,5.460931393817269,3.911918621239301,1,control
32,281.0,124.0,130.67923557185318,174.26958101360765,0.07122219353914261,0,155.96847480192395,0.8647587002198376,1,check
33,343.0,197.0,464.0,291.0,0.06212602183222771,0,154.83047938472552,,1,control
34,361.0,38.0,358.0,235.0,0.05346048250794411,0,197.34053079015436,,1,control
35,232.0,212.0,231.78073630287284,211.22013998619784,0.0673942044377327,1,2.2530175879201537,1.8250227687966007,1,control
36,241.0,126.0,537.0,137.0,0.05834570527076721,0,297.7555181777625,,1,control
37,342.0,189.0,298.0,139.0,0.06476516276597977,0,64.93086001766312,,1,control
38,359.0,31.0,238.0531831751925,31.0007851392249,0.07796980440616608,0,118.50149428485072,1.7304696788156544,1,control
39,255.0,148.0,257.35700562457976,149.23304792553034,0.0828573927283287,0,4.9264905256356055,1.4184499556968895,1,check
40,255.0,30.0,109.0,188.0,0.058800313621759415,0,213.3062888434872,,1,control
41,320.0,123.0,382.0,32.0,0.05456430837512016,0,110.93235324989955,,1,control
42,320.0,123.0,426.0981855768772,317.2696426919248,0.05041965842247009,0,222.5654300026523,1.9997709488935025,1,check
43,339.0,99.0,213.27505224511324,134.6876506065029,0.05275657773017883,0,128.3625380280171,1.7488292643339707,1,control
44,228.0,135.0,416.0,263.0,0.06119846552610397,0,229.18222305485264,,1,control
45,285.0,152.0,280.0,158.0,0.07532677054405212,0,6.83104078981709,,1,control
46,293.0,81.0,526.2969589995721,220.07801307137478,0.0537194162607193,0,273.19596089050924,1.6114010956339422,1,control
47,262.0,32.0,132.0,195.0,0.05596517398953438,0,206.89033691366518,,1,control
48,357.0,191.0,309.0,64.0,0.05754140019416809,0,134.69930592222195,,1,check
49,357.0,191.0,415.6052749948199,321.9181991297379,0.08708909153938293,0,144.53953419942198,2.112039075518115,1,check
50,381.0,133.0,295.21112362180065,31.180202619645907,0.08931881189346313,0,131.44847952824475,0.8055632595372642,1,control
51,284.0,213.0,383.0,144.0,0.05417931452393532,0,122.08434627305084,,1,control
52,267.0,215.0,258.0,219.0,0.06892002373933792,0,7.907814772911478,,1,check
53,396.0,64.0,397.0,67.0,0.05360497161746025,0,4.526162394305708,,1,control
54,321.0,140.0,161.0,35.0,0.051492348313331604,0,189.06625833745508,,1,control
55,392.0,118.0,393.0,118.0,0.07118652015924454,1,2.986589175464224,,1,control
56,382.0,94.0,395.0,89.0,0.05451211333274841,0,15.652193185063632,,1,control
57,219.0,211.0,202.0,160.0,0.06150134280323982,0,52.85405558777371,,1,control
58,241.0,51.0,238.5658395011987,53.64810420536544,0.052856843918561935,1,2.88571242460837,1.3197422356278856,1,control
59,338.0,81.0,345.99602309747866,209.22856624010046,0.05586925521492958,0,128.95099108938663,2.477715211856707,1,control
60,404.0,128.0,510.0,259.0,0.0511149987578392,0,169.8956028517849,,1,control
61,404.0,128.0,399.0,130.0,0.0652042031288147,0,3.8956490827489367,,1,check
62,253.0,194.0,131.0,229.0,0.06653463840484619,0,124.36543939380218,,1,control
63,280.0,196.0,534.0,234.0,0.0685780793428421,0,258.39343126426377,,1,control
64,388.0,174.0,384.0,288.0,0.06007349491119385,0,114.37604073918853,,1,control
65,325.0,40.0,193.0,191.0,0.07680690288543701,0,199.03307945339233,,1,control
66,364.0,169.0,534.0,84.0,0.05965953692793846,0,191.20835431049258,,1,control
67,565.0,148.0,412.0,217.0,0.05063583329319954,0,166.30812128487815,,2,control
68,446.0,166.0,575.276976329038,307.23803779700637,0.07122120261192322,0,192.80897621091745,3.31000122997589,2,control
69,505.0,172.0,371.79621484677,144.68274242440452,0.0740642175078392,0,133.93093947563995,1.6619381046886694,2,control
70,631.0,49.0,603.0,115.0,0.05064847320318222,0,71.7786867706963,,2,control
71,515.0,133.0,512.0,149.0,0.05112111195921898,0,16.593322230495247,,2,control
72,437.0,202.0,357.51091913116,236.8954018908319,0.06907135248184204,0,85.10637243990112,2.824537461515248,2,control
73,565.0,194.0,576.0,193.0,0.0912008062005043,0,12.401974765313298,,2,control
74,634.0,92.0,341.0,158.0,0.056348443031311035,0,298.37099135609304,,2,check
75,490.0,185.0,563.0,104.0,0.05065355449914932,0,109.58621766262577,,2,control
76,491.0,214.0,668.0,246.0,0.05045878887176514,0,181.08219401603787,,2,check
77,480.0,26.0,745.0,147.0,0.06283042579889297,0,292.48742268930675,,2,control
78,612.0,175.0,578.8262922571614,231.03334490703216,0.06565418094396591,0,64.94609441974526,3.9553641053999433,2,control
79,618.0,54.0,653.5303481655011,165.30997614494808,0.051937852054834366,0,117.86678453494797,2.443920267980487,2,control
80,471.0,127.0,348.45378221567415,49.05158880760251,0.06390859186649323,0,143.2570299666783,1.8724954929518045,2,control
81,650.0,194.0,483.0,236.0,0.056916993111371994,0,170.7189755264349,,2,control
82,526.0,188.0,461.31612731858206,268.93294215918837,0.05370095372200012,0,102.90754883567512,3.3649679196050117,2,check
83,604.0,91.0,623.9663878815174,201.53886825810793,0.05897175520658493,0,113.19798877018594,2.2601934387732308,2,control
84,497.0,39.0,544.0,277.0,0.06374286115169525,0,243.41650641531862,,2,control
85,503.0,60.0,733.6322763416458,285.61086937445987,0.05208411067724228,0,323.8079058577665,1.5282366434466914,2,control
86,517.0,189.0,581.2271785086409,146.34430933782022,0.06287115812301636,0,77.93645403231831,1.573567463404276,2,control
87,615.0,203.0,690.0,241.0,0.05421574041247368,0,85.33443358237491,,2,control
88,507.0,190.0,384.0,288.0,0.053315095603466034,0,155.9942757711037,,2,check
89,779.0,143.0,746.0,197.0,0.052463967353105545,0,63.506681561306806,,3,control
90,687.0,98.0,582.0,75.0,0.05339112877845764,0,105.96535958173965,,3,control
91,804.0,89.0,679.7337945288912,194.55696879098352,0.053102802485227585,0,162.6853966942142,1.019449252756906,3,check
92,773.0,200.0,573.0,108.0,0.06252691149711609,0,218.5841106833742,,3,control
93,758.0,206.0,576.0,94.0,0.053139686584472656,0,212.155675781066,,3,control
94,672.0,121.0,634.0,97.0,0.0601026825606823,0,43.51098089748056,,3,control
95,812.0,197.0,813.0,56.0,0.07697886228561401,0,140.10934478061918,,3,control
96,741.0,113.0,737.1982329944715,105.62906519098158,0.07955563813447952,0,7.156949963410033,3.3630780038381594,3,control
97,735.0,127.0,743.4747143049245,193.56727459937278,0.05499060079455376,0,68.00985633767763,1.8877098416751334,3,check
98,711.0,166.0,696.0,154.0,0.055114276707172394,0,17.916461176963665,,3,control
99,757.0,113.0,759.0,112.0,0.05471649020910263,1,2.895982103339608,,3,control
100,753.0,70.0,758.0,74.0,0.08004598319530487,0,7.6339184652440375,,3,control
101,109.0,393.0,111.82438933478953,395.0218568447368,0.0500631108880043,0,5.867938214636694,0.8929568706317162,4,check
102,63.0,364.0,75.0,208.0,0.060618553310632706,0,156.68948521266822,,4,control
103,41.0,228.0,134.0,313.0,0.05070018768310547,0,127.99712331657186,,4,control
104,41.0,228.0,278.9806611622796,376.92996948517504,0.05965108424425125,0,282.71728184928304,1.983741938039416,4,control
105,149.0,330.0,165.0,186.0,0.053551819175481796,0,145.0723767836385,,4,control
106,121.0,369.0,124.94457665393125,534.9819362808494,0.059732455760240555,0,166.11647045154936,0.8638784113182871,4,check
107,46.0,378.0,284.2913012722316,260.3202968433409,0.05562775209546089,0,267.6520258937923,2.1497373497579124,4,control
108,154.0,275.0,299.12153089545654,137.94057138661654,0.10165677219629288,0,201.04039604810782,2.323833106198289,4,control
109,35.0,353.0,283.0,438.0,0.05234435573220253,0,264.273533031173,,4,control
110,141.0,430.0,265.92388365911955,382.1619642514164,0.064037024974823,0,135.78521050905914,2.6295773236023137,4,control
111,146.0,273.0,143.79362222260636,271.69680052695526,0.09178174287080765,1,1.2919838859883734,0.8646471939004213,4,check
112,43.0,242.0,137.3417613839364,346.51062870963625,0.09634818881750107,0,142.60657685269203,0.6808705500384448,4,control
113,130.0,232.0,121.0,330.0,0.06084052100777626,0,98.24800555280486,,4,control
114,215.0,370.0,138.00899604757268,519.0397680441719,0.055979009717702866,0,166.61681571266413,0.2831366605896897,4,check
115,149.0,391.0,145.99952506097208,390.49962860342043,0.06735385954380035,1,0.6094923520929867,1.2748717595009684,4,control
116,100.0,370.0,163.0,304.0,0.05187806859612465,0,92.95901321380707,,4,control
117,71.0,426.0,205.8080484861258,521.0991388045601,0.07425235211849213,0,166.96350477282897,0.7340366705937689,4,control
118,112.0,425.0,339.02585570356734,155.27785986885166,0.057700224220752716,0,353.6533997545456,1.8009009468888935,4,control
119,192.0,266.0,192.0,268.0,0.07131431996822357,0,3.283049080231906,,4,check
120,71.0,308.0,134.79121840846875,469.69051139984754,0.09613006561994553,0,174.8118798832753,0.33131207919604055,4,control
121,118.0,266.0,246.0,489.0,0.05710756406188011,0,258.385749783695,,4,check
122,194.0,409.0,298.0,139.0,0.06187501922249794,0,289.87735111962616,,4,control
123,25.0,405.0,50.0,135.0,0.05791884660720825,0,271.44091162772395,,4,control
124,73.0,332.0,177.0,162.0,0.07620049268007278,0,200.52239442386352,,4,control
125,104.0,220.0,168.0,195.0,0.060404691845178604,0,71.08228320576478,,4,control
126,141.0,225.0,147.0,460.0,0.07805868983268738,0,235.2026651182124,,4,control
127,168.0,408.0,163.0,412.0,0.07964446395635605,0,4.770594707784163,,4,control
128,95.0,340.0,180.71179116170194,287.92100398274823,0.05721660330891609,0,102.38972586625863,0.5372620523816142,4,control
129,30.0,256.0,174.71966318690855,270.40989305501523,0.06177927553653717,0,147.97469384268285,0.6927704543167529,4,control
130,30.0,256.0,234.28067560293135,447.66037187454486,0.08343993127346039,0,281.89806509777867,0.6549935384448614,4,control
131,60.0,295.0,159.35026666118023,364.00001297734264,0.05218718573451042,0,123.10899323386467,0.7183283391319626,4,control
132,151.0,249.0,318.61679671575274,539.4088248000807,0.06442365795373917,0,336.52066853205224,2.0220241177349316,4,control
133,137.0,372.0,75.0,381.0,0.05210831016302109,0,59.887283764122365,,4,control
134,88.0,363.0,180.0,231.0,0.051979806274175644,0,162.25484702726763,,4,control
135,200.0,430.0,107.0,558.0,0.089178167283535,0,156.67139568043925,,4,control
136,114.0,249.0,193.0,357.0,0.06608287990093231,0,135.370051659825,,4,check
137,303.0,428.0,276.621112408114,480.25052348954034,0.07012701034545898,0,57.76468771318944,1.354990919283677,5,control
138,297.0,278.0,516.0,313.0,0.06647054851055145,0,223.36536024868622,,5,control
139,297.0,278.0,353.0,519.0,0.06293696910142899,0,248.12903040858654,,5,control
140,339.0,370.0,123.0,570.0,0.057554539293050766,0,292.48536598373016,,5,control
141,223.0,317.0,101.95181434510471,424.73088802150454,0.10123611241579056,0,160.04400124427232,0.7908691820842408,5,check
142,409.0,406.0,177.85850859783065,367.28947067085545,0.08142249286174774,0,231.8840377817012,1.370809624578663,5,control
143,278.0,347.0,278.0,380.0,0.05838245153427124,0,33.28794401862804,,5,control
144,278.0,347.0,516.0,313.0,0.05119852349162102,0,241.85618007864224,,5,control
145,311.0,294.0,479.0,328.0,0.05101035535335541,0,173.09271261284732,,5,check
146,307.0,280.0,369.90162969803606,519.4107715652253,0.05062052980065346,0,248.30172061632246,0.6088612238680524,5,control
147,406.0,415.0,246.0,515.0,0.05117177590727806,0,186.86541874768125,,5,control
148,435.0,247.0,425.0,365.0,0.05155704542994499,0,118.67415214686196,,5,control
149,231.0,386.0,423.0,205.0,0.053770069032907486,0,264.9201602601972,,5,check
150,392.0,273.0,435.5863893916457,174.60355495540935,0.05607647821307182,0,107.96534384516474,2.5106303750012935,5,control
151,409.0,374.0,457.0,250.0,0.05174733325839043,0,133.18035196369283,,5,control
152,250.0,340.0,141.9942167042479,178.58162686905072,0.06478070467710495,0,192.66326859403287,1.9791940528398315,5,control
153,429.0,328.0,447.0,267.0,0.055580347776412964,0,63.70283199751944,,5,control
154,259.0,237.0,132.11161555043398,380.26064317288507,0.05976257473230362,0,189.68086400762903,0.3700017361719265,5,control
155,227.0,307.0,222.4844939600987,434.142128621842,0.0803821012377739,0,127.30068136500125,0.47230714823209674,5,control
156,314.0,398.0,439.0,513.0,0.07663768529891968,0,171.34090128860637,,5,control
157,269.0,300.0,146.0,475.0,0.0847822055220604,0,212.4831301823559,,5,control
158,345.0,276.0,231.0,135.0,0.052226390689611435,0,179.63813819475723,,5,control
159,279.0,233.0,147.0,275.0,0.06428132951259613,0,136.05343685160577,,5,check
160,377.0,324.0,376.95968591097176,319.89474481801426,0.06051767244935036,0,4.210570618164343,3.8793133614185655,5,control
161,364.0,431.0,483.0,378.0,0.0612366609275341,0,131.54818948384673,,5,check
162,234.0,277.0,231.0,277.0,0.06550410389900208,1,0.6530727711059776,,5,control
163,236.0,334.0,378.0,359.0,0.051962628960609436,0,146.1249074784216,,5,control
164,290.0,295.0,545.0,142.0,0.06360133737325668,0,298.3770208534794,,5,control
165,224.0,294.0,384.0,431.0,0.052371781319379807,0,212.27276858350913,,5,control
166,633.0,342.0,649.3097683064049,242.90020432826427,0.051301974803209305,0,99.96506762346135,2.1821608458808495,6,control
167,606.0,377.0,747.8533902167176,486.97161749511747,0.06658665090799332,0,180.55741590646457,2.0305306697672205,6,control
168,475.0,308.0,734.0,512.0,0.05135972425341606,0,330.7731318508202,,6,control
169,478.0,367.0,360.99188733901923,534.750922753466,0.07903166860342026,0,203.67913471493162,2.0318695685693924,6,control
170,507.0,309.0,369.0,519.0,0.0603862889111042,0,250.50346293450522,,6,control
171,516.0,232.0,407.0,325.0,0.06742583960294724,0,142.13510668364057,,6,control
172,624.0,291.0,762.1199435171073,162.18988878586842,0.05448608845472336,0,188.9377086568121,0.3687480005582527,6,check
173,643.0,404.0,423.0,219.0,0.07689045369625092,0,285.77573488874793,,6,control
174,568.0,381.0,419.0,319.0,0.07530060410499573,0,159.56635096938925,,6,control
175,639.0,378.0,433.0,168.0,0.05920877680182457,0,292.5816626372747,,6,check
176,629.0,218.0,449.0,347.0,0.06074200198054314,0,220.31198060496212,,6,control
177,442.0,277.0,545.7421604906868,122.60624411569322,0.052335210144519806,0,186.37934217104947,1.7517869494417388,6,check
178,621.0,311.0,603.0,115.0,0.05757400766015053,0,196.0621469639529,,6,control
179,572.0,267.0,752.0,156.0,0.05868187174201012,0,211.8127522588447,,6,control
180,560.0,343.0,432.0,272.0,0.08065198361873627,0,144.6093776759787,,6,control
181,499.0,244.0,498.0,244.0,0.06162302941083908,1,0.783197032889685,,6,control
182,462.0,379.0,387.0,549.0,0.05006566643714905,0,185.36595741934835,,6,control
183,628.0,429.0,350.01652186842307,523.698945098752,0.06047903373837471,0,291.93105305408403,1.8919376974275222,6,control
184,551.0,255.0,617.0,169.0,0.050163671374320984,0,108.68120513487358,,6,check
185,437.0,380.0,572.0,420.0,0.050608012825250626,0,142.22349582823293,,6,control
186,647.0,356.0,673.9984079140552,137.17484051134497,0.05386049672961235,0,219.90756167856816,4.379480941549583,6,control
187,558.0,362.0,506.0,393.0,0.06880242377519608,0,59.48571086463269,,6,control
188,653.0,327.0,748.0,473.0,0.052795153111219406,0,175.23569465261448,,6,check
189,643.0,312.0,645.0,463.0,0.07336212694644928,0,151.6542182184547,,6,control
190,437.0,392.0,545.0,142.0,0.0657910406589508,0,272.4057993712721,,6,control
191,571.0,237.0,525.4902846703671,418.3199488409182,0.05125986039638519,0,187.074285494819,1.5599637837223637,6,control
192,578.0,281.0,579.5913869119429,475.33522811613875,0.07857999205589294,0,194.90083030921357,2.6915046134860034,6,control
193,446.0,305.0,546.0,179.0,0.05389980971813202,0,161.34842652639722,,6,control
194,793.0,384.0,590.2027101661022,110.98089015527825,0.06455841660499573,0,338.76448136137304,2.0735658118426348,7,control
195,769.0,388.0,699.9378872686988,252.16949881212435,0.06402242183685303,0,151.27177465874044,1.971593491479544,7,check
196,802.0,222.0,819.0,471.0,0.05010779947042465,0,250.4400652420538,,7,control
197,780.0,225.0,604.0,157.0,0.05143559351563454,0,187.21137573886978,,7,check
198,790.0,270.0,613.7276017035791,136.10883412280336,0.05524604767560959,0,219.92047886211338,2.1884654665683545,7,control
199,790.0,270.0,702.4876433867155,115.5634740155207,0.05506586655974388,0,176.32624906655687,1.115784944644302,7,check
200,655.0,423.0,731.0,276.0,0.06278228014707565,0,165.23033663632782,,7,control
201,668.0,420.0,786.4088256868291,449.6599700500907,0.056769803166389465,0,122.92240466117177,1.4042486499086044,7,control
202,684.0,287.0,792.0,319.0,0.06823833286762238,0,113.56256664279242,,7,control
203,799.0,356.0,581.6797881260503,114.9555398976874,0.05338915064930916,0,323.1422950422824,3.1776543265884647,7,control
204,767.0,406.0,744.8478681792254,485.31897545834585,0.07618869096040726,0,82.85362032165017,0.8047217319121448,7,check
205,803.0,410.0,782.7570616932342,250.5089537898776,0.10354603826999664,0,159.8554522599747,1.3133582212241834,7,control
206,753.0,387.0,755.0,484.0,0.05281616747379303,0,97.7845963549698,,7,control
207,750.0,303.0,777.7889629492203,476.8293063679109,0.07390090823173523,0,176.9112853754059,1.1238381974140026,7,control
208,722.0,406.0,653.0,255.0,0.051679570227861404,0,164.9291249531577,,7,control
209,746.0,376.0,748.0,473.0,0.06735455989837646,0,97.77948615299087,,7,control
210,815.0,402.0,737.0,464.0,0.05733724310994148,0,99.45553554154495,,7,control
211,696.0,315.0,682.090714664446,133.51994986512955,0.05290752649307251,0,181.19874200279907,1.6335879516378686,7,control
212,743.0,392.0,577.0,123.0,0.05083198472857475,0,314.8293792968297,,7,control
213,732.0,351.0,573.7495105423022,358.76975692747993,0.05715998262166977,0,157.13231488756983,1.293636601845877,7,control
214,786.0,397.0,683.5306742903002,196.34023117059937,0.0767475962638855,0,224.17559939580124,0.878404095009843,7,check
215,667.0,294.0,798.7722785195318,256.8807928581494,0.059445470571517944,0,137.36818251181035,0.9559087319017177,7,control
216,781.0,256.0,808.0,491.0,0.0677618533372879,0,237.41562784409146,,7,control
217,656.0,316.0,819.9101803849185,466.7796326327849,0.06659438461065292,0,223.69654573259405,1.4069711871248218,7,control
218,759.0,252.0,810.0,462.0,0.055955540388822556,0,217.03902165268485,,7,control
219,691.0,268.0,737.4696993284017,427.84006099470986,0.05834649130702019,0,167.39962628021934,1.7327304637863727,7,check
220,750.0,254.0,660.0,201.0,0.07116051763296127,0,103.10562668079831,,7,control
221,669.0,262.0,679.0,282.0,0.06200963258743286,0,23.4693127218534,,7,control
222,655.0,276.0,824.3875178946125,357.6934317532064,0.051641032099723816,0,188.97538495035985,2.06540312709856,7,control
223,665.0,224.0,677.0,225.0,0.052878085523843765,0,13.199016006534844,,7,control
224,127.0,633.0,121.0,630.0,0.07548787444829941,0,4.575684299813299,,8,control
225,117.0,626.0,105.0765881136482,627.3284046691859,0.09141989797353745,0,9.404160309076875,1.7091056537860632,8,control
226,90.0,480.0,184.354112665038,581.6219030860046,0.05074767768383026,0,140.35824314017958,0.8997799197211573,8,control
227,103.0,610.0,100.65845075549608,613.159537180836,0.07081035524606705,0,3.1343410834951024,1.1083569713128274,8,check
228,63.0,450.0,52.0,439.0,0.055688828229904175,0,13.745927788890775,,8,control
229,95.0,599.0,102.0,611.0,0.07255163788795471,0,15.354071457568871,,8,check
230,45.0,544.0,67.0,412.0,0.08290233463048935,0,134.34449953996696,,8,control
231,91.0,567.0,208.0,504.0,0.07239414006471634,0,134.9100872945407,,8,check
232,91.0,567.0,94.0427158189016,565.8409839692887,0.06758169829845428,0,5.830568375370189,0.742696529938933,8,control
233,43.0,497.0,87.29003685242137,659.5898667922669,0.0518883615732193,0,169.16880800720165,0.21998585547270724,8,control
234,48.0,519.0,142.0,712.0,0.0544106625020504,0,215.75664407626408,,8,control
235,82.0,605.0,175.0,332.0,0.10499311238527298,0,289.1267850252932,,8,check
236,42.0,561.0,50.0,453.0,0.05098247528076172,0,108.60541802326664,,8,control
237,197.0,530.0,313.0,546.0,0.05680138245224953,0,119.14050628391064,,8,control
238,113.0,467.0,174.00154305070657,661.6106479370674,0.08477341383695602,0,204.7108106421185,0.5011621743216993,8,control
239,144.0,606.0,142.0,607.0,0.11266744136810303,1,1.1314415961703919,,8,control
240,186.0,532.0,320.6722986753974,514.4708644907862,0.05333377793431282,0,137.78228854186017,1.8473926727823458,8,control
241,150.0,572.0,235.0,643.0,0.08313468098640442,0,112.53679669612248,,8,control
242,62.0,603.0,254.17495841561214,387.9176331039606,0.05541135370731354,0,289.80426329596315,1.5909821235224058,8,control
243,55.0,471.0,95.63149952590433,434.42082062387414,0.05808485299348831,0,56.71825164958778,1.5523321612995726,8,control
244,55.0,471.0,101.29856112722632,643.1392659158364,0.09333433955907822,0,178.9113751117217,1.0595234933133733,8,control
245,156.0,596.0,262.2107109259805,727.1404386064379,0.06034964695572853,0,170.18870407177695,1.8396624172178113,8,control
246,25.0,606.0,155.0,448.0,0.05540435016155243,0,206.1787515680848,,8,control
247,86.0,543.0,44.81419698379526,423.4072388090595,0.0536990724503994,0,125.64352804218558,1.8371711438710332,8,control
248,86.0,543.0,67.0,718.0,0.05035526305437088,0,175.66032366288027,,8,control
249,54.0,581.0,250.0,741.0,0.05468945577740669,0,254.74415848019194,,8,control
250,45.0,531.0,55.0,393.0,0.07424867898225784,0,138.6414787380471,,8,control
251,72.0,441.0,158.0,379.0,0.08203491568565369,0,108.05183113651452,,8,check
252,70.0,540.0,80.92749969156885,625.6741694020333,0.058423250913619995,0,86.68519083602597,1.645529452612775,8,control
253,125.0,447.0,227.0,424.0,0.07597696036100388,0,106.80245775196519,,8,control
254,59.0,491.0,298.0,560.0,0.053035918623209,0,250.80541453433105,,8,control
255,26.0,480.0,101.01033962388752,425.0202599946759,0.07551012933254242,0,95.18966300278471,0.8989837541530485,8,control
256,74.0,488.0,138.0,418.0,0.05283651500940323,0,96.5818658404428,,8,check
257,199.0,549.0,48.0,425.0,0.058614715933799744,0,193.2321569239537,,8,control
258,319.0,625.0,312.0,643.0,0.08893945813179016,0,18.87514583197597,,9,check
259,245.0,621.0,167.7412807296946,388.1505880697897,0.07323808968067169,0,244.46927809165086,0.8364728557317466,9,control
260,412.0,455.0,279.67865297997895,586.4291254338034,0.064045250415802,0,185.13147859741224,0.5610615426423463,9,control
261,351.0,574.0,293.0,336.0,0.05470522865653038,0,244.22529395921995,,9,control
262,244.0,497.0,276.0,480.0,0.0500650592148304,0,38.07490537476767,,9,control
263,336.0,476.0,521.1287949987075,425.50898507126175,0.06882130354642868,0,193.18045966120928,1.1275116256926299,9,control
264,275.0,435.0,260.0,403.0,0.07274928689002991,0,34.27387141016275,,9,control
265,275.0,435.0,343.97664626463603,530.0385060135492,0.050105366855859756,0,118.79393229659318,3.739245587986015,9,control
266,312.0,472.0,331.0,412.0,0.052407704293727875,0,63.323706679019296,,9,check
267,352.0,515.0,385.0,501.0,0.06326443701982498,0,37.429330577507045,,9,control
268,237.0,496.0,121.0,330.0,0.05065362900495529,0,200.95764341070182,,9,control
269,249.0,460.0,318.8299953199712,666.8800913209631,0.06624054908752441,0,219.17661562784522,1.005033767959902,9,control
270,290.0,519.0,179.3841911574253,528.7119477048047,0.10477610677480698,0,108.62868737455184,1.3855811600103027,9,control
271,249.0,605.0,242.6586164830217,604.4191080678227,0.05459602177143097,0,4.151502189999179,2.031211263814524,9,control
272,327.0,530.0,88.0,731.0,0.06776357442140579,0,310.2351306476505,,9,control
273,410.0,564.0,533.0,595.0,0.07422719150781631,0,128.2875820646972,,9,control
274,376.0,486.0,253.0,426.0,0.0549391433596611,0,134.75482498311146,,9,control
275,376.0,486.0,379.0,487.0,0.05427517369389534,0,5.033779391244265,,9,control
276,295.0,441.0,353.0,519.0,0.07913868129253387,0,98.57800620037378,,9,control
277,288.0,539.0,174.37062928293665,469.04028536897465,0.061527181416749954,0,131.30474156993915,0.6109757285811037,9,control
278,322.0,580.0,358.0,585.0,0.06899753212928772,0,38.24875551038848,,9,control
279,432.0,449.0,303.0,580.0,0.10994204133749008,0,182.56814290185682,,9,control
280,358.0,643.0,369.0,519.0,0.060484226793050766,0,124.37664598317885,,9,control
281,219.0,559.0,234.0,447.0,0.05454009026288986,0,113.17937840041793,,9,control
282,256.0,464.0,542.0,387.0,0.07073693722486496,0,297.4228448157607,,9,check
283,233.0,589.0,431.0,358.0,0.06004016473889351,0,305.09123884061654,,9,control
284,263.0,459.0,122.0,593.0,0.05904422327876091,0,192.65465721122183,,9,check
285,273.0,534.0,154.740434256229,450.74048484770566,0.053932659327983856,0,142.53340597937205,0.7490782045090014,9,control
286,300.0,533.0,209.0,782.0,0.07005666196346283,0,264.39407614573526,,9,check
287,300.0,533.0,160.0,682.0,0.05784507840871811,0,202.810554990596,,9,control
288,268.0,616.0,155.0,596.0,0.07846197485923767,0,112.31562930304194,,9,control
289,268.0,633.0,116.57697702265313,449.18898814629495,0.08406774699687958,0,236.46757728307637,2.375427657111757,9,control
290,302.0,509.0,107.0,740.0,0.0743487998843193,0,300.6121589383952,,9,check
291,572.0,486.0,329.51776629033463,491.67460695011937,0.1277184635400772,0,240.55193111606124,1.8592652192535093,10,control
292,648.0,584.0,600.0,754.0,0.0546509325504303,0,176.8393420628672,,10,control
293,482.0,649.0,400.0,530.0,0.050846587866544724,0,143.24280660560697,,10,control
294,549.0,534.0,703.0,620.0,0.06325048208236694,0,177.45906603564575,,10,check
295,595.0,474.0,652.0,551.0,0.05360756814479828,0,96.91255885852266,,10,control
296,521.0,603.0,513.0,592.0,0.05904689058661461,0,12.435053792436934,,10,control
297,573.0,625.0,573.0,624.0,0.07802474498748779,1,1.3355761063674572,,10,control
298,634.0,478.0,727.277707735141,711.5486097477389,0.05904391035437584,0,252.38659113732928,1.7941292518904892,10,control
299,634.0,506.0,357.81572736946106,643.977876842218,0.05360490083694458,0,307.18076419626766,1.328665351041368,10,control
300,618.0,452.0,593.0,622.0,0.07788559049367905,0,172.1846675832161,,10,check
301,598.0,594.0,645.0,743.0,0.1304042786359787,0,157.07359584233586,,10,control
302,439.0,648.0,769.5506886234361,426.2802312047397,0.06792234629392624,0,398.2096205480909,0.9597431408867042,10,control
303,532.0,583.0,473.0,573.0,0.05550878122448921,0,58.243732123605795,,10,check
304,480.0,544.0,706.0,450.0,0.05784701555967331,0,245.35137472827046,,10,control
305,522.0,497.0,623.0,504.0,0.05197793245315552,0,102.42159295505029,,10,control
306,650.0,645.0,485.5382660596858,584.0033742928256,0.05321095883846283,0,173.8476945959015,6.411162122758513,10,control
307,494.0,569.0,554.0,416.0,0.060385335236787796,0,164.36203817526243,,10,control
308,527.0,444.0,394.0,381.0,0.06668367981910706,0,145.3398763675916,,10,control
309,558.0,446.0,734.0,653.0,0.06888021528720856,0,272.7219081120163,,10,control
310,576.0,641.0,569.2102898133758,638.8101093014707,0.09926135838031769,0,5.795693358046425,0.656357316396083,10,control
311,550.0,513.0,363.0,672.0,0.05993335321545601,0,244.2270970416662,,10,control
312,500.0,599.0,493.0,591.0,0.05252867564558983,0,9.372358773596126,,10,control
313,458.0,603.0,297.0,417.0,0.060718879103660583,0,244.44081442813632,,10,control
314,591.0,544.0,558.0,369.0,0.056157056242227554,0,177.3005020940084,,10,check
315,591.0,544.0,636.0916455449407,684.4606778024255,0.05747285857796669,0,148.37838805195858,0.7135598805165778,10,control
316,632.0,449.0,722.0,581.0,0.053595107048749924,0,160.7930633874294,,10,check
317,796.0,612.0,801.0,606.0,0.06685256958007812,0,7.6459478985531755,,11,control
318,759.0,574.0,664.0,705.0,0.07012145221233368,0,161.75176516893737,,11,control
319,814.0,485.0,619.0361577916722,701.5031224275584,0.052842531353235245,0,291.0348104607378,3.268587950261228,11,control
320,814.0,485.0,739.0,714.0,0.0810415968298912,0,241.3916582478876,,11,control
321,738.0,529.0,740.8078046840915,522.328948154316,0.0613841712474823,0,6.952253015264639,3.1392491783286074,11,control
322,677.0,472.0,802.0,439.0,0.06323716044425964,0,129.69932524161214,,11,control
323,693.0,565.0,706.0,450.0,0.06344950944185257,0,115.14822129195778,,11,control
324,798.0,486.0,569.0,639.0,0.08010654896497726,0,274.65104559150546,,11,check
325,769.0,504.0,781.0,491.0,0.07004174590110779,0,17.61597261700203,,11,control
326,719.0,548.0,797.460122773219,378.23039771053845,0.05878691002726555,0,186.5685644511091,1.3174965534854428,11,control
327,805.0,446.0,751.3596125387089,744.2045277909359,0.05634932219982147,0,303.54871813156507,2.161949033746725,11,control
328,751.0,434.0,569.2179291602533,552.5043432154725,0.051555607467889786,0,216.21124050288955,3.977512250122293,11,check
329,712.0,558.0,710.1789120723163,550.8796073958473,0.08171658962965012,0,6.510793007677659,0.8052965799389586,11,control
330,785.0,512.0,697.0,656.0,0.0560389943420887,0,168.8605033397727,,11,control
331,747.0,457.0,681.0,749.0,0.06877348572015762,0,299.7642073812212,,11,control
332,712.0,644.0,698.0,748.0,0.055308666080236435,0,105.45067740180032,,11,control
333,764.0,611.0,579.0,611.0,0.05261360853910446,0,183.77250507251807,,11,control
334,709.0,506.0,698.0,748.0,0.09047902375459671,0,242.83792388084714,,11,check
335,149.0,681.0,198.58685437255346,934.7488866483001,0.05566021800041199,0,258.9912456283615,2.9335962746484907,12,control
336,169.0,752.0,61.17417634934616,972.447021537593,0.09514812380075455,0,244.12745537598514,0.666601805292156,12,control
337,197.0,718.0,315.2011417853141,741.2902224103933,0.1258017122745514,0,122.4231942432441,1.2788023403742474,12,control
338,68.0,746.0,71.22649343085556,748.5632787384554,0.06322398036718369,0,6.382375492181758,2.1182980603841632,12,control
339,196.0,656.0,207.1432313039362,698.1474167046732,0.08766432851552963,0,44.298404109101,1.135676407616854,12,control
340,97.0,768.0,307.0,798.0,0.05767571181058884,0,214.08840012139805,,12,check
341,178.0,757.0,71.94180555361204,695.8153599403869,0.05755843222141266,0,120.17310789361514,0.6079599465339403,12,control
342,83.0,833.0,307.0,964.0,0.0853012427687645,0,261.1910813241851,,12,control
343,82.0,661.0,62.0,642.0,0.052507176995277405,0,25.74250231021032,,12,check
344,136.0,859.0,138.0,852.0,0.05385970324277878,0,8.32015580223275,,12,control
345,66.0,805.0,107.82290381969509,576.797339403134,0.05031035095453262,0,232.5119238564082,1.206371074985869,12,control
346,198.0,787.0,176.46918956051175,528.2296623623812,0.05880272760987282,0,259.406835591368,1.802280669677586,12,check
347,138.0,828.0,251.0,951.0,0.05806541070342064,0,168.47450633819955,,12,check
348,204.0,687.0,202.2488672504865,688.3695332360228,0.08364133536815643,1,1.5351054612776038,0.6355791737896812,12,control
349,146.0,661.0,280.0,718.0,0.07045242190361023,0,147.57642353729133,,12,check
350,201.0,808.0,276.493356565404,586.4367603992144,0.057577457278966904,0,234.6036050683363,1.1092826248184113,12,control
351,65.0,787.0,113.0,639.0,0.07228945195674896,0,156.43240219082406,,12,control
352,182.0,748.0,101.75251748721074,844.7409909021848,0.05157412961125374,0,124.02209451554229,1.8637595200223438,12,control
353,53.0,669.0,46.71852541750582,669.079562043029,0.1202121153473854,0,3.518255154217581,0.8134972118911361,12,control
354,134.0,844.0,121.0,732.0,0.06415728479623795,0,112.52823542029714,,12,control
355,128.0,724.0,218.0,644.0,0.06076011061668396,0,122.06355852127476,,12,control
356,142.0,837.0,273.6244264802605,755.1919976340332,0.052876267582178116,0,156.6661496094747,2.4215259257846986,12,control
357,49.0,656.0,218.0,644.0,0.07509059458971024,0,171.68532554302547,,12,control
358,77.0,822.0,76.79347232638169,821.4872420198545,0.07696078717708588,1,2.4899741089005905,1.3891083280162397,12,control
359,127.0,651.0,283.586506083933,608.6486142908084,0.05328015610575676,0,164.18950604140116,1.1659391143720477,12,control
360,119.0,737.0,37.48632468114262,922.3379695970771,0.07309258729219437,0,201.2401911037098,0.8539674797477355,12,check
361,85.0,672.0,75.47429256966343,675.8225354339903,0.06017080321907997,0,7.804674326300996,1.2596482383943335,12,control
362,94.0,866.0,198.93073823281048,705.7006163988307,0.05171537771821022,0,192.81387888485898,1.4986046638393091,12,control
363,136.0,688.0,66.0,593.0,0.05125238373875618,0,116.46268305995535,,12,control
364,134.0,676.0,250.61090576715432,740.6503674859067,0.05419599264860153,0,135.26072898270357,3.519607137732974,12,control
365,138.0,665.0,262.0,726.0,0.10915782302618027,0,140.1445617814694,,12,check
366,162.0,795.0,318.0,577.0,0.05556721240282059,0,269.0599911938137,,12,control
367,40.0,795.0,60.0,652.0,0.06631913036108017,0,144.88751680160496,,12,control
368,174.0,669.0,77.0,641.0,0.08370079845190048,0,98.40345015865316,,12,control
369,206.0,733.0,94.0,699.0,0.050192512571811676,0,114.5674475260873,,12,control
370,203.0,667.0,102.0,644.0,0.05543104186654091,0,101.05121041431228,,12,control
371,28.0,790.0,19.0,518.0,0.06275802850723267,0,272.18121402479494,,12,control
372,192.0,674.0,102.0,644.0,0.06413809210062027,0,92.4088489972638,,12,control
373,179.0,823.0,320.0,588.0,0.07975912094116211,0,274.897716872032,,12,control
374,103.0,669.0,274.1115173963682,723.950566417592,0.08349844068288803,0,181.73960921538475,0.6555156630200003,12,check
375,103.0,669.0,87.9814368960252,660.3805760995883,0.0647311732172966,0,15.114903945208097,0.32948933010863124,12,control
376,214.0,694.0,212.0,694.0,0.08835284411907196,1,0.28028600915569324,,12,control
377,245.0,744.0,223.31355523331501,824.071489529532,0.05823769047856331,0,82.4695284658939,1.1860911273879682,13,control
378,245.0,666.0,301.0,896.0,0.07177543640136719,0,237.31476922353346,,13,control
379,245.0,666.0,245.34790825668114,658.8732006500882,0.07974012196063995,0,7.451256331650991,3.606722738824314,13,control
380,246.0,682.0,239.0,679.0,0.05030909925699234,0,5.606306781337441,,13,control
381,238.0,774.0,160.1149534113265,824.2176627132659,0.08253087848424911,0,90.67843210718071,1.5777207653199825,13,check
382,381.0,828.0,378.0,828.0,0.059691764414310455,1,1.288216562085225,,13,control
383,421.0,832.0,417.99361565774126,827.8872423612584,0.10712125152349472,0,4.072796137340147,1.6196618087499457,13,control
384,323.0,702.0,464.0,821.0,0.05599262937903404,0,185.85951880970225,,13,check
385,239.0,793.0,516.3305499565017,902.0002456850588,0.05476206913590431,0,299.3330497364809,2.065322218456745,13,control
386,354.0,725.0,348.7466365803216,729.2186269438174,0.057868652045726776,0,5.592696547334356,1.1058532769902556,13,control
387,234.0,689.0,237.47514220938922,691.2426411320516,0.08122853189706802,0,6.138258396850863,1.1405978318691803,13,check
388,320.0,722.0,95.0,854.0,0.13355952501296997,0,258.615722606194,,13,control
389,320.0,722.0,95.0,832.0,0.050379812717437744,0,248.1119844467215,,13,check
390,320.0,722.0,465.4279608816293,871.5587238987428,0.06828954070806503,0,209.86475575447517,1.9535274221546635,13,control
391,287.0,673.0,342.0,759.0,0.05332593247294426,0,103.27613134210446,,13,control
392,427.0,800.0,426.0,795.0,0.06443333625793457,0,4.738544228554342,,13,control
393,433.0,723.0,529.926702712681,925.8036100072941,0.051842059940099716,0,225.67270393379303,1.3605800364831935,13,control
394,379.0,804.0,521.0,578.0,0.056166231632232666,0,267.27687433291703,,13,control
395,233.0,720.0,568.9314105619659,668.5605834421689,0.11518581956624985,0,340.99472166325967,0.48358376476675985,13,control
396,254.0,665.0,249.0,663.0,0.05706536024808884,0,3.3926032533708783,,13,check
397,268.0,766.0,164.86948680400744,807.7991126092928,0.07633812725543976,0,109.0892485145997,1.739226440248006,13,control
398,237.0,704.0,236.0867504269653,699.7885260091388,0.05776473134756088,0,4.307008149492781,1.3328347576605566,13,check
399,346.0,744.0,476.0,989.0,0.0534740574657917,0,278.28619689823535,,13,control
400,233.0,766.0,164.0,814.0,0.05617532134056091,0,82.11906794425991,,13,control
401,392.0,858.0,382.0,863.0,0.056246571242809296,0,9.805596839863078,,13,control
402,248.0,839.0,446.0,852.0,0.11702271550893784,0,199.96948520782965,,13,control
403,255.0,718.0,432.1700917103893,703.454449942351,0.06460192799568176,0,179.357313483038,5.0693008576187975,13,control
404,244.0,707.0,446.0,852.0,0.054875701665878296,0,250.07655087145613,,13,control
405,415.0,856.0,527.0,658.0,0.054676562547683716,0,227.7691161818296,,13,control
406,398.0,674.0,561.0,789.0,0.06146811693906784,0,200.7399719816229,,13,control
407,324.0,834.0,394.0,715.0,0.06814219057559967,0,138.70701463897802,,13,control
408,220.0,821.0,489.0,861.0,0.07048982381820679,0,273.3921662666228,,13,control
409,266.0,723.0,262.0,726.0,0.0554068423807621,0,3.6510500123805034,,13,control
410,345.0,759.0,209.11948124312022,779.7295272931976,0.06094226613640785,0,135.2405238338241,0.6889232091613509,13,control
411,345.0,759.0,343.3419513595476,758.1107772682681,0.060389552265405655,1,0.7068240412365578,0.8426653421836037,13,control
412,345.0,859.0,480.0,557.0,0.054316446185112,0,331.0556638927619,,13,control
413,285.0,854.0,269.0,667.0,0.07402995973825455,0,187.36991250475347,,13,control
414,337.0,756.0,342.0,759.0,0.08019911497831345,0,7.5790959681476995,,13,check
415,319.0,761.0,217.0,621.0,0.06550326198339462,0,171.80473829703402,,13,control
416,401.0,822.0,510.0,614.0,0.07193917781114578,0,235.11213008595033,,13,control
417,270.0,864.0,366.0,754.0,0.059858206659555435,0,147.00900719744078,,13,check
418,280.0,828.0,105.21696499223204,861.5180624543572,0.05195033177733421,0,175.47822104626934,1.6654430664108573,13,control
419,490.0,783.0,491.30824008473087,768.8084505674506,0.05514771118760109,0,14.078046086065084,3.3696859549077307,14,check
420,553.0,704.0,552.0,706.0,0.07110350579023361,1,2.479500691322336,,14,check
421,599.0,711.0,753.0,758.0,0.05330634117126465,0,161.84798096432718,,14,control
422,490.0,766.0,718.2277990120482,733.423740977233,0.07922594994306564,0,231.21690407834373,1.8860360459559051,14,control
423,620.0,806.0,756.0,792.0,0.051848143339157104,0,137.2892018504146,,14,control
424,633.0,853.0,632.0,853.0,0.06905724853277206,1,0.5269511775834056,,14,control
425,496.0,809.0,488.1502115257663,791.5550496875431,0.05226951465010643,0,18.240698185877985,3.5162419099644304,14,control
426,537.0,703.0,534.3780168703348,702.9987956167305,0.0768926590681076,1,1.371830618083896,1.3305832577448058,14,check
427,448.0,730.0,649.8128956508588,690.2962211824315,0.050919223576784134,0,206.54298466891882,2.268764651362315,14,control
428,438.0,817.0,520.0,744.0,0.052651721984148026,0,110.52233247887882,,14,control
429,616.0,832.0,654.3324476283492,724.7311709315721,0.05023367702960968,0,113.69679860199189,1.457957073715161,14,control
430,539.0,848.0,657.0,789.0,0.05683349445462227,0,132.51093775764636,,14,control
431,477.0,829.0,756.0,741.0,0.05616744980216026,0,292.9723405698982,,14,control
432,587.0,780.0,339.2783758160403,977.6591321789274,0.08190838247537613,0,315.61901005909505,1.0560012575422233,14,check
433,575.0,856.0,374.9184122817903,552.6693618302799,0.050751589238643646,0,362.11799121943307,3.834100356683621,14,control
434,490.0,827.0,609.0,942.0,0.05472496896982193,0,166.5520011478287,,14,control
435,467.0,704.0,505.0,586.0,0.05248022451996803,0,124.00853294448176,,14,control
436,624.0,661.0,364.25199451328206,671.720861297861,0.06505981087684631,0,258.1479926611659,0.5595155348972731,14,control
437,471.0,838.0,722.0,760.0,0.05174732953310013,0,263.36813812359674,,14,control
438,634.0,781.0,639.0,793.0,0.05165105313062668,0,13.900949390942461,,14,control
439,650.0,865.0,558.0,920.0,0.059435486793518066,0,106.4039463947757,,14,control
440,439.0,840.0,489.0,861.0,0.06524056196212769,0,55.65835294984887,,14,control
441,651.0,709.0,714.0,974.0,0.05602557957172394,0,273.12734837551994,,14,control
442,525.0,706.0,517.3535712345462,704.911479693904,0.05717691034078598,0,6.308489785897227,1.8009163755295248,14,control
443,599.0,835.0,665.0,773.0,0.05513434857130051,0,90.82888138734745,,14,control
444,455.0,803.0,408.0,697.0,0.053308356553316116,0,114.9998813123374,,14,check
445,508.0,810.0,567.0,931.0,0.06021125987172127,0,135.51225550330219,,14,control
446,638.0,832.0,664.0,900.0,0.052324939519166946,0,73.63171187402082,,14,control
447,551.0,761.0,584.0,877.0,0.05461446940898895,0,121.35910640786308,,14,control
448,811.0,771.0,577.8699317053582,628.1449873101478,0.06228196620941162,0,272.10631010856576,3.402914646645497,15,control
449,692.0,804.0,694.0509979165969,707.5657205066616,0.061064209789037704,0,95.84971447960748,1.0738202685244538,15,check
450,672.0,756.0,572.0,877.0,0.05005788803100586,0,156.59627600019004,,15,control
451,745.0,820.0,723.0,745.0,0.054862599819898605,0,77.32127179366111,,15,control
452,733.0,837.0,720.0,767.0,0.06205132231116295,0,70.42611597329643,,15,check
453,745.0,754.0,695.1428877229114,677.1216212350885,0.05809614434838295,0,90.62700195277046,1.3451793338003128,15,control
454,692.0,838.0,683.0,878.0,0.050059445202350616,0,41.39611931413075,,15,control
455,700.0,704.0,722.0,760.0,0.053814470767974854,0,61.04871773126713,,15,control
456,725.0,776.0,722.3197543911474,757.5396291496666,0.0568760521709919,0,17.913360439800304,1.4737733490744285,15,control
457,729.0,811.0,723.0,745.0,0.055747728794813156,0,65.5557293232058,,15,control
458,771.0,806.0,756.0,741.0,0.06643027812242508,0,65.88588304607616,,15,control
459,786.0,734.0,623.0,598.0,0.05546628683805466,0,211.07268185594972,,15,control
460,139.0,981.0,335.0,1103.0,0.05495773255825043,0,232.42898622469235,,16,control
461,139.0,981.0,141.0,1123.0,0.061955615878105164,0,141.9681184400527,,16,control
462,200.0,920.0,148.67102475680667,1047.7104270117807,0.05171089619398117,0,136.72252922071053,1.3117485725937286,16,check
463,203.0,985.0,94.9787413266109,828.1290269068212,0.05761414021253586,0,189.09852874876694,1.453425168625732,16,control
464,142.0,889.0,323.0,902.0,0.08800429850816727,0,183.33964402526175,,16,control
465,142.0,889.0,277.9995113139354,815.7201765633392,0.05393784120678902,0,156.21816834242952,2.998007923326725,16,check
466,62.0,931.0,150.10283797481412,923.9110459711397,0.05156313255429268,0,90.74802539448842,1.7248868590761492,16,control
467,126.0,990.0,106.0,1130.0,0.060487501323223114,0,140.96171629621645,,16,control
468,147.0,995.0,285.3008672466377,1063.1605105634083,0.07386153191328049,0,155.94161669200193,0.44503783719051604,16,check
469,171.0,1060.0,322.2516462246616,992.6205889403694,0.06661585718393326,0,167.20239747382402,4.52755094293619,16,control
470,106.0,879.0,119.23877459489351,1141.1294663675683,0.05985492095351219,0,262.4677048060547,0.7557704159605813,16,control
471,145.0,923.0,106.0,1083.0,0.052225690335035324,0,163.9989967003573,,16,control
472,159.0,1013.0,322.45027229473567,891.8149934282807,0.10631987452507019,0,204.88651194254535,2.173842701590226,16,control
473,35.0,874.0,34.0,1166.0,0.06623566150665283,0,291.7742527836088,,16,control
474,45.0,891.0,125.966059672454,981.2380528926519,0.06007923185825348,0,122.79899838812584,0.5548317298007285,16,check
475,186.0,886.0,38.0,1085.0,0.0969904288649559,0,246.27233198093322,,16,control
476,186.0,886.0,49.0,1090.0,0.08742644637823105,0,244.13066509052268,,16,control
477,109.0,1066.0,217.0,1082.0,0.07007648795843124,0,111.26491270650382,,16,check
478,109.0,1066.0,109.0,1064.0,0.08779358118772507,0,3.22734190167377,,16,control
479,187.0,878.0,309.6779833577442,915.2541285906851,0.0648115947842598,0,130.07014249633403,3.6625483908008354,16,control
480,65.0,1040.0,197.0,857.0,0.06688159704208374,0,226.9459497765052,,16,control
481,201.0,907.0,43.0,1172.0,0.06545665115118027,0,307.02145050693935,,16,control
482,96.0,1037.0,150.0,1143.0,0.11658595502376556,0,119.93447175015085,,16,control
483,96.0,1037.0,96.0,1001.0,0.05561304837465286,0,36.21013367577266,,16,check
484,203.0,1056.0,310.0,1059.0,0.07363542914390564,0,108.88975877400476,,16,control
485,144.0,1047.0,261.0348448756909,1016.0915370331942,0.060772545635700226,0,122.97091923798803,3.1366307757860983,16,control
486,195.0,974.0,302.0,1043.0,0.07188437134027481,0,128.95452775979373,,16,control
487,101.0,1016.0,286.0,993.0,0.05637294426560402,0,188.3382577251674,,16,control
488,199.0,1071.0,316.0000137470367,1119.7794520400812,0.05258768051862717,0,128.46910589871968,3.408580294466876,16,control
489,143.0,941.0,321.0,994.0,0.055883146822452545,0,187.5239219625101,,16,control
490,217.0,904.0,301.0,896.0,0.06589969247579575,0,86.29262354860943,,16,control
491,29.0,909.0,46.0,1219.0,0.05049622058868408,0,310.38939973579403,,16,control
492,20.0,974.0,151.0,1104.0,0.053422678261995316,0,186.1338816029358,,16,control
493,19.0,920.0,31.14501923867303,1165.2676974281571,0.05207346752285957,0,245.47883755310556,1.1065151077198896,16,check
494,60.0,994.0,178.0,858.0,0.050421811640262604,0,181.57596626671247,,16,control
495,72.0,985.0,186.0,836.0,0.05634508654475212,0,188.99930299389507,,16,control
496,231.0,1036.0,99.42078226740344,736.2603770654819,0.05277030169963837,0,326.37827672465824,0.5686095392530132,17,control
497,354.0,944.0,354.5871245866652,930.3385392425342,0.05584929138422012,0,13.675387853785645,2.3357296345685916,17,control
498,346.0,886.0,388.2718030395059,827.0107003934836,0.06896102428436279,0,73.37705813316538,1.1682552317429138,17,control
499,352.0,909.0,494.0,1030.0,0.0571611225605011,0,187.77930865952683,,17,control
500,389.0,998.0,270.0,782.0,0.05481874570250511,0,245.5123060135179,,17,check
501,405.0,870.0,451.001175764525,1142.4503607237125,0.051439445465803146,0,276.7965574749944,0.7772423760388816,17,control
502,322.0,947.0,380.0,1022.0,0.05813779681921005,0,95.98803277695842,,17,check
503,374.0,971.0,318.41460318912806,1121.591694437383,0.06242986023426056,0,160.01127521125778,1.248623064487972,17,control
504,306.0,1030.0,516.5213415371519,870.5007585366722,0.06638766080141068,0,264.93312671271894,0.9538152881519222,17,control
505,295.0,1016.0,500.0,855.0,0.08254268020391464,0,261.5112447734824,,17,check
506,286.0,1006.0,504.0416160446211,862.6306826690289,0.06967224180698395,0,261.8788238947892,0.9718189742022113,17,control
507,383.0,1079.0,426.0,1056.0,0.05114229768514633,0,49.98618707275128,,17,check
508,241.0,878.0,356.0,932.0,0.059160780161619186,0,128.72176589064142,,17,control
509,358.0,932.0,293.0,1036.0,0.08965489268302917,0,121.72593499446785,,17,control
510,358.0,932.0,318.9785676416402,1152.9039230038327,0.07765208929777145,0,224.1213302809629,3.7240124286898317,17,control
511,414.0,949.0,220.31074776279826,979.7304115413906,0.05856126546859741,0,194.0046849498882,1.749634302604078,17,check
512,336.0,910.0,277.0,1124.0,0.05941273644566536,0,221.54000491188597,,17,control
513,292.0,926.0,478.0,938.0,0.0657951608300209,0,187.804942939147,,17,control
514,350.0,1034.0,370.81124857290564,807.680523813874,0.06698251515626907,0,227.20975726568886,1.7191914147796288,17,control
515,382.0,877.0,374.0,882.0,0.0649176761507988,0,8.1635798453185,,17,check
516,237.0,1001.0,317.9145610274081,1020.766908905836,0.05373721942305565,0,85.1092580642002,1.849757015644803,17,control
517,237.0,1001.0,472.0,1025.0,0.05094949156045914,0,237.6305790154291,,17,control
518,415.0,887.0,410.15620579536574,894.0230929206743,0.05461297556757927,0,7.968114871407977,1.5388163191977338,17,control
519,287.0,1063.0,176.36410083404488,987.5318882472117,0.05502409487962723,0,132.07701113289593,1.600623155467994,17,control
520,251.0,924.0,489.0,861.0,0.10929452627897263,0,247.4562907861628,,17,control
521,251.0,924.0,510.0,811.0,0.07275588065385818,0,283.6624622673316,,17,control
522,271.0,1006.0,365.0,744.0,0.06760767847299576,0,278.7408503543755,,17,control
523,391.0,976.0,325.59326883607855,872.897194634884,0.06869328767061234,0,120.96467476127742,3.2887802029286903,17,control
524,248.0,949.0,149.0,1179.0,0.0544893741607666,0,249.42054577459717,,17,control
525,309.0,1040.0,514.3895427597962,876.0305419666828,0.05420183390378952,0,263.6040716692803,7.002429211572308,17,control
526,305.0,1074.0,478.8115968615261,825.7807961713656,0.053858187049627304,0,303.56170507855217,1.106461376801022,17,control
527,549.0,930.0,510.1601800745557,1039.9906101324716,0.061805833131074905,0,116.55929302743354,2.939605954070941,18,control
528,645.0,909.0,681.0,913.0,0.06827276945114136,0,37.097972047511604,,18,control
529,578.0,1024.0,386.56837196641885,766.443999059248,0.05216969922184944,0,319.6666043036741,2.127665412288963,18,control
530,546.0,990.0,655.3761307815322,959.5684381379534,0.05823734775185585,0,114.23133604835976,0.6062756829454332,18,check
531,564.0,1058.0,510.0,783.0,0.05868912860751152,0,279.59899369729476,,18,check
532,562.0,909.0,625.77773406556,948.3233828993999,0.053818587213754654,0,76.00851416787172,2.3243299845355923,18,control
533,530.0,1050.0,608.0,1114.0,0.05756373703479767,0,101.91482028657312,,18,control
534,454.0,1045.0,653.1926512573754,943.1114083864004,0.06385717540979385,0,224.28606283161383,0.9673619712592241,18,control
535,644.0,979.0,386.71319173070015,819.0815405008417,0.06817931681871414,0,301.3512945833188,1.1470544933785434,18,control
536,452.0,880.0,445.0,903.0,0.0632629320025444,0,23.938068517561927,,18,control
537,560.0,989.0,439.0,866.0,0.08404561877250671,0,171.2470708227827,,18,control
538,638.0,959.0,531.0,1050.0,0.06827720254659653,0,139.7907147498065,,18,control
539,532.0,1061.0,317.0,1135.0,0.05287088081240654,0,225.71506496501078,,18,control
540,628.0,980.0,363.63907708891367,1178.9794794302618,0.06444376707077026,0,329.6554150161892,1.1990238068969716,18,control
541,495.0,1015.0,354.0,986.0,0.050567083060741425,0,142.20725876852208,,18,control
542,584.0,1056.0,350.0,1125.0,0.08381834626197815,0,242.36883669928935,,18,check
543,581.0,1035.0,754.7934675351968,759.5317114798298,0.057415030896663666,0,325.4801612826141,0.8135480208282484,18,control
544,581.0,1035.0,594.0,1098.0,0.05857931450009346,0,64.95827728393743,,18,control
545,635.0,1026.0,527.8696366205045,857.8003471838533,0.06617624312639236,0,198.38950699048115,1.570533406062166,18,control
546,455.0,972.0,545.0,823.0,0.057134732604026794,0,174.3515315528548,,18,control
547,553.0,1015.0,421.3658591904441,924.8227045507284,0.05547158047556877,0,158.1146987354825,1.244712336215735,18,check
548,467.0,947.0,382.0,764.0,0.05338294431567192,0,200.81469715430714,,18,control
549,560.0,1083.0,574.0,849.0,0.05839968100190163,0,234.03069318507121,,18,control
550,511.0,905.0,446.0,852.0,0.052258919924497604,0,82.49253991006758,,18,control
551,480.0,1080.0,607.0,788.0,0.08527829498052597,0,318.38654730394313,,18,check
552,570.0,974.0,490.0,889.0,0.06776583194732666,0,115.52230401392805,,18,control
553,742.0,982.0,617.8115240375419,823.5507392238901,0.08364613354206085,0,200.27435058040862,1.5183947119165049,19,control
554,710.0,937.0,683.4674379959724,786.283883286576,0.0577620305120945,0,152.29615677017247,4.048665430024662,19,control
555,814.0,946.0,684.3557538698103,913.5426277783652,0.059678904712200165,0,132.7252362674388,1.5244937039626785,19,control
556,671.0,996.0,605.0,1137.0,0.06909506022930145,0,155.67721938286394,,19,check
557,692.0,1043.0,716.0,1017.0,0.05095430836081505,0,35.41840459432023,,19,control
558,692.0,1043.0,651.0,779.0,0.056599654257297516,0,266.46243196560926,,19,control
559,738.0,999.0,720.0,767.0,0.05043986812233925,0,231.99541458278333,,19,control
560,801.0,1038.0,765.0,1122.0,0.050438955426216125,0,91.77285252190354,,19,control
561,685.0,956.0,648.0,1072.0,0.053129587322473526,0,121.97897896270854,,19,control
562,721.0,1046.0,653.8157495332824,1056.0478941740585,0.060780663043260574,0,67.1784385059686,1.0519012402895147,19,check
563,747.0,877.0,594.4131303390743,806.407186899689,0.05483383312821388,0,166.9117825113974,5.266967229092076,19,control
564,787.0,910.0,574.0,867.0,0.05094436928629875,0,216.08366741294842,,19,check
565,797.0,900.0,575.0,1117.0,0.0527937188744545,0,309.9758896411537,,19,control
566,691.0,1072.0,714.0,783.0,0.06838113069534302,0,289.3418398873038,,19,control
567,771.0,1002.0,590.0,991.0,0.05910344421863556,0,180.25708393436838,,19,control
568,660.0,872.0,594.0,856.0,0.06387411057949066,0,66.73775904134135,,19,control
569,43.0,1144.0,108.90401026635645,1157.6076012243202,0.05897529050707817,0,69.61499730771884,2.651145557695619,20,control
570,109.0,1118.0,54.0,1005.0,0.09850483387708664,0,124.70960371358524,,20,check
571,132.0,1125.0,227.0,1044.0,0.06997864693403244,0,126.43268113819228,,20,check
572,96.0,1266.0,93.57787732254191,1266.7691334599913,0.07068102806806564,1,0.587341722396208,0.786033823895205,20,control
573,182.0,1200.0,269.0,1086.0,0.05705928057432175,0,144.55348308262091,,20,control
574,133.0,1104.0,296.0,1105.0,0.050282109528779984,0,164.87238810180736,,20,control
575,102.0,1201.0,314.26339437499234,1109.7669184691406,0.07413781434297562,0,232.66531711001397,1.1541570710824556,20,control
576,65.0,1288.0,102.0,1282.0,0.057775188237428665,0,39.85066858200011,,20,control
577,65.0,1225.0,324.30582252355657,995.0227094002616,0.05341976881027222,0,347.8726294138413,2.8522385729773347,20,control
578,129.0,1240.0,266.0,1022.0,0.05380300432443619,0,258.4801507177575,,20,control
579,184.0,1135.0,150.0,1143.0,0.057927731424570084,0,32.6896056398749,,20,control
580,15.0,1265.0,20.0,1343.0,0.05628398433327675,0,78.08618025678832,,20,control
581,104.0,1131.0,115.0,1321.0,0.05549143999814987,0,190.29778182045715,,20,control
582,17.0,1166.0,34.0,1166.0,0.08061325550079346,0,19.613509448550417,,20,check
583,59.0,1278.0,204.10772251201294,1032.8137482003224,0.0755804255604744,0,286.0216273178558,1.4855768557428528,20,control
584,37.0,1086.0,102.19594270636097,1003.6578329232957,0.05902135372161865,0,106.67173153305474,1.8239740509949718,20,control
585,165.0,1090.0,132.66213211382419,1170.2612985386836,0.05307689681649208,0,85.58080385870706,0.8533204495092299,20,check
586,201.0,1179.0,278.0,1200.0,0.05116696655750275,0,81.64438924202787,,20,control
587,174.0,1108.0,144.28929432261313,1143.3037593495553,0.0637991800904274,0,44.61953191268853,2.3499871959062975,20,control
588,153.0,1231.0,106.0,1083.0,0.0500832162797451,0,154.68876641441457,,20,check
589,152.0,1120.0,127.0,1122.0,0.0780746340751648,0,22.72167914059736,,20,control
590,46.0,1124.0,155.0,1242.0,0.05438459292054176,0,162.08319105525445,,20,control
591,46.0,1124.0,125.0,1353.0,0.06534001231193542,0,242.84077369257986,,20,control
592,92.0,1101.0,193.0,1127.0,0.06156262010335922,0,106.37844334540405,,20,control
593,147.0,1275.0,95.0,1266.0,0.07597164809703827,0,50.446585543835724,,20,control
594,118.0,1219.0,66.55779649794204,1145.6190814303297,0.0716957226395607,0,88.34793891770467,1.14427714470269,20,control
595,140.0,1268.0,66.0,1082.0,0.05864981189370155,0,199.41526346126798,,20,control
596,60.0,1161.0,230.42315804453895,1356.501676184552,0.053517770022153854,0,260.6185775792696,1.9942574295273385,20,control
597,18.0,1096.0,35.0,1431.0,0.0646318718791008,0,335.28393174302016,,20,control
598,400.0,1128.0,107.5099269261366,1378.144131121679,0.05784045159816742,0,382.985702082712,3.006943305131397,21,control
599,375.0,1099.0,419.0,1175.0,0.06378406286239624,0,88.75314054662651,,21,check
600,286.0,1233.0,419.701103249194,1267.8004716305807,0.0714239701628685,0,139.6037048373708,0.3636519118816154,21,check
601,365.0,1176.0,102.0,1166.0,0.07700183987617493,0,260.7844326903576,,21,control
602,269.0,1206.0,141.5508437701853,1217.7703525276224,0.054676104336977005,0,125.71259619131682,0.37037002172956995,21,control
603,269.0,1206.0,296.0,1092.0,0.056620605289936066,0,117.51415524385047,,21,control
604,269.0,1206.0,464.5418318913117,1066.6805721035646,0.05786830186843872,0,241.06400788545918,1.4992144875596998,21,check
605,435.0,1185.0,380.7994608861171,1089.3496901614467,0.051386430859565735,0,108.9828976311259,0.6176374284180265,21,control
606,376.0,1294.0,370.4269054349914,1051.4884572621638,0.05790276080369949,0,242.3601701107706,1.0569011055654853,21,check
607,394.0,1225.0,192.0,1299.0,0.05303993076086044,0,213.13166089277442,,21,control
608,361.0,1249.0,515.0,1387.0,0.06304767727851868,0,207.8076781979434,,21,control
609,349.0,1103.0,466.0,1089.0,0.053524039685726166,0,119.16933633926642,,21,control
610,307.0,1281.0,182.0,1184.0,0.07836182415485382,0,156.54968021916008,,21,control
611,374.0,1127.0,149.0,1179.0,0.051260609179735184,0,228.69613088326292,,21,control
612,364.0,1298.0,102.8336861770799,1145.0118601067425,0.05546719953417778,0,300.6666486225927,0.9646112029108737,21,control
613,315.0,1263.0,481.0,1122.0,0.07008836418390274,0,218.61832769412086,,21,control
614,246.0,1250.0,419.0,1268.0,0.057769399136304855,0,175.39338018752125,,21,control
615,232.0,1182.0,139.0,1321.0,0.053010765463113785,0,165.88576458926087,,21,control
616,346.0,1137.0,228.0,1067.0,0.05977868661284447,0,135.40633517658063,,21,control
617,301.0,1248.0,481.0,1122.0,0.05691665783524513,0,220.63283254690378,,21,control
618,334.0,1129.0,445.0,1137.0,0.06589097529649734,0,112.72318538823492,,21,control
619,375.0,1161.0,302.0,1043.0,0.058224476873874664,0,137.68782768017596,,21,control
620,254.0,1292.0,425.93076672915214,1058.7906386826255,0.07390470802783966,0,290.43512965427124,1.0120425246773563,21,control
621,376.0,1143.0,309.0,1027.0,0.056781020015478134,0,132.9364000276151,,21,control
622,348.0,1155.0,462.9194835597292,1133.789640846745,0.052296191453933716,0,118.1589302072892,0.5634232555109673,21,control
623,326.0,1153.0,432.0,1145.0,0.08982633799314499,0,107.73600634937671,,21,control
624,240.0,1158.0,157.53412613655945,981.6573398461593,0.05225683003664017,0,193.74536826247123,1.2305585025667094,21,check
625,231.0,1128.0,115.0,1221.0,0.08103976398706436,0,146.7543631294547,,21,control
626,387.0,1184.0,131.138452794659,1166.6392705946678,0.06201891973614693,0,254.13558582415092,1.1982758293327664,21,control
627,226.0,1136.0,546.6393588860702,1339.8696997922323,0.0531974732875824,0,381.0222728873597,0.6626244474582694,21,control
628,298.0,1096.0,361.56890977131087,1391.8193876996143,0.06435170024633408,0,303.0052845631192,0.5877573870580578,21,check
629,631.0,1213.0,731.0,1330.0,0.055380553007125854,0,154.65630088783914,,22,control
630,468.0,1106.0,714.0839160014424,1270.4219001491324,0.06380223482847214,0,296.74111569806365,0.8309523445191146,22,control
631,518.0,1190.0,767.512323325758,1372.3909731606598,0.06318268179893494,0,309.720677428691,3.0543802194332113,22,control
632,565.0,1246.0,728.0,1246.0,0.05391959473490715,0,163.55249116002557,,22,control
633,473.0,1195.0,670.0,1013.0,0.05470160022377968,0,268.4349576790428,,22,control
634,525.0,1297.0,676.0,1313.0,0.050102803856134415,0,152.57113194679522,,22,control
635,630.0,1279.0,621.0,1176.0,0.0547574907541275,0,102.87331152424207,,22,control
636,630.0,1279.0,611.0,1183.0,0.051306094974279404,0,97.26189903874071,,22,check
637,524.0,1161.0,761.9324391371867,1370.4863558590007,0.06109832227230072,0,317.691969144054,1.3341080444974003,22,check
638,563.0,1220.0,664.1027292399718,1205.8315196517426,0.05304844677448273,0,102.77072750854633,0.9802863597444005,22,control
639,544.0,1216.0,456.0,1131.0,0.05201035365462303,0,121.1656613063092,,22,control
640,456.0,1209.0,554.9321430500648,1084.6105975290739,0.05252458155155182,0,159.33065198534044,0.7421151527300252,22,control
641,439.0,1176.0,572.6719556373014,951.6511549490765,0.05574408546090126,0,261.35131435997624,0.8239194732978748,22,control
642,527.0,1151.0,532.0,1130.0,0.05166831612586975,0,21.54851920131837,,22,control
643,624.0,1220.0,593.5261152552442,1169.0533741066529,0.05643796920776367,0,58.510991900025665,4.61113985034385,22,control
644,514.0,1241.0,487.1364458450406,1175.6227331008822,0.05483104661107063,0,69.93185103413221,2.0143639508914903,22,control
645,632.0,1187.0,557.1486626018789,1117.2494290742786,0.05296377092599869,0,101.24622600833298,3.417092086641192,22,control
646,619.0,1123.0,604.3623461868347,1132.4571603475472,0.05557287484407425,0,16.883883764727692,3.1942433688985377,22,control
647,588.0,1089.0,594.0,1098.0,0.056620728224515915,0,11.745355662868478,,22,check
648,513.0,1297.0,437.8918948298441,1135.300984482194,0.05205284431576729,0,177.46710975225602,0.47878175832969855,22,control
649,452.0,1225.0,433.26956024529824,1363.1895052654556,0.0576370470225811,0,139.46501316066647,1.4957780898277053,22,control
650,516.0,1264.0,492.9100906476373,1394.7601211692509,0.062237758189439774,0,132.83219081802457,0.9631599598297479,22,control
651,582.0,1216.0,766.0,1373.0,0.0533730648458004,0,242.5488049402577,,22,control
652,649.0,1087.0,698.0,1110.0,0.057231202721595764,0,54.98877498416576,,22,control
653,442.0,1093.0,496.0,1186.0,0.101124107837677,0,108.43339944673913,,22,control
654,487.0,1254.0,437.3789825796916,1202.0495507897756,0.053977739065885544,0,70.7008131836414,2.4952166195984327,22,control
655,632.0,1259.0,667.7480814769624,1217.5191981255916,0.05608992651104927,0,54.87569741190601,3.139558258121878,22,control
656,539.0,1169.0,547.0,1165.0,0.05397984758019447,0,9.810647781277492,,22,check
657,523.0,1133.0,648.0,1072.0,0.05632605403661728,0,139.6385017664838,,22,control
658,652.0,1196.0,707.0,1297.0,0.0759548768401146,0,115.7462305486191,,22,control
659,478.0,1273.0,656.8585465929528,986.4095003825818,0.05786977708339691,0,337.8313536177974,2.1871509836873804,22,control
660,440.0,1287.0,544.4321836704493,1317.3709086486913,0.065725177526474,0,109.86988677966913,1.312229306533809,22,control
661,505.0,1286.0,554.0203246266342,1404.9202426799056,0.11509116739034653,0,129.3085610361797,1.0502157511159047,22,control
662,505.0,1286.0,511.84198248115143,1289.8410809599538,0.0616760328412056,0,9.01503118108397,1.5602371904753523,22,control
663,505.0,1286.0,535.0,1402.0,0.07420694082975388,0,120.3756729670104,,22,check
664,482.0,1090.0,504.0,1100.0,0.06567413359880447,0,25.451561147753196,,22,check
665,498.0,1288.0,560.0129513292015,1358.9472704001062,0.0854521319270134,0,95.14342390969902,1.4156595910688994,22,check
666,744.0,1132.0,601.0,1073.0,0.05055784434080124,0,153.60956504044236,,23,control
667,691.0,1284.0,749.0198845164683,1205.5298985190752,0.051921337842941284,0,97.4203073022897,0.9278882870218909,23,control
668,748.0,1159.0,745.9343731792318,1139.391782753193,0.05073682218790054,0,19.070471614935762,2.215585741115606,23,control
669,806.0,1093.0,709.6942708393243,1296.3318368150067,0.08084308356046677,0,225.21016188419597,1.239809367742831,23,control
670,737.0,1130.0,573.4809677485197,1067.5304885868768,0.06700911372900009,0,173.89687427549185,1.2390715512646306,23,control
671,802.0,1224.0,759.0,1331.0,0.06357674300670624,0,115.691534436597,,23,control
672,693.0,1253.0,756.2234749029022,1365.2914769960144,0.07452008873224258,0,129.56580229400097,0.7642264484253918,23,check
673,781.0,1116.0,563.9711321009997,1002.4703433406615,0.05578119680285454,0,243.74069093434338,0.8685447965601188,23,control
674,763.0,1275.0,764.0,1093.0,0.058103252202272415,0,181.37679009967553,,23,check
675,670.0,1274.0,784.0,1137.0,0.05592532083392143,0,178.00876049663663,,23,control
676,789.0,1154.0,741.0,1261.0,0.06315158307552338,0,117.58556711634895,,23,control
677,702.0,1132.0,633.0,1037.0,0.053288962692022324,0,116.48454807056787,,23,control
678,665.0,1160.0,618.0,1402.0,0.0625714659690857,0,246.7571938890992,,23,control
679,684.0,1176.0,756.1434049053177,1312.491466955544,0.05010495334863663,0,155.10021962608442,3.8075335669941968,23,control
680,765.0,1216.0,750.0,1099.0,0.05569218099117279,0,117.28244682259863,,23,control
681,708.0,1204.0,708.7415910231929,1203.130830715555,0.10180313140153885,1,1.4042248128631705,2.9049785634298453,23,check
682,813.0,1115.0,720.0,1077.0,0.05134325847029686,0,99.65272161775098,,23,control
683,20.0,1516.0,22.0,1406.0,0.13146764039993286,0,110.38802839162152,,24,control
684,110.0,1420.0,96.0,1540.0,0.13155080378055573,0,120.33501493204965,,24,control
685,122.0,1444.0,271.0,1559.0,0.11526671051979065,0,189.5992172661633,,24,control
686,149.0,1442.0,102.22838222657876,1275.6786064174526,0.10345306992530823,0,172.3141187936279,2.1188460950363943,24,control
687,227.0,1381.0,325.0,1297.0,0.059841837733983994,0,130.32657913228869,,25,control
688,227.0,1381.0,401.0,1305.0,0.08480168879032135,0,191.17045844601734,,25,check
689,375.0,1397.0,269.6679038265315,1559.3791039018968,0.06417971849441528,0,192.55797632854595,0.8504224239577982,25,control
690,409.0,1381.0,224.0,1526.0,0.0519229881465435,0,233.4922865148606,,25,control
691,400.0,1359.0,290.0260714685996,1341.2830605110582,0.051521532237529755,0,109.61367163992489,2.752704753612055,25,control
692,228.0,1330.0,225.76361384728273,1329.1518426554107,0.050397519022226334,1,0.9240754726878805,0.6916924793514719,25,control
693,248.0,1423.0,355.0,1329.0,0.06592676788568497,0,143.56968728436524,,25,control
694,223.0,1302.0,423.0,1208.0,0.0561799593269825,0,222.22011334260765,,25,control
695,300.0,1374.0,134.0,1349.0,0.07223889976739883,0,165.67027655660115,,25,control
696,247.0,1377.0,329.0,1273.0,0.05735669285058975,0,133.4340939965541,,25,control
697,231.0,1471.0,278.0,1200.0,0.05884074419736862,0,275.32962225180717,,25,control
698,307.0,1357.0,134.0,1349.0,0.05859999731183052,0,170.94429136650257,,25,control
699,309.0,1389.0,537.5997840770008,1367.1594959248632,0.05395616218447685,0,230.6693653759249,1.2703535189854676,25,control
700,304.0,1451.0,177.0,1582.0,0.05292678251862526,0,180.9347480578901,,25,control
701,406.0,1341.0,371.0,1346.0,0.056635044515132904,0,33.83198506713007,,25,control
702,350.0,1472.0,364.9520359833177,1311.4310613399084,0.08820480853319168,0,161.29687790555036,1.5276204473550263,25,control
703,248.0,1327.0,513.0,1297.0,0.0534355454146862,0,267.81348514752966,,25,check
704,425.0,1428.0,275.61830493759726,1342.909445501399,0.09891747683286667,0,170.31541865668572,0.5196373983123963,25,check
705,425.0,1428.0,531.0,1613.0,0.07131554931402206,0,213.9271591968242,,25,control
706,335.0,1370.0,568.0,1266.0,0.05473629757761955,0,255.9325744602775,,25,check
707,238.0,1458.0,191.9688988055726,1556.6791556405653,0.050516266375780106,0,107.93875119903028,5.321293789471308,25,control
708,387.0,1376.0,346.0,1328.0,0.06548868864774704,0,62.00048288032829,,25,check
709,383.0,1413.0,110.0,1213.0,0.060609977692365646,0,336.6011837106912,,25,control
710,361.0,1483.0,163.0,1643.0,0.06650584191083908,0,252.85820661331172,,25,control
711,406.0,1478.0,278.8979198433663,1466.2189879235827,0.06384576112031937,0,125.87360187689875,0.40037224503655877,25,control
712,566.0,1400.0,563.9823107838366,1214.1412594692947,0.06335511803627014,0,185.48841065882428,1.9698821608545385,26,control
713,452.0,1323.0,558.8229222743274,1263.651268331122,0.06264981627464294,0,122.94075667914855,0.9109398149800165,26,control
714,622.0,1458.0,666.0,1403.0,0.059520021080970764,0,70.50697803440154,,26,control
715,643.0,1448.0,629.0,1203.0,0.06257320940494537,0,244.9024793101757,,26,control
716,643.0,1448.0,582.0,1199.0,0.052636414766311646,0,255.74192819397922,,26,check
717,520.0,1330.0,775.0,1625.0,0.08483879268169403,0,390.514894308414,,26,check
718,573.0,1475.0,629.0,1203.0,0.08442232757806778,0,277.438187669846,,26,control
719,462.0,1369.0,356.1887197644925,1636.219451426354,0.09804312139749527,0,286.902132671243,0.6141469072816712,26,control
720,462.0,1369.0,616.4994105346074,1497.7698184001551,0.05427780747413635,0,201.9670953460477,0.8981151435094747,26,control
721,552.0,1453.0,668.0,1478.0,0.06404302269220352,0,119.38087101362161,,26,control
722,456.0,1350.0,756.361087556616,1387.5406493205523,0.06468669325113297,0,303.17950645687364,1.3020924773992073,26,control
723,517.0,1421.0,597.7296038620126,1476.1698410765644,0.056957487016916275,0,98.68008788273045,0.7901014753582851,26,check
724,651.0,1462.0,750.0,1259.0,0.05085320398211479,0,225.54618102797588,,26,control
725,547.0,1423.0,651.6432872126928,1391.7516542763015,0.05520905926823616,0,109.77552498702228,1.1025860794052385,26,control
726,467.0,1343.0,718.0,1560.0,0.05462922900915146,0,332.460827986102,,26,control
727,538.0,1430.0,728.8896900307586,1471.5998190658925,0.05880920588970184,0,195.9317618125371,0.7447040050368842,26,control
728,545.0,1331.0,631.8403286113384,1393.8803463636846,0.05116646736860275,0,108.08763816813179,0.4199758877012038,26,control
729,573.0,1336.0,650.0,1390.0,0.05511147156357765,0,94.89182142382657,,26,control
730,493.0,1474.0,682.5907141234479,1568.1502287970434,0.059686869382858276,0,212.3789064766807,4.426174258404624,26,control
731,499.0,1378.0,459.0,1617.0,0.09367809444665909,0,242.29487911478657,,26,check
732,690.0,1424.0,678.9939084950139,1244.8719445630902,0.05465284734964371,0,178.92583560970476,0.9573682918675103,27,control
733,719.0,1483.0,773.1824446164156,1362.5112523827668,0.07279060035943985,0,131.7333251704563,0.35614126085300957,27,control
734,719.0,1483.0,750.0,1259.0,0.056409966200590134,0,225.62842285737906,,27,check
735,689.0,1315.0,690.6832937151435,1314.5616370127418,0.06575950980186462,1,2.318794162200037,1.4986208849925038,27,check
736,818.0,1381.0,683.0,1429.0,0.051819223910570145,0,142.85865479923328,,27,control
737,720.0,1333.0,716.5792398964179,1331.8096402663584,0.07444625347852707,1,2.944507994173059,0.9068799784884093,27,control
738,728.0,1303.0,660.3797329833557,1249.4201375963712,0.06181125342845917,0,85.39202004584014,2.773427094586196,27,control
739,702.0,1513.0,823.3725491186053,1259.8412279473284,0.0786064937710762,0,280.2679666123114,0.8899994827434211,27,control
740,760.0,1397.0,792.0,1561.0,0.06815703958272934,0,167.69386812445322,,27,check
741,787.0,1350.0,788.2170821438589,1402.8881540655134,0.051655180752277374,0,53.503183180078096,0.9619215129316827,27,control
742,812.0,1314.0,805.0,1218.0,0.05060480535030365,0,95.58162828412128,,27,control
743,812.0,1314.0,695.0,1208.0,0.06660852581262589,0,157.032598355948,,27,control
744,743.0,1359.0,659.0,1226.0,0.08082664757966995,0,156.49342776458508,,27,control
745,672.0,1348.0,642.0,1222.0,0.05503438413143158,0,128.88692170762562,,27,control
746,671.0,1434.0,631.979950838002,1391.9499727301104,0.051863815635442734,0,56.53345384636304,0.5721134707784349,27,control
747,814.0,1323.0,774.0,1239.0,0.0547117255628109,0,92.30593339987715,,27,control
748,815.0,1331.0,805.0,1218.0,0.08146718889474869,0,112.76389333784712,,27,control
749,778.0,1497.0,726.0,1261.0,0.0650157704949379,0,241.00489212929642,,27,check
750,704.0,1462.0,647.0,1473.0,0.0611594095826149,0,57.44319677417855,,27,control
751,788.0,1494.0,617.0,1497.0,0.07176622003316879,0,170.25236370585435,,27,control
752,697.0,1377.0,789.0,1408.0,0.07025172561407089,0,97.56820880713641,,27,control
753,138.0,1689.0,260.2332504731371,1749.2062639909918,0.062059953808784485,0,137.77041452785508,2.3986997060271475,28,check
754,165.0,1577.0,68.68654925327112,1526.2585921777156,0.07726754993200302,0,106.89365104051444,1.9777573885015782,28,control
755,197.0,1649.0,192.25067310078853,1534.8103866791976,0.06925900280475616,0,114.34622361905004,1.9285209898355928,28,control
756,213.0,1573.0,248.0,1723.0,0.06298170238733292,0,154.34663919922164,,28,control
757,116.0,1654.0,239.50855801974026,1665.0836193633575,0.05138435587286949,0,125.81096705216697,1.5478570017654476,28,control
758,128.0,1704.0,54.0,1540.0,0.06952975690364838,0,179.20478913552665,,28,control
759,197.0,1532.0,189.0,1457.0,0.05041857063770294,0,75.34679511659017,,28,control
760,198.0,1726.0,198.0,1726.0,0.054692573845386505,1,1.9264391030485561,,28,control
761,112.0,1605.0,308.6453020361671,1828.8526711339712,0.05538305640220642,0,298.9512037923414,1.0224117445404883,28,control
762,123.0,1553.0,198.2237408687579,1746.1316849780987,0.056312575936317444,0,207.81639326051297,1.1262933548681715,28,control
763,36.0,1628.0,33.61277648399554,1526.355744860555,0.057950686663389206,0,101.94983072242378,2.9787548239944526,28,control
764,74.0,1709.0,282.0,1648.0,0.051676105707883835,0,218.40792716434706,,28,control
765,21.0,1550.0,22.0,1505.0,0.11648236215114594,0,45.45094327361315,,28,check
766,21.0,1550.0,16.0,1703.0,0.13957466185092926,0,152.65849186347523,,28,check
767,197.0,1694.0,76.0,1417.0,0.06342650949954987,0,301.5392553734505,,28,control
768,135.0,1552.0,243.0,1741.0,0.07810626924037933,0,218.47759886602415,,28,control
769,55.0,1675.0,140.0,1684.0,0.05099105089902878,0,87.54750527853753,,28,control
770,31.0,1649.0,29.850906786735784,1618.3902341928226,0.08918177336454391,0,30.966234262851263,1.4771458534881379,28,check
771,31.0,1649.0,33.0,1527.0,0.09422008693218231,0,122.38833547841445,,28,control
772,22.0,1608.0,24.0,1720.0,0.1154419407248497,0,111.73101142765108,,28,check
773,38.0,1671.0,48.0,1511.0,0.06059792637825012,0,160.76774989111308,,28,control
774,217.0,1639.0,261.9876555107583,1641.2337628513433,0.07069170475006104,0,46.80291009897287,6.376775452434586,28,check
775,43.0,1686.0,71.0,1836.0,0.05458353832364082,0,152.69960964020498,,28,control
776,42.0,1559.0,29.0,1620.0,0.06557914614677429,0,61.57932355557904,,28,control
777,147.0,1555.0,137.0,1545.0,0.050066422671079636,0,12.852475897458422,,28,control
778,35.0,1719.0,45.10688028680345,1536.153089590388,0.0823960155248642,0,183.5704252734731,2.9444679616250364,28,control
779,205.0,1722.0,234.0,1660.0,0.060041725635528564,0,69.33748093818026,,28,control
780,27.0,1619.0,30.0,1519.0,0.062001582235097885,0,100.45831282056466,,28,control
781,19.0,1529.0,22.0,1406.0,0.050149690359830856,0,123.41909195093369,,28,check
782,33.0,1733.0,177.77069747370302,1580.1501152093556,0.05117585137486458,0,212.03943784610374,1.1291472733175987,28,control
783,179.0,1524.0,263.0,1614.0,0.05610136687755585,0,124.28350611731875,,28,control
784,179.0,1524.0,292.0,1604.0,0.07036405056715012,0,139.82293866987538,,28,control
785,18.0,1639.0,20.0,1420.0,0.06541036069393158,0,219.3465192547539,,28,control
786,65.0,1534.0,62.0,1523.0,0.058472901582717896,0,11.288230899985386,,28,control
787,154.0,1691.0,292.0,1521.0,0.053622711449861526,0,220.0552894553028,,28,control
788,26.0,1684.0,33.0,1527.0,0.06125752627849579,0,157.59166606802106,,28,control
789,136.0,1522.0,122.0,1501.0,0.08766108006238937,0,24.247540542003232,,28,control
790,18.0,1580.0,17.0,1747.0,0.06230318173766136,0,166.6356283236097,,28,control
791,35.0,1574.0,29.0,1620.0,0.059934768825769424,0,45.807074181277294,,28,control
792,418.0,1626.0,215.83664092048988,1579.7585800538823,0.05048415809869766,0,205.53380259100027,1.7487937474971573,29,control
793,343.0,1542.0,173.8110775948556,1507.1403901111053,0.06655732542276382,0,170.74072269534756,1.0254631758957282,29,check
794,236.0,1665.0,375.0,1472.0,0.056082483381032944,0,238.64196498276203,,29,control
795,350.0,1603.0,312.05862976536895,1608.619453680419,0.05401894077658653,0,36.742679389510485,3.9149277535905065,29,control
796,239.0,1596.0,279.0323983588354,1523.8907413064533,0.08342059701681137,0,83.36284518449577,2.04621696551733,29,check
797,368.0,1724.0,522.1748375547963,1609.3314530889522,0.05615856498479843,0,192.81471246150838,2.609626461484817,29,control
798,321.0,1643.0,372.0,1622.0,0.08506865054368973,0,56.473708774083946,,29,check
799,244.0,1684.0,242.0,1688.0,0.06389228999614716,0,3.906771155377444,,29,check
800,230.0,1679.0,536.0,1600.0,0.05720565840601921,0,316.91646735141006,,29,control
801,246.0,1604.0,312.8936785163248,1469.6718205935283,0.08772647380828857,0,150.79352110500642,0.9932044240543698,29,check
802,347.0,1618.0,313.0,1617.0,0.05117614194750786,0,32.39053336960164,,29,check
803,342.0,1677.0,130.0,1559.0,0.05064142122864723,0,240.82130681125187,,29,control
804,387.0,1583.0,240.0,1616.0,0.052972570061683655,0,148.84596148972992,,29,control
805,308.0,1704.0,219.0,1519.0,0.10192371159791946,0,204.54361376364244,,29,control
806,323.0,1689.0,355.15628765879103,1633.9581250203241,0.05396980419754982,0,64.47619884066461,1.086209527065093,29,control
807,403.0,1558.0,309.47979306599063,1567.8195699993369,0.059800174087285995,0,92.39016166634664,0.6474861998964112,29,control
808,403.0,1558.0,401.8370873631761,1721.168929166667,0.08981415629386902,0,163.24895787024434,1.8304476417864055,29,control
809,242.0,1716.0,244.4967344220938,1715.9033163390086,0.09954217076301575,0,4.289137015098143,7.4438853024689635,29,control
810,306.0,1696.0,100.3174693535614,1444.8489596977627,0.06788358837366104,0,323.33032103395385,0.9187269921306729,29,control
811,227.0,1579.0,332.1666747765813,1628.128422154658,0.055145688354969025,0,117.50325281355194,0.5999345557194627,29,control
812,365.0,1655.0,359.2941488221348,1637.0519648830134,0.12518101930618286,0,18.39144630602123,0.7173110343449114,29,control
813,324.0,1617.0,475.86908677322805,1482.7993584999936,0.060018401592969894,0,203.42582834205504,0.7766916088709999,29,control
814,255.0,1574.0,194.93090396033608,1463.9601872858175,0.05888276547193527,0,124.50226725271199,0.514615419404043,29,control
815,379.0,1567.0,210.0,1728.0,0.05447953939437866,0,231.95375812082867,,29,control
816,379.0,1567.0,240.33820188483085,1598.8534358508516,0.06369765847921371,0,140.4580385939849,3.795903825825005,29,control
817,263.0,1592.0,307.5505466846566,1741.0362057136408,0.08012673258781433,0,155.98456800109506,5.399019811660998,29,control
818,354.0,1523.0,534.6481554592511,1601.279311849841,0.06211944296956062,0,197.88348891378456,2.113514899176962,29,control
819,399.0,1578.0,258.0,1599.0,0.10816159844398499,0,140.77329371433032,,29,control
820,399.0,1706.0,240.0,1616.0,0.08584900945425034,0,181.1491062013938,,29,control
821,280.0,1711.0,432.0,1859.0,0.05321253836154938,0,213.06145076712434,,29,control
822,280.0,1711.0,455.0,1596.0,0.05824455991387367,0,210.33096696091758,,29,control
823,278.0,1571.0,229.62650308760306,1705.428589599317,0.05538325011730194,0,142.14666443061498,0.9302257061379073,29,check
824,286.0,1684.0,147.67323588841248,1511.4315973800365,0.054424088448286057,0,219.96183318728717,1.2220303874510936,29,control
825,278.0,1648.0,207.0,1737.0,0.05188878998160362,0,112.56466102728555,,29,control
826,397.0,1634.0,441.0,1613.0,0.05137686803936958,0,49.82530035137478,,29,control
827,418.0,1661.0,489.0627575663833,1610.1315641510514,0.062074314802885056,0,88.18252344585498,2.415998277532836,29,control
828,391.0,1714.0,202.0,1637.0,0.050208501517772675,0,202.33703570327734,,29,control
829,358.0,1724.0,307.12697015084433,1847.0081167722237,0.06495371460914612,0,132.47474242432392,2.5106872148501664,29,check
830,398.0,1696.0,317.0,1845.0,0.05471830815076828,0,168.8309888120669,,29,control
831,347.0,1554.0,290.0,1528.0,0.09788952767848969,0,61.087647120136054,,29,control
832,296.0,1701.0,473.0,1558.0,0.060070816427469254,0,228.34354024367303,,29,control
833,356.0,1532.0,167.20835414640612,1536.959154343231,0.05715351179242134,0,186.77168668556934,0.8601384824120578,29,control
834,356.0,1532.0,292.0,1521.0,0.06336740404367447,0,63.24218242558212,,29,control
835,229.0,1718.0,192.0,1560.0,0.06187616288661957,0,161.9562863126055,,29,control
836,434.0,1685.0,192.0,1560.0,0.0726059079170227,0,270.66045876309784,,29,check
837,420.0,1708.0,240.0,1636.0,0.06885593384504318,0,192.2003960423151,,29,control
838,489.0,1591.0,500.0,1763.0,0.06194118410348892,0,172.6040273243631,,30,control
839,559.0,1728.0,549.7715534459492,1723.5902258593712,0.05520131438970566,0,9.316524171877482,1.389305663099968,30,control
840,484.0,1637.0,735.0,1408.0,0.05688956379890442,0,339.7577388747565,,30,control
841,552.0,1529.0,499.0,1592.0,0.08958346396684647,0,81.80027292987253,,30,control
842,495.0,1646.0,682.6351091422441,1678.0319671704187,0.06345720589160919,0,190.93254387859454,2.0848427682907285,30,check
843,602.0,1685.0,652.9227644279383,1705.566615819536,0.06312429159879684,0,55.61270778122742,0.975413030553704,30,control
844,606.0,1565.0,408.0,1707.0,0.054685041308403015,0,242.64251598216805,,30,control
845,606.0,1565.0,391.0,1728.0,0.0779445618391037,0,268.7654099533385,,30,control
846,489.0,1698.0,645.2714610834058,1799.9304329879465,0.06349629908800125,0,187.25328013631167,0.6453447225236054,30,control
847,572.0,1670.0,674.0,1695.0,0.05592271685600281,0,105.63841102996591,,30,control
848,474.0,1566.0,347.2903218158381,1422.4900896302147,0.05736289173364639,0,190.32941585528872,0.5329104490996467,30,control
849,485.0,1616.0,734.0,1451.0,0.05909739062190056,0,298.80090950412045,,30,control
850,526.0,1609.0,618.9335836984494,1498.1617240986984,0.05943688005208969,0,144.8547445031459,3.62214748727491,30,check
851,534.0,1523.0,365.0,1667.0,0.05876161530613899,0,220.95634331728883,,30,check
852,443.0,1522.0,670.9097170289353,1501.5798290039418,0.11760713905096054,0,229.4034000489439,0.4720637864730196,30,control
853,519.0,1716.0,720.0,1457.0,0.09187351167201996,0,327.7513714679853,,30,check
854,474.0,1597.0,495.0,1794.0,0.05250953882932663,0,198.39895717321744,,30,control
855,474.0,1597.0,487.0,1765.0,0.05054151266813278,0,168.75606783454472,,30,control
856,569.0,1624.0,620.0,1625.0,0.07208984345197678,0,51.74146440999976,,30,control
857,623.0,1730.0,753.0,1526.0,0.06341834366321564,0,241.65737929084986,,30,control
858,649.0,1694.0,681.0,1665.0,0.0516405925154686,0,43.3051863045989,,30,control
859,443.0,1693.0,684.0,1623.0,0.053734052926301956,0,251.3577360591504,,30,control
860,644.0,1573.0,576.0,1642.0,0.06576738506555557,0,96.49790975860807,,30,check
861,461.0,1582.0,658.0,1536.0,0.07185028493404388,0,202.83515648347918,,30,control
862,461.0,1582.0,468.0,1764.0,0.050208430737257004,0,182.3282982134654,,30,control
863,532.0,1622.0,763.0601918136366,1628.2901164733494,0.05571107566356659,0,231.4643351898189,0.8515979729899213,30,control
864,441.0,1611.0,648.0,1664.0,0.0861765593290329,0,214.37833067874604,,30,check
865,454.0,1590.0,666.9784331173769,1478.4193446008608,0.05048530548810959,0,240.80396229338575,0.5957283857262482,30,control
866,580.0,1548.0,538.7840852038814,1598.27164136644,0.07776527106761932,0,64.60227071046089,1.4937918008005242,30,control
867,554.0,1600.0,398.0,1438.0,0.053301166743040085,0,223.80347959405216,,30,control
868,558.0,1624.0,557.0,1624.0,0.061281509697437286,1,0.29423389248429654,,30,control
869,475.0,1690.0,745.2591942093333,1504.3497833267897,0.05670793354511261,0,327.9183226943583,1.9075614677405341,30,control
870,498.0,1524.0,763.0,1628.0,0.0673770159482956,0,285.1494394499704,,30,control
871,542.0,1590.0,560.0,1638.0,0.05642576888203621,0,51.84568816580348,,30,control
872,623.0,1660.0,681.0,1665.0,0.07703447341918945,0,58.780082645955964,,30,control
873,520.0,1568.0,738.0,1685.0,0.06686431169509888,0,247.9515300668409,,30,control
874,556.0,1633.0,557.0,1624.0,0.10341640561819077,0,8.926758283138854,,30,control
875,503.0,1562.0,636.0,1791.0,0.07190719246864319,0,265.420155655659,,30,check
876,729.0,1553.0,807.0,1652.0,0.06888497620820999,0,126.5811807869878,,31,control
877,712.0,1665.0,744.0,1516.0,0.07790374010801315,0,151.97597464235787,,31,control
878,712.0,1665.0,748.615609368183,1767.657896308632,0.05643654242157936,0,109.53510400027052,1.374917451159977,31,control
879,719.0,1616.0,623.0,1803.0,0.054378245025873184,0,210.191397684418,,31,control
880,772.0,1624.0,678.0,1714.0,0.05483631417155266,0,130.04140217789168,,31,control
881,656.0,1723.0,796.0,1575.0,0.058520011603832245,0,203.47125171612865,,31,check
882,655.0,1656.0,789.1786361483405,1582.684359710074,0.052038248628377914,0,152.85135321103942,1.359005556298073,31,control
883,735.0,1633.0,722.4619661593038,1626.4662485896822,0.06991159170866013,0,13.547137480248503,0.861574843919726,31,check
884,721.0,1597.0,593.9813165781381,1553.0004820124548,0.05226203054189682,0,133.53160377548485,0.8589577328169165,31,check
885,667.0,1653.0,587.0,1852.0,0.053886380046606064,0,214.4536756159124,,31,control
886,656.0,1534.0,519.0,1514.0,0.08076430857181549,0,137.36463048636034,,31,control
887,684.0,1629.0,656.5420967751714,1431.7813379494767,0.05001213401556015,0,198.59613977793998,3.3720082514162577,31,control
888,700.0,1728.0,628.0,1812.0,0.05071313679218292,0,110.47202862481903,,31,control
889,729.0,1612.0,743.137258032573,1597.128895015092,0.05703733488917351,0,20.42285700957016,1.208280867486211,31,control
890,720.0,1579.0,582.0,1545.0,0.053499240428209305,0,141.2088369055581,,31,control
891,686.0,1733.0,807.0,1617.0,0.06751502305269241,0,167.3575533858348,,31,control
892,661.0,1582.0,746.7454116969692,1635.6727010163995,0.08854972571134567,0,101.71806532145393,1.6943251742632606,31,control
893,166.0,1878.0,195.0,2023.0,0.06532668322324753,0,148.02125882374298,,32,control
894,56.0,1764.0,263.5892628942868,1900.8296526633146,0.07767608016729355,0,249.95259591831123,0.531773205542303,32,control
895,56.0,1764.0,211.0682823107961,1648.469176388043,0.05453595146536827,0,194.98455297598153,1.0613030438189976,32,control
896,144.0,1768.0,233.0,1910.0,0.0585070438683033,0,168.39030058005434,,32,control
897,171.0,1929.0,275.3215634077096,2046.9904850688185,0.05153883248567581,0,158.44114712731337,1.5029420476262612,32,check
898,87.0,1874.0,145.5889874296506,1647.9594372532986,0.06287997961044312,0,234.2410722797153,0.49248488259240186,32,control
899,175.0,1859.0,215.0,1754.0,0.058364998549222946,0,113.1692838451667,,32,control
900,175.0,1859.0,171.17814475535528,1645.7195660731932,0.06834793835878372,0,213.45916724322734,1.3363303645574582,32,control
901,41.0,1758.0,284.05055193325023,1968.4804036696341,0.059307925403118134,0,322.64376469326055,0.5740718946772297,32,control
902,78.0,1781.0,238.2224633245674,1684.0362127473588,0.059903308749198914,0,188.88857798892514,1.83122287086038,32,control
903,94.0,1916.0,232.02979036271034,1703.179819304875,0.05031212791800499,0,254.75665660851638,1.697754290210206,32,check
904,145.0,1893.0,82.76692746008969,1853.7682845241463,0.05230793356895447,0,71.88186707667167,1.0991831767518172,32,control
905,147.0,1835.0,319.0,2042.0,0.05253396928310394,0,269.9970890644478,,32,control
906,102.0,1740.0,256.08478101312954,1631.5669859513223,0.05178679898381233,0,189.91732278857506,3.9804954413375864,32,control
907,135.0,1875.0,211.0,1712.0,0.07001729309558868,0,180.7781481421552,,32,control
908,60.0,1736.0,298.3808105938149,1646.5604215647907,0.06433390080928802,0,256.167297605313,0.6945322282087737,32,control
909,60.0,1736.0,227.0,1635.0,0.06309439986944199,0,196.82245358655865,,32,control
910,87.0,1887.0,147.0,1661.0,0.06404060125350952,0,234.57014634656403,,32,check
911,215.0,1752.0,142.0,1958.0,0.05950142815709114,0,217.63840465750482,,32,control
912,172.0,1917.0,171.40083921691627,1918.4859595668875,0.05041176453232765,1,1.827812887317089,1.6244303112268303,32,control
913,155.0,1911.0,160.0,1904.0,0.05484745651483536,0,10.04386569347069,,32,check
914,120.0,1927.0,277.0,1738.0,0.055198147892951965,0,246.83481817836156,,32,check
915,61.0,1833.0,263.48846615502435,1931.8390854938345,0.05337076634168625,0,226.7539911278122,3.630263576177265,32,check
916,61.0,1833.0,244.74233826059677,1924.4914150461734,0.06730981916189194,0,206.72732013865533,3.2308315843614084,32,control
917,97.0,1787.0,214.0,1720.0,0.06171708181500435,0,136.52390800254435,,32,check
918,19.0,1750.0,51.13015015806709,2023.790044789502,0.11886045336723328,0,275.55291950062093,0.691191350035316,32,control
919,52.0,1870.0,296.0,1874.0,0.05438697338104248,0,245.6086041972923,,32,control
920,120.0,1821.0,126.0,1986.0,0.0692235603928566,0,164.90154939676646,,32,check
921,179.0,1779.0,294.72124106647715,1905.1305682278316,0.05241512507200241,0,172.1779065553867,1.0557847804941627,32,control
922,75.0,1936.0,200.0,1923.0,0.06146549433469772,0,127.52402916810097,,32,control
923,74.0,1914.0,168.0,1822.0,0.059620510786771774,0,133.09197572674617,,32,control
924,65.0,1801.0,246.50796801334974,1689.4837166954264,0.053360942751169205,0,214.6055396885982,2.513344834239162,32,control
925,146.0,1911.0,182.74149449405178,2009.7662820243095,0.06150957569479942,0,105.82326328276268,2.836076776704287,32,control
926,129.0,1754.0,204.0,2002.0,0.08235973119735718,0,259.4207823738819,,32,control
927,146.0,1873.0,233.0,1910.0,0.061134617775678635,0,96.09250510993161,,32,control
928,87.0,1943.0,227.0,1635.0,0.05029625445604324,0,339.1980772523786,,32,control
929,29.0,1754.0,126.0,1986.0,0.053529974073171616,0,251.98202541892346,,32,control
930,186.0,1820.0,174.35999203059166,2000.0797926324424,0.06109405681490898,0,180.10299025722685,1.069891162689733,32,control
931,186.0,1820.0,99.0,1838.0,0.06625759601593018,0,86.66073865736509,,32,control
932,20.0,1897.0,20.0,1964.0,0.1259073168039322,0,66.62924084582,,32,control
933,132.0,1834.0,170.0,1943.0,0.05276598408818245,0,115.86003600721526,,32,control
934,103.0,1901.0,242.0,1688.0,0.05738780274987221,0,255.41542182889532,,32,control
935,45.0,1923.0,203.0,1843.0,0.052332278341054916,0,178.83972942981376,,32,control
936,255.0,1871.0,254.0,1875.0,0.054194461554288864,0,3.939595553490775,,33,control
937,425.0,1817.0,345.56796305951525,1631.8286473824323,0.05627032369375229,0,200.86241368386825,1.6386784505556988,33,control
938,288.0,1829.0,286.0188828962536,1828.6296739741085,0.07574060559272766,1,0.5721270209516062,1.0464217293890552,33,check
939,322.0,1908.0,424.73914396340854,1726.723949060939,0.052040617913007736,0,208.89693404200398,1.2822008474626267,33,control
940,396.0,1757.0,171.416152572355,1740.2223473264048,0.05486521124839783,0,223.23723718975802,2.6020909357189113,33,control
941,279.0,1798.0,320.03218830366717,1809.4911357557858,0.05182860791683197,0,44.07885574393966,1.3593502314398394,33,control
942,285.0,1754.0,480.0,1749.0,0.050313688814640045,0,196.1459486550062,,33,control
943,272.0,1748.0,480.0,1749.0,0.05515683442354202,0,209.08958121536597,,33,control
944,269.0,1875.0,269.0,1872.0,0.07919131964445114,0,3.5195165842340264,,33,control
945,417.0,1790.0,408.0,1707.0,0.05433886870741844,0,83.26557553024692,,33,control
946,343.0,1833.0,298.0,1646.0,0.05563699081540108,0,191.98105838181584,,33,check
947,313.0,1851.0,305.0,1903.0,0.055022239685058594,0,52.33041211452891,,33,check
948,313.0,1851.0,308.0,1852.0,0.05382726714015007,0,3.576426008686752,,33,control
949,307.0,1835.0,135.74946621465966,1799.6297222637993,0.06418867409229279,0,172.88437990299707,2.976826133484883,33,control
950,309.0,1946.0,276.8026293102951,1618.8310504109884,0.10125309228897095,0,328.62774005519,1.5637496354160247,33,control
951,248.0,1821.0,516.5641365125581,1743.5918044053908,0.05961276590824127,0,280.38308953958295,1.2728691184360967,33,control
952,332.0,1780.0,332.40296640083255,1781.0015374956886,0.0656849592924118,1,2.149817876722432,0.9621248425078459,33,control
953,277.0,1785.0,487.0,1765.0,0.06776028126478195,0,211.9893642259029,,33,control
954,348.0,1850.0,374.0,1903.0,0.06465335935354233,0,59.64414767580003,,33,control
955,361.0,1883.0,282.0,1727.0,0.05176517367362976,0,174.16662315726722,,33,control
956,275.0,1819.0,503.0,1786.0,0.055715128779411316,0,231.34438159026638,,33,check
957,275.0,1819.0,270.0,1819.0,0.06812852621078491,0,3.327152081961626,,33,control
958,278.0,1774.0,482.0,1780.0,0.06366303563117981,0,205.16124459639803,,33,control
959,230.0,1800.0,388.0,1713.0,0.056942254304885864,0,181.53815967221288,,33,control
960,375.0,1921.0,182.0,1972.0,0.06455464661121368,0,197.75555734494066,,33,control
961,288.0,1862.0,284.0,1683.0,0.0618009977042675,0,179.06340488089174,,33,control
962,301.0,1767.0,500.61830493759726,1747.909445501399,0.06155134364962578,0,201.5331050771607,2.1269386354303466,33,control
963,382.0,1762.0,381.7901977906929,1764.7302719990178,0.08464979380369186,0,3.009624861469573,2.467821552861053,33,control
964,306.0,1744.0,373.0,1964.0,0.05175714194774628,0,230.35976677294784,,33,control
965,268.0,1922.0,242.0,1688.0,0.0584491528570652,0,235.34499213037728,,33,check
966,287.0,1886.0,258.0,1638.0,0.06457847356796265,0,249.55831571571372,,33,control
967,287.0,1895.0,258.0,1638.0,0.06339380145072937,0,258.50647547299417,,33,check
968,308.0,1734.0,487.0,1765.0,0.06230933591723442,0,182.73767485373753,,33,control
969,267.0,1817.0,270.0,1819.0,0.11101329326629639,0,5.048235498921299,,33,control
970,408.0,1781.0,288.0,1840.0,0.05615810677409172,0,132.23972219742495,,33,check
971,426.0,1799.0,531.0,1613.0,0.11529453098773956,0,213.85972749357256,,33,control
972,335.0,1864.0,258.0,1638.0,0.0911945179104805,0,238.25539486975066,,33,control
973,555.0,1865.0,656.224636461051,1735.6373534038883,0.06379439681768417,0,164.32324764723762,1.6223333022967423,34,control
974,633.0,1840.0,382.0,1789.0,0.05949113517999649,0,254.78975669912282,,34,check
975,615.0,1805.0,714.0,1867.0,0.05214957892894745,0,117.33253179624852,,34,control
976,469.0,1811.0,732.0,1979.0,0.059093769639730453,0,312.5191029526224,,34,control
977,505.0,1925.0,389.0,1605.0,0.07280381768941879,0,339.81526528221093,,34,control
978,505.0,1925.0,415.0,2050.0,0.05445229262113571,0,153.37482319811204,,34,control
979,629.0,1927.0,485.78869906762895,1767.259658725631,0.07105940580368042,0,213.7048980819418,1.457350261484651,34,control
980,604.0,1739.0,714.0,1867.0,0.05004037544131279,0,169.31626571079326,,34,control
981,449.0,1883.0,382.0,1789.0,0.09267979860305786,0,114.61599181956267,,34,control
982,468.0,1903.0,357.91520107130526,1839.112441328987,0.07653990387916565,0,126.06104655473163,1.0145618734669388,34,control
983,468.0,1903.0,761.0,1982.0,0.07370081543922424,0,303.7483104741017,,34,control
984,551.0,1943.0,550.8246901295072,1727.9720920625705,0.05911177769303322,0,214.7782017791026,7.382922170666688,34,control
985,442.0,1800.0,615.0,2050.0,0.06680770963430405,0,304.5623675229141,,34,check
986,474.0,1761.0,580.0,1700.0,0.0626065656542778,0,122.8598062408145,,34,control
987,634.0,1903.0,757.0,1686.0,0.056184884160757065,0,249.15040401077027,,34,control
988,489.0,1759.0,676.9318977066949,1660.7759324669,0.05283670127391815,0,212.3452106863675,4.395669707726028,34,control
989,547.0,1932.0,738.0,1809.0,0.05215795710682869,0,227.19468392505672,,34,control
990,558.0,1925.0,615.7653764519381,1930.192103571077,0.05081712082028389,0,58.642075553331026,1.3408880430255716,34,check
991,562.0,1801.0,626.0,1893.0,0.053764380514621735,0,112.66633400607974,,34,check
992,562.0,1801.0,743.9928093433898,1855.0760531232456,0.05669008567929268,0,190.24717200796582,0.8199435425153515,34,control
993,651.0,1937.0,502.0,1776.0,0.07016818225383759,0,218.54558983701222,,34,control
994,503.0,1876.0,652.0,1623.0,0.07293598353862762,0,293.6006785828742,,34,control
995,503.0,1876.0,344.0,1909.0,0.09525138139724731,0,160.98952665980948,,34,control
996,579.0,1885.0,546.8774527350237,1725.8486338247033,0.051754821091890335,0,161.9430588258951,0.7812856036550387,34,control
997,453.0,1847.0,553.0,1790.0,0.07590778917074203,0,115.73167582071639,,34,check
998,459.0,1829.0,630.0,1758.0,0.05328992381691933,0,185.62075847725038,,34,control
999,460.0,1865.0,732.0,1979.0,0.054796382784843445,0,295.3232247300673,,34,control
1000,510.0,1789.0,536.0,1768.0,0.08029718697071075,0,34.00025033738441,,34,check
1001,625.0,1797.0,708.0,2011.0,0.05265001580119133,0,229.99649026342766,,34,control
1002,650.0,1927.0,657.0,1684.0,0.057157985866069794,0,242.73594310393582,,34,control
1003,650.0,1927.0,495.36232193874906,1763.116582675902,0.10506699234247208,0,224.48265023327298,2.5665445512690015,34,control
1004,541.0,1944.0,535.0,1993.0,0.07988487929105759,0,49.44821028477574,,34,control
1005,502.0,1910.0,414.0,1878.0,0.05453971028327942,0,92.46089809918107,,34,control
1006,470.0,1860.0,681.0,1665.0,0.05092747509479523,0,287.4169533738309,,34,control
1007,640.0,1881.0,623.0,2006.0,0.05776243656873703,0,126.34933209388761,,34,control
1008,515.0,1868.0,418.43383120774195,1675.3116382930061,0.055128902196884155,0,214.8572712562402,1.6427382716229473,34,control
1009,474.0,1784.0,728.0,1931.0,0.08227566629648209,0,293.93045118257777,,34,control
1010,514.0,1853.0,360.0,1927.0,0.05531567335128784,0,169.61805863002007,,34,check
1011,514.0,1853.0,744.0,1633.0,0.06876369565725327,0,318.1943603327327,,34,control
1012,675.0,1854.0,672.3574579404468,1979.3383697145123,0.08433635532855988,0,125.69697343875829,1.6709018578502886,35,control
1013,760.0,1835.0,788.0,1969.0,0.06215114891529083,0,137.38007659984413,,35,control
1014,687.0,1875.0,541.0,1681.0,0.05061157047748566,0,242.04045421828175,,35,control
1015,752.0,1929.0,755.6706004779418,2015.3700952308361,0.05479779466986656,0,86.88354449052652,1.1129816016052998,35,control
1016,820.0,1806.0,551.0,1897.0,0.05214087292551994,0,283.26580652625483,,35,control
1017,776.0,1791.0,807.0,1874.0,0.06611549109220505,0,89.11330190809656,,35,control
1018,728.0,1875.0,575.198912199076,1860.7151231141493,0.0526837520301342,0,152.68190102963098,1.3810368232116208,35,control
1019,750.0,1819.0,656.1895398258807,1670.8100927044482,0.05863301083445549,0,174.74118280012317,0.772122376316958,35,control
1020,814.0,1748.0,656.7029143500204,1913.5218878895373,0.05282774940133095,0,228.23577619058094,2.098173767175343,35,control
1021,796.0,1784.0,784.5097596572755,1958.8200858227626,0.056845154613256454,0,175.6619649310772,0.8470904260011303,35,check
1022,791.0,1915.0,622.3903729426213,1811.0656005331236,0.05432558059692383,0,197.3534551371666,1.691893719659628,35,check
1023,785.0,1867.0,819.0,1649.0,0.05755235627293587,0,220.0853479544008,,35,control
1024,754.0,1806.0,792.0,2015.0,0.05018395557999611,0,212.9021169321219,,35,control
1025,701.0,1819.0,636.7016921735885,1792.6609321623393,0.13214266300201416,0,68.79059848488501,2.382415363484304,35,control
1026,774.0,1767.0,729.9793608316114,1828.3500700621794,0.05196605622768402,0,75.6768786319813,1.0240925442323907,35,control
1027,739.0,1823.0,766.6309517628921,1952.690392279819,0.09778236597776413,0,133.08059431290027,1.1188725986422563,35,control
1028,660.0,1766.0,750.0,1998.0,0.05278267338871956,0,249.314807402744,,35,check
1029,703.0,1736.0,709.7108365760504,1732.8457843016822,0.06173430755734444,0,7.63260063728053,3.274695281152626,35,control
1030,681.0,1797.0,636.0,1791.0,0.050853095948696136,0,44.74584703326734,,35,control
1031,723.0,1772.0,790.901380022821,1804.945608238784,0.07028528302907944,0,75.83669303743545,1.0677822535764947,35,control
1032,667.0,1756.0,793.0,1631.0,0.05894855409860611,0,177.25076914138612,,35,check
1033,781.0,1933.0,745.0,1687.0,0.05482787266373634,0,248.09295525881967,,35,control
1034,786.0,1818.0,570.0,1762.0,0.05740400776267052,0,222.28252812248218,,35,control
1035,800.0,1916.0,691.0,1744.0,0.06047162041068077,0,203.03147426623335,,35,check
1036,732.0,1925.0,630.0,2013.0,0.05727367103099823,0,134.48627550399212,,35,control
1037,775.0,1799.0,826.0,1639.0,0.07083746045827866,0,167.40701504295777,,35,control
1038,182.0,2122.0,289.0,2174.0,0.0594431534409523,0,120.24034850953007,,36,control
1039,215.0,2058.0,305.8494903864367,2168.1796852948432,0.0706743597984314,0,143.6280904920216,1.3626033171546648,36,control
1040,203.0,1951.0,198.0,2175.0,0.0543159656226635,0,223.77343723117323,,36,control
1041,49.0,2053.0,185.0,1887.0,0.05785192549228668,0,215.96252029500087,,36,control
1042,104.0,2014.0,126.0,2255.0,0.06244733929634094,0,241.8367865753986,,36,control
1043,172.0,2121.0,289.0,2174.0,0.06262104213237762,0,129.73870317746338,,36,control
1044,77.0,2006.0,135.0,1843.0,0.05808005481958389,0,173.95139395678368,,36,control
1045,123.0,2012.0,319.170521862435,1858.4897543994925,0.05722277984023094,0,250.3171342393243,0.6283200076218205,36,check
1046,123.0,2012.0,188.65062730618817,2007.5601273843993,0.06269481033086777,0,67.65236376172763,0.9403896603972783,36,control
1047,22.0,1959.0,27.97925426076105,2112.7494280151273,0.15163545310497284,0,153.5373238854553,0.9608620427532549,36,control
1048,152.0,2088.0,152.0,2085.0,0.06683767586946487,0,3.8039079128696094,,36,control
1049,143.0,2085.0,134.0,2078.0,0.06007860600948334,0,10.134916868757717,,36,control
1050,59.0,2047.0,58.47822993572704,2150.4094650702336,0.05778802931308746,0,103.016148942076,2.3867897115431846,36,control
1051,46.0,2075.0,56.0,2175.0,0.06420131027698517,0,100.3258532136675,,36,control
1052,21.0,2052.0,22.0,1846.0,0.13656792044639587,0,206.41322710831804,,36,control
1053,17.0,2036.0,16.0,1816.0,0.11984141916036606,0,220.3906675916153,,36,check
1054,149.0,2068.0,217.0,2160.0,0.05582732334733009,0,115.24197624538964,,36,control
1055,108.0,2109.0,179.33464771983893,1963.357859459967,0.05536060407757759,0,163.21488366527674,1.5262245262823029,36,control
1056,108.0,2109.0,74.0,1891.0,0.05973813310265541,0,220.6353288194954,,36,control
1057,108.0,2109.0,169.0,1987.0,0.07161397486925125,0,137.4805727764929,,36,control
1058,170.0,1980.0,229.0,1987.0,0.05562546104192734,0,61.11266148549724,,36,check
1059,134.0,2077.0,252.0,1972.0,0.05506209656596184,0,159.29908398047587,,36,control
1060,149.0,2007.0,269.0,1872.0,0.051862649619579315,0,181.80703552116483,,36,check
1061,68.0,2159.0,172.0,2086.0,0.07680199295282364,0,128.73825840848747,,36,control
1062,25.0,1985.0,27.0,1894.0,0.06470542401075363,0,91.4933699618338,,36,control
1063,25.0,2064.0,23.0,2299.0,0.07525864243507385,0,234.52171791492862,,36,control
1064,151.0,1981.0,306.0,2169.0,0.06838268041610718,0,244.47833384426986,,36,check
1065,66.0,2092.0,318.0,2090.0,0.050285227596759796,0,253.43961382552544,,36,control
1066,177.0,2164.0,251.0,2049.0,0.052714161574840546,0,137.78327759485316,,36,control
1067,27.0,2142.0,34.0,1928.0,0.06885275989770889,0,214.59118230082865,,36,control
1068,16.0,2082.0,19.0,1853.0,0.055308785289525986,0,229.45376846312845,,36,control
1069,162.0,2056.0,227.16632015544047,1865.008144845212,0.10062390565872192,0,202.5291452918519,4.03542501609132,36,control
1070,162.0,2056.0,153.0,2208.0,0.05176814645528793,0,151.8584426814745,,36,control
1071,25.0,1999.0,23.0,2299.0,0.06923700124025345,0,299.5216965811684,,36,check
1072,19.0,2072.0,17.0,1871.0,0.08040658384561539,0,201.3967630659037,,36,check
1073,323.0,1999.0,542.0,1844.0,0.09288469702005386,0,268.8870789695729,,37,control
1074,323.0,1999.0,284.0,1967.0,0.06998251378536224,0,49.308867257088366,,37,check
1075,257.0,2156.0,297.0,2161.0,0.06390144675970078,0,41.750164545303235,,37,control
1076,281.0,2048.0,260.0471523720787,2220.2688626737568,0.05245105177164078,0,173.17136079792735,1.461632342750916,37,control
1077,429.0,1970.0,412.0,2134.0,0.051025569438934326,0,164.77105736287217,,37,check
1078,299.0,2100.0,478.0,1998.0,0.060174018144607544,0,206.8348709327962,,37,control
1079,407.0,2145.0,169.0,1987.0,0.05087428167462349,0,284.2213653651279,,37,control
1080,390.0,1966.0,130.0,2138.0,0.05878383666276932,0,309.93039600841,,37,control
1081,371.0,2044.0,284.0,1967.0,0.05303143709897995,0,115.07665562838547,,37,check
1082,383.0,2040.0,539.0,2121.0,0.05724157392978668,0,176.5329818615321,,37,control
1083,364.0,1973.0,364.0,1972.0,0.05261310935020447,1,1.6824983367439874,,37,control
1084,228.0,2034.0,394.0,2171.0,0.05313367396593094,0,216.1278877235171,,37,control
1085,334.0,2149.0,238.0,2023.0,0.05000276118516922,0,157.52380840504696,,37,control
1086,307.0,2061.0,97.0,1986.0,0.056911468505859375,0,221.1100130489987,,37,control
1087,307.0,2061.0,461.0,1923.0,0.06325708329677582,0,207.5167013291964,,37,control
1088,237.0,1986.0,306.0,2251.0,0.05220057815313339,0,274.05682599454127,,37,control
1089,373.0,1965.0,356.42611595420914,1893.2583986076693,0.05401530861854553,0,73.33832430308937,1.3203830520932083,37,control
1090,321.0,2028.0,351.0,2130.0,0.05617514252662659,0,106.63901788759132,,37,control
1091,297.0,1998.0,297.0,1998.0,0.06916235387325287,1,1.5304809320762274,,37,check
1092,413.0,2066.0,537.0,2141.0,0.05672837048768997,0,145.65428552986728,,37,check
1093,430.0,2076.0,229.0,1987.0,0.05522565916180611,0,218.3130808632141,,37,control
1094,361.0,2107.0,389.0,2197.0,0.060779422521591187,0,94.5809100587929,,37,control
1095,230.0,2095.0,379.0,2001.0,0.06678958982229233,0,177.26485482944528,,37,control
1096,262.0,1995.0,476.0,1883.0,0.06408441811800003,0,242.40407604820538,,37,control
1097,265.0,2028.0,264.0,2027.0,0.08484426140785217,1,1.2969767245362345,,37,control
1098,353.0,2154.0,360.27199934763746,2105.6308539040697,0.08115028589963913,0,49.170376271192154,2.9029471728822744,37,control
1099,337.0,1987.0,346.507706838679,1976.5990392533665,0.07170284539461136,0,15.090603391498632,1.0239790494058254,37,control
1100,367.0,2004.0,318.0,2272.0,0.09171697497367859,0,272.07152092338987,,37,control
1101,248.0,2112.0,532.0,1932.0,0.06525203585624695,0,336.8690958109741,,37,check
1102,250.0,2018.0,253.0834494791991,2023.212094044312,0.05674867704510689,0,6.924217332838753,1.6632901197691123,37,control
1103,444.0,2033.0,716.0,2060.0,0.07399819046258926,0,273.65048844109333,,38,control
1104,496.0,1992.0,359.0,2285.0,0.05497116222977638,0,322.84628636359395,,38,control
1105,511.0,2058.0,727.8571048625723,2035.1189316767848,0.057220906019210815,0,218.27151365104692,1.095188320175526,38,control
1106,478.0,1963.0,590.0,2107.0,0.09986702352762222,0,182.98610228607208,,38,control
1107,647.0,2100.0,370.4275196894675,2142.42893760174,0.05036786571145058,0,278.5582725160507,1.122135012278567,38,control
1108,501.0,2056.0,617.1648435961978,2065.6075489036657,0.051434338092803955,0,117.14597125125167,1.3784066020699475,38,control
1109,619.0,2162.0,742.42198652827,1985.8007600729893,0.07743939757347107,0,214.91448955234665,2.719613846848261,38,control
1110,643.0,2078.0,529.0,2105.0,0.060946960002183914,0,116.40190423583918,,38,control
1111,617.0,2057.0,714.8009707328863,1992.7958389268124,0.05443328619003296,0,117.0384063044797,3.614962183301867,38,control
1112,446.0,1985.0,552.0,2116.0,0.051942434161901474,0,169.11144518983795,,38,control
1113,588.0,1978.0,355.0,1838.0,0.07053455710411072,0,270.60982791759835,,38,control
1114,596.0,1964.0,520.0,1899.0,0.06377620249986649,0,99.19583920792354,,38,control
1115,608.0,2149.0,592.222363545577,2102.780607928018,0.0503479428589344,0,48.43034943341532,1.716982105388949,38,check
1116,440.0,2153.0,553.0,2161.0,0.07722671329975128,0,114.00919636950856,,38,control
1117,531.0,2079.0,539.0,2213.0,0.05147058144211769,0,134.42070436016465,,38,control
1118,601.0,2103.0,478.10279889769595,1844.051574123241,0.053543414920568466,0,286.0520096067016,1.1212115766295672,38,check
1119,601.0,2103.0,590.9769411861729,2091.2937685551856,0.05051698908209801,0,14.835280162101245,0.5078918100594377,38,control
1120,522.0,2048.0,449.0,2088.0,0.07457290589809418,0,82.35098977268727,,38,control
1121,522.0,2048.0,352.0,2043.0,0.1002986878156662,0,168.72610776673213,,38,check
1122,474.0,2137.0,319.0,1834.0,0.05527476221323013,0,339.68717424200565,,38,control
1123,482.0,2131.0,400.069559395647,2096.239616343026,0.06542963534593582,0,87.90646725821338,1.5831640531014037,38,control
1124,465.0,1958.0,369.0,2159.0,0.06603961437940598,0,222.1661413465613,,38,control
1125,526.0,2027.0,503.0,2166.0,0.06718684732913971,0,140.85527717004933,,38,control
1126,446.0,2009.0,639.2310984184788,2271.93569853013,0.05457239970564842,0,326.7462590943869,2.789948277751742,38,control
1127,582.0,2040.0,778.0,2255.0,0.05580262839794159,0,291.2453360486743,,38,check
1128,461.0,2036.0,375.0,1866.0,0.06378742307424545,0,189.89305825139303,,38,control
1129,642.0,2028.0,372.0,2074.0,0.07683783024549484,0,272.62498047810305,,38,control
1130,454.0,2036.0,637.0,2148.0,0.08152003586292267,0,215.0962470886903,,38,check
1131,746.0,1957.0,748.0,1957.0,0.053248330950737,1,2.264904242003646,,39,control
1132,739.0,2148.0,670.0,2150.0,0.06283827871084213,0,68.660120445366,,39,control
1133,821.0,2150.0,718.0,2164.0,0.08247610926628113,0,103.76484018430773,,39,control
1134,743.0,1988.0,715.3877327409657,2056.0485678438986,0.057007987052202225,0,73.67837938151153,1.4449026931964732,39,control
1135,746.0,2040.0,735.703095908847,1966.83147115641,0.058816712349653244,0,73.44307164839073,1.3686441124845834,39,check
1136,659.0,2120.0,809.0,2078.0,0.06809142231941223,0,155.64031641115392,,39,control
1137,789.0,2013.0,725.0,2016.0,0.077488012611866,0,63.82187314658743,,39,control
1138,698.0,1992.0,616.0,2271.0,0.05503012239933014,0,290.8675511755701,,39,check
1139,825.0,2069.0,545.0,1973.0,0.05350915715098381,0,295.16994705152325,,39,check
1140,663.0,2058.0,710.3665996359881,2171.8382516536353,0.05808442085981369,0,123.7131494536488,1.615744369279679,39,control
1141,660.0,2096.0,587.0,2024.0,0.05393895506858826,0,101.8946830179258,,39,control
1142,802.0,2121.0,674.0,2166.0,0.055967994034290314,0,135.44038851292328,,39,control
1143,696.0,2040.0,657.0,2192.0,0.0623452253639698,0,157.09324316624125,,39,control
1144,763.0,2106.0,730.0,2033.0,0.06392770260572433,0,79.65086231220039,,39,control
1145,660.0,1994.0,558.0,2261.0,0.10155116021633148,0,285.72234414731145,,39,control
1146,803.0,2091.0,682.1937014534888,2135.9011122071975,0.07013409584760666,0,128.66603205693923,2.0913918212530045,39,control
1147,669.0,2125.0,552.0,2251.0,0.06305117905139923,0,171.58464916178337,,39,control
1148,754.0,2158.0,574.0,2129.0,0.06549990922212601,0,181.63148949901196,,39,control
1149,688.0,2014.0,588.0,2283.0,0.11790356785058975,0,286.9561494369266,,39,control
1150,688.0,2014.0,660.0,2255.0,0.062355898320674896,0,242.84483957858723,,39,control
1151,700.0,2007.0,569.4814321067711,2257.261410419352,0.05125090852379799,0,282.10402947246035,0.6562669035636127,39,check
1152,780.0,1976.0,639.0,2007.0,0.05401737987995148,0,143.92031547760172,,39,control
1153,734.0,1982.0,708.0,2232.0,0.059195518493652344,0,251.65028093995932,,39,control
1154,734.0,1982.0,680.0,2209.0,0.05061469227075577,0,233.55140906008646,,39,check
1155,741.0,2091.0,688.0,2138.0,0.06052333489060402,0,70.80740351261778,,39,control
1156,168.0,2242.0,315.0,2412.0,0.06073709577322006,0,225.48252023358222,,40,control
1157,168.0,2242.0,263.0,2245.0,0.05848126858472824,0,96.57399805786628,,40,control
1158,114.0,2218.0,317.4638242111042,2185.131616060422,0.06146402657032013,0,207.4983848680444,2.4202004001720177,40,control
1159,87.0,2253.0,249.98387391410017,2416.5513643983977,0.05296016111969948,0,231.7919029092475,2.3604578160272545,40,control
1160,96.0,2310.0,314.0,2470.0,0.053858257830142975,0,271.35800820048183,,40,control
1161,198.0,2325.0,316.0,2486.0,0.059978190809488297,0,200.23218821938448,,40,control
1162,60.0,2340.0,102.0,2484.0,0.05202837288379669,0,150.14009490716583,,40,control
1163,21.0,2348.0,16.0,2082.0,0.07838170975446701,0,266.45488558687293,,40,check
1164,170.0,2302.0,306.41402430644274,2451.967327261431,0.06806737184524536,0,203.49031754232828,1.0129882552891745,40,control
1165,86.0,2208.0,314.0,2470.0,0.06745447963476181,0,348.03588127771786,,40,control
1166,31.0,2244.0,29.0,2518.0,0.1031714454293251,0,273.48307288890817,,40,control
1167,59.0,2254.0,60.0,2258.0,0.061205945909023285,0,4.744789426837049,,40,control
1168,98.0,2383.0,174.0,2226.0,0.053298287093639374,0,175.47827591453006,,40,control
1169,192.0,2234.0,180.0,2381.0,0.07423792779445648,0,147.04567416180166,,40,check
1170,18.0,2328.0,18.0,2340.0,0.0639328882098198,0,11.718330575165147,,40,control
1171,72.0,2364.0,314.0,2470.0,0.058431923389434814,0,265.31612647350016,,40,control
1172,70.0,2354.0,151.0,2462.0,0.051705971360206604,0,135.7856543855733,,40,control
1173,25.0,2296.0,24.0,2489.0,0.1790803223848343,0,192.48666605084014,,40,check
1174,175.0,2187.0,299.0,2409.0,0.07092998176813126,0,254.79359417337042,,40,control
1175,76.0,2332.0,137.0,2455.0,0.08577852696180344,0,137.7771465827017,,40,control
1176,76.0,2332.0,155.0,2446.0,0.05728145316243172,0,139.4243771418776,,40,check
1177,154.0,2369.0,86.0,2422.0,0.05834772437810898,0,84.38977046075648,,40,control
1178,39.0,2268.0,31.0,2168.0,0.0549122579395771,0,100.60686739876674,,40,check
1179,46.0,2197.0,264.0,2081.0,0.05876447632908821,0,248.4202474381706,,40,control
1180,82.0,2322.0,287.00698755661875,2480.9587561384565,0.05177048221230507,0,260.37238620892373,2.561286165508812,40,control
1181,34.0,2303.0,42.0,2501.0,0.06555971503257751,0,197.7588128127179,,40,control
1182,16.0,2196.0,16.0,2160.0,0.09456071257591248,0,36.52931103850839,,40,control
1183,25.0,2205.0,35.0,2141.0,0.06345340609550476,0,65.58388182966996,,40,control
1184,297.0,2350.0,529.2894088509086,2036.8699344126094,0.05565232038497925,0,390.2501771047395,1.2190224312209463,41,control
1185,278.0,2273.0,438.72646710043654,2486.7885055867946,0.07871545851230621,0,267.99603858788834,1.1926882936843777,41,control
1186,335.0,2214.0,572.0,2095.0,0.0621819794178009,0,265.7221977426228,,41,control
1187,238.0,2256.0,153.6826726688074,2298.276119445454,0.05884426459670067,0,92.53884670656949,8.637432131062477,41,control
1188,255.0,2291.0,414.96526223422666,2081.0424612221555,0.05076383799314499,0,264.6355517347401,0.7281715514730908,41,control
1189,238.0,2248.0,152.0,2085.0,0.12403824180364609,0,183.6616086061295,,41,control
1190,429.0,2353.0,279.0,2292.0,0.05805329233407974,0,160.6384279941828,,41,control
1191,282.0,2189.0,487.0,2453.0,0.07014589011669159,0,334.7583082947026,,41,check
1192,269.0,2179.0,392.0,2235.0,0.05524560064077377,0,136.18848330592274,,41,control
1193,265.0,2305.0,438.0,2322.0,0.06673187762498856,0,174.82016615266048,,41,control
1194,365.0,2264.0,507.0,2459.0,0.060176365077495575,0,241.698164827957,,41,control
1195,301.0,2325.0,381.0,2306.0,0.0810096338391304,0,83.37396926691582,,41,control
1196,427.0,2326.0,425.83363397558145,2479.7873460791775,0.05722387507557869,0,153.7375296133566,2.8707061047180362,41,control
1197,256.0,2258.0,529.0,2157.0,0.05064248666167259,0,291.77641305042437,,41,check
1198,290.0,2370.0,553.0,2161.0,0.06090748310089111,0,336.39135427109494,,41,check
1199,218.0,2228.0,425.0,2284.0,0.058570243418216705,0,215.44678990396045,,41,check
1200,319.0,2352.0,449.0,2501.0,0.061452776193618774,0,198.30652006398083,,41,control
1201,226.0,2359.0,224.0,2488.0,0.0801243931055069,0,128.71563241982918,,41,control
1202,280.0,2306.0,289.0,2480.0,0.055465295910835266,0,174.10070513453013,,41,control
1203,221.0,2346.0,349.0,2221.0,0.0685502290725708,0,179.8953290153837,,41,control
1204,643.0,2358.0,640.0,2218.0,0.06406566500663757,0,139.77122779566272,,42,control
1205,496.0,2284.0,508.0,2222.0,0.052772920578718185,0,63.21594808290411,,42,control
1206,497.0,2262.0,684.4210197369174,2274.0105627637718,0.09557223320007324,0,188.112979416422,2.1684353062955055,42,control
1207,628.0,2356.0,692.4527710966789,2490.1213568347043,0.053471025079488754,0,149.11489150179827,2.2199085796040565,42,control
1208,542.0,2210.0,713.0,2412.0,0.06548723578453064,0,264.98540572181673,,42,control
1209,599.0,2285.0,375.0,2227.0,0.057905636727809906,0,230.22792733425607,,42,control
1210,644.0,2186.0,479.0,2443.0,0.05785084143280983,0,304.9785822530162,,42,check
1211,463.0,2202.0,445.6905198232721,2395.0100209856605,0.053109824657440186,0,193.69346662747185,3.117822632939303,42,control
1212,535.0,2317.0,391.0,2216.0,0.057347603142261505,0,174.95333988827673,,42,control
1213,544.0,2309.0,396.20802956294244,2213.993373729509,0.0909518450498581,0,174.7401562781663,3.3053473300535106,42,control
1214,477.0,2223.0,626.0,2329.0,0.05217878520488739,0,183.33928561338504,,42,control
1215,603.0,2251.0,690.0067595858853,2410.238577868098,0.08687389642000198,0,181.80139074259398,1.386356625478481,42,check
1216,477.0,2364.0,413.7897148942199,2356.264367586436,0.06793712079524994,0,62.64472589738057,2.9893852097314504,42,check
1217,499.0,2178.0,674.0,2166.0,0.05092479661107063,0,175.75039994015347,,42,check
1218,535.0,2384.0,463.0,2082.0,0.06161088868975639,0,310.1578323104388,,42,control
1219,535.0,2384.0,381.0,2269.0,0.06198888644576073,0,191.2920989858408,,42,control
1220,496.0,2273.0,604.0,2309.0,0.05299782380461693,0,114.38760936521655,,42,control
1221,552.0,2187.0,615.0707937777801,2063.8155496983754,0.05656685307621956,0,138.4266251630475,3.051729641822268,42,control
1222,578.0,2327.0,469.1233082494169,2271.2914025459963,0.06016259640455246,0,121.46287210817788,0.5912713047784782,42,control
1223,495.0,2380.0,533.0,2059.0,0.050999607890844345,0,323.17776370222276,,42,control
1224,495.0,2380.0,460.0,2183.0,0.05027461424469948,0,199.86532625406844,,42,control
1225,442.0,2323.0,425.0,2284.0,0.05781715735793114,0,42.1471138716067,,42,control
1226,579.0,2304.0,382.0,2230.0,0.06974240392446518,0,209.34306195673656,,42,control
1227,453.0,2336.0,549.3016978888024,2091.520601405606,0.05255107209086418,0,262.8784718235624,0.7278806786572357,42,check
1228,602.0,2189.0,489.0,2071.0,0.10149482637643814,0,162.65428385711343,,42,control
1229,507.0,2370.0,530.0,2035.0,0.058168284595012665,0,335.6840317574236,,42,control
1230,495.0,2194.0,585.0,2127.0,0.10137203335762024,0,112.5881569466207,,42,control
1231,608.0,2288.0,413.1869614080933,2222.9286351228375,0.057469263672828674,0,204.35182700827707,1.245131143641735,42,control
1232,652.0,2263.0,651.0,2399.0,0.053387824445962906,0,136.22892150733685,,42,check
1233,512.0,2317.0,552.0,2251.0,0.05392662435770035,0,77.41039997476693,,42,control
1234,454.0,2328.0,644.2722431496718,2306.401044554314,0.05182798579335213,0,191.85940163647942,0.8465249326180597,42,control
1235,533.0,2307.0,641.0,2268.0,0.0960954800248146,0,115.13769004864668,,42,control
1236,533.0,2307.0,568.0,2257.0,0.05837373435497284,0,61.26898482141095,,42,control
1237,679.0,2321.0,646.0,2232.0,0.052142951637506485,0,94.53607523055197,,43,control
1238,719.0,2282.0,614.0,2320.0,0.08548451960086823,0,111.28431440912232,,43,control
1239,673.0,2174.0,684.0,2127.0,0.05671527981758118,0,48.037175394070985,,43,control
1240,808.0,2214.0,614.0,2368.0,0.05152128264307976,0,247.45248662429222,,43,control
1241,732.0,2342.0,578.0,2355.0,0.06485474854707718,0,153.99280209729807,,43,control
1242,772.0,2296.0,622.0,2349.0,0.06607884913682938,0,158.73832269406273,,43,control
1243,729.0,2172.0,758.6250671468141,2335.9519399175997,0.05032280832529068,0,166.97473786129075,2.982081634710102,43,control
1244,667.0,2250.0,660.0,2255.0,0.07039792090654373,0,8.469539662335036,,43,control
1245,807.0,2379.0,545.0,2234.0,0.0516560859978199,0,298.7574008938931,,43,control
1246,756.0,2336.0,621.0598150286745,2410.099821832063,0.054010048508644104,0,153.66817319256506,1.3831621595370942,43,control
1247,786.0,2305.0,637.0,2449.0,0.054867345839738846,0,207.09230115894118,,43,control
1248,687.0,2266.0,660.0,2255.0,0.07836879044771194,0,28.713280329990617,,43,control
1249,755.0,2192.0,651.0,2399.0,0.05669526755809784,0,231.7080865315474,,43,check
1250,680.0,2269.0,578.0,2240.0,0.08799649029970169,0,105.40425546640948,,43,control
1251,680.0,2269.0,576.0,2329.0,0.07448408752679825,0,119.63770748488739,,43,control
1252,769.0,2327.0,647.0,2471.0,0.06430486589670181,0,188.68204476371554,,43,check
1253,692.0,2216.0,636.0,2248.0,0.05101654678583145,0,64.23654896085391,,43,control
1254,684.0,2242.0,648.5950339843378,2260.533048166112,0.050971318036317825,0,39.72825312913843,3.3021954425037805,43,check
1255,144.0,2457.0,286.3212578218071,2289.08471931096,0.06572797149419785,0,221.18516693632358,2.865095166841446,44,control
1256,78.0,2436.0,67.0,2661.0,0.05013428255915642,0,224.67968011121326,,44,control
1257,19.0,2434.0,19.0,2539.0,0.1848382204771042,0,104.48893986852042,,44,control
1258,123.0,2494.0,330.0,2476.0,0.06932526081800461,0,209.0398042755793,,44,control
1259,193.0,2572.0,317.0,2301.0,0.05578804761171341,0,298.7135521917973,,44,check
1260,31.0,2568.0,31.0,2714.0,0.06917358934879303,0,145.45885233341323,,44,control
1261,144.0,2575.0,73.0,2670.0,0.06929653882980347,0,117.05412096388828,,44,control
1262,18.0,2490.0,19.0,2663.0,0.08732687681913376,0,172.4690021592665,,44,control
1263,124.0,2440.0,57.0,2637.0,0.08423007279634476,0,206.966846774051,,44,control
1264,175.0,2418.0,206.59536389805342,2634.987715528156,0.05204453319311142,0,219.17270728242315,0.9196621008186975,44,control
1265,43.0,2566.0,230.0,2459.0,0.0657956525683403,0,216.9282182231715,,44,control
1266,43.0,2566.0,222.0,2453.0,0.07117927819490433,0,213.16526310786705,,44,control
1267,21.0,2515.0,21.0,2653.0,0.10196323692798615,0,137.4615734890473,,44,control
1268,28.0,2455.0,31.0,2562.0,0.14494778215885162,0,106.59788753713046,,44,check
1269,51.0,2430.0,87.0,2513.0,0.08080988377332687,0,90.85496163337245,,44,control
1270,19.0,2528.0,19.0,2539.0,0.0672956332564354,0,10.682724543809957,,44,control
1271,19.0,2528.0,26.0,2728.0,0.06173250451683998,0,199.64086317339036,,44,control
1272,20.0,2537.0,26.0,2728.0,0.0754435807466507,0,190.6057207815391,,44,control
1273,22.0,2567.0,26.0,2582.0,0.06021670252084732,0,15.69925906602726,,44,check
1274,22.0,2567.0,21.0,2558.0,0.06676626950502396,0,9.600352328137408,,44,control
1275,188.0,2444.0,151.0,2702.0,0.05186260864138603,0,259.99517937342995,,44,control
1276,54.0,2549.0,223.0,2587.0,0.052001576870679855,0,174.6367403379158,,44,control
1277,189.0,2507.0,68.0,2584.0,0.06042291969060898,0,141.49701962578828,,44,control
1278,64.0,2452.0,54.0,2546.0,0.06983313709497452,0,93.84516486815386,,44,check
1279,22.0,2445.0,21.0,2448.0,0.056672558188438416,1,2.747169513676758,,44,check
1280,56.0,2445.0,53.279113554663674,2546.9897090816144,0.08443982154130936,0,101.49715724949863,1.8781804495933743,44,control
1281,102.0,2420.0,54.0,2546.0,0.06344472616910934,0,133.66001367296647,,44,control
1282,40.0,2392.0,39.0,2707.0,0.09759225696325302,0,314.45697262602624,,44,control
1283,171.0,2475.0,251.0,2335.0,0.06353440135717392,0,162.2037129978245,,44,check
1284,106.0,2525.0,222.87124561974622,2477.414961188567,0.08002510666847229,0,127.74188021526751,5.191141885895879,44,control
1285,208.0,2569.0,198.0,2385.0,0.05342375114560127,0,184.4819616908982,,44,control
1286,27.0,2465.0,38.0,2615.0,0.10415305197238922,0,150.04198591117614,,44,control
1287,123.0,2511.0,264.0,2339.0,0.0633944720029831,0,223.51789790231447,,44,control
1288,163.0,2548.0,280.0,2668.0,0.05529576167464256,0,168.34051478716862,,44,control
1289,305.0,2487.0,352.0,2427.0,0.051076482981443405,0,77.06192493510827,,45,control
1290,366.0,2405.0,494.0,2704.0,0.050697486847639084,0,325.49932292995584,,45,control
1291,344.0,2525.0,201.0,2399.0,0.08401879668235779,0,189.54706018525255,,45,control
1292,344.0,2525.0,331.0,2386.0,0.0607546865940094,0,139.63282603755994,,45,control
1293,244.0,2483.0,174.7055730063084,2429.3928495067503,0.05733199417591095,0,86.45991798598838,2.6875408606732485,45,control
1294,246.0,2472.0,417.0,2423.0,0.0553787499666214,0,178.87126376368812,,45,check
1295,232.0,2557.0,191.97133157539145,2500.100499327225,0.05671551078557968,0,68.90558775573979,1.8327964918880884,45,check
1296,410.0,2409.0,406.0,2285.0,0.07126719504594803,0,124.06631656053366,,45,control
1297,358.0,2515.0,331.0,2386.0,0.06165793538093567,0,131.67635837463442,,45,control
1298,404.0,2539.0,403.0,2522.0,0.055516842752695084,0,17.085141649750796,,45,check
1299,357.0,2497.0,401.0,2293.0,0.06160873547196388,0,208.96717718975296,,45,control
1300,416.0,2390.0,311.0,2705.0,0.05726216733455658,0,331.43787201517546,,45,control
1301,435.0,2430.0,523.0,2364.0,0.05233155936002731,0,110.53112318533033,,45,control
1302,247.0,2539.0,211.0,2573.0,0.07583983987569809,0,48.17201502321328,,45,control
1303,378.0,2447.0,166.0,2361.0,0.05320531129837036,0,227.261066204816,,45,control
1304,561.0,2487.0,356.3260057504783,2423.2322827973658,0.05960999056696892,0,213.27490225573942,2.308602027219869,46,control
1305,561.0,2441.0,334.0,2558.0,0.051206570118665695,0,254.22685325611428,,46,control
1306,637.0,2435.0,400.1510806223928,2411.360202517225,0.054169733077287674,0,236.96879716607884,1.2836593652180976,46,control
1307,518.0,2393.0,401.0,2387.0,0.09027102589607239,0,116.08271850078582,,46,control
1308,651.0,2506.0,443.9727796382924,2415.4110729849763,0.05148483067750931,0,225.12554749247587,1.3916626459660801,46,control
1309,622.0,2572.0,478.9421554671572,2288.861160361926,0.06098206341266632,0,316.78355925075937,1.349295603656418,46,control
1310,508.0,2496.0,773.0,2430.0,0.11270734667778015,0,272.97976654916124,,46,control
1311,610.0,2440.0,606.0,2533.0,0.0676875039935112,0,93.216170275025,,46,check
1312,577.0,2546.0,409.0,2646.0,0.07490920275449753,0,194.63712328820324,,46,control
1313,618.0,2390.0,409.0,2646.0,0.057509686797857285,0,329.79683503710777,,46,control
1314,652.0,2441.0,653.0731172698279,2451.951281137763,0.05473961681127548,0,11.255729763984315,1.0652659671219094,46,control
1315,613.0,2591.0,628.4609249190421,2495.5004662689416,0.05134551599621773,0,96.62386600803501,1.2607235826961787,46,control
1316,452.0,2459.0,637.0,2449.0,0.051590271294116974,0,185.62045719034023,,46,check
1317,478.0,2512.0,713.0,2530.0,0.06700793653726578,0,235.81750864370161,,46,control
1318,604.0,2583.0,425.0,2653.0,0.06258127093315125,0,191.32658139415307,,46,check
1319,483.0,2408.0,534.0,2671.0,0.05225782468914986,0,268.0448008527839,,46,control
1320,594.0,2580.0,573.0,2682.0,0.0580577626824379,0,104.12418474724385,,46,check
1321,497.0,2389.0,529.0,2583.0,0.0704357698559761,0,196.77172698305824,,46,control
1322,453.0,2524.0,649.0,2592.0,0.09727971255779266,0,207.7787077202431,,46,control
1323,574.0,2572.0,576.0,2572.0,0.1144384816288948,1,2.495624142123628,,46,control
1324,574.0,2532.0,600.0,2393.0,0.07710869610309601,0,141.33529728388348,,46,control
1325,619.0,2535.0,616.0,2295.0,0.05551683157682419,0,239.80478104506372,,46,control
1326,784.0,2510.0,678.0,2483.0,0.06193477660417557,0,109.10357445237474,,47,control
1327,784.0,2510.0,661.0,2487.0,0.08766202628612518,0,124.81921658373486,,47,control
1328,801.0,2572.0,733.3990919006332,2598.289625103232,0.054713137447834015,0,72.61394086881795,0.7939119852915174,47,control
1329,717.0,2453.0,667.0,2467.0,0.05084075778722763,0,51.729198004951606,,47,check
1330,775.0,2443.0,769.0,2524.0,0.057922378182411194,0,81.56276272799879,,47,control
1331,826.0,2557.0,678.0,2483.0,0.057442136108875275,0,165.1566203417807,,47,control
1332,817.0,2475.0,670.0,2666.0,0.05338219180703163,0,241.06091864918156,,47,control
1333,655.0,2577.0,660.0,2579.0,0.05570456013083458,0,5.687868133042498,,47,check
1334,663.0,2453.0,569.0,2517.0,0.0720115527510643,0,113.33833547450597,,47,check
1335,816.0,2494.0,727.8540852526231,2511.107687798171,0.054426319897174835,0,89.77609684076738,1.4448028862928928,47,control
1336,708.0,2462.0,647.8427751281939,2490.0811420904256,0.06328694522380829,0,66.19112188372019,2.5098303796631916,47,control
1337,660.0,2490.0,664.0,2505.0,0.0581616573035717,0,15.805630596221006,,47,control
1338,751.0,2451.0,624.0,2426.0,0.053853489458560944,0,128.999821110731,,47,control
1339,819.0,2460.0,679.5284002928303,2443.7440435585568,0.05113070085644722,0,140.14928103289574,2.6551162147205694,47,control
1340,683.0,2388.0,682.0,2414.0,0.05309002101421356,0,26.27096689491697,,47,control
1341,750.0,2483.0,637.0,2449.0,0.08235463500022888,0,117.60015300055271,,47,check
1342,795.0,2563.0,724.0,2584.0,0.055263079702854156,0,74.06495852103613,,47,control
1343,659.0,2418.0,789.7758760137596,2547.6580154286603,0.06467781960964203,0,184.32074958931355,3.6078850789539554,47,control
1344,707.0,2443.0,636.1780730133669,2447.22895126189,0.07539541274309158,0,70.59630987770878,1.4524577549353326,47,control
1345,745.0,2496.0,723.0,2525.0,0.06079714372754097,0,36.57883460275845,,47,control
1346,819.0,2452.0,752.9185911336963,2499.2939748969325,0.07652949541807175,0,81.44818705258095,1.891529842634831,47,control
1347,715.0,2526.0,688.1005212746262,2532.120351759464,0.06433223187923431,0,27.46607077745821,0.6067493179391218,47,control
1348,201.0,2652.0,307.24400062885286,2748.787403726531,0.059773173183202744,0,144.45672034472767,2.5931041041977476,48,check
1349,90.0,2699.0,127.0,2573.0,0.05114109441637993,0,132.23731213002634,,48,control
1350,105.0,2698.0,251.0,2651.0,0.06359690427780151,0,154.81310109725092,,48,control
1351,20.0,2705.0,24.0,2918.0,0.0726480484008789,0,212.47822472450113,,48,control
1352,94.0,2642.0,120.0,2728.0,0.07827630639076233,0,89.93870267665126,,48,control
1353,55.0,2662.0,90.0,2742.0,0.058746736496686935,0,87.63190714019402,,48,check
1354,22.0,2802.0,21.0,2653.0,0.05942565202713013,0,149.55820605840435,,48,check
1355,214.0,2803.0,96.67638214876915,2554.842940297738,0.08785790205001831,0,274.0907635636083,1.05765262323202,48,control
1356,30.0,2766.0,40.0,2920.0,0.0571451410651207,0,153.87536124443918,,48,control
1357,63.0,2690.0,245.0,2916.0,0.05575323477387428,0,290.7376706648161,,48,check
1358,40.0,2713.0,49.0,2886.0,0.07605955749750137,0,172.77489938174517,,48,check
1359,22.0,2625.0,28.0,2903.0,0.09777562320232391,0,277.51638356333456,,48,control
1360,22.0,2625.0,21.0,2653.0,0.06648528575897217,0,27.46723110377663,,48,control
1361,209.0,2604.0,138.0,2747.0,0.06181057542562485,0,158.50904611505663,,48,check
1362,153.0,2673.0,289.45983410061336,2712.1140864687386,0.059983860701322556,0,143.11470763491036,0.8292777468809266,48,control
1363,32.0,2743.0,31.922850376302932,2650.161714946678,0.0629633441567421,0,93.40027393598534,1.1919641068608853,48,control
1364,182.0,2760.0,127.0,2573.0,0.057108890265226364,0,194.8176733484928,,48,control
1365,62.0,2702.0,248.0,2782.0,0.051977016031742096,0,203.6121848464977,,48,control
1366,32.0,2629.0,28.0,2903.0,0.0827115997672081,0,273.409411726553,,48,check
1367,202.0,2770.0,195.0,2878.0,0.06033076345920563,0,107.74115091134918,,48,control
1368,28.0,2721.0,35.0,2595.0,0.06295168399810791,0,126.85049950763063,,48,control
1369,183.0,2749.0,181.0,2753.0,0.05634771287441254,0,3.634357046883369,,48,control
1370,217.0,2630.0,208.0,2808.0,0.050547633320093155,0,177.78894069869506,,48,control
1371,29.0,2684.0,42.0,2731.0,0.10136914253234863,0,48.81411724355833,,48,control
1372,29.0,2684.0,39.0,2846.0,0.055623069405555725,0,161.868940761335,,48,check
1373,116.0,2725.0,317.0,2792.0,0.082818403840065,0,212.90510375139993,,48,control
1374,28.0,2794.0,26.0,2728.0,0.07681088894605637,0,66.5640765874313,,48,control
1375,197.0,2698.0,195.0,2701.0,0.08314823359251022,1,2.6736512722840127,,48,control
1376,19.0,2674.0,19.0,2663.0,0.05041871592402458,0,11.745804228040058,,48,control
1377,149.0,2698.0,54.0,2618.0,0.09580491483211517,0,123.0044506148473,,48,control
1378,169.0,2647.0,99.29011121774114,2528.884398151672,0.061290107667446136,0,136.57422757516196,1.6746829605867342,48,control
1379,25.0,2665.0,26.0,2728.0,0.06324205547571182,0,62.510062402952975,,48,control
1380,73.0,2749.0,39.0,2846.0,0.0513160303235054,0,101.60998762263287,,48,control
1381,28.0,2648.0,31.0,2627.0,0.06421855837106705,0,22.1252998967214,,48,control
1382,185.0,2725.0,116.06317713765256,2627.397419044089,0.11372635513544083,0,118.81535041520128,1.539240122257724,48,control
1383,215.0,2704.0,102.0,2704.0,0.05072855204343796,0,111.17094457121081,,48,control
1384,198.0,2718.0,192.0,2721.0,0.05661865696310997,0,5.159910114090996,,48,control
1385,137.0,2798.0,261.2705987786393,2796.470317385976,0.06267527490854263,0,125.61306395141848,1.7860843375586903,48,control
1386,53.0,2720.0,63.0,2691.0,0.0640225037932396,0,31.84071774179197,,48,control
1387,23.0,2655.0,25.0,2941.0,0.17163263261318207,0,285.4180643893863,,48,control
1388,376.0,2706.0,470.0,2817.0,0.06436391919851303,0,145.8622852052788,,49,control
1389,366.0,2659.0,123.0,2799.0,0.05333926901221275,0,278.71047295163595,,49,control
1390,387.0,2731.0,436.0,2738.0,0.050423722714185715,0,50.316533844442716,,49,check
1391,321.0,2668.0,208.13898518570986,2660.644718834594,0.05108102411031723,0,111.59063360520075,5.504812542210495,49,control
1392,334.0,2728.0,385.0,2911.0,0.05248021334409714,0,190.0440321518116,,49,control
1393,297.0,2783.0,542.0,2700.0,0.07657473534345627,0,259.1806615060505,,49,control
1394,404.0,2738.0,539.0,2612.0,0.052292272448539734,0,185.0573517438702,,49,control
1395,404.0,2738.0,472.0,2590.0,0.057980846613645554,0,163.2235799907584,,49,control
1396,314.0,2798.0,197.0454098469804,2603.028058750126,0.06408730894327164,0,226.83862947925593,1.2895166417531951,49,control
1397,222.0,2746.0,110.0,2721.0,0.0539790578186512,0,113.10386112124212,,49,check
1398,291.0,2671.0,461.0,2596.0,0.05190454423427582,0,186.5736994289499,,49,control
1399,385.0,2634.0,151.0,2778.0,0.05951468273997307,0,273.12065505833607,,49,control
1400,273.0,2738.0,320.9734002252889,2709.371558276507,0.09658727049827576,0,56.99963577435261,1.1216155712657803,49,control
1401,363.0,2812.0,284.0,2842.0,0.12474669516086578,0,83.23773635643558,,49,control
1402,294.0,2804.0,480.2830672113678,2757.951683373501,0.05259627476334572,0,192.5833295221022,0.9180813147054355,49,control
1403,294.0,2804.0,204.0,2730.0,0.050296660512685776,0,115.5750339811694,,49,control
1404,395.0,2711.0,510.0,2905.0,0.053359825164079666,0,225.7748559257834,,49,control
1405,286.0,2656.0,334.0,2558.0,0.05338004603981972,0,109.81405374314892,,49,control
1406,235.0,2683.0,387.86388290309,2806.211438472871,0.055277928709983826,0,196.98093556198762,1.9208831238494233,49,control
1407,298.0,2625.0,276.0,2508.0,0.05014276131987572,0,119.02614371128482,,49,control
1408,434.0,2803.0,109.0,2531.0,0.09513064473867416,0,422.6419080663195,,49,check
1409,221.0,2783.0,474.0,2623.0,0.054044436663389206,0,300.01358896946084,,49,check
1410,650.0,2614.0,672.0,2685.0,0.05517909303307533,0,74.56422506829686,,50,control
1411,526.0,2792.0,612.0,2546.0,0.051270775496959686,0,260.5878312887196,,50,control
1412,558.0,2728.0,632.0,2468.0,0.054300837218761444,0,270.2433520150747,,50,control
1413,578.0,2680.0,637.0,2738.0,0.07058481872081757,0,83.01290096306036,,50,control
1414,615.0,2762.0,752.0,2516.0,0.0507594496011734,0,281.29642462186234,,50,check
1415,643.0,2785.0,626.0,2551.0,0.050105929374694824,0,234.42485278921438,,50,control
1416,498.0,2805.0,721.0,2831.0,0.0631408542394638,0,224.50721907378812,,50,control
1417,445.0,2784.0,305.0,2486.0,0.05846530944108963,0,328.86220041158447,,50,control
1418,445.0,2784.0,713.0,2530.0,0.05020594596862793,0,369.13438300625046,,50,control
1419,22.0,2912.0,24.0,2918.0,0.11614399403333664,0,6.701793586773312,,52,control
1420,38.0,3018.0,30.0,2836.0,0.11886719614267349,0,182.68074631273393,,52,check
1421,210.0,3004.0,206.0,2998.0,0.12597708404064178,0,6.913663551065197,,52,control
1422,26.0,3014.0,25.0,2941.0,0.23273418843746185,0,73.61581497535857,,52,control
1423,119.0,2930.0,285.8944141706839,2691.7318371564106,0.10539158433675766,0,291.8595150200279,3.780772126416033,52,control
1424,356.0,2828.0,488.0918038579499,2736.9608016012853,0.0593191534280777,0,161.0103688344061,0.7348079035924043,53,control
1425,371.0,2931.0,343.0506754173975,3057.8705002327447,0.07147522270679474,0,129.443065029367,1.2329986097770136,53,control
1426,279.0,2855.0,306.0,2722.0,0.07273352891206741,0,136.1959528623858,,53,control
1427,328.0,2840.0,551.1737683611217,2715.4817344122916,0.05343906953930855,0,255.9853429030069,0.9773603516449437,53,control
1428,334.0,2951.0,311.0,2819.0,0.05283385142683983,0,134.04200696880147,,53,check
1429,316.0,2949.0,148.0,3038.0,0.09672786295413971,0,188.5041658957729,,53,control
1430,237.0,2895.0,507.0,2807.0,0.08881738781929016,0,284.5627156070647,,53,control
1431,384.0,3000.0,511.0,2953.0,0.06375634670257568,0,135.94082352059928,,53,check
1432,384.0,3000.0,451.0,2800.0,0.0665113776922226,0,211.25362054768246,,53,control
1433,279.0,2830.0,538.3991805559183,2753.5696944305932,0.06570947170257568,0,270.9309519725395,1.1104998993523074,53,control
1434,421.0,2878.0,378.0,2716.0,0.06680534034967422,0,167.50080988596335,,53,control
1435,328.0,2942.0,162.0,3028.0,0.06200696900486946,0,185.37898780384734,,53,control
1436,410.0,2957.0,240.0,2956.0,0.0749470591545105,0,168.6747279619124,,53,check
1437,384.0,2937.0,174.0,3143.0,0.0503765232861042,0,292.7980687475076,,53,control
1438,334.0,2959.0,163.25080924997653,3038.240493146217,0.09420941770076752,0,186.65998331781523,1.0342761212413407,53,control
1439,311.0,2971.0,145.0,2804.0,0.051559291779994965,0,234.61125322941712,,53,control
1440,301.0,2854.0,431.0,2720.0,0.06062082201242447,0,187.36569765513374,,53,control
1441,293.0,2881.0,135.57041166063505,3025.300003448978,0.07354046404361725,0,212.0340568943958,0.72403603932751,53,control
1442,333.0,2967.0,428.0,2819.0,0.06797579675912857,0,176.41665659470118,,53,control
1443,276.0,2952.0,253.0,3020.0,0.08269916474819183,0,71.04321123100206,,53,control
1444,223.0,2896.0,322.0,3025.0,0.05238112062215805,0,163.03657013552234,,53,check
1445,316.0,2958.0,148.0,3038.0,0.10509655624628067,0,184.44943186752374,,53,check
1446,292.0,2891.0,433.9859889759045,2922.2330183511654,0.05626101419329643,0,146.1104226478059,3.6332844904836605,53,control
1447,296.0,2977.0,445.0,2934.0,0.05349678173661232,0,155.82493655800033,,53,control
1448,283.0,3015.0,555.0,2958.0,0.05861426144838333,0,278.3080700190017,,53,control
1449,272.0,2945.0,253.0,3002.0,0.06521856039762497,0,59.350103046234345,,53,control
1450,596.0,2892.0,617.9316005375771,2922.1607320008006,0.07141556590795517,0,37.496846334817185,4.759453969598339,54,control
1451,441.0,2971.0,583.0,2935.0,0.09444273263216019,0,146.80823890298865,,54,control
1452,624.0,2954.0,626.5637776431612,2957.722082483795,0.0862385481595993,0,4.7023971485451455,2.1633185786839864,54,control
1453,646.0,2872.0,399.7146192547045,2833.2676248908,0.07358239591121674,0,248.4374316356321,1.1373970319169697,54,control
1454,460.0,2889.0,462.27357406094586,2873.341526600909,0.06314156204462051,0,16.028536392386272,1.9689066806384221,54,control
1455,526.0,2891.0,477.0,2719.0,0.05496450886130333,0,178.68456663043514,,54,check
1456,513.0,2926.0,549.1133232466702,3118.3914198607667,0.052513789385557175,0,195.77975697835376,1.5628919700206163,54,control
1457,481.0,2965.0,585.0,2827.0,0.057929493486881256,0,172.97418162146346,,54,control
1458,529.0,2980.0,339.0,2717.0,0.07495298236608505,0,323.9525884848023,,54,check
1459,436.0,2892.0,602.136833753708,2924.7885632341477,0.08609101176261902,0,169.6312350733929,3.7884054204998794,54,control
1460,473.0,2977.0,423.895768870704,2829.6878645988936,0.05270140618085861,0,155.13558040169414,1.4083496940776499,54,control
1461,568.0,2928.0,749.9813957346428,2971.2505439118845,0.053003061562776566,0,186.93966751453152,0.5752668835509467,54,control
1462,607.0,3030.0,692.0,2861.0,0.057506293058395386,0,189.03222953433465,,54,control
1463,442.0,2834.0,576.0,3166.0,0.0605054572224617,0,358.1053529272395,,54,control
1464,584.0,2925.0,435.0,2934.0,0.051360681653022766,0,148.49626458177025,,54,control
1465,550.0,2940.0,521.4669499325643,3085.4184697103306,0.05232212319970131,0,148.03976791930046,1.0889500647190093,54,control
1466,450.0,2946.0,459.0,3063.0,0.05409321188926697,0,117.26491895460593,,54,control
1467,598.0,2964.0,600.0,2964.0,0.09014541655778885,1,2.2751521216947874,,54,control
1468,459.0,2878.0,408.0,2945.0,0.07038886845111847,0,83.56011471648446,,54,control
1469,451.0,2867.0,449.0,2857.0,0.054547879844903946,0,10.1777366604222,,54,check
1470,567.0,2974.0,744.0,2816.0,0.06055176258087158,0,237.02861234734567,,54,check
1471,552.0,3022.0,626.0,3167.0,0.10638124495744705,0,162.881112753037,,54,control
1472,642.0,2914.0,637.8633625544236,2912.8315902764384,0.05995088070631027,0,4.093855493653951,2.4608618178762436,54,control
1473,536.0,2851.0,591.0,2981.0,0.050590407103300095,0,141.3049532202067,,54,control
1474,820.0,3030.0,795.2897962166472,3090.829678618,0.06593293696641922,0,66.01922754042445,2.7262950064178537,55,control
1475,666.0,2914.0,655.572956874485,2919.016961858887,0.05503123253583908,0,11.510147643793738,2.0930542422425824,55,control
1476,719.0,2882.0,613.0,2880.0,0.06324242055416107,0,105.74896752780839,,55,control
1477,729.0,2961.0,810.0,3121.0,0.06670893728733063,0,179.38820919143774,,55,control
1478,698.0,2868.0,597.0,2859.0,0.059443794190883636,0,101.07216122153864,,55,control
1479,681.0,2880.0,585.0,2876.0,0.07270471006631851,0,95.72961908149203,,55,check
1480,792.0,3004.0,833.3375528014927,2988.8029282755265,0.09291716665029526,0,43.542059774474616,3.4955126456048977,55,control
1481,792.0,3004.0,792.0,3000.0,0.06070877984166145,0,3.7465556668748152,,55,control
1482,659.0,2997.0,578.0,2868.0,0.05144788697361946,0,152.08425961294466,,55,check
1483,802.0,2983.0,762.8022324457759,3112.8412987776665,0.0631275475025177,0,135.90315741802797,1.8572430210347524,55,control
1484,785.0,3006.0,783.4087296967552,3005.8287775671424,0.08002547919750214,1,1.8709547751927686,1.606006548481302,55,control
1485,763.0,2975.0,554.0,2934.0,0.07085641473531723,0,212.5701610774827,,55,control
1486,787.0,3034.0,577.0,3120.0,0.06232067197561264,0,226.66261827666312,,55,check
1487,676.0,2986.0,587.0,3090.0,0.12244612723588943,0,136.71848265346102,,55,control
1488,764.0,2990.0,800.0,2978.0,0.06022217124700546,0,37.55973924027685,,55,control
1489,720.0,3014.0,736.9631460904264,2711.6213651332155,0.062394749373197556,0,302.5909801625998,1.4753540733455304,55,control
1490,720.0,3014.0,718.7181138036816,3013.7792401659935,0.08705557882785797,1,1.3741540408979915,0.28459904665314395,55,check
1491,721.0,2896.0,676.0,2988.0,0.07953192293643951,0,102.5171345201929,,55,control
1492,668.0,2974.0,557.0,2948.0,0.05125518515706062,0,113.60766281308133,,55,control
1493,677.0,2901.0,554.0,2934.0,0.082713782787323,0,126.9448142564688,,55,control
1494,656.0,2931.0,655.02463877766,2930.6974669574356,0.07953768223524094,1,0.8682116980794037,0.9243733539365797,55,control
1495,711.0,2954.0,747.8180334888725,2971.99912148979,0.053596656769514084,0,40.93521199221195,1.476796102629217,55,control
1496,761.0,2901.0,545.0,2813.0,0.06187824159860611,0,232.77477361913841,,55,control
1497,677.0,2942.0,801.0,2805.0,0.05094176530838013,0,184.379148306894,,55,control
1498,744.0,2935.0,686.0,2976.0,0.05379313603043556,0,71.09859919206673,,55,control
1499,773.0,2965.0,654.0,2778.0,0.0710877999663353,0,221.42416600157995,,55,check
1500,656.0,2833.0,809.0,2834.0,0.05325346812605858,0,152.71815361796325,,55,control
1501,175.0,3099.0,274.81700970483644,3168.028879612983,0.11064127832651138,0,122.09996964784357,0.7255973009606038,56,control
1502,106.0,3158.0,308.0,3065.0,0.12553636729717255,0,223.49970929911396,,56,check
1503,38.0,3048.0,42.93830313077905,3294.2192653013094,0.10627131164073944,0,245.6489896080226,1.0066148024072334,56,control
1504,26.0,3152.0,27.0,3307.0,0.11897777020931244,0,154.34254883790274,,56,control
1505,22.0,3044.0,22.0,3118.0,0.13015097379684448,0,73.37505077000978,,56,control
1506,113.0,3147.0,135.0,3027.0,0.10136999934911728,0,122.79151715035881,,56,control
1507,26.0,3035.0,25.0,2941.0,0.2626931369304657,0,94.61440978082622,,56,control
1508,159.0,3112.0,156.77428230289004,3110.887327875958,0.14781849086284637,1,1.7551240718962025,1.0124324990019133,56,control
1509,37.0,3104.0,52.0,3279.0,0.10357790440320969,0,175.1550435726241,,56,control
1510,317.0,3169.0,367.0,3073.0,0.05168216675519943,0,108.8793385215242,,57,control
1511,413.0,3155.0,200.0,2990.0,0.05954384058713913,0,268.5565932019004,,57,control
1512,331.0,3141.0,115.0,3261.0,0.06722338497638702,0,245.43565761398517,,57,control
1513,232.0,3186.0,288.0,3194.0,0.06544267386198044,0,57.60925811371413,,57,control
1514,410.0,3045.0,155.0,3085.0,0.05318165570497513,0,256.53047696659,,57,control
1515,398.0,3158.0,175.0,3070.0,0.07526463270187378,0,238.53256348888283,,57,check
1516,331.0,3041.0,196.0,2958.0,0.0749162808060646,0,157.4527277853029,,57,check
1517,331.0,3081.0,195.0,3028.0,0.05308251455426216,0,144.78454781470197,,57,control
1518,379.0,3234.0,355.0,3204.0,0.07830417901277542,0,38.08698237594989,,57,check
1519,382.0,3082.0,262.99310534692256,3270.0707578010547,0.06669708341360092,0,221.60982488602926,2.728933133367162,57,control
1520,400.0,3191.0,531.2607435925602,2983.9804362158116,0.05392102897167206,0,245.4040643417015,2.1789028186827677,57,control
1521,262.0,3044.0,498.0,2940.0,0.05611421912908554,0,258.45696311115813,,57,control
1522,390.0,3245.0,526.1002743063317,2931.3401586332425,0.06548180431127548,0,342.1409507308153,1.688874835964216,57,control
1523,236.0,3078.0,227.0632209223664,3078.3313677798947,0.06939040869474411,0,7.61488074501622,1.0704119636308753,57,check
1524,244.0,3196.0,123.89803382873298,3256.579077058762,0.05028923228383064,0,132.87304425919214,0.8219537269340663,57,control
1525,253.0,3170.0,286.63776834146086,3167.109014715507,0.06558778136968613,0,34.90322342593413,1.0551997694920396,57,control
1526,253.0,3170.0,361.11564998856744,3064.4182074282494,0.09387457370758057,0,151.95956223156728,2.9955642597089316,57,control
1527,301.0,3132.0,119.1216058037051,3023.4411886738967,0.06251639872789383,0,210.65797009558946,3.446009034599712,57,control
1528,252.0,3112.0,477.13115177828183,3173.6902693344687,0.05290570482611656,0,233.92968736876318,0.6276099211977371,57,control
1529,272.0,3108.0,197.0,3225.0,0.05443572625517845,0,137.85136112394107,,57,control
1530,367.0,3245.0,313.0,3214.0,0.05137381702661514,0,61.55245142294294,,57,control
1531,229.0,3097.0,123.92837512071571,3257.4993271836693,0.06758610904216766,0,190.51458271996896,0.6516915274202355,57,check
1532,229.0,3097.0,224.0,3100.0,0.07373581826686859,0,4.496273503032275,,57,control
1533,420.0,3041.0,269.8727364689543,3128.8010950980693,0.05785917118191719,0,172.71638663438466,0.7585294615135306,57,control
1534,399.0,3177.0,212.0,2973.0,0.05391109362244606,0,276.0875233270805,,57,control
1535,230.0,3089.0,227.0,3088.0,0.07765106111764908,1,2.191890023064242,,57,control
1536,261.0,3105.0,371.0,3352.0,0.05161413177847862,0,270.4433386140149,,57,control
1537,352.0,3105.0,530.0,3374.0,0.11054748296737671,0,322.64285293154666,,57,control
1538,650.0,3244.0,626.0,3019.0,0.05448213219642639,0,226.18843612530418,,58,control
1539,650.0,3244.0,638.5715114349156,3236.510304749238,0.06221703067421913,0,13.593859574826267,1.6467553355015465,58,control
1540,612.0,3211.0,750.0,3251.0,0.05433017387986183,0,143.46400121507835,,58,control
1541,610.0,3183.0,641.819950158281,3294.7900615921667,0.051893170922994614,0,116.26720858254777,1.5771455877896468,58,control
1542,610.0,3183.0,751.0,3003.0,0.0597529336810112,0,228.36697713432056,,58,control
1543,530.0,3042.0,577.1529814605003,2967.1011302397155,0.05547771230340004,0,88.66722979031186,1.2555681148298075,58,control
1544,530.0,3042.0,627.0,2969.0,0.052791159600019455,0,121.5062989216703,,58,control
1545,476.0,3097.0,472.28735603231206,3098.6488878432133,0.05101090297102928,0,3.468302317580426,0.9998235252000008,58,control
1546,497.0,3039.0,728.4251264561063,3139.1920980387363,0.05447665974497795,0,252.093683419796,2.8976902384853367,58,control
1547,501.0,3099.0,406.29276091817735,3297.9314382688285,0.06522069126367569,0,219.79961855187824,0.7397637792858125,58,check
1548,606.0,3130.0,705.7634428692327,2957.611708952642,0.050329528748989105,0,199.00713801768657,1.8591599555894793,58,control
1549,460.0,3090.0,327.0,3377.0,0.07922214269638062,0,315.6165677206972,,58,check
1550,477.0,3139.0,651.0,3102.0,0.05262250080704689,0,177.94500557975633,,58,control
1551,530.0,3191.0,707.4022318284694,3254.680963068979,0.09344019740819931,0,188.38339390530365,1.3188288237733679,58,control
1552,643.0,3115.0,637.0,3008.0,0.0571347214281559,0,107.07537774888026,,58,control
1553,572.0,3101.0,516.0,3257.0,0.06339899450540543,0,165.5080467726869,,58,control
1554,638.0,3094.0,388.66280760923974,3181.131268057999,0.06340498477220535,0,263.2789961051945,0.9117728331204079,58,control
1555,543.0,3236.0,648.0,2975.0,0.059205081313848495,0,281.2809264863473,,58,control
1556,482.0,3078.0,677.1421119891659,3345.671014620675,0.07175740599632263,0,331.2452244109654,0.427309396499416,58,control
1557,574.0,3186.0,346.1781711674327,3009.539028017183,0.05397038534283638,0,287.5338979875663,1.076286612404287,58,control
1558,527.0,3151.0,348.0,3148.0,0.05234066769480705,0,178.0881532487008,,58,check
1559,638.0,3210.0,640.0,3214.0,0.0690988078713417,0,4.54080145144929,,58,check
1560,484.0,3111.0,723.0,3032.0,0.05690732225775719,0,251.55650965984248,,58,check
1561,633.0,3173.0,591.0,2981.0,0.056234437972307205,0,196.44123546914454,,58,control
1562,512.0,3184.0,471.85431793095216,2961.9023429564363,0.05127353221178055,0,225.67744288091737,1.0933900856573355,58,control
1563,494.0,3055.0,656.0,3193.0,0.0702991932630539,0,212.8721503987199,,58,control
1564,494.0,3055.0,510.4529484072493,3231.681495489427,0.06076285243034363,0,177.37895666119627,1.854528614897996,58,control
1565,497.0,3208.0,379.0,3246.0,0.06346425414085388,0,123.11202161475461,,58,control
1566,570.0,3248.0,563.1284139654891,3150.5692458178255,0.06100372597575188,0,97.68178738274746,0.8419402580905192,58,control
1567,582.0,3086.0,720.0,3013.0,0.05600695312023163,0,155.95061111639532,,58,control
1568,556.0,3228.0,353.0,3295.0,0.05019712820649147,0,212.84799953678694,,58,control
1569,556.0,3228.0,435.0,2934.0,0.07918737083673477,0,317.7581279550577,,58,check
1570,535.0,3235.0,648.0,2975.0,0.05116402730345726,0,283.4506089690569,,58,control
1571,834.0,3138.0,780.0,3327.0,0.061320070177316666,0,196.84690767406252,,59,control
1572,817.0,3155.0,816.6772809073225,3154.3586111995046,0.09606814384460449,1,0.8442447032664243,1.6773822125971183,59,control
1573,731.0,3241.0,750.0,3251.0,0.06568759679794312,0,21.307771337294664,,59,control
1574,731.0,3241.0,733.0,3243.0,0.13015396893024445,1,2.788553591823165,,59,control
1575,745.0,3107.0,649.0,3371.0,0.07239245623350143,0,280.94231488119124,,59,control
1576,743.0,3191.0,767.8676672066688,3161.5788071260367,0.06459170579910278,0,38.178967767465394,1.7915419721822563,59,check
1577,690.0,3148.0,721.0816700409745,3012.5907025451274,0.0794360488653183,0,138.73250857853563,0.550004725952693,59,control
1578,749.0,3228.0,747.9080061664389,3227.439049840083,0.08882942795753479,1,1.4062339966234987,0.3239154111312961,59,control
1579,664.0,3240.0,666.8962564747726,3241.228245899382,0.10669197142124176,0,3.150272268663586,1.1905397987786084,59,control
1580,670.0,3105.0,591.0,3264.0,0.06086644530296326,0,177.44158662216404,,59,check
1581,762.0,3214.0,671.6543339945978,3276.7419085500646,0.11369618028402328,0,110.07823415585844,3.1274916100584735,59,control
1582,669.0,3120.0,815.6269459046896,3012.5039039603676,0.0505608506500721,0,181.33624062301556,4.136494665043559,59,control
1583,669.0,3156.0,773.1847819390894,2997.3074895143536,0.05336941406130791,0,189.49767253252801,1.0681026026589968,59,control
1584,685.0,3234.0,685.1704701202761,3239.5902726476847,0.07361659407615662,0,5.683170313764662,0.48694791944916044,59,control
1585,747.0,3161.0,706.0,3255.0,0.054437294602394104,0,102.71440504734458,,59,control
1586,757.0,3049.0,761.1702869365249,3054.3351613167647,0.055753353983163834,0,6.808867948520248,1.3668390981615683,59,check
1587,712.0,3216.0,746.0,2947.0,0.051002878695726395,0,270.90031781862064,,59,control
1588,746.0,3083.0,743.0,3084.0,0.06300672143697739,0,3.4045278064604427,,59,check
1589,761.0,3149.0,763.362893406918,3154.9815027637273,0.05704433098435402,0,6.524540851239575,0.6982665785871963,59,control
1590,706.0,3060.0,611.0,3223.0,0.06085347756743431,0,188.59963231062224,,59,control
1591,819.0,3121.0,710.0,3156.0,0.05213373526930809,0,114.6380223983433,,59,control
1592,690.0,3189.0,583.0,2935.0,0.05380837619304657,0,275.4531263255161,,59,control
1593,721.0,3172.0,594.0,3074.0,0.07495661079883575,0,160.2039885909179,,59,control
1594,749.0,3127.0,564.0,3151.0,0.05113403871655464,0,186.24002775411043,,59,check
1595,734.0,3064.0,673.5949538255647,3318.75186806305,0.07019925862550735,0,261.8933654800935,3.028766712654942,59,control
1596,695.0,3139.0,720.0,2997.0,0.07414115220308304,0,143.98839347899855,,59,control
1597,794.0,3191.0,693.0836120404645,3172.4616624553214,0.06333614140748978,0,102.65977026456609,0.7411382438844509,59,control
1598,687.0,3133.0,576.0,3144.0,0.05551329627633095,0,111.26711342319999,,59,control
1599,773.0,3227.0,774.0,3229.0,0.0849531814455986,1,2.295575572226613,,59,control
1600,193.0,3427.0,303.0,3164.0,0.05732547491788864,0,285.79876085948956,,60,control
1601,193.0,3427.0,217.34366384696867,3444.1970844961743,0.06381691992282867,0,30.53136970836742,5.180923443611138,60,control
1602,208.0,3400.0,280.2718758634902,3403.240757340959,0.06855817139148712,0,73.3698841007922,1.2941550902126495,60,control
1603,208.0,3400.0,117.1975511665355,3450.739090719712,0.0541641004383564,0,102.40869204650265,2.872682301226195,60,check
1604,109.0,3339.0,128.48610512719384,3417.908356618478,0.0660865530371666,0,81.07772108755502,1.684365998384321,60,control
1605,119.0,3290.0,155.0,3567.0,0.059562262147665024,0,278.92255643325836,,60,control
1606,124.0,3382.0,43.177191711039264,3200.708820804057,0.07854237407445908,0,198.34883638783833,0.5483914028472759,60,control
1607,179.0,3306.0,265.0,3527.0,0.06561336666345596,0,237.10095493514328,,60,control
1608,24.0,3417.0,25.0,3591.0,0.05826960504055023,0,173.27677034735038,,60,control
1609,59.0,3387.0,110.30712656341369,3334.8186972271096,0.06331586092710495,0,74.70418888545869,1.2260255749017235,60,control
1610,152.0,3400.0,68.87972565049776,3437.7053793005734,0.06435052305459976,0,89.49763348222396,1.2389109747605787,60,control
1611,50.0,3276.0,53.07156155408056,3278.300623296787,0.09505270421504974,0,5.10235072766339,4.749834872265918,60,control
1612,161.0,3286.0,291.0,3571.0,0.05484938994050026,0,313.25075252820926,,60,control
1613,27.0,3347.0,26.0,3299.0,0.05327422916889191,0,48.68974491026781,,60,control
1614,198.0,3348.0,60.0,3432.0,0.058416858315467834,0,159.77393058989966,,60,control
1615,24.0,3279.0,26.0,3299.0,0.11134263873100281,0,19.692672941755436,,60,control
1616,66.0,3410.0,68.0,3340.0,0.0523628368973732,0,70.73888089126159,,60,control
1617,209.0,3438.0,248.0,3460.0,0.0687708929181099,0,45.53366368827166,,60,check
1618,60.0,3302.0,288.0,3476.0,0.06729651987552643,0,287.34846584112836,,60,control
1619,40.0,3330.0,52.0,3279.0,0.06951730698347092,0,53.44957903814362,,60,control
1620,195.0,3265.0,92.0,3442.0,0.09491460025310516,0,203.44618573858608,,60,check
1621,170.0,3360.0,261.0,3235.0,0.05689208582043648,0,155.62349787595176,,60,control
1622,175.0,3386.0,335.0,3169.0,0.0554388128221035,0,270.42660319335664,,60,control
1623,122.0,3318.0,268.87711286318785,3442.038926758971,0.0555574893951416,0,192.78170157040427,0.9148054479315519,60,control
1624,35.0,3461.0,44.0,3294.0,0.07931651920080185,0,168.00680797629215,,60,control
1625,35.0,3461.0,52.0,3279.0,0.0587967149913311,0,183.60921873767785,,60,control
1626,34.0,3392.0,34.0,3462.0,0.08802434802055359,0,69.3145384092512,,60,control
1627,163.0,3454.0,263.772568733473,3202.061578511879,0.05956107750535011,0,272.1401252584652,3.158112312358532,60,check
1628,176.0,3446.0,293.896348296318,3480.5183177027207,0.0516066700220108,0,123.6671126645697,2.9517367028405874,60,check
1629,101.0,3391.0,131.0,3417.0,0.06776996701955795,0,40.45428923324722,,60,check
1630,129.0,3397.0,143.0,3243.0,0.11882758140563965,0,155.31169462541519,,60,control
1631,90.0,3447.0,111.0,3248.0,0.05471179261803627,0,200.84906063103713,,60,control
1632,50.0,3353.0,52.0,3279.0,0.05377868190407753,0,74.7430402546767,,60,control
1633,190.0,3372.0,56.0,3183.0,0.0508853979408741,0,231.16782568498138,,60,control
1634,48.0,3459.0,52.0,3279.0,0.08600666373968124,0,180.74024290324363,,60,control
1635,24.0,3465.0,27.0,3284.0,0.14166627824306488,0,181.74263107160587,,60,control
1636,200.0,3385.0,161.0,3163.0,0.06577310711145401,0,225.63905740518666,,60,check
1637,415.0,3462.0,421.52124492442164,3462.2551561933087,0.08068240433931351,0,7.129037001578707,0.9681805125552505,61,control
1638,337.0,3374.0,133.0,3526.0,0.08391080796718597,0,252.89454591684876,,61,control
1639,231.0,3383.0,243.88436430139802,3215.567330539707,0.0618845671415329,0,168.43765013803358,0.6070644987158405,61,check
1640,376.0,3462.0,398.7312703968665,3372.1705855767423,0.07221931964159012,0,93.09536475324026,0.8441254087910972,61,control
1641,363.0,3269.0,463.0,3505.0,0.05706439167261124,0,256.2937280781206,,61,control
1642,399.0,3435.0,398.0,3437.0,0.15395450592041016,1,1.747345769847172,,61,check
1643,429.0,3455.0,430.27287323544886,3458.391537273776,0.07804308831691742,0,3.6506710136933074,0.8081636938691958,61,control
1644,374.0,3387.0,106.0,3277.0,0.062408704310655594,0,288.4398704904968,,61,check
1645,317.0,3262.0,428.0,3464.0,0.05753440037369728,0,230.55191934158762,,61,check
1646,382.0,3422.0,379.0,3426.0,0.060567256063222885,0,4.331881322277888,,61,control
1647,269.0,3293.0,446.3243001385064,3400.372066449289,0.06632820516824722,0,207.66427204372164,1.708624744134921,61,control
1648,248.0,3334.0,350.8669516318667,3540.3182475551903,0.057235438376665115,0,230.57257859213993,1.5286136514951914,61,control
1649,413.0,3352.0,448.0,3501.0,0.06610100716352463,0,152.94421144147302,,61,control
1650,266.0,3457.0,373.0,3447.0,0.08052918314933777,0,108.24782406270532,,61,control
1651,280.0,3451.0,322.39457510895545,3422.872242363161,0.05321136862039566,0,51.84006643228112,1.862034037593635,61,control
1652,433.0,3438.0,433.2890637285483,3439.779664531095,0.10891719162464142,1,1.7682178450355401,1.1153979307092465,61,control
1653,369.0,3294.0,469.0,3552.0,0.05850604921579361,0,276.65182243481667,,61,control
1654,357.0,3357.0,366.0,3481.0,0.05391265079379082,0,124.05753799252088,,61,control
1655,361.0,3414.0,530.0,3361.0,0.07106256484985352,0,177.46323266746316,,61,control
1656,315.0,3436.0,125.0,3257.0,0.06591238081455231,0,260.2956857838406,,61,control
1657,259.0,3415.0,549.0,3158.0,0.07904639840126038,0,387.78490723542313,,61,check
1658,351.0,3321.0,351.55998229946636,3323.2602319907683,0.05150048807263374,1,2.4145299032445777,1.163123182441551,61,control
1659,431.0,3326.0,530.0,3374.0,0.06850337982177734,0,110.26415924522775,,61,control
1660,405.0,3256.0,435.0,3392.0,0.052579913288354874,0,139.1755803466959,,61,control
1661,277.0,3422.0,115.0,3261.0,0.05011912062764168,0,227.68351326885227,,61,control
1662,397.0,3253.0,379.7739329322736,3503.0476133822935,0.11185268312692642,0,250.27699429719274,4.075559236326124,61,control
1663,352.0,3330.0,496.0,3355.0,0.058635953813791275,0,146.5526544636026,,61,control
1664,458.0,3427.0,530.0,3374.0,0.10935702919960022,0,89.73282193806149,,62,check
1665,590.0,3360.0,514.0,3549.0,0.10760969668626785,0,203.4368272368106,,62,control
1666,543.0,3332.0,403.0760439762358,3499.933011076865,0.09709644317626953,0,217.9511393701457,1.1483456678814286,62,control
1667,605.0,3359.0,632.0,3261.0,0.08944880217313766,0,101.64428276311277,,62,control
1668,453.0,3302.0,377.01374659957537,3385.9912480786797,0.08467821776866913,0,112.53023571736199,2.0702994250211426,62,control
1669,537.0,3456.0,451.0,3510.0,0.08273502439260483,0,100.99675071415514,,62,control
1670,536.0,3276.0,532.0,3281.0,0.07940556854009628,0,6.113161049928274,,62,control
1671,481.0,3392.0,323.97239181321424,3473.1262965038286,0.07789942622184753,0,175.78438543568498,0.9893378063438244,62,control
1672,452.0,3458.0,447.0,3457.0,0.07783126085996628,0,4.630694687314597,,62,control
1673,453.0,3273.0,372.571688745486,3349.070443403961,0.07651826739311218,0,109.92715257927898,0.9503587600412506,62,control
1674,622.0,3416.0,620.0,3417.0,0.07420851290225983,1,2.187452677752278,,62,check
1675,481.0,3392.0,670.0,3322.0,0.07408460974693298,0,201.46471652669246,,62,control
1676,588.0,3414.0,546.0,3210.0,0.07312476634979248,0,208.2719235529501,,62,control
1677,529.0,3382.0,401.0,3329.0,0.06890827417373657,0,137.97365327744703,,62,control
1678,630.0,3260.0,633.2922036563846,3261.171002496842,0.0684291422367096,0,3.5643103394356093,0.8676185690845948,62,control
1679,474.0,3391.0,463.0,3505.0,0.06837191432714462,0,114.26619476432691,,62,control
1680,581.0,3433.0,421.0,3489.0,0.06822584569454193,0,168.86380204434732,,62,control
1681,617.0,3427.0,370.06295974769563,3464.4466903378348,0.06811416149139404,0,248.96350124704932,2.7619698405001327,62,control
1682,465.0,3406.0,464.14760507097674,3403.908602097895,0.06804099678993225,1,2.3152453956851433,1.5085442393876467,62,check
1683,639.0,3289.0,706.659899900393,3251.20955297476,0.06743595749139786,0,77.31460506050027,1.5243028601316342,62,control
1684,455.0,3312.0,782.1368590837894,3205.8685830419654,0.06589540839195251,0,343.5239967564018,1.2939513101450253,62,control
1685,498.0,3291.0,379.0,3426.0,0.06514071673154831,0,179.24260005407413,,62,control
1686,622.0,3328.0,537.0,3540.0,0.06510110199451447,0,228.18441327904114,,62,control
1687,534.0,3267.0,487.0,3265.0,0.06276512145996094,0,46.5582872183966,,62,control
1688,484.0,3378.0,444.0,3490.0,0.062444671988487244,0,118.52557785712723,,62,check
1689,647.0,3311.0,648.0,3310.0,0.06229451298713684,1,1.3921454539975733,,62,control
1690,519.0,3257.0,620.0,3466.0,0.06220722198486328,0,232.10890064900605,,62,control
1691,537.0,3456.0,784.0,3206.0,0.06199203431606293,0,351.0368022352863,,62,check
1692,560.0,3363.0,473.0763426866892,3550.6126859548945,0.061833590269088745,0,206.39553403264378,3.5836455117930153,62,check
1693,513.0,3459.0,338.6206754642083,3261.870181804687,0.061638981103897095,0,262.8112688777542,1.4045573936451399,62,check
1694,484.0,3378.0,342.0,3570.0,0.060992538928985596,0,238.0299992625837,,62,control
1695,458.0,3427.0,454.14738505768844,3428.1539568435387,0.06077608838677406,0,3.4574840072956454,3.864808122173762,62,control
1696,455.0,3467.0,457.6432730063166,3467.647169960463,0.06075023114681244,0,3.1724487436497357,3.238207305683661,62,control
1697,598.0,3259.0,600.0787876622093,3255.7490072697055,0.06013266742229462,0,3.957340358668658,2.2981897299549083,62,control
1698,452.0,3458.0,373.0,3175.0,0.06000494956970215,0,293.83629756864093,,62,control
1699,461.0,3337.0,364.0,3488.0,0.05911755934357643,0,178.77939588547173,,62,control
1700,589.0,3448.0,704.0,3359.0,0.059111353009939194,0,145.22018981702888,,62,control
1701,454.0,3382.0,455.0,3250.0,0.05852268636226654,0,132.18583325075653,,62,control
1702,652.0,3331.0,653.0,3333.0,0.058483947068452835,1,2.258993805053426,,62,control
1703,443.0,3326.0,755.566332894859,3462.0024045299333,0.058320850133895874,0,340.5851901646966,2.425808168650917,62,control
1704,561.0,3446.0,643.662351667773,3338.690911517283,0.05804549157619476,0,135.44017332352095,1.4171857513073072,62,control
1705,593.0,3290.0,638.3752663925014,3394.8377621961786,0.057898543775081635,0,114.24090913124141,0.8739169410206475,62,control
1706,552.0,3324.0,352.0,3321.0,0.0576806515455246,0,199.1627761131698,,62,control
1707,481.0,3330.0,756.8930041029051,3418.5412932103854,0.05739015340805054,0,289.45506005808716,1.8188442326775118,62,control
1708,481.0,3330.0,757.221580397315,3334.570554225478,0.05727338790893555,0,275.9361840446076,1.4209747894312483,62,check
1709,548.0,3425.0,455.87323357180355,3390.371483826489,0.057129643857479095,0,97.99218208590504,1.2109369727666557,62,check
1710,476.0,3369.0,410.0,3473.0,0.05560276284813881,0,122.60184160073457,,62,control
1711,464.0,3385.0,398.0,3437.0,0.0555090494453907,0,83.31112444575133,,62,check
1712,453.0,3302.0,667.4573068859177,3276.598754430638,0.055453963577747345,0,215.90786101680928,1.5572684987976162,62,control
1713,437.0,3317.0,440.0,3566.0,0.054667145013809204,0,248.76553772150766,,62,control
1714,731.0,3435.0,713.8329294408954,3245.621268348192,0.06517651677131653,0,190.04666892166333,1.7945752062815112,63,check
1715,687.0,3277.0,561.1884253022952,3390.289221160475,0.11056984961032867,0,169.0779647593791,1.4275568536586718,63,control
1716,734.0,3283.0,744.0,3195.0,0.0661507323384285,0,88.37176494871308,,63,control
1717,765.0,3283.0,763.5790815834085,3283.3095164674987,0.0686538964509964,1,1.8116130007027982,0.7733360473735923,63,control
1718,686.0,3419.0,711.9240198083075,3302.592070718436,0.0561482198536396,0,119.11295028582192,1.7704058484682186,63,control
1719,837.0,3314.0,690.0,3513.0,0.05306519940495491,0,247.55648450699698,,63,control
1720,837.0,3314.0,768.0,3142.0,0.05997682362794876,0,185.2369506109421,,63,control
1721,831.0,3294.0,690.0,3513.0,0.06638123095035553,0,260.6060009532707,,63,control
1722,694.0,3353.0,683.3836085655511,3427.8714921250007,0.05508088320493698,0,75.69139854832093,0.6740981812285737,63,control
1723,738.0,3252.0,790.6853397418801,3384.4376463544263,0.07557795196771622,0,142.54062223033597,0.7902784364311274,63,control
1724,704.0,3362.0,701.5435300887674,3443.7813413635145,0.07551131397485733,0,81.89325075995453,2.465936831199596,63,check
1725,733.0,3295.0,675.0,3209.0,0.05065133795142174,0,103.67961901682676,,63,control
1726,733.0,3295.0,793.0,3149.0,0.05757319554686546,0,157.49327265249002,,63,check
1727,709.0,3299.0,712.353583899587,3298.9514895978127,0.06293120235204697,0,3.1730942635158534,3.191093972368508,63,check
1728,667.0,3435.0,667.0,3438.0,0.05681975558400154,0,3.031598368143272,,63,control
1729,813.0,3352.0,694.0,3161.0,0.05837997421622276,0,224.9767741626362,,63,control
1730,793.0,3396.0,837.0,3482.0,0.052052922546863556,0,96.51781279926922,,63,control
1731,726.0,3291.0,750.0,3251.0,0.05015295371413231,0,46.36606221783611,,63,control
1732,793.0,3253.0,576.0,3166.0,0.09693906456232071,0,233.5486042795527,,63,control
1733,748.0,3273.0,829.0,3593.0,0.08581399917602539,0,330.1169768063746,,63,control
1734,769.0,3446.0,766.0,3445.0,0.06673813611268997,0,3.499978073065878,,63,check
1735,661.0,3372.0,698.0,3545.0,0.056122150272130966,0,176.90653040720505,,63,control
1736,714.0,3450.0,698.0,3545.0,0.06354247033596039,0,96.41973318681212,,63,check
1737,829.0,3376.0,835.0,3196.0,0.05239018797874451,0,179.80956252593586,,63,control
1738,674.0,3435.0,732.1700965015742,3182.4099804823754,0.0502389594912529,0,259.00354967145296,3.5069903801028977,63,control
1739,674.0,3376.0,717.0,3564.0,0.05416493117809296,0,192.84929998337228,,63,control
1740,758.0,3300.0,759.0,3299.0,0.07163006067276001,1,1.0782078376204067,,63,check
1741,749.0,3282.0,606.0,3384.0,0.05241846665740013,0,175.55353051826893,,63,control
1742,749.0,3282.0,750.0,3277.0,0.07817467302083969,0,4.8934405954848925,,63,control
1743,787.0,3353.0,813.3860888292727,3320.4428729513183,0.0637143924832344,0,41.42857672066445,1.4020726794608085,63,control
1744,668.0,3385.0,769.0,3163.0,0.08807778358459473,0,243.58661408089426,,63,control
1745,668.0,3385.0,651.0,3555.0,0.059501830488443375,0,170.84488746788332,,63,control
1746,733.0,3413.0,826.0,3471.0,0.0594869926571846,0,109.22329629776222,,63,control
1747,683.0,3252.0,678.0,3254.0,0.07166525721549988,0,5.474461445554939,,63,control
1748,726.0,3415.0,749.8126227298264,3163.0215983879775,0.05132567510008812,0,252.8966312557566,2.292866572007263,63,control
1749,771.0,3406.0,563.9798906790585,3150.7599256865437,0.05213068798184395,0,328.4692010186955,0.6052749980139145,63,control
1750,672.0,3315.0,808.0,3376.0,0.05492287129163742,0,148.69124428511566,,63,control
1751,672.0,3315.0,749.0,3228.0,0.07189585268497467,0,115.8815570769924,,63,control
1752,757.0,3258.0,759.0,3256.0,0.07369250804185867,1,2.49385588186809,,63,control
1753,660.0,3323.0,733.0,3243.0,0.06837059557437897,0,108.04360898674945,,63,control
1754,792.0,3279.0,793.0,3277.0,0.11753468215465546,1,1.8859586884597226,,63,control
1755,684.0,3355.0,759.0,3299.0,0.06305714696645737,0,93.24689984182055,,63,control
1756,806.0,3377.0,765.0,3397.0,0.07520568370819092,0,46.01915383099002,,63,check
1757,832.0,3266.0,560.0,3437.0,0.060620274394750595,0,321.056937145552,,63,check
1758,835.0,3431.0,690.0,3513.0,0.06339658051729202,0,166.77184306895637,,63,control
1759,718.0,3276.0,725.0,3278.0,0.05310579389333725,0,7.116170333618933,,63,control
1760,56.0,3671.0,64.0,3443.0,0.05617120862007141,0,228.87268376106258,,64,control
1761,110.0,3481.0,109.48603276254913,3488.0033319467598,0.0817674770951271,0,6.455349649304988,5.553607578545206,64,control
1762,127.0,3511.0,77.01386266920633,3439.621897553664,0.054467085748910904,0,86.7602748656737,0.7748892782988879,64,check
1763,25.0,3496.0,28.0,3346.0,0.14704658091068268,0,150.76670630571374,,64,check
1764,178.0,3540.0,46.248718436257775,3765.8994168650943,0.07633264362812042,0,260.060064862374,0.9792739080709068,64,check
1765,64.0,3645.0,61.89791351084591,3417.1989829716285,0.06365085393190384,0,228.46717348640416,1.9344556072485053,64,control
1766,26.0,3572.0,27.0,3388.0,0.07951860129833221,0,184.72113620597014,,64,control
1767,33.0,3606.0,32.0,3579.0,0.12193575501441956,0,27.74288189944795,,64,control
1768,183.0,3643.0,248.0,3517.0,0.05575350672006607,0,142.7006405250819,,64,control
1769,29.0,3532.0,27.0,3480.0,0.09279737621545792,0,52.71975071868199,,64,control
1770,34.0,3520.0,35.254678499651554,3439.6718427228916,0.0734519362449646,0,81.0849648265705,3.6514683478552588,64,check
1771,128.0,3498.0,76.32577878201327,3433.04322273064,0.05169433727860451,0,82.51733602497698,2.115353436656652,64,control
1772,43.0,3575.0,51.0,3399.0,0.07200295478105545,0,176.94152874040162,,64,control
1773,93.0,3570.0,91.64971117499847,3570.929969690817,0.08594673871994019,1,0.3224848661503659,1.786947535137629,64,control
1774,185.0,3599.0,78.2415978967112,3672.5205567355956,0.05638808012008667,0,127.96630276047445,1.3601792914350876,64,control
1775,38.0,3641.0,52.318774934754,3440.7094219365404,0.0703575536608696,0,201.609381036996,0.6309537083747958,64,control
1776,35.0,3683.0,30.513678025778002,3460.347000603143,0.07179780304431915,0,223.380763679143,1.3562391285334705,64,check
1777,87.0,3511.0,277.0,3617.0,0.0849611684679985,0,218.1955292638578,,64,control
1778,43.0,3538.0,221.06883053314783,3820.5246370078553,0.052458249032497406,0,334.04720706023784,3.7712305224003777,64,control
1779,43.0,3538.0,46.0,3452.0,0.06845607608556747,0,86.81925243373895,,64,control
1780,130.0,3586.0,133.0,3587.0,0.05245683714747429,0,4.4210173120893765,,64,control
1781,42.0,3683.0,53.0,3421.0,0.05141758546233177,0,262.98375112661614,,64,control
1782,51.0,3565.0,53.80187149211469,3442.701016516266,0.11985372751951218,0,123.0614510810444,1.4789385114618558,64,control
1783,76.0,3539.0,197.0,3527.0,0.10095595568418503,0,122.88081032957896,,64,control
1784,76.0,3539.0,46.0,3713.0,0.0615030974149704,0,175.56479610964573,,64,control
1785,34.0,3597.0,32.0,3442.0,0.061967093497514725,0,155.7056941518645,,64,control
1786,63.0,3479.0,66.0,3481.0,0.054446447640657425,0,4.826398307446801,,64,control
1787,141.0,3643.0,345.05261533262325,3498.470899803134,0.06296620517969131,0,250.92489324682595,2.3482971525005976,64,control
1788,212.0,3644.0,138.0,3690.0,0.06679980456829071,0,85.65005738685998,,64,control
1789,106.0,3538.0,343.1712965141847,3649.2009188777333,0.06695099174976349,0,262.4758736942361,1.1954472261583533,64,control
1790,99.0,3556.0,213.0,3397.0,0.06717447191476822,0,196.76604224773465,,64,control
1791,174.0,3585.0,77.0,3657.0,0.08399156481027603,0,119.14788490342809,,64,check
1792,27.0,3621.0,26.0,3409.0,0.0513753741979599,0,212.70703323197517,,64,check
1793,67.0,3589.0,67.0,3401.0,0.08311054110527039,0,188.66386736275703,,64,control
1794,114.0,3559.0,197.0,3527.0,0.05068165808916092,0,90.30359726816395,,64,control
1795,270.0,3637.0,360.0922228862904,3473.0205705664475,0.05622485652565956,0,187.7678376058266,0.588767951364788,65,control
1796,224.0,3610.0,398.5773612221316,3496.138729875708,0.050157155841588974,0,209.1410593106978,0.48826918850211054,65,control
1797,355.0,3672.0,157.9028846190657,3579.111194188368,0.058015208691358566,0,216.93525612900885,0.9991859995797642,65,control
1798,417.0,3655.0,398.0,3372.0,0.07660625129938126,0,283.85736483933624,,65,control
1799,337.0,3655.0,256.64104441848514,3448.9304591482737,0.057497866451740265,0,221.20545917766668,0.8332339038013655,65,control
1800,411.0,3604.0,340.0318368487865,3593.380860922317,0.09880012273788452,0,71.02859849384238,0.8295691816711435,65,control
1801,263.0,3552.0,343.0,3501.0,0.05284891650080681,0,95.75996127764263,,65,control
1802,365.0,3494.0,363.157770550554,3485.378725913825,0.09660669416189194,0,9.016708227423269,1.4874351812745297,65,control
1803,411.0,3552.0,384.1271743328317,3421.712749646694,0.05437590926885605,0,133.1719198397202,3.7654855039316515,65,control
1804,335.0,3499.0,125.0,3409.0,0.08171035349369049,0,227.3343084917443,,65,control
1805,403.0,3602.0,331.15020881884567,3591.870079487323,0.09618952125310898,0,71.80169167188043,0.493826314486744,65,control
1806,349.0,3555.0,467.0,3395.0,0.05432887375354767,0,199.25850270068236,,65,control
1807,377.0,3489.0,375.17002684385005,3487.189926010877,0.10566746443510056,1,2.393658346301049,0.7700258794846357,65,control
1808,416.0,3679.0,311.0,3599.0,0.05244561657309532,0,131.55895850799496,,65,control
1809,319.0,3621.0,166.0,3583.0,0.05112256109714508,0,156.51964558776046,,65,control
1810,312.0,3510.0,314.07014198752125,3528.08007192283,0.06012614816427231,0,17.930225295801396,0.688393993101225,65,control
1811,349.0,3509.0,324.0,3757.0,0.059105463325977325,0,248.74862529926529,,65,check
1812,226.0,3683.0,360.60698423239165,3528.113450229549,0.05485066771507263,0,205.96308014765728,2.6520497556116234,65,check
1813,361.0,3631.0,381.0,3555.0,0.05298478901386261,0,79.08014229030316,,65,control
1814,323.0,3501.0,364.0,3488.0,0.06637664884328842,0,43.84221473680794,,65,control
1815,362.0,3529.0,173.0255912790472,3697.502126298697,0.0631868988275528,0,251.8626028705718,3.5568351537589886,65,control
1816,418.0,3514.0,308.0,3545.0,0.051735877990722656,0,113.29979957081474,,65,control
1817,425.0,3683.0,379.2017802878758,3415.5712804216146,0.070240318775177,0,271.4906889893613,1.0864502868879475,65,control
1818,311.0,3577.0,329.0,3563.0,0.06698090583086014,0,23.70534121430138,,65,check
1819,423.0,3532.0,503.1700901690538,3426.3899755304215,0.07032422721385956,0,132.94897472118905,3.51693751778658,65,check
1820,374.0,3623.0,296.0,3583.0,0.055291250348091125,0,87.03127192081993,,65,control
1821,416.0,3485.0,493.0,3484.0,0.053007882088422775,0,77.39944638001995,,65,control
1822,380.0,3642.0,440.0,3446.0,0.05363177880644798,0,205.36655315211777,,65,control
1823,390.0,3654.0,343.9299150051621,3381.0999726447594,0.051764439791440964,0,276.9461855892369,0.6439799919065015,65,check
1824,336.0,3539.0,481.0,3602.0,0.05887223780155182,0,158.3571539157915,,65,control
1825,375.0,3553.0,281.0,3496.0,0.055248357355594635,0,109.29739533180772,,65,check
1826,383.0,3555.0,338.3370007902244,3424.3230553193216,0.07757292687892914,0,138.15068177332438,2.2572689359693774,65,control
1827,315.0,3529.0,268.0,3717.0,0.05467389151453972,0,193.07974215293592,,65,control
1828,384.0,3611.0,257.0,3630.0,0.06658397614955902,0,127.32795907975525,,65,control
1829,364.0,3552.0,328.61073795536447,3719.1202362591152,0.05159972980618477,0,170.254599864999,1.002033502014133,65,check
1830,402.0,3641.0,462.0,3446.0,0.05975385010242462,0,204.36786558243452,,65,control
1831,368.0,3572.0,513.0,3455.0,0.05268842354416847,0,186.67914510809558,,65,control
1832,388.0,3533.0,526.0,3631.0,0.06317496299743652,0,169.35126065416569,,65,control
1833,540.0,3571.0,686.0,3739.0,0.06311100721359253,0,222.39019097835654,,66,control
1834,553.0,3529.0,599.561681578918,3590.1004433868907,0.05878349393606186,0,76.77957445426605,1.427706880819179,66,control
1835,560.0,3515.0,458.97579662491023,3492.618400315488,0.08398714661598206,0,103.04714977882682,1.606539822120938,66,control
1836,500.0,3572.0,512.903435548338,3417.8516250084,0.08939745277166367,0,154.86133997119924,0.4828511394319957,66,control
1837,482.0,3479.0,483.31330509876034,3506.2812939273335,0.06659846007823944,0,27.139311670530834,0.6773721250870567,66,check
1838,439.0,3647.0,551.4373590442456,3632.8688063920185,0.05964140221476555,0,113.50170498599842,1.0163680141463411,66,check
1839,598.0,3613.0,687.7064665143372,3573.627957592735,0.05009511858224869,0,97.76087598516925,0.7972185229143243,66,control
1840,572.0,3484.0,664.2076564871693,3616.019167492075,0.05062830075621605,0,160.93172122750263,0.6192403372696139,66,check
1841,557.0,3549.0,708.0,3666.0,0.05260804668068886,0,190.7989139894258,,66,control
1842,578.0,3654.0,720.2902821957912,3413.424531854441,0.06462948769330978,0,279.295793515111,1.334134122622187,66,control
1843,643.0,3554.0,405.8447145043525,3606.1481854525173,0.050281863659620285,0,242.17003657090123,1.8967109291486703,66,check
1844,556.0,3499.0,656.0,3576.0,0.05545264109969139,0,126.10703779287435,,66,control
1845,451.0,3533.0,619.8449830935396,3444.7923099827044,0.06785175204277039,0,190.5397042063599,1.6880179225431766,66,control
1846,551.0,3559.0,700.0,3725.0,0.081293985247612,0,222.864431180744,,66,control
1847,653.0,3525.0,398.72895369667856,3500.379891365066,0.05050294101238251,0,254.83178515009686,3.004812319959021,66,control
1848,524.0,3529.0,675.7034579445041,3650.711195553983,0.05102379620075226,0,194.32879703911883,0.9075305088749912,66,control
1849,588.0,3563.0,382.0,3766.0,0.0978592187166214,0,288.5230069762138,,66,control
1850,518.0,3571.0,403.0,3763.0,0.060202956199645996,0,223.23007954293533,,66,control
1851,456.0,3609.0,423.0,3570.0,0.058071255683898926,0,50.94198418935001,,66,control
1852,503.0,3663.0,609.0,3787.0,0.06474760919809341,0,163.00699367530282,,66,control
1853,520.0,3471.0,583.0,3636.0,0.09476704895496368,0,176.54177837334183,,66,control
1854,520.0,3471.0,519.0,3470.0,0.11378596723079681,1,1.3343981613955613,,66,check
1855,538.0,3522.0,604.0,3534.0,0.05204717069864273,0,67.11681701030696,,66,control
1856,455.0,3552.0,498.0,3784.0,0.06485715508460999,0,235.76569669236144,,66,control
1857,599.0,3486.0,642.6379709821127,3413.749173178048,0.09363565593957901,0,84.38999642887802,0.784967215303818,66,control
1858,495.0,3470.0,742.0,3611.0,0.06290172785520554,0,284.1164459723199,,66,control
1859,755.0,3520.0,818.532936082069,3519.2214411544905,0.07866719365119934,0,62.960446457392834,0.6053295619415335,67,control
1860,711.0,3485.0,692.0,3646.0,0.06030525639653206,0,162.1626013914382,,67,control
1861,834.0,3624.0,572.0,3542.0,0.058516331017017365,0,274.43164832526077,,67,control
1862,699.0,3657.0,618.2703613091253,3628.7201316876867,0.08363775908946991,0,85.59065567627489,1.029417975543809,67,check
1863,803.0,3600.0,837.0,3482.0,0.05037026107311249,0,122.42255432360295,,67,control
1864,734.0,3666.0,714.4033748483965,3575.291856896747,0.05691627413034439,0,92.80799982045177,2.1495305264608424,67,control
1865,735.0,3659.0,592.2846715030138,3593.4918204903074,0.05848270282149315,0,157.01576018767307,0.8887639104027141,67,check
1866,789.0,3543.0,717.0,3640.0,0.08368255198001862,0,121.03159081501344,,67,control
1867,736.0,3510.0,648.0,3625.0,0.05167599022388458,0,144.85302951006668,,67,control
1868,772.0,3630.0,548.005246572856,3598.7824266267553,0.05676630511879921,0,225.99497611454055,1.419293384012776,67,control
1869,772.0,3630.0,562.5448868730517,3648.0079291458023,0.07817497104406357,0,210.0919756263807,0.8627616783369954,67,control
1870,657.0,3633.0,729.0,3495.0,0.05613070726394653,0,155.4333366755589,,67,control
1871,674.0,3547.0,703.0,3644.0,0.07179272174835205,0,101.18869919902514,,67,control
1872,712.0,3672.0,621.468768447907,3801.899333057414,0.07035378366708755,0,158.31418803265822,0.9008303967932945,67,check
1873,689.0,3577.0,766.0,3667.0,0.051847923547029495,0,118.20794524725365,,67,control
1874,755.0,3544.0,656.5210439086944,3609.5605257948155,0.051547080278396606,0,118.40887247070717,0.804867195033476,67,check
1875,680.0,3637.0,667.0,3625.0,0.07370135188102722,0,17.82464739950796,,67,check
1876,718.0,3682.0,694.0,3602.0,0.05013645067811012,0,83.56650679561209,,67,control
1877,802.0,3668.0,622.0,3583.0,0.0565573088824749,0,199.1047625619531,,67,control
1878,821.0,3605.0,610.0,3746.0,0.08480248600244522,0,253.7624950242732,,67,control
1879,821.0,3605.0,710.0,3625.0,0.06023882329463959,0,113.0877793111602,,67,control
1880,729.0,3633.0,727.4872302315558,3633.1986777265556,0.07754640281200409,1,1.882653141834572,0.8616328646310394,67,control
1881,681.0,3491.0,622.5558608309724,3740.76812647209,0.05256868526339531,0,256.4521813772907,1.1540320348676822,67,control
1882,780.0,3661.0,633.0,3515.0,0.05688750743865967,0,207.22332179147526,,67,control
1883,743.0,3684.0,693.0,3351.0,0.05043330416083336,0,336.677080703357,,67,check
1884,837.0,3496.0,619.0,3475.0,0.07510562986135483,0,218.98720536761613,,67,control
1885,811.0,3548.0,753.4867315037819,3637.682760934088,0.09475292265415192,0,106.84700008401246,4.5806195100684794,67,control
1886,781.0,3670.0,625.0,3732.0,0.0667278841137886,0,167.922982453831,,67,control
1887,678.0,3528.0,751.0,3466.0,0.06700840592384338,0,95.42488797997783,,67,control
1888,710.0,3604.0,710.1719466795188,3604.990868589231,0.08749792724847794,1,1.0428097871871005,0.562552801487913,67,control
1889,819.0,3659.0,571.0,3421.0,0.05105122923851013,0,343.6461252008355,,67,control
1890,819.0,3659.0,708.0,3666.0,0.07028847932815552,0,111.52932801427755,,67,control
1891,102.0,3843.0,298.3508175904526,3811.740443797375,0.10715561360120773,0,199.72360474362804,0.8132445314361924,68,control
1892,26.0,3692.0,25.0,3591.0,0.12825125455856323,0,101.74710391735461,,68,control
1893,36.0,3802.0,38.0,4001.0,0.14601925015449524,0,198.21662579589622,,68,control
1894,28.0,3811.0,25.0,3591.0,0.1349790394306183,0,220.74828048707195,,68,control
1895,224.0,3859.0,136.0,3906.0,0.05717504024505615,0,98.31912130291256,,69,check
1896,392.0,3834.0,389.2126655905113,3833.0514084205406,0.07314670085906982,1,2.5887100695906318,0.8820745533547718,69,control
1897,300.0,3727.0,312.87605895788545,3982.0331345343216,0.08682164549827576,0,254.9036373669337,0.8843706239036824,69,control
1898,425.0,3780.0,293.0,3648.0,0.051025860011577606,0,186.34847641913748,,69,control
1899,255.0,3762.0,152.0,3594.0,0.060283154249191284,0,196.8726717874797,,69,control
1900,246.0,3726.0,310.39947501811565,3600.4999246964726,0.05360972881317139,0,141.83237847853775,1.0748131631973943,69,control
1901,353.0,3752.0,448.0,3649.0,0.0650201067328453,0,140.62948238016946,,69,check
1902,301.0,3744.0,327.2884404346312,3980.1342090393446,0.09253484010696411,0,237.19737479480986,5.936995121749537,69,control
1903,295.0,3779.0,498.0,3733.0,0.06210833415389061,0,208.4712244482117,,69,check
1904,234.0,3844.0,425.49568801489687,3797.538024854604,0.06556984782218933,0,197.58390288081975,0.8790125388060696,69,check
1905,228.0,3772.0,494.0,3991.0,0.06397929787635803,0,344.52301922474715,,69,control
1906,432.0,3745.0,433.0,3776.0,0.08279583603143692,0,30.723457008378848,,69,control
1907,400.0,3838.0,343.0,3646.0,0.07385243475437164,0,200.43763954945382,,69,control
1908,435.0,3829.0,449.0,3908.0,0.052615936845541,0,79.9794576590384,,69,control
1909,390.0,3776.0,99.0,3600.0,0.07860555499792099,0,339.1457300823627,,69,control
1910,247.0,3746.0,148.0,3863.0,0.05496444180607796,0,151.95117929218614,,69,control
1911,323.0,3818.0,494.3395333390337,3766.000003825322,0.0510132759809494,0,179.3932295364643,0.5486214791808738,69,control
1912,298.0,3877.0,281.0,3974.0,0.05054088309407234,0,97.8186100400994,,69,control
1913,229.0,3817.0,496.33252361859365,3764.971230355025,0.05139712244272232,0,272.6625800565809,0.5494810897176083,69,control
1914,403.0,3822.0,364.7420512129158,3702.320631868421,0.06436604261398315,0,125.7969013457277,1.0610230436192958,69,check
1915,403.0,3822.0,399.5533461977283,3821.4117506857806,0.06687617301940918,0,3.0610808245800127,1.422078490460723,69,control
1916,427.0,3797.0,429.392354478569,3798.121064566974,0.052879270166158676,1,2.960269956936122,0.7121476765016715,69,control
1917,285.0,3844.0,264.0,3959.0,0.05045640841126442,0,116.21037702977209,,69,control
1918,387.0,3805.0,289.73350894281805,3791.2423360926205,0.06469006836414337,0,97.44364856754355,6.45166314554402,69,control
1919,327.0,3758.0,326.6538970506921,3755.3615668652114,0.07589888572692871,0,3.097913771094361,2.357923296694862,69,control
1920,418.0,3749.0,328.0,3720.0,0.06332743912935257,0,93.94223265879013,,69,check
1921,343.0,3771.0,315.0,3698.0,0.07308907061815262,0,78.29665686633213,,69,control
1922,419.0,3802.0,205.0,3972.0,0.055337242782115936,0,272.1023450912499,,69,control
1923,428.0,3897.0,280.0,3943.0,0.05255625396966934,0,154.0272351289802,,69,control
1924,404.0,3735.0,340.0,3783.0,0.05624082684516907,0,79.1682936901617,,69,check
1925,345.0,3755.0,279.0,3889.0,0.07874123007059097,0,148.53184458166146,,69,control
1926,355.0,3888.0,427.0,3828.0,0.07653018832206726,0,94.28154645269635,,69,check
1927,417.0,3873.0,537.0,3731.0,0.05484875664114952,0,186.16096083657084,,69,control
1928,311.0,3826.0,403.0,3763.0,0.057195089757442474,0,112.14927769008766,,69,control
1929,421.0,3830.0,166.67951420274957,3724.149798899601,0.05455037206411362,0,274.54700249675767,3.4721473238297063,69,control
1930,409.0,3832.0,352.0,3651.0,0.05393141880631447,0,189.90388032169523,,69,control
1931,428.0,3875.0,290.0,3952.0,0.0770159438252449,0,157.07392025713875,,69,control
1932,372.0,3890.0,537.0,3731.0,0.053186219185590744,0,229.3887423826566,,69,control
1933,221.0,3889.0,283.0,3677.0,0.05888455733656883,0,221.58819483468685,,69,control
1934,286.0,3769.0,284.0,3772.0,0.06740491837263107,1,2.750218493380521,,69,control
1935,549.0,3811.0,544.0,3808.0,0.05481075868010521,0,5.831090133253227,,70,control
1936,603.0,3745.0,362.0,3783.0,0.07251062244176865,0,243.2639230889396,,70,control
1937,555.0,3825.0,553.0123497397661,3710.046799964439,0.06278596073389053,0,115.12668999813069,1.9713413233389223,70,control
1938,638.0,3720.0,337.28104288911294,3697.8206590879,0.054493971168994904,0,300.8030987957301,0.3891695532394616,70,control
1939,640.0,3742.0,672.6145902917426,3674.7621313197315,0.07016392797231674,0,74.65173192064391,1.1318570540338273,70,control
1940,560.0,3748.0,487.1933394178316,3862.0213878096247,0.05480024218559265,0,134.91725268439257,1.2901694222469535,70,control
1941,652.0,3722.0,451.0,3938.0,0.055421292781829834,0,294.5847293559934,,70,control
1942,606.0,3838.0,554.9745174557951,3940.5774000207,0.06799816340208054,0,114.3687617674629,0.8755739113903735,70,control
1943,569.0,3686.0,539.0,3712.0,0.051439616829156876,0,39.45616798160629,,70,control
1944,496.0,3839.0,488.6838093562142,3839.867008321268,0.061541859060525894,0,7.074163990729401,1.2574748151926876,70,check
1945,462.0,3867.0,658.0,3867.0,0.08191297948360443,0,195.7625216614213,,70,check
1946,462.0,3867.0,732.0,3986.0,0.06708308309316635,0,294.6008266246709,,70,control
1947,651.0,3814.0,644.0,3817.0,0.07233108580112457,0,7.75051812614704,,70,control
1948,483.0,3742.0,463.0,3975.0,0.09732279926538467,0,233.51545447713573,,70,control
1949,596.0,3863.0,352.0,3651.0,0.07571419328451157,0,322.9246874376214,,70,check
1950,633.0,3838.0,476.7327247922878,3993.501164186448,0.09339362382888794,0,220.06511224020372,1.2407126773724555,70,check
1951,567.0,3886.0,349.7603689735207,3750.105390706659,0.05216769129037857,0,255.85629804764704,2.583829344706676,70,control
1952,466.0,3844.0,463.0,3847.0,0.0626491829752922,0,3.7961669928228567,,70,control
1953,648.0,3764.0,353.0,3698.0,0.05047541856765747,0,301.67643549087865,,70,control
1954,609.0,3884.0,698.0,3630.0,0.060303617268800735,0,269.0294059878451,,70,control
1955,542.0,3829.0,516.0,3806.0,0.06567298620939255,0,34.71039809352365,,70,control
1956,518.0,3812.0,442.0,3764.0,0.1223507970571518,0,89.68282743582859,,70,control
1957,469.0,3740.0,628.9136865169404,3973.5918156757143,0.0767112672328949,0,282.8732914043267,0.2704479147164224,70,control
1958,560.0,3726.0,309.0,3995.0,0.12455683201551437,0,367.04883381355586,,70,check
1959,453.0,3702.0,336.22417356440747,3981.7625820508024,0.09552562981843948,0,302.4723661048475,5.923062146014536,70,control
1960,548.0,3773.0,429.28195585404245,3797.440814305505,0.08656707406044006,0,120.69492048825099,0.7340896478941468,70,control
1961,650.0,3773.0,348.58258725609096,3697.796667234671,0.053589195013046265,0,310.0427735835453,1.6357966350508986,70,control
1962,476.0,3729.0,588.0,4002.0,0.06364181637763977,0,294.88418680135413,,70,control
1963,635.0,3699.0,643.0,3739.0,0.06848841160535812,0,40.70468106053909,,70,check
1964,640.0,3882.0,494.0,3649.0,0.06373167037963867,0,274.9727672165991,,70,control
1965,443.0,3876.0,357.74159418945305,3612.1408331915322,0.07920252531766891,0,277.4124663408426,0.9478322344960016,70,control
1966,571.0,3746.0,380.0,3812.0,0.05319609120488167,0,201.39375730956675,,70,check
1967,460.0,3696.0,660.0,3857.0,0.05372822657227516,0,256.52334662854946,,70,control
1968,507.0,3860.0,625.9662321918395,3581.84266100735,0.05208127945661545,0,302.55972643807763,1.718720747685941,70,check
1969,515.0,3777.0,472.38103856454825,4005.2805998351487,0.06366556882858276,0,231.87073764535336,1.291371440726474,70,control
1970,636.0,3711.0,336.8004550918156,3698.4904676182864,0.059013545513153076,0,298.71283602340424,1.2749700331945206,70,control
1971,574.0,3733.0,528.0,3942.0,0.060829732567071915,0,213.74764002178497,,70,control
1972,633.0,3810.0,647.9608420552793,3714.8706808254483,0.06164010241627693,0,96.32437232895222,2.514385899506156,70,check
1973,631.0,3735.0,417.0,3613.0,0.06262931227684021,0,245.99027479001853,,70,control
1974,542.0,3750.0,540.0,3753.0,0.08171338587999344,0,3.3700902563881994,,70,control
1975,625.0,3808.0,361.86425860605624,3920.6622909779853,0.06879632920026779,0,285.5137928441419,1.359010817756071,70,control
1976,529.0,3867.0,752.0506426727997,3971.0310333368,0.06461764127016068,0,245.62514839102693,2.072736638548687,70,control
1977,609.0,3787.0,683.0,3862.0,0.06440392881631851,0,105.11636644179225,,70,control
1978,460.0,3796.0,599.0917721953481,3769.860776841513,0.07001116871833801,0,141.5205434384465,1.135973396778419,70,control
1979,471.0,3713.0,708.0,3588.0,0.053581755608320236,0,267.6766288735783,,70,control
1980,574.0,3775.0,499.0,3848.0,0.07341174781322479,0,104.31893664821337,,70,control
1981,480.0,3833.0,472.4354571241421,3841.3884365333556,0.06989168375730515,0,10.877392730792781,2.0905459359487018,70,control
1982,545.0,3796.0,581.0,3625.0,0.08414830267429352,0,174.87089515508524,,70,control
1983,685.0,3806.0,671.8125478215778,3672.520981100697,0.07020971924066544,0,134.16230304420358,0.5672297596821354,71,control
1984,685.0,3806.0,685.2202684836021,3802.6900870347463,0.06992339342832565,0,3.3355004482361323,1.5561856914308514,71,check
1985,769.0,3824.0,567.0,3594.0,0.06681506335735321,0,306.11268072525803,,71,control
1986,703.0,3687.0,671.892184041517,3670.9506519322913,0.05843816325068474,0,35.191062507143066,0.6571924867648669,71,control
1987,792.0,3705.0,589.0,3847.0,0.07104244828224182,0,247.67547264587384,,71,control
1988,757.0,3765.0,664.0,3690.0,0.05102047696709633,0,119.63645049489244,,71,control
1989,757.0,3765.0,692.0,3707.0,0.05387379229068756,0,87.31926563958298,,71,control
1990,707.0,3766.0,707.7974397301225,3767.2286683518223,0.06977596133947372,1,1.3173616063821918,1.0244100624174868,71,control
1991,817.0,3832.0,790.0,3860.0,0.05942568928003311,0,39.39110045436775,,71,control
1992,793.0,3791.0,576.9715627123851,4015.8306800735604,0.058953143656253815,0,311.69593877197633,0.9856478484849595,71,control
1993,741.0,3801.0,650.0,3661.0,0.06026243790984154,0,167.0804449488032,,71,check
1994,668.0,3704.0,638.0,3901.0,0.05112406238913536,0,199.20144584646488,,71,control
1995,724.0,3892.0,543.7482366237115,3599.0093194484743,0.07702039927244186,0,344.0180456996329,2.8904183898572513,71,check
1996,724.0,3892.0,632.2800883034614,3640.7454394068336,0.05763379856944084,0,267.5476700483678,4.631438261596814,71,check
1997,829.0,3853.0,819.0,3884.0,0.05087067559361458,0,32.90642018356265,,71,control
1998,725.0,3766.0,726.4610832320514,3767.0005900678016,0.06248544901609421,1,1.4795243096332344,1.1090297940660274,71,control
1999,822.0,3855.0,812.5733383670429,3578.2817333880803,0.05511096864938736,0,276.7300960768823,2.3025679780304498,71,control
2000,767.0,3722.0,802.2160646923433,4003.937917140661,0.07462208718061447,0,284.1096998121532,1.3387397062725022,71,control
2001,749.0,3724.0,688.0,3757.0,0.051817867904901505,0,69.59795402716442,,71,control
2002,793.0,3713.0,688.0,3757.0,0.06385572254657745,0,114.10329201668699,,71,control
2003,735.0,3741.0,733.9595676773489,3740.7852110706854,0.06560114771127701,1,1.4622388926264196,1.9147847192660947,71,control
2004,739.0,3859.0,665.0,3592.0,0.06214729696512222,0,277.11030986185887,,71,control
2005,683.0,3697.0,813.0,3668.0,0.06448930501937866,0,132.56174986529885,,71,control
2006,750.0,3850.0,634.1304572853052,3880.76028495929,0.06109287962317467,0,120.0245345421299,1.1616348918184543,71,check
2007,736.0,3770.0,737.0,3770.0,0.11071321368217468,1,0.5697193045153024,,71,control
2008,776.0,3888.0,698.0,3918.0,0.07156020402908325,0,83.90722485149237,,71,check
2009,776.0,3888.0,684.0,3884.0,0.0710868313908577,0,92.4084896041533,,71,control
2010,777.0,3723.0,670.936326302427,3762.238278155366,0.07147800922393799,0,113.29871376834654,1.022715769620831,71,control
2011,735.0,3882.0,611.0,3661.0,0.05949677526950836,0,253.4922697798772,,71,control
2012,771.0,3795.0,704.0,3676.0,0.05254407972097397,0,136.6920185098522,,71,control
2013,734.0,3828.0,770.0,3632.0,0.06499925255775452,0,199.08625027655992,,71,control
2014,703.0,3808.0,696.0,3806.0,0.05686352401971817,0,7.597079399035778,,71,control
2015,660.0,3858.0,660.0,3857.0,0.06840208917856216,1,1.091863974370818,,71,control
2016,722.0,3787.0,720.0,3789.0,0.07722418755292892,0,3.127647137050759,,71,control
2017,747.0,3882.0,708.0,3666.0,0.051675520837306976,0,219.51797754896265,,71,check
2018,719.0,3697.0,688.0,3615.0,0.05727577209472656,0,87.72934342020713,,71,check
2019,771.0,3863.0,584.0,3650.0,0.07177326828241348,0,283.481971347916,,71,control
2020,768.0,3850.0,641.0,3579.0,0.05225033313035965,0,299.3424997383785,,71,control
2021,803.0,3778.0,590.0,3988.0,0.06301610171794891,0,299.0520919863358,,71,control
2022,701.0,3791.0,700.5696190135926,3791.0599423185063,0.1345817893743515,1,0.7656142417802388,0.433882334805934,71,control
2023,693.0,3880.0,706.0,3718.0,0.07818707078695297,0,162.47858693834112,,71,control
2024,809.0,3864.0,797.0,3787.0,0.06617780029773712,0,77.91997816241465,,71,control
2025,708.0,3798.0,707.8775719709148,3798.4892857756645,0.07641194015741348,1,0.6869516259522147,1.2250055007348657,71,control
2026,34.0,4074.0,37.0,4057.0,0.18127945065498352,0,18.388455783359895,,72,control
2027,48.0,4072.0,48.0,4058.0,0.10436780750751495,0,14.888214466111641,,72,control
2028,26.0,3935.0,26.0,3775.0,0.11352452635765076,0,160.7900729025446,,72,control
2029,174.0,4054.0,173.0,4058.0,0.12379784137010574,0,3.331377951995069,,72,check
2030,206.0,4044.0,205.0,4042.0,0.1060403361916542,1,2.630147531221888,,72,control
2031,35.0,4017.0,38.0,4001.0,0.48307937383651733,0,17.413075507941343,,72,control
2032,31.0,4037.0,34.0,4046.0,0.256399542093277,0,9.33818008200859,,72,control
2033,314.0,3936.0,476.4309097518585,4032.6104711696858,0.07026394456624985,0,189.02870027769475,0.5078085417913886,73,control
2034,397.0,4010.0,315.0,4169.0,0.06562034040689468,0,178.13080167020695,,73,control
2035,397.0,4010.0,428.1496832196548,3870.2096684751086,0.05012209713459015,0,143.64177752097012,0.792559056464197,73,control
2036,388.0,4095.0,221.0,3951.0,0.06052197888493538,0,220.13635260182176,,73,control
2037,388.0,4095.0,388.8831742469076,4100.131431848038,0.0744277760386467,0,4.89048020447388,2.085751331832552,73,control
2038,224.0,4044.0,226.67128122388175,4045.5206275659334,0.08183038979768753,0,3.7415241110673696,0.9488922968889303,73,control
2039,287.0,4029.0,449.0,4129.0,0.053115785121917725,0,190.42058932993737,,73,control
2040,392.0,4084.0,376.0453111499859,4149.511896066958,0.05212536081671715,0,66.8724076637036,1.6585950595656345,73,control
2041,371.0,3910.0,155.0949200806294,4046.2176478232623,0.05664098262786865,0,253.93122522398636,2.3838747964472176,73,control
2042,328.0,3941.0,336.8616073642845,4089.550776448899,0.06480104476213455,0,148.3664998141322,1.9060180788538323,73,control
2043,314.0,4067.0,378.4136142339541,3918.731479796325,0.062352921813726425,0,162.2502570199358,0.8175937318735753,73,check
2044,361.0,4083.0,465.8450179224016,3975.9023372184533,0.05736301839351654,0,150.29758644425314,0.6828396966659063,73,control
2045,429.0,3944.0,499.0,4236.0,0.0502987802028656,0,299.9725358243918,,73,control
2046,262.0,4113.0,334.77930090501263,3973.949576232355,0.060077570378780365,0,157.6680378271483,3.5475853387961256,73,control
2047,227.0,4113.0,492.0,3963.0,0.05159676447510719,0,304.8308309466277,,73,control
2048,312.0,4095.0,311.0,4099.0,0.06819771230220795,0,3.4945227020103964,,73,control
2049,292.0,4104.0,179.9482026445007,4023.849181135155,0.09008274227380753,0,137.2573430114023,1.7089970773562553,73,control
2050,270.0,3907.0,553.0,4001.0,0.05059152841567993,0,298.15191669725147,,73,check
2051,314.0,4079.0,333.098638891151,4071.2333529649613,0.05240518972277641,0,21.39104767017954,1.8216492093556111,73,control
2052,391.0,3912.0,293.33924837561693,4075.0997809873743,0.05718608573079109,0,189.25909515328928,1.200216011428646,73,check
2053,323.0,4098.0,325.54409051682035,4099.551779611478,0.05931737273931503,0,3.359076682137022,1.333179553215536,73,control
2054,349.0,4083.0,354.3422046603624,4085.9109753464436,0.052210733294487,0,6.395665203483742,0.5847937900905372,73,check
2055,283.0,3927.0,304.0,4070.0,0.057634707540273666,0,144.12485227352846,,73,control
2056,252.0,4071.0,556.2603984701999,4065.890166334297,0.05369972810149193,0,304.2919630478445,0.7600690581630813,73,control
2057,252.0,4071.0,249.0,4074.0,0.05656754970550537,0,3.212542347914013,,73,control
2058,365.0,3953.0,418.3771208187021,4143.168094915184,0.0750986710190773,0,197.2254241393566,2.120009606809817,73,check
2059,416.0,3981.0,365.1304794491264,3817.8303022911305,0.05484771355986595,0,171.10721788782232,1.8121267012719489,73,control
2060,245.0,4003.0,216.0,4183.0,0.05782430246472359,0,181.53575644272703,,73,control
2061,241.0,3903.0,228.36431613973753,4046.212056613661,0.06734868139028549,0,143.0860078344542,1.4417878588435742,73,check
2062,425.0,4002.0,364.0,3930.0,0.05211716517806053,0,94.30474609914268,,73,check
2063,345.0,4023.0,96.0,4029.0,0.051364120095968246,0,247.71036894431649,,73,control
2064,264.0,4040.0,262.0,4041.0,0.05965294688940048,1,1.2252143262477055,,73,control
2065,365.0,4104.0,500.9460964588206,3955.783124749904,0.06820883601903915,0,201.44692426935924,1.6787511925522294,73,control
2066,280.0,4092.0,165.0,4016.0,0.05935090407729149,0,137.26123953571894,,73,check
2067,401.0,3922.0,474.0,3802.0,0.07404064387083054,0,140.85898277999146,,73,control
2068,282.0,4061.0,350.0,4094.0,0.09974955767393112,0,75.90038501902144,,73,control
2069,361.0,4093.0,463.95155471176946,3974.910684991374,0.05026017874479294,0,157.0943024003305,0.5910533177467263,73,control
2070,249.0,4037.0,247.0,4037.0,0.08065111935138702,1,1.2433758800699048,,73,control
2071,238.0,4038.0,210.0,3779.0,0.05664768069982529,0,260.95909479889383,,73,control
2072,252.0,4059.0,341.0,4053.0,0.0814424678683281,0,89.85296387498904,,73,control
2073,314.0,4057.0,435.0,3977.0,0.053634364157915115,0,145.5597788321757,,73,control
2074,380.0,3999.0,351.0,3959.0,0.06009385734796524,0,49.40454115921785,,73,control
2075,629.0,3925.0,612.4614695157941,3931.2208921370197,0.05580607056617737,0,17.743272454129084,0.7741056253252532,74,control
2076,647.0,4047.0,750.9671499479539,3779.41834676498,0.06209883093833923,0,286.84541230705736,5.144073474345313,74,control
2077,625.0,4018.0,715.0,3970.0,0.05861707031726837,0,101.62093800950056,,74,check
2078,510.0,4083.0,690.9763090161316,3811.0327154959186,0.05209710821509361,0,326.52157657633285,2.1206707839826566,74,control
2079,598.0,4071.0,579.0353598941053,4016.982498481305,0.063929483294487,0,57.452179759291724,1.3686076663257296,74,control
2080,599.0,4116.0,369.0,4175.0,0.053024496883153915,0,236.8550050745138,,74,control
2081,640.0,3910.0,689.0,3897.0,0.05329062417149544,0,50.37738716335262,,74,control
2082,524.0,4035.0,371.0,4195.0,0.05295110121369362,0,220.71002161351842,,74,control
2083,638.0,4112.0,376.0,4184.0,0.059853971004486084,0,271.14032707587046,,74,control
2084,644.0,3985.0,612.0,3929.0,0.07356240600347519,0,64.6786672963187,,74,control
2085,543.0,3919.0,403.0,3959.0,0.056956853717565536,0,145.04156940376356,,74,check
2086,492.0,4096.0,454.0,3997.0,0.05978774279356003,0,106.24270619834336,,74,control
2087,455.0,3997.0,418.22130493267883,3836.700338815462,0.05295756459236145,0,164.69141534751773,1.0165840820704939,74,control
2088,604.0,3973.0,602.4300453628277,3838.879795227911,0.07003314793109894,0,134.2582453516317,0.9260649264210196,74,check
2089,583.0,3922.0,651.0,4187.0,0.05464710295200348,0,273.36178636406026,,74,control
2090,599.0,3921.0,567.0,4209.0,0.053000979125499725,0,289.5390083322825,,74,check
2091,498.0,4104.0,670.0,4048.0,0.0625990480184555,0,180.59125740300752,,74,control
2092,526.0,3945.0,536.5893990434748,3963.2597591303343,0.05511639267206192,0,20.950653014198263,1.8264067671711983,74,control
2093,475.0,4085.0,544.0,3808.0,0.062245048582553864,0,285.67681474414167,,74,control
2094,472.0,3977.0,417.0,3896.0,0.050960153341293335,0,97.94660843815704,,74,check
2095,503.0,3977.0,654.0,3981.0,0.06139211356639862,0,150.78148327223485,,74,control
2096,617.0,4008.0,464.0,4180.0,0.06833045929670334,0,229.79329085753565,,74,control
2097,547.0,3996.0,663.0,3900.0,0.05094411224126816,0,150.4136307882232,,74,control
2098,542.0,3933.0,555.5475866907221,4221.008922950719,0.05214151740074158,0,288.06254910349895,1.5649912215766648,74,control
2099,542.0,3933.0,338.29924458008696,3976.9747684511535,0.05615929141640663,0,207.65468708779687,3.5720810987169984,74,control
2100,460.0,4051.0,713.8108147952602,4032.310184604998,0.05969568341970444,0,254.0387268816072,1.112567139054974,74,control
2101,583.0,3951.0,650.0,4216.0,0.07035142928361893,0,273.10705208615366,,74,control
2102,537.0,3988.0,539.0,3954.0,0.05983976274728775,0,34.28839899468591,,74,control
2103,523.0,3936.0,465.0,3932.0,0.07669313251972198,0,57.85800923230848,,74,check
2104,490.0,3976.0,442.0,3849.0,0.06006566807627678,0,135.92259429297923,,74,control
2105,597.0,3944.0,736.0,4091.0,0.05483401194214821,0,201.9148275778306,,74,control
2106,783.0,3982.0,651.8522587798352,4036.661291435086,0.0646367073059082,0,142.30208155119806,1.3744055726036384,75,control
2107,764.0,4079.0,642.1699096922232,4021.819834399721,0.14678336679935455,0,134.85861186990465,1.442484151758196,75,control
2108,668.0,4011.0,587.2934127084361,3857.666916044374,0.067499078810215,0,173.42097571416716,2.4022629715044967,75,control
2109,820.0,4067.0,650.520507728727,4038.1306652184967,0.07795204222202301,0,172.21637706459828,1.0533308792877745,75,control
2110,819.0,4059.0,847.9162660167237,3859.2127153934975,0.06530565768480301,0,201.60719370524814,2.4610055679418568,75,control
2111,708.0,4058.0,814.0483408016444,4022.759233301378,0.06968150287866592,0,111.0111709682103,0.867918055270985,75,control
2112,723.0,4020.0,542.61141345078,3882.9902057784307,0.0821608230471611,0,226.57103524187443,1.456282907892233,75,control
2113,657.0,4012.0,788.0,3820.0,0.05202844366431236,0,232.02030312904733,,75,control
2114,768.0,4014.0,759.5080815393769,4015.5187735548484,0.06080494448542595,0,9.211593319614389,0.707261523257073,75,check
2115,813.0,4016.0,803.4179410500205,4003.548713977764,0.12835167348384857,0,16.1032415108341,1.070491159659048,75,control
2116,718.0,4089.0,770.0,4178.0,0.05289203301072121,0,102.73065457370342,,75,control
2117,718.0,4089.0,752.6749974110719,4162.732416159531,0.09148679673671722,0,81.19470263388514,1.220505335221639,75,control
2118,747.0,3956.0,677.8604722182132,4125.024361985015,0.06975941359996796,0,182.67504143833918,1.395786745484468,75,check
2119,680.0,4088.0,567.0,4081.0,0.05512818321585655,0,113.28269294355317,,75,control
2120,708.0,4036.0,622.0,3803.0,0.13043995201587677,0,248.49396105277506,,75,control
2121,708.0,4036.0,589.0,3949.0,0.05054269731044769,0,147.56316091535527,,75,control
2122,697.0,3944.0,780.6429167602511,3775.5813645869694,0.05445437878370285,0,187.71420111763106,1.1159594259356818,75,check
2123,748.0,3976.0,584.0529114197452,4061.346658133061,0.05257675051689148,0,184.8254947656639,0.9237646503229564,75,control
2124,840.0,4044.0,813.0,3962.0,0.06290633976459503,0,86.47570197193087,,75,control
2125,692.0,3971.0,627.0,3811.0,0.05802777037024498,0,172.83341426291705,,75,control
2126,667.0,3908.0,664.0,3909.0,0.06981834024190903,0,3.4002146774080746,,75,control
2127,758.0,4104.0,781.0,4165.0,0.059587251394987106,0,64.95487818600978,,75,control
2128,743.0,3912.0,773.6503428857002,3824.8659904743267,0.06446226686239243,0,92.1144759127921,3.4228938855698905,75,control
2129,728.0,3943.0,655.2517095498653,3979.8206384599134,0.08092744648456573,0,81.73539587854557,1.9248562610690623,75,control
2130,728.0,3943.0,643.9816680330188,3839.110756845924,0.05655346438288689,0,133.79077931654857,1.1660574463293945,75,control
2131,793.0,4098.0,778.3621050081317,3899.490886245405,0.05110378935933113,0,199.03059837040797,1.1035620592320625,75,check
2132,759.0,3978.0,712.0,4150.0,0.069168321788311,0,178.3754883540633,,75,control
2133,824.0,3993.0,719.0,3904.0,0.05249805003404617,0,137.97712038481683,,75,check
2134,685.0,3962.0,653.741594189453,3768.1408331915322,0.10277567058801651,0,196.4463743704511,1.1238217059831481,75,control
2135,739.0,4028.0,576.0,4005.0,0.05967402830719948,0,164.69123598063683,,75,control
2136,692.0,4036.0,691.0,4036.0,0.07642420381307602,1,1.399697397592784,,75,control
2137,725.0,3986.0,655.0,4155.0,0.06949613988399506,0,182.93030031752346,,75,control
2138,832.0,3947.0,855.0,4014.0,0.06686455011367798,0,70.68156635844521,,75,check
2139,691.0,4003.0,816.0,4226.0,0.09127683937549591,0,255.27028693144996,,75,control
2140,742.0,4095.0,558.0,3942.0,0.05921141430735588,0,239.40912169478764,,75,check
2141,675.0,3958.0,606.0,3815.0,0.06757852435112,0,158.91227946926355,,75,control
2142,670.0,4069.0,729.0,4130.0,0.05185447260737419,0,84.45621669228859,,75,control
2143,34.0,4327.0,29.0,4202.0,0.06350421160459518,0,125.9162446469788,,76,check
2144,52.0,4199.0,328.87338871855263,4401.861605149372,0.05742909386754036,0,343.32757365571587,0.7564930887140716,76,control
2145,198.0,4227.0,200.0,4079.0,0.0657278522849083,0,148.67424982598564,,76,control
2146,62.0,4161.0,239.0,4219.0,0.08016648143529892,0,186.87947120757573,,76,control
2147,29.0,4205.0,29.0,4202.0,0.0568377785384655,0,4.138891252035042,,76,check
2148,29.0,4205.0,35.0,4241.0,0.06880520284175873,0,35.91175823590843,,76,control
2149,196.0,4209.0,231.0600947415668,4079.719481854229,0.052897024899721146,0,134.78245840157194,3.9846247862977235,76,control
2150,33.0,4249.0,37.0,4057.0,0.061278801411390305,0,192.90615045727804,,76,control
2151,214.0,4334.0,187.02668734800037,4081.169068914682,0.059434887021780014,0,254.81108018301853,1.4215743664309055,76,control
2152,136.0,4242.0,132.31524709825032,4240.1522538375275,0.06946151703596115,0,3.6271094042692127,0.7349703475383699,76,control
2153,69.0,4136.0,306.0,4246.0,0.05028128996491432,0,261.63890219591883,,76,control
2154,36.0,4217.0,48.0,4058.0,0.06587370485067368,0,160.38204933850486,,76,check
2155,36.0,4217.0,34.0,4046.0,0.05281342566013336,0,171.8293780142673,,76,control
2156,80.0,4222.0,177.64004913079077,4288.050239555261,0.059049420058727264,0,118.32345478250443,1.6326950837975074,76,check
2157,45.0,4244.0,37.0,4057.0,0.06722267717123032,0,187.9397116571035,,76,control
2158,182.0,4169.0,213.46026950318353,4016.429953741662,0.05194896459579468,0,156.58776022973638,5.084646502450563,76,check
2159,111.0,4280.0,237.68519880150714,4359.052009347382,0.05841860920190811,0,149.66459609585954,1.927023862805804,76,control
2160,207.0,4140.0,156.40573541688752,4041.8975534963465,0.05106004700064659,0,110.46537312697093,4.6686089125492165,76,control
2161,28.0,4269.0,33.0,4075.0,0.05457206070423126,0,194.94468836367182,,76,control
2162,95.0,4306.0,225.0,4327.0,0.05793948099017143,0,132.4252576206489,,76,control
2163,128.0,4300.0,130.2023196341034,4302.01114347391,0.06579727679491043,0,3.5666280044905587,0.8164091570891482,76,control
2164,153.0,4286.0,148.26217219856053,4281.905962741943,0.06508609652519226,0,6.056528585561187,4.030227001810388,76,control
2165,195.0,4272.0,197.0,4271.0,0.06768807768821716,0,3.405173467327423,,76,control
2166,33.0,4167.0,37.0,4057.0,0.08907879143953323,0,110.96426919431086,,76,control
2167,210.0,4261.0,208.0,4263.0,0.05418748781085014,1,1.705766817038881,,76,check
2168,86.0,4304.0,278.0,4434.0,0.056847091764211655,0,232.06662700453342,,76,control
2169,111.0,4321.0,245.44279875897294,4362.261384053383,0.05028039589524269,0,141.19117520282796,2.2556974519830186,76,control
2170,93.0,4124.0,51.0,4104.0,0.06747142970561981,0,45.584533797852714,,76,control
2171,176.0,4226.0,127.0,4069.0,0.060845665633678436,0,164.79848627447234,,76,control
2172,201.0,4193.0,151.0,4035.0,0.06709381192922592,0,166.03027408322328,,76,control
2173,135.0,4289.0,132.0,4288.0,0.09553326666355133,1,2.5633617858830795,,76,control
2174,393.0,4322.0,183.03451450263563,4255.311837395393,0.06410002708435059,0,219.5580067108469,1.675160123991165,77,control
2175,393.0,4322.0,263.0,4407.0,0.05073726922273636,0,154.3756967195869,,77,check
2176,294.0,4218.0,542.0,4292.0,0.08650298416614532,0,258.66473020797764,,77,control
2177,242.0,4162.0,302.4448167487074,4092.3724033870303,0.055024404078722,0,93.07295446243046,2.21669471350426,77,control
2178,320.0,4212.0,178.0,4286.0,0.0640428215265274,0,158.90221456291667,,77,control
2179,402.0,4268.0,464.7264987630384,4031.8885303465663,0.0611453577876091,0,244.6862631180506,1.919142236397802,77,check
2180,304.0,4321.0,494.2796101981733,4341.235065534277,0.05170951038599014,0,191.37635446576732,0.9892301902587368,77,control
2181,432.0,4287.0,437.1502784765697,4230.090133958822,0.05813814327120781,0,57.56629300773045,0.6794897761186638,77,check
2182,425.0,4251.0,429.0,4258.0,0.0707753524184227,0,7.855294635233546,,77,control
2183,392.0,4183.0,292.75525421800745,4242.122572282656,0.06285250186920166,0,114.63710379678282,0.7252899498774298,77,control
2184,349.0,4170.0,300.0,4090.0,0.056015100330114365,0,93.8911732373238,,77,control
2185,244.0,4196.0,126.0,4061.0,0.07221020758152008,0,179.03363754028072,,77,control
2186,360.0,4198.0,337.0,4127.0,0.051450833678245544,0,74.92105266504835,,77,control
2187,336.0,4277.0,304.0,4044.0,0.05335608497262001,0,235.60018876988556,,77,control
2188,385.0,4154.0,256.0,4089.0,0.09996017813682556,0,143.95189173317243,,77,control
2189,385.0,4154.0,468.831712514988,4231.040875436776,0.07412063330411911,0,113.74064104952771,0.549171606682514,77,control
2190,230.0,4152.0,180.0,4257.0,0.06788140535354614,0,115.2278255577398,,77,control
2191,389.0,4194.0,445.3517305553821,4292.36059901498,0.0671563670039177,0,113.12039012148463,0.9016899813440441,77,check
2192,419.0,4130.0,267.0,4125.0,0.0773414745926857,0,151.2942304544858,,77,control
2193,232.0,4259.0,412.12053877402235,4240.070354269581,0.05424383282661438,0,181.49654543629595,1.2910583208714836,77,control
2194,413.0,4147.0,270.9106352443893,4312.4805470373285,0.12712810933589935,0,217.17708579474282,0.24003013533828493,77,control
2195,413.0,4147.0,419.0,4149.0,0.05484820529818535,0,6.551943350672389,,77,control
2196,306.0,4303.0,461.64172516442517,4081.080991483371,0.08939044177532196,0,271.48420368875276,0.8998641622928476,77,control
2197,306.0,4303.0,312.20726387090616,4292.778860470903,0.05751340836286545,0,12.755577018046289,1.1989712837398483,77,control
2198,306.0,4303.0,194.72496041992753,4029.352359297406,0.05229819938540459,0,295.6036502726776,1.6564088517102085,77,control
2199,272.0,4318.0,226.0,4045.0,0.07667217403650284,0,277.2889556557258,,77,control
2200,309.0,4125.0,341.0,4053.0,0.061652831733226776,0,79.4773607265823,,77,control
2201,322.0,4223.0,119.9209590369759,4141.450794652119,0.05808195844292641,0,217.05372615509052,2.26445833327351,77,control
2202,402.0,4216.0,265.0,4418.0,0.11306494474411011,0,243.15248092445538,,77,control
2203,390.0,4212.0,155.0,4234.0,0.056268587708473206,0,234.87042965039953,,77,control
2204,399.0,4225.0,163.0,4274.0,0.054707057774066925,0,239.85170644667093,,77,check
2205,399.0,4225.0,168.0,4258.0,0.05918235704302788,0,232.20721037809153,,77,control
2206,277.0,4199.0,442.0,4335.0,0.06635754555463791,0,213.7275166845676,,77,check
2207,225.0,4308.0,437.24979288045677,4228.029698357536,0.051215313374996185,0,227.2106000955415,1.2879133783561345,77,control
2208,225.0,4308.0,162.0,4081.0,0.0551551915705204,0,235.94360256976069,,77,check
2209,372.0,4283.0,272.51077710879116,4205.770322747615,0.05035229027271271,0,125.70753477393606,4.895694670109502,77,check
2210,234.0,4287.0,357.6004553241603,4416.280020832029,0.11378388106822968,0,178.77511013962962,0.4304421336465781,77,control
2211,422.0,4289.0,478.0,4427.0,0.07869725674390793,0,148.5932129368542,,77,control
2212,422.0,4289.0,250.0,4431.0,0.0859205573797226,0,222.05076087723234,,77,control
2213,354.0,4249.0,228.80341454282126,4391.311664453333,0.05743904411792755,0,188.49567468987013,0.8793114190363511,77,control
2214,300.0,4120.0,182.0,4049.0,0.07171665132045746,0,137.1268177094383,,77,control
2215,248.0,4133.0,218.18562099803864,4359.95814564831,0.05335601791739464,0,228.12195143104677,0.8300440839830379,77,control
2216,301.0,4250.0,172.0,4189.0,0.08225641399621964,0,142.03810068907416,,77,control
2217,647.0,4308.0,645.0,4308.0,0.06141652911901474,1,2.373236445695257,,78,check
2218,629.0,4220.0,663.0,3981.0,0.06003923714160919,0,241.4515797700123,,78,control
2219,650.0,4291.0,460.51855414619223,4076.959137540566,0.06020519137382507,0,285.9447814619341,1.0468762386869626,78,control
2220,510.0,4138.0,506.76859291294755,4139.029586888152,0.05398216098546982,0,3.213281138885699,2.347752127689826,78,check
2221,444.0,4299.0,604.0,4261.0,0.060990262776613235,0,164.27754234208612,,78,control
2222,621.0,4223.0,732.8050922013804,4297.28794444549,0.05443291738629341,0,133.67933887817685,2.5987781805527663,78,control
2223,613.0,4220.0,371.0,4195.0,0.06675738841295242,0,242.86150169558428,,78,control
2224,647.0,4139.0,735.9477941969367,4033.558861734097,0.08374588191509247,0,137.6181168333429,0.45654014963904305,78,check
2225,466.0,4223.0,461.7295352862845,4356.689228741238,0.0779389962553978,0,133.35440301719416,1.6103323266906442,78,control
2226,522.0,4154.0,697.0,4403.0,0.051267359405756,0,303.9151972019979,,78,control
2227,437.0,4196.0,405.0,4358.0,0.05274702236056328,0,164.61350657756964,,78,control
2228,500.0,4217.0,436.0386439285747,4230.769475930073,0.06719224154949188,0,65.07517633154745,0.664807393472122,78,control
2229,500.0,4217.0,625.9088198953067,4022.0096861662223,0.052937474101781845,0,232.11538789539028,1.4213048665292645,78,control
2230,495.0,4262.0,372.6222628425575,4357.620864405435,0.0628403052687645,0,154.67206844169453,0.49662448082691546,78,control
2231,507.0,4152.0,508.0938693415872,4154.22185807459,0.05083383992314339,1,2.2560111533784752,2.1518287226506647,78,control
2232,461.0,4247.0,666.3601566761213,4332.5999213832565,0.0826147124171257,0,222.02122773363516,1.4028496931971899,78,control
2233,536.0,4135.0,389.0,4238.0,0.05770743638277054,0,178.89622198028547,,78,control
2234,593.0,4297.0,661.0,4103.0,0.0608537532389164,0,205.57035755610514,,78,control
2235,645.0,4213.0,586.0,4213.0,0.050529494881629944,0,59.15847881349666,,78,check
2236,519.0,4247.0,323.50091875645194,4011.270439101473,0.06592529267072678,0,306.1863177621539,0.9733546456557374,78,control
2237,545.0,4292.0,649.0,4086.0,0.08890579640865326,0,230.7436803433678,,78,control
2238,604.0,4163.0,616.0,4467.0,0.06926580518484116,0,303.9806971161837,,78,check
2239,459.0,4150.0,495.0,4266.0,0.07815464586019516,0,121.15825289747976,,78,check
2240,470.0,4139.0,325.0,4461.0,0.05635533854365349,0,352.40436484008745,,78,control
2241,579.0,4160.0,635.0,4413.0,0.06947782635688782,0,258.8374275996841,,78,control
2242,491.0,4206.0,442.0,4335.0,0.09507589787244797,0,137.52610188106362,,78,control
2243,485.0,4153.0,488.5455385797213,4151.86235326923,0.11487685889005661,0,3.9746317238170152,1.8859251781832076,78,check
2244,444.0,4184.0,725.6830245830276,4101.71142655468,0.06546205282211304,0,292.9643938781859,2.0187084962758126,78,control
2245,436.0,4272.0,706.1417257054231,4465.450712551457,0.05049297958612442,0,331.69201279884385,1.0394309403875592,78,control
2246,497.0,4248.0,581.0,4390.0,0.05701789632439613,0,164.64750009947178,,78,control
2247,477.0,4161.0,607.0,4358.0,0.054369378834962845,0,235.68384727127076,,78,control
2248,572.0,4224.0,481.4535717011664,4119.326950981178,0.05457255244255066,0,138.52927656170678,2.6122662055942225,78,control
2249,459.0,4315.0,435.0,4325.0,0.054685723036527634,0,25.61643952534064,,78,control
2250,494.0,4155.0,327.0,4139.0,0.051085930317640305,0,167.18938503918457,,78,control
2251,467.0,4166.0,458.73103609361266,4422.43040235443,0.05228471755981445,0,256.14398960482896,1.6065950806341842,78,control
2252,504.0,4191.0,534.0,4424.0,0.06171889975667,0,234.58626227823513,,78,control
2253,743.0,4167.0,687.0,4192.0,0.07104083895683289,0,61.69221898243516,,79,control
2254,707.0,4231.0,558.6809812632117,4353.520387413216,0.07751818746328354,0,192.2988834063293,0.556612485616888,79,check
2255,797.0,4320.0,774.3622173685737,4214.905447316537,0.09425229579210281,0,107.66391800791934,2.5371518202034378,79,control
2256,668.0,4312.0,581.9836163650292,4179.001721708072,0.0541284903883934,0,158.64912222029213,1.0802883963913643,79,check
2257,745.0,4234.0,586.0,4213.0,0.05075910687446594,0,160.56705626704763,,79,control
2258,731.0,4130.0,723.9380909913466,4040.5490994108372,0.06897900998592377,0,89.79897844473756,1.8563539681574583,79,control
2259,760.0,4188.0,669.0427438559037,4287.605973977326,0.05841526761651039,0,135.07081856267635,1.9659165117125452,79,check
2260,800.0,4143.0,691.191473408586,4052.390487322883,0.055812276899814606,0,141.95176845994493,0.6896524951700865,79,control
2261,788.0,4125.0,644.0,4237.0,0.05450550466775894,0,182.59433957870164,,79,control
2262,819.0,4220.0,855.0,4014.0,0.07009537518024445,0,208.84816556334593,,79,control
2263,699.0,4335.0,569.4948821598849,4328.051867892348,0.05146792531013489,0,129.85915203127877,1.471836862117813,79,control
2264,659.0,4231.0,666.0,4351.0,0.05162766948342323,0,120.01819049987103,,79,control
2265,785.0,4195.0,781.4717215663923,4198.7005249405065,0.07304690033197403,0,5.64014837454559,3.4692538633866015,79,check
2266,823.0,4260.0,599.0,4362.0,0.05089995637536049,0,246.26034918871198,,79,check
2267,781.0,4290.0,632.0,4237.0,0.055135324597358704,0,158.4889832520576,,79,control
2268,826.0,4208.0,717.0,4305.0,0.05352361872792244,0,146.28060660645946,,79,control
2269,826.0,4208.0,855.0,4014.0,0.113253153860569,0,195.90251278052426,,79,control
2270,836.0,4311.0,627.0,4020.0,0.05067818611860275,0,358.507445238799,,79,control
2271,825.0,4237.0,581.4099898683093,4058.809763006067,0.052071601152420044,0,301.9941710421129,0.3220915606127317,79,control
2272,828.0,4327.0,623.0,4055.0,0.07963273674249649,0,340.84432436589253,,79,control
2273,757.0,4197.0,678.0,4312.0,0.06401681900024414,0,139.66994797444173,,79,control
2274,822.0,4192.0,627.0,4020.0,0.05715647712349892,0,260.2617404160914,,79,control
2275,799.0,4330.0,783.0,4442.0,0.060440585017204285,0,113.21208756550334,,79,control
2276,831.0,4174.0,791.0,4137.0,0.07754341512918472,0,55.00699725681592,,79,control
2277,821.0,4183.0,627.0,4419.0,0.05858207494020462,0,305.55915381673424,,79,control
2278,179.0,4522.0,174.0,4531.0,0.11628466844558716,0,9.185063720691128,,80,control
2279,199.0,4484.0,309.6923794999973,4375.620916520447,0.11339699476957321,0,155.74070639825425,1.0896829898969822,80,control
2280,33.0,4462.0,33.0,4439.0,0.10460605472326279,0,23.95098211266045,,80,control
2281,179.0,4448.0,269.11790861407604,4313.289414936163,0.11133197695016861,0,162.99015078936486,0.7109612619895469,80,control
2282,171.0,4482.0,168.69734906688157,4482.468653325257,0.10309309512376785,1,1.374097087459072,4.132547663355812,80,control
2283,185.0,4512.0,179.45305451876013,4519.9571052607225,0.10941328853368759,0,8.559756094383065,2.1833130242630925,80,check
2284,434.0,4370.0,461.800516332755,4359.419956798026,0.05437653139233589,0,30.029268570216672,0.8846048322318231,81,control
2285,367.0,4435.0,440.8286897387786,4396.019629082185,0.09253986179828644,0,83.86346766987172,1.6934440621405735,81,control
2286,421.0,4513.0,183.20551338836282,4257.57252353127,0.07264111936092377,0,348.8141826915024,3.737792423444776,81,control
2287,296.0,4503.0,454.6666299079408,4656.618666422891,0.07793843001127243,0,220.56364782110197,0.757376514036476,81,check
2288,304.0,4425.0,428.0,4622.0,0.05445076897740364,0,232.4395536265624,,81,control
2289,252.0,4500.0,253.0,4499.0,0.050431594252586365,1,2.388187503546883,,81,control
2290,319.0,4509.0,178.0,4286.0,0.10047656297683716,0,263.90312313343225,,81,control
2291,414.0,4494.0,546.0,4403.0,0.07129368185997009,0,160.41130734978032,,81,control
2292,325.0,4545.0,279.0,4291.0,0.0500398613512516,0,258.59304979301965,,81,control
2293,342.0,4507.0,428.9475329386767,4449.793130639919,0.09109731018543243,0,104.5069064084197,0.9874202026878592,81,check
2294,253.0,4457.0,258.9673245516037,4460.293515219483,0.06012173742055893,0,7.175148655922376,1.6897234191719137,81,check
2295,383.0,4491.0,366.0,4384.0,0.06283582001924515,0,108.78567594461123,,81,control
2296,377.0,4351.0,240.52212785167399,4449.72081471519,0.05660849064588547,0,167.42699079926163,1.6297935371202117,81,control
2297,420.0,4386.0,401.24018149641205,4571.3100078376165,0.07372553646564484,0,185.7219886400406,0.28605809550597383,81,check
2298,273.0,4360.0,534.0,4424.0,0.081964410841465,0,268.57059671611876,,81,check
2299,425.0,4454.0,491.7194335912505,4475.74418672061,0.05214744061231613,0,70.07116420029419,1.0999828287280438,81,control
2300,222.0,4471.0,224.75372808059777,4467.301378861646,0.0987122431397438,0,5.652852067063697,1.4058888972282813,81,control
2301,294.0,4428.0,534.0,4424.0,0.061361003667116165,0,239.9531172921791,,81,control
2302,328.0,4354.0,92.97127141644792,4387.910452283658,0.08258278667926788,0,236.1391233180809,1.2196379258021146,81,control
2303,321.0,4438.0,291.11499773896907,4594.357697376947,0.07009334862232208,0,158.44976192151327,1.1234404541814895,81,control
2304,419.0,4403.0,354.7892827414991,4242.839556441608,0.09012174606323242,0,172.82783729041788,0.6597586023799417,81,control
2305,308.0,4394.0,307.1336182949668,4396.482198120705,0.05920827016234398,1,1.916914391470795,4.092688491738085,81,control
2306,342.0,4419.0,403.2200848405113,4535.109943428069,0.056226570159196854,0,130.93525180992958,0.2919998498145458,81,control
2307,289.0,4448.0,287.0,4450.0,0.07645668089389801,1,1.946819377540309,,81,control
2308,288.0,4520.0,284.0,4519.0,0.06318110227584839,0,3.7654300564759695,,81,control
2309,246.0,4435.0,247.97080914246075,4436.450090790988,0.07140836119651794,1,2.828827373450025,1.2889838991730624,81,control
2310,302.0,4375.0,544.8888340585124,4405.159708415877,0.0605664886534214,0,244.60604006380288,1.0184649090227418,81,control
2311,276.0,4420.0,472.0944609729024,4510.767288806569,0.05686500295996666,0,215.96380996364465,1.1967495336783927,81,control
2312,401.0,4425.0,512.0,4349.0,0.053665097802877426,0,134.72239522804907,,81,control
2313,401.0,4425.0,139.0,4538.0,0.07967662066221237,0,284.0667697515899,,81,control
2314,233.0,4488.0,503.0,4478.0,0.059651508927345276,0,270.18358963817815,,81,check
2315,233.0,4488.0,188.0460773849509,4211.93249525344,0.05249958112835884,0,280.2201152979576,1.8413810010512834,81,check
2316,374.0,4522.0,413.3473357065162,4250.268838426091,0.09394966065883636,0,275.0408756783279,3.271387514497801,81,control
2317,265.0,4504.0,520.0,4419.0,0.08358404040336609,0,268.861731358071,,81,control
2318,230.0,4341.0,346.0,4534.0,0.06500575691461563,0,224.90837674958428,,81,control
2319,237.0,4409.0,474.1970572299465,4272.178704467269,0.06351233273744583,0,274.13954729835683,0.8687809228754851,81,control
2320,252.0,4425.0,144.0,4322.0,0.06784559041261673,0,148.97937249646836,,81,control
2321,233.0,4532.0,521.3652560596732,4468.857759703132,0.05979013815522194,0,295.2085565281675,1.3973437950968395,81,check
2322,243.0,4479.0,255.24034614194176,4307.830136588431,0.0878414586186409,0,172.28926007250791,0.6410287744021624,81,control
2323,235.0,4522.0,322.0,4313.0,0.05906330794095993,0,227.11506436665456,,81,control
2324,586.0,4504.0,368.8456163455768,4386.792805178144,0.08330180495977402,0,246.64833498510123,1.1203041993662444,82,control
2325,586.0,4504.0,740.3259170951932,4291.952213470005,0.08934567868709564,0,261.93586310344057,1.600862321149478,82,control
2326,574.0,4465.0,548.0,4302.0,0.05290602147579193,0,165.35701579932538,,82,control
2327,585.0,4463.0,389.0,4259.0,0.05480650067329407,0,282.9555975164452,,82,control
2328,562.0,4483.0,623.526464166521,4627.56805632456,0.06745864450931549,0,156.7035732017027,2.2460008992450944,82,control
2329,653.0,4456.0,465.7680229861141,4457.229141212257,0.05948752909898758,0,187.13267126584688,0.5981901301099395,82,check
2330,626.0,4547.0,604.0,4261.0,0.059028856456279755,0,287.075911207411,,82,check
2331,613.0,4393.0,347.7451594781502,4648.611945074396,0.054739177227020264,0,367.6923449454586,1.4202605904557406,82,control
2332,589.0,4339.0,596.0,4543.0,0.054250314831733704,0,203.8278793224392,,82,control
2333,609.0,4373.0,343.87728492323384,4614.318502597912,0.0826629251241684,0,357.8129842596548,1.4294592998438544,82,control
2334,507.0,4470.0,496.22309657660463,4342.036707942798,0.053481362760066986,0,128.7659216364047,1.4436222223014388,82,check
2335,437.0,4542.0,403.25041979997366,4536.010188601022,0.06114603579044342,0,34.11903842236244,1.421785497672034,82,control
2336,591.0,4478.0,340.9535632027234,4550.991696897089,0.06747175753116608,0,259.90708827973,2.437690970285284,82,control
2337,485.0,4370.0,644.0,4345.0,0.07849503308534622,0,160.6091596042889,,82,control
2338,549.0,4490.0,526.0,4347.0,0.05118726193904877,0,145.1611524582715,,82,control
2339,610.0,4464.0,680.8248848963033,4617.527771161227,0.06139443814754486,0,168.64977219401086,0.6731243534462373,82,control
2340,498.0,4341.0,611.0,4597.0,0.06335291266441345,0,279.4260005595553,,82,control
2341,452.0,4345.0,733.2833612142256,4501.556881363623,0.0993928611278534,0,321.25098272865796,1.3950197810636795,82,control
2342,452.0,4345.0,602.0,4242.0,0.055262841284275055,0,181.90129893624413,,82,control
2343,452.0,4345.0,739.0,4550.0,0.05435122922062874,0,352.03015201863525,,82,control
2344,583.0,4397.0,578.7590412285068,4395.1749111360405,0.05580933764576912,0,4.9161864466659875,0.8008780825655637,82,control
2345,464.0,4406.0,415.0,4250.0,0.05063452571630478,0,163.82735479491234,,82,control
2346,517.0,4398.0,424.0,4307.0,0.059578824788331985,0,130.21799843449693,,82,check
2347,536.0,4546.0,714.0,4274.0,0.05530449002981186,0,324.83714435096545,,82,control
2348,494.0,4495.0,367.0,4584.0,0.05748775973916054,0,154.4821264237578,,82,control
2349,645.0,4450.0,312.9337958378819,4400.831889989171,0.0667445957660675,0,335.2086914487797,0.39259640044774086,82,control
2350,645.0,4450.0,427.5516986604356,4522.471021041466,0.07370270788669586,0,228.8793798711323,0.8822098069280148,82,control
2351,601.0,4342.0,585.0,4524.0,0.05632423236966133,0,182.43657850420166,,82,control
2352,488.0,4514.0,512.0,4349.0,0.07768267393112183,0,167.07250109731328,,82,control
2353,502.0,4451.0,695.0397025414727,4246.849745042629,0.053959447890520096,0,280.70615860611963,0.9146744618405799,82,check
2354,478.0,4450.0,502.79228968640757,4468.810790416313,0.062277328222990036,0,30.88667472569991,0.4911220818137403,82,control
2355,459.0,4500.0,467.0,4267.0,0.05007622018456459,0,233.51668308631616,,82,control
2356,493.0,4522.0,489.0,4524.0,0.08204067498445511,0,4.300266093070913,,82,control
2357,611.0,4384.0,613.0,4385.0,0.060732677578926086,1,1.8644617559354806,,82,control
2358,584.0,4524.0,554.0590065503311,4371.809748321705,0.05567888170480728,0,155.42086396155685,0.29465279999638766,82,check
2359,527.0,4514.0,527.0,4515.0,0.11207534372806549,1,0.6518488732867045,,82,control
2360,597.0,4544.0,530.0,4328.0,0.07121919840574265,0,226.46327206614637,,82,control
2361,455.0,4387.0,327.51448063094057,4461.942101437304,0.09213726222515106,0,147.15551719110022,0.8158327305797873,82,control
2362,634.0,4451.0,620.0,4587.0,0.05450604483485222,0,136.49838403574134,,82,control
2363,634.0,4451.0,696.7325728117988,4600.021045339543,0.06122347712516785,0,161.28044419958235,1.4841441368822847,82,check
2364,633.0,4477.0,438.0,4428.0,0.059741973876953125,0,200.98258546705867,,82,control
2365,652.0,4484.0,468.0,4298.0,0.051649853587150574,0,261.7940985245141,,82,control
2366,530.0,4410.0,359.7118006604825,4454.95101141068,0.06247033551335335,0,175.58606391713909,1.4280835424400222,82,check
2367,555.0,4359.0,683.0,4302.0,0.05701751634478569,0,139.73706308536018,,82,check
2368,613.0,4421.0,678.0815518073517,4575.481168797798,0.05465134233236313,0,167.2334831881017,2.9621993514540743,82,control
2369,561.0,4394.0,564.0,4396.0,0.06394623219966888,0,3.3132962427585313,,82,control
2370,634.0,4462.0,448.0,4345.0,0.0764528289437294,0,219.79269697355147,,82,control
2371,634.0,4462.0,545.0,4256.0,0.061350639909505844,0,224.68339409439076,,82,control
2372,825.0,4479.0,567.0,4282.0,0.06002660095691681,0,324.8728337688595,,83,check
2373,843.0,4550.0,676.6513682110717,4538.900706763064,0.0520966462790966,0,167.27668499781288,1.6068454562909549,83,control
2374,759.0,4463.0,706.0,4327.0,0.050240658223629,0,146.26588356593356,,83,control
2375,689.0,4369.0,602.6579536526468,4261.589148452416,0.05918944999575615,0,138.12081264742196,0.983757036511248,83,check
2376,705.0,4374.0,756.0,4234.0,0.061008669435977936,0,148.80488860149012,,83,control
2377,819.0,4369.0,758.0,4465.0,0.06295207887887955,0,114.08279279134581,,83,control
2378,736.0,4336.0,711.2744633207186,4270.827190074744,0.05492730066180229,0,69.9868733700397,3.8664213845495476,83,control
2379,762.0,4538.0,602.0,4242.0,0.059792403131723404,0,336.76532790807073,,83,control
2380,738.0,4521.0,727.0,4557.0,0.06379585713148117,0,37.72715801549258,,83,control
2381,747.0,4537.0,576.3585946278537,4243.929258590326,0.05507691949605942,0,339.41043309758277,1.2330743457785447,83,check
2382,803.0,4483.0,710.0,4387.0,0.08144403249025345,0,134.15316814999554,,83,control
2383,690.0,4380.0,692.0,4383.0,0.057599376887083054,0,3.21664804606161,,83,control
2384,738.0,4446.0,695.0,4601.0,0.05047820135951042,0,160.8492451791382,,83,control
2385,698.0,4526.0,657.0,4632.0,0.05371740832924843,0,113.62936622256946,,83,control
2386,834.0,4460.0,653.0,4577.0,0.06576124578714371,0,215.81530388621607,,83,control
2387,694.0,4452.0,552.0,4247.0,0.05673607811331749,0,249.64092050410923,,83,control
2388,775.0,4375.0,524.0446535701354,4608.962499267333,0.05370290204882622,0,342.9338961678915,2.0080505659593815,83,control
2389,789.0,4375.0,719.0,4570.0,0.06411006301641464,0,207.2785971732396,,83,control
2390,780.0,4456.0,580.0,4417.0,0.06218882277607918,0,204.0334511438161,,83,control
2391,780.0,4456.0,647.0,4588.0,0.060476090759038925,0,187.56148863745648,,83,control
2392,715.0,4548.0,663.0,4315.0,0.060639601200819016,0,238.97748398170313,,83,control
2393,792.0,4543.0,558.0,4354.0,0.07921118289232254,0,301.07485003999005,,83,control
2394,792.0,4543.0,723.0,4510.0,0.058786217123270035,0,77.14649632260259,,83,check
2395,753.0,4428.0,753.0,4430.0,0.09557502716779709,1,2.056731656389472,,83,control
2396,664.0,4350.0,658.4174793189621,4351.294438412968,0.058811254799366,0,6.109270749152742,2.491612975359583,83,check
2397,797.0,4339.0,694.3250885372927,4676.862682967611,0.05908653512597084,0,353.1218548970295,2.5806506523367516,83,control
2398,752.0,4439.0,752.8230774210765,4440.141389654005,0.05136021971702576,1,1.0662007118187498,1.8385156363702695,83,control
2399,721.0,4376.0,772.0,4233.0,0.0522235631942749,0,151.59836521939886,,83,control
2400,58.0,4729.0,58.0,4728.0,0.07285622507333755,1,2.2788664253425033,,84,check
2401,44.0,4660.0,48.419042908565345,4741.029575617828,0.056120339781045914,0,80.27103348177356,0.8735844160038789,84,control
2402,47.0,4611.0,55.14786995483645,4698.009367943807,0.06778605282306671,0,86.57695917370998,3.231401028902254,84,control
2403,31.0,4636.0,35.0,4713.0,0.06259477883577347,0,76.2158584919858,,84,check
2404,163.0,4732.0,153.0,4727.0,0.050490692257881165,0,10.797139049687104,,84,control
2405,50.0,4697.0,259.7880119891686,4771.089121438579,0.06388812512159348,0,222.80025437937564,0.5415992971814356,84,check
2406,50.0,4697.0,51.0,4776.0,0.057780954986810684,0,78.07007693687244,,84,control
2407,38.0,4765.0,36.57121589072231,4741.840632347186,0.06648225337266922,0,24.13037870991247,0.6502210732756338,84,control
2408,125.0,4652.0,89.57274627638813,4557.411270380345,0.05213300883769989,0,101.42237290891654,0.8745123263836267,84,control
2409,43.0,4587.0,290.04401190131364,4446.671438780135,0.05823323503136635,0,284.96026340719976,1.7524500009302386,84,control
2410,153.0,4655.0,155.0,4654.0,0.054405421018600464,0,3.4514260470467524,,84,control
2411,213.0,4723.0,229.87783901876642,4478.068935893922,0.052505120635032654,0,246.2570945215911,0.5407643328805632,84,control
2412,114.0,4587.0,179.0,4627.0,0.05023392289876938,0,76.66598912912616,,84,control
2413,153.0,4627.0,61.64130088556021,4533.7406597024265,0.059077903628349304,0,130.32428621822888,1.4025024895797757,84,control
2414,197.0,4754.0,185.1710110914284,4757.9756637640285,0.059972502291202545,0,11.468975936487592,4.061430853204649,84,control
2415,184.0,4716.0,212.0,4621.0,0.05586937814950943,0,99.97476176954852,,84,check
2416,210.0,4621.0,163.0,4740.0,0.07009951770305634,0,126.85712025096161,,84,control
2417,100.0,4724.0,157.0,4610.0,0.05906636640429497,0,128.59884539963187,,84,control
2418,77.0,4599.0,270.0,4609.0,0.05766201764345169,0,193.84078166300182,,84,control
2419,193.0,4564.0,194.83508674607808,4566.1723966248355,0.09141388535499573,0,3.0403185402995305,1.1615922270528065,84,control
2420,203.0,4719.0,196.06943112031487,4717.89398923989,0.05067381262779236,0,6.422745318446199,2.3655882897946663,84,control
2421,98.0,4559.0,97.0,4806.0,0.0623057596385479,0,246.08623700369378,,84,check
2422,81.0,4686.0,69.0,4484.0,0.05416015535593033,0,203.16376076138917,,84,control
2423,186.0,4634.0,88.85040072803477,4488.995923964346,0.06389334052801132,0,174.5951469398524,2.298155137113065,84,control
2424,190.0,4666.0,173.66401874555555,4576.897741945336,0.0536990761756897,0,91.19385345292996,3.4438481319824312,84,check
2425,209.0,4556.0,119.0,4824.0,0.06348147243261337,0,281.5525560180432,,84,control
2426,209.0,4556.0,212.2494049717894,4561.863868224271,0.12411263585090637,0,6.540802465295483,2.4249066762174403,84,control
2427,192.0,4627.0,107.0,4749.0,0.055479951202869415,0,147.36629862977077,,84,check
2428,34.0,4713.0,34.0,4688.0,0.06842649728059769,0,25.99349736293717,,84,control
2429,55.0,4611.0,57.0,4695.0,0.07093146443367004,0,83.12490468861442,,84,control
2430,179.0,4599.0,299.0,4445.0,0.05602674558758736,0,196.0753461932139,,84,control
2431,196.0,4709.0,80.0,4575.0,0.05334126949310303,0,177.13432319644483,,84,control
2432,122.0,4706.0,186.0,4613.0,0.07041754573583603,0,114.01677445695526,,84,control
2433,40.0,4704.0,39.737027819608315,4710.302852971999,0.11516059935092926,0,5.433403242813847,0.8691767056326237,84,control
2434,97.0,4700.0,247.0,4526.0,0.0523015558719635,0,230.71374610170855,,84,control
2435,61.0,4741.0,263.75441045146243,4624.3974392607915,0.055186547338962555,0,234.77779288187742,1.1386118886849121,84,control
2436,57.0,4711.0,157.0,4518.0,0.06578795611858368,0,218.51696504390785,,84,control
2437,57.0,4711.0,55.0,4711.0,0.0927586629986763,1,1.232106849615248,,84,control
2438,179.0,4726.0,166.3563539179102,4724.378623802103,0.07743650674819946,0,12.017824110548856,1.125027752674603,84,control
2439,161.0,4715.0,150.0,4706.0,0.05581284686923027,0,14.073245287718631,,84,control
2440,136.0,4724.0,72.0,4541.0,0.06819386780261993,0,194.30858044818962,,84,control
2441,136.0,4724.0,135.0,4722.0,0.08304701745510101,1,2.8525277563268463,,84,check
2442,232.0,4559.0,528.3951081226626,4503.292100463503,0.05941992253065109,0,301.5521822389263,3.117941193637383,85,control
2443,376.0,4664.0,252.0,4904.0,0.0629076287150383,0,269.2144423590701,,85,control
2444,253.0,4654.0,434.0,4679.0,0.053443726152181625,0,182.75988598123627,,85,control
2445,253.0,4654.0,215.13210165633765,4721.691012127628,0.0590241439640522,0,76.54240382861576,2.108400017280793,85,check
2446,412.0,4731.0,329.0266947625167,4843.9285160028085,0.05196959897875786,0,139.39730251790508,0.3607133228974748,85,control
2447,246.0,4720.0,154.0,4807.0,0.053565844893455505,0,125.39904295659483,,85,control
2448,345.0,4651.0,418.70727916120916,4465.459151782702,0.08398451656103134,0,200.16968463345484,2.8359090425466458,85,control
2449,302.0,4599.0,294.0,4619.0,0.06973657011985779,0,20.740209277931484,,85,check
2450,300.0,4671.0,303.0,4673.0,0.11446678638458252,0,3.747860435333138,,85,control
2451,430.0,4641.0,132.0,4817.0,0.06615584343671799,0,344.8370095419175,,85,check
2452,237.0,4581.0,477.37346524979506,4511.471385640911,0.05047013610601425,0,250.38680643998313,1.5668821973520712,85,control
2453,417.0,4685.0,206.0,4565.0,0.0628017783164978,0,242.39045294526017,,85,control
2454,240.0,4755.0,238.0,4755.0,0.07749589532613754,1,1.535596238372899,,85,control
2455,283.0,4664.0,303.0,4661.0,0.05384085327386856,0,20.821572429926984,,85,control
2456,272.0,4743.0,139.0,4538.0,0.11620654165744781,0,244.4883948361639,,85,check
2457,286.0,4731.0,306.5092942170281,4833.349721854114,0.07504014670848846,0,103.80531290503573,0.5852035988029881,85,control
2458,419.0,4715.0,203.0,4596.0,0.05717815086245537,0,246.25821914407203,,85,control
2459,323.0,4618.0,344.0,4490.0,0.07261208444833755,0,130.33865229393248,,85,control
2460,430.0,4753.0,239.86297627068083,4754.61128820722,0.05229482799768448,0,189.48983976905265,1.0605816551468623,85,control
2461,346.0,4715.0,564.6384364223601,4662.219537146696,0.05403401330113411,0,224.74132101200425,2.454431972112758,85,control
2462,340.0,4731.0,340.86541853928026,4733.062639321812,0.08128826320171356,1,1.8967326605320218,1.3697090024339211,85,check
2463,258.0,4695.0,283.0,4833.0,0.06495651602745056,0,139.64254768042264,,85,control
2464,302.0,4658.0,303.0,4661.0,0.10829392075538635,1,2.7918510817726077,,85,control
2465,353.0,4579.0,153.0,4727.0,0.07624755054712296,0,247.5753928735462,,85,control
2466,401.0,4720.0,463.0,4625.0,0.055858440697193146,0,113.84586295101896,,85,control
2467,350.0,4684.0,349.0,4686.0,0.08889089524745941,1,1.543487876677332,,85,control
2468,311.0,4683.0,434.0,4485.0,0.059431109577417374,0,233.5796125407135,,85,control
2469,406.0,4643.0,129.0,4695.0,0.05484053120017052,0,280.70283895087886,,85,control
2470,390.0,4649.0,369.0,4858.0,0.054054275155067444,0,209.4223651849932,,85,check
2471,287.0,4565.0,546.0,4555.0,0.07342630624771118,0,259.03583142529965,,85,control
2472,374.0,4681.0,368.63299979030376,4693.955908309191,0.06490903347730637,0,13.378197122826501,3.978797723941305,85,control
2473,292.0,4657.0,148.0,4746.0,0.05284919962286949,0,168.05749459950215,,85,control
2474,265.0,4730.0,153.0,4852.0,0.056603580713272095,0,164.39565827774896,,85,control
2475,312.0,4576.0,157.0,4610.0,0.0507144071161747,0,157.58964885302703,,85,check
2476,272.0,4700.0,231.0,4766.0,0.060123179107904434,0,76.70690137180493,,85,control
2477,337.0,4685.0,326.4432198715777,4879.591713358351,0.09932243824005127,0,194.19656930210945,0.21514084940307687,85,control
2478,319.0,4671.0,318.99364252915825,4677.031736581006,0.05148645490407944,0,5.419530028245705,1.6689525544413846,85,control
2479,273.0,4682.0,338.0,4594.0,0.05230601504445076,0,110.12955796426131,,85,control
2480,320.0,4756.0,202.0,4555.0,0.06331011652946472,0,233.2950246570678,,85,control
2481,294.0,4745.0,161.0,4821.0,0.05986902862787247,0,152.02292041657125,,85,control
2482,294.0,4745.0,487.0,4517.0,0.053689707070589066,0,299.03681545016366,,85,check
2483,297.0,4567.0,503.0,4478.0,0.0542970709502697,0,224.5385978829214,,85,control
2484,598.0,4692.0,608.0,4645.0,0.0542798675596714,0,48.256511235532955,,86,control
2485,581.0,4561.0,421.0,4462.0,0.05895688012242317,0,188.20243031904513,,86,control
2486,437.0,4686.0,694.3161078616814,4481.547895027568,0.0500132218003273,0,328.2975909367082,2.845963614097829,86,control
2487,652.0,4743.0,745.0852232075597,4564.227890451957,0.05043117702007294,0,201.30757624968697,2.403227227390385,86,control
2488,448.0,4710.0,426.29610935984635,4618.657907373314,0.08894414454698563,0,94.33021404857418,2.25503765819852,86,control
2489,440.0,4737.0,353.06347738944146,4503.141568334047,0.07487183809280396,0,249.87142226790166,0.6857434496568708,86,control
2490,523.0,4719.0,574.3497273149527,4723.560149925047,0.061157792806625366,0,51.20599875115126,4.6920135242977175,86,control
2491,565.0,4604.0,738.0,4745.0,0.0609397329390049,0,222.45749263803702,,86,control
2492,523.0,4623.0,336.2714437107694,4625.81594619613,0.05418584495782852,0,186.32574650279074,1.5044165487794976,86,control
2493,508.0,4751.0,387.7960834887669,4533.208166497409,0.06562212109565735,0,249.07270554057163,0.6973053195099423,86,control
2494,508.0,4751.0,620.2528378204875,4561.120962043968,0.07131115347146988,0,220.60182777638107,1.808660464717136,86,control
2495,449.0,4749.0,678.0,4571.0,0.05311087518930435,0,289.71739866613876,,86,control
2496,575.0,4761.0,602.0,4675.0,0.05334999039769173,0,90.3145501232734,,86,control
2497,581.0,4747.0,449.77753304983287,4452.628752500907,0.08263613283634186,0,322.62855932478504,1.210891164866419,86,check
2498,542.0,4583.0,552.0,4798.0,0.05593644082546234,0,214.83422897959136,,86,control
2499,575.0,4641.0,397.0,4751.0,0.06555747985839844,0,208.7923182494025,,86,control
2500,615.0,4596.0,514.0,4675.0,0.057818129658699036,0,128.0745376280404,,86,control
2501,504.0,4706.0,644.0,4854.0,0.050129570066928864,0,203.12180335554777,,86,control
2502,468.0,4627.0,625.2141733530162,4843.226996846101,0.05857943743467331,0,266.78756717273177,0.8396326428073363,86,control
2503,552.0,4616.0,434.0,4664.0,0.053619030863046646,0,127.09645952826482,,86,control
2504,549.0,4638.0,426.65837005765593,4680.845000869476,0.050618745386600494,0,129.33703106928965,3.5701541607888796,86,control
2505,528.0,4754.0,436.0521815549777,4481.100560594258,0.05762195214629173,0,288.3463902301513,3.3624472062939628,86,check
2506,464.0,4590.0,377.0,4503.0,0.061500921845436096,0,123.16785644361508,,86,check
2507,498.0,4594.0,512.6394285437943,4445.08975426373,0.08610770106315613,0,149.98128605266987,0.5366332870159924,86,check
2508,498.0,4594.0,708.0,4597.0,0.05478250980377197,0,209.35865307338298,,86,control
2509,478.0,4595.0,477.85647794305544,4595.1384414333,0.05688217282295227,1,0.3186890477092178,0.8677651333706274,86,control
2510,491.0,4754.0,720.0,4587.0,0.0824103057384491,0,282.9538922776405,,86,control
2511,513.0,4583.0,335.65564436697525,4722.557901328867,0.14006313681602478,0,224.9880751460998,2.592077245722661,86,control
2512,513.0,4583.0,335.0,4681.0,0.06242459639906883,0,202.55004808044865,,86,check
2513,483.0,4755.0,720.0,4587.0,0.06091324985027313,0,290.02608545303366,,86,check
2514,815.0,4569.0,553.0,4839.0,0.05955398827791214,0,376.1496668344325,,87,control
2515,661.0,4743.0,592.0,4624.0,0.051218751817941666,0,137.98598267274994,,87,control
2516,685.0,4767.0,734.6281981187985,4648.51935638329,0.0604717880487442,0,128.29639490091378,0.7222277776392004,87,control
2517,829.0,4769.0,790.7870578628566,4466.338934033271,0.050592850893735886,0,305.2121549447148,2.9694646200485155,87,control
2518,702.0,4737.0,653.0,4577.0,0.0563134104013443,0,167.69278797279514,,87,control
2519,660.0,4642.0,569.0,4734.0,0.05624743178486824,0,129.3675908129635,,87,control
2520,776.0,4594.0,831.1704986166178,4762.68029493148,0.07156864553689957,0,177.08674193142159,0.376600925902187,87,control
2521,666.0,4574.0,573.536420672926,4845.378016725995,0.06527600437402725,0,286.4636903126302,8.313780946910647,87,control
2522,807.0,4576.0,640.0274230023595,4627.229085477564,0.06297561526298523,0,175.03458586947252,1.0953078069765574,87,check
2523,773.0,4711.0,558.0,4615.0,0.055012911558151245,0,235.80687466545118,,87,control
2524,662.0,4658.0,572.0,4748.0,0.05342717841267586,0,127.25728916531443,,87,check
2525,793.0,4758.0,706.0,4540.0,0.05294415354728699,0,235.09725960489234,,87,control
2526,675.0,4604.0,684.0,4617.0,0.06998123228549957,0,15.315074905245869,,87,check
2527,675.0,4604.0,677.0,4601.0,0.08054708689451218,0,3.504607280327103,,87,control
2528,725.0,4567.0,545.1582059531243,4860.6945931867485,0.052094656974077225,0,344.18476163895326,1.8001636853016931,87,control
2529,752.0,4713.0,589.0,4762.0,0.07349005341529846,0,170.46884106545875,,87,check
2530,807.0,4679.0,712.0,4622.0,0.07357550412416458,0,111.4572959712341,,87,control
2531,673.0,4611.0,611.0207136172975,4743.825514949343,0.08300204575061798,0,146.480709990685,3.762259003813204,87,control
2532,681.0,4587.0,679.620411582617,4585.3005341624075,0.06833874434232712,1,2.7199079006298628,2.8938587030249865,87,control
2533,674.0,4717.0,611.0,4573.0,0.05960669368505478,0,157.57382771619373,,87,control
2534,831.0,4739.0,688.0,4853.0,0.06377353519201279,0,183.27795410454416,,87,control
2535,667.0,4694.0,575.0,4787.0,0.06293006241321564,0,130.80549252729148,,87,control
2536,684.0,4608.0,687.0,4608.0,0.07254757732152939,1,2.4042282711087783,,87,control
2537,211.0,4802.0,149.9561221636101,4983.48810734708,0.08157312124967575,0,190.37373052148376,0.6180042776396938,88,control
2538,153.0,4941.0,303.0,4673.0,0.07399328052997589,0,307.92942277805656,,88,control
2539,70.0,4776.0,68.77203996802191,5041.391165023687,0.05342702195048332,0,264.3958910871391,1.0050005435039,88,control
2540,103.0,4887.0,300.1345529643781,4670.847338394394,0.05802103132009506,0,293.36827103697135,1.7236534097401686,88,control
2541,103.0,4887.0,171.68809547023787,4764.87924259076,0.05454476550221443,0,141.24077423832685,1.6318108985255562,88,control
2542,43.0,4915.0,49.0,4741.0,0.07626647502183914,0,175.10439962819694,,88,control
2543,156.0,4949.0,208.41483486905042,4686.527961111593,0.053001388907432556,0,268.55063397811597,2.4551764785806283,88,control
2544,167.0,4808.0,134.05808354369225,4829.953499748293,0.06394919753074646,0,38.32778193511282,1.4917588108955258,88,control
2545,186.0,4844.0,159.0,4713.0,0.05912953242659569,0,134.3813927736234,,88,check
2546,186.0,4844.0,190.0,4720.0,0.056683119386434555,0,124.88090872712964,,88,control
2547,51.0,4790.0,210.0,4928.0,0.05370323359966278,0,210.51438043209848,,88,control
2548,143.0,4800.0,223.0,4944.0,0.06190243735909462,0,164.34067214062011,,88,control
2549,216.0,4885.0,43.80762258233619,5005.813278959568,0.07260183244943619,0,208.84056545121322,2.5772327236899217,88,control
2550,36.0,4790.0,38.0,5095.0,0.06746573001146317,0,303.9738382815382,,88,control
2551,75.0,4896.0,173.0,4764.0,0.07006055861711502,0,165.55959341299499,,88,check
2552,166.0,4861.0,209.89956104813862,4927.139712615944,0.05558457598090172,0,79.08705508984185,1.992094785736386,88,check
2553,50.0,4984.0,243.0,4743.0,0.07920080423355103,0,309.7295847364232,,88,control
2554,188.0,4912.0,82.0,4690.0,0.06783343106508255,0,246.3414211368823,,88,control
2555,36.0,4799.0,37.0,4770.0,0.09407638758420944,0,30.0590375199214,,88,control
2556,99.0,4922.0,186.7146872875039,4694.542151298251,0.054294850677251816,0,244.81695373645147,2.80623328256203,88,check
2557,34.0,4824.0,34.0,4688.0,0.06235584616661072,0,136.96807539013795,,88,control
2558,34.0,4824.0,35.0,4678.0,0.06127666309475899,0,146.976537924669,,88,control
2559,124.0,4981.0,175.0,4715.0,0.0581052303314209,0,271.7968764435885,,88,check
2560,46.0,4816.0,53.0,4794.0,0.0646599605679512,0,24.375991376031703,,88,control
2561,138.0,4779.0,162.0,4697.0,0.05098209157586098,0,86.47790848624699,,88,control
2562,66.0,4942.0,78.43149975824903,4717.210373837616,0.05095835030078888,0,226.11381302125162,1.70201725629674,88,control
2563,34.0,4978.0,39.0,4780.0,0.059746451675891876,0,199.07288001584286,,88,control
2564,34.0,4978.0,35.0,4713.0,0.053693514317274094,0,265.9758019862418,,88,check
2565,44.0,4879.0,49.0,4741.0,0.08719507604837418,0,139.09460327653156,,88,control
2566,52.0,4948.0,58.0,4728.0,0.09527682512998581,0,221.05967593497436,,88,control
2567,36.0,4885.0,37.0,4770.0,0.08107180148363113,0,115.99726442802125,,88,control
2568,35.0,4963.0,36.0,4741.0,0.056737855076789856,0,222.982185344006,,88,control
2569,88.0,4907.0,254.8099287017476,5001.83452360714,0.055017393082380295,0,191.94872483553013,2.613510063179154,88,control
2570,243.0,4844.0,153.64229617325458,4983.6208792954385,0.08505383878946304,0,164.5827533838429,0.5347029256354614,89,control
2571,259.0,4792.0,275.0,4731.0,0.06923692673444748,0,63.87500093391415,,89,control
2572,315.0,4948.0,374.0,4930.0,0.061022985726594925,0,62.04965758904278,,89,control
2573,315.0,4948.0,275.0,4731.0,0.06657800078392029,0,221.23698422815258,,89,control
2574,240.0,4946.0,473.0,5036.0,0.05827181041240692,0,249.45838414619496,,89,control
2575,258.0,4856.0,234.0,4677.0,0.06233266368508339,0,181.23303117009024,,89,control
2576,271.0,4923.0,380.60473510566356,4994.272250149567,0.05664362013339996,0,130.52361093861518,2.730436134036058,89,control
2577,292.0,4859.0,507.62407981656474,5107.037253340589,0.07525204867124557,0,328.1042318671289,0.6473787214849377,89,check
2578,373.0,4968.0,382.6516483833036,4967.845399060987,0.06396427005529404,0,9.832586245152104,3.49877472237587,89,control
2579,327.0,4779.0,325.0,5020.0,0.0820910781621933,0,240.31153151624792,,89,check
2580,286.0,4895.0,423.4175948456644,4845.719001960077,0.06696084141731262,0,146.2447226900153,0.807516016548484,89,control
2581,254.0,4821.0,397.0,4867.0,0.05695901811122894,0,150.1800947035878,,89,control
2582,316.0,4912.0,397.50080477108526,4866.910349966294,0.051084086298942566,0,93.55061955111773,1.9546544232982288,89,control
2583,428.0,4917.0,476.0,4669.0,0.060534995049238205,0,253.03945291395755,,89,check
2584,270.0,4844.0,350.0,5077.0,0.07862918823957443,0,245.7775174215072,,89,control
2585,311.0,4813.0,160.42722206101,4837.488704859883,0.0650838166475296,0,151.57768876336996,0.43972951573797053,89,control
2586,412.0,4869.0,251.9059945092248,4805.348035458391,0.07622080296278,0,172.00473246552673,1.437357664736415,89,control
2587,421.0,4955.0,485.28900781786086,4927.339062099678,0.05088603496551514,0,70.05920907341809,1.2343313531961677,89,check
2588,395.0,4925.0,291.0,4764.0,0.10284848511219025,0,191.97315446083732,,89,check
2589,221.0,4955.0,488.0,4862.0,0.05820983648300171,0,282.77821522643524,,89,control
2590,380.0,4871.0,174.80342087534163,4679.331669405287,0.050815384835004807,0,280.701285655831,1.0232832677354853,89,control
2591,404.0,4918.0,352.0,4906.0,0.06385965645313263,0,53.2578542911957,,89,check
2592,264.0,4911.0,266.82027103255575,5018.539753802036,0.06308812648057938,0,106.82895793760461,1.5223784418241315,89,control
2593,312.0,4828.0,129.42703841791922,4744.908561253206,0.09913157671689987,0,200.0647772384885,1.5263935166650384,89,control
2594,312.0,4828.0,276.0,4753.0,0.06222561001777649,0,83.58802498073479,,89,control
2595,365.0,4944.0,466.15988986061444,4803.8098244787425,0.05213908106088638,0,173.25361299381666,1.9724553249985584,89,check
2596,232.0,4938.0,237.0,4706.0,0.055160850286483765,0,232.80023624348198,,89,control
2597,257.0,4883.0,384.0,4942.0,0.07379085570573807,0,139.92197286564127,,89,control
2598,355.0,4898.0,396.0,5089.0,0.05307873710989952,0,194.75210679583813,,89,control
2599,355.0,4898.0,366.0,5084.0,0.06914937496185303,0,185.67505020769258,,89,control
2600,338.0,4915.0,246.0,4803.0,0.08192206919193268,0,145.12782601544606,,89,control
2601,341.0,4950.0,383.0,4799.0,0.05160747095942497,0,157.3497050897712,,89,control
2602,371.0,4854.0,489.0,4787.0,0.06687989085912704,0,135.8406129927373,,89,control
2603,294.0,4793.0,189.0,4822.0,0.06499715149402618,0,107.97232138991768,,89,control
2604,423.0,4907.0,487.0,5099.0,0.052934177219867706,0,201.8245082499574,,89,control
2605,279.0,4796.0,457.31761500153,5049.3090735927135,0.052631936967372894,0,309.27397159555613,1.440085278363112,89,check
2606,381.0,4888.0,441.0,5103.0,0.0749005600810051,0,222.63970078735093,,89,control
2607,391.0,4985.0,429.0,4916.0,0.06203663721680641,0,79.27292389274817,,89,control
2608,311.0,4897.0,458.0,5023.0,0.07634920626878738,0,193.18962994321024,,89,control
2609,240.0,4811.0,162.16097588785829,4699.240673738921,0.07244043797254562,0,136.35705532669732,1.2557261414631846,89,check
2610,356.0,4942.0,475.0,5025.0,0.09737955033779144,0,144.67215040128602,,89,control
2611,348.0,4935.0,349.0,4938.0,0.05503277853131294,1,2.666939595690092,,89,control
2612,327.0,4875.0,339.0,4815.0,0.056297458708286285,0,61.87786620966958,,89,control
2613,413.0,4890.0,173.0,5102.0,0.053801558911800385,0,319.103079028603,,89,control
2614,327.0,4959.0,283.7514905369145,4833.7607465494,0.09292203933000565,0,133.00300511594878,1.1068016993609904,89,control
2615,541.0,4970.0,435.1714590754501,5032.450487288743,0.050138480961322784,0,122.61626077861789,0.7061973752507802,90,control
2616,455.0,4865.0,680.1065336231077,5092.998345296944,0.09298251569271088,0,319.6486621666568,0.6719239843012929,90,control
2617,628.0,4916.0,656.0,4756.0,0.06565128266811371,0,162.58748208735454,,90,check
2618,579.0,4932.0,534.374544485179,4941.557197673378,0.05358584225177765,0,45.82565530664287,3.0518722418407256,90,control
2619,621.0,4917.0,365.0,4672.0,0.056052882224321365,0,354.51745594408095,,90,control
2620,574.0,4848.0,576.5730629024067,4850.411517978065,0.05135548114776611,0,3.0031702707969377,1.702968124412024,90,control
2621,529.0,4868.0,729.0,4816.0,0.07369612157344818,0,205.91716743714628,,90,control
2622,574.0,4808.0,372.0,5115.0,0.09136180579662323,0,366.87518573415616,,90,control
2623,574.0,4808.0,353.82208846590254,4736.281175012947,0.06976873427629471,0,231.44462480294223,1.1919785990688907,90,control
2624,553.0,4795.0,691.0,4646.0,0.09828618168830872,0,202.80369756058158,,90,control
2625,553.0,4795.0,552.0,4798.0,0.06115555018186569,1,2.910966239386956,,90,control
2626,644.0,4843.0,438.223496607384,4666.036462052098,0.06163787469267845,0,271.6459856433885,5.022446894683327,90,control
2627,630.0,4877.0,330.0,4656.0,0.08093948662281036,0,372.6376105347169,,90,control
2628,479.0,4892.0,597.0,4725.0,0.12068131566047668,0,204.5212096873653,,90,control
2629,541.0,4912.0,526.6908776106732,5030.140300771084,0.051441602408885956,0,118.57970061916791,1.7359921474479427,90,check
2630,541.0,4875.0,475.0,5025.0,0.07039123773574829,0,163.45743301648756,,90,control
2631,565.0,4898.0,407.0,5015.0,0.07085525244474411,0,196.19851142202458,,90,check
2632,437.0,4887.0,488.7992867418069,4785.799553982701,0.05391671136021614,0,114.05199956045162,1.1427536751161143,90,control
2633,515.0,4776.0,483.5726164597205,4727.001168865279,0.056928351521492004,0,58.61941418581573,1.2415163098611641,90,control
2634,581.0,4951.0,434.0,4679.0,0.06790769100189209,0,309.56678836611735,,90,control
2635,556.0,4907.0,394.0,4998.0,0.06919645518064499,0,185.41846464952746,,90,control
2636,567.0,4877.0,684.3440580045673,5094.501865929276,0.0593840554356575,0,246.50825349792765,0.9064982581636111,90,control
2637,462.0,4889.0,663.0,4965.0,0.058151572942733765,0,214.15980553042417,,90,check
2638,556.0,4811.0,636.6125912995692,5062.711126841948,0.06293695420026779,0,263.7868086939794,1.9407394401170037,90,control
2639,591.0,4886.0,459.0,4949.0,0.05976102128624916,0,146.0975053929621,,90,control
2640,591.0,4775.0,727.0,4769.0,0.055264946073293686,0,135.3596618860666,,90,check
2641,486.0,4814.0,408.0,5058.0,0.0824420154094696,0,255.57360446149116,,90,control
2642,684.0,4841.0,661.2400485134842,4679.889903846574,0.052621230483055115,0,163.0208064485262,4.792799218372214,91,control
2643,675.0,4848.0,641.0,4691.0,0.05367930606007576,0,161.00045690052391,,91,control
2644,655.0,4828.0,571.0,4816.0,0.06029557064175606,0,85.24473823468176,,91,control
2645,766.0,4806.0,560.9449835601598,4836.207781269978,0.05033634603023529,0,207.53030964221202,3.248192069888485,91,check
2646,659.0,4932.0,724.8413302315531,4648.7805709086515,0.060646720230579376,0,290.7585016827534,0.5422227935179603,91,control
2647,687.0,4829.0,686.604996823263,4985.363013519502,0.05231012403964996,0,156.0982027820007,3.0572033130341936,91,control
2648,801.0,4885.0,603.0,4910.0,0.050363123416900635,0,199.99695912748606,,91,control
2649,669.0,4925.0,667.9941645027494,5080.357112841486,0.07155688107013702,0,155.05654778798723,1.6744383640814458,91,control
2650,677.0,4985.0,780.2299811879727,4919.729856785937,0.05796613171696663,0,121.37360885402043,0.6895833375650682,91,check
2651,740.0,4923.0,606.0,5017.0,0.05613982304930687,0,163.89879341754596,,91,control
2652,788.0,4847.0,609.2731360350443,4805.221742779883,0.07022220641374588,0,184.05690451166632,0.7208325622875612,91,control
2653,830.0,4972.0,730.0,4686.0,0.10833784937858582,0,303.37746798752926,,91,check
2654,737.0,4826.0,606.0,5056.0,0.057851266115903854,0,264.62906405827755,,91,control
2655,690.0,4805.0,608.0,4802.0,0.10403701663017273,0,82.51263831092274,,91,control
2656,805.0,4910.0,693.9902735485927,5014.180778208728,0.06334305554628372,0,152.6258052212512,4.257365295786858,91,control
2657,728.0,4874.0,600.0,5033.0,0.056783754378557205,0,204.14554833229232,,91,control
2658,672.0,4962.0,604.0,4946.0,0.06683141738176346,0,70.41466425097975,,91,control
2659,711.0,4771.0,676.0,5016.0,0.05333150178194046,0,247.30646599870965,,91,control
2660,832.0,4842.0,552.0,5039.0,0.05611541494727135,0,342.4117527178649,,91,check
2661,823.0,4803.0,628.0,4825.0,0.052131447941064835,0,196.7131533043574,,91,check
2662,739.0,4879.0,683.0,5016.0,0.054604288190603256,0,148.02916725916538,,91,control
2663,766.0,4926.0,797.21458542618,4945.8523509988945,0.059519972652196884,0,36.035139260383026,3.097227787141897,91,control
2664,691.0,4785.0,552.0,4798.0,0.06617362052202225,0,139.85045581814217,,91,control
2665,761.0,4951.0,660.0,4941.0,0.060045573860406876,0,102.17012667355975,,91,control
2666,811.0,4940.0,575.0,4787.0,0.055012743920087814,0,281.73850450747716,,91,control
2667,657.0,4853.0,623.0,4983.0,0.05504941940307617,0,134.18440199763847,,91,check
2668,685.0,4976.0,565.7982688309517,5073.524284782091,0.05057983100414276,0,154.07298940998515,3.495778610759133,91,control
2669,697.0,4863.0,542.0,5005.0,0.0800265222787857,0,210.1581174540677,,91,control
2670,654.0,4872.0,769.0,4671.0,0.0822843462228775,0,231.2377234293052,,91,control
2671,710.0,4868.0,602.0,4675.0,0.06812351942062378,0,221.61234441808244,,91,control
2672,730.0,4781.0,702.0,4764.0,0.056691452860832214,0,33.467464265654456,,91,control
2673,751.0,4803.0,668.0,5073.0,0.0618569515645504,0,282.38821731001764,,91,control
2674,736.0,4957.0,604.0,4946.0,0.051143743097782135,0,132.97446401217525,,91,control
2675,700.0,4880.0,742.0,4951.0,0.06601537764072418,0,81.86965499408181,,91,check
2676,846.0,4897.0,611.0,4895.0,0.05268199369311333,0,235.50138870717225,,91,control
2677,72.0,5158.0,69.35227044453846,5157.006547995151,0.08452173322439194,1,2.603610570725015,1.4700650421260069,92,control
2678,37.0,5053.0,38.2222294806532,5339.621061800804,0.053762197494506836,0,285.53718697599976,0.20626862958779266,92,check
2679,37.0,5053.0,37.0,5176.0,0.0982811227440834,0,121.94473989996615,,92,control
2680,135.0,5095.0,81.2521966945944,5064.0359874846445,0.08436772227287292,0,61.672874612283735,1.359726343905434,92,control
2681,64.0,5106.0,59.0,5113.0,0.11210204660892487,0,7.16970256556269,,92,control
2682,75.0,5083.0,90.55470243908385,5336.432252540193,0.06761334091424942,0,252.93434244384318,1.1565941726588727,92,control
2683,134.0,5011.0,200.0,4922.0,0.059449706226587296,0,111.8776369776184,,92,check
2684,44.0,5187.0,223.0,4930.0,0.07592868059873581,0,314.2058186451527,,92,control
2685,201.0,5037.0,199.0,5036.0,0.05356789380311966,1,2.277909609576751,,92,control
2686,48.0,5173.0,48.0,5295.0,0.05061303451657295,0,120.9321076896588,,92,control
2687,48.0,5173.0,49.31353198749778,5174.262030061519,0.061339642852544785,1,2.3709664687120737,0.6057890083611496,92,control
2688,41.0,5082.0,42.0,5117.0,0.0712522640824318,0,34.02227111224892,,92,check
2689,36.0,5103.0,37.0,5132.0,0.055922918021678925,0,28.027825845794453,,92,control
2690,36.0,5103.0,44.0,5080.0,0.06148189678788185,0,25.696815647031553,,92,control
2691,184.0,5190.0,112.69172616840301,5097.820964332973,0.06206681206822395,0,116.75941996965955,2.904547199326703,92,control
2692,36.0,5039.0,37.0,5159.0,0.0888153463602066,0,118.96181351120688,,92,control
2693,78.0,5097.0,79.0,5100.0,0.0700235366821289,1,2.8236021373764673,,92,check
2694,76.0,5126.0,75.0,5129.0,0.08860738575458527,1,1.9936855938700568,,92,control
2695,190.0,5097.0,165.0,4958.0,0.05431140214204788,0,141.94633824652124,,92,control
2696,117.0,5085.0,215.0,4958.0,0.05599818751215935,0,161.4493773996317,,92,check
2697,152.0,5093.0,89.0,5082.0,0.06055654212832451,0,63.17987349464554,,92,control
2698,152.0,5093.0,97.58944499604206,5071.345321858063,0.06333697587251663,0,58.05452280073704,3.9137619542704756,92,control
2699,76.0,5133.0,75.0,5129.0,0.06527531147003174,0,5.006352771898421,,92,control
2700,159.0,5148.0,70.0,5105.0,0.07918523252010345,0,98.37831712358546,,92,control
2701,95.0,5008.0,95.0,5008.0,0.07922724634408951,1,1.368295930974355,,92,control
2702,34.0,5071.0,36.0,5103.0,0.06656292080879211,0,31.110136096037174,,92,check
2703,34.0,5071.0,48.0,5295.0,0.060800597071647644,0,223.4323792595462,,92,control
2704,61.0,5077.0,61.0,5078.0,0.10899718105792999,1,1.0499026432777523,,92,control
2705,36.0,5117.0,37.0,5141.0,0.08734362572431564,0,23.042745200401836,,92,control
2706,116.0,5158.0,112.14165921395922,5158.240660555936,0.06142036244273186,0,3.0761238560412303,0.6358396863181913,92,control
2707,125.0,5148.0,112.0,5096.0,0.051751889288425446,0,54.322830872093114,,92,control
2708,99.0,5026.0,313.84445595301315,5171.06742455856,0.052688539028167725,0,259.05033276227505,2.0936565593233945,92,control
2709,135.0,5160.0,196.0,4957.0,0.10072523355484009,0,212.96457088527077,,92,control
2710,329.0,5009.0,457.0,5061.0,0.06338893622159958,0,137.85832088625352,,93,control
2711,435.0,5153.0,412.0,5196.0,0.08445154875516891,0,48.220145942870914,,93,control
2712,407.0,5068.0,200.16993502230468,4920.899854207539,0.0566350594162941,0,253.70954911568012,0.5455281428267039,93,check
2713,395.0,5149.0,365.8578785120536,5186.298977951394,0.05019715800881386,0,46.72560046622318,1.8570393179831073,93,control
2714,264.0,5182.0,194.0,5067.0,0.1317002773284912,0,135.01821745404257,,93,control
2715,341.0,5038.0,452.0,4888.0,0.05819964036345482,0,187.0091770433648,,93,control
2716,259.0,5072.0,391.0,5037.0,0.07227148860692978,0,136.81851692945912,,93,control
2717,311.0,5122.0,434.0,5021.0,0.05401657521724701,0,159.50022383681247,,93,control
2718,244.0,5190.0,238.82645219509538,5032.47899676994,0.06100520119071007,0,158.38535953072926,1.8420771028382055,93,control
2719,227.0,5173.0,96.64119956523426,5297.420580471156,0.051165834069252014,0,178.87968183982716,0.8708374957879836,93,control
2720,282.0,5074.0,114.8715702032099,5174.380741802288,0.09109879285097122,0,193.7245198544971,1.0057671689063217,93,control
2721,391.0,5000.0,394.321907448074,5002.34131281416,0.06779271364212036,0,3.8377088949357505,2.491973705602752,93,check
2722,271.0,5162.0,130.1905952725186,5031.8803593410275,0.05044810473918915,0,191.71973337167913,0.9294433660888239,93,check
2723,433.0,5112.0,472.0,4916.0,0.05866267532110214,0,200.31789755175225,,93,control
2724,319.0,5119.0,474.14410944000366,4957.657544686529,0.07937018573284149,0,224.1215802197142,1.6468307296487963,93,control
2725,388.0,5164.0,390.0,5164.0,0.05347958952188492,1,2.1548688770121514,,93,control
2726,349.0,5120.0,423.0,5051.0,0.06067867949604988,0,101.5804309818544,,93,control
2727,434.0,5037.0,441.09889590115483,5070.249639446989,0.07755563408136368,0,33.42866353248259,0.8017018332397109,93,control
2728,432.0,5189.0,399.0,5226.0,0.05686451122164726,0,49.09048574464861,,93,check
2729,426.0,5066.0,376.0,5095.0,0.05295338109135628,0,57.371508740649716,,93,check
2730,253.0,4997.0,342.0,5141.0,0.06920826435089111,0,168.79642727577863,,93,control
2731,253.0,4997.0,328.27396351094876,5130.571831146104,0.07023285329341888,0,152.82295641313183,2.957500977918245,93,control
2732,339.0,5142.0,466.0,5096.0,0.05259865149855614,0,135.12823511810782,,93,control
2733,326.0,5056.0,429.3209607362783,4917.350572496978,0.058094512671232224,0,173.3760622510258,0.41570499436106795,93,control
2734,250.0,5164.0,156.0,4917.0,0.053193602710962296,0,264.79979462983823,,93,control
2735,379.0,5116.0,471.0,5045.0,0.05001146346330643,0,116.42785848324372,,93,control
2736,279.0,5096.0,118.0,5084.0,0.08682186156511307,0,160.6417969694302,,93,control
2737,347.0,5058.0,498.3106781050742,5207.510357069892,0.05706287920475006,0,212.14369777849973,1.3141469488697892,93,control
2738,278.0,5113.0,409.0,5026.0,0.08269288390874863,0,157.63248357483258,,93,control
2739,308.0,5150.0,441.0,4877.0,0.05858062207698822,0,304.15752288733944,,93,control
2740,261.0,5020.0,149.0,5248.0,0.07264572381973267,0,252.85417482473895,,93,control
2741,374.0,5103.0,354.0,5312.0,0.06813798099756241,0,209.22652059326,,93,check
2742,291.0,5127.0,179.1999850183503,4876.899876542544,0.0564287006855011,0,274.3957301514808,0.45820457065661696,93,control
2743,369.0,5165.0,496.20522479934635,5201.337265941588,0.060609083622694016,0,131.88778624336265,1.679036369786852,93,control
2744,369.0,5165.0,372.0,5168.0,0.07256004214286804,0,3.8821867300139217,,93,check
2745,225.0,4992.0,374.64916341198625,4870.199541346762,0.05994348227977753,0,193.49782053227548,1.3185879826393052,93,control
2746,355.0,5048.0,563.0,4945.0,0.07571478188037872,0,231.9551962635892,,93,control
2747,449.0,5129.0,519.0,5044.0,0.052019041031599045,0,110.30530960511048,,94,control
2748,624.0,5177.0,373.31093565414517,5111.059999760218,0.07360944151878357,0,259.26484687021417,1.2889486760139495,94,check
2749,588.0,5063.0,346.0,4890.0,0.053117986768484116,0,297.61880468652,,94,check
2750,653.0,5059.0,348.4343869281992,5188.007599653063,0.05409327149391174,0,330.33410567052306,1.353022448305026,94,control
2751,494.0,5047.0,494.0,5050.0,0.06054966524243355,1,2.5032963731030002,,94,check
2752,508.0,5059.0,505.9167267493754,5058.608602474239,0.05698017403483391,1,2.490106906506024,0.6531193250176159,94,control
2753,636.0,4996.0,642.0,5206.0,0.0638640969991684,0,209.70060076313942,,94,control
2754,636.0,4996.0,638.0,4997.0,0.05576136335730553,1,1.5463794208516166,,94,control
2755,575.0,5105.0,670.0,5156.0,0.07425078004598618,0,107.00007161048583,,94,control
2756,478.0,5021.0,475.0,5025.0,0.12074639648199081,0,4.68654518357602,,94,check
2757,600.0,5070.0,688.0,5195.0,0.05303678289055824,0,152.13869629650475,,94,control
2758,507.0,5077.0,507.44005252939564,5078.849795244981,0.05090903490781784,1,1.3665093556471701,0.931567097908838,94,control
2759,519.0,5092.0,345.0122167568383,5078.626695973397,0.05615146830677986,0,174.3366833052562,1.5029928294386368,94,check
2760,517.0,5139.0,569.0,5283.0,0.054391078650951385,0,152.4879076752,,94,control
2761,585.0,5042.0,563.0,4924.0,0.0613592229783535,0,120.49215343842032,,94,control
2762,472.0,5063.0,749.0,5076.0,0.053646694868803024,0,276.3337555172058,,94,control
2763,472.0,5063.0,474.0,5065.0,0.059143248945474625,1,2.359301146173433,,94,check
2764,498.0,5080.0,386.93985097267046,5212.785443778402,0.10284213721752167,0,172.5708169300396,1.6368932056033718,94,control
2765,594.0,5135.0,606.0,5056.0,0.05515461415052414,0,80.20044164967807,,94,control
2766,459.0,5019.0,459.01105311442535,5021.010259225718,0.05739263445138931,1,1.4728681406356763,1.2515891172272369,94,control
2767,440.0,5070.0,700.0,5189.0,0.053218744695186615,0,285.03224679087486,,94,control
2768,475.0,5170.0,584.9238150833913,5202.6813519160905,0.05196721479296684,0,114.04826295616206,2.8280715356752455,94,check
2769,475.0,5170.0,408.0,5058.0,0.06828529387712479,0,131.00965636508113,,94,control
2770,475.0,5033.0,473.12959289627435,5034.029609017515,0.08321491628885269,1,2.071706414474166,2.8169614982041193,94,control
2771,561.0,5084.0,641.6905641509147,5073.150055649341,0.056868940591812134,0,80.8217126549831,1.0462943284657755,94,control
2772,533.0,5080.0,562.0,5296.0,0.05562490597367287,0,217.3987314970934,,94,control
2773,632.0,5070.0,453.0,5198.0,0.06166403740644455,0,219.83404460673535,,94,control
2774,547.0,5174.0,636.3318983240015,5193.936268175587,0.05437106639146805,0,90.7880389626426,2.0357612152787325,94,control
2775,589.0,5184.0,677.0,4919.0,0.05685991793870926,0,279.2649278325587,,94,control
2776,476.0,5107.0,477.0,5213.0,0.05810879170894623,0,105.44414040024215,,94,control
2777,636.0,5131.0,430.0,5218.0,0.08522957563400269,0,223.45606249337354,,94,control
2778,472.0,5152.0,777.0,5104.0,0.058711640536785126,0,307.74169942205515,,94,control
2779,472.0,5152.0,635.0,5063.0,0.07838103920221329,0,185.333638659076,,94,control
2780,626.0,5089.0,474.0,5107.0,0.05927610397338867,0,153.1677687815236,,94,control
2781,520.0,5178.0,394.0,5323.0,0.092545285820961,0,191.5966910723242,,94,control
2782,648.0,5197.0,719.0,5251.0,0.0835641399025917,0,88.28035109167722,,94,control
2783,620.0,5132.0,757.0,5095.0,0.05337322875857353,0,141.00561310792412,,94,control
2784,509.0,4992.0,619.0,5008.0,0.0503968819975853,0,110.55697405988653,,94,control
2785,584.0,5023.0,457.0,4992.0,0.05415304750204086,0,130.9306609695423,,94,control
2786,632.0,5112.0,407.62460541575564,5071.697664352804,0.06423287838697433,0,228.0372219544925,5.7945233459407985,94,check
2787,593.0,5030.0,563.0,4924.0,0.07777814567089081,0,110.6460289008308,,94,control
2788,449.0,5035.0,474.0,5065.0,0.06661634892225266,0,38.54536228042597,,94,check
2789,456.0,5055.0,653.0,5201.0,0.05406314134597778,0,244.4086257655731,,94,control
2790,512.0,5029.0,326.5227421061501,4877.661295054766,0.09167705476284027,0,239.53502220654966,0.37418030050637896,94,control
2791,486.0,5103.0,459.0,5215.0,0.05971458554267883,0,114.68405955086939,,94,control
2792,778.0,5201.0,647.6157476016352,5002.3585631154565,0.05634080991148949,0,238.2255899085798,3.5531965792791036,95,control
2793,781.0,4999.0,799.0,5079.0,0.06049894168972969,0,81.60861735036272,,95,check
2794,770.0,5034.0,586.0,4881.0,0.05629878491163254,0,239.8498647605954,,95,control
2795,815.0,5053.0,755.0,5249.0,0.06851692497730255,0,205.05288736647037,,95,control
2796,705.0,4996.0,564.5100114167549,4983.555809489008,0.061175331473350525,0,141.46255081655272,3.022261170976737,95,control
2797,755.0,5054.0,609.0,4928.0,0.05891973897814751,0,193.45472494616837,,95,check
2798,818.0,5166.0,571.0,4893.0,0.0809827670454979,0,368.6888350646427,,95,control
2799,830.0,5150.0,604.0,4993.0,0.0552961640059948,0,275.80659138853395,,95,check
2800,777.0,5181.0,592.0,5073.0,0.052616655826568604,0,214.85043198598936,,95,control
2801,725.0,5008.0,634.0,5211.0,0.053380511701107025,0,222.39794486772502,,95,control
2802,770.0,5096.0,583.0,4890.0,0.06328457593917847,0,278.7636426028648,,95,control
2803,680.0,5149.0,562.0,4887.0,0.07217256724834442,0,287.8455830366081,,95,check
2804,672.0,5159.0,697.0,4977.0,0.07183856517076492,0,183.85846621486405,,95,control
2805,697.0,5008.0,569.7582695797006,5002.384371549119,0.056045886129140854,0,127.79361033861815,1.2715503602123237,95,control
2806,713.0,4994.0,699.0,5107.0,0.05893001705408096,0,113.69114212984478,,95,control
2807,673.0,5079.0,786.0,4984.0,0.05814516544342041,0,146.93631221916448,,95,control
2808,671.0,5072.0,526.7395920310195,5319.079826237771,0.07342890650033951,0,285.86352520565225,0.7365261231700458,95,control
2809,671.0,5072.0,651.0,5050.0,0.06650126725435257,0,30.42053657450481,,95,control
2810,811.0,5172.0,571.0,4893.0,0.06516652554273605,0,368.5564422923734,,95,control
2811,817.0,5155.0,571.0,4893.0,0.06816652417182922,0,359.92259689220236,,95,control
2812,712.0,5170.0,654.8768421061474,4999.243188236862,0.05039717257022858,0,180.56020346129026,2.9042177880822004,95,control
2813,849.0,5174.0,729.0,5186.0,0.051864903420209885,0,121.51363213334236,,95,check
2814,798.0,5102.0,611.0,4895.0,0.05691075325012207,0,279.5376974776472,,95,control
2815,794.0,5019.0,586.0,4881.0,0.05527416244149208,0,250.159532949397,,95,control
2816,799.0,5058.0,730.0,5240.0,0.05526414513587952,0,194.73264083771278,,95,control
2817,802.0,5173.0,583.0,4890.0,0.050629232078790665,0,358.38105205118313,,95,control
2818,676.0,5198.0,773.5485709383005,5016.79466070387,0.0712638795375824,0,205.4706986120505,2.8891917094641406,95,control
2819,661.0,5080.0,545.3827335957437,5128.3713666191215,0.05680589750409126,0,125.50749740989343,2.51160403908153,95,control
2820,146.0,5269.0,79.13150639942268,5276.810546643915,0.056016549468040466,0,66.29451776594294,1.1241989858661077,96,control
2821,38.0,5414.0,37.0,5141.0,0.17756269872188568,0,274.05281164000945,,96,check
2822,124.0,5378.0,58.70824595256184,5417.24934909192,0.059825167059898376,0,74.82790778128677,2.2646290589234135,96,check
2823,124.0,5378.0,59.986104586195886,5280.5386355503915,0.05733386427164078,0,116.95849591985538,1.5151136138107388,96,control
2824,131.0,5375.0,144.91931258167912,5312.249507143976,0.05566621199250221,0,65.37320526647702,1.7618243040158754,96,control
2825,212.0,5255.0,260.0,5289.0,0.0709746703505516,0,58.66777391165122,,96,check
2826,148.0,5305.0,126.69896177531221,5478.299355733823,0.05128717049956322,0,173.50688643649374,1.3815174094558331,96,control
2827,211.0,5383.0,209.0,5385.0,0.05298151075839996,1,1.857063408727082,,96,control
2828,47.0,5244.0,50.0,5529.0,0.11331461369991302,0,283.908551198873,,96,control
2829,38.0,5228.0,40.0,5514.0,0.054675452411174774,0,284.8883927564628,,96,control
2830,134.0,5335.0,289.0,5111.0,0.0536566860973835,0,273.23023862827955,,96,control
2831,167.0,5296.0,214.0,5458.0,0.05643303319811821,0,167.9315421021941,,96,check
2832,202.0,5328.0,240.0,5424.0,0.05402395874261856,0,102.57973978390106,,96,control
2833,45.0,5320.0,50.0,5529.0,0.05510956048965454,0,207.96563295301178,,96,control
2834,40.0,5269.0,37.0,5141.0,0.08591458946466446,0,129.06683715133917,,96,control
2835,40.0,5269.0,41.0,5539.0,0.08222813159227371,0,268.8760745413001,,96,control
2836,191.0,5376.0,227.0,5481.0,0.06580745428800583,0,110.28072698974567,,96,control
2837,61.0,5278.0,273.0,5212.0,0.06683395802974701,0,222.63484871587502,,96,control
2838,53.0,5381.0,312.7780238201617,5181.179136277372,0.05253799632191658,0,328.4092553312149,0.33796924296070363,96,control
2839,144.0,5329.0,301.13878841823873,5366.6995330482505,0.052390143275260925,0,161.64595165564563,2.7427159280389564,96,control
2840,60.0,5292.0,64.0,5141.0,0.05617811158299446,0,152.1043289875364,,96,control
2841,36.0,5338.0,37.0,5339.0,0.0620991550385952,1,2.0232633073213884,,96,control
2842,88.0,5333.0,253.01933042093577,5254.779465223066,0.057707708328962326,0,183.3547448980725,0.7922246027994041,96,control
2843,86.0,5321.0,180.0,5344.0,0.05090075731277466,0,97.14125763861033,,96,control
2844,52.0,5406.0,61.0,5521.0,0.10802806168794632,0,114.32388114383699,,96,control
2845,191.0,5402.0,192.0,5402.0,0.06019818037748337,1,1.8010625088848786,,96,control
2846,80.0,5232.0,81.0,5508.0,0.05581098794937134,0,274.9279163653286,,96,control
2847,109.0,5291.0,71.0,5268.0,0.06927398592233658,0,44.16701921061548,,96,control
2848,65.0,5392.0,257.0,5481.0,0.0558159165084362,0,211.55486750756174,,96,control
2849,37.0,5398.0,38.0,5531.0,0.14404550194740295,0,131.88166275061232,,96,check
2850,86.0,5216.0,106.0,5393.0,0.05338931083679199,0,177.1995136293884,,96,control
2851,87.0,5260.0,208.0,5405.0,0.05363300070166588,0,188.47600127283195,,96,check
2852,93.0,5309.0,204.0,5315.0,0.05815129727125168,0,111.65835328015933,,96,control
2853,307.0,5218.0,305.0,5222.0,0.10832461714744568,0,3.667930693166071,,97,control
2854,285.0,5220.0,282.1768117598169,5219.5085236867935,0.13708986341953278,1,2.78416718492419,0.8822907043638291,97,control
2855,295.0,5270.0,294.0,5271.0,0.10858684033155441,1,0.7377679472831975,,97,control
2856,269.0,5248.0,269.0,5246.0,0.10732977837324142,1,2.8315283257315,,97,control
2857,545.0,5369.0,372.68817887499864,5138.8787491023395,0.05524957552552223,0,287.9472469618017,0.650842589868626,98,control
2858,478.0,5415.0,487.0,5088.0,0.052646052092313766,0,327.63940615747555,,98,control
2859,608.0,5326.0,708.0,5218.0,0.050234604626894,0,146.79535929025175,,98,control
2860,608.0,5326.0,609.493589243733,5325.2314155574795,0.08291779458522797,1,1.4655733929399035,1.2984918689088312,98,control
2861,460.0,5260.0,497.0,5423.0,0.059145938605070114,0,166.50298291383152,,98,control
2862,460.0,5260.0,502.4852253662017,5197.452700572575,0.05084496736526489,0,75.887652928987,1.9945292656407085,98,check
2863,586.0,5360.0,699.5367092619425,5426.613274315677,0.05855916813015938,0,130.6410068770289,3.0483536518343293,98,check
2864,553.0,5318.0,747.0,5253.0,0.053500644862651825,0,203.71094568700374,,98,control
2865,648.0,5284.0,714.0,5434.0,0.05218777060508728,0,163.17641013275414,,98,control
2866,616.0,5249.0,420.04127933904545,5434.830978079273,0.05362549424171448,0,269.6986925643562,1.609508101296369,98,control
2867,597.0,5218.0,348.90353053614365,5383.151699287716,0.09304685890674591,0,297.55122116755115,0.8029286148879202,98,check
2868,597.0,5218.0,707.4891943948671,5218.13965496859,0.07321253418922424,0,109.59471236923568,0.7817967273934705,98,check
2869,616.0,5325.0,618.0,5325.0,0.07715553790330887,1,1.3912584920321844,,98,control
2870,469.0,5399.0,551.0,5413.0,0.10668112337589264,0,82.59760076937087,,98,control
2871,508.0,5220.0,658.0,5190.0,0.09025684744119644,0,152.3141441826153,,98,check
2872,582.0,5260.0,552.9968964423613,5291.783163681932,0.07069842517375946,0,42.98991411891764,2.536023721226861,98,control
2873,463.0,5360.0,512.0,5222.0,0.06114308163523674,0,146.82359022047422,,98,control
2874,554.0,5303.0,701.0,5206.0,0.05254129692912102,0,175.55802076617334,,98,control
2875,611.0,5258.0,345.1862378758462,5393.702542535989,0.06578358262777328,0,298.02178192483717,3.4552571890107995,98,check
2876,494.0,5222.0,604.0,5433.0,0.05712435767054558,0,237.23500034492113,,98,control
2877,636.0,5354.0,642.0,5349.0,0.08221395313739777,0,7.5268421182110306,,98,control
2878,490.0,5282.0,526.0,5196.0,0.052081119269132614,0,93.55503926976084,,98,control
2879,488.0,5205.0,435.0,5164.0,0.057222381234169006,0,67.43501461901278,,98,control
2880,613.0,5238.0,636.0023831916518,5208.000746207197,0.05178263410925865,0,37.69267884594366,0.9614014320626106,98,control
2881,629.0,5361.0,564.0,5265.0,0.07169519364833832,0,116.59987594519774,,98,control
2882,629.0,5361.0,344.0,5357.0,0.05381833016872406,0,284.9233366299121,,98,control
2883,560.0,5383.0,711.0,5151.0,0.05064719170331955,0,276.56455189872344,,98,control
2884,573.0,5256.0,571.0,5256.0,0.09322582930326462,1,2.5512700795142913,,98,control
2885,599.0,5296.0,388.76615064434816,5392.578235773561,0.10065453499555588,0,231.09125909495623,0.707877099444777,98,control
2886,638.0,5260.0,308.8108084627398,5270.290179653043,0.08491899073123932,0,329.0751093573008,0.721295535048179,98,control
2887,623.0,5317.0,625.0909521339598,5309.270135563419,0.08115000277757645,0,8.25735342446366,2.975979374001568,98,control
2888,473.0,5294.0,512.0,5222.0,0.06672882288694382,0,82.18875513247144,,98,control
2889,505.0,5369.0,575.0,5392.0,0.059405311942100525,0,72.98735068967751,,98,control
2890,636.0,5210.0,571.0,5256.0,0.05386734753847122,0,79.78409173365424,,98,check
2891,539.0,5258.0,694.0,5514.0,0.050663646310567856,0,298.4503704504146,,98,control
2892,621.0,5414.0,669.0,5227.0,0.05050639808177948,0,193.19765194518988,,98,control
2893,487.0,5392.0,587.0,5333.0,0.05300011858344078,0,115.83730394101279,,98,control
2894,476.0,5378.0,675.0,5546.0,0.06811870634555817,0,259.46923320120897,,98,check
2895,648.0,5375.0,613.0,5419.0,0.07051306962966919,0,56.31331249294128,,98,control
2896,650.0,5204.0,700.6476710214426,5230.748933025329,0.06685909628868103,0,56.35808897003702,1.583322176195672,98,control
2897,512.0,5285.0,540.8179864543092,5203.174116625889,0.05375988408923149,0,87.07606311277006,1.317675632184345,98,control
2898,534.0,5373.0,338.0,5191.0,0.05632204934954643,0,267.81285242323827,,98,check
2899,537.0,5359.0,453.0,5198.0,0.0525231696665287,0,182.1788911988741,,98,control
2900,586.0,5410.0,727.0,5172.0,0.053249068558216095,0,276.3815389037203,,98,control
2901,513.0,5365.0,437.47628947757255,5207.60297957197,0.061242010444402695,0,175.16611412183295,2.5219246195839053,98,control
2902,779.0,5283.0,752.1238639698742,5183.987363906053,0.05096450075507164,0,103.09096036332964,2.4118331305597387,99,check
2903,698.0,5226.0,704.7949373025796,5429.587270193664,0.05019513517618179,0,203.33056278045248,2.1088797261152794,99,control
2904,654.0,5243.0,700.0,5189.0,0.06607659161090851,0,70.60811623369553,,99,check
2905,826.0,5418.0,562.0,5317.0,0.0665670856833458,0,283.3059594616792,,99,control
2906,826.0,5418.0,555.0,5343.0,0.0660504698753357,0,281.79702392264204,,99,control
2907,793.0,5266.0,705.0,5441.0,0.05275699123740196,0,196.0134333204839,,99,control
2908,692.0,5349.0,821.563375068778,5204.126735758934,0.053425244987010956,0,193.66313952493402,1.9028104718751537,99,control
2909,799.0,5210.0,708.4320179429236,5222.111337761705,0.07081574946641922,0,92.22720275461582,2.1900893200633917,99,control
2910,668.0,5325.0,582.0,5124.0,0.07950156927108765,0,219.20392073536834,,99,check
2911,836.0,5329.0,813.6957511077559,5304.948521160405,0.06259454786777496,0,33.790791289860486,1.6040871621607244,99,check
2912,746.0,5238.0,719.9139060708892,5442.021428654313,0.06837357580661774,0,205.49114187679206,1.4743170375671082,99,control
2913,803.0,5260.0,684.0,5167.0,0.09265764057636261,0,151.85618133219876,,99,control
2914,749.0,5309.0,616.0,5155.0,0.050027262419462204,0,204.16848259549099,,99,control
2915,795.0,5248.0,670.0,5156.0,0.06350208073854446,0,156.01145353877334,,99,control
2916,759.0,5327.0,555.0,5343.0,0.054821353405714035,0,205.0827466472289,,99,control
2917,841.0,5305.0,801.0,5199.0,0.0563165545463562,0,113.87990217852575,,99,control
2918,760.0,5334.0,588.0682569807146,5240.389156580225,0.07733579725027084,0,196.45869067102825,1.505403199561515,99,control
2919,814.0,5414.0,682.5903294646299,5206.8754547918725,0.061697132885456085,0,246.00226438676435,1.6697750077333422,99,control
2920,816.0,5306.0,677.0543183212638,5192.527199603109,0.06502167135477066,0,180.21430208257846,1.3567048558599137,99,control
2921,848.0,5228.0,578.0,5556.0,0.05942217633128166,0,424.8478732693455,,99,control
2922,700.0,5203.0,684.0,5167.0,0.07758776098489761,0,40.010682666115095,,99,control
2923,840.0,5386.0,736.0,5545.0,0.12202061712741852,0,190.323875046017,,99,check
2924,792.0,5316.0,684.0,5167.0,0.08188401162624359,0,184.74914777670833,,99,check
2925,713.0,5384.0,669.0,5427.0,0.05942540615797043,0,61.87806471829135,,99,control
2926,806.0,5249.0,681.0,5156.0,0.056920744478702545,0,156.6235649109565,,99,control
2927,763.0,5261.0,611.0,5088.0,0.06744027137756348,0,230.94438452252305,,99,control
2928,763.0,5261.0,732.0,5458.0,0.0850898027420044,0,199.28065906506146,,99,control
2929,672.0,5284.0,707.0,5498.0,0.06381800025701523,0,216.33666662332047,,99,control
2930,812.0,5373.0,688.0,5195.0,0.059553757309913635,0,217.6626200679928,,99,control
2931,812.0,5373.0,551.0,5273.0,0.055238429456949234,0,280.1025339021192,,99,check
2932,766.0,5289.0,758.0,5290.0,0.05496392026543617,0,9.100587991487052,,99,check
2933,660.0,5390.0,659.0,5390.0,0.05679413676261902,1,1.8582218033405784,,99,control
2934,683.0,5213.0,806.0,5477.0,0.05351893976330757,0,290.4970696901848,,99,control
2935,735.0,5307.0,721.0,5108.0,0.06099538877606392,0,199.81042660091484,,99,control
2936,734.0,5339.0,736.0,5301.0,0.054960038512945175,0,38.29024376192524,,99,control
2937,777.0,5356.0,710.0,5240.0,0.061915118247270584,0,134.67102770394868,,99,control
2938,736.0,5300.0,670.0,5105.0,0.052189890295267105,0,206.40175116638326,,99,control
2939,720.0,5252.0,665.0,5140.0,0.054030969738960266,0,125.39607192414105,,99,control
2940,693.0,5336.0,619.0,5433.0,0.0680655986070633,0,122.09197958142838,,99,control
2941,765.0,5215.0,683.0,5375.0,0.06190824508666992,0,179.87858123543913,,99,control
2942,745.0,5340.0,558.0,5210.0,0.050833191722631454,0,228.38571773700323,,99,control
2943,680.0,5385.0,651.0,5240.0,0.059184979647397995,0,148.37368858060196,,99,control
2944,792.0,5304.0,563.0,5546.0,0.054857611656188965,0,333.2010156183235,,99,control
2945,722.0,5211.0,628.0,5119.0,0.05960949882864952,0,132.23084408076298,,99,control
2946,134.0,5525.0,193.6734222384239,5653.6967111869335,0.10258430987596512,0,141.1597603345949,1.2746080295578506,100,control
2947,193.0,5590.0,219.0,5407.0,0.1206917017698288,0,185.79177975330404,,100,control
2948,47.0,5616.0,47.0,5732.0,0.14514124393463135,0,114.83904759800437,,100,control
2949,57.0,5630.0,47.0,5732.0,0.11812224984169006,0,101.25089584887098,,100,control
2950,258.0,5506.0,94.11712971407026,5297.828805845773,0.06700825691223145,0,265.20557094841945,2.125183951684162,101,control
2951,371.0,5565.0,318.0,5365.0,0.05780060216784477,0,207.60369800170838,,101,control
2952,427.0,5495.0,403.0,5456.0,0.050088223069906235,0,46.4349334965721,,101,check
2953,274.0,5562.0,191.97186983962308,5761.800920243349,0.05328405648469925,0,214.90170522194708,0.8037386374750212,101,control
2954,359.0,5528.0,234.8366377542297,5337.748577577905,0.05126219242811203,0,227.6668583835652,0.8776362248770153,101,control
2955,243.0,5459.0,304.0,5304.0,0.06316782534122467,0,167.38782224108883,,101,control
2956,324.0,5524.0,159.5405041462978,5668.750092532947,0.05613752827048302,0,218.01040402578846,1.5237751924404286,101,control
2957,324.0,5524.0,236.02696497662842,5384.518168597043,0.09397458285093307,0,165.42304211601655,0.8756892793529736,101,check
2958,356.0,5495.0,182.0,5655.0,0.06912778317928314,0,235.35885885566498,,101,control
2959,356.0,5495.0,390.0,5529.0,0.06819958239793777,0,47.513571799465446,,101,check
2960,329.0,5628.0,169.0,5365.0,0.06837552040815353,0,308.331320012891,,101,control
2961,239.0,5621.0,120.36485865222528,5703.661922141934,0.051817554980516434,0,143.45665459987768,1.0910578459830438,101,check
2962,310.0,5606.0,285.7449209266403,5417.122317239934,0.05253058671951294,0,191.21117593835442,1.6179934497587714,101,control
2963,361.0,5547.0,119.0,5509.0,0.055574607104063034,0,244.42033556604068,,101,control
2964,380.0,5622.0,468.0,5373.0,0.05085371062159538,0,264.5769411985473,,101,control
2965,235.0,5532.0,256.5250477662219,5333.35750742658,0.11040659993886948,0,200.68051403883373,1.0352510273661573,101,control
2966,403.0,5423.0,145.0,5678.0,0.07031618803739548,0,361.61135321317124,,101,control
2967,345.0,5425.0,529.0,5334.0,0.06603965908288956,0,205.1330077493941,,101,control
2968,277.0,5534.0,483.0,5343.0,0.05433040112257004,0,281.10679318861906,,101,control
2969,285.0,5526.0,223.0,5588.0,0.05166274309158325,0,86.75364109889465,,101,control
2970,342.0,5596.0,182.93100528066205,5330.2802665170875,0.08784175664186478,0,310.1801716962268,0.6434259684015098,101,control
2971,338.0,5551.0,320.0,5394.0,0.088783398270607,0,158.78199207606315,,101,control
2972,308.0,5457.0,214.5099253848011,5640.0796567097495,0.0608053095638752,0,204.54548440177317,1.169168025874471,101,control
2973,228.0,5489.0,349.0,5340.0,0.0516357421875,0,192.58030650916837,,101,check
2974,400.0,5608.0,218.31882559491697,5406.869461552175,0.07188323140144348,0,271.39452039047444,1.367252530867004,101,control
2975,297.0,5479.0,246.30007884785138,5396.669894045086,0.0523100420832634,0,97.22461393598299,2.1086187359543653,101,control
2976,389.0,5480.0,503.0,5544.0,0.0666799545288086,0,130.0781142054991,,101,control
2977,226.0,5468.0,249.0,5498.0,0.09558644145727158,0,37.318311345672186,,101,control
2978,220.0,5439.0,391.0,5393.0,0.05823809280991554,0,177.22728607094692,,101,check
2979,305.0,5429.0,284.1748375547963,5504.331453088952,0.06255675107240677,0,77.28238709227902,1.8588692437104184,101,control
2980,314.0,5524.0,227.0,5386.0,0.056722816079854965,0,163.64623604843254,,101,control
2981,242.0,5484.0,341.786989746468,5536.183353973702,0.061818696558475494,0,112.2961318761068,3.5007857951183254,101,control
2982,271.0,5583.0,412.0,5533.0,0.06801288574934006,0,149.6976627809018,,101,check
2983,362.0,5478.0,364.96771354226706,5627.198787488921,0.050501350313425064,0,148.45307425189495,1.015641194357034,101,control
2984,383.0,5613.0,341.0,5396.0,0.057698771357536316,0,221.74673844877043,,101,control
2985,296.0,5458.0,195.18158655990518,5632.800581392947,0.0545903705060482,0,200.7257035378138,4.750044272948371,101,control
2986,233.0,5571.0,525.0,5569.0,0.06607630103826523,0,291.5176322513573,,101,control
2987,410.0,5634.0,498.0,5379.0,0.07339303195476532,0,270.1838095092058,,101,control
2988,632.0,5501.0,701.3808818764636,5434.7260041003365,0.05060458928346634,0,95.49712754748106,4.354086350111943,102,control
2989,595.0,5597.0,761.8631915763735,5393.29145657367,0.0830967053771019,0,262.8244220324084,1.2852526890829874,102,control
2990,468.0,5574.0,434.48087546763475,5314.915384507781,0.050012942403554916,0,261.8848317157841,3.2485897280421545,102,control
2991,596.0,5472.0,709.0,5524.0,0.07622364908456802,0,123.32010888318247,,102,control
2992,452.0,5429.0,463.1414090794045,5347.4504649537375,0.09213191270828247,0,82.8738792494426,2.7710518429189976,102,control
2993,614.0,5570.0,303.0,5696.0,0.05947732925415039,0,335.13286458656296,,102,control
2994,474.0,5527.0,598.0,5728.0,0.08977017551660538,0,235.32132210932133,,102,check
2995,471.0,5588.0,471.0,5353.0,0.055956628173589706,0,235.59492858624236,,102,control
2996,642.0,5535.0,730.0,5468.0,0.056392788887023926,0,109.96025895235316,,102,control
2997,450.0,5515.0,494.0,5677.0,0.05332192778587341,0,167.13952152779416,,102,control
2998,450.0,5515.0,754.0,5478.0,0.06077152490615845,0,305.1581972141922,,102,control
2999,575.0,5505.0,433.59078378117204,5433.370283268541,0.05176914110779762,0,158.96890847440002,1.2465025713012514,102,control
3000,575.0,5505.0,708.0,5571.0,0.051777470856904984,0,147.39044682222084,,102,control
3001,623.0,5448.0,512.3474591906635,5688.658934989201,0.06330232322216034,0,264.5290632521704,1.3624259554618974,102,control
3002,548.0,5624.0,347.71916291779917,5607.829501850618,0.0682440772652626,0,200.98761183366162,1.2921945628037128,102,control
3003,606.0,5547.0,403.6717509123852,5597.740436146732,0.05325857922434807,0,208.56417725193222,1.3406807297004586,102,control
3004,477.0,5516.0,339.1064449678225,5501.7182759695825,0.05357113108038902,0,138.63837250210148,1.791071918492034,102,control
3005,477.0,5516.0,474.0,5362.0,0.051343321800231934,0,154.6276887659329,,102,control
3006,518.0,5516.0,445.0,5441.0,0.0556623749434948,0,105.26996335313011,,102,control
3007,650.0,5622.0,650.0,5627.0,0.05889565870165825,0,4.639830961783589,,102,control
3008,554.0,5477.0,412.0,5533.0,0.0608283132314682,0,152.52714313392582,,102,control
3009,574.0,5468.0,690.9861520800987,5517.688672690049,0.054529983550310135,0,126.07131889658052,3.5380549220276736,102,control
3010,597.0,5441.0,438.0,5414.0,0.05624394118785858,0,161.56331320960916,,102,control
3011,509.0,5483.0,391.0,5590.0,0.061796996742486954,0,158.8767316813427,,102,check
3012,641.0,5577.0,465.0,5763.0,0.08603835850954056,0,255.84173940001446,,102,check
3013,465.0,5491.0,454.70670923437564,5519.658706106807,0.05799667909741402,0,29.9358469696109,1.4718739472311295,102,check
3014,535.0,5519.0,506.0,5630.0,0.06940224021673203,0,114.2519508286509,,102,check
3015,568.0,5548.0,690.5938065573814,5714.391529623133,0.07644610852003098,0,205.730093195278,0.927758466620306,102,check
3016,463.0,5621.0,482.7355581358148,5451.128347910282,0.057553309947252274,0,171.5747239682019,2.191514800866342,102,control
3017,562.0,5487.0,688.0,5532.0,0.07145708799362183,0,132.76563887002945,,102,control
3018,532.0,5452.0,402.0,5407.0,0.05466485396027565,0,137.86243443417754,,102,control
3019,541.0,5482.0,645.0,5568.0,0.0549689345061779,0,134.0219913096689,,102,control
3020,544.0,5598.0,498.0,5379.0,0.06683283299207687,0,224.40627685441143,,102,control
3021,584.0,5438.0,587.0,5333.0,0.08246632665395737,0,105.48407811269239,,102,control
3022,654.0,5505.0,587.0,5756.0,0.0742325410246849,0,259.4562761299417,,103,control
3023,852.0,5526.0,540.0,5644.0,0.053407151252031326,0,333.8953139037557,,103,control
3024,736.0,5607.0,621.9301947180544,5737.7196326669255,0.06173408776521683,0,173.67117728965906,2.5224768082998703,103,control
3025,736.0,5607.0,743.128200201132,5599.953551863306,0.05546196550130844,0,9.499812704731252,10.0,103,control
3026,767.0,5446.0,624.3499658664625,5706.049777759509,0.05684474855661392,0,296.5792154815106,1.4560425644317836,103,control
3027,689.0,5543.0,696.0,5424.0,0.06998784840106964,0,119.50306139985938,,103,control
3028,743.0,5612.0,702.0,5486.0,0.06346964836120605,0,133.14641041195685,,103,check
3029,707.0,5507.0,829.4920018653839,5700.480732956731,0.07831205427646637,0,228.01792388669494,1.144221949372316,103,control
3030,663.0,5547.0,665.0,5540.0,0.07378766685724258,0,7.491570183625469,,103,control
3031,664.0,5494.0,734.0,5426.0,0.05707864463329315,0,97.05483537902086,,103,check
3032,735.0,5533.0,587.0,5333.0,0.05429687723517418,0,249.52050549927813,,103,control
3033,668.0,5511.0,732.0,5458.0,0.058931853622198105,0,82.48785261049846,,103,control
3034,668.0,5630.0,625.880714062743,5700.359508013757,0.05025240778923035,0,82.02098625868972,1.3066992822892145,103,control
3035,762.0,5578.0,587.0,5333.0,0.05145840719342232,0,301.7932868285266,,103,control
3036,773.0,5577.0,587.0,5333.0,0.0771738663315773,0,307.52749384840075,,103,check
3037,787.0,5505.0,739.2201977438821,5466.730590427075,0.05932947248220444,0,62.25489428221499,5.597156502630628,103,control
3038,782.0,5422.0,689.0,5469.0,0.05515863746404648,0,104.87404021465841,,103,check
3039,735.0,5481.0,773.0,5711.0,0.05175243690609932,0,232.59803134472753,,103,control
3040,714.0,5520.0,658.3873643727882,5696.148838494371,0.06189754605293274,0,184.5741991473846,4.4749424831625015,103,control
3041,714.0,5520.0,645.0,5411.0,0.05718572437763214,0,129.76713557421758,,103,control
3042,823.0,5471.0,655.0,5411.0,0.06787548959255219,0,179.29209489444486,,103,control
3043,732.0,5490.0,768.0,5728.0,0.09514009207487106,0,240.19566786167735,,103,control
3044,670.0,5433.0,850.0,5589.0,0.06247136369347572,0,236.96265852557622,,103,control
3045,670.0,5433.0,631.0,5649.0,0.053289398550987244,0,219.17896956252994,,103,control
3046,743.0,5493.0,793.0,5728.0,0.07546805590391159,0,239.69139861620312,,103,control
3047,791.0,5445.0,677.8326476437388,5655.731047986222,0.060822367668151855,0,239.28975549906173,0.8588454287592202,103,control
3048,791.0,5445.0,696.0,5503.0,0.06346043199300766,0,111.94535277576955,,103,control
3049,680.0,5576.0,855.0,5501.0,0.07544662803411484,0,189.14968441116747,,103,check
3050,794.0,5548.0,612.8701158077886,5551.050163192583,0.05317597836256027,0,181.89217473725148,0.8304314911029693,103,control
3051,809.0,5612.0,572.0,5647.0,0.06271284818649292,0,240.14626503042965,,103,control
3052,682.0,5428.0,624.7292745709533,5671.129583574936,0.06013233959674835,0,249.50422274542728,1.0798501866639567,103,control
3053,822.0,5590.0,687.0,5445.0,0.05859483778476715,0,199.01038090582503,,103,check
3054,689.0,5622.0,562.0,5317.0,0.05187071114778519,0,331.0244274217278,,103,control
3055,801.0,5564.0,605.0,5667.0,0.051124945282936096,0,221.85956567349893,,103,control
3056,844.0,5633.0,855.0,5372.0,0.07581912726163864,0,261.3314802266668,,103,control
3057,844.0,5633.0,702.0,5486.0,0.059196267277002335,0,205.3213697995515,,103,check
3058,41.0,5764.0,40.0,5514.0,0.061574455350637436,0,251.12684507379487,,104,control
3059,172.0,5644.0,194.0,5634.0,0.054042670875787735,0,24.98838971786726,,104,control
3060,44.0,5656.0,50.889465226285424,5777.889643271512,0.09102001041173935,0,120.96610146853331,0.4943582165465965,104,control
3061,86.0,5697.0,263.0,5584.0,0.06316868215799332,0,210.69653748927195,,104,control
3062,186.0,5775.0,321.0,5738.0,0.055331189185380936,0,140.24270085001262,,104,control
3063,178.0,5654.0,197.0,5657.0,0.06525342166423798,0,19.537659177030083,,104,control
3064,44.0,5722.0,50.0,5799.0,0.05720627307891846,0,76.13057296271782,,104,control
3065,62.0,5670.0,85.0,5849.0,0.05441668629646301,0,179.42603351727806,,104,control
3066,79.0,5711.0,252.0,5602.0,0.07891129702329636,0,205.2029075956969,,104,control
3067,39.0,5749.0,51.0,5779.0,0.06902280449867249,0,31.54990035602014,,104,check
3068,39.0,5749.0,46.0,5705.0,0.051502764225006104,0,45.83781166816179,,104,control
3069,205.0,5735.0,191.0,5761.0,0.05717743933200836,0,28.4516920437746,,104,control
3070,205.0,5735.0,100.0,5778.0,0.061800237745046616,0,112.42447457267139,,104,control
3071,111.0,5697.0,302.2432913865712,5575.546849107639,0.05083240568637848,0,227.13029184371092,0.989736955697168,104,check
3072,94.0,5648.0,271.5222355045203,5557.060898898414,0.05245579779148102,0,200.08079609805023,0.8516044498656336,104,control
3073,53.0,5779.0,70.0,5967.0,0.05095291510224342,0,187.6490802264439,,104,control
3074,53.0,5779.0,51.881273408800006,5836.3905041255475,0.08488583564758301,0,56.21137919333565,1.2621357998340046,104,check
3075,83.0,5647.0,70.0,5967.0,0.07559284567832947,0,319.0514310764579,,104,check
3076,112.0,5657.0,303.0,5611.0,0.051745980978012085,0,196.79597321855843,,104,control
3077,146.0,5821.0,190.0,5541.0,0.06779304146766663,0,284.46070393329273,,104,check
3078,120.0,5782.0,146.0,5641.0,0.06012320891022682,0,144.4977484300461,,104,control
3079,46.0,5641.0,47.87148154792468,5732.100672474927,0.059522975236177444,0,89.97848547922406,0.5396168405726446,104,control
3080,46.0,5641.0,43.0,5923.0,0.10618554800748825,0,280.80039417324616,,104,control
3081,67.0,5808.0,63.41219783365495,5806.520930898346,0.063240647315979,0,3.8635585448923773,2.4542345697082064,104,control
3082,47.0,5746.0,46.12382597475191,5799.867334194327,0.08492628484964371,0,52.68820194771358,4.10508518219673,104,control
3083,147.0,5839.0,266.0,5876.0,0.0663488581776619,0,124.48458696223538,,104,control
3084,147.0,5839.0,168.0,5906.0,0.05131373926997185,0,69.33247338551655,,104,control
3085,158.0,5741.0,113.0,5776.0,0.09934266656637192,0,55.83772014325521,,104,control
3086,128.0,5685.0,194.0,5634.0,0.05994189530611038,0,84.36142735158947,,104,control
3087,204.0,5638.0,154.0,5571.0,0.05195363983511925,0,84.06064305167516,,104,control
3088,214.0,5711.0,85.0,5687.0,0.055816229432821274,0,130.68643222932212,,104,control
3089,214.0,5711.0,178.0,5866.0,0.05543827265501022,0,158.0199678357686,,104,control
3090,78.0,5827.0,327.0,5655.0,0.08338699489831924,0,303.1427312846281,,104,check
3091,405.0,5781.0,496.0,5848.0,0.06123451516032219,0,112.19368761902747,,105,control
3092,233.0,5701.0,205.55864613766784,5909.039187128391,0.06052171438932419,0,208.79182583734567,0.609806538608625,105,control
3093,417.0,5797.0,223.0,5588.0,0.06851808726787567,0,285.5845730077332,,105,control
3094,270.0,5685.0,243.0,5844.0,0.0524212121963501,0,160.29115162860688,,105,control
3095,384.0,5734.0,351.0,5601.0,0.0567646361887455,0,137.79426240653362,,105,control
3096,384.0,5734.0,323.21805418573604,5578.958914190513,0.057576775550842285,0,167.25304321251593,0.809454096716227,105,control
3097,326.0,5786.0,383.0,5654.0,0.07326602190732956,0,144.43475096469692,,105,control
3098,429.0,5755.0,348.0,5609.0,0.08421364426612854,0,167.65126876775426,,105,check
3099,310.0,5739.0,375.0,5540.0,0.05200951546430588,0,210.04103802082636,,105,control
3100,240.0,5754.0,199.0,5523.0,0.0615340881049633,0,235.457981391311,,105,control
3101,340.0,5646.0,202.83068664668772,5857.800073220164,0.09563548117876053,0,251.3065058121667,1.0530263279394338,105,control
3102,382.0,5787.0,199.0,5619.0,0.06113690510392189,0,248.75062270670117,,105,control
3103,434.0,5824.0,396.0,5696.0,0.06431235373020172,0,134.290072260869,,105,check
3104,409.0,5741.0,193.49558823590644,5577.282420035263,0.05381833016872406,0,270.8469157293988,2.035725645356914,105,check
3105,409.0,5741.0,214.0,5643.0,0.08936799317598343,0,218.32406891845545,,105,control
3106,222.0,5787.0,549.0,5849.0,0.052122004330158234,0,332.05451272438603,,105,control
3107,348.0,5680.0,164.0812172657679,5537.160348480388,0.05319668725132942,0,233.0271925183906,1.114985196151798,105,control
3108,218.0,5750.0,364.0,5647.0,0.06421246379613876,0,179.083613797728,,105,check
3109,276.0,5697.0,273.7982360863539,5696.684817886146,0.07327655702829361,1,2.345047844382189,2.4083549547470557,105,control
3110,301.0,5792.0,436.0,5946.0,0.056598786264657974,0,203.9766703093285,,105,check
3111,261.0,5795.0,400.0,5560.0,0.09033995121717453,0,273.5877390530647,,105,control
3112,235.0,5644.0,455.0,5840.0,0.05156923085451126,0,293.8778904999957,,105,control
3113,289.0,5805.0,526.7249251317259,5941.9172997859,0.05874594300985336,0,273.4542021537033,2.1400748328187644,105,control
3114,277.0,5704.0,124.0,5984.0,0.0649966299533844,0,317.835653043216,,105,control
3115,277.0,5704.0,190.0,5578.0,0.06933378428220749,0,153.64158639653868,,105,control
3116,262.0,5719.0,306.4203579885385,5575.920045284537,0.05801761895418167,0,150.65326888587353,0.9386603603834943,105,control
3117,277.0,5816.0,383.18742955526125,5599.083969291705,0.05741260200738907,0,242.14462699037512,3.415509761959143,105,check
3118,303.0,5843.0,334.0,5586.0,0.06615333259105682,0,259.6658411364875,,105,control
3119,240.0,5744.0,532.0,5805.0,0.05434589087963104,0,297.5865530230812,,105,control
3120,305.0,5718.0,249.0,5498.0,0.05819752812385559,0,227.78654984030246,,105,control
3121,305.0,5718.0,452.0,5803.0,0.07864923030138016,0,169.1313894481218,,105,control
3122,226.0,5645.0,201.03229595651348,5603.83121993901,0.07274851202964783,0,48.747697493961155,0.9692033957782524,105,control
3123,328.0,5651.0,214.0,5845.0,0.06137070804834366,0,224.00062645302066,,105,control
3124,273.0,5722.0,273.0,5722.0,0.058143261820077896,1,0.9194218765630181,,105,control
3125,290.0,5738.0,348.3552140642432,5599.777732450312,0.05703379586338997,0,150.76636290066216,2.2572268057933567,105,control
3126,254.0,5850.0,545.0,5802.0,0.056111548095941544,0,294.39900406860534,,105,control
3127,310.0,5814.0,312.0,5923.0,0.054901864379644394,0,108.12122889331324,,105,control
3128,273.0,5779.0,160.0,5737.0,0.08412037044763565,0,120.44036263169805,,105,check
3129,426.0,5649.0,483.0,5798.0,0.06142549216747284,0,158.73819077720717,,105,control
3130,276.0,5667.0,336.0,5562.0,0.09175240993499756,0,121.65473693047363,,105,control
3131,274.0,5796.0,438.3385264682945,5616.819216464573,0.051698122173547745,0,243.46429456020576,3.0524707114936405,105,control
3132,291.0,5654.0,244.0,5777.0,0.05720178410410881,0,130.70162973528193,,105,check
3133,533.0,5740.0,781.5376855520758,5637.433479052826,0.0591387040913105,0,267.80894639956693,1.7879862258126833,106,control
3134,545.0,5665.0,497.0,5766.0,0.06510058790445328,0,111.44935493319419,,106,control
3135,531.0,5788.0,648.6108582732516,5803.500330346249,0.07386711239814758,0,117.62911297485232,0.4812870805471254,106,control
3136,438.0,5762.0,390.0,5603.0,0.05932575836777687,0,166.828497698392,,106,control
3137,454.0,5840.0,380.0,5595.0,0.059814874082803726,0,256.6729387841107,,106,control
3138,547.0,5801.0,654.0731727211758,5814.066851293423,0.05935351550579071,0,106.85295845339112,1.285297866479581,106,control
3139,621.0,5773.0,552.0,5792.0,0.056635499000549316,0,72.04847460556228,,106,control
3140,588.0,5655.0,546.0,5748.0,0.0621524304151535,0,101.76596840899869,,106,check
3141,489.0,5638.0,549.0,5849.0,0.05247920751571655,0,218.59775620930196,,106,control
3142,458.0,5745.0,728.0,5928.0,0.06563485413789749,0,324.92649619998616,,106,control
3143,447.0,5777.0,524.0,5725.0,0.0980447381734848,0,92.80355375178502,,106,control
3144,648.0,5742.0,694.4121345084512,5634.3208813788015,0.05976199731230736,0,117.2218042327487,0.8985513761973631,106,check
3145,466.0,5739.0,514.0,5810.0,0.058784838765859604,0,84.86311493512729,,106,control
3146,498.0,5763.0,336.0,5666.0,0.05871608108282089,0,189.22135915915075,,106,check
3147,586.0,5776.0,339.0,5555.0,0.05478788539767265,0,331.92177287397044,,106,control
3148,586.0,5776.0,587.2308234131823,5757.390515395871,0.05296560376882553,0,19.15996007599556,3.289647970333457,106,control
3149,606.0,5640.0,658.7372225864044,5746.858532070655,0.059580717235803604,0,118.33184303533243,1.1722142564171598,106,control
3150,485.0,5688.0,513.0,5754.0,0.059273067861795425,0,70.90813688165669,,106,check
3151,556.0,5753.0,538.0,5860.0,0.05347955971956253,0,107.99847356860816,,106,control
3152,604.0,5833.0,336.0,5666.0,0.05443555861711502,0,316.1870025961361,,106,control
3153,469.0,5767.0,497.0,5710.0,0.06952138245105743,0,63.878027647459575,,106,control
3154,646.0,5803.0,558.0,5633.0,0.07984156161546707,0,192.1994828111227,,106,control
3155,646.0,5803.0,657.0,5794.0,0.08107339590787888,0,13.798601937252466,,106,control
3156,498.0,5655.0,485.0,5829.0,0.09863385558128357,0,173.8455286404586,,106,check
3157,592.0,5842.0,557.0,5580.0,0.077766053378582,0,264.94397819946715,,106,check
3158,497.0,5667.0,478.0,5849.0,0.05425574257969856,0,182.35181842729347,,106,control
3159,639.0,5644.0,637.1144436434365,5642.607264080937,0.07411820441484451,0,3.305216449357827,2.5858625760659044,106,control
3160,618.0,5684.0,582.0,5776.0,0.06298445910215378,0,98.54984533761878,,106,control
3161,509.0,5668.0,496.0,5848.0,0.051747824996709824,0,179.8397852563333,,106,control
3162,600.0,5707.0,624.0,5752.0,0.06275591999292374,0,50.1595497873532,,106,control
3163,471.0,5851.0,485.0,5874.0,0.050789687782526016,0,26.083163123216732,,106,control
3164,615.0,5674.0,715.0,5754.0,0.06592811644077301,0,126.94141634764895,,106,check
3165,573.0,5825.0,335.0,5702.0,0.051039233803749084,0,268.27411008813107,,106,control
3166,607.0,5696.0,753.0,5707.0,0.07164990901947021,0,145.17864223252133,,106,control
3167,538.0,5842.0,508.0,5849.0,0.1026085838675499,0,31.202126313616997,,106,control
3168,569.0,5661.0,492.0,5809.0,0.05279456451535225,0,166.46906462671708,,106,control
3169,631.0,5647.0,631.0,5637.0,0.05350567400455475,0,10.501543191755516,,106,control
3170,653.0,5787.0,584.0,5808.0,0.06947372108697891,0,72.6903489895596,,106,control
3171,792.0,5728.0,793.0,5728.0,0.12571895122528076,1,0.4521406931330559,,107,control
3172,799.0,5641.0,676.0,5790.0,0.07920090109109879,0,193.5157570930954,,107,control
3173,822.0,5664.0,551.0,5840.0,0.050144072622060776,0,323.37275588332045,,107,control
3174,731.0,5783.0,831.5464615863601,5643.718601842642,0.07452509552240372,0,171.14897731860023,2.0599010900535495,107,control
3175,731.0,5783.0,736.6068354181629,5784.643333858621,0.050559088587760925,0,4.590319408637332,1.6328404180185643,107,control
3176,843.0,5756.0,715.0,5789.0,0.050356194376945496,0,133.18367812660986,,107,check
3177,810.0,5816.0,753.7120935813443,5895.81676726463,0.05539549142122269,0,98.10686107194626,1.7775265636391038,107,control
3178,721.0,5753.0,715.0,5754.0,0.07112469524145126,0,7.1453333198724565,,107,control
3179,667.0,5688.0,568.1280783419095,5796.508983364242,0.052006546407938004,0,146.8524179770852,2.392494292112414,107,control
3180,811.0,5675.0,684.2122223140852,5732.651061783733,0.05790359526872635,0,140.03507216462003,0.8593096432525005,107,check
3181,707.0,5751.0,842.2878922122794,5610.0787484195325,0.052543409168720245,0,194.51580940901562,1.901821140785766,107,control
3182,807.0,5808.0,628.0,5859.0,0.05037703737616539,0,186.8534843846112,,107,control
3183,757.0,5667.0,571.0,5856.0,0.0529068224132061,0,265.27625155061986,,107,control
3184,686.0,5791.0,552.0,5792.0,0.0793033316731453,0,134.6579212325844,,107,control
3185,769.0,5753.0,598.5878844891099,5882.739133477062,0.062496088445186615,0,214.50204706036044,0.9812366591627035,107,control
3186,677.0,5779.0,640.0,5890.0,0.05053750425577164,0,116.82547425858715,,107,check
3187,762.0,5689.0,728.0,5928.0,0.05144399404525757,0,241.16917109357,,107,control
3188,675.0,5738.0,788.2826540562081,5729.586887084536,0.0583563968539238,0,112.29678081565157,1.3895240648720668,107,control
3189,693.0,5819.0,845.0,5946.0,0.07986845076084137,0,196.68482472989723,,107,control
3190,720.0,5700.0,602.0,5826.0,0.05090225487947464,0,172.79229568918367,,107,control
3191,818.0,5853.0,617.0,5847.0,0.05529757961630821,0,201.9738558866563,,107,control
3192,737.0,5706.0,619.0,5734.0,0.050888240337371826,0,121.97122812740338,,107,check
3193,737.0,5706.0,622.0,5722.0,0.06826496124267578,0,116.86839952615892,,107,control
3194,737.0,5706.0,739.0,5709.0,0.06631208211183548,1,2.7677287823092627,,107,control
3195,777.0,5666.0,556.0,5819.0,0.05380760878324509,0,269.01577674484975,,107,control
3196,816.0,5641.0,730.0187467470656,5507.199567507089,0.18059098720550537,0,159.90046972835208,0.6916564733537865,107,control
3197,711.0,5726.0,581.3002941535441,5545.350062411536,0.05473241209983826,0,223.17887791968573,0.6831242166359817,107,check
3198,844.0,5825.0,810.0,5643.0,0.05641044303774834,0,185.6603897157782,,107,control
3199,713.0,5683.0,582.0,5889.0,0.07079961895942688,0,244.05889998775854,,107,control
3200,713.0,5683.0,600.0,5882.0,0.10041559487581253,0,228.7748058570266,,107,control
3201,694.0,5696.0,600.0,5882.0,0.060497015714645386,0,208.28524742241018,,107,control
3202,764.0,5729.0,768.0,5728.0,0.11808314174413681,0,3.040919270732388,,107,control
3203,742.0,5682.0,686.0,5573.0,0.06027895584702492,0,123.33580828426241,,107,control
3204,690.0,5657.0,793.0,5693.0,0.057015661150217056,0,107.7628811231587,,107,check
3205,752.0,5812.0,617.0,5847.0,0.05424373969435692,0,140.173033418231,,107,control
3206,678.0,5713.0,828.0,5798.0,0.0667317807674408,0,170.99852635092515,,107,check
3207,791.0,5682.0,570.0,5530.0,0.052859269082546234,0,269.0217774721261,,107,control
3208,747.0,5708.0,590.0,5549.0,0.06577806919813156,0,224.27972211987117,,107,control
3209,747.0,5708.0,753.0,5707.0,0.0739353597164154,0,4.971498095232922,,107,control
3210,835.0,5748.0,848.0306325879199,5926.8404779148095,0.05417251959443092,0,178.92971353930423,2.022510977806698,107,control
3211,731.0,5809.0,831.0,5824.0,0.06747087836265564,0,99.60857375270145,,107,control
3212,776.0,5701.0,773.0,5711.0,0.06957656145095825,0,10.581363322112312,,107,control
3213,654.0,5813.0,560.0,5707.0,0.05346093326807022,0,142.5290115427968,,107,check
3214,150.0,5867.0,109.55759702355031,5756.988925443767,0.07176508754491806,0,118.01857873698202,1.055820277384829,108,control
3215,114.0,6062.0,193.16303612097113,5759.221167396444,0.07214394956827164,0,314.0270845330584,1.0009849844447463,108,control
3216,197.0,6050.0,100.0,6178.0,0.05137272924184799,0,159.33628912987155,,108,control
3217,169.0,5936.0,304.29179837508076,5958.8906855717605,0.06590691953897476,0,137.0692108363532,0.7570581045158292,108,check
3218,40.0,5989.0,45.0,6186.0,0.05152177810668945,0,195.8215865274481,,108,check
3219,68.0,5969.0,86.0,6169.0,0.05575909465551376,0,199.65508099654153,,108,control
3220,130.0,5943.0,271.0,5919.0,0.06251974403858185,0,143.30417468883758,,108,control
3221,130.0,5943.0,173.9072515145187,6103.319018421337,0.06981336325407028,0,165.25579985990348,0.8255063413837818,108,control
3222,58.0,6021.0,55.31754217754568,6179.079016645238,0.07318843901157379,0,156.84486649575862,1.5964099867262402,108,control
3223,73.0,5906.0,74.0,6165.0,0.07812406867742538,0,257.78216837535183,,108,control
3224,205.0,5953.0,205.0,6068.0,0.06953391432762146,0,113.94918782184037,,108,control
3225,53.0,6057.0,57.0,6178.0,0.0743270292878151,0,119.84486631710924,,108,control
3226,196.0,6067.0,50.0,5799.0,0.06019394099712372,0,305.83564981238493,,108,control
3227,41.0,5869.0,41.0,5954.0,0.0808391124010086,0,83.78647433807983,,108,control
3228,134.0,5982.0,317.0,5957.0,0.07903844118118286,0,184.79144894970176,,108,control
3229,97.0,5901.0,196.0,6055.0,0.07271061092615128,0,182.34146513805126,,108,control
3230,70.0,5872.0,67.0,5984.0,0.06881816685199738,0,110.83082377276453,,108,control
3231,54.0,5942.0,71.0,6185.0,0.07669012993574142,0,242.40940230916286,,108,check
3232,54.0,5942.0,51.0,5837.0,0.05094511806964874,0,106.20420789682476,,108,control
3233,99.0,5988.0,209.0,6130.0,0.07116039097309113,0,178.91972479680402,,108,control
3234,78.0,5924.0,73.81134881123566,6170.261160908972,0.0611596554517746,0,245.06335797708905,4.581339416490882,108,control
3235,41.0,5962.0,45.0,6186.0,0.05620013177394867,0,222.7883806545376,,108,control
3236,183.0,5919.0,327.0,6047.0,0.059721607714891434,0,191.99327269503777,,108,check
3237,70.0,5924.0,85.30758358687642,6164.998495903998,0.0653558000922203,0,240.31364608721557,2.2657161357174,108,control
3238,40.0,5880.0,41.0,5954.0,0.06915830820798874,0,72.80454873079837,,108,check
3239,179.0,5893.0,138.6211377381955,6151.3305432973575,0.05147522687911987,0,260.27168415658355,1.488749496357446,108,check
3240,212.0,5980.0,103.40757818031582,6149.718994515075,0.07249406725168228,0,200.2080981463768,2.708173342960056,108,control
3241,172.0,6004.0,202.36080259319928,5860.640426482605,0.07238227128982544,0,147.5987415136083,1.1116647625048222,108,control
3242,124.0,5866.0,116.0,6139.0,0.05086100846529007,0,271.935009134037,,108,control
3243,50.0,5996.0,50.0,6203.0,0.10090116411447525,0,205.74258853207223,,108,control
3244,97.0,5959.0,236.0,6002.0,0.055886223912239075,0,145.38582439743666,,108,control
3245,42.0,6010.0,45.0,6186.0,0.05942068248987198,0,174.77796592157674,,108,control
3246,42.0,6010.0,44.0,6064.0,0.06925776600837708,0,52.83384619059858,,108,control
3247,62.0,5914.0,201.0,5950.0,0.06866762042045593,0,143.63143561840465,,108,control
3248,40.0,5934.0,40.0,6165.0,0.07629387825727463,0,229.7389369708436,,108,control
3249,43.0,6019.0,45.0,6186.0,0.06117606163024902,0,165.7609032981329,,108,check
3250,89.0,6005.0,94.0,6097.0,0.056846436113119125,0,90.9849384552204,,108,control
3251,147.0,5950.0,243.0,6067.0,0.05323975533246994,0,150.65773453517437,,108,control
3252,197.0,5994.0,89.0,6156.0,0.06917998194694519,0,193.38827044137977,,108,control
3253,40.0,5903.0,40.0,6165.0,0.06010521203279495,0,260.7388105036734,,108,check
3254,40.0,5855.0,43.0,6085.0,0.10369468480348587,0,228.78822451247285,,108,control
3255,139.0,5919.0,147.0,5885.0,0.05855999141931534,0,36.0934321182939,,108,control
3256,187.0,5911.0,145.0,5998.0,0.050792451947927475,0,95.41358838898988,,108,control
3257,190.0,5997.0,171.0,6145.0,0.05644764378666878,0,148.07611290226484,,108,control
3258,340.0,6065.0,153.0754070985988,6074.597481129692,0.06408122181892395,0,186.71489983662403,1.0788978383713927,109,control
3259,337.0,5996.0,128.0,6058.0,0.07018645107746124,0,217.21839253831777,,109,check
3260,298.0,5920.0,111.0,5757.0,0.05732647702097893,0,248.3042725863211,,109,check
3261,347.0,5880.0,396.1355043837694,6144.912555599482,0.08681292831897736,0,268.53796406592494,0.9658669459410115,109,control
3262,389.0,6007.0,212.0,6037.0,0.06813783198595047,0,179.11282093989792,,109,control
3263,248.0,5860.0,280.0,6149.0,0.05339379608631134,0,289.79138203034904,,109,control
3264,368.0,5862.0,415.0,6118.0,0.07813127338886261,0,259.4050578875852,,109,control
3265,434.0,5929.0,401.0,5780.0,0.05624879151582718,0,153.40266723422974,,109,control
3266,353.0,5871.0,514.0,6118.0,0.058691419661045074,0,293.88347391059693,,109,control
3267,344.0,6037.0,99.0,5870.0,0.05906368046998978,0,296.6162033680026,,109,control
3268,236.0,5972.0,125.0,6127.0,0.05415336415171623,0,189.43607544111063,,109,control
3269,413.0,5962.0,448.0,5829.0,0.05115034803748131,0,138.1324090426553,,109,control
3270,256.0,5994.0,202.0,5860.0,0.0706344023346901,0,145.28375095307428,,109,control
3271,397.0,6049.0,480.0,5919.0,0.06637910008430481,0,154.5642830457962,,109,control
3272,344.0,5946.0,289.0,5770.0,0.052826572209596634,0,185.2094575479235,,109,control
3273,329.0,6057.0,123.0,6068.0,0.08430694043636322,0,205.74304357583486,,109,control
3274,363.0,5988.0,158.0,6061.0,0.06693775951862335,0,216.87074780492713,,109,control
3275,332.0,6031.0,168.0,5737.0,0.06352007389068604,0,337.3074833132946,,109,control
3276,239.0,5855.0,273.0,6142.0,0.09458118677139282,0,288.02908822281154,,109,control
3277,399.0,5944.0,337.0,5741.0,0.06110427528619766,0,213.05389491663064,,109,control
3278,399.0,5944.0,434.0,5805.0,0.061842672526836395,0,143.97155294796048,,109,check
3279,226.0,5991.0,123.0,6154.0,0.05536901578307152,0,191.58628456444876,,109,control
3280,431.0,6033.0,451.0,5785.0,0.08094069361686707,0,249.48203153099158,,109,control
3281,300.0,5944.0,535.0,5780.0,0.07739387452602386,0,286.4231637595386,,109,control
3282,356.0,5967.0,489.1465163368123,5872.792782637496,0.058733101934194565,0,163.08877946128644,2.4456627955749,109,check
3283,261.0,5941.0,178.0,5895.0,0.05886422097682953,0,95.06045567695313,,109,check
3284,235.0,5893.0,201.0,5939.0,0.05983862653374672,0,56.188601143894886,,109,control
3285,344.0,5921.0,523.0,5754.0,0.05433094874024391,0,244.82097808068053,,109,control
3286,235.0,5935.0,264.0,6002.0,0.05619258061051369,0,72.16101903439848,,109,control
3287,250.0,6011.0,124.59545092841395,6174.32225679147,0.06726791709661484,0,204.71615200160568,2.0159934473026633,109,control
3288,289.0,5895.0,464.6213530438882,6019.010711663807,0.0662388876080513,0,214.16652943449395,0.5884580208089125,109,control
3289,289.0,5895.0,118.69460175530835,5729.317622380683,0.05302916467189789,0,237.9038207803692,1.1306119308395493,109,control
3290,429.0,5977.0,341.0,5770.0,0.05007373169064522,0,225.7070014839931,,109,control
3291,404.0,5913.0,170.0,5790.0,0.07098902016878128,0,264.4330869248274,,109,check
3292,264.0,6045.0,535.0,5780.0,0.051946595311164856,0,379.0289285406812,,109,check
3293,300.0,6032.0,169.0,6190.0,0.07773710042238235,0,204.18428814496366,,109,check
3294,243.0,5976.0,513.0,5951.0,0.051821496337652206,0,270.61679160124515,,109,control
3295,243.0,5976.0,122.98002049572608,6154.170027201609,0.07007987797260284,0,213.60162601106347,3.983522230554901,109,control
3296,284.0,6062.0,497.0,5886.0,0.06979938596487045,0,276.3274449034905,,109,control
3297,348.0,5977.0,225.0,6011.0,0.05239933729171753,0,127.13684475098547,,109,control
3298,348.0,5977.0,128.0,6058.0,0.11413636058568954,0,233.59360743655222,,109,check
3299,399.0,5926.0,150.0,5757.0,0.08589468151330948,0,301.0869905652677,,109,control
3300,399.0,5926.0,170.0,5790.0,0.055885735899209976,0,266.4739130949772,,109,control
3301,375.0,5903.0,105.48892842901152,6162.299446986505,0.06046692654490471,0,372.8069359337487,1.1926335192602524,109,control
3302,333.0,5862.0,289.0,5850.0,0.05533508583903313,0,45.76801759884847,,109,control
3303,285.0,5917.0,121.47622144477313,5805.328453164519,0.06831517070531845,0,198.14380003175918,2.4483061938120816,109,control
3304,494.0,6028.0,636.2413414296361,6175.710356181443,0.1042351946234703,0,203.92188860119506,1.6564846975287293,110,control
3305,597.0,5941.0,598.6250185709154,5943.062460641769,0.06095542758703232,1,1.6814387817834964,2.7402682112490417,110,control
3306,616.0,5863.0,567.0436910270389,5873.921746570265,0.0651307925581932,0,50.751062608031596,0.5922980443125139,110,control
3307,582.0,6049.0,590.0,5901.0,0.05753740668296814,0,148.74489835967933,,110,control
3308,651.0,6000.0,432.8697854347333,5843.270463554782,0.05058899149298668,0,269.29722581033025,1.846465377515294,110,control
3309,536.0,6003.0,552.0,5792.0,0.05791990086436272,0,212.1478452724976,,110,check
3310,461.0,5996.0,600.0,5882.0,0.059878554195165634,0,179.48091440848302,,110,control
3311,604.0,6033.0,566.0,5818.0,0.05027596652507782,0,219.02902466164167,,110,control
3312,489.0,5895.0,343.5309560874568,6165.2304515325695,0.05831723287701607,0,306.1849040277144,5.114245394970584,110,check
3313,632.0,5892.0,593.0,5765.0,0.055137332528829575,0,133.5952205889792,,110,control
3314,622.0,5877.0,496.0,5848.0,0.05299271643161774,0,129.94693658322018,,110,control
3315,556.0,5981.0,716.0,5834.0,0.05721287801861763,0,216.70825399809468,,110,control
3316,605.0,6021.0,688.0,5795.0,0.06838521361351013,0,240.80668019838126,,110,control
3317,458.0,5955.0,492.0,6141.0,0.059448838233947754,0,188.24986964516543,,110,control
3318,497.0,5902.0,497.40384028864395,5852.762220865395,0.05683097615838051,0,49.90602110579372,1.816876514484027,110,control
3319,562.0,5931.0,561.0,5930.0,0.06653933972120285,1,2.368025962546082,,110,check
3320,538.0,5962.0,441.0,5870.0,0.05456922948360443,0,134.46013581464376,,110,control
3321,469.0,5883.0,520.0,5866.0,0.0503571555018425,0,53.40718957307689,,110,control
3322,469.0,5883.0,505.0,5760.0,0.07826409488916397,0,128.63345168427887,,110,control
3323,640.0,6041.0,453.0,6025.0,0.05239848792552948,0,188.20335335847804,,110,control
3324,466.0,6010.0,523.0,5807.0,0.05110780894756317,0,211.30117935646007,,110,control
3325,578.0,6027.0,614.0,5855.0,0.05785520002245903,0,176.07530475002176,,110,control
3326,560.0,5947.0,568.3115182460194,5936.900455340022,0.059888556599617004,0,13.098948844606756,2.1548248169324826,110,check
3327,496.0,6008.0,415.92564943003504,5857.21222764306,0.09010618925094604,0,171.5376912685854,2.1668798039289627,110,control
3328,496.0,6008.0,566.0,5818.0,0.05512462556362152,0,202.78728629818818,,110,control
3329,515.0,5976.0,513.0,5971.0,0.0765269473195076,0,6.246537997975678,,110,check
3330,647.0,5978.0,763.0,6039.0,0.10537619888782501,0,129.66439224208597,,110,control
3331,562.0,5879.0,520.0,5866.0,0.055261168628931046,0,44.723990073999374,,110,control
3332,619.0,5984.0,656.1791922445481,5841.824299693771,0.05315959453582764,0,147.17872060963492,3.1524625649576943,110,control
3333,695.0,6037.0,614.0,5855.0,0.05160001665353775,0,200.05006490840228,,111,control
3334,715.0,5920.0,598.0,5866.0,0.06472413241863251,0,129.8373168928953,,111,control
3335,764.0,5938.0,642.4532281201416,5779.301155511593,0.068614162504673,0,200.84051334685023,2.0107203193965297,111,control
3336,737.0,5901.0,838.0,5778.0,0.05639568716287613,0,158.41456784349828,,111,control
3337,684.0,6012.0,818.0,6073.0,0.05265679955482483,0,145.68591437239905,,111,check
3338,792.0,6043.0,587.0,5756.0,0.08755102008581161,0,353.5720413788707,,111,control
3339,677.0,5990.0,645.1785078730084,6067.338732606939,0.0577298142015934,0,83.53011191677187,2.6666774740012884,111,check
3340,752.0,6031.0,617.0,5847.0,0.1165553629398346,0,229.15275934933305,,111,control
3341,806.0,5887.0,635.0,5817.0,0.05171651765704155,0,185.8046587985269,,111,control
3342,725.0,5938.0,772.0,5870.0,0.062054939568042755,0,82.20692203420487,,111,control
3343,846.0,6000.0,557.0,5862.0,0.056382209062576294,0,321.14710949390957,,111,control
3344,777.0,5996.0,546.8714762974002,5890.820109659145,0.08478356897830963,0,253.90121990197892,2.0361266178787236,111,control
3345,779.0,5890.0,838.0,5778.0,0.05479038506746292,0,126.13300986836796,,111,check
3346,676.0,6021.0,736.0,6014.0,0.05099792405962944,0,59.187880192580955,,111,control
3347,687.0,5972.0,843.407172899012,5945.438677589994,0.060013338923454285,0,157.14964518611043,2.3575076490471374,111,control
3348,787.0,6022.0,566.0,5818.0,0.064701147377491,0,301.6754741349558,,111,control
3349,841.0,5989.0,551.0,5840.0,0.051326852291822433,0,326.91243642721025,,111,control
3350,841.0,5989.0,617.0,5781.0,0.05379859730601311,0,306.6479144579204,,111,check
3351,855.0,6024.0,848.0,5925.0,0.08549709618091583,0,99.64706728848779,,111,control
3352,732.0,5982.0,809.0,5991.0,0.061701979488134384,0,76.01074309718464,,111,control
3353,838.0,5856.0,666.0,5818.0,0.05377386882901192,0,177.2254269167432,,111,control
3354,725.0,6060.0,602.0,5838.0,0.06406126916408539,0,254.6713452359861,,111,control
3355,806.0,5969.0,667.9109097067571,5810.819644243713,0.06502582877874374,0,210.98388721494743,6.906601954959319,111,control
3356,810.0,5913.0,746.0,5885.0,0.0684235692024231,0,71.16682048983691,,111,check
3357,734.0,6027.0,600.0,5882.0,0.057043347507715225,0,198.40874712747978,,111,control
3358,783.0,5985.0,569.0,5749.0,0.08779478073120117,0,319.459705444921,,111,control
3359,719.0,6032.0,584.0,5808.0,0.0529002919793129,0,262.40528994963705,,111,control
3360,711.0,6035.0,688.0,5795.0,0.07129151374101639,0,241.63607211089197,,111,control
3361,42.0,6084.0,43.0,6315.0,0.13006830215454102,0,229.71597910288548,,112,control
3362,146.0,6183.0,126.0,6088.0,0.10676410049200058,0,98.1087911092958,,112,control
3363,43.0,6205.0,43.0,6000.0,0.10240098834037781,0,206.22574116710265,,112,control
3364,43.0,6113.0,44.0,6286.0,0.09944523125886917,0,171.72520079437473,,112,check
3365,56.0,6179.0,57.0,6178.0,0.09842512756586075,1,2.7829746064913037,,112,control
3366,193.0,6156.0,273.0,6142.0,0.09698271006345749,0,81.41760062188233,,112,control
3367,82.0,6193.0,186.0,5989.0,0.09524144232273102,0,230.0756415030378,,112,control
3368,178.0,6090.0,349.0,6004.0,0.09447907656431198,0,191.67274756449066,,112,control
3369,75.0,6235.0,347.0,5995.0,0.09369566291570663,0,363.2216599616778,,112,control
3370,148.0,6160.0,129.0,6030.0,0.09360213577747345,0,132.43108418814077,,112,check
3371,40.0,6100.0,40.0,6165.0,0.09018079191446304,0,63.74170720019769,,112,control
3372,158.0,6190.0,153.0,6102.0,0.09008689969778061,0,89.23734469774972,,112,check
3373,41.0,6191.0,40.0,6165.0,0.08868983387947083,0,27.263787184402478,,112,control
3374,94.0,6209.0,236.8205781597938,5999.509993971824,0.08748327195644379,0,254.47389381894718,2.452056853057322,112,control
3375,74.0,6197.0,221.0,6003.0,0.08740019053220749,0,244.3550977763657,,112,control
3376,124.0,6250.0,314.0,6013.0,0.08587522804737091,0,304.4434758389484,,112,control
3377,151.0,6244.0,124.0,5999.0,0.08350566029548645,0,247.55118170538628,,112,control
3378,43.0,6272.0,41.0,5954.0,0.08185067772865295,0,319.2194668977355,,112,control
3379,196.0,6101.0,184.6159022054556,6160.642598510463,0.07934466004371643,0,59.59277904984736,1.910134820508262,112,check
3380,61.0,6194.0,67.0,5984.0,0.07867401093244553,0,211.29917197748748,,112,control
3381,55.0,6101.0,68.0,6337.0,0.07686761021614075,0,235.12539400735838,,112,control
3382,206.0,6257.0,126.0,6315.0,0.07549658417701721,0,97.79873917084316,,112,control
3383,123.0,6281.0,65.0,6272.0,0.07378703355789185,0,58.32332937129361,,112,control
3384,53.0,6203.0,54.0,6329.0,0.07068345695734024,0,124.73019796273529,,112,check
3385,173.0,6178.0,178.21937922382935,6077.204423560911,0.06945229321718216,0,102.03048177219476,3.0266059125957328,112,check
3386,42.0,6136.0,42.0,6253.0,0.06938768923282623,0,115.72378063446843,,112,control
3387,160.0,6254.0,155.77339512738158,6085.6722247419275,0.06885030120611191,0,169.48290681343587,5.119907335073807,112,control
3388,166.0,6137.0,274.0,6187.0,0.06878826767206192,0,118.60325296512349,,112,control
3389,160.0,6175.0,154.02904520957068,6081.089795314061,0.06821589171886444,0,95.18630403944117,2.00938879583395,112,control
3390,135.0,6131.0,200.0,6152.0,0.06638572365045547,0,68.2111613237068,,112,control
3391,166.0,6272.0,160.4788389396787,6106.069382594028,0.06624015420675278,0,167.12056229514408,0.9273043839171676,112,check
3392,75.0,6074.0,101.0,6197.0,0.06580318510532379,0,124.65302795641155,,112,control
3393,75.0,6074.0,72.0,6193.0,0.06441949307918549,0,117.79362933857693,,112,control
3394,203.0,6233.0,313.4209469129331,6238.780505816296,0.06436403840780258,0,110.39743426075155,0.8997930986715718,112,check
3395,61.0,6194.0,62.0,6197.0,0.0635765939950943,1,2.391394761321475,,112,control
3396,41.0,6074.0,43.0,6423.0,0.06339753419160843,0,347.6973927290652,,112,control
3397,209.0,6282.0,112.0,6385.0,0.0632629320025444,0,140.31687365861586,,112,control
3398,134.0,6081.0,73.0,6304.0,0.06322918832302094,0,229.83912496309733,,112,control
3399,173.0,6145.0,274.0,6187.0,0.061939261853694916,0,109.01183797293108,,112,control
3400,60.0,6130.0,67.0,6246.0,0.061478812247514725,0,115.0029718695879,,112,control
3401,171.0,6108.0,154.0,6175.0,0.06069699302315712,0,67.93658557452652,,112,control
3402,293.0,6148.0,214.0,5968.0,0.06344058364629745,0,197.40172419637656,,113,control
3403,347.0,6172.0,226.0,6203.0,0.050837986171245575,0,124.51391973292877,,113,control
3404,241.0,6277.0,287.3348561500825,6297.811936946587,0.07125522196292877,0,50.32256439484169,2.607484385206369,113,control
3405,427.0,6080.0,168.0,6026.0,0.06820067763328552,0,264.4239976944167,,113,control
3406,401.0,6167.0,116.0,6139.0,0.05254872143268585,0,286.0046817053306,,113,control
3407,308.0,6216.0,477.1944222788153,6091.442234593826,0.055042676627635956,0,210.09537674637292,2.5645994190462047,113,control
3408,235.0,6259.0,208.0,6296.0,0.06390273571014404,0,44.8292774200665,,113,control
3409,406.0,6198.0,144.0,6162.0,0.0535297766327858,0,264.22741023786597,,113,control
3410,262.0,6173.0,368.0,6102.0,0.06592808663845062,0,127.87159169425516,,113,control
3411,221.0,6117.0,201.0,6185.0,0.0573403500020504,0,69.78187086753032,,113,check
3412,327.0,6222.0,414.0,5955.0,0.055767133831977844,0,281.46664863692865,,113,control
3413,353.0,6279.0,182.0,6077.0,0.06501796841621399,0,265.28094435684466,,113,control
3414,434.0,6219.0,165.57759235912516,6092.868910622044,0.05127805471420288,0,296.72575135454576,1.0418065919915533,113,control
3415,345.0,6220.0,436.0896750491089,5944.499695608437,0.05611058697104454,0,290.7708202211898,2.0369815520632955,113,control
3416,345.0,6220.0,304.0,6153.0,0.06519309431314468,0,79.40033575489741,,113,check
3417,250.0,6145.0,158.0,6061.0,0.05333305895328522,0,125.03788885354508,,113,check
3418,250.0,6145.0,278.96228378565985,6020.161249531246,0.05495214834809303,0,129.09769940964622,1.7092219199528138,113,control
3419,271.0,6169.0,283.0,6138.0,0.0558139868080616,0,34.152446977704216,,113,control
3420,268.0,6070.0,286.1760079890692,6234.292927064343,0.05782851576805115,0,164.30436425286683,5.139414641073127,113,control
3421,333.0,6209.0,303.0,6218.0,0.053014423698186874,0,31.143702294742788,,113,control
3422,323.0,6206.0,303.8712219145894,6217.280469444797,0.05623606964945793,0,21.813214028484744,1.7295317113566582,113,check
3423,429.0,6157.0,223.0,5988.0,0.05112164467573166,0,266.91867567106425,,113,control
3424,429.0,6157.0,330.6599178159582,6128.53012569445,0.055929068475961685,0,102.76904433870679,1.1125934937936794,113,control
3425,384.0,6133.0,387.1445432176492,6043.0278838954055,0.05642620474100113,0,90.85279106010611,1.19486482937845,113,control
3426,245.0,6180.0,281.1952207990385,6226.377268400495,0.052645329385995865,0,58.02940032735287,2.21276881983498,113,control
3427,245.0,6180.0,267.0,5982.0,0.05557067319750786,0,200.18562123868253,,113,control
3428,386.0,6103.0,265.0,6199.0,0.05500378832221031,0,153.81006686150332,,113,control
3429,224.0,6097.0,261.0,6037.0,0.08087949454784393,0,71.37952688420214,,113,control
3430,340.0,6104.0,465.87602683594406,5937.608077498792,0.05411037802696228,0,208.94059443507493,0.5702566733951967,113,control
3431,218.0,6284.0,113.87237234903291,6382.650810360692,0.06733283400535583,0,142.30852570715882,0.7094905811325701,113,control
3432,218.0,6284.0,200.0,6377.0,0.09283002465963364,0,93.5966514457535,,113,control
3433,218.0,6284.0,116.7608238329916,6352.806305111203,0.09381964057683945,0,121.39526027168962,2.283081009584933,113,control
3434,305.0,6143.0,487.0,5987.0,0.07797274738550186,0,239.75976691290103,,113,control
3435,252.0,6160.0,303.0,6218.0,0.05983555316925049,0,76.44825071966675,,113,check
3436,242.0,6243.0,245.75709127157177,6248.338418209845,0.05031286180019379,0,5.75125270096233,1.3174906188994346,113,control
3437,310.0,6117.0,122.78980517442982,6154.489964977845,0.05682002007961273,0,190.2494829216325,2.3569416405960113,113,check
3438,240.0,6075.0,285.0,6123.0,0.05665813013911247,0,65.08970043033817,,113,check
3439,262.0,6088.0,372.0,6166.0,0.07627369463443756,0,134.11889758556555,,113,control
3440,428.0,6172.0,498.0,6334.0,0.0600631982088089,0,175.4929129326922,,113,control
3441,506.0,6272.0,338.0,5998.0,0.05842360854148865,0,322.21305200793694,,114,control
3442,518.0,6283.0,322.0,6226.0,0.07899325340986252,0,204.5298783628488,,114,check
3443,580.0,6280.0,620.4871811127283,6324.10311252285,0.06014497950673103,0,58.69420709177967,1.5331805788979578,114,control
3444,506.0,6166.0,639.0,6296.0,0.13538990914821625,0,184.77588073296553,,114,control
3445,456.0,6197.0,438.0,6388.0,0.051009491086006165,0,191.05459107699158,,114,control
3446,547.0,6259.0,529.0,5946.0,0.05294822156429291,0,314.20482082130854,,114,control
3447,439.0,6208.0,339.0,6136.0,0.06280361115932465,0,123.89047152336198,,114,control
3448,601.0,6122.0,637.0,6372.0,0.06735154241323471,0,251.81207190307603,,114,control
3449,446.0,6241.0,318.90064978230305,6114.255532076342,0.07249994575977325,0,180.22085461149186,1.8261828805570643,114,control
3450,568.0,6196.0,332.0,6243.0,0.05680428817868233,0,240.63393328004986,,114,check
3451,480.0,6077.0,516.0,6044.0,0.08193305134773254,0,48.832014457538165,,114,control
3452,573.0,6101.0,615.0,6094.0,0.0742967426776886,0,41.73834986837197,,114,check
3453,453.0,6253.0,335.0,6163.0,0.06341652572154999,0,149.09412557197675,,114,control
3454,633.0,6276.0,597.1289300658995,6340.199649402109,0.06736144423484802,0,73.4664101729998,0.4476690973084782,114,control
3455,543.0,6123.0,654.0,6279.0,0.0526655912399292,0,190.33104329918876,,114,control
3456,554.0,6273.0,342.0,6206.0,0.06434468924999237,0,222.80510117405262,,114,check
3457,527.0,6248.0,343.0,6165.0,0.05333063006401062,0,202.40090058570198,,114,control
3458,603.0,6145.0,393.0,6144.0,0.0633358508348465,0,210.33375458250862,,114,control
3459,467.0,6193.0,351.43117571771415,5950.45067915177,0.05774475634098053,0,269.5053459936075,1.2367911303452324,114,control
3460,550.0,6126.0,663.8076970312452,6283.988863971092,0.05048108473420143,0,193.5697321267194,1.752660913072461,114,control
3461,459.0,6205.0,643.1574159294132,6189.258448604379,0.05353653058409691,0,183.80794449205595,2.8549110203617443,114,control
3462,523.0,6262.0,320.0,6210.0,0.07362718880176544,0,209.92408704864965,,114,control
3463,599.0,6250.0,376.0,6375.0,0.05516526848077774,0,255.51480636652147,,114,control
3464,528.0,6121.0,342.0,6206.0,0.05213487893342972,0,204.30282702741374,,114,control
3465,622.0,6128.0,706.357032579586,6116.258595797395,0.06494984030723572,0,84.01899312090438,2.229114009662232,114,control
3466,622.0,6128.0,324.0775838606821,6212.533656537956,0.06255790591239929,0,309.57145796426505,1.3502552031025012,114,control
3467,443.0,6193.0,425.0,6384.0,0.07355295866727829,0,191.0366148171696,,114,control
3468,525.0,6084.0,450.0,5940.0,0.05067519471049309,0,163.20969286442235,,114,check
3469,528.0,6174.0,513.0,5971.0,0.09287901222705841,0,204.2720314679592,,114,check
3470,520.0,6162.0,749.0,6349.0,0.05723601207137108,0,294.22950546930286,,114,check
3471,567.0,6222.0,582.0,6390.0,0.05195305868983269,0,167.9051526547695,,114,control
3472,634.0,6248.0,740.6791173382304,6176.1600472662785,0.059715110808610916,0,127.74811424149415,4.044978236672264,114,control
3473,597.0,6238.0,371.2809189456261,6353.105530249032,0.058598592877388,0,253.26295470243014,3.0517373677127684,114,control
3474,607.0,6214.0,659.5405168113385,6379.790102436856,0.05562783032655716,0,172.9954791570475,3.3430278366758723,114,control
3475,472.0,6216.0,728.4386867892596,6343.7992859626365,0.08963076770305634,0,285.05776674007393,2.068207853909461,114,control
3476,472.0,6216.0,599.0,6148.0,0.050156231969594955,0,143.53151409773065,,114,control
3477,549.0,6080.0,518.0,6003.0,0.05546986311674118,0,83.87154836743257,,114,control
3478,618.0,6180.0,363.0,6153.0,0.053755659610033035,0,256.7600726529872,,114,check
3479,488.0,6094.0,613.0,6291.0,0.07550232857465744,0,232.23430258018303,,114,control
3480,591.0,6228.0,361.0,6339.0,0.07691338658332825,0,255.25850927427052,,114,control
3481,563.0,6257.0,343.0,6165.0,0.05759681388735771,0,238.98748935308973,,114,control
3482,516.0,6200.0,533.025182292416,5977.678450689341,0.06270784139633179,0,223.57326782266077,3.873195837310353,114,control
3483,809.0,6171.0,616.0,6325.0,0.10410729795694351,0,247.33933211514346,,115,control
3484,817.0,6106.0,618.3978274808229,6387.5591950521575,0.07377699762582779,0,344.6562360163881,5.250300487266109,115,control
3485,668.0,6225.0,791.0,6306.0,0.06573079526424408,0,145.74797910352007,,115,control
3486,692.0,6124.0,808.0,6275.0,0.05924881622195244,0,189.13273751004445,,115,control
3487,821.0,6074.0,642.0,6181.0,0.05130424723029137,0,209.1699479520474,,115,control
3488,801.0,6208.0,606.0,6307.0,0.050687339156866074,0,219.30672998391037,,115,control
3489,806.0,6244.0,724.0,6020.0,0.07513866573572159,0,239.38189868931906,,115,check
3490,806.0,6244.0,602.0,6062.0,0.06171257421374321,0,274.45541302903126,,115,control
3491,654.0,6218.0,658.8631282511698,6360.091407054126,0.07162142544984818,0,141.55243642286078,3.110103980659906,115,control
3492,654.0,6218.0,631.6929162228934,6387.2568630246415,0.08000074326992035,0,170.25200943856967,2.15413859449431,115,control
3493,719.0,6113.0,668.0,6224.0,0.10078134387731552,0,122.14900396706103,,115,control
3494,727.0,6226.0,567.0868390822505,6204.0685953365,0.05118159204721451,0,162.35042242950576,0.5758064413307981,115,control
3495,857.0,6090.0,647.0,6254.0,0.06793661415576935,0,266.9723038598493,,115,check
3496,718.0,6234.0,542.0,6185.0,0.06377550959587097,0,183.6267565184441,,115,control
3497,793.0,6249.0,809.0,6415.0,0.05392264574766159,0,166.19658836845053,,115,control
3498,659.0,6072.0,557.0,5981.0,0.05205187574028969,0,137.66457813434084,,115,check
3499,779.0,6157.0,714.0,6402.0,0.060092732310295105,0,253.31550175584636,,115,check
3500,724.0,6158.0,746.0,6209.0,0.055279940366744995,0,54.588498467187684,,115,control
3501,818.0,6270.0,637.0,6372.0,0.05128534883260727,0,208.44388985285403,,115,control
3502,807.0,6153.0,674.0,6168.0,0.08440711349248886,0,134.9349566733629,,115,control
3503,858.0,6206.0,808.0,6275.0,0.07369688898324966,0,85.83645094028091,,115,control
3504,841.0,6142.0,620.0,6386.0,0.051775477826595306,0,329.4627137183427,,115,control
3505,696.0,6201.0,664.0,6325.0,0.054602716118097305,0,127.81031400082324,,115,control
3506,752.0,6242.0,740.3005854494812,6337.270290201438,0.08913414925336838,0,95.68544984433393,2.227736368326003,115,control
3507,798.0,6154.0,592.0,6302.0,0.05121457204222679,0,254.06112132304767,,115,check
3508,660.0,6199.0,599.0,6163.0,0.05538240447640419,0,71.94904407021954,,115,control
3509,660.0,6199.0,636.0,6387.0,0.0878467708826065,0,189.0586269332983,,115,control
3510,818.0,6149.0,702.0,6165.0,0.07806449383497238,0,118.25823127641127,,115,control
3511,797.0,6259.0,582.0,6070.0,0.050383683294057846,0,287.30719579593824,,115,control
3512,48.0,6491.0,49.0,6353.0,0.1680292934179306,0,139.29999079621078,,116,control
3513,49.0,6480.0,48.0,6169.0,0.14655838906764984,0,312.25387342060054,,116,control
3514,119.0,6405.0,292.0,6516.0,0.11461973935365677,0,204.84192251053062,,116,control
3515,106.0,6328.0,75.0,6267.0,0.11239413172006607,0,69.28840867655381,,116,control
3516,205.0,6307.0,114.0,6441.0,0.09907291829586029,0,160.7457482303332,,116,control
3517,151.0,6366.0,110.22301896143547,6331.851120455298,0.0964699536561966,0,53.651563323380394,2.496992836332896,116,check
3518,135.0,6372.0,89.0,6336.0,0.08651147782802582,0,58.80448136685897,,116,check
3519,53.0,6442.0,68.0,6337.0,0.0846584364771843,0,107.39746796005537,,116,check
3520,204.0,6430.0,103.0,6360.0,0.08172290027141571,0,123.23076167668759,,116,control
3521,179.0,6485.0,74.0,6412.0,0.08127457648515701,0,128.2015805283261,,116,control
3522,179.0,6485.0,220.7583889789085,6586.114401084738,0.0798608735203743,0,108.34862395592161,3.0566196906912073,116,control
3523,185.0,6447.0,251.85968119609544,6547.729828918591,0.07647325098514557,0,119.95084819611603,2.687935009506014,116,control
3524,106.0,6410.0,274.0,6514.0,0.07628798484802246,0,196.9270573986096,,116,check
3525,72.0,6382.0,68.0,6337.0,0.07511068135499954,0,46.39378748601186,,116,control
3526,59.0,6407.0,53.0,6273.0,0.07110850512981415,0,135.3764727824305,,116,control
3527,214.0,6462.0,112.0,6385.0,0.07074550539255142,0,128.22095890439402,,116,control
3528,157.0,6305.0,288.0,6544.0,0.07031816244125366,0,271.54144775706334,,116,control
3529,45.0,6378.0,44.0,6286.0,0.06996031105518341,0,93.28333385003424,,116,check
3530,47.0,6408.0,51.0,6290.0,0.06788595765829086,0,119.36480208661388,,116,control
3531,48.0,6288.0,54.0,6320.0,0.06457725167274475,0,31.42267169670554,,116,control
3532,148.0,6458.0,242.51252913267,6523.041134099178,0.06445959210395813,0,114.0846075650516,1.8380644830462578,116,control
3533,107.0,6347.0,97.0,6288.0,0.06370414793491364,0,60.968686242619405,,116,control
3534,169.0,6349.0,124.79922866712762,6318.880067278938,0.06364912539720535,0,53.85013459687957,5.278625591234998,116,control
3535,105.0,6399.0,253.0,6529.0,0.06318294256925583,0,196.2220047415201,,116,control
3536,47.0,6408.0,43.0,6277.0,0.062322378158569336,0,132.3243977712022,,116,control
3537,118.0,6413.0,292.0,6516.0,0.061063770204782486,0,201.52311933921283,,116,control
3538,175.0,6358.0,86.63912458281644,6345.129516569919,0.06096818298101425,0,88.99319059922506,3.762186103209896,116,control
3539,89.0,6336.0,89.0,6336.0,0.06076684221625328,1,1.3345521469921087,,116,control
3540,68.0,6455.0,253.0,6529.0,0.060723867267370224,0,198.7906372743759,,116,control
3541,126.0,6401.0,265.0,6527.0,0.060465894639492035,0,186.8152875500651,,116,check
3542,216.0,6328.0,122.03019881027436,6461.470138705934,0.05981537327170372,0,162.02790685377948,2.369707401547074,116,check
3543,124.0,6333.0,73.0,6304.0,0.05895141139626503,0,58.82559716838556,,116,control
3544,47.0,6408.0,45.0,6632.0,0.058874957263469696,0,222.65161086113667,,116,check
3545,210.0,6478.0,105.0,6418.0,0.05784161016345024,0,121.19700657399854,,116,check
3546,62.0,6381.0,68.0,6337.0,0.05777473375201225,0,45.737206280708115,,116,check
3547,142.0,6314.0,127.0,6270.0,0.05684398114681244,0,47.48211795226761,,116,control
3548,129.0,6296.0,348.50341909973065,6540.641276919827,0.056180085986852646,0,327.71824382449375,3.0277122121587725,116,control
3549,209.0,6367.0,303.0,6268.0,0.05597470700740814,0,137.15433785851243,,116,control
3550,167.0,6314.0,135.13729756903066,6232.3133991387485,0.0556197427213192,0,88.62710149940281,3.090630153135364,116,control
3551,174.0,6410.0,222.0,6228.0,0.05473974719643593,0,189.28920647897274,,116,control
3552,72.0,6465.0,253.0,6529.0,0.05467471852898598,0,191.56210785309176,,116,control
3553,159.0,6494.0,132.0,6181.0,0.053673192858695984,0,315.281115730774,,116,control
3554,61.0,6495.0,72.0,6527.0,0.05350154638290405,0,32.77177976225542,,116,control
3555,153.0,6340.0,122.0,6281.0,0.053036220371723175,0,67.5161426790006,,116,control
3556,204.0,6440.0,103.0,6360.0,0.052953507751226425,0,129.26877443276936,,116,control
3557,106.0,6328.0,88.22787933413794,6266.294298664953,0.052169762551784515,0,65.25505889075428,3.8388322550630587,116,control
3558,82.0,6303.0,83.41034448945015,6199.930040315513,0.052004653960466385,0,104.30771732385955,1.0942827602581457,116,control
3559,140.0,6396.0,86.0,6370.0,0.051700666546821594,0,60.05253830086877,,116,control
3560,211.0,6413.0,252.0,6548.0,0.05148705467581749,0,140.02042882884442,,116,control
3561,121.0,6426.0,274.0,6514.0,0.05101880058646202,0,175.87167545776356,,116,control
3562,282.0,6406.0,207.21889007842518,6296.599567848493,0.12256788462400436,0,133.33333076514694,2.3147126308182857,117,control
3563,315.0,6320.0,236.0,6377.0,0.10449730604887009,0,96.75199517958279,,117,control
3564,261.0,6430.0,218.0,6436.0,0.10352601110935211,0,43.2017385350728,,117,control
3565,319.0,6417.0,314.0,6426.0,0.10021654516458511,0,9.542777512509206,,117,control
3566,339.0,6403.0,335.78325302038127,6403.847076112312,0.09515203535556793,0,3.4756725237341666,0.9187098282107816,117,control
3567,221.0,6313.0,133.0,6440.0,0.09307899326086044,0,153.32969832074318,,117,control
3568,314.0,6311.0,333.0,6299.0,0.08666614443063736,0,22.82182559708581,,117,control
3569,319.0,6451.0,325.53854469058217,6449.883592178819,0.085638128221035,0,6.637722438963973,3.5816670664871824,117,control
3570,260.0,6300.0,218.0,6436.0,0.08540461957454681,0,141.2525520781909,,117,control
3571,314.0,6376.0,291.0,6437.0,0.0852707251906395,0,64.28054108658114,,117,control
3572,243.0,6448.0,290.0,6425.0,0.08389129489660263,0,52.66888900997581,,117,check
3573,252.0,6341.0,246.0,6496.0,0.08365453779697418,0,154.0254347779948,,117,check
3574,292.0,6326.0,218.0,6436.0,0.08344872295856476,0,131.6103936790851,,117,control
3575,422.0,6484.0,416.275694995931,6529.718153229874,0.08270728588104248,0,45.25120561092312,1.395800556192637,117,control
3576,324.0,6439.0,325.0,6444.0,0.08241810649633408,0,4.0808955899471435,,117,control
3577,241.0,6383.0,186.0,6265.0,0.08103859424591064,0,131.10093515205406,,117,check
3578,405.0,6441.0,220.49923368337656,6542.534712021189,0.0798346996307373,0,210.026151881777,4.322867977015977,117,control
3579,257.0,6412.0,144.0,6320.0,0.07867130637168884,0,146.20040216260347,,117,check
3580,292.0,6326.0,224.61109890902566,6416.260518520516,0.07866727560758591,0,111.72346950530635,1.6597721220947292,117,control
3581,243.0,6338.0,246.0,6496.0,0.07607701420783997,0,156.93551549151096,,117,check
3582,221.0,6313.0,126.0,6423.0,0.07481616735458374,0,144.19634015294213,,117,control
3583,315.0,6486.0,345.0,6492.0,0.07411181181669235,0,30.104805702999744,,117,control
3584,273.0,6396.0,204.0,6280.0,0.07361403852701187,0,135.82461581142348,,117,check
3585,289.0,6424.0,287.14484084610666,6440.968116637262,0.07357817143201828,0,16.057544053797496,1.951947240434861,117,control
3586,300.0,6430.0,333.0,6299.0,0.07235070317983627,0,135.96444962723808,,117,control
3587,219.0,6294.0,132.0,6356.0,0.06938323378562927,0,105.84949849774533,,117,control
3588,296.0,6438.0,314.0,6426.0,0.06920047849416733,0,22.040261294821736,,117,control
3589,295.0,6403.0,220.67802968606185,6421.783669942053,0.06883925199508667,0,76.32409419687406,2.904375805163289,117,control
3590,275.0,6482.0,271.0,6482.0,0.06842100620269775,0,4.231980230920436,,117,check
3591,248.0,6291.0,196.0,6298.0,0.06763042509555817,0,52.14151857951241,,117,control
3592,245.0,6477.0,345.0,6363.0,0.06751538068056107,0,152.1841924525689,,117,control
3593,422.0,6484.0,342.0,6460.0,0.0674976333975792,0,84.09037481742767,,117,control
3594,297.0,6492.0,326.0,6507.0,0.06722407042980194,0,31.96098717818674,,117,control
3595,303.0,6312.0,311.0,6307.0,0.06629649549722672,0,9.869106124608951,,117,control
3596,303.0,6312.0,310.0,6317.0,0.0656137466430664,0,7.943153545012072,,117,control
3597,239.0,6345.0,246.0,6496.0,0.06546024978160858,0,150.06938445287727,,117,control
3598,313.0,6387.0,333.0,6325.0,0.06535401195287704,0,65.99098983351388,,117,control
3599,297.0,6492.0,314.0,6477.0,0.06497702747583389,0,23.191858705226064,,117,control
3600,323.0,6287.0,393.6245278005865,6511.512076865303,0.0647326409816742,0,234.33578842717938,1.3088250657896943,117,control
3601,243.0,6448.0,239.0,6467.0,0.06394062936306,0,18.346146684109165,,117,control
3602,403.0,6308.0,239.28831857540865,6594.689640540281,0.06362098455429077,0,329.1904730814923,1.5873120654154813,117,check
3603,356.0,6398.0,537.0,6422.0,0.06329860538244247,0,181.64303645664492,,117,control
3604,283.0,6465.0,273.9647904614589,6481.552092301553,0.06306270509958267,0,17.990007001119082,0.46913657841292133,117,control
3605,285.0,6399.0,208.0,6296.0,0.06217047944664955,0,129.384968410762,,117,control
3606,369.0,6426.0,403.0,6522.0,0.06214933842420578,0,100.81300915743441,,117,check
3607,314.0,6311.0,231.0,6356.0,0.0616275817155838,0,93.84359622478502,,117,control
3608,256.0,6402.0,162.81083850041693,6290.444676348768,0.06045279651880264,0,146.05290492844145,2.8294036534276947,117,control
3609,292.0,6470.0,292.0,6460.0,0.06032216548919678,0,11.03293288971504,,117,control
3610,264.0,6444.0,156.0,6359.0,0.05965298041701317,0,137.9392342859768,,117,control
3611,564.0,6436.0,382.0,6201.0,0.06336460262537003,0,298.11962749357775,,118,control
3612,615.0,6452.0,579.0,6570.0,0.05080796778202057,0,122.98482066400625,,118,control
3613,479.0,6445.0,438.0,6388.0,0.05125197768211365,0,71.22346844658428,,118,control
3614,637.0,6302.0,378.0,6464.0,0.051252782344818115,0,305.33989605259063,,118,control
3615,578.0,6388.0,322.0,6226.0,0.052098486572504044,0,303.5861556768164,,118,control
3616,525.0,6290.0,323.9143166027174,6229.582308395176,0.07929401844739914,0,210.38973464123453,2.336147813139194,118,control
3617,520.0,6489.0,628.0,6232.0,0.05194416269659996,0,278.91696428699106,,118,check
3618,572.0,6341.0,380.0,6475.0,0.05644790828227997,0,233.94351046743603,,118,check
3619,613.0,6325.0,765.0,6465.0,0.06523865461349487,0,205.19198210430412,,118,check
3620,491.0,6314.0,665.0,6285.0,0.051182858645915985,0,175.3356133794108,,118,control
3621,485.0,6435.0,409.0,6169.0,0.05798639729619026,0,277.55305085355445,,118,control
3622,653.0,6375.0,632.3644539138502,6388.587691144728,0.07896430045366287,0,25.32426350863108,2.3410539625997226,118,control
3623,615.0,6495.0,584.0,6603.0,0.06655484437942505,0,111.9639118027096,,118,control
3624,547.0,6477.0,358.0,6352.0,0.06444918364286423,0,227.36410434291926,,118,check
3625,608.0,6488.0,566.8947656255646,6603.842111989879,0.05138382688164711,0,122.56102607488371,2.42858701843002,118,control
3626,638.0,6401.0,780.0,6204.0,0.06152808293700218,0,242.31814045768436,,118,control
3627,519.0,6388.0,620.0,6386.0,0.06511461734771729,0,99.95332700123147,,118,control
3628,564.0,6353.0,495.0,6535.0,0.05167381465435028,0,194.15720765868917,,118,control
3629,464.0,6385.0,327.0114915996665,6451.4550753225,0.06267346441745758,0,152.0522943566699,3.1167490140288363,118,control
3630,639.0,6351.0,671.4989324293193,6350.259444527598,0.06625472009181976,0,31.30780511228702,2.0621691192754974,118,check
3631,497.0,6305.0,666.0,6262.0,0.06526373326778412,0,173.39131194353732,,118,control
3632,518.0,6381.0,372.0,6443.0,0.07532818615436554,0,158.6039816969755,,118,control
3633,581.0,6400.0,344.9756925976636,6221.613350883998,0.0697849839925766,0,296.5806253291638,2.0277435061703195,118,control
3634,437.0,6399.0,789.0,6244.0,0.057083383202552795,0,383.3897819291152,,118,control
3635,473.0,6334.0,433.0,6440.0,0.06701062619686127,0,112.68602803666272,,118,check
3636,497.0,6487.0,611.0,6580.0,0.06839318573474884,0,145.8131283467455,,118,control
3637,583.0,6332.0,474.0,6188.0,0.05394386500120163,0,181.56122232106443,,118,control
3638,552.0,6410.0,649.0,6402.0,0.05525081977248192,0,96.21336989377198,,118,control
3639,442.0,6363.0,416.0,6484.0,0.05490792915225029,0,122.99995720317969,,118,control
3640,653.0,6388.0,481.0,6502.0,0.052654068917036057,0,206.49708590491105,,118,control
3641,586.0,6436.0,401.0,6204.0,0.05486270412802696,0,297.62902846386027,,118,control
3642,569.0,6313.0,348.0,6382.0,0.056802283972501755,0,231.51108745753143,,118,check
3643,511.0,6420.0,565.0,6422.0,0.053918059915304184,0,53.08150489540294,,118,control
3644,632.0,6389.0,320.0,6519.0,0.12999765574932098,0,337.8471249340377,,118,control
3645,603.0,6333.0,735.0,6165.0,0.05087103694677353,0,213.194094242576,,118,control
3646,607.0,6355.0,775.7677902241958,6629.553432401874,0.05592997744679451,0,320.99278510146047,2.1577982563882063,118,control
3647,792.0,6424.0,737.7759551702642,6335.90807732809,0.0518995076417923,0,104.60234832379888,1.509273958713173,119,check
3648,705.0,6438.0,623.7587213526389,6372.283607410226,0.05484908074140549,0,105.73466362466381,4.101925971357094,119,control
3649,663.0,6471.0,619.5216533719856,6293.545475594367,0.05363059043884277,0,183.55464969662782,3.5922512295223616,119,control
3650,827.0,6367.0,641.0,6401.0,0.051450569182634354,0,190.1028435187543,,119,control
3651,809.0,6472.0,635.7597551783842,6387.48994264284,0.0744609534740448,0,194.0394776730209,1.0475613893097662,119,control
3652,657.0,6331.0,754.1793279343966,6313.929373885033,0.06422486901283264,0,97.3257684836349,0.9753140704399973,119,control
3653,841.0,6346.0,860.0,6312.0,0.10360980033874512,0,38.430301996827225,,119,control
3654,689.0,6447.0,813.0,6480.0,0.05270303040742874,0,126.57940533487117,,119,control
3655,702.0,6458.0,660.0,6392.0,0.055475249886512756,0,79.3776407374856,,119,control
3656,735.0,6288.0,636.0,6387.0,0.06846301257610321,0,140.3731040016406,,119,check
3657,817.0,6293.0,541.0,6560.0,0.052722930908203125,0,384.1404919517558,,119,control
3658,800.0,6407.0,557.0,6588.0,0.054877251386642456,0,303.33570590071895,,119,control
3659,714.0,6320.0,551.0,6569.0,0.10181472450494766,0,297.49769634468555,,119,check
3660,799.0,6468.0,628.5473065184902,6386.064230652796,0.05923185870051384,0,190.39223560647477,4.0088762306521675,119,control
3661,808.0,6396.0,629.0,6200.0,0.0654100701212883,0,266.5713286099956,,119,check
3662,715.0,6502.0,579.0,6449.0,0.053371623158454895,0,147.13407864446503,,119,control
3663,816.0,6347.0,562.0,6465.0,0.06397765874862671,0,280.6238548888148,,119,check
3664,663.0,6321.0,548.0,6460.0,0.05077432841062546,0,180.4149412220732,,119,control
3665,810.0,6456.0,637.0,6372.0,0.06174812465906143,0,193.59608348616533,,119,control
3666,738.0,6377.0,831.0,6584.0,0.09532860666513443,0,225.8133383638057,,119,control
3667,805.0,6314.0,602.0,6273.0,0.054658740758895874,0,208.1914956494202,,119,control
3668,718.0,6414.0,603.0,6585.0,0.06918790191411972,0,206.11552584275813,,119,control
3669,678.0,6358.0,814.0,6340.0,0.0533529631793499,0,135.62282483584642,,119,control
3670,712.0,6358.0,832.0,6624.0,0.06767720729112625,0,290.679494959103,,119,control
3671,802.0,6306.0,535.0,6549.0,0.05770782753825188,0,361.16925623763177,,119,control
3672,90.0,6642.0,134.0,6573.0,0.0866665318608284,0,83.02518613622964,,120,control
3673,43.0,6536.0,43.0,6662.0,0.07402796298265457,0,124.63907018459372,,120,control
3674,123.0,6513.0,252.0,6558.0,0.0512283518910408,0,136.19931508219793,,120,control
3675,123.0,6513.0,254.0,6574.0,0.05189661309123039,0,143.9707522631315,,120,check
3676,123.0,6513.0,274.0,6542.0,0.05534816160798073,0,153.43511882251053,,120,check
3677,100.0,6705.0,114.15985503175241,6439.699797242993,0.05548161268234253,0,266.92980941264017,1.6820652813638475,120,check
3678,44.0,6612.0,54.0,6668.0,0.059654250741004944,0,55.642959504029214,,120,control
3679,81.0,6676.0,236.0,6547.0,0.07729796320199966,0,202.3584050643763,,120,control
3680,57.0,6551.0,50.0,6822.0,0.05606895312666893,0,269.6931709086545,,120,control
3681,53.0,6641.0,65.0,6814.0,0.05020445957779884,0,172.07782580812614,,120,check
3682,47.0,6675.0,45.0,6714.0,0.07320466637611389,0,37.66040283778346,,120,control
3683,47.0,6675.0,44.0,6452.0,0.07154083251953125,0,224.33021110511459,,120,control
3684,93.0,6611.0,274.0,6542.0,0.05501490458846092,0,193.9698629680659,,120,control
3685,55.0,6669.0,50.0,6744.0,0.1722594052553177,0,73.76955006222576,,120,control
3686,103.0,6672.0,282.3140555024244,6531.651880733929,0.05302419885993004,0,228.24522046176003,5.695429700913152,120,control
3687,199.0,6511.0,200.0,6721.0,0.0748554989695549,0,208.80991163517857,,120,control
3688,105.0,6520.0,252.0,6548.0,0.05319235101342201,0,149.37639133128926,,120,control
3689,105.0,6520.0,254.0,6574.0,0.050007645040750504,0,158.03486440358625,,120,control
3690,67.0,6655.0,212.32087208099313,6506.070503169617,0.058634452521800995,0,208.94065019851783,1.6660368018920402,120,control
3691,140.0,6639.0,206.7039550473533,6590.281584282403,0.059366293251514435,0,83.32907635858467,2.5528441173513863,120,control
3692,140.0,6639.0,133.0,6440.0,0.06942900270223618,0,200.3230065255079,,120,check
3693,103.0,6539.0,255.01145206320876,6573.270571198845,0.057081080973148346,0,155.50607084619918,1.0414273483651684,120,control
3694,214.0,6549.0,241.0,6523.0,0.05499603971838951,0,38.23997922935011,,120,check
3695,61.0,6715.0,78.0,6682.0,0.08230087161064148,0,38.4801983942832,,120,check
3696,88.0,6662.0,241.9828332167673,6526.791668005532,0.05007355287671089,0,205.62769501673208,4.115217236035147,120,control
3697,148.0,6690.0,160.0,6447.0,0.06968525797128677,0,244.48855040375656,,120,check
3698,208.0,6667.0,305.0,6457.0,0.06020748242735863,0,232.16511721216384,,120,control
3699,43.0,6524.0,48.0,6704.0,0.09941509366035461,0,178.7188852250027,,120,control
3700,89.0,6697.0,242.233186525277,6594.591804611033,0.06490559130907059,0,184.88101733363513,4.142622143758467,120,check
3701,174.0,6529.0,134.0,6662.0,0.06258880347013474,0,137.6136176653858,,120,control
3702,184.0,6702.0,271.0,6482.0,0.0828571692109108,0,237.52898893451027,,120,control
3703,174.0,6661.0,159.56629752692976,6464.3590210858865,0.05114387720823288,0,198.33583197372394,4.231156222705981,120,control
3704,178.0,6685.0,218.0,6478.0,0.05227743461728096,0,211.94158890534766,,120,control
3705,125.0,6704.0,290.0,6425.0,0.0578451044857502,0,324.95681547063606,,120,control
3706,168.0,6681.0,160.0,6447.0,0.08010385930538177,0,235.3098638230352,,120,control
3707,134.0,6718.0,160.0,6447.0,0.08503227680921555,0,273.44394261525986,,120,control
3708,48.0,6661.0,48.0,6704.0,0.10808294266462326,0,41.63778332043871,,120,control
3709,159.0,6642.0,131.91874473910988,6441.719621807885,0.12099865078926086,0,203.26235454998502,1.1514379401977046,120,control
3710,169.0,6562.0,266.3244130418771,6533.992713448296,0.088730588555336,0,101.4786442556058,1.7875960100684216,120,control
3711,152.0,6662.0,114.0,6441.0,0.07859856635332108,0,225.3959055989698,,120,control
3712,152.0,6662.0,126.96904491288072,6463.464301811274,0.07275861501693726,0,201.280445335791,1.064902029212179,120,control
3713,137.0,6659.0,139.58047102870148,6438.494517493613,0.08384475857019424,0,221.7280128124354,2.6318557331693833,120,control
3714,143.0,6707.0,163.0,6458.0,0.06715014576911926,0,250.99716236613813,,120,control
3715,201.0,6661.0,292.0,6460.0,0.06106950342655182,0,221.51889749878086,,120,control
3716,163.0,6632.0,133.41848356250833,6432.998579506037,0.07846948504447937,0,202.3376008577589,1.3171783495479124,120,control
3717,279.0,6703.0,335.0374074621774,6789.922982234919,0.05701953172683716,0,102.32039528744676,0.8155945932351591,121,check
3718,224.0,6538.0,221.86599009103844,6539.808613061755,0.05089065432548523,1,2.215666698738639,1.863400418064273,121,control
3719,356.0,6670.0,247.0,6643.0,0.08399810642004013,0,112.65423268827651,,121,control
3720,350.0,6560.0,320.0,6452.0,0.06575066596269608,0,113.11196622281895,,121,control
3721,373.0,6566.0,458.0,6446.0,0.07296764850616455,0,147.37646244755683,,121,control
3722,411.0,6546.0,296.50540226060303,6675.642269017724,0.06601306796073914,0,172.32409881202724,2.2553812995218676,121,check
3723,370.0,6638.0,353.1423046716976,6507.956133379527,0.05855296179652214,0,132.1398376325614,3.7034838411816913,121,control
3724,291.0,6684.0,498.0,6839.0,0.05428384244441986,0,257.3597690580309,,121,control
3725,387.0,6565.0,476.0,6720.0,0.0541875846683979,0,177.58565596410355,,121,check
3726,228.0,6658.0,499.0,6751.0,0.0901453047990799,0,285.41815647699025,,121,control
3727,430.0,6552.0,338.80235755484784,6553.176923404824,0.05100617557764053,0,91.52003907943364,2.3228564649028822,121,check
3728,362.0,6648.0,531.0519904973706,6762.760969899454,0.05162021145224571,0,203.067647209586,3.018505883744676,121,control
3729,255.0,6560.0,150.0,6659.0,0.06757935881614685,0,143.32702890108567,,121,control
3730,255.0,6560.0,254.0,6574.0,0.05730808153748512,0,12.945734625884189,,121,control
3731,429.0,6541.0,265.0,6527.0,0.08448435366153717,0,164.7875677720011,,121,control
3732,405.0,6641.0,452.0,6497.0,0.060667164623737335,0,152.0947531008891,,121,control
3733,246.0,6511.0,187.0,6503.0,0.050914205610752106,0,59.56795895225716,,121,control
3734,323.0,6699.0,200.0,6721.0,0.10820183902978897,0,124.72761491953412,,121,control
3735,432.0,6528.0,236.0,6547.0,0.053295597434043884,0,196.83338516093946,,121,control
3736,344.0,6523.0,483.689784168913,6563.950004422779,0.05330448970198631,0,144.61566204134851,2.01345300509135,121,control
3737,300.0,6591.0,473.0,6765.0,0.07485312968492508,0,244.17822285297274,,121,check
3738,300.0,6591.0,311.31027599003056,6644.240042620788,0.055533312261104584,0,53.3457756034641,1.1529369585471825,121,control
3739,404.0,6702.0,225.0,6527.0,0.07266049832105637,0,251.1036573427652,,121,control
3740,283.0,6547.0,420.0,6673.0,0.06143989413976669,0,185.05815717604023,,121,control
3741,416.0,6600.0,347.0,6525.0,0.06902198493480682,0,102.8622741851653,,121,control
3742,238.0,6579.0,545.0,6739.0,0.054838620126247406,0,344.9406203707349,,121,control
3743,224.0,6707.0,291.0,6437.0,0.052524633705616,0,279.15375340878444,,121,control
3744,260.0,6626.0,191.0,6549.0,0.050905823707580566,0,104.19073308576097,,121,control
3745,329.0,6575.0,319.0,6574.0,0.0623956136405468,0,10.469758700466128,,121,check
3746,326.0,6612.0,259.0,6821.0,0.10685358941555023,0,218.4449437990104,,121,control
3747,379.0,6577.0,304.7943836663865,6613.161869173412,0.0892409160733223,0,82.31575012872983,5.574866533694428,121,control
3748,349.0,6631.0,150.0,6659.0,0.05895859748125076,0,200.60321345046853,,121,control
3749,261.0,6689.0,159.0,6856.0,0.10473095625638962,0,194.55830361091122,,121,check
3750,265.0,6646.0,363.0,6835.0,0.062265846878290176,0,211.75423763908555,,121,control
3751,355.0,6684.0,478.0,6830.0,0.05223149433732033,0,189.68471111870005,,121,check
3752,353.0,6642.0,411.0,6777.0,0.052807021886110306,0,145.80585156622354,,121,control
3753,231.0,6695.0,250.0,6458.0,0.06460926681756973,0,238.8349351663408,,121,control
3754,363.0,6598.0,219.0,6598.0,0.052587490528821945,0,143.99329006291913,,121,control
3755,326.0,6506.0,313.0,6535.0,0.05910862237215042,0,30.95148521505141,,121,control
3756,315.0,6509.0,255.0,6592.0,0.053681228309869766,0,101.57893574294008,,121,control
3757,380.0,6685.0,313.0,6535.0,0.05281216651201248,0,165.31547257171482,,121,control
3758,409.0,6658.0,401.0236925252039,6493.031758916011,0.058153361082077026,0,166.0963755342649,2.515308766543561,121,control
3759,514.0,6515.0,349.0445944931879,6566.511894359939,0.05412523075938225,0,172.86100981274694,3.848796043361767,122,control
3760,576.0,6525.0,346.0,6606.0,0.05153102055191994,0,243.85915370915384,,122,control
3761,636.0,6521.0,380.0,6475.0,0.05003834888339043,0,260.67298653050153,,122,control
3762,570.0,6621.0,575.0,6592.0,0.05333390086889267,0,29.996117874475168,,122,control
3763,544.0,6509.0,326.0,6507.0,0.08008693903684616,0,218.28790616123496,,122,control
3764,649.0,6608.0,493.0,6408.0,0.05329158529639244,0,254.7089980733217,,122,control
3765,455.0,6576.0,424.76611419056144,6452.522680473764,0.05447874963283539,0,128.10424617568484,1.6643869926275563,122,control
3766,462.0,6655.0,538.0,6495.0,0.05040423199534416,0,177.4390654714501,,122,control
3767,538.0,6649.0,608.7383713959232,6564.283344922503,0.07592910528182983,0,110.18653272751692,3.2804772799856248,122,control
3768,597.0,6526.0,421.34612240620856,6515.023480266409,0.05929720401763916,0,176.6024876340428,3.6566251584404927,122,control
3769,616.0,6621.0,470.5862728626752,6793.647873204668,0.055118318647146225,0,225.55998806209888,2.327364799702394,122,control
3770,532.0,6688.0,405.69986732572545,6610.160063863302,0.06303661316633224,0,149.30925647420824,2.2499965584303365,122,control
3771,484.0,6648.0,432.0,6791.0,0.05030396580696106,0,151.5160515634451,,122,control
3772,520.0,6574.0,584.0,6612.0,0.057705145329236984,0,73.14768785999796,,122,control
3773,566.0,6712.0,523.0,6665.0,0.05372576415538788,0,64.9080355417044,,122,control
3774,594.0,6694.0,388.15202100166806,6646.330937882452,0.059629518538713455,0,212.00237201162668,1.482792810677285,122,control
3775,446.0,6684.0,673.0594271200071,6762.933991698797,0.057844746857881546,0,238.8705230677037,6.073119515120126,122,control
3776,538.0,6626.0,517.1457785981889,6768.46220573481,0.0562894307076931,0,143.2915418312363,1.3567026724762725,122,check
3777,462.0,6522.0,383.0,6524.0,0.06296240538358688,0,79.44752827757745,,122,control
3778,524.0,6541.0,342.0,6506.0,0.0561586394906044,0,185.83084241234815,,122,control
3779,439.0,6550.0,340.2591197604243,6439.174198315267,0.07097122073173523,0,149.3468237779582,1.67529842443395,122,check
3780,458.0,6667.0,573.7819569379692,6451.016621301466,0.056425586342811584,0,245.22444712787973,4.0026678553123505,122,control
3781,484.0,6600.0,695.0,6725.0,0.06127125769853592,0,243.70067242357283,,122,control
3782,500.0,6509.0,611.0,6606.0,0.11325357854366302,0,146.09767612627078,,122,control
3783,606.0,6667.0,339.0,6813.0,0.11847332864999771,0,304.178240213309,,122,control
3784,534.0,6517.0,383.0,6524.0,0.061924681067466736,0,151.56165729959955,,122,check
3785,445.0,6646.0,566.0,6701.0,0.05642249807715416,0,131.64775126343298,,122,check
3786,638.0,6720.0,327.0,6580.0,0.06843432784080505,0,341.7484077307739,,122,control
3787,458.0,6676.0,653.0,6775.0,0.054006852209568024,0,217.2019297073539,,122,control
3788,633.0,6678.0,667.0,6750.0,0.10955213010311127,0,78.4550464152219,,122,check
3789,632.0,6671.0,725.0,6838.0,0.056228913366794586,0,189.8605943383705,,122,check
3790,813.0,6660.0,758.0,6765.0,0.06485128402709961,0,118.80797323872952,,123,control
3791,707.0,6683.0,761.0,6413.0,0.06658298522233963,0,275.52680862514313,,123,control
3792,707.0,6683.0,575.0,6592.0,0.050572093576192856,0,161.58955340992713,,123,control
3793,768.0,6504.0,812.4476923356127,6819.86906143474,0.06006330996751785,0,318.233846223947,2.323706776525292,123,control
3794,732.0,6571.0,579.0,6570.0,0.059618618339300156,0,154.04092454436505,,123,check
3795,696.0,6571.0,632.0,6595.0,0.053856585174798965,0,69.24550666965419,,123,check
3796,718.0,6522.0,643.0,6425.0,0.07437664270401001,0,123.81548873313017,,123,control
3797,718.0,6529.0,648.6606096020142,6428.775139869409,0.09973796457052231,0,123.05056175503711,3.6779016073414392,123,check
3798,735.0,6630.0,660.0,6392.0,0.05707164108753204,0,250.46503349602534,,123,control
3799,802.0,6685.0,774.4386809160787,6749.10431328644,0.05969531834125519,0,69.96944546285516,5.912455146102223,123,control
3800,718.0,6717.0,566.0,6701.0,0.057493776082992554,0,153.95845245364367,,123,control
3801,768.0,6528.0,697.8155948458729,6727.882805126933,0.05505858361721039,0,211.74580879697623,4.739333945942753,123,control
3802,688.0,6520.0,837.0,6700.0,0.053550392389297485,0,232.15331179142478,,123,control
3803,793.0,6610.0,769.0,6647.0,0.09130463004112244,0,44.576469367857726,,123,control
3804,765.0,6630.0,699.9261956517117,6570.878181575185,0.05094911903142929,0,89.33922354026697,3.2516805780891236,123,control
3805,656.0,6669.0,694.0,6410.0,0.058951571583747864,0,262.1372530420756,,123,control
3806,678.0,6619.0,572.8189876151845,6462.749308895099,0.07835362106561661,0,189.48480393283265,1.7426898303231444,123,control
3807,769.0,6613.0,557.0,6588.0,0.0761219784617424,0,214.52501901048052,,123,control
3808,829.0,6578.0,652.0,6748.0,0.05489344149827957,0,245.89864330425027,,123,control
3809,780.0,6531.0,836.0,6725.0,0.08053302764892578,0,200.97694016385836,,123,control
3810,740.0,6696.0,611.0,6606.0,0.06686805933713913,0,158.6231559347798,,123,control
3811,683.0,6689.0,634.0,6639.0,0.05676854029297829,0,71.34202653179071,,123,control
3812,654.0,6617.0,641.0,6401.0,0.061435624957084656,0,217.07749867260756,,123,check
3813,654.0,6617.0,603.0,6568.0,0.062294136732816696,0,72.00027386666564,,123,control
3814,659.0,6590.0,611.0,6580.0,0.05639598146080971,0,50.27781368466516,,123,control
3815,715.0,6606.0,715.0,6529.0,0.060244835913181305,0,77.56979974126124,,123,check
3816,759.0,6572.0,664.0,6577.0,0.05735889822244644,0,96.38191658397953,,123,check
3817,799.0,6630.0,843.0,6681.0,0.08623027056455612,0,65.82745988161695,,123,control
3818,799.0,6630.0,603.0,6595.0,0.0616692416369915,0,200.31785521575787,,123,control
3819,804.0,6658.0,703.0,6696.0,0.05007671192288399,0,109.05354589101539,,123,control
3820,791.0,6640.0,848.1594634974853,6490.198932357993,0.0504225492477417,0,160.07733022722815,3.823578931622555,123,control
3821,791.0,6640.0,831.0,6648.0,0.06122274696826935,0,38.94132981136377,,123,control
3822,127.0,6826.0,268.0150827613739,6869.212292941057,0.05860001593828201,0,146.93101586603885,1.7717850756688,124,control
3823,127.0,6826.0,181.810242161506,6681.824768728882,0.07234760373830795,0,155.40076901743873,2.7211535834273874,124,control
3824,43.0,6742.0,45.0,6714.0,0.07137398421764374,0,29.474640777255477,,124,control
3825,43.0,6742.0,53.0,6711.0,0.057524267584085464,0,34.00724281041125,,124,control
3826,60.0,6824.0,76.32084358465146,6673.9804808858225,0.05020609125494957,0,152.26625626950405,1.2265219515377643,124,control
3827,137.0,6892.0,45.0,6714.0,0.09390434622764587,0,201.37114478030946,,124,control
3828,54.0,6910.0,46.943492251612106,6855.4966150847185,0.06224963814020157,0,56.293893101593916,2.4819125419147645,124,control
3829,45.0,6807.0,49.0,6790.0,0.09128301590681076,0,18.909242471746055,,124,control
3830,70.0,6932.0,343.0,6853.0,0.0502268448472023,0,284.065535262401,,124,control
3831,55.0,6834.0,87.530950214276,6667.535478856373,0.07189624011516571,0,170.97151484185727,2.687454212921599,124,control
3832,53.0,6822.0,54.0,6812.0,0.05099756643176079,0,11.46774980521652,,124,control
3833,196.0,6893.0,252.0,6875.0,0.0674591138958931,0,59.0084476976883,,124,check
3834,42.0,6750.0,42.0,6725.0,0.06471230834722519,0,26.380573321281545,,124,control
3835,42.0,6750.0,45.0,6714.0,0.06428392231464386,0,37.53177318234109,,124,control
3836,168.0,6816.0,315.0,6623.0,0.05348532646894455,0,243.2657748235932,,124,control
3837,210.0,6903.0,206.0,6912.0,0.060623735189437866,0,8.775446597172108,,124,control
3838,60.0,6898.0,56.63765435609415,6843.7489255803275,0.05755430459976196,0,55.71418836720733,1.6391855816657481,124,check
3839,45.0,6767.0,45.0,6808.0,0.07236778736114502,0,39.61248357909837,,124,control
3840,97.0,6721.0,86.0,6864.0,0.050796858966350555,0,142.0494297083373,,124,control
3841,97.0,6721.0,199.0,6606.0,0.05106128007173538,0,154.63845123723456,,124,control
3842,47.0,6865.0,45.0,6714.0,0.0626855418086052,0,152.3780511815051,,124,control
3843,43.0,6777.0,45.0,6714.0,0.05100860446691513,0,64.4180468420348,,124,control
3844,43.0,6777.0,42.0,6725.0,0.0982661098241806,0,53.378713410284455,,124,check
3845,141.0,6808.0,252.0,6875.0,0.05131911113858223,0,128.89185320515125,,124,control
3846,165.0,6882.0,219.0,6612.0,0.06563612818717957,0,276.47396529089843,,124,control
3847,111.0,6893.0,234.0,6711.0,0.05806605517864227,0,220.57831330850894,,124,check
3848,46.0,6873.0,54.0,6812.0,0.0625268816947937,0,62.945121483072086,,124,control
3849,123.0,6815.0,270.0,6623.0,0.07290545850992203,0,242.58999866270344,,124,check
3850,47.0,6883.0,54.0,6812.0,0.0761859193444252,0,72.75898861198947,,124,control
3851,169.0,6826.0,247.0,6612.0,0.06707096099853516,0,228.79436093099392,,124,check
3852,152.0,6851.0,165.0,6716.0,0.05515715107321739,0,136.86277234515958,,124,control
3853,108.0,6798.0,105.83900511458059,6636.699311405217,0.0561947263777256,0,162.5950140328781,2.8308946545578304,124,control
3854,117.0,6788.0,129.0,6618.0,0.07941509038209915,0,171.69209287416857,,124,control
3855,117.0,6788.0,165.14782246093367,6621.859330804149,0.050660982728004456,0,174.1856400235059,1.7142663637857156,124,control
3856,173.0,6898.0,338.0,6883.0,0.08043307811021805,0,165.3375506505078,,124,check
3857,70.0,6768.0,159.0,6838.0,0.06465811282396317,0,112.52845271434067,,124,control
3858,73.0,6792.0,165.90841461400294,6619.729369241141,0.05819694697856903,0,196.86870727765609,1.2852838480641522,124,control
3859,56.0,6845.0,68.0,6712.0,0.10408750921487808,0,134.9153611204606,,124,control
3860,49.0,6850.0,45.0,6714.0,0.06522596627473831,0,137.41561865140488,,124,control
3861,214.0,6723.0,41.0,6840.0,0.06449376046657562,0,207.7015748469521,,124,check
3862,161.0,6738.0,55.0,6982.0,0.07573295384645462,0,264.5951300100386,,124,control
3863,115.0,6911.0,352.0,6991.0,0.07159622758626938,0,249.2971101614741,,124,control
3864,165.0,6752.0,352.0,6991.0,0.10104864835739136,0,302.29383994556673,,124,control
3865,317.0,6874.0,307.11322038500873,6644.006866217566,0.05832240730524063,0,231.26867643200308,2.9401660606898075,125,control
3866,241.0,6930.0,529.0,7017.0,0.08113552629947662,0,299.5922044710642,,125,check
3867,352.0,6925.0,506.0,6998.0,0.15347197651863098,0,169.15696471992803,,125,control
3868,370.0,6903.0,326.0,6803.0,0.07523535192012787,0,110.37863800292905,,125,control
3869,310.0,6920.0,301.84923600362583,6755.640045080495,0.05831228196620941,0,165.65713997916976,3.7821971388286486,125,control
3870,391.0,6914.0,261.0,6626.0,0.05469419062137604,0,317.03614465693266,,125,control
3871,427.0,6880.0,485.1679412806558,6672.129412545537,0.05023392662405968,0,216.4646348830201,1.4798423542727146,125,control
3872,427.0,6760.0,280.0,6625.0,0.0619191899895668,0,200.4469632408039,,125,control
3873,373.0,6861.0,315.0,6623.0,0.09491078555583954,0,246.0410106328431,,125,control
3874,367.0,6834.0,437.4422668272617,6644.580968089214,0.05887969955801964,0,202.7158098890689,1.6579628219853448,125,control
3875,295.0,6826.0,317.4295440117223,6656.559961887341,0.06510680168867111,0,171.9137844904714,2.8587444400545685,125,check
3876,315.0,6845.0,377.04610642422136,6785.22860346511,0.050458312034606934,0,86.47833931105929,1.3353550154487188,125,control
3877,420.0,6749.0,280.0,6625.0,0.05632767826318741,0,187.86894155499755,,125,control
3878,273.0,6906.0,215.0,6909.0,0.06480584293603897,0,58.122396758208936,,125,control
3879,382.0,6798.0,223.0,6639.0,0.05736992880702019,0,225.68509996778332,,125,control
3880,324.0,6820.0,115.52997663106336,6985.400244319444,0.054286230355501175,0,265.1493243813424,1.2808312785442169,125,control
3881,347.0,6743.0,256.0,6885.0,0.0660778135061264,0,167.79116330620266,,125,control
3882,222.0,6917.0,373.0,6671.0,0.07405844330787659,0,289.2409725019277,,125,check
3883,392.0,6902.0,121.0,6658.0,0.05800420418381691,0,365.3077002484559,,125,check
3884,370.0,6764.0,229.0,6651.0,0.05059610679745674,0,181.44064046591012,,125,control
3885,322.0,6799.0,275.53002095870596,6653.540278983124,0.05540004000067711,0,153.79511990226877,2.8566427535158723,125,control
3886,300.0,6757.0,304.0,7026.0,0.06506872177124023,0,267.88853947881626,,125,control
3887,339.0,6800.0,300.0,6644.0,0.08161867409944534,0,161.88931280041487,,125,control
3888,220.0,6832.0,280.0,6625.0,0.07132070511579514,0,216.50880288629745,,125,control
3889,224.0,6845.0,305.432024275444,6744.131342713659,0.056830182671546936,0,130.2900119739156,1.8232656188362473,125,control
3890,327.0,6743.0,486.0,6648.0,0.07252191752195358,0,184.97931679429578,,125,control
3891,327.0,6743.0,227.0,6900.0,0.05067254602909088,0,185.2010792005869,,125,control
3892,294.0,6776.0,219.0,6598.0,0.05823354050517082,0,194.2067352726725,,125,check
3893,285.0,6747.0,299.51586066104215,6613.978148687604,0.06207163259387016,0,134.8359616036413,2.4428434698488783,125,control
3894,513.0,6759.0,316.0,6887.0,0.05528586357831955,0,234.6595508916851,,126,control
3895,444.0,6792.0,341.0,6629.0,0.05264928564429283,0,193.86115384395384,,126,control
3896,500.0,6888.0,322.0,6897.0,0.07299631834030151,0,178.57879169006685,,126,control
3897,636.0,6910.0,494.0,6931.0,0.13869638741016388,0,144.32654598205815,,126,check
3898,498.0,6781.0,447.0,6724.0,0.0652460902929306,0,77.63072302803383,,126,check
3899,487.0,6883.0,508.0,6691.0,0.05880100280046463,0,193.8779644301689,,126,check
3900,616.0,6724.0,741.0,6733.0,0.05289091914892197,0,123.72056259710405,,126,control
3901,514.0,6857.0,382.0,6673.0,0.06031801551580429,0,227.5287497117055,,126,check
3902,514.0,6857.0,545.0,6739.0,0.05463416129350662,0,122.5276492508071,,126,control
3903,559.0,6734.0,526.0,6865.0,0.051726892590522766,0,134.51919993904477,,126,control
3904,475.0,6834.0,339.0,6654.0,0.054111965000629425,0,226.6314083646775,,126,control
3905,493.0,6921.0,686.8192979086826,6864.729551540864,0.062078334391117096,0,200.6082848203405,0.8782762346303741,126,control
3906,507.0,6727.0,467.0,6779.0,0.050132595002651215,0,65.38261831811448,,126,control
3907,646.0,6734.0,753.0,6823.0,0.05217898264527321,0,137.55241309372812,,126,control
3908,488.0,6826.0,592.0,6621.0,0.05034709349274635,0,230.02341953897212,,126,check
3909,609.0,6921.0,615.0,6917.0,0.05159095302224159,0,6.706960598937056,,126,control
3910,446.0,6859.0,642.0,6909.0,0.060733363032341,0,200.79688910115357,,126,control
3911,467.0,6913.0,694.6497080087382,6714.91996721484,0.05726444721221924,0,301.09659025854364,0.7485119968323102,126,control
3912,470.0,6745.0,350.0234218517526,6838.117074046019,0.052530791610479355,0,151.6023767124559,3.5857453586582637,126,control
3913,596.0,6909.0,407.0,6789.0,0.06431634724140167,0,224.91212379181013,,126,control
3914,476.0,6920.0,497.0,6830.0,0.08415327221155167,0,93.07024578876228,,126,check
3915,575.0,6879.0,498.0,6839.0,0.10447073727846146,0,87.96810915387928,,126,control
3916,569.0,6924.0,354.0,6682.0,0.05248142033815384,0,324.7397782080903,,126,control
3917,615.0,6780.0,637.8378593877328,7071.403447377228,0.05108078941702843,0,291.4345752142008,2.3002739390553537,126,control
3918,506.0,6868.0,402.0,6624.0,0.06588420271873474,0,266.31248014886285,,126,control
3919,580.0,6801.0,604.0,6890.0,0.05662813037633896,0,91.13123686488119,,126,control
3920,545.0,6880.0,615.0,6927.0,0.05021069943904877,0,82.83787144629022,,126,control
3921,545.0,6880.0,382.0,6673.0,0.05487336590886116,0,264.5423909648082,,126,control
3922,546.0,6893.0,408.0,6741.0,0.051448117941617966,0,206.40830997528653,,126,control
3923,560.0,6818.0,354.0,6682.0,0.05335807427763939,0,247.74604543353732,,126,control
3924,758.0,6865.0,753.0,6833.0,0.05481395870447159,0,33.24597363998841,,127,control
3925,769.0,6916.0,616.0,6814.0,0.054499298334121704,0,185.31356278018885,,127,control
3926,768.0,6864.0,759.0,6880.0,0.06986463814973831,0,18.755613635508528,,127,control
3927,696.0,6768.0,816.0,6853.0,0.07370372861623764,0,145.26764686833167,,127,control
3928,682.0,6769.0,799.0,6855.0,0.056483082473278046,0,143.45910847519443,,127,control
3929,659.0,6890.0,741.0,6733.0,0.059164859354496,0,176.91107259831443,,127,control
3930,655.0,6904.0,659.0,6906.0,0.05558064952492714,1,2.9133706053229718,,127,control
3931,695.0,6928.0,759.7427857852789,6764.64120629513,0.06569655239582062,0,175.64220328288283,1.2676460010736228,127,control
3932,673.0,6869.0,795.0159186540631,6882.852946599037,0.07483769208192825,0,120.96907957392739,2.7271636233271335,127,check
3933,798.0,6790.0,795.2456275436598,6880.722590450935,0.062447551637887955,0,90.29941420038729,2.949585119534693,127,control
3934,749.0,6916.0,791.1174078856271,6695.3839914560085,0.08626355230808258,0,224.78306919785973,5.774180013930572,127,control
3935,672.0,6842.0,691.0,6664.0,0.06108705326914787,0,179.47830043492277,,127,control
3936,827.0,6817.0,795.2346768315564,6877.77185259266,0.05754470080137253,0,68.94646837238886,2.3577797628476853,127,control
3937,673.0,6921.0,672.0,6921.0,0.05921701714396477,1,2.5317595278510403,,127,check
3938,759.0,6830.0,636.0,6684.0,0.05867064744234085,0,192.22660390967505,,127,control
3939,759.0,6830.0,819.0,6883.0,0.06072287634015083,0,78.33493197105464,,127,control
3940,764.0,6726.0,691.3242151924101,6836.3080855257795,0.05067531019449234,0,132.36895651703082,1.1419298027871205,127,control
3941,669.0,6746.0,784.3658232795862,6674.973235178807,0.05950280278921127,0,134.3256946045095,2.443671570745634,127,control
3942,746.0,6727.0,752.9998321882101,6832.469868773209,0.061378587037324905,0,105.03070024736012,1.755425491895105,127,control
3943,801.0,6894.0,819.0,6883.0,0.05140472948551178,0,19.83026103780909,,127,control
3944,754.0,6738.0,786.0,6833.0,0.06207253411412239,0,99.19148778857769,,127,control
3945,676.0,6880.0,803.0,6664.0,0.052018970251083374,0,250.11893475798882,,127,control
3946,676.0,6880.0,804.0,6596.0,0.06065835803747177,0,311.2456005670183,,127,check
3947,839.0,6895.0,595.0,7032.0,0.05781564489006996,0,280.53437812587856,,127,control
3948,845.0,6855.0,737.7626069765436,6754.971055294662,0.06558167934417725,0,148.188457180582,2.4556311879207984,127,control
3949,655.0,6732.0,624.0,6713.0,0.05088745802640915,0,37.76310568130876,,127,check
3950,714.0,6903.0,815.0,6870.0,0.068380206823349,0,104.67410318124561,,127,control
3951,742.0,6754.0,759.0,6880.0,0.05558145418763161,0,126.35378805730281,,127,control
3952,725.0,6737.0,749.3642602290502,6853.771454182244,0.05992547422647476,0,118.38871211850962,2.0344064932740475,127,control
3953,764.0,6841.0,818.2686947742715,6882.719387187509,0.06852571666240692,0,66.67736132508928,2.018983728519774,127,check
3954,712.0,6777.0,602.0,6620.0,0.05316947028040886,0,192.92087116856663,,127,control
3955,694.0,6825.0,785.0,6765.0,0.05417826026678085,0,107.8719470531357,,127,check
3956,694.0,6825.0,786.4207316072404,6866.100337449847,0.05122547969222069,0,99.32725063993405,1.138726387177449,127,control
3957,681.0,6891.0,788.033294410468,6865.721442008,0.06057286262512207,0,108.39858697072658,1.292302221364003,127,control
3958,659.0,6872.0,805.0,6752.0,0.06217242404818535,0,187.94893333395984,,127,control
3959,681.0,6854.0,592.0,6621.0,0.0986538827419281,0,250.4799841735076,,127,check
3960,731.0,6840.0,541.0,6605.0,0.062173813581466675,0,303.38908899881073,,127,check
3961,731.0,6840.0,786.6720870788937,6883.006784528189,0.054071005433797836,0,68.62627544183688,2.8604102020525297,127,control
3962,813.0,6766.0,831.0,6648.0,0.06196005642414093,0,119.55041652562436,,127,control
3963,719.0,6863.0,581.0,6843.0,0.07946451008319855,0,140.68338132423767,,127,control
3964,792.0,6818.0,597.0,6732.0,0.057123616337776184,0,214.46695389515565,,127,control
3965,834.0,6925.0,598.0,6631.0,0.07946059852838516,0,378.25544215517976,,127,control
3966,85.0,7152.0,171.0,7136.0,0.053265150636434555,0,87.67396091042522,,128,control
3967,85.0,7152.0,177.0,7148.0,0.06431422382593155,0,92.07870219291657,,128,control
3968,117.0,7128.0,321.92256332862195,7046.990931768925,0.06132577359676361,0,220.34058391154366,0.8523097387065375,128,check
3969,74.0,7010.0,250.0,7035.0,0.06245817244052887,0,177.35900247335726,,128,control
3970,52.0,6944.0,58.0,6844.0,0.05840074270963669,0,101.5835235835145,,128,control
3971,185.0,7132.0,296.5952292902009,6877.622083473067,0.0580068863928318,0,278.67111295654036,1.545167226469854,128,control
3972,76.0,6980.0,103.0,6981.0,0.08337152004241943,0,27.20775947945977,,128,control
3973,120.0,7051.0,232.74778384850492,6873.5789653837355,0.0676371157169342,0,211.14593557107764,2.1593873813611153,128,control
3974,188.0,7037.0,225.0,6868.0,0.08981483429670334,0,174.14660251058748,,128,control
3975,41.0,6987.0,41.0,6884.0,0.11184932291507721,0,104.41124789724427,,128,control
3976,106.0,7069.0,321.2902542423783,6901.540595498521,0.061294734477996826,0,273.1031457436207,1.6482735298035163,128,check
3977,50.0,7042.0,46.0,7254.0,0.06001569703221321,0,210.55156983288424,,128,check
3978,120.0,7094.0,336.0,7232.0,0.06082664430141449,0,255.2248789186055,,128,control
3979,115.0,7017.0,116.0,7017.0,0.06809692829847336,1,1.7767871385510876,,128,control
3980,57.0,6985.0,66.0,7113.0,0.06096373870968819,0,126.9094849785986,,128,check
3981,142.0,6966.0,125.0,7033.0,0.06759513914585114,0,67.79068251234246,,128,control
3982,57.0,7100.0,55.0,7100.0,0.056790489703416824,1,2.226790497942831,,128,control
3983,46.0,7023.0,44.0,7050.0,0.07755887508392334,0,25.611670975579887,,128,control
3984,122.0,7084.0,184.0,6891.0,0.052438024431467056,0,203.90190764334403,,128,control
3985,181.0,6960.0,63.64138004206487,7032.990721601856,0.054077014327049255,0,137.20637425343256,1.8978572196792165,128,check
3986,61.0,7065.0,58.08737734648214,7065.769016252624,0.0622333399951458,1,2.6900459564448833,1.3094239504647933,128,control
3987,125.0,6938.0,61.85413428786135,7222.322199349759,0.07705151289701462,0,289.77721228878016,0.9993015986713959,128,control
3988,87.0,7076.0,255.2569455419448,6879.833615522565,0.07962986826896667,0,259.192853099094,4.48209837902108,128,control
3989,144.0,7147.0,157.0,6959.0,0.058661021292209625,0,189.74148804973035,,128,check
3990,63.0,7046.0,198.0,6977.0,0.06152664124965668,0,152.12043642588938,,128,control
3991,43.0,7129.0,48.0,7102.0,0.06690806150436401,0,28.940843969845783,,128,control
3992,196.0,6979.0,94.0,7046.0,0.055436935275793076,0,121.10913974806414,,128,control
3993,49.0,6986.0,55.0,7112.0,0.05275843292474747,0,124.71745121094311,,128,control
3994,164.0,7149.0,189.0,6972.0,0.0563100129365921,0,179.99607551711753,,128,control
3995,157.0,6964.0,123.22622067313998,7030.378033528659,0.0723755806684494,0,73.22074991446176,1.3433895816653831,128,control
3996,71.0,7073.0,82.0,7061.0,0.07149873673915863,0,17.487478291589895,,128,control
3997,209.0,7127.0,162.86407287870117,7071.811587031503,0.05823255330324173,0,72.94383810700427,2.481707964082398,128,check
3998,145.0,6955.0,125.0,7033.0,0.05503514036536217,0,79.19139330280069,,128,control
3999,100.0,7094.0,303.0,6860.0,0.058639202266931534,0,310.3976133116783,,128,control
4000,100.0,7094.0,218.0,6839.0,0.05346519127488136,0,282.0324844394475,,128,control
4001,179.0,7077.0,223.0,6918.0,0.08083271235227585,0,166.10705484411218,,128,control
4002,106.0,7056.0,123.0,7044.0,0.05542439967393875,0,21.711446482940595,,128,check
4003,43.0,6960.0,42.0,7115.0,0.08002804219722748,0,153.54421135553807,,128,control
4004,212.0,6998.0,227.0,6929.0,0.0683060735464096,0,71.76051442730301,,128,control
4005,187.0,7052.0,226.4493778680277,6900.929820790781,0.0707428902387619,0,157.2653586519602,1.1933380302048868,128,control
4006,374.0,7050.0,479.0,7150.0,0.07000071555376053,0,143.6444319978002,,129,check
4007,374.0,7050.0,514.0,6941.0,0.05005248636007309,0,177.19646122705308,,129,control
4008,316.0,7042.0,115.19463604317244,7184.057928548345,0.05555330961942673,0,245.09977143218947,3.4513311122383907,129,control
4009,302.0,6951.0,160.72314507084494,7090.8814984263,0.055495668202638626,0,197.89216360533095,1.3321381534926056,129,check
4010,302.0,6951.0,248.0,6944.0,0.06021922081708908,0,54.81902182967057,,129,control
4011,302.0,6951.0,370.2410363866623,6828.01067635146,0.05284784361720085,0,141.29452147768419,1.7127205256974865,129,control
4012,406.0,6963.0,212.0,6892.0,0.050349343568086624,0,207.07930835939968,,129,control
4013,367.0,7014.0,314.0470647987894,6865.7282354825675,0.052434954792261124,0,158.5947940713569,1.4671117555511533,129,control
4014,347.0,7012.0,508.4265244017731,6909.5487180087275,0.07301229983568192,0,190.86089358797338,0.9527549117787312,129,control
4015,416.0,7137.0,269.0,6901.0,0.06616822630167007,0,279.14644009054376,,129,control
4016,246.0,6981.0,132.0,7077.0,0.06665991246700287,0,148.10923739563034,,129,control
4017,355.0,6970.0,265.0,6869.0,0.05123374983668327,0,136.2900812694497,,129,control
4018,301.0,7066.0,234.0,6942.0,0.05358922481536865,0,142.07642209463125,,129,control
4019,286.0,6958.0,232.6387625471593,6945.249792172347,0.0837533101439476,0,55.31006855424401,1.9086264177582954,129,control
4020,382.0,7104.0,227.50342226599082,6865.651279395804,0.05237731337547302,0,285.1034285139688,2.720195131800246,129,control
4021,427.0,7088.0,338.0,7024.0,0.0515751913189888,0,110.66815406012243,,129,control
4022,221.0,7073.0,423.0,6809.0,0.06969582289457321,0,332.76959409691,,129,check
4023,226.0,6969.0,125.0,7033.0,0.06710675358772278,0,118.75293968037747,,129,control
4024,219.0,6966.0,125.0,7033.0,0.0820583775639534,0,114.55956538016311,,129,check
4025,370.0,7080.0,142.0,7147.0,0.06741367280483246,0,237.23665050024255,,129,control
4026,286.0,7000.0,225.0,6868.0,0.058841411024332047,0,146.5433947860596,,129,control
4027,323.0,7121.0,300.0,7013.0,0.05233476683497429,0,111.61442082293954,,129,control
4028,338.0,7057.0,336.0,7056.0,0.07096636295318604,0,3.271682360278108,,129,control
4029,353.0,6940.0,207.0,6874.0,0.08704175800085068,0,160.78261870314577,,129,control
4030,249.0,7085.0,338.0,6883.0,0.05309782922267914,0,221.5356541421575,,129,control
4031,304.0,7114.0,232.0,6909.0,0.09030311554670334,0,218.4515569028945,,129,control
4032,304.0,7114.0,130.0,6961.0,0.06786190718412399,0,232.47604596259842,,129,control
4033,313.0,7082.0,501.0,6822.0,0.05174388736486435,0,321.0259377595819,,129,check
4034,252.0,6971.0,119.72904343395969,6996.399402828601,0.06087959185242653,0,134.2926330253064,0.7705507005253358,129,check
4035,346.0,7053.0,341.0,7048.0,0.06749166548252106,0,8.222400293061536,,129,control
4036,435.0,6967.0,488.0,7145.0,0.08691849559545517,0,184.5354576034857,,129,control
4037,295.0,7093.0,424.0,7257.0,0.05102720484137535,0,207.31569080047632,,129,control
4038,561.0,7001.0,696.0,6830.0,0.09028048813343048,0,217.46372628904527,,130,control
4039,528.0,7037.0,586.2471405566891,6952.178741692278,0.08034567534923553,0,102.88154039843451,1.957424135219136,130,control
4040,556.0,7152.0,566.9751237528261,6853.5523473442745,0.05148203298449516,0,299.40603276589286,1.107635577254345,130,check
4041,626.0,7016.0,564.1821734000355,6886.3904815849,0.05883990228176117,0,144.8025086232197,1.7163206312251456,130,control
4042,482.0,6979.0,338.8912964066689,6882.410516522504,0.05904274061322212,0,173.62263002474776,2.5174777576008998,130,control
4043,643.0,6999.0,637.0,6917.0,0.06167147681117058,0,83.05210484438601,,130,control
4044,589.0,7087.0,564.0,6853.0,0.05400701239705086,0,236.2445166250848,,130,control
4045,613.0,6956.0,616.4393643689393,6957.939815821756,0.09940306097269058,1,2.4536745106029723,1.0056079286256916,130,control
4046,574.0,6986.0,707.0789527670785,6822.594168296277,0.07438719272613525,0,210.2839950894536,1.3962462454416742,130,control
4047,496.0,6953.0,390.67768935488647,6837.648930600563,0.05271473899483681,0,157.32891374193704,2.10135975209689,130,check
4048,579.0,7067.0,319.98082472581336,7051.710656099817,0.07932761311531067,0,259.99387343347837,0.8053200199137539,130,control
4049,516.0,7017.0,727.0,6938.0,0.05700818449258804,0,224.0254298411378,,130,control
4050,620.0,7152.0,617.0,7165.0,0.06772194057703018,0,12.95608290319018,,130,check
4051,620.0,7152.0,562.0,6891.0,0.05866105109453201,0,268.39750916127866,,130,control
4052,469.0,7003.0,764.0618266858886,6981.190836213756,0.06824114173650742,0,294.1875098972649,3.9880064018471693,130,control
4053,604.0,7011.0,584.0,6880.0,0.05416348576545715,0,133.4699618375462,,130,control
4054,527.0,7008.0,477.9774832393211,7147.418601807702,0.05800757557153702,0,147.20261353732394,1.3097860658558569,130,control
4055,545.0,7106.0,659.0,6906.0,0.06869245320558548,0,230.13236501852543,,130,control
4056,472.0,6959.0,617.0,6957.0,0.061722155660390854,0,143.73728629748186,,130,check
4057,516.0,7032.0,750.0,6873.0,0.06304328888654709,0,281.88026141062267,,130,control
4058,606.0,7033.0,672.0,6921.0,0.05968116596341133,0,129.87326666852204,,130,control
4059,465.0,7034.0,657.0,6941.0,0.06888183951377869,0,212.39067187978927,,130,check
4060,494.0,6977.0,763.0,6981.0,0.1196943074464798,0,267.2962653354414,,130,control
4061,505.0,6969.0,517.0,7123.0,0.05010243505239487,0,153.48101208782973,,130,control
4062,594.0,7145.0,603.0,6968.0,0.0937395691871643,0,177.94645314918296,,130,control
4063,596.0,6970.0,696.0,6830.0,0.1043047085404396,0,171.71998523689655,,130,control
4064,600.0,6978.0,773.3692867886177,6830.799235554643,0.051820702850818634,0,226.4987163142877,1.7963723228548067,130,control
4065,649.0,7083.0,746.0,6858.0,0.0765322893857956,0,244.9208209350354,,130,control
4066,454.0,7042.0,531.0,6904.0,0.058372464030981064,0,158.27830910482558,,130,check
4067,530.0,6979.0,468.0,7153.0,0.08680016547441483,0,184.11534598171838,,130,control
4068,450.0,6966.0,746.0,6858.0,0.05581846088171005,0,313.7609306249567,,130,control
4069,824.0,7100.0,759.0,6922.0,0.05399714410305023,0,190.63393809287768,,131,control
4070,769.0,7080.0,689.0,7124.0,0.056505221873521805,0,92.33913947116089,,131,control
4071,769.0,7080.0,791.735904340171,6844.958059927969,0.07979698479175568,0,236.5079497265339,1.7523940630286035,131,control
4072,761.0,7053.0,562.7896837745468,6858.37042875454,0.0754929855465889,0,279.13290465472073,1.5942803443646523,131,control
4073,829.0,7003.0,786.1473574800259,6920.713999111258,0.052912816405296326,0,94.0957222312201,2.996573198772659,131,control
4074,741.0,7086.0,786.0,6866.0,0.06190099939703941,0,224.7457605875503,,131,check
4075,783.0,7040.0,761.3397560592426,6903.439619279898,0.05620742216706276,0,139.11534946234528,0.8919948209288447,131,check
4076,850.0,7073.0,855.0,7207.0,0.14145539700984955,0,133.4960714279433,,131,control
4077,691.0,7052.0,815.0,6870.0,0.06392994523048401,0,219.62432250359865,,131,control
4078,725.0,7139.0,799.0,6855.0,0.08482272922992706,0,293.54930605131744,,131,control
4079,655.0,7124.0,563.0999629308376,6857.620473851305,0.05660376697778702,0,282.90149686247867,1.4155437852857344,131,control
4080,672.0,7124.0,686.4292812121269,6866.7297563812335,0.05279437080025673,0,258.25634980316005,1.6830899658095757,131,control
4081,802.0,7113.0,792.0,6880.0,0.06269247084856033,0,233.8372891212641,,131,control
4082,677.0,6998.0,642.0,6909.0,0.060455210506916046,0,96.802039459428,,131,control
4083,793.0,7152.0,783.0,6914.0,0.07973512262105942,0,238.84787576433834,,131,check
4084,804.0,7135.0,783.0,6905.0,0.08876296132802963,0,231.676596384119,,131,control
4085,803.0,7149.0,798.0,6912.0,0.09550321102142334,0,237.63785313044008,,131,control
4086,687.0,7032.0,816.0,6853.0,0.06609747558832169,0,219.98778960763798,,131,control
4087,699.0,7123.0,698.0,7124.0,0.0732179507613182,1,2.606778559656706,,131,control
4088,787.0,7017.0,773.0,6887.0,0.08062451332807541,0,131.50704754956325,,131,check
4089,683.0,6948.0,783.0,6914.0,0.05250842124223709,0,104.14250434608672,,131,control
4090,739.0,7109.0,794.7742331840626,6878.791762672252,0.05213760957121849,0,236.97876106878203,2.694261274203433,131,control
4091,805.0,6998.0,825.0,7145.0,0.055047836154699326,0,147.54819587041578,,131,control
4092,848.0,7085.0,517.0,7123.0,0.07077097147703171,0,334.12465768093386,,131,check
4093,691.0,6968.0,672.0,6898.0,0.08909518271684647,0,73.57599737150551,,131,control
4094,835.0,7028.0,607.9948647055901,6835.892692308204,0.06944412738084793,0,298.79277998883083,2.387203466431427,131,control
4095,694.0,7001.0,660.0,6932.0,0.05120961740612984,0,78.1808092840394,,131,control
4096,746.0,7060.0,546.0,6866.0,0.05042620375752449,0,279.9565668055908,,131,control
4097,709.0,6962.0,703.0,6952.0,0.05037205293774605,0,13.055379579501485,,131,control
4098,742.0,7121.0,812.0,6911.0,0.08008673787117004,0,221.28234352865763,,131,control
4099,779.0,6945.0,771.0,6941.0,0.059163134545087814,0,10.756388976452966,,131,control
4100,739.0,7152.0,819.5909610917424,6882.9304219232645,0.06476844102144241,0,280.84232116195716,2.4313650147096824,131,control
4101,744.0,6972.0,814.0,6897.0,0.06779728084802628,0,101.72761623142753,,131,check
4102,843.0,7061.0,855.0,7207.0,0.0843919962644577,0,145.8019780908987,,131,control
4103,789.0,7114.0,814.0,6897.0,0.09773886948823929,0,218.74806446866117,,131,check
4104,49.0,7162.0,50.0,7057.0,0.11958320438861847,0,106.44425909917518,,132,control
4105,50.0,7303.0,58.87645898866484,7086.032888643621,0.10467548668384552,0,218.59127976550076,1.597045735461313,132,control
4106,66.0,7183.0,144.0,7206.0,0.10381424427032471,0,80.94683748021669,,132,control
4107,213.0,7324.0,217.0,7309.0,0.09607787430286407,0,16.720481716518186,,132,control
4108,44.0,7283.0,55.0,7112.0,0.09492310881614685,0,172.81116774486276,,132,control
4109,61.0,7266.0,75.18553659100954,7085.427520933099,0.09284305572509766,0,182.55659135613615,1.6233089152476947,132,control
4110,70.0,7306.0,82.0,7061.0,0.09061910957098007,0,246.7033945011373,,132,control
4111,44.0,7181.0,55.0,7086.0,0.08620146661996841,0,97.09665776658579,,132,control
4112,49.0,7315.0,55.0,7086.0,0.08575213700532913,0,230.5224392612631,,132,control
4113,44.0,7283.0,42.0,7115.0,0.08238978683948517,0,169.46543603455146,,132,check
4114,67.0,7254.0,109.0,7038.0,0.07853585481643677,0,221.41585585527548,,132,control
4115,44.0,7181.0,46.0,7085.0,0.07808426022529602,0,97.47429218804102,,132,control
4116,170.0,7248.0,101.0,7072.0,0.0739666000008583,0,190.26382459571127,,132,check
4117,111.0,7191.0,82.0,7061.0,0.07324522733688354,0,134.5110834931969,,132,control
4118,196.0,7245.0,317.19566932598906,7050.058177853084,0.07314899563789368,0,230.2661336088115,0.8902639391570293,132,check
4119,108.0,7200.0,112.0,7054.0,0.07205340266227722,0,147.42204592782514,,132,control
4120,46.0,7274.0,48.0,7102.0,0.07197245210409164,0,173.46311547873475,,132,control
4121,67.0,7295.0,68.0,7065.0,0.0712817907333374,0,231.4202866194678,,132,check
4122,113.0,7330.0,101.37419982215826,7097.7919600676205,0.07115244120359421,0,233.87395571465723,1.1885885229976552,132,check
4123,213.0,7276.0,112.0,7054.0,0.06969650089740753,0,245.0749550498656,,132,control
4124,49.0,7162.0,51.0,7301.0,0.06700114905834198,0,137.53270113426032,,132,control
4125,49.0,7194.0,44.0,7050.0,0.06497900933027267,0,145.51567211961992,,132,control
4126,74.0,7206.0,61.7595953240394,7064.92534443205,0.06272051483392715,0,142.99849794986406,6.574710736417053,132,control
4127,143.0,7228.0,129.73147303751836,7125.810744039283,0.061507608741521835,0,104.38473989370193,4.473997920570422,132,control
4128,136.0,7315.0,156.0,7292.0,0.06119459867477417,0,31.477219668963237,,132,control
4129,69.0,7193.0,144.0,7206.0,0.06004052236676216,0,75.89830530250362,,132,control
4130,67.0,7322.0,77.0,7090.0,0.059744883328676224,0,233.6360702389569,,132,control
4131,62.0,7366.0,233.79456097695694,7144.722007828135,0.05872415751218796,0,280.97356304508753,2.22289688067812,132,check
4132,108.0,7318.0,99.0,7097.0,0.05840986967086792,0,222.56266500246636,,132,control
4133,74.0,7292.0,135.0,7270.0,0.05818409472703934,0,65.32977520583623,,132,control
4134,216.0,7225.0,101.42968757542666,7068.749515442488,0.05780845507979393,0,194.7637302006942,3.7614253788988905,132,control
4135,88.0,7318.0,84.0,7097.0,0.0574551597237587,0,222.4370814233672,,132,control
4136,165.0,7364.0,289.0,7437.0,0.05734057351946831,0,142.82540855883468,,132,control
4137,77.0,7357.0,99.0,7097.0,0.05726582184433937,0,262.3263277470727,,132,control
4138,157.0,7320.0,221.41609449767572,7156.302860622643,0.05460982024669647,0,177.0113841980567,5.0219133436089285,132,control
4139,111.0,7181.0,82.0,7061.0,0.054428830742836,0,124.7607179118477,,132,control
4140,148.0,7259.0,223.0,7053.0,0.054390568286180496,0,220.33024619924157,,132,control
4141,44.0,7292.0,54.0,7126.0,0.054243817925453186,0,167.76174868101776,,132,check
4142,96.0,7360.0,108.0,7091.0,0.05381981283426285,0,270.6487144639707,,132,control
4143,105.0,7294.0,80.0,7022.0,0.05375445634126663,0,274.5113150208523,,132,control
4144,45.0,7265.0,46.0,7085.0,0.053483832627534866,0,181.4512697643173,,132,control
4145,208.0,7166.0,143.0,7060.0,0.053198885172605515,0,125.44686681128381,,132,control
4146,128.0,7162.0,79.0,7240.0,0.05280831828713417,0,90.80207604608731,,132,control
4147,63.0,7305.0,68.0,7065.0,0.05280414968729019,0,241.47441254626312,,132,check
4148,232.0,7328.0,431.0,7324.0,0.05030472204089165,0,198.18014991563274,,133,control
4149,364.0,7332.0,186.0,7297.0,0.05296221747994423,0,181.82343263732633,,133,control
4150,346.0,7276.0,491.98793476431103,7094.528390597752,0.05505581945180893,0,233.02317923545496,2.269080979607236,133,control
4151,304.0,7320.0,562.1580143525883,7057.148916564069,0.0873674601316452,0,368.21100410508694,0.7194490750405353,133,control
4152,384.0,7282.0,422.0,7398.0,0.05927145481109619,0,120.76784933654622,,133,control
4153,305.0,7258.0,438.0,7491.0,0.05081892013549805,0,266.87186834959886,,133,control
4154,385.0,7329.0,393.0,7332.0,0.06203002482652664,0,7.470546607699493,,133,control
4155,242.0,7365.0,166.0,7458.0,0.055704403668642044,0,119.13692488520346,,133,control
4156,395.0,7261.0,452.7599451539954,7432.090091201471,0.056729428470134735,0,179.268744786149,1.6428434523110496,133,check
4157,248.0,7301.0,140.72750038325313,7145.788754891533,0.05339732766151428,0,189.76736518073312,1.9581810714589578,133,control
4158,323.0,7231.0,123.0,7044.0,0.07004611194133759,0,274.638088703627,,133,control
4159,241.0,7190.0,133.0,7031.0,0.06447242200374603,0,193.26109830292742,,133,check
4160,279.0,7286.0,162.0,7269.0,0.055565495043992996,0,118.50579868888367,,133,control
4161,272.0,7295.0,162.0,7269.0,0.063462994992733,0,113.42337568904912,,133,control
4162,255.0,7321.0,154.0,7374.0,0.07360001653432846,0,113.50871536549027,,133,check
4163,419.0,7180.0,114.0,7080.0,0.07527247816324234,0,321.27474102164695,,133,control
4164,371.0,7178.0,422.0,7398.0,0.05010714754462242,0,224.58614300135181,,133,control
4165,341.0,7348.0,161.0,7337.0,0.05987194553017616,0,180.52328975444522,,133,control
4166,225.0,7221.0,422.0,7490.0,0.0523681640625,0,331.9937045750075,,133,control
4167,385.0,7320.0,234.2350753210002,7184.70713229003,0.07441748678684235,0,203.5952503472334,4.153471784574212,133,control
4168,385.0,7320.0,386.0,7323.0,0.05715864151716232,1,1.913596245907685,,133,control
4169,369.0,7169.0,401.0,7322.0,0.06935462355613708,0,155.08671426594526,,133,control
4170,381.0,7309.0,416.0,7301.0,0.05347208306193352,0,35.34997567658112,,133,check
4171,221.0,7177.0,127.0,7338.0,0.07072270661592484,0,185.22018981640898,,133,control
4172,416.0,7273.0,269.0,7363.0,0.05089539289474487,0,172.07961938344303,,133,control
4173,249.0,7203.0,269.0,7363.0,0.05914647504687309,0,159.95609933149194,,133,control
4174,249.0,7203.0,209.0,7381.0,0.06960290670394897,0,181.2088190144308,,133,control
4175,396.0,7364.0,364.0,7203.0,0.057042501866817474,0,165.35692869671513,,133,control
4176,287.0,7314.0,82.0,7061.0,0.05313033238053322,0,326.56901612966055,,133,check
4177,230.0,7287.0,418.0,7362.0,0.05431109666824341,0,201.2119985492929,,133,control
4178,319.0,7347.0,181.8128787375619,7296.506766666374,0.06765321642160416,0,146.7856903944994,1.0149571513086781,133,check
4179,249.0,7195.0,326.0,7387.0,0.06789129972457886,0,205.54098237290353,,133,control
4180,373.0,7342.0,388.87007735332674,7392.605101205099,0.05397460237145424,0,51.73878952825245,1.6896507175170303,133,control
4181,410.0,7350.0,235.0,7468.0,0.05834796279668808,0,210.64238081300365,,133,control
4182,289.0,7270.0,423.0,7467.0,0.06962236016988754,0,236.83850290294586,,133,control
4183,259.0,7215.0,340.0,7426.0,0.1756112277507782,0,224.67906898813192,,133,check
4184,276.0,7212.0,363.0,7418.0,0.06265691667795181,0,222.27925022312752,,133,control
4185,447.0,7329.0,608.0,7462.0,0.05586277320981026,0,207.15196665141585,,134,check
4186,505.0,7256.0,324.3769502999917,7047.952993488172,0.07933714240789413,0,276.6645365899268,1.9393314230163097,134,control
4187,603.0,7275.0,753.0,7111.0,0.06735756993293762,0,221.5484887566588,,134,control
4188,452.0,7351.0,700.0,7369.0,0.07614989578723907,0,246.91514442909062,,134,control
4189,470.0,7201.0,500.0,7022.0,0.060966141521930695,0,182.23493016647612,,134,control
4190,576.0,7308.0,368.0,7179.0,0.06373066455125809,0,245.8800619723451,,134,control
4191,576.0,7308.0,697.0,7457.0,0.09936200082302094,0,190.26662106117553,,134,control
4192,652.0,7228.0,472.8827436355223,7067.771095115139,0.06878785043954849,0,241.63603302881884,0.5203594160487092,134,check
4193,616.0,7218.0,743.0,7393.0,0.07677539438009262,0,214.58871544514636,,134,control
4194,567.0,7255.0,692.0,7398.0,0.05576368048787117,0,188.25487613198658,,134,control
4195,584.0,7262.0,748.8456591318838,7372.868365429895,0.05006967484951019,0,196.75324632720964,1.143422561679642,134,control
4196,560.0,7322.0,677.0,7465.0,0.06847643852233887,0,183.1012768641537,,134,control
4197,590.0,7203.0,472.04132791494413,7067.720457355104,0.05124706029891968,0,180.79696813879858,0.7769739774411111,134,control
4198,581.0,7173.0,713.7129036010232,7088.171315186917,0.05289151892066002,0,156.51093669565356,0.993793637023889,134,control
4199,465.0,7281.0,695.0,7411.0,0.05896040052175522,0,262.35049459759085,,134,control
4200,587.0,7228.0,743.9871072884066,7096.178302231531,0.07090312987565994,0,204.0988383092199,6.1077929178669494,134,check
4201,557.0,7171.0,754.0,7156.0,0.05262017995119095,0,195.86017107100187,,134,control
4202,441.0,7193.0,697.5658869951016,7271.798141345023,0.062459904700517654,0,266.6072873530677,1.13575119482297,134,control
4203,499.0,7289.0,452.26415111117683,7108.157510227691,0.05224194750189781,0,187.95121811791665,6.5627669302907465,134,control
4204,452.0,7248.0,745.0,7100.0,0.054739873856306076,0,327.0158741822478,,134,control
4205,515.0,7253.0,471.0,7069.0,0.05326158180832863,0,190.32456384416093,,134,check
4206,524.0,7277.0,468.0,7153.0,0.05200104042887688,0,137.32748175363236,,134,check
4207,454.0,7226.0,741.0,7086.0,0.0522763766348362,0,318.0816428870089,,134,control
4208,441.0,7348.0,759.0,7487.0,0.05002322047948837,0,345.0234200196519,,134,control
4209,441.0,7348.0,490.19667727872417,7336.978407350005,0.06608570367097855,0,49.60919253366295,1.5441466682658034,134,control
4210,455.0,7238.0,741.0,7086.0,0.05051865801215172,0,322.6852267046747,,134,check
4211,501.0,7347.0,609.2395118741773,7175.135010994498,0.05039079114794731,0,203.08473977732652,3.538013667394124,134,control
4212,446.0,7232.0,741.0,7086.0,0.10241926461458206,0,327.91527672899105,,134,control
4213,440.0,7277.0,669.7280956401681,7401.669220375246,0.05308273062109947,0,259.58202290582057,1.827613063880096,134,control
4214,640.0,7298.0,467.0,7057.0,0.06396453082561493,0,297.957468435698,,134,control
4215,582.0,7359.0,365.0,7250.0,0.06772445142269135,0,243.92988566260212,,134,control
4216,582.0,7359.0,645.0,7135.0,0.05204928293824196,0,233.04202419816676,,134,control
4217,585.0,7212.0,614.0,7201.0,0.054212868213653564,0,30.04681249658813,,134,control
4218,777.0,7333.0,750.0,7437.0,0.057317983359098434,0,107.25086292859143,,135,check
4219,758.0,7296.0,825.5990832515038,7331.20950659773,0.055830251425504684,0,74.13456700481738,1.9231455993036717,135,control
4220,767.0,7165.0,714.3141853190921,7089.061982248994,0.050181515514850616,0,93.90936480331206,2.781086385936391,135,control
4221,768.0,7264.0,727.0,7394.0,0.0538596585392952,0,136.17063431007853,,135,check
4222,832.0,7359.0,737.0,7358.0,0.06175941228866577,0,96.80729960421405,,135,control
4223,832.0,7359.0,599.0,7213.0,0.0625365599989891,0,276.53615589700524,,135,control
4224,666.0,7310.0,773.5176316824821,7194.30897489503,0.0562802217900753,0,157.15717272149692,0.6795281779240125,135,control
4225,830.0,7330.0,676.0,7452.0,0.06637245416641235,0,197.2756869985633,,135,check
4226,673.0,7367.0,727.0,7394.0,0.05583340302109718,0,58.46164844173023,,135,control
4227,767.0,7235.0,694.0,7103.0,0.05815352126955986,0,152.21721351329833,,135,control
4228,788.0,7330.0,676.0,7427.0,0.10598039627075195,0,148.89820884914363,,135,check
4229,858.0,7209.0,620.0,7279.0,0.055278897285461426,0,249.21370807327216,,135,control
4230,725.0,7160.0,697.0,7457.0,0.058301892131567,0,297.71582684308487,,135,control
4231,710.0,7181.0,770.1568121759859,7275.879093896367,0.05828035995364189,0,110.80690401827367,3.3253030475203307,135,control
4232,720.0,7347.0,722.0,7088.0,0.07612621039152145,0,259.6652300927293,,135,control
4233,670.0,7193.0,801.0,7344.0,0.1277761310338974,0,198.14073016031267,,135,control
4234,760.0,7339.0,768.0,7337.0,0.056611813604831696,0,6.679039245304984,,135,control
4235,848.0,7208.0,855.0,7207.0,0.10066945105791092,0,5.153906251157058,,135,control
4236,712.0,7167.0,769.8649927190799,7271.657833128937,0.07946428656578064,0,118.1318316488508,3.4731129912993155,135,control
4237,674.0,7266.0,714.0,7313.0,0.06823226064443588,0,60.06684791613893,,135,control
4238,738.0,7355.0,769.0,7204.0,0.057774242013692856,0,154.41542312739764,,135,control
4239,741.0,7347.0,562.0,7404.0,0.05864805355668068,0,188.8193219607902,,135,control
4240,828.0,7197.0,802.0,7034.0,0.06828103959560394,0,165.91693978594628,,135,check
4241,717.0,7360.0,695.0,7411.0,0.055039361119270325,0,55.54201323756666,,135,control
4242,806.0,7301.0,843.0,7345.0,0.11878878623247147,0,55.71013864354476,,135,control
4243,124.0,7551.0,242.0,7350.0,0.05363459885120392,0,234.0056837858332,,136,control
4244,143.0,7422.0,144.0,7280.0,0.05239512398838997,0,143.37682637549042,,136,control
4245,169.0,7525.0,179.0,7665.0,0.06110803782939911,0,138.92765298905053,,136,control
4246,79.0,7445.0,127.0,7310.0,0.05352054163813591,0,144.60223573317046,,136,control
4247,51.0,7378.0,63.0,7294.0,0.05784202739596367,0,86.33699294588625,,136,control
4248,118.0,7536.0,110.0,7542.0,0.05209736153483391,0,9.21905045940258,,136,control
4249,87.0,7580.0,155.0,7671.0,0.0865350216627121,0,112.32243945787702,,136,check
4250,143.0,7528.0,153.0,7522.0,0.07636471092700958,0,12.33124852359219,,136,control
4251,53.0,7430.0,71.14047286865775,7268.02085026812,0.06029050424695015,0,164.4591919880196,4.251424608037764,136,control
4252,103.0,7539.0,82.0,7542.0,0.12101737409830093,0,20.999551950610456,,136,control
4253,132.0,7548.0,140.0,7551.0,0.06150685250759125,0,8.035007708495202,,136,control
4254,208.0,7472.0,242.0,7617.0,0.051562074571847916,0,147.5368590268665,,136,check
4255,117.0,7407.0,142.0,7319.0,0.05414373800158501,0,92.8043571295055,,136,control
4256,195.0,7398.0,312.0,7537.0,0.06321892142295837,0,180.3465975699457,,136,check
4257,192.0,7580.0,302.13088789669047,7564.120621692189,0.07346676290035248,0,110.86387678211224,1.792451145007354,136,control
4258,157.0,7413.0,204.0,7261.0,0.062212321907281876,0,160.28578943330137,,136,control
4259,204.0,7378.0,321.0,7333.0,0.06898729503154755,0,125.2576896858661,,136,control
4260,108.0,7503.0,229.0,7589.0,0.06698281317949295,0,147.35426940653497,,136,check
4261,42.0,7427.0,44.0,7234.0,0.08632983267307281,0,194.49304220032835,,136,control
4262,146.0,7518.0,138.26450573231767,7459.277787537137,0.05532415956258774,0,60.645230278502765,2.4639503942027337,136,control
4263,146.0,7518.0,154.0,7510.0,0.05557724088430405,0,12.257821931161766,,136,check
4264,182.0,7566.0,307.0,7599.0,0.05308616906404495,0,128.36253500257482,,136,control
4265,43.0,7477.0,53.0,7277.0,0.07195696979761124,0,201.73820223256973,,136,check
4266,191.0,7453.0,255.0,7630.0,0.05281396210193634,0,186.81093001991078,,136,control
4267,58.0,7441.0,279.6365197529516,7478.428597044319,0.08901450783014297,0,224.07520612816543,2.7509165957618498,136,check
4268,58.0,7441.0,70.06156542762864,7293.425105119578,0.059971921145915985,0,149.53892177201712,2.3953633401858694,136,check
4269,79.0,7534.0,161.0,7337.0,0.07066766917705536,0,214.608211811694,,136,control
4270,125.0,7508.0,247.49429323549032,7662.191407360589,0.07211505621671677,0,195.5867590414689,3.9651471381350407,136,control
4271,179.0,7578.0,307.0,7599.0,0.06357180327177048,0,128.89614535093156,,136,control
4272,134.0,7452.0,316.0,7556.0,0.05718710646033287,0,208.45687164339856,,136,control
4273,140.0,7576.0,307.0,7599.0,0.05742974951863289,0,167.78976127286552,,136,control
4274,178.0,7403.0,246.0,7459.0,0.05676448717713356,0,86.96798102018612,,136,control
4275,40.0,7509.0,44.0,7356.0,0.06777314096689224,0,154.56305904995187,,136,control
4276,158.0,7514.0,172.0,7532.0,0.050844457000494,0,21.588579956584567,,136,control
4277,166.0,7455.0,297.0,7615.0,0.07916945219039917,0,205.42621386723258,,136,control
4278,60.0,7390.0,277.0,7302.0,0.05211080610752106,0,234.2339495661066,,136,control
4279,71.0,7521.0,167.29920016885515,7332.953680135355,0.07124985754489899,0,212.4264922423802,1.809987734254005,136,control
4280,147.0,7495.0,307.6216158434836,7600.840917169915,0.0616808645427227,0,191.14639214197132,2.0937094440871458,136,control
4281,148.0,7539.0,153.90529522506324,7536.462520543187,0.05261008441448212,0,6.978590130463883,5.5475180714725205,136,control
4282,46.0,7499.0,50.0,7335.0,0.08346068114042282,0,165.54765559712882,,136,control
4283,44.0,7463.0,46.0,7254.0,0.0647120475769043,0,210.49372182862524,,136,control
4284,141.0,7460.0,279.0,7664.0,0.05905548483133316,0,244.89970810741698,,136,control
4285,39.0,7543.0,48.0,7312.0,0.050548553466796875,0,232.674809302439,,136,control
4286,40.0,7550.0,55.0,7491.0,0.05031447857618332,0,62.38836037158651,,136,control
4287,57.0,7536.0,237.0,7676.0,0.1324852705001831,0,226.85338812339333,,136,check
4288,302.0,7457.0,439.0,7586.0,0.08464237302541733,0,186.69111886103747,,137,control
4289,387.0,7522.0,264.0,7643.0,0.0506339855492115,0,171.994233356845,,137,control
4290,385.0,7535.0,307.0,7599.0,0.061111509799957275,0,100.595278764895,,137,control
4291,425.0,7583.0,427.95494794042065,7628.102221035298,0.1441076099872589,0,44.02867466597685,1.021060672460312,137,control
4292,320.0,7541.0,441.10464907564057,7589.632462230096,0.05258733779191971,0,129.15700419161664,2.680590972351979,137,control
4293,265.0,7587.0,268.98452462236304,7426.547400037771,0.05232446268200874,0,161.75064248056202,0.8377997894190097,137,control
4294,343.0,7464.0,433.3304486361758,7241.680166453789,0.08513995260000229,0,240.6045035359002,0.8655626415490801,137,check
4295,431.0,7523.0,90.0,7258.0,0.06568603962659836,0,432.63418826489334,,137,control
4296,318.0,7386.0,285.0,7361.0,0.057983964681625366,0,42.52276210305239,,137,control
4297,313.0,7484.0,255.0,7630.0,0.050853267312049866,0,156.05595028646934,,137,control
4298,362.0,7380.0,437.0,7441.0,0.05038316920399666,0,95.26706943225669,,137,control
4299,277.0,7452.0,89.33893174959834,7258.099533389654,0.09411567449569702,0,270.77462649520004,1.252832490559772,137,control
4300,417.0,7407.0,385.59794594144057,7278.204207861501,0.050889499485492706,0,133.80583354593577,2.943687292010141,137,control
4301,354.0,7372.0,524.0,7384.0,0.05467771366238594,0,169.18184524109978,,137,check
4302,319.0,7520.0,440.0,7555.0,0.05413094535470009,0,124.7014548997728,,137,control
4303,337.0,7425.0,168.4063085099812,7274.708001648219,0.07446601986885071,0,226.82634912719016,0.6895904775594232,137,check
4304,248.0,7375.0,277.0,7675.0,0.06954509019851685,0,300.0484721161315,,137,control
4305,248.0,7375.0,329.0609607555223,7566.395685860051,0.06367246806621552,0,206.466993880591,1.5406985027189324,137,control
4306,218.0,7567.0,260.0,7590.0,0.06436865031719208,0,46.842678662118175,,137,control
4307,285.0,7440.0,492.0,7338.0,0.058014873415231705,0,230.2465999340644,,137,control
4308,435.0,7490.0,331.0,7600.0,0.05245403200387955,0,150.97550257538782,,137,control
4309,393.0,7474.0,207.0,7580.0,0.0555255226790905,0,213.69668764535854,,137,control
4310,269.0,7578.0,437.51097233492675,7496.651034122029,0.05487803742289543,0,186.7211137833094,5.719199967636633,137,control
4311,421.0,7422.0,313.0,7567.0,0.050604719668626785,0,180.18971823958174,,137,control
4312,254.0,7428.0,101.0,7417.0,0.06546097248792648,0,153.46007776289935,,137,control
4313,330.0,7454.0,407.0,7579.0,0.05529571697115898,0,145.37195740898144,,137,control
4314,225.0,7376.0,280.0,7563.0,0.07012111693620682,0,193.54692874119752,,137,control
4315,234.0,7495.0,255.0,7630.0,0.0508008748292923,0,135.24705188182298,,137,check
4316,313.0,7470.0,423.0,7467.0,0.08246932923793793,0,109.16159658698122,,137,control
4317,410.0,7393.0,142.0,7297.0,0.051598191261291504,0,285.17017830067675,,137,control
4318,416.0,7585.0,142.0,7393.0,0.11912441998720169,0,335.4323787725089,,137,control
4319,386.0,7512.0,417.0,7513.0,0.08615797013044357,0,30.08526035351324,,137,check
4320,253.0,7416.0,453.0,7431.0,0.0751556009054184,0,199.49935180160307,,137,check
4321,248.0,7479.0,135.0,7270.0,0.06963618844747543,0,238.80752180732514,,137,check
4322,382.0,7417.0,521.0,7425.0,0.07223794609308243,0,137.99350273804623,,137,control
4323,350.0,7534.0,492.0,7356.0,0.051229190081357956,0,227.8073032127452,,137,control
4324,231.0,7401.0,331.0,7465.0,0.06505568325519562,0,117.54052592862703,,137,control
4325,337.0,7536.0,431.0,7324.0,0.08683067560195923,0,232.51050647589634,,137,control
4326,417.0,7544.0,133.0,7597.0,0.07841110229492188,0,288.7543104072908,,137,check
4327,357.0,7523.0,387.0,7545.0,0.05573296919465065,0,35.84931814418619,,137,control
4328,316.0,7450.0,475.0,7571.0,0.09230928122997284,0,198.2878361896936,,137,control
4329,417.0,7498.0,297.0,7615.0,0.058708664029836655,0,167.15052151033785,,137,control
4330,599.0,7557.0,440.90566675950095,7438.372252368692,0.058137793093919754,0,199.05541397482736,2.3304188721366783,138,control
4331,592.0,7554.0,615.8993916950133,7702.5451069772225,0.06490635871887207,0,149.3090073131898,3.8787461595658597,138,check
4332,608.0,7566.0,461.19526875228087,7598.85233781591,0.062444549053907394,0,151.257642837069,1.8427383084853937,138,control
4333,623.0,7410.0,317.0,7403.0,0.07604166120290756,0,306.69028406401196,,138,control
4334,537.0,7395.0,434.51195287331615,7240.220683471328,0.08367446064949036,0,186.9697153119854,0.9624429457407488,138,check
4335,571.0,7587.0,434.0,7570.0,0.0559825673699379,0,139.16810229440506,,138,control
4336,500.0,7580.0,776.0426351210615,7531.526447657929,0.051813043653964996,0,278.4457727321856,1.831074675109495,138,control
4337,474.0,7533.0,785.0,7727.0,0.0571303591132164,0,364.40550771948693,,138,control
4338,581.0,7458.0,601.7705190811366,7479.8505344184605,0.07973415404558182,0,28.51472199615279,1.2538618283512408,138,control
4339,438.0,7520.0,349.3464348636987,7552.482607184519,0.05536096543073654,0,94.70395738139267,1.964591488921299,138,check
4340,514.0,7542.0,706.8824527989248,7372.175899600995,0.051621053367853165,0,256.20246927857215,3.0751109401219203,138,control
4341,514.0,7531.0,595.0353472290645,7367.942488577396,0.05219963937997818,0,182.25557637861561,2.9064084846926312,138,control
4342,524.0,7476.0,497.32619101849383,7520.757954468091,0.050244446843862534,0,51.84384752097179,1.3757198318105726,138,control
4343,565.0,7575.0,386.0,7323.0,0.05807127431035042,0,310.4379731300452,,138,control
4344,545.0,7501.0,570.0,7702.0,0.050244126468896866,0,201.41494224824956,,138,control
4345,642.0,7511.0,508.0,7627.0,0.06319041550159454,0,177.49642869920174,,138,control
4346,640.0,7375.0,751.0,7415.0,0.05579615756869316,0,116.00515332505925,,138,check
4347,474.0,7392.0,475.0,7391.0,0.05915209278464317,1,2.014056262843066,,138,control
4348,505.0,7480.0,696.5026264526882,7411.401215789355,0.06025885418057442,0,202.08453632346107,1.6083038974451451,138,check
4349,457.0,7423.0,478.0,7476.0,0.05143645033240318,0,55.659078173356555,,138,control
4350,575.0,7433.0,660.6822319359852,7466.471365424209,0.0557226799428463,0,90.19189303412931,6.2356029630618135,138,control
4351,483.0,7466.0,346.0,7528.0,0.05620848760008812,0,150.54079618230597,,138,control
4352,541.0,7470.0,586.0,7497.0,0.0559159554541111,0,50.808499645554136,,138,control
4353,604.0,7421.0,310.0,7427.0,0.08159013092517853,0,294.60820143405994,,138,control
4354,612.0,7410.0,314.0,7346.0,0.05038715526461601,0,305.5848210437677,,138,control
4355,454.0,7586.0,705.0,7416.0,0.05459722876548767,0,302.1534423466152,,138,check
4356,544.0,7555.0,774.0,7519.0,0.0690593272447586,0,230.97184448312976,,138,control
4357,522.0,7379.0,735.0,7410.0,0.05646710470318794,0,213.3539337893965,,138,check
4358,496.0,7396.0,727.0,7315.0,0.0635465681552887,0,243.378278534218,,138,control
4359,508.0,7468.0,700.9117413511902,7272.710853289543,0.07850193977355957,0,273.86494035327956,2.2260772666074713,138,check
4360,603.0,7476.0,353.0,7303.0,0.05193166434764862,0,305.2015527895353,,138,control
4361,467.0,7511.0,602.0,7518.0,0.05510823801159859,0,133.6815235632905,,138,control
4362,514.0,7431.0,427.0,7663.0,0.050770096480846405,0,247.07713005809484,,138,control
4363,483.0,7385.0,735.0,7410.0,0.052895013242959976,0,251.36949303676954,,138,check
4364,643.0,7431.0,351.0,7428.0,0.07025137543678284,0,292.71924589327574,,138,control
4365,616.0,7539.0,372.0,7727.0,0.060490965843200684,0,307.9802411769741,,138,control
4366,537.0,7422.0,510.0,7560.0,0.05180608481168747,0,139.86504642763168,,138,control
4367,537.0,7422.0,435.0,7640.0,0.09450919181108475,0,240.10991903598133,,138,control
4368,584.0,7584.0,734.0,7383.0,0.05461485683917999,0,250.30623144499512,,138,control
4369,459.0,7394.0,454.0,7714.0,0.0826280489563942,0,318.9532163578392,,138,control
4370,648.0,7407.0,396.0,7365.0,0.054948773235082626,0,256.4451099101839,,138,control
4371,596.0,7539.0,355.0,7714.0,0.055643100291490555,0,297.7777302473648,,138,control
4372,525.0,7395.0,538.0,7395.0,0.05559242516756058,0,11.813422400795458,,138,control
4373,524.0,7413.0,421.35411745622287,7628.577433626029,0.061081238090991974,0,238.1729490304854,2.0251694820984416,138,control
4374,517.0,7417.0,407.0,7632.0,0.06126624718308449,0,240.91637087562566,,138,control
4375,571.0,7483.0,701.0,7295.0,0.05277814716100693,0,228.23286493243697,,138,control
4376,571.0,7483.0,339.0,7542.0,0.0819973424077034,0,239.7682195083915,,138,control
4377,802.0,7392.0,748.0043763942335,7373.237831660901,0.08745568245649338,0,59.11920816339816,1.6474135159475485,139,check
4378,820.0,7378.0,654.1863661511783,7421.048169639124,0.06076647341251373,0,172.63383259870432,1.046729082311157,139,control
4379,715.0,7518.0,622.0,7641.0,0.11645496636629105,0,154.43989768105968,,139,control
4380,675.0,7529.0,575.0,7675.0,0.055648937821388245,0,176.99505265134866,,139,check
4381,844.0,7373.0,617.0,7431.0,0.05123252421617508,0,235.50645417306478,,139,control
4382,735.0,7490.0,825.0,7721.0,0.06856600195169449,0,246.49454868605235,,139,control
4383,732.0,7524.0,765.2130835368558,7554.3717352495305,0.08237312734127045,0,43.09441711489405,0.6815571217320995,139,control
4384,723.0,7441.0,678.0,7440.0,0.062189362943172455,0,46.685087407629794,,139,control
4385,706.0,7418.0,705.0,7416.0,0.05295032262802124,0,3.8704164764656337,,139,check
4386,818.0,7578.0,787.0,7602.0,0.06480128318071365,0,40.42401942425578,,139,check
4387,704.0,7570.0,752.0,7370.0,0.10328784584999084,0,205.92888878621648,,139,control
4388,752.0,7575.0,538.923278903424,7606.251491339772,0.057691656053066254,0,216.50971973943055,1.0484844453029942,139,control
4389,742.0,7371.0,752.0,7370.0,0.06820495426654816,0,8.33222032700413,,139,check
4390,735.0,7463.0,789.0380423391393,7675.869005494405,0.051370687782764435,0,218.43259989133392,0.6588707992658389,139,control
4391,724.0,7393.0,846.0,7442.0,0.07999872416257858,0,129.26223678703616,,139,control
4392,693.0,7518.0,590.0,7651.0,0.09221082925796509,0,168.39218914848544,,139,control
4393,660.0,7402.0,527.0,7707.0,0.07227315753698349,0,332.33052343677934,,139,check
4394,828.0,7443.0,740.0,7651.0,0.062420476227998734,0,225.9029319359228,,139,control
4395,786.0,7447.0,656.1000115067362,7422.509953127135,0.07969372719526291,0,133.89227900087187,0.6623645825149592,139,control
4396,780.0,7559.0,569.0,7686.0,0.05135253071784973,0,246.999936693329,,139,control
4397,824.0,7427.0,743.0,7289.0,0.06630220264196396,0,161.51150662477647,,139,control
4398,694.0,7405.0,745.0,7614.0,0.05523410439491272,0,213.95929241697758,,139,control
4399,694.0,7378.0,791.0453116929147,7471.717981994833,0.06130727380514145,0,133.01775986329486,5.02392005237832,139,control
4400,746.0,7440.0,805.0,7646.0,0.05171292647719383,0,213.05359972945857,,139,control
4401,793.0,7453.0,617.0,7431.0,0.052968453615903854,0,178.93489558367258,,139,control
4402,752.0,7431.0,675.0,7378.0,0.056656621396541595,0,95.2529174645699,,139,control
4403,774.0,7425.0,771.8500128193674,7635.83009383108,0.05578288435935974,0,210.1498978637778,1.1748151763100383,139,control
4404,717.0,7416.0,784.0,7623.0,0.0794655829668045,0,216.28434774206093,,139,control
4405,795.0,7500.0,808.6617664525673,7683.046539389376,0.06585770100355148,0,182.72269890318975,5.352259037414195,139,control
4406,815.0,7540.0,700.0,7369.0,0.06963562220335007,0,207.63864364613494,,139,control
4407,725.0,7566.0,812.0,7363.0,0.05824130028486252,0,220.64221229939946,,139,control
4408,49.0,7690.0,40.931871753957104,7845.281502798667,0.10495185852050781,0,153.87982386098838,3.240351810621516,140,control
4409,70.0,7803.0,60.0,7836.0,0.12402686476707458,0,32.964889460329424,,140,control
4410,124.0,7773.0,83.16716708824566,7864.743280343053,0.12949271500110626,0,99.02133781807795,7.393430838749521,140,control
4411,181.0,7796.0,82.0,7542.0,0.10824082046747208,0,273.9897561081221,,140,control
4412,87.0,7762.0,94.0,7768.0,0.13676327466964722,0,8.247836462376277,,140,control
4413,50.0,7718.0,62.0,7554.0,0.12049691379070282,0,165.96758943312938,,140,control
4414,81.0,7694.0,60.0,7836.0,0.11407667398452759,0,141.97439137780285,,140,control
4415,68.0,7697.0,60.0,7836.0,0.1278042495250702,0,137.64602110077263,,140,check
4416,41.0,7656.0,81.99178177043717,7547.6813989100465,0.1452418863773346,0,117.23869401235406,4.118415079848371,140,control
4417,354.0,7771.0,214.0,7673.0,0.10123953968286514,0,171.99495634070206,,141,control
4418,284.0,7785.0,244.0,7732.0,0.09566282480955124,0,67.77689010942434,,141,check
4419,395.0,7757.0,241.2046094628743,7664.657343465839,0.09435615688562393,0,180.4737797026062,1.8754586897960763,141,control
4420,312.0,7760.0,179.0,7665.0,0.08729507774114609,0,164.4933077659544,,141,control
4421,415.0,7674.0,83.0,7774.0,0.08718715608119965,0,346.3256656701937,,141,control
4422,338.0,7767.0,86.12843025612968,7546.944290473469,0.08405523747205734,0,335.4164561360809,1.3522168102873482,141,control
4423,374.0,7687.0,385.0,7692.0,0.08328608423471451,0,10.808249928194417,,141,control
4424,424.0,7782.0,528.0,7869.0,0.08124565333127975,0,133.86213787678014,,141,control
4425,359.0,7789.0,101.0,7539.0,0.08017874509096146,0,360.2844769748836,,141,control
4426,338.0,7767.0,92.0,7511.0,0.07882285863161087,0,356.0825891066435,,141,check
4427,383.0,7680.0,385.0,7692.0,0.0787229835987091,0,10.876515103082092,,141,check
4428,433.0,7656.0,540.0,7918.0,0.07680503278970718,0,281.49834111331666,,141,control
4429,365.0,7628.0,482.2606137758926,7689.570334700747,0.07512494921684265,0,130.90834130510592,0.9765164699663694,141,check
4430,404.0,7721.0,408.32156974023,7739.0104900207725,0.07376731187105179,0,17.176463138737006,5.040559199285723,141,control
4431,345.0,7740.0,531.0,7887.0,0.07275421172380447,0,235.3329247556315,,141,check
4432,350.0,7721.0,269.1541577679541,7731.757576891303,0.07250010967254639,0,81.95609364723138,1.7216091677590653,141,control
4433,336.0,7803.0,107.07222176112396,7766.326666364092,0.07046391069889069,0,232.19435204169037,2.3134106865836137,141,check
4434,361.0,7667.0,307.0,7611.0,0.07000792771577835,0,79.1357096054805,,141,control
4435,340.0,7623.0,301.6203514236734,7581.110487118841,0.0699123963713646,0,58.146419964594436,2.6013088719841906,141,control
4436,350.0,7757.0,220.26083062292076,7659.314977479125,0.06949601322412491,0,163.5408190077101,1.4833208409901126,141,check
4437,394.0,7702.0,395.0,7710.0,0.06861760467290878,0,6.827879302072935,,141,control
4438,313.0,7628.0,540.0,7729.0,0.0685378909111023,0,246.8059321873985,,141,control
4439,371.0,7598.0,279.1563989372371,7606.633243955283,0.06761288642883301,0,92.68252738643828,3.6054883331573975,141,control
4440,425.0,7638.0,491.0,7712.0,0.06530124694108963,0,97.56084133491932,,141,control
4441,386.0,7772.0,523.3067704009374,7930.633945505734,0.06523966789245605,0,208.08972782251467,2.1625464596353527,141,control
4442,341.0,7643.0,359.0,7484.0,0.06411922723054886,0,161.09512987983103,,141,control
4443,413.0,7721.0,199.0,7700.0,0.06350862979888916,0,215.5150418842563,,141,control
4444,393.0,7691.0,385.0,7692.0,0.06315755099058151,0,8.891013708080585,,141,control
4445,359.0,7653.0,282.0,7477.0,0.06289859116077423,0,193.45931602201168,,141,control
4446,292.0,7627.0,418.0,7745.0,0.06274573504924774,0,171.10441332421533,,141,control
4447,345.0,7740.0,438.0,7491.0,0.060610849410295486,0,266.4742554882285,,141,control
4448,374.0,7640.0,407.0,7632.0,0.0597485713660717,0,33.346936103170776,,141,control
4449,380.0,7705.0,139.0,7716.0,0.057476211339235306,0,241.3668332267711,,141,check
4450,398.0,7651.0,341.172358293343,7597.291190466267,0.05706702917814255,0,79.552120240498,3.0759236571957147,141,control
4451,277.0,7799.0,177.0,7866.0,0.05600184574723244,0,119.85541180301428,,141,control
4452,392.0,7781.0,130.0,7521.0,0.05593995749950409,0,370.18351596305627,,141,control
4453,250.0,7801.0,301.0,7690.0,0.055520135909318924,0,123.05287276896303,,141,control
4454,386.0,7772.0,265.0,7657.0,0.05436110496520996,0,168.21637632671428,,141,control
4455,303.0,7708.0,510.79051866496764,7557.479964208887,0.054312434047460556,0,256.19816372874106,1.0278652350797985,141,control
4456,359.0,7653.0,307.0,7599.0,0.0542873814702034,0,76.30314457628118,,141,control
4457,422.0,7736.0,425.7160947319512,7752.928778696174,0.05392376706004143,0,16.00956819739077,2.075846209842642,141,control
4458,305.0,7602.0,354.0,7868.0,0.05383827164769173,0,269.08741920022436,,141,control
4459,274.0,7753.0,312.4542809434481,7711.56750560007,0.053568676114082336,0,57.008137153151445,6.584213879301115,141,check
4460,371.0,7656.0,305.4369157678196,7597.468459755211,0.05333162471652031,0,89.18766233876757,1.9880822521292012,141,control
4461,383.0,7680.0,196.0,7590.0,0.05326351150870323,0,208.3993541868795,,141,control
4462,359.0,7736.0,280.59267512049905,7746.081203563101,0.053215038031339645,0,79.49667440188149,0.8190673819427096,141,control
4463,323.0,7622.0,153.0,7716.0,0.05277787894010544,0,193.7511709706994,,141,control
4464,614.0,7723.0,303.0,7743.0,0.054060474038124084,0,312.2299757507556,,142,control
4465,514.0,7706.0,516.9708703834002,7701.379579970727,0.0802740752696991,0,5.897984356814909,1.5453699144934567,142,control
4466,545.0,7725.0,420.4468437778829,7726.188397872851,0.0675838440656662,0,125.55900964626431,2.3261218227643274,142,control
4467,484.0,7689.0,737.9982416436007,7754.709183696483,0.050387851893901825,0,260.2799545606414,1.6214393513516139,142,control
4468,640.0,7774.0,331.0,7936.0,0.06560169905424118,0,349.0233672902434,,142,control
4469,644.0,7698.0,333.0,7725.0,0.10040968656539917,0,312.8114349981904,,142,check
4470,501.0,7696.0,448.3878308950314,7602.358644599191,0.05019650235772133,0,108.86849794912548,0.5904215354503696,142,control
4471,592.0,7626.0,586.0,7679.0,0.06501881033182144,0,52.588438589636525,,142,control
4472,485.0,7760.0,499.0,7707.0,0.058164793998003006,0,55.53998134227095,,142,control
4473,574.0,7652.0,310.59448730332144,7800.54206195823,0.052347294986248016,0,302.3935879118512,3.6994170147450007,142,check
4474,521.0,7701.0,438.0,7614.0,0.09418308734893799,0,121.73977415635557,,142,control
4475,566.0,7797.0,438.0,7491.0,0.05080118402838707,0,333.0603594039641,,142,check
4476,455.0,7772.0,475.0,7760.0,0.07666720449924469,0,22.92631202850115,,142,control
4477,647.0,7728.0,558.6909757647389,7887.450377526377,0.06771215051412582,0,182.10079268317452,1.284684741237366,142,control
4478,574.0,7781.0,403.9798178550742,7599.529868739068,0.0567375086247921,0,250.12630519162542,3.42635034055211,142,control
4479,567.0,7659.0,550.0,7800.0,0.08529466390609741,0,141.1938152681891,,142,control
4480,640.0,7609.0,764.0,7870.0,0.05786823853850365,0,287.37267214180457,,142,check
4481,436.0,7684.0,452.92535759503073,7701.75864364486,0.0741385966539383,0,22.980241285557522,2.3714745546207747,142,control
4482,602.0,7751.0,373.0,7892.0,0.06851490586996078,0,269.0758187616274,,142,control
4483,527.0,7708.0,765.0,7744.0,0.06821809709072113,0,238.5974387708806,,142,check
4484,444.0,7715.0,444.0,7715.0,0.0644497349858284,1,1.547067887660686,,142,control
4485,561.0,7780.0,404.0,7600.0,0.05617814511060715,0,240.30597687385193,,142,control
4486,521.0,7771.0,422.0,7490.0,0.08658982068300247,0,299.2692551701594,,142,control
4487,570.0,7667.0,438.0,7919.0,0.05185287818312645,0,283.9740551389568,,142,check
4488,515.0,7626.0,420.31687201238213,7526.697933874245,0.05847178399562836,0,138.64864094559456,2.8812520001974886,142,control
4489,505.0,7689.0,537.0,7849.0,0.05818142369389534,0,161.8825290674677,,142,control
4490,589.0,7723.0,354.0,7868.0,0.05084520950913429,0,276.21670060954915,,142,control
4491,578.0,7633.0,389.0,7823.0,0.052675824612379074,0,267.816241518853,,142,control
4492,449.0,7597.0,775.4587391175177,7547.859315708503,0.08197683840990067,0,328.2872070533193,1.2637615596697132,142,control
4493,491.0,7645.0,648.0,7874.0,0.07545525580644608,0,275.9216786828595,,142,control
4494,456.0,7740.0,475.0,7760.0,0.05011718347668648,0,25.98438591135331,,142,control
4495,476.0,7625.0,450.0,7482.0,0.050972431898117065,0,146.56980204719883,,142,control
4496,466.0,7625.0,606.0,7688.0,0.06188762187957764,0,151.7439443230288,,142,check
4497,552.0,7740.0,338.0,7895.0,0.05309739708900452,0,264.1630938018019,,142,control
4498,447.0,7703.0,585.103889173196,7710.231867995569,0.06155065447092056,0,136.76661429493564,1.1889541126096879,142,control
4499,709.0,7746.0,653.0,7907.0,0.056184444576501846,0,170.18464493175222,,143,control
4500,709.0,7746.0,712.6761378873953,7935.747717371736,0.06251037865877151,0,188.90374417332657,2.9899831472455083,143,control
4501,753.0,7757.0,748.1360485211818,7754.307949191802,0.06961037218570709,0,7.666909024964664,4.161200140145038,143,control
4502,725.0,7796.0,803.8882736304595,7686.389270167913,0.06329335272312164,0,134.39415019732624,1.5318638964667548,143,control
4503,822.0,7670.0,533.2492377029283,7814.539822925355,0.06542787700891495,0,323.67191103020843,1.9799706529939731,143,check
4504,737.0,7777.0,600.0,7498.0,0.05491521954536438,0,312.25960557964294,,143,check
4505,784.0,7598.0,728.7170182776572,7747.318383477883,0.058882392942905426,0,159.15750485466336,6.473406446264283,143,control
4506,765.0,7657.0,571.0,7925.0,0.061100248247385025,0,330.9236409473923,,143,control
4507,820.0,7764.0,618.9983714602685,7882.119285211548,0.06118077039718628,0,234.08294934467037,2.252339032334611,143,check
4508,740.0,7692.0,592.9431745435976,7557.756925350826,0.05032742768526077,0,200.7987568032635,2.5968036294053336,143,control
4509,713.0,7609.0,600.1610107167204,7719.35070097467,0.052409540861845016,0,158.27623071351263,2.836424260276275,143,control
4510,704.0,7662.0,814.0,7836.0,0.06996508687734604,0,204.0811877445298,,143,control
4511,814.0,7738.0,530.0,7729.0,0.0530032254755497,0,285.50330284267676,,143,check
4512,783.0,7641.0,766.0,7910.0,0.06620069593191147,0,268.8933351171034,,143,control
4513,786.0,7664.0,532.0,7858.0,0.06950560212135315,0,320.08086817933446,,143,control
4514,659.0,7632.0,802.0,7464.0,0.05984530225396156,0,219.81271725503163,,143,control
4515,775.0,7672.0,800.7699428217828,7842.030083790611,0.05010420083999634,0,170.93754232002263,2.486674942762022,143,control
4516,808.0,7629.0,724.0,7770.0,0.051583804190158844,0,164.42450570576287,,143,control
4517,833.0,7672.0,784.0,7623.0,0.06477946043014526,0,71.23638131558371,,143,control
4518,654.0,7771.0,628.0,7789.0,0.054220154881477356,0,32.489110964203356,,143,control
4519,809.0,7693.0,730.0,7750.0,0.053666919469833374,0,98.52570148351278,,143,control
4520,831.0,7727.0,728.0,7725.0,0.06146714463829994,0,104.9422397300095,,143,control
4521,725.0,7618.0,724.0,7770.0,0.058280784636735916,0,151.22360577804875,,143,control
4522,39.0,7897.0,39.0,7912.0,0.2435469776391983,0,13.373722531175401,,144,control
4523,118.0,7900.0,60.0,7859.0,0.15188844501972198,0,71.95968425578168,,144,check
4524,141.0,7816.0,183.0,7721.0,0.09746025502681732,0,105.04736150569313,,144,control
4525,55.0,7922.0,54.0,7921.0,0.09387548267841339,1,2.7985686158400056,,144,control
4526,55.0,7922.0,79.0,7947.0,0.09326524287462234,0,33.46353854942992,,144,control
4527,81.0,7866.0,34.0,7861.0,0.0906420648097992,0,47.391284076757124,,144,control
4528,39.0,7864.0,36.0,7986.0,0.08281669020652771,0,120.39169391842118,,144,control
4529,34.0,7819.0,38.0,7970.0,0.08219342678785324,0,149.41455729137263,,144,control
4530,178.0,7958.0,53.0,7947.0,0.08166320621967316,0,125.64972582467568,,144,check
4531,56.0,7945.0,53.0,7947.0,0.07938946783542633,0,3.0387970427578312,,144,control
4532,139.0,7970.0,236.84405221304485,8097.851582045409,0.0788721814751625,0,159.4848156731293,1.6480334812654123,144,control
4533,102.0,7872.0,41.0,7839.0,0.07796941697597504,0,70.08053060660941,,144,control
4534,61.0,7980.0,57.609819739910485,7975.219518225728,0.07653900980949402,0,7.259325241528378,0.49027327728368525,144,control
4535,35.0,7846.0,38.0,7970.0,0.07596207410097122,0,122.39773011722465,,144,control
4536,204.0,7834.0,303.7211101678136,7977.981024576594,0.07539288699626923,0,173.61324672167336,4.793249073284465,144,control
4537,110.0,7837.0,60.0,7836.0,0.07288350909948349,0,50.05985827185378,,144,control
4538,180.0,7896.0,126.0,7719.0,0.07280022650957108,0,186.51656820731984,,144,check
4539,129.0,7831.0,113.0,7722.0,0.0705089271068573,0,111.66866653792013,,144,control
4540,70.0,7885.0,64.25320356533359,7882.216774845393,0.06995896250009537,0,7.240408121786204,2.4914883374122567,144,control
4541,142.0,7959.0,83.0,7774.0,0.06788267195224762,0,195.66561939125103,,144,control
4542,148.0,7855.0,61.0,7962.0,0.06752140820026398,0,136.68719816516432,,144,control
4543,70.0,7885.0,79.0,7864.0,0.0670287236571312,0,24.276462877668997,,144,control
4544,106.0,7917.0,102.0,7774.0,0.06696514785289764,0,144.5827062308242,,144,control
4545,93.0,7814.0,61.0,7962.0,0.06678471714258194,0,149.85478810075514,,144,control
4546,76.0,7982.0,76.0,8006.0,0.06612064689397812,0,22.397174335847804,,144,check
4547,106.0,7929.0,90.0,7965.0,0.06573484092950821,0,38.01337320759946,,144,control
4548,37.0,7969.0,38.0,7970.0,0.06502266973257065,1,1.2043793230358257,,144,control
4549,159.0,7878.0,141.0,7766.0,0.0649181380867958,0,114.92876561557938,,144,control
4550,57.0,7885.0,64.0,7995.0,0.06448779255151749,0,108.60697610551178,,144,control
4551,148.0,7838.0,141.0,7725.0,0.0643630251288414,0,114.69493143593468,,144,check
4552,69.0,7892.0,63.263640261290945,7888.807669459189,0.0643049106001854,0,7.487926029924531,2.708707808073765,144,control
4553,191.0,7969.0,74.0,7968.0,0.0632573589682579,0,117.11282340637376,,144,control
4554,58.0,7953.0,61.0,7962.0,0.06321917474269867,0,7.958196398818141,,144,check
4555,93.0,7814.0,60.0,7836.0,0.062070731073617935,0,38.79767681800142,,144,check
4556,156.0,7905.0,76.0,8006.0,0.06169828772544861,0,127.65752920647834,,144,control
4557,89.0,7872.0,41.0,7839.0,0.06141512095928192,0,59.12595201741476,,144,control
4558,144.0,7896.0,343.21695757771573,7908.7586153662305,0.06137171387672424,0,198.700009998499,0.5679881824398694,144,control
4559,35.0,7937.0,36.0,7986.0,0.060510311275720596,0,47.365806061792206,,144,control
4560,51.0,8000.0,60.98142785658421,8008.675600947414,0.058825768530368805,0,12.17272846036746,2.1990333773458848,144,control
4561,111.0,7975.0,272.0,8112.0,0.058290641754865646,0,209.94801562445997,,144,control
4562,39.0,7864.0,38.56386583910683,7848.6771195353995,0.05793360620737076,0,16.940629818263247,1.5703740516373688,144,control
4563,169.0,7954.0,53.0,7947.0,0.05771511793136597,0,116.33422188130666,,144,check
4564,148.0,7855.0,96.0,7809.0,0.05674559623003006,0,70.5203836848788,,144,control
4565,102.0,7821.0,61.0,7962.0,0.05509303882718086,0,145.30589163481025,,144,control
4566,345.0,7873.0,234.0,8108.0,0.05098101496696472,0,258.8538073778885,,145,control
4567,332.0,7879.0,216.0,8124.0,0.05501584708690643,0,269.99053662927577,,145,control
4568,221.0,7906.0,159.23705423361653,7816.9586797757775,0.05007294565439224,0,109.73007176069638,0.7122550959968191,145,control
4569,258.0,7819.0,162.02287879633604,7912.461122589872,0.053329404443502426,0,133.1652904000901,1.1716424932869385,145,control
4570,227.0,7942.0,216.40023283629603,8080.629958591196,0.060294706374406815,0,137.62564880237838,1.1761720754102554,145,control
4571,266.0,7959.0,260.0,7961.0,0.06120999529957771,0,6.654364038848021,,145,control
4572,303.0,7881.0,235.9122268709946,8096.980674250227,0.054168593138456345,0,224.97004491963298,1.7904103668040654,145,check
4573,416.0,7906.0,409.509002921091,8124.429494064212,0.05229491367936134,0,217.3211107527407,0.8739212099040577,145,control
4574,376.0,7824.0,244.0,7732.0,0.05150935798883438,0,162.07605603316978,,145,control
4575,301.0,7854.0,278.9804996830101,7955.419843210338,0.053208548575639725,0,102.60429451481465,3.3600057256508924,145,control
4576,300.0,7986.0,572.8016150250396,8093.890815962113,0.07554598152637482,0,291.4976671560934,0.5980239634681856,145,control
4577,314.0,7872.0,284.0,7893.0,0.06288658082485199,0,36.430764093831066,,145,control
4578,414.0,7874.0,405.0,8081.0,0.06466470658779144,0,206.00943795654206,,145,control
4579,235.0,7912.0,267.0,8031.0,0.058292776346206665,0,121.7134159756175,,145,control
4580,226.0,7972.0,308.0,8084.0,0.05737995356321335,0,137.2392972862273,,145,control
4581,392.0,7820.0,182.0,8029.0,0.06557070463895798,0,295.53385733089283,,145,control
4582,271.0,7833.0,250.96995000395438,7895.999977664995,0.054514072835445404,0,64.97566900513245,1.9754800627259148,145,control
4583,321.0,7835.0,102.0,7774.0,0.0718884989619255,0,227.83944669869055,,145,control
4584,259.0,7868.0,318.0,8110.0,0.05184672027826309,0,247.58066671117794,,145,check
4585,365.0,7827.0,112.0,7765.0,0.07159871608018875,0,260.96459228168055,,145,check
4586,340.0,8000.0,369.0,7971.0,0.0512128546833992,0,41.259933645131916,,145,control
4587,254.0,7891.0,301.0,8120.0,0.07010632753372192,0,232.27339964451141,,145,control
4588,283.0,7906.0,234.0,8108.0,0.05456671118736267,0,206.60200897222856,,145,check
4589,341.0,7948.0,170.7780174876413,8159.159131325418,0.055886927992105484,0,270.31785715046755,1.7509852459729742,145,control
4590,234.0,7890.0,355.0,7714.0,0.11834823340177536,0,214.13194981546644,,145,check
4591,319.0,7998.0,236.0,7969.0,0.07559038698673248,0,88.92006824171037,,145,control
4592,431.0,7810.0,472.0,8069.0,0.05280883237719536,0,260.882379892802,,145,control
4593,357.0,7911.0,326.0,8122.0,0.05745178461074829,0,212.07186855402847,,145,control
4594,444.0,7865.0,769.852229824154,8050.246236875534,0.05461609363555908,0,372.5579486157383,2.1436584024227647,146,control
4595,618.0,7947.0,355.0,8109.0,0.06809311360120773,0,309.0284352921292,,146,control
4596,644.0,7908.0,340.0,7858.0,0.09315834939479828,0,309.10163686717567,,146,control
4597,474.0,7957.0,352.0,8121.0,0.05120563879609108,0,203.92841309120152,,146,control
4598,438.0,7999.0,483.0,8151.0,0.07989639788866043,0,157.02648856419236,,146,control
4599,491.0,7948.0,668.0,7949.0,0.10501356422901154,0,175.1854837091816,,146,control
4600,491.0,7948.0,371.0,8110.0,0.08004207909107208,0,201.1776486889116,,146,check
4601,477.0,7964.0,474.0,7966.0,0.06750498712062836,0,4.340640872396942,,146,control
4602,582.0,7940.0,529.0,7947.0,0.052429478615522385,0,54.72970274728417,,146,control
4603,550.0,7893.0,370.0,7922.0,0.06300796568393707,0,183.04886229229945,,146,control
4604,557.0,7863.0,368.0,8084.0,0.050012532621622086,0,290.4680683740762,,146,control
4605,580.0,7962.0,329.0,8131.0,0.0555802658200264,0,302.5897879828389,,146,check
4606,599.0,8008.0,714.0,7737.0,0.07061868906021118,0,294.4127712768703,,146,control
4607,617.0,7885.0,538.5701952729464,7829.880392946357,0.07905735075473785,0,97.59225747503879,1.9506822812420648,146,control
4608,617.0,7885.0,353.04704471923236,8109.928778490532,0.0548984669148922,0,346.67528325232365,1.020252756260732,146,control
4609,545.0,7865.0,311.0,8145.0,0.05106120929121971,0,364.4065255723785,,146,check
4610,644.0,7848.0,378.6325929676645,8025.61111697218,0.05239512026309967,0,319.45388093226194,1.5106571654198617,146,control
4611,440.0,7831.0,352.0,8121.0,0.0776018500328064,0,302.0865769809372,,146,control
4612,605.0,7870.0,418.0,7745.0,0.07265429943799973,0,226.40851959876747,,146,control
4613,581.0,7997.0,493.0,7912.0,0.081614188849926,0,124.03972019368018,,146,check
4614,600.0,7887.0,554.9256563054842,7890.43831852289,0.08468563854694366,0,46.598417203712835,1.5757704559843404,146,control
4615,452.0,8013.0,459.0,7937.0,0.056986384093761444,0,77.36349653396765,,146,control
4616,452.0,8013.0,725.0614820228678,7962.425598607998,0.07800620794296265,0,275.90827736396227,1.979402622090744,146,control
4617,616.0,7988.0,325.8741798242596,8129.037191867914,0.057538606226444244,0,322.8016919667232,3.3968763838504183,146,control
4618,541.0,7903.0,668.0,7949.0,0.07481664419174194,0,133.05950968779615,,146,control
4619,475.0,7825.0,550.0,7915.0,0.0564265251159668,0,115.4265098875773,,146,control
4620,457.0,7835.0,326.3757888254321,8095.488170732416,0.06749008595943451,0,290.6076602899293,0.8715245573054282,146,check
4621,611.0,7846.0,393.3328101233459,7733.935927604903,0.06313774734735489,0,246.18811496758573,3.085688461047153,146,control
4622,450.0,7881.0,711.0,7751.0,0.05753538757562637,0,290.2817722991837,,146,control
4623,456.0,7955.0,331.0,7936.0,0.055658355355262756,0,127.44974647347024,,146,check
4624,589.0,7914.0,326.0,8122.0,0.07639811933040619,0,335.1740624550091,,146,control
4625,506.0,7953.0,329.0,8131.0,0.055004287511110306,0,250.71006437160707,,146,control
4626,564.0,7999.0,391.0,7782.0,0.09725745022296906,0,279.03982667207276,,146,control
4627,526.0,8007.0,329.09696973296576,7900.428691916682,0.052304740995168686,0,225.21554068776996,1.1534736228004387,146,control
4628,491.0,7914.0,729.0,7951.0,0.0524931363761425,0,238.76089766488968,,146,control
4629,636.0,7828.0,678.0,7878.0,0.05607937276363373,0,63.462207769640244,,146,check
4630,595.0,7824.0,386.0,7732.0,0.056827351450920105,0,229.66274710179613,,146,control
4631,760.0,7866.0,712.0,8140.0,0.09574520587921143,0,277.6469203106751,,147,control
4632,714.0,7895.0,728.2091267138916,7965.399758481667,0.05484369397163391,0,70.62349912126007,1.3718834691146602,147,control
4633,723.0,7957.0,717.1672858647972,7959.058900018257,0.06945617496967316,0,7.887848496251798,1.3601491088659223,147,control
4634,835.0,7874.0,576.0,8074.0,0.05008232221007347,0,327.8630320295001,,147,control
4635,682.0,7831.0,773.0,7966.0,0.07696293294429779,0,160.96876428663023,,147,control
4636,696.0,7871.0,729.0,7951.0,0.050989728420972824,0,85.01934459430302,,147,control
4637,722.0,7852.0,814.0,7836.0,0.06439631432294846,0,91.34336935090768,,147,control
4638,741.0,7942.0,558.7311500789793,7887.790491489609,0.05646106228232384,0,191.86162887727457,2.059134700279035,147,control
4639,815.0,7817.0,518.0,7871.0,0.06285609304904938,0,303.0060625817322,,147,control
4640,788.0,7816.0,564.2308740733453,7879.550555011507,0.07183729112148285,0,233.77409565787153,2.5858729780287573,147,control
4641,817.0,7987.0,746.0,8157.0,0.08283546566963196,0,184.2696868604819,,147,control
4642,670.0,7829.0,524.0,7739.0,0.06552847474813461,0,173.16942188327513,,147,control
4643,816.0,7994.0,814.0,7681.0,0.08501562476158142,0,313.7091150583364,,147,control
4644,811.0,7920.0,571.3789034231869,8092.799488890346,0.06609286367893219,0,296.10744288606315,1.1873106658896289,147,control
4645,726.0,8013.0,541.2329184751571,7824.481036289143,0.05491669476032257,0,265.6776248438818,2.6254907478110994,147,control
4646,831.0,7933.0,695.366536770124,7948.963234409848,0.08777420967817307,0,138.35327241409698,3.2730085013594175,147,control
4647,809.0,7901.0,820.0,8033.0,0.07216951996088028,0,131.54060820361826,,147,check
4648,688.0,7855.0,593.0,8067.0,0.052486442029476166,0,232.06208008348938,,147,check
4649,823.0,7840.0,627.7218014945302,7811.901006475796,0.08455785363912582,0,199.05024468383718,3.9009510830322953,147,control
4650,724.0,7982.0,747.3772484713779,8026.099312157904,0.053869713097810745,0,48.22785996274251,4.017106548045219,147,control
4651,806.0,7812.0,527.0,7910.0,0.06056182458996773,0,296.6717212103294,,147,control
4652,806.0,7812.0,578.0,7877.0,0.060622479766607285,0,238.28095610261477,,147,control
4653,758.0,7947.0,822.0,8129.0,0.06723237782716751,0,191.4384297837886,,147,control
4654,759.0,7882.0,694.0,8055.0,0.058540984988212585,0,184.65837096912188,,147,control
4655,804.0,7909.0,668.0,7995.0,0.08641709387302399,0,161.97824553705127,,147,check
4656,692.0,7992.0,531.0,7841.0,0.09073934704065323,0,222.44510703737583,,147,control
4657,836.0,7906.0,777.0,7946.0,0.09733530879020691,0,72.6318805322366,,147,check
4658,769.0,7830.0,565.0,7796.0,0.05957002937793732,0,208.4140175832268,,147,check
4659,148.0,8206.0,106.0,8279.0,0.05628207325935364,0,82.96559877969652,,148,control
4660,41.0,8025.0,42.0,8170.0,0.0808895081281662,0,143.32655490470557,,148,control
4661,40.0,8042.0,41.0,8042.0,0.1342267245054245,1,1.9222651026128885,,148,check
4662,77.0,8040.0,234.42226832542664,8220.69098043496,0.05540769547224045,0,238.11756407532943,0.6929860207979196,148,control
4663,140.0,8236.0,121.42547474472686,8328.292370396228,0.058845214545726776,0,92.63058447330174,1.0669446229083606,148,control
4664,42.0,8140.0,42.0,8170.0,0.06295955181121826,0,28.323597322199703,,148,control
4665,187.0,8225.0,264.0,8152.0,0.05024589225649834,0,106.57369223269784,,148,control
4666,116.0,8104.0,107.0,8012.0,0.05099248141050339,0,94.0193850538954,,148,control
4667,116.0,8104.0,81.0,8019.0,0.05651792883872986,0,93.45181139741514,,148,control
4668,107.0,8173.0,91.0,8284.0,0.05425775796175003,0,110.55779043017931,,148,control
4669,161.0,8047.0,156.0,8153.0,0.06471753120422363,0,104.5981046930986,,148,control
4670,165.0,8026.0,234.0,8130.0,0.05979960039258003,0,123.264032495064,,148,control
4671,60.0,8032.0,57.26015150190543,8029.109973208076,0.1521611362695694,0,5.315611444946852,1.159369964501467,148,control
4672,47.0,8203.0,66.0,8062.0,0.05247947946190834,0,143.87357553604502,,148,control
4673,47.0,8203.0,44.0,8195.0,0.06591558456420898,0,10.158287139148529,,148,control
4674,59.0,8042.0,57.320644110259735,8041.350324899259,0.11484123766422272,1,2.8708995848815224,0.7040594483861264,148,control
4675,41.0,8235.0,44.0,8208.0,0.07203017920255661,0,28.829584860826426,,148,control
4676,59.0,8076.0,142.0,8339.0,0.05247620865702629,0,274.1367378948629,,148,check
4677,59.0,8076.0,52.0,8313.0,0.06598100811243057,0,235.4139880905373,,148,control
4678,59.0,8076.0,61.0,8245.0,0.05695671588182449,0,167.3401268224489,,148,control
4679,59.0,8076.0,57.0,8077.0,0.05005018040537834,1,2.171983365582413,,148,check
4680,46.0,8214.0,49.0,8270.0,0.06751476228237152,0,54.38685609806995,,148,check
4681,41.0,8160.0,40.0,8035.0,0.06803479045629501,0,126.65476731890978,,148,check
4682,41.0,8160.0,42.0,8219.0,0.051517147570848465,0,57.320629490748,,148,control
4683,180.0,8234.0,91.89170485423293,8249.700835923562,0.053115688264369965,0,89.46407074906868,2.4052771767039927,148,control
4684,178.0,8100.0,136.0,8144.0,0.0576900877058506,0,59.9413406646811,,148,control
4685,49.0,8225.0,54.0,8333.0,0.06618431210517883,0,106.4134741651089,,148,control
4686,58.0,8024.0,57.0,8030.0,0.05525723472237587,0,4.496166161430447,,148,control
4687,112.0,8202.0,311.0,8145.0,0.056444380432367325,0,206.57085278036038,,148,control
4688,63.0,8108.0,329.0,7955.0,0.055713407695293427,0,306.799876556527,,148,check
4689,97.0,8042.0,106.0,8279.0,0.05831034108996391,0,235.5357981828085,,148,control
4690,275.0,8151.0,276.0,8152.0,0.0744825154542923,1,0.476239492087972,,149,control
4691,414.0,8028.0,117.01872774950448,8330.139552651226,0.05241357162594795,0,422.74628285000887,0.7095981675087251,149,control
4692,374.0,8174.0,367.35831174870117,8180.299596092183,0.06840809434652328,0,9.14968794483626,5.094788681616843,149,check
4693,263.0,8181.0,260.30889758485364,8180.149523434535,0.07581351697444916,0,4.0922664834593965,1.2967314948268829,149,check
4694,360.0,8171.0,359.0,8171.0,0.06427185982465744,1,2.3864321195293017,,149,check
4695,262.0,8237.0,143.0,8295.0,0.061216797679662704,0,132.06550495034318,,149,control
4696,262.0,8237.0,256.25337137712347,8234.746906072185,0.06323980540037155,0,7.446483218452159,5.430731209139535,149,control
4697,315.0,8200.0,216.0,8124.0,0.052238862961530685,0,126.14609080166163,,149,check
4698,295.0,8183.0,297.5790119256845,8186.089461996,0.06652776896953583,1,2.4493672761216727,0.6155186954269188,149,control
4699,226.0,8194.0,135.93253412499237,8129.786430138317,0.05462448671460152,0,111.79073479218025,1.3625379574915304,149,control
4700,226.0,8194.0,231.0,8192.0,0.06636663526296616,0,5.576784144971555,,149,check
4701,321.0,8079.0,326.2014489125522,8082.260462580181,0.055609285831451416,0,4.74681001164776,1.8036079788673214,149,check
4702,330.0,8093.0,328.3581671827285,8092.578924333405,0.07757636904716492,0,3.0658640060277347,0.7951311831750785,149,control
4703,307.0,8229.0,347.0,8245.0,0.0675063282251358,0,41.67610172635791,,149,control
4704,331.0,8132.0,329.71206346007796,8133.781216916787,0.07736817002296448,1,2.2278054245884213,3.1645127997941582,149,control
4705,287.0,8166.0,151.0,8119.0,0.06833477318286896,0,144.74785716277086,,149,control
4706,364.0,8190.0,345.0,8260.0,0.05979659780859947,0,71.50563706753425,,149,control
4707,364.0,8190.0,360.92095378645143,8189.170231836337,0.09217344969511032,0,4.613354054328758,1.265158427017039,149,control
4708,359.0,8155.0,363.0,8157.0,0.06967595964670181,0,3.078919631646979,,149,control
4709,370.0,8134.0,566.0,7915.0,0.062226954847574234,0,293.6606962402443,,149,control
4710,327.0,8225.0,272.0,8112.0,0.053887270390987396,0,127.24568628669597,,149,control
4711,343.0,8232.0,286.11344835574215,8124.727044487925,0.05595539137721062,0,123.0043270697654,1.5538050352224575,149,control
4712,375.0,8028.0,369.0,7971.0,0.07135380804538727,0,58.66972993255725,,149,control
4713,393.0,8147.0,302.0,8161.0,0.05504865199327469,0,92.68821008851664,,149,check
4714,230.0,8209.0,113.97427473575664,8297.54665150663,0.06936514377593994,0,145.2377165351522,0.8516257037231336,149,control
4715,319.0,8110.0,315.0,8158.0,0.05073825269937515,0,46.894455715016505,,149,control
4716,361.0,8183.0,406.0,7973.0,0.06253262609243393,0,215.73715638432685,,149,control
4717,366.0,8036.0,315.0,7957.0,0.05404089391231537,0,95.56358658149891,,149,control
4718,396.0,8112.0,405.0,8113.0,0.05601968616247177,0,7.89646598491269,,149,control
4719,423.0,8048.0,313.0,8264.0,0.058660198003053665,0,241.57496093685114,,149,control
4720,423.0,8048.0,130.0,8013.0,0.05408657714724541,0,295.5327827867358,,149,control
4721,307.0,8106.0,309.0,8111.0,0.061225526034832,0,3.8291513906409045,,149,control
4722,401.0,8158.0,479.0,8162.0,0.06816261261701584,0,76.70985522729615,,149,control
4723,241.0,8215.0,236.0,8182.0,0.053982213139534,0,34.91297005656225,,149,control
4724,280.0,8033.0,490.0,8070.0,0.05443757399916649,0,211.71974141342096,,149,control
4725,389.0,8074.0,471.0,7930.0,0.0637236088514328,0,166.0916651177844,,149,control
4726,424.0,8158.0,290.0,8125.0,0.05323222279548645,0,139.09141618694215,,149,control
4727,343.0,8173.0,342.0,8172.0,0.09216509759426117,0,3.035253478887212,,149,control
4728,601.0,8086.0,573.0,8340.0,0.05438201501965523,0,254.63865914042466,,150,control
4729,611.0,8082.0,452.0,8073.0,0.0584089495241642,0,160.5528468930421,,150,control
4730,608.0,8094.0,459.0,7937.0,0.062175169587135315,0,218.1047035043217,,150,control
4731,522.0,8100.0,573.0,8340.0,0.06699065119028091,0,243.93926892966618,,150,control
4732,512.0,8113.0,376.0,8150.0,0.07065095752477646,0,141.61391404004968,,150,control
4733,509.0,8060.0,379.10724965724927,8156.583937143548,0.0566977933049202,0,161.94949356165773,3.9263993833984445,150,control
4734,641.0,8200.0,583.9555997306794,8306.837698810843,0.05685577914118767,0,120.98155092358267,1.0211014140930352,150,check
4735,443.0,8042.0,500.0,8268.0,0.05782036483287811,0,231.59519418370897,,150,control
4736,453.0,8139.0,462.0,8140.0,0.05191982910037041,0,7.717886377402675,,150,control
4737,444.0,8067.0,425.1917868683445,8310.380732444626,0.06804559379816055,0,242.94707517348917,3.0275724179967733,150,control
4738,444.0,8067.0,352.0,8121.0,0.06473871320486069,0,106.85115693215445,,150,control
4739,443.0,8209.0,442.0,8216.0,0.06964468210935593,0,6.201083572903662,,150,check
4740,539.0,8128.0,774.0,8368.0,0.05306382104754448,0,333.67606796628246,,150,control
4741,618.0,8096.0,459.0,7937.0,0.05694738030433655,0,226.51758365722523,,150,check
4742,521.0,8136.0,334.0,8249.0,0.05714835599064827,0,218.6097670642701,,150,control
4743,532.0,8111.0,370.1910902911036,8174.180187729642,0.053649622946977615,0,174.19967794611867,1.1801225608466954,150,control
4744,498.0,8105.0,499.4370719965646,8167.698023214266,0.08229023963212967,0,61.55120059277698,1.6537231728533655,150,control
4745,458.0,8202.0,482.0,8330.0,0.051807112991809845,0,128.79496335714708,,150,control
4746,441.0,8118.0,494.9622442492021,8175.976745407589,0.057324428111314774,0,77.40952634646423,3.3793569913696606,150,check
4747,618.0,8164.0,436.0,8244.0,0.051698170602321625,0,199.45794410184556,,150,control
4748,437.0,8160.0,601.0,8208.0,0.052679479122161865,0,168.94174190249996,,150,control
4749,650.0,8198.0,601.230598608709,8307.680339601491,0.0820208266377449,0,119.79780211734482,2.364024894955128,150,check
4750,634.0,8162.0,677.0,8352.0,0.08705124258995056,0,193.41712243160885,,150,control
4751,532.0,8093.0,372.6753536571374,8152.798221533024,0.05500907823443413,0,170.69297554575658,1.3191462165091499,150,control
4752,472.0,8172.0,472.0,8191.0,0.05366227403283119,0,17.866376210691495,,150,control
4753,642.0,8074.0,772.1903308479984,7910.104625770872,0.05086223781108856,0,208.62214688907068,5.285035767728649,150,control
4754,474.0,8158.0,480.83210937950724,8159.0306270700985,0.085541270673275,0,5.4871679687001365,2.1739707874940737,150,control
4755,615.0,8033.0,575.8157183300201,8343.272901690043,0.05566954240202904,0,311.86866062337737,2.6671100750887544,150,control
4756,506.0,8094.0,394.0,8280.0,0.05762791261076927,0,216.6040311438609,,150,control
4757,539.0,8158.0,344.8963846665156,8143.692819350399,0.0520000159740448,0,195.67182272305638,4.509658782209666,150,check
4758,478.0,8136.0,301.5441723802456,7921.486811711128,0.06543534249067307,0,279.2516641245963,1.6806403945438426,150,control
4759,855.0,8167.0,860.0,8344.0,0.1099410429596901,0,176.2510010697807,,151,control
4760,763.0,8169.0,607.0,8292.0,0.06957894563674927,0,199.40509045400375,,151,control
4761,802.0,8192.0,582.010874721859,8294.710678434822,0.0644267350435257,0,243.8702515623465,3.02692805549687,151,control
4762,722.0,8053.0,552.4112120447411,8372.670718733265,0.05682079493999481,0,361.64575626062896,0.7234241488529013,151,control
4763,703.0,8182.0,541.0,8167.0,0.05376777797937393,0,164.31618520190116,,151,control
4764,741.0,8237.0,704.0,8192.0,0.05339588224887848,0,60.250686186814704,,151,check
4765,656.0,8181.0,607.0,8292.0,0.059599559754133224,0,121.1057087555152,,151,control
4766,713.0,8091.0,814.0,8332.0,0.05401897802948952,0,259.6389417140782,,151,control
4767,852.0,8052.0,860.0,8344.0,0.09440431743860245,0,291.2850765130687,,151,control
4768,655.0,8188.0,607.0,8292.0,0.05353536456823349,0,114.3491830082331,,151,control
4769,704.0,8116.0,658.5609427582987,8158.030424348031,0.06946536898612976,0,62.64586749205959,3.052494752767912,151,control
4770,691.0,8154.0,622.0715963829426,8193.410650532536,0.057084694504737854,0,80.45653498389754,2.6521644638373485,151,control
4771,748.0,8118.0,564.0,8321.0,0.05853228271007538,0,274.2779904843848,,151,control
4772,769.0,8152.0,599.0,8142.0,0.052619561553001404,0,172.0395760142298,,151,control
4773,664.0,8182.0,600.0,8326.0,0.05759306997060776,0,157.33741089664346,,151,control
4774,820.0,8059.0,573.0,8340.0,0.06887103617191315,0,374.4189587416843,,151,check
4775,827.0,8124.0,766.0,7910.0,0.0703987404704094,0,223.85812210924428,,151,control
4776,827.0,8124.0,648.0,8295.0,0.05511527508497238,0,248.23316442922163,,151,control
4777,711.0,8083.0,677.7097921695286,7937.869999504965,0.0525350458920002,0,150.18892126424382,1.3269042318541344,151,control
4778,854.0,8183.0,860.0,8344.0,0.16825436055660248,0,160.27129183899686,,151,control
4779,844.0,8192.0,704.0,8212.0,0.10351413488388062,0,143.2956071243478,,151,control
4780,854.0,8107.0,746.0,8171.0,0.1061083972454071,0,126.94213583181757,,151,check
4781,854.0,8107.0,558.0,8097.0,0.08730121701955795,0,297.7545016511418,,151,control
4782,716.0,8040.0,538.0,8190.0,0.05851227417588234,0,233.23510349517178,,151,check
4783,716.0,8040.0,582.0,8273.0,0.05488429591059685,0,268.701834559814,,151,control
4784,790.0,8226.0,598.8383169541243,8326.789331981992,0.0827881321310997,0,217.168104053924,2.01664937420222,151,check
4785,666.0,8064.0,677.0,8306.0,0.05180852860212326,0,241.19869409683974,,151,control
4786,737.0,8039.0,851.0,8371.0,0.05184331163764,0,349.4783929314001,,151,control
4787,757.0,8031.0,611.7786095782961,7902.029594333154,0.07750976085662842,0,196.08247281782465,1.2051485602904801,151,control
4788,40.0,8431.0,42.0,8219.0,0.1067328080534935,0,213.69524037848527,,152,control
4789,50.0,8370.0,54.673467025406076,8379.161778126372,0.10246619582176208,0,8.70403043939866,2.6735750923208856,152,control
4790,43.0,8356.0,44.0,8208.0,0.11683093756437302,0,149.68484813050844,,152,control
4791,42.0,8397.0,42.0,8219.0,0.11139661818742752,0,179.6866852109569,,152,control
4792,226.0,8424.0,216.01209798028674,8518.311076298192,0.06272770464420319,0,93.37812417431088,0.7827886120046431,153,check
4793,226.0,8424.0,262.48230182605397,8553.48097310945,0.06037672609090805,0,132.8456857645007,2.091056874219048,153,control
4794,372.0,8324.0,350.0,8544.0,0.06876744329929352,0,219.82024809405857,,153,control
4795,433.0,8425.0,209.0,8457.0,0.05504531040787697,0,226.7194568524163,,153,control
4796,433.0,8425.0,265.0,8534.0,0.05199284479022026,0,200.17573752747523,,153,control
4797,345.0,8451.0,232.0,8540.0,0.0518990233540535,0,143.50060737345547,,153,control
4798,340.0,8280.0,297.1277680484112,8184.528740718478,0.054884448647499084,0,106.25405565812494,1.1804746543399958,153,control
4799,340.0,8280.0,287.0,8168.0,0.06234633922576904,0,125.50099802119306,,153,control
4800,340.0,8308.0,268.0,8517.0,0.07094653695821762,0,219.93208334015407,,153,control
4801,381.0,8305.0,261.0,8554.0,0.0657232329249382,0,275.4275025501061,,153,check
4802,419.0,8408.0,442.9587575740809,8401.54960949628,0.06609948724508286,0,23.908634959296574,1.2535926972701454,153,control
4803,323.0,8240.0,310.0,8414.0,0.07554838061332703,0,173.14519504157707,,153,control
4804,283.0,8307.0,309.0,8550.0,0.0636281743645668,0,242.8444880491547,,153,control
4805,399.0,8438.0,166.0,8528.0,0.09005312621593475,0,249.7320302558461,,153,control
4806,317.0,8259.0,264.0,8152.0,0.051928482949733734,0,120.9906478815056,,153,control
4807,332.0,8436.0,129.0,8237.0,0.10133001953363419,0,285.63301648172916,,153,control
4808,331.0,8260.0,276.0,8152.0,0.050857171416282654,0,122.78551342119664,,153,check
4809,402.0,8245.0,304.51727706134125,8231.188697585583,0.05699574574828148,0,99.50817391824654,0.8545747637860377,153,control
4810,308.0,8316.0,88.38592580866772,8397.868272264552,0.08560869097709656,0,234.07079878179457,1.1759551722258401,153,control
4811,226.0,8305.0,344.1380886747376,8523.48898585729,0.057423874735832214,0,246.6351302039171,2.2550479000450907,153,check
4812,391.0,8384.0,351.0,8381.0,0.07967916131019592,0,41.28216113342688,,153,control
4813,326.0,8272.0,272.0,8174.0,0.05309315770864487,0,113.48662030709905,,153,check
4814,324.0,8311.0,160.0,8476.0,0.057438548654317856,0,231.87913052812473,,153,control
4815,331.0,8422.0,126.0,8555.0,0.054504405707120895,0,243.8517142789539,,153,control
4816,387.0,8350.0,391.0,8556.0,0.055228110402822495,0,204.66571866448683,,153,check
4817,223.0,8403.0,232.0,8450.0,0.05010724812746048,0,46.23100758837442,,153,control
4818,377.0,8239.0,260.0,8236.0,0.055732615292072296,0,117.81339098682228,,153,control
4819,299.0,8267.0,190.0,8495.0,0.0526190847158432,0,251.56811441509151,,153,check
4820,338.0,8351.0,289.2322968061647,8588.78110886144,0.054618965834379196,0,241.47701359404647,0.9043859424794266,153,control
4821,294.0,8388.0,362.0,8549.0,0.05768083781003952,0,173.04991187495492,,153,control
4822,408.0,8435.0,185.16399657980344,8521.991359753707,0.06674625724554062,0,239.22098353882487,1.760204981238161,153,control
4823,430.0,8338.0,330.0,8515.0,0.05260090529918671,0,202.5814370067754,,153,control
4824,299.0,8402.0,315.0,8158.0,0.0522991381585598,0,245.82477720955583,,153,control
4825,241.0,8280.0,90.38007285519151,8383.229844662104,0.06608688831329346,0,181.90401730426834,2.0261652601787974,153,control
4826,392.0,8256.0,285.0,8250.0,0.06381883472204208,0,108.06271050722961,,153,control
4827,425.0,8444.0,333.0,8554.0,0.06173282489180565,0,143.0055382564417,,153,control
4828,276.0,8377.0,271.0,8125.0,0.056864526122808456,0,253.46676546733994,,153,control
4829,474.0,8447.0,388.0,8505.0,0.06027362123131752,0,103.99336742947136,,154,check
4830,484.0,8305.0,345.0,8525.0,0.0855780690908432,0,259.63575784617893,,154,control
4831,446.0,8369.0,363.53174448624316,8516.721068050892,0.05329761281609535,0,168.54345909475938,0.793670604133442,154,check
4832,544.0,8443.0,365.7640819944507,8270.307176824279,0.05087633803486824,0,249.85127488800882,2.7326853207783577,154,control
4833,640.0,8239.0,337.0,8356.0,0.07151459157466888,0,325.2471766643531,,154,control
4834,495.0,8404.0,345.0,8525.0,0.05464110150933266,0,192.69616408087694,,154,check
4835,597.0,8435.0,350.0,8544.0,0.05960555747151375,0,270.437994604338,,154,control
4836,484.0,8247.0,333.0,8239.0,0.06653979420661926,0,152.23213329637764,,154,control
4837,519.0,8311.0,623.2024821953688,8308.260711884921,0.09481395035982132,0,102.45223829528675,1.1378773998193463,154,control
4838,579.0,8409.0,369.0,8272.0,0.05097920820116997,0,252.34807319706906,,154,control
4839,502.0,8304.0,334.38104914532477,8550.050049399253,0.06685948371887207,0,297.1531279545267,1.4659928549703887,154,control
4840,473.0,8381.0,413.0,8559.0,0.07656469941139221,0,187.00432140469735,,154,control
4841,445.0,8396.0,333.0,8172.0,0.06000572443008423,0,252.04949743273792,,154,control
4842,505.0,8334.0,313.0,8264.0,0.10077966004610062,0,205.67963977162228,,154,control
4843,464.0,8439.0,337.0,8516.0,0.07408063113689423,0,148.7076139845659,,154,check
4844,650.0,8347.0,495.0,8285.0,0.056484807282686234,0,168.71105882145085,,154,control
4845,641.0,8425.0,733.0,8584.0,0.06367773562669754,0,181.74575484139046,,154,check
4846,571.0,8285.0,392.2171728834084,8423.43878373268,0.08487621694803238,0,226.25169671261455,2.239950495042662,154,check
4847,504.0,8375.0,341.0,8144.0,0.052925094962120056,0,284.33896229129493,,154,control
4848,624.0,8259.0,339.0,8368.0,0.0590537004172802,0,305.59057482413766,,154,control
4849,609.0,8436.0,367.337130606892,8539.733156834387,0.05670920014381409,0,263.51323991641857,1.0146868061567798,154,check
4850,503.0,8429.0,381.9436415251804,8324.291763731404,0.07431540638208389,0,161.76541486279532,2.3888698562069797,154,control
4851,577.0,8445.0,333.0,8554.0,0.051375728100538254,0,267.63753784848933,,154,control
4852,652.0,8386.0,387.3614685898343,8251.48038857399,0.0888148620724678,0,298.4403651885833,5.104865280084113,154,control
4853,652.0,8386.0,350.6976308640381,8120.358873687228,0.055699873715639114,0,403.2612744759205,1.0789779232921939,154,control
4854,596.0,8372.0,341.0,8556.0,0.07114338874816895,0,314.5153618139835,,154,control
4855,593.0,8319.0,470.0,8470.0,0.07956402003765106,0,194.7061397336669,,154,control
4856,484.0,8451.0,386.22301742009995,8543.786646043369,0.07296780496835709,0,134.75581601114695,1.630683061201562,154,control
4857,563.0,8361.0,362.0,8549.0,0.07959643751382828,0,275.1154032039833,,154,control
4858,646.0,8272.0,367.90852805644084,8544.883372448445,0.06738770753145218,0,389.484701103908,3.5887275231688283,154,control
4859,605.0,8290.0,336.0,8398.0,0.05367172509431839,0,290.3004160335082,,154,control
4860,438.0,8445.0,514.0,8499.0,0.060084473341703415,0,91.25462275788271,,154,control
4861,439.0,8294.0,338.0,8493.0,0.06158517301082611,0,222.39738481016315,,154,control
4862,583.0,8272.0,766.3843605941398,8357.187606995643,0.09237229079008102,0,199.78809298627883,4.796998782287175,154,control
4863,558.0,8289.0,443.0,8487.0,0.051694780588150024,0,228.5587003382635,,154,control
4864,481.0,8331.0,417.0,8246.0,0.051705509424209595,0,108.12322941565425,,154,control
4865,540.0,8318.0,553.0,8409.0,0.05118362233042717,0,90.5785878362791,,154,control
4866,778.0,8339.0,851.0,8386.0,0.05198260024189949,0,84.28422158452256,,155,control
4867,771.0,8285.0,584.00388399898,8282.741919820388,0.07204461097717285,0,188.7208746806096,1.94120670004427,155,check
4868,728.0,8449.0,634.0,8391.0,0.05003886669874191,0,112.600716988668,,155,control
4869,810.0,8447.0,584.0,8456.0,0.08879654109477997,0,227.89770110474095,,155,control
4870,658.0,8432.0,658.0,8192.0,0.07516109943389893,0,240.97576648809823,,155,control
4871,750.0,8439.0,655.0,8382.0,0.052756551653146744,0,112.97265819423548,,155,control
4872,768.0,8266.0,601.1932898396645,8272.600790330162,0.05250060185790062,0,168.63985864502393,2.4781847161452824,155,control
4873,826.0,8345.0,828.0,8348.0,0.06030536815524101,1,2.238248903582316,,155,check
4874,799.0,8444.0,586.0,8485.0,0.05092335864901543,0,218.45032467934308,,155,control
4875,783.0,8276.0,575.0,8509.0,0.07966426759958267,0,312.6669425561451,,155,control
4876,726.0,8355.0,659.0,8434.0,0.05807967111468315,0,104.10767968781319,,155,control
4877,718.0,8242.0,623.0,8243.0,0.06548652797937393,0,96.79437468668387,,155,check
4878,694.0,8415.0,607.0,8292.0,0.054209381341934204,0,152.5365279899861,,155,control
4879,812.0,8268.0,834.9601095671803,8379.820666738544,0.05836481228470802,0,112.8936105602913,3.836764509500949,155,check
4880,780.0,8299.0,689.689496039236,8366.039779108854,0.06538870185613632,0,113.54904164482298,0.886874541267665,155,control
4881,858.0,8306.0,860.0,8344.0,0.06828136742115021,0,37.23735209775959,,155,control
4882,847.0,8340.0,616.8643103482151,8570.561772729792,0.0712372437119484,0,326.33722548868457,2.4261982818293655,155,control
4883,680.0,8389.0,582.0,8292.0,0.07309267669916153,0,139.84928928537454,,155,control
4884,760.0,8320.0,829.0,8399.0,0.06031118705868721,0,102.67027675317264,,155,control
4885,846.0,8261.0,860.0,8344.0,0.08785483986139297,0,83.03025679509095,,155,control
4886,847.0,8240.0,860.0,8344.0,0.06904471665620804,0,103.76361742767365,,155,control
4887,761.0,8300.0,606.0,8452.0,0.055152203887701035,0,217.64600017872218,,155,control
4888,752.0,8322.0,637.0,8267.0,0.052846357226371765,0,129.57451138476023,,155,control
4889,810.0,8387.0,603.1345861683154,8324.011837566095,0.05528087541460991,0,218.24197169773743,5.75229571266677,155,control
4890,859.0,8244.0,860.0,8344.0,0.0822848379611969,0,99.24536949356201,,155,control
4891,837.0,8256.0,860.0,8344.0,0.0747060775756836,0,89.60408357002792,,155,check
4892,770.0,8375.0,579.0,8529.0,0.062333978712558746,0,246.03074440396492,,155,control
4893,855.0,8410.0,552.0,8307.0,0.05651253089308739,0,321.91263944378414,,155,control
4894,855.0,8410.0,860.0,8344.0,0.07839319109916687,0,66.81218377029484,,155,control
4895,84.0,8610.0,80.0,8616.0,0.09306683391332626,0,6.096936203450644,,156,check
4896,64.0,8555.0,132.51545058855345,8591.742301222499,0.09197945892810822,0,76.53782318393272,1.9641047870066735,156,control
4897,172.0,8609.0,290.33711640051575,8550.628672518547,0.06869173794984818,0,131.77016169624358,1.6794808021311114,156,control
4898,62.0,8571.0,78.86705866205666,8630.243921878,0.05625569447875023,0,59.83933089140132,2.227348245496805,156,control
4899,129.0,8660.0,136.0,8349.0,0.07218898087739944,0,312.67439659038683,,156,control
4900,197.0,8475.0,215.0,8573.0,0.06604070216417313,0,97.97473290356456,,156,control
4901,217.0,8629.0,111.0,8516.0,0.0760539099574089,0,156.4284166829546,,156,control
4902,59.0,8520.0,57.634378279069864,8519.92748114756,0.07912497967481613,1,2.4183749864548214,0.9956341138259194,156,check
4903,139.0,8548.0,234.00212093498513,8574.376626628964,0.09034394472837448,0,97.43903051063916,2.8039762419630705,156,control
4904,47.0,8522.0,47.0,8477.0,0.07978323847055435,0,46.73491651950514,,156,control
4905,54.0,8477.0,54.63878787724078,8466.329811980164,0.06126777455210686,0,12.400828923773568,3.5995633391546233,156,control
4906,57.0,8534.0,57.92829596421107,8541.24926528424,0.1505887508392334,0,5.555090514225653,0.8837057435087433,156,control
4907,133.0,8496.0,280.0,8601.0,0.05987737327814102,0,179.02956261828078,,156,control
4908,136.0,8570.0,258.0,8568.0,0.05118345096707344,0,121.20100883138673,,156,control
4909,84.0,8562.0,82.0,8572.0,0.05398054048418999,0,8.609348538267183,,156,control
4910,98.0,8560.0,111.0,8542.0,0.06893041729927063,0,23.35755876827777,,156,control
4911,112.0,8554.0,88.0,8543.0,0.052744556218385696,0,27.45708310503578,,156,control
4912,80.0,8570.0,82.0,8572.0,0.08023127913475037,1,1.6880072564493418,,156,check
4913,168.0,8466.0,170.0,8443.0,0.05648306757211685,0,24.628161639170685,,156,control
4914,50.0,8549.0,50.0,8344.0,0.05447038263082504,0,206.70344628501692,,156,control
4915,50.0,8549.0,52.0,8401.0,0.05377346649765968,0,149.7239344444837,,156,control
4916,43.0,8577.0,43.0,8625.0,0.06395646184682846,0,46.23075486448503,,156,control
4917,190.0,8613.0,98.0,8486.0,0.08274915814399719,0,158.3872026302527,,156,control
4918,171.0,8508.0,227.68450485145922,8559.328110900078,0.0546090230345726,0,74.87583845741369,0.811641217411313,156,control
4919,171.0,8508.0,215.0,8573.0,0.054710861295461655,0,76.79367021591929,,156,control
4920,50.0,8541.0,51.0,8540.0,0.0755753368139267,1,2.8480138893362885,,156,control
4921,207.0,8657.0,103.0,8380.0,0.05611222982406616,0,297.53873134896827,,156,control
4922,73.0,8588.0,182.61830972878215,8556.864976041423,0.050272226333618164,0,113.80128106505228,6.2228532410411015,156,control
4923,71.0,8530.0,76.0,8530.0,0.11567810922861099,0,4.9992980482469624,,156,check
4924,117.0,8609.0,54.0,8625.0,0.08641327917575836,0,64.85781843773327,,156,check
4925,151.0,8511.0,144.0,8527.0,0.06425375491380692,0,16.207447330835606,,156,control
4926,40.0,8585.0,39.0,8649.0,0.0698317140340805,0,62.232855990239834,,156,control
4927,118.0,8621.0,62.0,8477.0,0.05954727157950401,0,156.19423366722503,,156,check
4928,40.0,8597.0,42.0,8507.0,0.13677677512168884,0,91.76427379875187,,156,control
4929,318.0,8598.0,203.6688452878027,8611.089281403296,0.07205744832754135,0,115.61254692335406,1.8483143989190984,157,control
4930,269.0,8464.0,263.31255786135637,8549.920709596716,0.08279755711555481,0,84.67469531982063,0.7138948258541519,157,control
4931,287.0,8494.0,333.67000205476654,8550.479627271146,0.06069648265838623,0,71.49563537099097,1.7364238439640711,157,control
4932,256.0,8649.0,569.2905434540511,8652.190262948618,0.058971136808395386,0,311.50471388398864,0.6050350131341186,157,control
4933,378.0,8642.0,428.52459545035487,8581.252185637599,0.0746213048696518,0,79.18046603332878,2.198982135717663,157,control
4934,224.0,8558.0,216.0,8608.0,0.07285940647125244,0,49.21641604145722,,157,control
4935,417.0,8637.0,167.0,8601.0,0.05675343796610832,0,253.40437964901446,,157,check
4936,300.0,8586.0,200.0,8594.0,0.059681959450244904,0,100.89433486209545,,157,control
4937,334.0,8638.0,537.2954860659293,8384.012451881563,0.05464696139097214,0,325.23280179528194,1.2375494643202816,157,control
4938,392.0,8646.0,129.5315735081931,8595.180934348124,0.0575871579349041,0,268.139060165566,1.3402918989415342,157,control
4939,318.0,8523.0,215.0,8573.0,0.06481503695249557,0,114.47920203248373,,157,check
4940,375.0,8461.0,176.9527768882013,8607.771640718573,0.05533771961927414,0,246.0554242899925,1.8352456564653061,157,control
4941,288.0,8519.0,125.0,8318.0,0.05701841041445732,0,260.2685786234503,,157,check
4942,405.0,8570.0,216.0,8608.0,0.08252818882465363,0,193.20840203380126,,157,control
4943,406.0,8481.0,342.09193684087774,8556.380905592328,0.08840402960777283,0,98.4717311583769,2.564239389863497,157,control
4944,431.0,8590.0,339.0,8368.0,0.0601843036711216,0,241.96487763189918,,157,check
4945,313.0,8540.0,198.0,8446.0,0.054927174001932144,0,150.00095439317724,,157,control
4946,313.0,8540.0,144.0,8527.0,0.052373792976140976,0,170.13119010858014,,157,control
4947,396.0,8549.0,324.0,8531.0,0.05648389831185341,0,75.56821906263464,,157,check
4948,339.0,8524.0,130.40700508722213,8628.908546363202,0.05336885154247284,0,233.1909328557687,0.9290022174975634,157,control
4949,246.0,8481.0,309.0,8550.0,0.05799829214811325,0,91.69751391163875,,157,control
4950,283.0,8645.0,278.7945721006622,8397.697543320115,0.08608453720808029,0,248.8036147890926,1.58056794962212,157,control
4951,276.0,8566.0,203.52868163064724,8611.30923164477,0.050638653337955475,0,85.24773927173332,1.8812204314649712,157,control
4952,284.0,8628.0,259.0,8579.0,0.05013085901737213,0,56.744029225238535,,157,control
4953,303.0,8488.0,166.31161531808925,8531.471089959143,0.07552199065685272,0,143.498344783414,1.6362752597175356,157,control
4954,279.0,8524.0,424.0,8457.0,0.11034848541021347,0,159.10908993371885,,157,control
4955,396.0,8589.0,304.0,8364.0,0.05427287891507149,0,244.73431372868768,,157,control
4956,254.0,8568.0,182.0,8526.0,0.05615774542093277,0,84.68999189412229,,157,control
4957,237.0,8647.0,411.0,8584.0,0.052411310374736786,0,184.29098448493104,,157,control
4958,540.0,8463.0,349.0,8561.0,0.056551817804574966,0,215.03163996431883,,158,control
4959,540.0,8463.0,353.2268638832973,8548.733568427788,0.05943339318037033,0,205.95437958943717,2.087384636407832,158,control
4960,505.0,8597.0,353.0,8650.0,0.08085756748914719,0,161.61214491400483,,158,control
4961,533.0,8653.0,309.7909366113122,8315.800291037876,0.08759512007236481,0,406.0482138264229,0.4865264397238951,158,check
4962,515.0,8489.0,335.5847160649319,8369.25777322752,0.051644645631313324,0,217.3024647302164,3.2671752729855403,158,check
4963,552.0,8530.0,697.4964395005569,8474.648053797371,0.0569874532520771,0,154.06477356060276,6.3272765433169855,158,control
4964,537.0,8563.0,335.64775017794733,8515.99899492476,0.06486807018518448,0,208.11800119448318,1.6024566368316462,158,check
4965,645.0,8499.0,333.0788372403763,8566.169604749168,0.07778853178024292,0,319.82092545690654,1.815921840123725,158,control
4966,512.0,8465.0,426.0,8345.0,0.0705576241016388,0,149.3981854464458,,158,control
4967,646.0,8560.0,617.3447113361615,8569.301818116752,0.06113945320248604,0,31.640017050091398,1.52324711219797,158,check
4968,538.0,8475.0,350.0,8544.0,0.08219363540410995,0,200.82972614971743,,158,control
4969,582.0,8472.0,390.0,8546.0,0.10369910299777985,0,206.43313977495706,,158,control
4970,480.0,8566.0,454.0,8456.0,0.05349526181817055,0,114.57895944952506,,158,control
4971,496.0,8620.0,362.0,8549.0,0.08714894205331802,0,153.3110196237671,,158,control
4972,631.0,8550.0,362.0,8549.0,0.05279172211885452,0,270.1573804030589,,158,control
4973,505.0,8498.0,333.1986836854138,8548.788858915916,0.05229144170880318,0,179.77583983400132,1.847342215000965,158,control
4974,565.0,8462.0,349.0,8561.0,0.05246313288807869,0,238.04089889775707,,158,control
4975,518.0,8523.0,346.0,8499.0,0.05150945112109184,0,174.93391838449037,,158,control
4976,458.0,8580.0,500.0,8431.0,0.05309540405869484,0,155.56377489023063,,158,check
4977,583.0,8518.0,349.0,8561.0,0.05094575136899948,0,238.76482450146915,,158,control
4978,559.0,8480.0,368.0,8564.0,0.05444164201617241,0,209.1774469995598,,158,control
4979,564.0,8490.0,368.0,8564.0,0.054888300597667694,0,210.11789551001664,,158,control
4980,620.0,8620.0,336.0,8398.0,0.05252445116639137,0,362.12293261826426,,158,control
4981,639.0,8645.0,331.3256928336487,8565.448123603499,0.0536852702498436,0,319.1802451637513,1.5681018967452862,158,control
4982,607.0,8575.0,390.0,8546.0,0.07000472396612167,0,220.32826482083104,,158,control
4983,631.0,8479.0,350.0,8544.0,0.05110260099172592,0,289.1905847867535,,158,check
4984,648.0,8543.0,330.0,8515.0,0.05186556279659271,0,320.3934842278421,,158,control
4985,571.0,8477.0,387.38533371801293,8544.997809256816,0.06600504368543625,0,196.48152000364027,3.7740806222521135,158,control
4986,588.0,8583.0,444.0,8582.0,0.052445121109485626,0,145.41739732429292,,158,control
4987,636.0,8577.0,600.5198961811716,8587.87515507914,0.05953080207109451,0,38.5934468589129,2.410623480023132,158,control
4988,611.0,8629.0,707.0,8514.0,0.05010740086436272,0,149.19858051334546,,158,control
4989,669.0,8592.0,701.7445394340825,8397.85754571074,0.0714772492647171,0,197.49763291393256,2.842528292215452,159,control
4990,669.0,8592.0,804.0,8363.0,0.05853349342942238,0,265.358343433224,,159,check
4991,655.0,8490.0,678.9114880503753,8617.910655211368,0.05833715200424194,0,128.7390144546696,2.0663337296958204,159,control
4992,769.0,8547.0,680.8810612693676,8393.720338235076,0.061170194298028946,0,178.6684907594572,1.091386627722067,159,control
4993,849.0,8491.0,775.0,8477.0,0.07570170611143112,0,77.76702582021112,,159,check
4994,709.0,8501.0,707.0161624560974,8627.623137249282,0.06168403849005699,0,125.69004559349897,6.9435288499145535,159,control
4995,717.0,8638.0,826.3665536834208,8573.752688925906,0.06592053920030594,0,125.12140124101315,1.1673003847489591,159,control
4996,776.0,8592.0,671.0,8389.0,0.09511109441518784,0,230.3488434302954,,159,control
4997,798.0,8618.0,618.0,8611.0,0.05472444370388985,0,182.09960008754274,,159,control
4998,724.0,8642.0,615.3037686229642,8577.062220694694,0.05022573843598366,0,128.80957592060346,1.9122368060367871,159,check
4999,723.0,8516.0,859.0,8408.0,0.09291454404592514,0,172.17106918056558,,159,control
5000,669.0,8505.0,651.0,8398.0,0.0561242401599884,0,109.84347406413379,,159,control
5001,789.0,8537.0,855.0,8639.0,0.07777141779661179,0,119.37874389198106,,159,control
5002,730.0,8595.0,606.0,8591.0,0.08941661566495895,0,125.98033309640847,,159,control
5003,754.0,8569.0,714.0,8461.0,0.05033593624830246,0,116.82569156963343,,159,control
5004,720.0,8554.0,775.0,8477.0,0.08739639073610306,0,94.02967112062883,,159,control
5005,706.0,8576.0,681.7226321366948,8394.261097317994,0.06394973397254944,0,184.60510844390188,2.4456253185206185,159,check
5006,679.0,8560.0,573.0,8460.0,0.09741517156362534,0,147.75516969886738,,159,control
5007,857.0,8587.0,855.0,8639.0,0.0811569020152092,0,51.374992700384674,,159,control
5008,763.0,8583.0,565.0,8423.0,0.05656205490231514,0,256.58961414637423,,159,control
