id,src_x,src_y,ref_x,ref_y,score,is_inlier,residual_px,sigma_px,grid_cell,role
0,26.0,101.0,26.360027758059257,100.7800485880727,0.18937043845653534,1,0.2867724793242526,0.26654478121402425,0,control
1,129.0,70.0,129.4900405069706,69.68006621419497,0.23229244351387024,1,0.17361505588549558,0.20240795709051906,0,control
2,130.0,152.0,130.0,152.0,0.2855309545993805,1,0.6868022243072115,,0,control
3,91.0,75.0,91.6700120262607,74.86022194925131,0.2620856463909149,1,0.1076335396173669,0.26978515104794754,0,control
4,217.0,56.0,217.1499105873468,55.670017264796954,0.28783491253852844,1,0.5036755042824251,0.1621726424703872,0,control
5,51.0,70.0,52.39017473523886,69.69992421541991,0.1561196893453598,1,0.7456021924789051,1.9189423344151277,0,check
6,130.0,51.0,130.32989258370944,50.82990792665708,0.18601107597351074,1,0.32480019060980186,0.1863028144329702,0,control
7,75.0,79.0,75.29017651676679,78.66004369008438,0.22881662845611572,1,0.3680384732438077,0.1806099386140676,0,control
8,23.0,91.0,23.409905592752484,90.70005161710232,0.24184228479862213,1,0.24169961108903382,0.13381457944631056,0,control
9,86.0,198.0,86.26018326293645,197.61003990845154,0.26475852727890015,1,0.40660412597340667,0.24217938305706235,0,control
10,42.0,158.0,42.27991399146453,157.66990192391543,0.15821030735969543,1,0.37209703334222954,0.23848261491643216,0,check
11,63.0,175.0,63.1899117565929,174.6600226069538,0.24123941361904144,1,0.46135889605943053,0.18850015802093034,0,check
12,113.0,121.0,115.3800594979779,120.54005217865418,0.22842782735824585,1,1.7498264773258105,1.0097812371484047,0,control
13,200.0,50.0,200.10004335871164,49.67001454878966,0.20376050472259521,1,0.5531299404222217,0.1761862121556523,0,control
14,100.0,140.0,101.79023289369668,138.22011169957008,0.33880406618118286,1,1.9163290794607122,0.9680058606174892,0,control
15,65.0,110.0,65.36991907132901,109.57017939846044,0.20384643971920013,1,0.33042598416705043,0.20883659745042493,0,control
16,75.0,56.0,75.3400357908584,55.720046171324924,0.20419129729270935,1,0.30879837958672446,0.25841735008940997,0,control
17,125.0,188.0,125.05994269317836,187.45987357893932,0.21068084239959717,1,0.6515665218585148,0.46687390003667384,0,control
18,220.0,36.0,220.99997487510484,35.16013194968125,0.2059234231710434,1,0.6976724042744258,0.2817614686618693,0,control
19,28.0,214.0,28.96002667165634,213.79999547952676,0.1922806054353714,1,0.32327404826554434,0.4511046612593688,0,control
20,214.0,93.0,214.30016600056646,92.68031008903785,0.10953658819198608,1,0.3527776180463436,0.24790144256845903,0,check
21,51.0,141.0,51.440044679881304,140.65005970279205,0.1792755126953125,1,0.2278783457823455,0.1557596468293562,0,control
22,124.0,177.0,125.0299615001489,176.26013553567512,0.24870193004608154,1,0.6299217313455395,1.3892698722622037,0,control
23,117.0,65.0,117.61005462076695,64.57008255368777,0.1935730129480362,1,0.1899347290433446,0.3123501840259136,0,control
24,72.0,90.0,72.38991627706613,89.62004927861011,0.24940508604049683,1,0.28864070859596147,0.15398900248942593,0,check
25,157.0,46.0,156.0,46.0,0.10126542299985886,1,1.6640196329474077,,0,control
26,104.0,186.0,104.70994021436478,185.4300924462704,0.24294555187225342,1,0.33185023442682643,0.5502100478989022,0,control
27,50.0,207.0,51.07004486634505,206.63014330375495,0.2723172903060913,1,0.44647708812067266,0.327988381019998,0,control
28,86.0,106.0,86.25991419870566,105.61016465861944,0.20999035239219666,1,0.4109325236403692,0.12566634040272082,0,check
29,195.0,169.0,202.0,164.0,0.11375102400779724,0,7.942917163213691,,0,check
30,57.0,117.0,57.24989832874634,116.7301628633287,0.1646462380886078,1,0.39518798469103383,0.17347289794929546,0,control
31,173.0,137.0,177.0,140.0,0.11032376438379288,0,4.667348718024009,,0,control
32,188.0,82.0,188.40002527249746,81.65071727839248,0.14477002620697021,1,0.2675600038305694,0.6076462268683587,0,control
33,48.0,90.0,47.8501531134944,89.82011730644624,0.15799079835414886,1,0.798336029218588,0.14723464997036828,0,check
34,67.0,149.0,68.1599517111868,148.33015249662498,0.2610012888908386,1,0.6682482969495642,0.407375056338208,0,control
35,17.0,81.0,18.0,80.0,0.10826797038316727,1,0.8310211408361422,,0,control
36,177.0,112.0,179.75997177240725,111.21996732101441,0.13975532352924347,1,2.184189581333784,1.6313838297323084,0,control
37,155.0,141.0,154.0,143.0,0.1755804568529129,0,2.779651561259888,,0,control
38,160.0,128.0,162.08990293206276,127.70014176859593,0.12150882929563522,1,1.4482913706091676,1.9065870266492442,0,check
39,37.0,85.0,37.699922954155426,84.58995791874261,0.22753341495990753,1,0.17159615796776348,0.41205465845622846,0,control
40,207.0,48.0,207.40003681735612,47.739921471887,0.2272966057062149,1,0.2465892717181745,0.18570375371719255,0,control
41,128.0,100.0,128.7596987309047,99.25009195379893,0.1254323422908783,1,0.5195533540031886,0.33522541206678,0,control
42,181.0,186.0,183.8702260808736,186.21038749620774,0.12894219160079956,1,2.2756567841749447,1.8264220175532593,0,control
43,57.0,132.0,57.44990417497684,131.68018957411283,0.17602436244487762,1,0.2071420423178011,0.13126921101618594,0,control
44,168.0,162.0,173.0,161.0,0.13224755227565765,0,4.424220466243804,,0,control
45,30.0,48.0,30.25004674906657,47.640034552531915,0.20633982121944427,1,0.41339658603626694,0.35604770915042067,0,control
46,40.0,190.0,48.570480667822096,186.21075327622566,0.21270260214805603,0,8.683963808806974,0.8601008054832061,0,control
47,233.0,66.0,233.92001893811673,65.83012263484025,0.19320324063301086,1,0.28374007054426464,0.2660130171578416,1,control
48,284.0,83.0,284.0,83.0,0.11144284904003143,1,0.6854006564936148,,1,control
49,284.0,54.0,283.0,54.0,0.12869352102279663,1,1.6614937143956354,,1,control
50,443.0,173.0,443.64003985556093,172.7099534074446,0.21547622978687286,1,0.05971522620487301,0.26220270295863396,1,control
51,319.0,209.0,321.0,207.0,0.1768341213464737,1,2.228812741882632,,1,control
52,374.0,147.0,374.28003343860337,146.71017083163505,0.17062394320964813,1,0.36398466561028764,0.18730632528925645,1,control
53,328.0,177.0,328.8500868256315,177.32011535005674,0.18917633593082428,1,0.5944011675752278,0.9382445149597198,1,control
54,398.0,197.0,398.93004408837686,196.6401247040255,0.2293388694524765,1,0.31938239357466325,0.24069630033743697,1,control
55,429.0,51.0,430.83995959206237,50.28011026803163,0.1727723777294159,1,1.2933457616780575,0.8280816333382959,1,control
56,329.0,155.0,332.0,154.0,0.17288953065872192,1,2.481139654502316,,1,control
57,274.0,89.0,275.0,89.0,0.10781444609165192,1,0.428240174343101,,1,control
58,236.0,76.0,237.5696517470714,75.61006535581056,0.13664984703063965,1,0.9377946037018866,0.48041366167452243,1,control
59,439.0,204.0,440.30014326921474,203.93991134453762,0.24119213223457336,1,0.6854205955874837,0.45090111966762475,1,check
60,413.0,114.0,413.75004081540527,113.67010072301149,0.13130177557468414,1,0.14750472640044765,0.5467685245786049,1,control
61,312.0,67.0,312.55004298821115,66.63020694010336,0.20429633557796478,1,0.16422979462933812,0.34720802556617314,1,check
62,353.0,200.0,352.0,201.0,0.2678593099117279,1,2.0507836048574024,,1,control
63,424.0,65.0,424.32003586911395,64.7200435198104,0.26661595702171326,1,0.3264046138372867,0.22274035506902998,1,control
64,409.0,60.0,410.84990254537246,59.71010991129392,0.2003038376569748,1,1.2083932837044935,0.6492758671198042,1,control
65,430.0,141.0,429.38022250162794,141.3399242982631,0.1462574154138565,1,1.3822342829536771,0.7025155504185704,1,check
66,262.0,66.0,264.1897820903526,65.52054954486741,0.20242899656295776,1,1.5643381348630145,0.426381285925372,1,check
67,353.0,157.0,356.0,155.0,0.17212210595607758,1,2.9480650028078443,,1,control
68,316.0,161.0,318.0002786025027,158.8104062961637,0.14856180548667908,1,2.3809474468566494,1.0312641517365793,1,check
69,364.0,144.0,364.4798919967926,143.82992781301596,0.18725478649139404,1,0.1720409703052774,0.2192677209514801,1,control
70,272.0,63.0,272.0,63.0,0.14416460692882538,1,0.6864498866459526,,1,control
71,330.0,219.0,333.0,218.0,0.14894314110279083,1,2.483604142721214,,1,control
72,303.0,71.0,303.7302982840474,70.64050374161603,0.12745672464370728,1,0.15137282802236832,0.8183579046813425,1,control
73,323.0,124.0,322.0,128.0,0.11483055353164673,0,4.541988698452342,,1,control
74,406.0,95.0,406.0,95.0,0.1971428096294403,1,0.681858042736011,,1,control
75,392.0,180.0,394.0,179.0,0.20105987787246704,1,1.5633536270420743,,1,control
76,439.0,127.0,439.19991158847955,126.71975854649251,0.10634264349937439,1,0.44266686195412724,0.68167697129923,1,control
77,293.0,48.0,293.3100080673393,47.93004137236956,0.1907884031534195,1,0.37349741789111796,0.3390933097533839,1,control
78,360.0,167.0,361.0,168.0,0.22726953029632568,1,1.2857174926177852,,1,check
79,430.0,119.0,430.0,119.0,0.1698322743177414,1,0.6803561000466177,,1,control
80,317.0,101.0,318.88011057187873,100.14012003162873,0.10561657696962357,1,1.386655856180648,0.6540207939641028,1,control
81,374.0,197.0,378.0,194.0,0.20128780603408813,0,4.354337411662131,,1,control
82,437.0,84.0,437.9707888139669,84.10975391754477,0.1370186060667038,1,0.4728159023967184,0.736235768533231,1,check
83,336.0,177.0,336.60002145147047,176.8499475566265,0.1525614857673645,1,0.09341932551738692,0.7414438577440129,1,control
84,441.0,100.0,442.099574040642,102.21000069755199,0.16324959695339203,1,2.482431132605513,2.5204245075237854,1,control
85,636.0,139.0,637.0098567790883,139.07999709995593,0.26049673557281494,1,0.47954913529375753,0.5433799411288576,2,control
86,450.0,44.0,450.21002171618983,43.83002850607487,0.2495901882648468,1,0.4371588594376867,0.27161655842534044,2,control
87,589.0,97.0,589.7700274150843,96.79997029013884,0.3242940306663513,1,0.13269830011576728,0.24460394221377882,2,check
88,628.0,103.0,628.2800598892558,102.54003892108159,0.29066184163093567,1,0.43064626441372733,0.2935169398401692,2,control
89,493.0,79.0,493.39966971158094,78.4501760197077,0.22211846709251404,1,0.4030698820030249,0.15605106837459387,2,control
90,566.0,62.0,566.5500150828159,61.870073425310515,0.1656617373228073,1,0.13081478809251268,0.22589107474935435,2,control
91,527.0,178.0,527.6400253367239,177.79008567014816,0.22944672405719757,1,0.017214054961085846,0.13925380297601303,2,control
92,604.0,185.0,604.8998903534255,184.82998349482085,0.20322363078594208,1,0.2698904246937201,0.2807207360744098,2,control
93,617.0,50.0,617.6605290462267,49.9901031902229,0.11005278676748276,1,0.2124086234661382,0.745298275950889,2,control
94,516.0,115.0,516.9200665363925,114.52985865722216,0.14990107715129852,1,0.37164868964678327,0.21482685184884576,2,control
95,550.0,186.0,553.769924328482,186.43063070371755,0.2626209557056427,1,3.202070383472076,2.164214151321749,2,control
96,541.0,128.0,542.3200399753713,127.63030902341231,0.18119047582149506,1,0.6965730875651042,0.44266684298998266,2,control
97,659.0,178.0,658.7299268785366,177.53009470650704,0.13432961702346802,1,0.9387299773543498,0.8492380447998614,2,control
98,617.0,79.0,620.0398540746831,78.0701336920814,0.17198842763900757,1,2.5023332827339195,0.9467419380987692,2,control
99,516.0,79.0,516.7604107270455,78.85024565853143,0.17187583446502686,1,0.14179184084125493,0.45943755487303445,2,control
100,576.0,178.0,576.1999502934111,178.31029045363547,0.2259429544210434,1,0.6901143128791434,0.47035830211237784,2,control
101,575.0,139.0,575.5299169905416,138.63993518523026,0.23650702834129333,1,0.17338846037267006,0.13719271273446754,2,control
102,451.0,137.0,452.39004228849853,137.64018568885945,0.15508577227592468,1,1.1491087085489387,1.433562757484945,2,check
103,494.0,34.0,494.8200392157535,33.68010996418452,0.1116289421916008,1,0.19996415115820038,0.25707279893238894,2,control
104,569.0,45.0,569.5100391029578,44.690068826581694,0.12079737335443497,1,0.1576525952714833,0.08889413455448701,2,control
105,551.0,106.0,550.869924811512,105.62971514865308,0.13950002193450928,1,0.7830856671856522,0.28033689336311873,2,control
106,609.0,139.0,609.7799133608323,138.65996825090616,0.3195621967315674,1,0.184641841373552,0.2379761117158965,2,control
107,647.0,55.0,648.1900707829712,54.489894609179316,0.10110995173454285,1,0.6213285606933588,0.3307742608303535,2,control
108,493.0,178.0,493.6898740047574,177.9300878383664,0.22338815033435822,1,0.16697023581483514,0.15158985674011083,2,control
109,639.0,126.0,640.7599891362372,126.0302332158942,0.2735327184200287,1,1.1502998106041065,0.8896568755253248,2,control
110,490.0,204.0,490.61003069264353,203.7799491562783,0.28041142225265503,1,0.02716201298782574,0.2512314160549847,2,control
111,587.0,137.0,587.8400484177987,136.61011288959355,0.30335909128189087,1,0.26190358350652404,0.2314030315812498,2,control
112,626.0,51.0,627.0,50.0,0.11482877284288406,1,0.8577406648161955,,2,check
113,582.0,200.0,583.0197743495321,199.78959792046243,0.24236567318439484,1,0.3850999633811209,0.2177784517507061,2,check
114,532.0,73.0,532.740044767312,72.66996682152833,0.17364045977592468,1,0.1440619276226118,0.1615740646473903,2,control
115,449.0,199.0,449.96003203917815,198.7301283291472,0.22842317819595337,1,0.32597137149397476,0.33845250976551067,2,check
116,616.0,118.0,613.9098559091017,118.06011649636483,0.3098105192184448,0,2.7428881321729737,0.7020593275380367,2,control
117,469.0,88.0,469.81000339494256,87.97997488886766,0.25401073694229126,1,0.2681643297317123,0.46539787065329574,2,control
118,506.0,94.0,508.0999386238882,93.46001145769425,0.21231411397457123,1,1.4927750505003279,0.42157859340921017,2,check
119,644.0,170.0,644.4999080211024,169.62032901339177,0.135146364569664,1,0.20832646003363622,0.414206446732175,2,control
120,458.0,57.0,459.43992814222804,56.470321645765054,0.2992917001247406,1,0.8523805704068812,0.4819471575622546,2,check
121,589.0,44.0,589.6100625108177,43.53995009534524,0.1418263018131256,1,0.2395783946884021,0.37842014648813055,2,control
122,505.0,203.0,505.85004427241364,202.69984871174893,0.3001368045806885,1,0.2261959831968342,0.2403172272419622,2,control
123,476.0,137.0,477.3800687782787,136.4700524525487,0.19132967293262482,1,0.8001483284737365,0.26788258034636225,2,control
124,472.0,151.0,472.5400442886034,150.65007296036464,0.20085939764976501,1,0.15591848730463398,0.17421381306363048,2,control
125,474.0,47.0,474.80002610092924,46.75023961450136,0.20065994560718536,1,0.1587552979484653,0.19609229093057584,2,control
126,526.0,164.0,526.4604077946219,163.93994038221177,0.21795186400413513,1,0.24287377652913408,0.3009587051821692,2,control
127,612.0,184.0,615.0,186.0,0.1467672437429428,1,3.2456545733556137,,2,control
128,601.0,67.0,601.6599575158625,66.35982093992686,0.17279429733753204,1,0.4183340291344569,1.486323850256503,2,control
129,499.0,107.0,500.0300541741715,106.6198728884019,0.1994415670633316,1,0.419036294645456,0.4389918421824292,2,control
130,576.0,86.0,577.1999514256901,85.38989241343548,0.22065772116184235,1,0.6804088387964127,0.4054664415252653,2,control
131,574.0,127.0,574.819896162955,126.70037112460172,0.2294633984565735,1,0.19673680508108404,0.22107260151380967,2,check
132,657.0,79.0,657.2099092203011,78.59042325954051,0.21439512073993683,1,0.4694726073172152,0.330485531669171,2,control
133,462.0,192.0,462.87995817428674,191.26024822504215,0.17056874930858612,1,0.5650751459055687,0.3372834522736099,2,check
134,717.0,169.0,718.950032078306,168.73012700338992,0.12822173535823822,1,1.3162600027564815,0.5639506195553947,3,control
135,702.0,132.0,702.7398923697201,131.79009501494176,0.2230972945690155,1,0.10368221917154126,0.524542315066087,3,control
136,737.0,121.0,738.0600435797156,120.64014193886989,0.18693304061889648,1,0.44684460084971983,0.2518623725842077,3,check
137,751.0,189.0,752.6200359565447,188.7399506385467,0.1665121614933014,1,0.9874377269778003,0.5130054588402968,3,control
138,742.0,188.0,744.0600145420415,187.80040646427705,0.1346256583929062,1,1.4264554366846391,0.6626580655678229,3,control
139,690.0,202.0,690.8899037146185,201.70011525345075,0.1511305421590805,1,0.2684421960157947,0.6138796538096501,3,control
140,699.0,161.0,700.4198125571382,160.48965212458648,0.1614111363887787,1,0.8368106172590716,0.6077295474382703,3,control
141,729.0,113.0,727.0,113.0,0.14957240223884583,0,2.6460680057625443,,3,control
142,712.0,205.0,711.5799116208591,205.62020704372392,0.11124112457036972,1,1.346798303830337,0.8177218309831106,3,control
143,727.0,177.0,727.610028041129,176.7999490780227,0.1646735519170761,1,0.03022723248105661,0.3232111445545229,3,control
144,670.0,158.0,671.679968366129,157.13048737001003,0.10560471564531326,1,1.2295552386493578,0.6309869193317383,3,control
145,678.0,160.0,679.2399487466499,160.35016302442745,0.17177380621433258,1,0.8308307335313988,0.5485319993407476,3,control
146,771.0,62.0,771.9700690567608,61.47999805737331,0.1326390504837036,1,0.45037149820198297,0.4462931031735053,3,control
147,768.0,116.0,769.5299328996286,115.51993565476374,0.11688355356454849,1,0.9317360364535586,0.46832977122862607,3,control
148,788.0,194.0,788.9299009065929,193.7201204782242,0.12820562720298767,1,0.3038787560037079,0.4292622995327098,3,control
149,680.0,93.0,681.4599108936209,92.57045648172756,0.1800459325313568,1,0.8479152355171954,0.6727430049819229,3,control
150,680.0,175.0,680.849812329386,174.41997455749492,0.14019840955734253,1,0.4192309518693165,0.3826418374438998,3,control
151,746.0,42.0,743.5295681873969,43.32965950840296,0.13948506116867065,0,3.473223278914916,1.2247844628407156,3,control
152,668.0,89.0,668.6599205236448,88.58008523056726,0.18946513533592224,1,0.2014052448058541,0.16334403869247804,3,control
153,721.0,118.0,722.3799351347667,117.36057927307898,0.11174194514751434,1,0.8543491271102266,0.6530863607628061,3,control
154,797.0,153.0,797.2899962782724,152.99017106181418,0.107127346098423,1,0.40091009554127527,0.6346055714837442,3,check
155,696.0,104.0,696.7299043406632,103.7000940413346,0.21282091736793518,1,0.12283302681560118,0.2722260205341031,3,control
156,674.0,109.0,675.8404381904329,108.67012439316383,0.19675351679325104,1,1.2076060141254261,1.1255836193083228,3,control
157,679.0,129.0,683.379995990615,128.9603156867388,0.2088448703289032,0,3.7473942012789436,1.4958790808373634,3,check
158,693.0,143.0,693.2297843273849,142.62002415371498,0.1917547881603241,1,0.4370903488911589,0.5543665886631556,3,check
159,688.0,157.0,690.0989894461835,156.59011613530586,0.11857452988624573,1,1.4756972542198705,1.6183572509544055,3,control
160,688.0,108.0,689.2101450116149,107.90003214495934,0.21897011995315552,1,0.584607613819448,0.5288501822711559,3,control
161,708.0,195.0,708.8900773243267,194.41998768608198,0.10814310610294342,1,0.44271610821386853,0.28411618599895777,3,check
162,709.0,94.0,710.1700776189987,93.38015753952227,0.15015238523483276,1,0.6667216753601533,0.5635192050762285,3,check
163,700.0,184.0,698.9497589723106,183.79011894306518,0.12107733637094498,1,1.6846144858517713,2.1872753304298573,3,control
164,679.0,49.0,680.7600632496582,48.52997002083192,0.11813567578792572,1,1.1474818167406762,0.16167075844041484,3,control
165,739.0,142.0,739.0,141.0,0.11588369309902191,1,1.0085122331085088,,3,control
166,748.0,209.0,749.1500470758517,208.66988860185006,0.13195091485977173,1,0.5294729631164853,0.4886257293089982,3,control
167,796.0,69.0,797.0,71.0,0.11243132501840591,1,2.2431866371275557,,3,control
168,726.0,154.0,726.0,153.0,0.12331631034612656,1,1.0077286152995344,,3,control
169,741.0,209.0,742.4997925512354,208.55006022305548,0.11760513484477997,1,0.8975703623288063,0.6137457010861187,3,control
170,725.0,93.0,726.0899387920015,92.40027551815552,0.10513725876808167,1,0.5920968868247858,0.4456381721334191,3,control
171,669.0,101.0,670.749910891194,100.65009688848806,0.17137004435062408,1,1.1192235725092121,0.5288647969962833,3,check
172,730.0,52.0,731.0,55.0,0.12568315863609314,0,3.236645701537654,,3,control
173,20.0,225.0,21.759941408975855,224.39023180729376,0.10062125325202942,1,1.176406769236596,0.9072472456361853,4,control
174,52.0,225.0,53.12988951797901,224.80014668034707,0.20957179367542267,1,0.49251980032847276,0.1822188393402023,4,control
175,210.0,283.0,208.0,286.0,0.10341762006282806,0,4.177930582825395,,4,control
176,122.0,248.0,116.0,250.0,0.17802396416664124,0,7.007468270284526,,4,control
177,106.0,272.0,102.0,273.0,0.23970547318458557,0,4.801674488327487,,4,control
178,65.0,372.0,65.44989615594051,371.7700566462368,0.13758228719234467,1,0.18427700536999753,0.25278652038784427,4,check
179,128.0,350.0,128.20996868589944,350.2300269409633,0.15582558512687683,1,0.6372066112756036,0.304505201667835,4,control
180,117.0,324.0,120.0,324.0,0.23005056381225586,1,2.378123639658203,,4,check
181,130.0,221.0,130.0,220.0,0.244246244430542,1,0.9894722323336884,,4,control
182,78.0,364.0,79.0,363.0,0.16982302069664001,1,0.8362205102042699,,4,control
183,78.0,309.0,79.60999900345485,306.96021360342985,0.2848885655403137,1,2.03968003980205,0.707535073681574,4,control
184,142.0,315.0,141.4600260410241,317.7900618065175,0.13398215174674988,0,3.254623588763203,1.7464746753893912,4,control
185,151.0,280.0,151.99002529300847,279.78013211078,0.11490263789892197,1,0.35463795465190073,0.24787366312063078,4,control
186,81.0,285.0,78.90033574337164,281.499863948649,0.27446073293685913,0,4.25072649426368,0.8041997430561884,4,control
187,96.0,341.0,96.47004727850522,340.60019645142864,0.2305365800857544,1,0.22398148592419798,0.26945704871949444,4,control
188,91.0,279.0,93.18988789296223,282.8400219026536,0.21139109134674072,0,4.372097906688801,2.575033260232292,4,control
189,129.0,334.0,131.0,333.0,0.1513630449771881,1,1.5602473446103102,,4,control
190,85.0,345.0,79.12960535447618,347.14920945523517,0.16810694336891174,0,6.932255498419062,1.0496526859442104,4,control
191,108.0,368.0,111.0,368.0,0.10760743916034698,1,2.3800270852579404,,4,control
192,73.0,341.0,73.81002858433045,340.7899756322957,0.2232760637998581,1,0.17973878000998245,0.39927461472810905,4,control
193,83.0,241.0,83.65004518395497,240.64008758282228,0.318197637796402,1,0.11362363482997856,0.7137398914315298,4,control
194,101.0,312.0,101.24004811395162,311.63003326590245,0.31536611914634705,1,0.41407318019721545,0.42568833194958977,4,control
195,52.0,278.0,53.32990192850303,277.7300408936609,0.1489676535129547,1,0.6928155136796157,0.19315603742444004,4,check
196,62.0,413.0,60.0,414.0,0.11441700905561447,1,2.9131171692720095,,4,check
197,123.0,294.0,123.42005138692318,293.6000572469165,0.24724432826042175,1,0.2653263256398183,0.3073097389087874,4,check
198,210.0,261.0,211.0,261.0,0.15585194528102875,1,0.43650963896084627,,4,control
199,88.0,400.0,88.0,401.0,0.13515017926692963,1,1.3991426786536136,,4,check
200,158.0,245.0,159.0,244.0,0.13443204760551453,1,0.8386815606104552,,4,control
201,194.0,226.0,195.0,227.0,0.13445214927196503,1,1.2935117981147917,,4,control
202,211.0,227.0,212.0,225.0,0.11650510132312775,1,1.7957967513995994,,4,control
203,92.0,227.0,92.269909924335,226.75963509455627,0.18794265389442444,1,0.3693478205459463,0.4502735651918406,4,check
204,179.0,327.0,179.71011932058028,328.0203631147406,0.14690491557121277,1,1.266295863998086,2.249081589115888,4,control
205,139.0,250.0,141.340664522263,248.8307281834437,0.13686241209506989,1,1.9378913194529708,0.9800716671986113,4,control
206,72.0,252.0,72.60987842403705,251.8403427359102,0.1747589260339737,1,0.09230136776593378,0.5870472077671575,4,control
207,215.0,308.0,217.0,307.0,0.12833529710769653,1,1.5620490776475993,,4,control
208,159.0,365.0,161.0,365.0,0.10816166549921036,1,1.3893393766779767,,4,control
209,187.0,302.0,187.0,302.0,0.19596318900585175,1,0.6797954975905055,,4,control
210,419.0,437.0,421.12012547740613,436.05001962622714,0.2036343216896057,1,1.6563172343295962,0.5168805607431138,5,control
211,434.0,224.0,434.6800330702635,223.75995851483466,0.175739124417305,1,0.045339651589716944,0.5662323010085724,5,control
212,332.0,288.0,333.0,287.0,0.22177369892597198,1,0.8467513729760566,,5,control
213,442.0,295.0,442.8700496261726,294.6001169059931,0.16772380471229553,1,0.29114185204597065,0.13697662229614513,5,control
214,440.0,260.0,439.0,259.0,0.20666365325450897,1,1.805636312562638,,5,control
215,304.0,291.0,305.0600276061357,290.7900087762271,0.17797034978866577,1,0.42688159235236284,0.2344440248901424,5,control
216,381.0,402.0,381.39986844618426,402.0099165026577,0.11961010843515396,1,0.33541141818606807,0.20690671689309256,5,check
217,443.0,313.0,443.8000233204292,312.8299741500272,0.23734980821609497,1,0.17949036166715987,0.3496413434299026,5,check
218,420.0,264.0,421.180036416903,263.7200249592088,0.26413559913635254,1,0.5481659581524682,0.19144965959953933,5,control
219,416.0,374.0,415.23012233099314,374.09990143819215,0.12671463191509247,1,1.4383235769843012,1.0984131968436186,5,control
220,369.0,224.0,370.3200942024334,223.28004524143316,0.29473403096199036,1,0.8388236208056783,0.7995133516513744,5,control
221,393.0,278.0,392.09012420453945,278.08988291671835,0.13436849415302277,1,1.5770867856720272,1.7946512833604988,5,control
222,385.0,273.0,385.0,273.0,0.13356053829193115,1,0.6757652386748806,,5,control
223,224.0,290.0,224.0,291.0,0.1312865912914276,1,1.39425254643751,,5,check
224,341.0,254.0,342.0201654479235,253.83960946316049,0.13723206520080566,1,0.39221467253249204,0.41098218275800996,5,control
225,308.0,249.0,310.25965958881915,248.5600244529745,0.1588073968887329,1,1.6364546234981487,0.8058787851155581,5,control
226,278.0,239.0,278.5697472660868,240.86020086612072,0.1537037193775177,1,2.099608531105469,1.7037151599005202,5,control
227,440.0,380.0,440.4500339057099,379.78979532930845,0.22651545703411102,1,0.1800495440790049,0.323765995423858,5,control
228,318.0,280.0,319.53984005749277,281.2199342415757,0.213494211435318,1,1.715418810776275,1.5874562558201113,5,control
229,314.0,233.0,316.0,230.0,0.21182185411453247,1,3.081451230151655,,5,control
230,403.0,398.0,402.7002557837202,398.0501004329272,0.1500040590763092,1,0.9707328197476613,0.845600409666894,5,control
231,431.0,282.0,432.11003403928305,281.7400156006524,0.2526133060455322,1,0.47781582098445674,0.17045724106670873,5,control
232,437.0,346.0,438.07988964912516,345.8300073584515,0.23615700006484985,1,0.4540516682679527,0.11221178529962846,5,control
233,236.0,233.0,240.0,233.0,0.10374320298433304,1,3.371253646204261,,5,control
234,391.0,373.0,394.9002445240919,371.07039202126856,0.11040164530277252,0,3.683769017971533,2.629188135123084,5,control
235,357.0,238.0,358.38005028216986,237.5801845978689,0.18577232956886292,1,0.766915376733628,0.2808365311135466,5,check
236,282.0,325.0,283.0,324.0,0.15716876089572906,1,0.8448726463702664,,5,control
237,421.0,413.0,423.9196529001277,412.6498464493517,0.11527738720178604,1,2.2951926017920865,1.6990628475330922,5,check
238,433.0,316.0,434.01988862262743,315.8101320578894,0.16178357601165771,1,0.390685762588288,0.18467700286365968,5,control
239,303.0,239.0,305.0,237.0,0.21602684259414673,1,2.228688798166369,,5,control
240,409.0,426.0,410.6700742723591,425.42009109514817,0.21750032901763916,1,1.098741846208798,0.5402266683361973,5,control
241,372.0,431.0,372.46007124575647,430.3903285230809,0.10233932733535767,1,0.4090254978536636,0.8114543217568005,5,control
242,322.0,305.0,321.0,305.0,0.1289452463388443,1,1.6503866134661134,,5,control
243,268.0,313.0,268.0,313.0,0.11046519875526428,1,0.6772907022413476,,5,check
244,394.0,230.0,395.41003823297115,229.6701882229906,0.2899622619152069,1,0.7803372916242588,1.0133843131432894,5,control
245,338.0,235.0,338.51005229603754,234.61993652475033,0.21846185624599457,1,0.19169951914984995,0.6559385217469156,5,check
246,436.0,248.0,436.92001767685224,247.81025528882174,0.20749612152576447,1,0.2885937880819103,0.4516121558254004,5,control
247,441.0,394.0,441.66013251582075,394.03982610479517,0.19500181078910828,1,0.2746335409167301,0.30755733342602454,5,control
248,254.0,246.0,255.06002104184216,245.81014127369747,0.12786796689033508,1,0.42634326057414135,0.8875856310685253,5,control
249,410.0,252.0,412.2401144663073,252.10016791540122,0.23945613205432892,1,1.639694649374525,1.3887210810591102,5,control
250,321.0,246.0,322.3201854217131,245.70951716881362,0.16608008742332458,1,0.6864858106127051,0.516356947242136,5,check
251,321.0,260.0,322.0000211476234,259.8698679329354,0.191823810338974,1,0.38004513531408946,0.3750890554105351,5,control
252,355.0,435.0,355.59989020150186,434.8399436829753,0.17170433700084686,1,0.08177323959369083,0.2863725841522701,5,control
253,266.0,248.0,267.0,251.0,0.11450367420911789,0,3.2593293361812403,,5,control
254,378.0,413.0,378.45002992843814,412.8197952119251,0.10824321210384369,1,0.18638754121306403,0.22963845033052682,5,control
255,435.0,361.0,435.7600460148138,360.6599695121706,0.23027034103870392,1,0.16889795155214787,0.3729020127828848,5,check
256,664.0,435.0,664.6103024728816,435.7299571774752,0.12695419788360596,1,0.9537005726189072,0.45679635165298144,6,check
257,476.0,393.0,478.0,392.0,0.24514858424663544,1,1.5729163300766993,,6,control
258,474.0,245.0,474.72017742129356,244.66996808279282,0.20400239527225494,1,0.13205347582267804,0.378597482917171,6,control
259,596.0,436.0,597.1899833474848,436.1200247198544,0.11902245879173279,1,0.6633011362964637,0.7128252681534297,6,control
260,646.0,315.0,647.6397759008809,314.75968023479584,0.1448553204536438,1,1.0107271137029616,0.9981109861780353,6,control
261,569.0,404.0,570.3200292403277,403.77004332417147,0.17133693397045135,1,0.693866326498666,0.15406936438601404,6,control
262,573.0,222.0,574.2700347389956,221.73003685189633,0.2678118050098419,1,0.6375321486493603,0.23273188952163787,6,control
263,571.0,253.0,571.9798582222289,253.06999316181194,0.19382016360759735,1,0.4559727980831121,0.27610485966702725,6,control
264,539.0,375.0,539.3100160218829,374.8700416071363,0.24421274662017822,1,0.33267116390268026,0.1874945694634778,6,control
265,492.0,306.0,492.78987354898675,305.9599684028297,0.20433512330055237,1,0.24723255184574822,0.2084329883783579,6,control
266,487.0,338.0,487.0,341.0,0.18495169281959534,0,3.2911821824607186,,6,control
267,543.0,364.0,543.7800287662066,363.76010434813315,0.2573521137237549,1,0.15227426832178262,0.25943028050513417,6,check
268,502.0,241.0,503.31023755233065,241.14031352769575,0.16807343065738678,1,0.7702752291504715,0.28665112737580717,6,control
269,462.0,260.0,462.73993605521684,259.48996361304955,0.2645949721336365,1,0.29904778691964146,0.22726418813644536,6,control
270,459.0,285.0,459.9602002813645,284.519867912158,0.25537538528442383,1,0.411622754742888,0.8270318407285048,6,control
271,655.0,267.0,655.3601961292311,266.51005355730206,0.11096850782632828,1,0.3809927155864344,0.5246752488984326,6,control
272,574.0,327.0,571.0,326.0,0.1320226937532425,0,3.7110586457641457,,6,check
273,611.0,313.0,612.0100290630392,312.80986949345936,0.2586120367050171,1,0.3819086746979312,0.30120220299208705,6,control
274,549.0,402.0,550.0,402.0,0.15004479885101318,1,0.43776251767569585,,6,check
275,561.0,373.0,562.7501706106311,372.7498391713164,0.17734277248382568,1,1.1227948045829972,1.0284711962177506,6,control
276,527.0,335.0,527.9900266832585,334.7402648430171,0.26594796776771545,1,0.3617254019942787,0.3328580855973427,6,control
277,659.0,359.0,659.899903610998,358.72998388609875,0.17388685047626495,1,0.27678645605741764,0.22396486178399316,6,check
278,613.0,278.0,613.8700085276976,277.9101156930316,0.15714403986930847,1,0.27396281162002806,0.20957217453190558,6,control
279,514.0,411.0,514.7698949038512,410.7700990704691,0.15091533958911896,1,0.14341596593990188,0.1479204115281626,6,control
280,445.0,435.0,444.0,434.0,0.21597659587860107,1,1.7979356211956943,,6,control
281,572.0,292.0,573.8700695125315,291.45011749290995,0.16715307533740997,1,1.2806649486172685,0.6352163057570739,6,control
282,454.0,376.0,454.66999340116627,376.030088708353,0.2215423285961151,1,0.2654809226019338,0.9015799006399815,6,control
283,503.0,328.0,498.0,327.0,0.11849308013916016,0,5.682770777223327,,6,control
284,640.0,355.0,640.8601795895117,354.6201194147593,0.1450999677181244,1,0.28016291383392844,0.30246967748396264,6,control
285,633.0,265.0,635.2800732113211,264.4101720054688,0.10813605040311813,1,1.6888541683435982,0.4045799153345847,6,control
286,495.0,288.0,496.8900906463921,287.2901207704691,0.1497722566127777,1,1.3466794542286469,0.9456469217921288,6,check
287,601.0,317.0,601.8698998156024,316.7301124845529,0.1675749570131302,1,0.24442548588476637,0.15184808332755345,6,control
288,445.0,231.0,446.0201510580719,230.86000711208257,0.2451414316892624,1,0.39564073761256635,0.23165338558213538,6,control
289,657.0,345.0,658.4700246116463,344.8299304000377,0.18037307262420654,1,0.8439176339083315,0.3085519617069264,6,control
290,515.0,434.0,516.5301676231562,432.72007527349183,0.12841247022151947,1,1.3858532829053631,0.9034466128036192,6,check
291,575.0,344.0,575.7400209036814,343.8499661172281,0.2862645387649536,1,0.13503874343931346,0.14956106194747731,6,check
292,541.0,304.0,542.1800151402941,303.90989164005487,0.13471263647079468,1,0.5661065027532115,0.2859839864204789,6,control
293,470.0,407.0,470.8896648848336,406.58971013112074,0.15278260409832,1,0.3174555834507011,0.26765964402340886,6,control
294,446.0,353.0,446.0,352.0,0.29253533482551575,1,0.9930126486038917,,6,control
295,605.0,274.0,605.5101584856038,273.7602050411921,0.10171669721603394,1,0.12226585707560989,0.34828594084074516,6,control
296,513.0,282.0,513.8000114531067,281.8901064909864,0.2207021564245224,1,0.20557678270097107,0.23339399170032127,6,control
297,638.0,393.0,639.6099048101967,392.7000781322475,0.14977329969406128,1,0.9869277856417642,0.34235878815920334,6,control
298,593.0,342.0,594.1096443311417,341.65013679019137,0.15972846746444702,1,0.4967981657667065,0.516254164998569,6,control
299,642.0,434.0,643.0,433.0,0.11669842898845673,1,0.8617520141627376,,6,control
300,540.0,343.0,541.2100509473423,342.58016205999553,0.30479392409324646,1,0.6117437250096946,0.5960264110387257,6,check
301,470.0,323.0,470.61988899096735,322.7603443746898,0.21978160738945007,1,0.014020830131533256,0.1876184318245026,6,control
302,561.0,425.0,561.9399952542016,424.8906553544916,0.13712014257907867,1,0.33629041186448044,0.5209861097896844,6,control
303,554.0,241.0,553.0,248.0,0.1320408582687378,0,7.408686425676647,,6,control
304,551.0,250.0,553.0,248.0,0.1688292920589447,1,2.2391432641448414,,6,control
305,671.0,414.0,671.5900348126636,413.7200793152564,0.1606985181570053,1,0.06651271719110005,0.31213361638283865,7,control
306,806.0,279.0,807.3400133819705,278.830310892371,0.11193647235631943,1,0.7125071101406553,0.5286182134886735,7,control
307,787.0,287.0,788.0001882575308,286.5800055561462,0.11386170983314514,1,0.42337569794560226,0.2050771039279698,7,control
308,683.0,345.0,684.6498953088919,344.79995046827275,0.1351013034582138,1,1.0226526953640047,0.2057302251218887,7,control
309,777.0,243.0,778.370030370446,242.76004999208556,0.10775298625230789,1,0.7395122124988645,0.48296696495580893,7,check
310,746.0,362.0,746.8600415817713,361.7198499592506,0.2065725475549698,1,0.2417975192451183,0.3097114967939019,7,control
311,722.0,346.0,724.1500789585186,345.40002223402627,0.236240416765213,1,1.5697431837037537,0.5610081641580986,7,check
312,680.0,282.0,680.9798503966708,282.07025831326376,0.17320385575294495,1,0.4551718657568087,0.19892270815710253,7,check
313,719.0,310.0,720.009774646631,309.67012736714224,0.1512354612350464,1,0.3967272503540477,0.3154793815624288,7,control
314,708.0,390.0,708.5901395474871,389.9300824063518,0.19544968008995056,1,0.1553188504659612,0.25231050675957956,7,check
315,749.0,262.0,749.8498772914918,261.92997647475664,0.2303212285041809,1,0.26472578100089117,0.13299909611910157,7,control
316,677.0,438.0,678.6203064755183,437.67009131372515,0.10343486070632935,1,1.002532991564741,1.7579112051140062,7,control
317,676.0,309.0,676.5303796798249,309.149948840829,0.11513952165842056,1,0.38456345982412726,0.711929530749483,7,check
318,672.0,388.0,673.6500424679476,387.6899548114574,0.12350619584321976,1,1.0280359803156482,0.2256720780008307,7,control
319,706.0,314.0,706.6698846890711,313.8500854998742,0.21670153737068176,1,0.08174607776156954,0.1501017680610202,7,control
320,719.0,407.0,720.5500297951313,406.7003392419347,0.2060629278421402,1,0.9290052197317439,0.4167541974309833,7,control
321,725.0,380.0,726.0500409673289,379.6601405348571,0.23493623733520508,1,0.4410524683863936,0.26314173688984793,7,control
322,759.0,376.0,760.5798890829857,375.7902063785515,0.15084661543369293,1,0.954655408065446,0.5299037885112707,7,control
323,667.0,285.0,668.6300346561525,284.72008461828545,0.1687929928302765,1,1.0014473005544866,0.5868055353424003,7,control
324,805.0,251.0,806.5000153429477,250.84019948963348,0.10158823430538177,1,0.8715669361330199,1.1086951378058885,7,control
325,690.0,380.0,691.3400463969165,379.64004648434724,0.1761130392551422,1,0.7273981327860227,0.2778375468079861,7,control
326,700.0,354.0,701.4399929753482,354.04005817680826,0.24592779576778412,1,0.8540307212705169,0.3325761153061501,7,check
327,695.0,269.0,696.1499927842968,269.0500196907199,0.1761857122182846,1,0.5855341624724972,0.11831961006300422,7,control
328,716.0,232.0,716.8497157425845,232.06036978049406,0.11743638664484024,1,0.3542440599764415,0.8082624093252987,7,check
329,727.0,308.0,728.6300307433735,307.72021719401135,0.23272912204265594,1,1.0032435438832683,0.47199292945541,7,control
330,754.0,287.0,754.6800438053072,286.6202242140755,0.19755667448043823,1,0.1695107466984667,0.3435810007268889,7,check
331,812.0,323.0,812.0,477.0,0.10260125994682312,0,154.2189172039082,,7,control
332,727.0,322.0,728.3700369347395,321.7399174946152,0.27268266677856445,1,0.7431458205849992,0.20670614143634364,7,control
333,765.0,265.0,766.1100024790799,264.86054543402247,0.11672589182853699,1,0.48621766274945893,0.4742793617012503,7,control
334,747.0,274.0,744.210095765118,275.35963261790334,0.2607274353504181,0,3.7662765305595305,3.0350947776945505,7,control
335,772.0,395.0,772.879890431681,394.8299808433063,0.1488373875617981,1,0.26013367613206023,0.5310666320629229,7,control
336,744.0,347.0,746.0202066108913,346.4997433692312,0.14998315274715424,1,1.4215698482653605,0.5077293351601279,7,control
337,729.0,390.0,729.7301588860569,389.7801015538703,0.22571806609630585,1,0.10515188945275393,0.2831334706770506,7,control
338,712.0,380.0,711.0,376.0,0.1456523835659027,0,4.113931508388912,,7,control
339,775.0,337.0,775.779894993709,336.7103657824449,0.18300075829029083,1,0.16914266949520307,0.38015055026120065,7,control
340,743.0,419.0,744.4699252443446,418.5500601585627,0.17344562709331512,1,0.8770255878627297,0.42461847444829337,7,control
341,680.0,358.0,682.350179936808,357.77938829646496,0.11585304141044617,1,1.7232487006320445,0.5382003579449753,7,control
342,760.0,302.0,761.6400213594521,301.8200855527648,0.23369784653186798,1,1.0122400692328106,0.21916102180502037,7,control
343,735.0,282.0,736.3997835977196,281.6499139984791,0.1475951224565506,1,0.7812370216219028,0.3122420062438161,7,control
344,756.0,237.0,756.9201594038934,236.79999408927674,0.16019326448440552,1,0.289295720029981,0.17370450808227103,7,control
345,689.0,252.0,689.7001456813749,251.90996449221134,0.14846543967723846,1,0.14744362293403382,0.2509497351386962,7,control
346,806.0,363.0,807.3400357908583,362.72004617132495,0.11555996537208557,1,0.7175104028721249,0.22054655217591296,7,control
347,747.0,239.0,747.9405266248913,239.00014027229835,0.1456288993358612,1,0.378250015825744,0.29628311218933556,7,control
348,680.0,418.0,680.9600307134209,417.7401282900194,0.1813993752002716,1,0.33775027403087526,0.33675441983785515,7,control
349,696.0,301.0,699.0102360746498,300.1602736767224,0.2242068350315094,1,2.460141924596771,0.5824314653168019,7,check
350,694.0,235.0,695.0399826731373,235.10013748747704,0.16580478847026825,1,0.518531079373379,0.5056681522927036,7,control
351,173.0,445.0,210.0,764.0,0.10758160054683685,0,321.3139482078305,,8,control
352,213.0,481.0,215.0,482.0,0.10328409075737,1,1.8528354644895164,,8,control
353,40.0,513.0,51.0,716.0,0.1009906455874443,0,203.51852692496612,,8,control
354,205.0,517.0,207.0,519.0,0.10967028886079788,1,2.632149538406291,,8,control
355,203.0,527.0,97.0,433.0,0.10259628295898438,0,141.98362301272985,,8,check
356,217.0,508.0,221.0,503.0,0.18032246828079224,0,5.83159578744265,,8,control
357,200.0,501.0,201.90997283371155,500.0606507120474,0.15206478536128998,1,1.4598493135509267,2.357352823810678,8,control
358,425.0,528.0,426.10988429320554,527.8401438723214,0.1416967213153839,1,0.49330439097464845,0.283602512855126,9,check
359,425.0,569.0,425.969984272789,569.0901282463041,0.10009082406759262,1,0.4776743506275989,0.79342950722772,9,check
360,410.0,539.0,408.0,537.0,0.1229359358549118,0,3.160290850182553,,9,control
361,331.0,517.0,331.78002870171383,516.7899716550239,0.14203621447086334,1,0.15882843161762972,0.23788309344774147,9,control
362,326.0,506.0,326.93006927776474,505.45012544745356,0.1488862782716751,1,0.4358336246708845,0.342809081712442,9,control
363,420.0,632.0,420.0,633.0,0.18317101895809174,1,1.3822809776872045,,9,control
364,277.0,509.0,275.65048268385044,505.340100494993,0.14377206563949585,0,3.9477588811564632,1.9725041104585121,9,control
365,430.0,657.0,430.7700196540191,656.7703681346999,0.10524502396583557,1,0.15349797352675043,0.43914404905633286,9,control
366,399.0,633.0,401.0799109902269,632.6102733707147,0.1358429491519928,1,1.469778922976249,1.238549538583195,9,control
367,428.0,544.0,428.60002669000676,543.8398150200284,0.17154979705810547,1,0.07802208890275905,0.279208776651673,9,control
368,388.0,446.0,390.4803388414816,444.4300736921905,0.14032883942127228,1,2.284127292455199,1.9901488368398212,9,control
369,413.0,640.0,415.53048189211944,637.3202172398874,0.14772622287273407,1,3.102758485462367,1.7722659912014036,9,control
370,387.0,481.0,387.900017690615,480.84011994419797,0.16567251086235046,1,0.28558659899395195,0.20820041662668703,9,control
371,394.0,495.0,395.5800468480995,494.6002110347585,0.1614675223827362,1,0.9698269406307586,0.4699924970332803,9,control
372,411.0,448.0,411.0,447.0,0.1681097447872162,1,0.9886305189867931,,9,check
373,269.0,493.0,269.0,489.0,0.11588782072067261,0,3.8102214417731894,,9,check
374,409.0,663.0,409.7500500957061,662.600100996906,0.19383841753005981,1,0.2103204987938299,0.21907912705271776,9,control
375,375.0,467.0,376.0,469.0,0.11090730875730515,1,2.2677645196176366,,9,check
376,400.0,456.0,401.2200269155983,455.819897295234,0.22506605088710785,1,0.5968192883946036,0.3334422126523952,9,check
377,434.0,501.0,435.7799054062887,500.71996801613943,0.1956019401550293,1,1.1573790397088968,0.44040348569269655,9,control
378,332.0,464.0,331.0,463.0,0.100867860019207,1,1.7956894749527115,,9,control
379,431.0,631.0,433.49997146397254,630.2299328121978,0.10593333840370178,1,1.9565054982654706,0.8430679774205702,9,control
380,418.0,491.0,419.4698974034422,490.7600593368791,0.1843739002943039,1,0.8458681735598733,0.22662167542844147,9,check
381,375.0,652.0,375.8800257234142,650.7801175274502,0.14998859167099,1,1.015735452993973,0.6643177248410133,9,control
382,385.0,517.0,386.0,512.0,0.10779091715812683,0,4.778192018382878,,9,control
383,341.0,454.0,342.0,453.0,0.1114143505692482,1,0.8486520227054588,,9,control
384,302.0,491.0,300.0,490.0,0.1125197783112526,0,2.733144371127062,,9,control
385,417.0,648.0,417.8401823192819,646.6001168415004,0.2225016951560974,1,1.1842841994315465,3.1789692316392193,9,check
386,273.0,482.0,274.0,480.0,0.10762534290552139,1,1.7980963195303676,,9,control
387,439.0,646.0,439.880151605861,645.8599885514809,0.11733056604862213,1,0.2800027529052804,0.3152157055009671,9,control
388,334.0,455.0,335.0,453.0,0.1042826920747757,1,1.8008918499192574,,9,control
389,311.0,460.0,312.0,460.0,0.11521834135055542,1,0.44352621534820325,,9,control
390,371.0,506.0,372.0,506.0,0.17797118425369263,1,0.4446523088753318,,9,control
391,242.0,513.0,238.0,515.0,0.13497357070446014,0,5.140273782246793,,9,control
392,416.0,482.0,416.98986089910835,482.02012725893405,0.15080949664115906,1,0.445647691435615,0.41480805166387785,9,control
393,428.0,646.0,428.5400733907703,645.4599411280667,0.17212463915348053,1,0.3134039035774715,0.8996956428236612,9,control
394,404.0,503.0,404.8200154166156,502.83024195299356,0.19651779532432556,1,0.20712709900737392,0.29998123645907604,9,control
395,248.0,480.0,247.0,480.0,0.14590208232402802,1,1.6443911971484935,,9,control
396,325.0,477.0,345.0,611.0,0.12447857856750488,0,135.631329386595,,9,control
397,253.0,504.0,256.0,504.0,0.15214656293392181,1,2.38704314655292,,9,control
398,602.0,516.0,501.07006594947563,779.529878543581,0.16303472220897675,0,282.6343411969957,0.6868855238126681,10,control
399,511.0,562.0,511.97015555344655,561.680664066226,0.21260379254817963,1,0.36103091504412776,0.3171737695043887,10,control
400,573.0,619.0,574.8099013761264,618.7201045691371,0.14809530973434448,1,1.194231597526786,0.42239311839959076,10,check
401,620.0,610.0,621.2800267453243,609.7900379428869,0.22040797770023346,1,0.6636548708518274,0.25150444486327694,10,check
402,634.0,560.0,635.2600441229171,559.6301684931428,0.18759676814079285,1,0.6572672990796369,0.338484826382851,10,control
403,541.0,623.0,542.1699317857001,622.4801532354654,0.22644829750061035,1,0.6238628539827931,0.3407456877300176,10,control
404,482.0,569.0,482.58993531637645,568.4999436875629,0.21906284987926483,1,0.2686637385099608,0.372381502521789,10,control
405,468.0,542.0,472.1101496381357,541.7505497772072,0.17044246196746826,1,3.4889553970698852,1.4136912770008279,10,control
406,483.0,463.0,485.0,469.0,0.11355063319206238,0,6.381909270331248,,10,control
407,561.0,606.0,561.9200334569538,605.7499903721367,0.1652185320854187,1,0.303253928029475,0.5825674955906399,10,control
408,577.0,652.0,577.959898137695,651.7401243772404,0.18284645676612854,1,0.3459530837651552,0.16983389185752362,10,control
409,506.0,449.0,507.08982477687726,449.2602721531656,0.17519742250442505,1,0.6761687502435321,1.1464266907798035,10,control
410,627.0,504.0,631.0,505.0,0.19100233912467957,0,3.5944334927280597,,10,check
411,533.0,546.0,534.1901808853164,545.6300305498952,0.14535339176654816,1,0.5866127045435785,0.39583816177403547,10,check
412,591.0,623.0,592.0196405125417,622.7697266616649,0.1248045414686203,1,0.40328173940022854,0.2284195868905855,10,control
413,628.0,488.0,629.270146231591,487.8303055248492,0.1868366301059723,1,0.6507258220077888,0.6585946679475659,10,control
414,496.0,573.0,497.51009352349814,572.2502031239303,0.2669280469417572,1,1.0298449254073325,0.5057290125708919,10,control
415,456.0,612.0,457.4100050245469,609.9500545516865,0.19845137000083923,1,1.9803956070850348,1.8832869782983435,10,control
416,447.0,473.0,448.4902950523643,472.76007372673064,0.1656983643770218,1,0.8658112418086552,0.4091235589276929,10,control
417,531.0,483.0,531.6200001610988,483.0099495820964,0.2383214831352234,1,0.23995296707756295,0.2305862584434238,10,control
418,507.0,506.0,510.0198833195984,505.85013190137823,0.10370325297117233,1,2.3988829495526067,0.9803146691672275,10,check
419,662.0,570.0,661.9498915480365,569.7901228558442,0.16667455434799194,1,0.6681837102681658,0.26190578754919974,10,control
420,619.0,588.0,620.2999141066873,587.5803026547577,0.12839780747890472,1,0.7089444671661691,0.6141885314344118,10,control
421,651.0,496.0,652.460045927383,495.64006239343433,0.14270442724227905,1,0.8496124362659094,0.45263114374225927,10,control
422,571.0,449.0,567.0,446.0,0.12360889464616776,0,5.391525060209377,,10,control
423,506.0,637.0,506.59005198301526,636.6199471308084,0.189776211977005,1,0.14966272037789896,0.49908680461731375,10,check
424,538.0,582.0,539.1597463477972,581.8204118180361,0.1433907151222229,1,0.5434232879626116,0.8998855433435088,10,control
425,647.0,531.0,648.3000319700977,530.7500407509125,0.12736497819423676,1,0.6807194242928879,0.6044982430224216,10,control
426,617.0,553.0,617.0799119935202,552.7496099442961,0.15524154901504517,1,0.5397350238291313,0.3589680732136898,10,control
427,575.0,500.0,573.0,499.0,0.14572125673294067,0,2.733168403921756,,10,control
428,586.0,470.0,586.0,471.0,0.15975108742713928,1,1.3765511443813945,,10,check
429,502.0,531.0,505.75055918649355,524.7601160219774,0.18131521344184875,0,6.774226235245842,1.153984754238402,10,control
430,453.0,520.0,453.849569909286,519.1603654764372,0.2239428162574768,1,0.647035181889172,1.0297945048730082,10,control
431,585.0,539.0,583.5898850020934,538.8500748938161,0.17892968654632568,1,2.031748687633779,0.9747258115102109,10,control
432,478.0,604.0,479.6200346307875,602.7499505994189,0.20550888776779175,1,1.4269914386268252,3.8780907570680303,10,control
433,526.0,589.0,526.5200682304896,588.4700710131503,0.2276705950498581,1,0.31438685856563137,0.4577594711226778,10,control
434,462.0,450.0,462.17985213664406,450.110019520446,0.1276027262210846,1,0.5620377690688146,0.430850714983745,10,control
435,530.0,457.0,530.6500280780962,456.7103524603795,0.16191382706165314,1,0.065206463237084,0.482588944247458,10,control
436,495.0,647.0,496.3899906484582,647.0003168559849,0.11508475244045258,1,0.8081420431021257,0.34265120929641113,10,control
437,589.0,663.0,589.0,668.0,0.12270590662956238,0,5.265502141749761,,10,control
438,616.0,647.0,616.8999130847772,646.570382239321,0.18156704306602478,1,0.3489544295461584,0.4422602519489486,10,control
439,456.0,587.0,457.1000327526536,586.7500142357674,0.22213317453861237,1,0.4808525273735713,0.446719186958583,10,check
440,499.0,615.0,499.81925986396357,614.4704850363718,0.16266460716724396,1,0.3586470548453591,1.1909721024824786,10,check
441,557.0,556.0,557.6897812662421,555.6002177925303,0.1439661681652069,1,0.18400940729708123,0.3932964970246193,10,control
442,659.0,447.0,659.770154752274,446.81010673951596,0.13428586721420288,1,0.1507654619416398,0.33440329417568015,10,control
443,585.0,568.0,586.0097228776051,571.0899931480492,0.14740203320980072,0,3.3415380328744075,1.4509929211772723,10,control
444,473.0,552.0,474.0300727992659,551.4500061293003,0.18442636728286743,1,0.5175288914593134,0.5449037723013048,10,control
445,538.0,645.0,538.8000232559365,644.8598414569179,0.14608317613601685,1,0.20544207457198063,0.29426200171367883,10,control
446,573.0,489.0,573.4800179437322,488.879931530156,0.1635601669549942,1,0.17881174832084037,0.3839241300916388,10,control
447,654.0,612.0,654.9400427234918,611.6501259906549,0.14249134063720703,1,0.3467655331622273,0.7706384050981496,10,check
448,689.0,563.0,689.4200396485861,562.6004549740942,0.20988817512989044,1,0.26453068398612617,0.2068179844951427,11,control
449,747.0,594.0,747.9296579705506,593.6994498522923,0.10524857044219971,1,0.3234995357248415,0.494941977363582,11,control
450,734.0,573.0,736.0800806226632,572.3601456859625,0.17343135178089142,1,1.5216041103078157,0.3603228771753686,11,control
451,671.0,565.0,671.2000271228394,564.760160029938,0.14698565006256104,1,0.41825879894865886,1.1914518347275302,11,check
452,808.0,576.0,809.2900322671967,575.6305701975923,0.1006406843662262,1,0.6906337436153748,0.9147392729698608,11,control
453,725.0,551.0,726.1495420913216,550.4201390803806,0.11887674778699875,1,0.6406247651502308,0.3865365956526093,11,control
454,774.0,562.0,775.1500538336236,561.5601541837076,0.19405075907707214,1,0.5765260085652059,0.5418571004265885,11,control
455,752.0,579.0,753.2398719817145,578.8704261412341,0.10739859938621521,1,0.6301065875875871,0.6468968645889391,11,control
456,715.0,515.0,715.8499527951627,514.3898460119314,0.10611948370933533,1,0.4510543438224447,0.1788252121512241,11,control
457,717.0,597.0,717.8600615971158,596.5101159323859,0.13795676827430725,1,0.36149846407749164,0.3419656352987874,11,control
458,769.0,599.0,769.2299234674043,598.5998955690237,0.1043028011918068,1,0.42514417482883377,0.5278946431052406,11,control
459,735.0,600.0,736.1100275394823,599.730280791232,0.13831742107868195,1,0.49652571852433125,0.27863466889020244,11,control
460,705.0,571.0,706.2500256014432,570.7701666195966,0.17436864972114563,1,0.6326956658300807,0.23458895893793164,11,control
461,697.0,554.0,697.7700672522949,553.4701041570818,0.15894506871700287,1,0.3419544011609499,0.34815629647046265,11,check
462,705.0,598.0,705.8399105390438,597.6501088203034,0.15504774451255798,1,0.2568789024369402,0.33867957705354945,11,check
463,696.0,654.0,696.6900397244148,653.6800927293401,0.13848526775836945,1,0.12196504702099038,0.19465853863179305,11,control
464,744.0,619.0,746.9300004028801,617.9402561059177,0.10620280355215073,1,2.462031853494646,1.3426778641406385,11,control
465,747.0,566.0,747.7900340301078,565.7201058304016,0.15978331863880157,1,0.18251841744605646,0.2582615620982821,11,control
466,817.0,625.0,818.099905673435,624.6204085588273,0.1383587270975113,1,0.5119617309452492,0.5780220069096839,11,control
467,694.0,589.0,694.020051755263,588.5502695637168,0.16136102378368378,1,0.637920320741617,0.7868094359702164,11,control
468,774.0,583.0,776.1998230852071,582.2404193904769,0.13829991221427917,1,1.6730028011015867,0.5989563567716578,11,control
469,724.0,575.0,726.4899371623972,574.4301958553366,0.17814506590366364,1,1.904889178978211,0.5248958115139656,11,check
470,722.0,561.0,719.0,563.0,0.19436652958393097,0,4.245831670982218,,11,control
471,813.0,563.0,813.9500266462913,562.8298614606603,0.10420200973749161,1,0.33700649873600036,0.29757220717262384,11,control
472,704.0,658.0,704.670022567826,657.8100895691643,0.1453268826007843,1,0.0661291247244744,0.17242430094093356,11,control
473,672.0,452.0,673.1498960685097,451.7501495275005,0.13269644975662231,1,0.5276271925492881,0.3662375168667831,11,check
474,704.0,648.0,704.9900558499182,647.5202657038285,0.10165226459503174,1,0.4546179460060921,0.4561640295221303,11,control
475,670.0,481.0,670.6600411030627,480.6999560980869,0.11518768221139908,1,0.08526946555977957,0.34899655493737614,11,control
476,814.0,634.0,810.0,641.0,0.11108998954296112,0,8.56757914065561,,11,control
477,668.0,547.0,668.4700352821972,546.7200634061693,0.11853618919849396,1,0.1587152107425778,0.4672602547061772,11,check
478,183.0,848.0,183.96978799622192,847.5999897622818,0.18184001743793488,1,0.3891196129542583,0.4868463364231485,12,control
479,213.0,820.0,218.53995028882358,814.30033556851,0.13466235995292664,0,7.349226876960965,1.0423738384671786,12,control
480,198.0,786.0,199.0,786.0,0.16205386817455292,1,0.45907484863557696,,12,control
481,179.0,820.0,180.0,820.0,0.17432956397533417,1,0.4607992959551439,,12,control
482,175.0,831.0,175.45989213954095,830.8000578546107,0.18406254053115845,1,0.15985452147767118,0.1994307050119738,12,check
483,212.0,835.0,216.0,834.0,0.11468815058469772,1,3.471196996460806,,12,control
484,205.0,833.0,200.06984183200612,831.2497392378752,0.12841179966926575,0,5.741687463225756,2.2881445146721084,12,control
485,169.0,796.0,170.05987918581548,795.880137087024,0.12044527381658554,1,0.46476513656701146,0.7200121709571774,12,control
486,200.0,819.0,204.32984498543365,821.1301719042751,0.11041562259197235,0,4.413412083692426,2.388227217585466,12,control
487,202.0,859.0,203.0399137337598,858.620135452832,0.1703091263771057,1,0.4491694833800425,0.39301974621789787,12,control
488,186.0,837.0,187.03989656340818,836.7202676372799,0.21035784482955933,1,0.4294850242801588,0.5459891518740111,12,control
489,174.0,867.0,175.78996641648763,866.2301038348843,0.11365582793951035,1,1.2891899914206117,0.5157791163593655,12,check
490,151.0,796.0,152.7199202888781,796.5800931851109,0.1842324137687683,1,1.3830819356239181,0.8282765859657122,12,control
491,239.0,763.0,239.94004796202807,762.6399934540569,0.11672234535217285,1,0.34530764565135563,0.6624838323332689,13,control
492,392.0,668.0,392.660009413874,667.8802205452384,0.13800355792045593,1,0.1260360525190793,0.2562972938464719,13,control
493,279.0,750.0,281.36009145890046,749.2701831593159,0.12081655859947205,1,1.8121744072118593,1.380352215253279,13,control
494,389.0,753.0,390.43018524927857,751.5900625245805,0.10934429615736008,1,1.427801260619578,1.5078904230424046,13,control
495,429.0,824.0,427.0,822.0,0.10492799431085587,0,3.148487428908547,,13,control
496,384.0,815.0,386.0,814.0,0.1307990700006485,1,1.5839327338871432,,13,control
497,402.0,817.0,402.74994529638985,816.4199652127013,0.17801284790039062,1,0.3683378689919663,0.603893934967259,13,control
498,320.0,797.0,319.5600389073188,796.690075455368,0.13717994093894958,1,1.053896819966847,0.813978543410706,13,control
499,413.0,836.0,412.8001611991841,833.7899782193174,0.17029941082000732,1,2.130514472501322,1.3426787226296322,13,check
500,238.0,882.0,238.0,881.0,0.13045485317707062,1,0.9682787744094451,,13,control
501,384.0,779.0,384.0,776.0,0.10582507401704788,0,2.827340668818165,,13,control
502,370.0,791.0,370.0,794.0,0.11093784123659134,0,3.297660837578001,,13,control
503,371.0,678.0,371.6000388153004,677.6602134515063,0.12440686672925949,1,0.10197506403381648,0.2580155726786448,13,check
504,417.0,791.0,417.0,791.0,0.14917106926441193,1,0.6558267495629188,,13,control
505,378.0,763.0,378.0,763.0,0.21900486946105957,1,0.6578761962859458,,13,check
506,394.0,817.0,394.69013770146637,815.999830238578,0.22580090165138245,1,0.7647055991197494,0.8868970257349356,13,control
507,400.0,831.0,400.649928581809,830.490216832686,0.16577033698558807,1,0.27323994920712286,0.6689105743750493,13,control
508,397.0,785.0,400.0,784.0,0.1251787394285202,1,2.5068241367243487,,13,control
509,400.0,841.0,401.03983166579525,840.1803984131275,0.12646111845970154,1,0.7224724358479527,0.5697144872179409,13,control
510,356.0,843.0,354.0,842.0,0.10513855516910553,1,2.717369857027896,,13,check
511,411.0,877.0,411.2599552326879,876.3300331784717,0.14083363115787506,1,0.5530388508974106,0.24205915676129375,13,control
512,531.0,750.0,532.2000629182854,749.4901610863884,0.12537361681461334,1,0.6504632170917128,0.4573127240476767,14,control
513,592.0,696.0,592.8200100490938,695.9001091033731,0.17065368592739105,1,0.24419583823303495,0.12708578032484028,14,control
514,658.0,699.0,659.3298489627055,699.1001720216585,0.11229703575372696,1,0.7885557913296962,0.4070404460307011,14,check
515,519.0,700.0,519.3499429487225,700.4200447581369,0.1602659821510315,1,0.704265290775132,0.7013468789972858,14,control
516,560.0,671.0,559.0,672.0,0.1461222767829895,1,2.0302567786089507,,14,control
517,611.0,757.0,612.5101690916619,756.6802053542144,0.13584886491298676,1,0.9044042469058106,0.49004336742212296,14,control
518,536.0,694.0,537.2598691874516,693.9202960213838,0.19971774518489838,1,0.6637348255039708,0.35688363547695556,14,control
519,663.0,745.0,665.0,745.0,0.13426373898983002,1,1.4082156654994353,,14,control
520,644.0,705.0,643.0,705.0,0.12021594494581223,1,1.628187198250143,,14,control
521,651.0,814.0,651.750064679036,813.4901014273117,0.12994492053985596,1,0.3155945620375925,0.30317929823365397,14,control
522,584.0,730.0,584.2999246482526,729.5301702746708,0.18308329582214355,1,0.39315761065753085,0.1877828206739508,14,control
523,559.0,733.0,560.2901368730346,731.9003079024692,0.20345374941825867,1,1.101683566825854,2.441977065138074,14,control
524,544.0,674.0,545.0600024812405,673.9501407259085,0.18692418932914734,1,0.48097892258934155,0.2604367127128641,14,control
525,584.0,800.0,584.4300194651285,799.8699249404975,0.1177038922905922,1,0.20531888300153348,0.2983113510339897,14,control
526,572.0,869.0,572.7900512649522,868.5901063390628,0.21454231441020966,1,0.2557624051495106,0.2725835362358742,14,control
527,538.0,862.0,539.2901513273789,860.8500429466563,0.10142455250024796,1,1.1430547363652457,0.785254650887141,14,control
528,494.0,861.0,496.4697754337744,859.6800557371224,0.11934180557727814,1,2.1552803332949737,0.7855145871875113,14,check
529,565.0,778.0,565.8601809152691,777.6101194538871,0.16039855778217316,1,0.2960545568722256,0.2782039418545827,14,control
530,623.0,697.0,623.1099478650613,696.390013057346,0.11630096286535263,1,0.6312698817665181,0.6280918588918697,14,control
531,558.0,766.0,558.6299484819307,765.3700820749791,0.16600105166435242,1,0.3984527808648189,0.2240306365201333,14,check
532,486.0,857.0,486.51994904132187,856.3103328778677,0.11595173180103302,1,0.4619082743765374,0.3420322698390351,14,control
533,523.0,729.0,524.0500184294555,728.8301398696847,0.12519338726997375,1,0.4420733703606638,0.7622429979017464,14,control
534,654.0,849.0,655.4200952014055,848.2401912312428,0.1262388676404953,1,0.9722191898807854,0.36385723587701135,14,control
535,622.0,812.0,622.7299216400004,811.5402272431052,0.14333467185497284,1,0.2605281200403488,0.4563225761597423,14,control
536,565.0,718.0,565.9700213939923,717.8101293418821,0.16822132468223572,1,0.35989042269132804,0.44135329236541526,14,control
537,654.0,686.0,647.9206417860573,684.2496102524645,0.11933673173189163,0,6.863576757143942,2.5023886173295624,14,check
538,494.0,709.0,496.1100501418485,708.5304141495137,0.13601580262184143,1,1.5147948982584478,1.3742943956619142,14,control
539,533.0,711.0,533.0,709.0,0.15145808458328247,1,1.8709272348481167,,14,control
540,572.0,729.0,572.4300420674946,728.6700582987792,0.21376264095306396,1,0.20711134915086377,0.21599918022907244,14,control
541,632.0,781.0,632.5699499779619,780.389941466454,0.2282097339630127,1,0.3831789949806857,0.35595690815789127,14,check
542,617.0,796.0,617.2800626052631,795.4901716924464,0.14889386296272278,1,0.43169408543313265,0.19028365331591932,14,check
543,553.0,752.0,554.0401749724326,751.6202758541159,0.17999133467674255,1,0.4537445291900216,0.48900050934820877,14,control
544,524.0,836.0,524.0,835.0,0.1372753530740738,1,0.97769518609383,,14,check
545,484.0,723.0,485.549918302536,722.6000705689819,0.12750226259231567,1,0.9512029716492606,1.6982857500647517,14,control
546,660.0,807.0,661.4799277922385,806.5599288694663,0.14276155829429626,1,0.897795367903038,0.5223472521819192,14,control
547,583.0,680.0,584.1901199649753,680.060161443126,0.20773139595985413,1,0.6450567986329349,0.5602271386154405,14,control
548,512.0,722.0,513.5701144363547,720.1200790114093,0.16647355258464813,1,1.9044996909804108,0.9773218162044749,14,control
549,500.0,751.0,500.0,751.0,0.10714058578014374,1,0.6551287251825109,,14,control
550,575.0,753.0,575.6700875944244,753.2902241795354,0.12885065376758575,1,0.5246415252168259,0.43557203596318494,14,control
551,554.0,805.0,554.379810320106,804.390177515739,0.10580768436193466,1,0.44134488501545616,0.5088599098462855,14,control
552,513.0,679.0,513.850021799033,678.8399807396858,0.1496763676404953,1,0.24628257883266233,0.45059644111354696,14,check
553,739.0,859.0,740.5299793011327,858.1699370242364,0.13310664892196655,1,1.105763183835591,0.37625557505720486,15,control
554,796.0,706.0,797.6101462914961,705.7904833328331,0.1535966843366623,1,0.999759353539205,0.9193654052656216,15,control
555,827.0,738.0,828.1399215549965,737.4406797176083,0.14754033088684082,1,0.6303963847777004,0.9668789588108722,15,check
556,813.0,838.0,813.6600093493812,837.9100878521292,0.12009301036596298,1,0.14291427260944736,0.15935425185511323,15,check
557,720.0,793.0,720.9600637928596,792.5199965751049,0.1868249922990799,1,0.4350180038975239,0.3385784916376703,15,check
558,787.0,800.0,787.5899300778402,799.510076224161,0.11906338483095169,1,0.26811565304589796,0.4288640581942607,15,control
559,723.0,720.0,723.9700266970214,719.7701294983933,0.1180630698800087,1,0.3594127157932521,0.38513894339230015,15,control
560,743.0,798.0,748.0,799.0,0.14209924638271332,0,4.560409475957209,,15,control
561,780.0,765.0,780.6500836309154,764.3500887175281,0.2022871971130371,1,0.42973757292339676,0.19451459884108419,15,control
562,780.0,736.0,780.549685098244,735.3003290687093,0.20472759008407593,1,0.4814694463685592,0.5098058190954072,15,control
563,812.0,705.0,813.2200044422176,704.9600293231708,0.16897901892662048,1,0.6357568054670133,0.32638531194803533,15,control
564,670.0,721.0,670.8699488686209,720.3601139322811,0.10007444024085999,1,0.4876436186883704,0.47583040034120316,15,control
565,713.0,807.0,713.7797689822767,806.6902293721956,0.18089568614959717,1,0.19219418111449701,0.3145555415899777,15,control
566,721.0,772.0,721.430034112951,771.7300580640125,0.1335422545671463,1,0.18398190096806563,0.22461920670865396,15,control
567,682.0,744.0,681.0,746.0,0.12099773436784744,0,2.7475144866816983,,15,control
568,693.0,800.0,694.160094828478,799.280024029317,0.20977053046226501,1,0.7409201241368807,0.5201257196193588,15,check
569,774.0,775.0,774.7000476398306,774.6200942898641,0.1789519190788269,1,0.18240524040850745,0.23422820414402493,15,control
570,779.0,820.0,778.0,825.0,0.15065819025039673,0,5.464197500097349,,15,control
571,787.0,776.0,793.0,771.0,0.10921166837215424,0,7.204784356544161,,15,control
572,821.0,715.0,821.7100356688874,714.7100952634713,0.18578624725341797,1,0.12227433128881304,0.22426874175580455,15,control
573,679.0,751.0,681.4494957772483,749.7900448296442,0.10839371383190155,1,2.086093062535983,1.1027733460549383,15,check
574,825.0,692.0,825.680031808999,691.7400911688161,0.25080108642578125,1,0.08022374392312724,0.1481162504575328,15,control
575,834.0,832.0,837.0,834.0,0.11794861406087875,1,3.2664428319543353,,15,control
576,677.0,793.0,678.6499617257405,792.2402178108807,0.16444803774356842,1,1.1702786405651606,0.6655338883575969,15,check
577,845.0,704.0,843.0,705.0,0.13792918622493744,0,2.880554568710944,,15,control
578,737.0,769.0,739.0,768.0,0.16654175519943237,1,1.5933069867742842,,15,control
579,831.0,759.0,832.610064094546,758.41048090691,0.14175179600715637,1,1.0682822780520318,1.053234934599986,15,control
580,749.0,737.0,749.6599046145577,736.7000847610337,0.1772574931383133,1,0.09165416683795954,0.5531959938384318,15,control
581,706.0,832.0,706.9599086792603,831.6899919971535,0.19607354700565338,1,0.3637367650074157,1.0255923769847248,15,control
582,757.0,750.0,757.5900613278088,749.5200800978122,0.14868497848510742,1,0.25754242732741367,0.3867155141766578,15,check
583,764.0,768.0,765.1200009852093,767.9302813344334,0.25043532252311707,1,0.5343448612250629,0.46221629967415767,15,control
584,753.0,820.0,753.5600508391341,819.6000758075181,0.13620465993881226,1,0.18179083599741863,0.35916716984176866,15,control
585,680.0,722.0,680.4399080623908,721.7099229795205,0.13810943067073822,1,0.18270395809319873,0.2714357732592302,15,control
586,835.0,686.0,835.3997467989803,685.7805763684473,0.19883738458156586,1,0.21115894002492988,0.2575037600583907,15,check
587,758.0,724.0,758.9100362120889,723.7001218177443,0.16013692319393158,1,0.3097005910563156,0.3311969969239316,15,control
588,692.0,835.0,689.0,830.0,0.15773437917232513,0,5.982206012287446,,15,control
589,838.0,738.0,839.9399420949256,737.3503884031614,0.1672615259885788,1,1.3991417786348763,0.9103142831319676,15,control
590,801.0,816.0,803.1996321761618,818.6804137560752,0.12824995815753937,0,3.3112723958602315,0.9938507733757508,15,check
591,740.0,715.0,737.0,716.0,0.11044816672801971,0,3.812374252785232,,15,control
592,750.0,699.0,751.450295337861,698.7003338099202,0.11478343605995178,1,0.8425375282382407,0.32968456343928026,15,control
593,723.0,835.0,726.0,831.0,0.12976859509944916,0,4.4699236834805065,,15,control
594,723.0,820.0,723.4200619929812,819.5200575599388,0.154988631606102,1,0.3154488390365716,0.32898695605045913,15,control
595,787.0,720.0,787.9098426515291,720.1601161050869,0.19125522673130035,1,0.48530315935702545,0.4668177329021495,15,control
596,697.0,857.0,699.0,854.0,0.22637857496738434,0,3.104270563864287,,15,control
597,777.0,706.0,778.0700700557329,705.4401440471829,0.10747289657592773,1,0.5704319583125513,0.6377197205993331,15,control
598,800.0,838.0,802.0,838.0,0.11725333333015442,1,1.4129401241753317,,15,control
599,141.0,956.0,142.26001489176457,955.8800349392222,0.10548903793096542,1,0.6664656826411163,0.40504902436928325,16,control
600,108.0,982.0,109.0601694621624,981.7200129629007,0.13914111256599426,1,0.4548653813780768,0.3823049853792786,16,control
601,115.0,965.0,115.7700314568489,964.7401031006315,0.15968313813209534,1,0.16344147364385175,0.3218644099056039,16,control
602,79.0,949.0,79.0,949.0,0.15703651309013367,1,0.6591079682966641,,16,control
603,115.0,952.0,115.5405865233223,952.5600889636307,0.11696670949459076,1,0.8161884272175715,0.7602777233356998,16,control
604,190.0,888.0,190.93006391024295,887.5199925978332,0.12783561646938324,1,0.3951190896289388,0.4750841280648377,16,control
605,200.0,901.0,199.83089157405044,893.2800037560015,0.17213359475135803,0,7.511364906804006,2.0728535752268367,16,control
606,64.0,963.0,64.0,963.0,0.11943994462490082,1,0.6590119371918733,,16,check
607,342.0,1076.0,343.0,1076.0,0.11019661277532578,1,0.46953881140178666,,17,control
608,373.0,1017.0,373.8300749720717,1016.4101123463921,0.19753026962280273,1,0.4155408838056084,0.36518418069021624,17,control
609,388.0,1008.0,388.96991931068334,1007.5801263290423,0.16087789833545685,1,0.4088148079645277,0.605165640064316,17,control
610,382.0,1077.0,382.45992528347244,1076.5500588328055,0.145974799990654,1,0.2491829855131436,0.26516533696665373,17,control
611,403.0,1047.0,402.4599677077047,1046.2300600848948,0.15735626220703125,1,1.2563653960429566,0.9726318853943537,17,control
612,386.0,1103.0,386.549912999507,1102.6400704124708,0.1019616350531578,1,0.1261239298971554,0.13389712557765857,17,control
613,386.0,1046.0,386.9900769330488,1045.4200009436545,0.14053165912628174,1,0.5156493114013732,0.40274970981433117,17,control
614,394.0,983.0,394.8599792711801,982.1898481202445,0.14135588705539703,1,0.6240810540762918,0.3274665828808022,17,control
615,330.0,973.0,331.0401271806785,973.0101417524062,0.10678057372570038,1,0.504898694027862,2.380190142121077,17,control
616,342.0,990.0,345.0,989.0,0.12577465176582336,1,2.513362699682413,,17,control
617,397.0,992.0,397.7600898292961,991.300103496497,0.10907221585512161,1,0.48477640183987564,0.29035869967009187,17,control
618,368.0,968.0,368.91996193055456,967.2601209523452,0.1718810349702835,1,0.5893893225724296,0.3557539970890172,17,control
619,292.0,1099.0,293.3505911795293,1098.559931198517,0.13497017323970795,1,0.7760352756819203,0.4531789641966571,17,control
620,403.0,1026.0,402.0,1026.0,0.1316859871149063,1,1.618999654993896,,17,control
621,323.0,1101.0,323.0699944230764,1101.0400091237896,0.1619606465101242,1,0.6008759479636667,0.3833759175278646,17,check
622,344.0,1042.0,344.5498996774416,1041.7699373280834,0.13430550694465637,1,0.05287939437252356,0.2208444896775291,17,check
623,436.0,959.0,433.31013640782237,958.0795143953281,0.10820172727108002,0,3.3630002367987535,1.1397630543801498,17,check
624,379.0,970.0,379.9202179306911,969.2703938902273,0.11532599478960037,1,0.5813837161150297,0.8736833876329975,17,control
625,307.0,915.0,308.1401187058715,914.1298893889934,0.10430672019720078,1,0.822063129273467,1.279369430619213,17,control
626,339.0,955.0,341.8600085668254,953.9101143672743,0.13048025965690613,1,2.408918103908292,1.3480197538681982,17,control
627,349.0,980.0,349.54995933651827,979.3199390888341,0.17539860308170319,1,0.439880393983976,0.38382857195834047,17,control
628,419.0,1092.0,422.0100956088732,1092.190402222286,0.11679981648921967,1,2.450714210588256,0.566808604336153,17,control
629,285.0,923.0,285.19972326645603,922.1696202972371,0.10967693477869034,1,0.7124342132878224,0.3904742507608495,17,control
630,430.0,1088.0,430.51002054235613,1087.8300682787926,0.16847938299179077,1,0.11304957576208494,0.253103167395776,17,control
631,354.0,967.0,355.7700752713312,966.3802370849578,0.14133498072624207,1,1.2254424329725697,2.9777841876767908,17,control
632,327.0,992.0,326.7899782193174,992.1998388008159,0.12197273969650269,1,0.9267130219743129,1.6943597861980617,17,check
633,400.0,1063.0,401.06993217697806,1062.4801399778928,0.1108672171831131,1,0.5464930531547687,0.33222902664504866,17,check
634,347.0,1098.0,348.6700556472647,1097.5899578542499,0.15551550686359406,1,1.0843939499417143,0.6785940259703679,17,control
635,340.0,979.0,340.25993136905726,978.5100324741715,0.1680663526058197,1,0.42272674749410466,0.3712320251289803,17,control
636,277.0,921.0,277.74981133041393,920.4598285676852,0.10512813180685043,1,0.32713209752895017,0.5650588313151782,17,control
637,382.0,1022.0,383.150504462106,1021.2199021009376,0.13413068652153015,1,0.7685821279819491,0.8958528100310759,17,check
638,246.0,885.0,246.23994464039265,884.4398975208255,0.10366448014974594,1,0.48386555561003664,0.4214676275064871,17,control
639,375.0,1026.0,375.46030451454124,1025.6602027164627,0.1378081887960434,1,0.17101242612911596,0.4375944978336035,17,control
640,332.0,1095.0,334.0,1094.0,0.1282990574836731,1,1.5916071899897755,,17,control
641,420.0,1104.0,417.8395151409168,1110.7794336946756,0.1445382833480835,0,7.54341539791789,4.151856260987198,17,check
642,509.0,1065.0,509.6699469996622,1064.3800873388802,0.20143011212348938,1,0.3892224007648562,0.25816926770372156,18,control
643,627.0,950.0,627.7399269039016,949.5002287253735,0.20280764997005463,1,0.3022652993053858,0.4035041784861692,18,control
644,514.0,907.0,514.7401866233388,906.5999710082019,0.10571590811014175,1,0.21311412893933765,0.25757775421311735,18,check
645,606.0,1024.0,610.0,1020.0,0.1032419204711914,0,5.07562348065797,,18,control
646,562.0,889.0,563.2700904208006,888.3100384952635,0.19787847995758057,1,0.8068181398621658,0.4167294288711492,18,control
647,530.0,1038.0,531.6101236246371,1037.020217281442,0.23984891176223755,1,1.2551902947130993,2.9270097280933323,18,control
648,626.0,1002.0,626.6199722557036,1001.2498160673035,0.17596420645713806,1,0.5189993787658086,0.6612317329457427,18,check
649,663.0,1021.0,663.8900826918485,1020.3501205357024,0.17910844087600708,1,0.5112229961343593,0.35575215684882805,18,control
650,610.0,1001.0,610.4398153883683,1000.3501856267936,0.19769112765789032,1,0.4470800860741381,0.32377344213989817,18,control
651,538.0,1095.0,538.7299175982358,1094.6000944326124,0.22762827575206757,1,0.21107832876989627,0.296419727962731,18,control
652,494.0,890.0,493.4500486180253,889.6200611459327,0.13706548511981964,1,1.1646601460691495,0.32756072262510855,18,control
653,486.0,969.0,486.670206848085,968.4200950079272,0.13413037359714508,1,0.34920603429912805,0.34173540712782957,18,check
654,571.0,959.0,572.0499388195271,958.4600048289079,0.11001814901828766,1,0.5428261191684469,0.27397371483683974,18,control
655,558.0,1026.0,558.7199388494797,1025.4400937328999,0.18862874805927277,1,0.3467986957974978,0.3169087593453235,18,check
656,499.0,1096.0,499.35003707748785,1095.71004753621,0.17251288890838623,1,0.25206673057500084,0.2666265439207193,18,control
657,519.0,1047.0,520.5900560892726,1046.5302126344102,0.17864851653575897,1,1.0184363554462126,1.0033222470736565,18,control
658,470.0,888.0,471.09005930692655,887.5500136925659,0.1126897782087326,1,0.5286682306540791,0.33075166345119744,18,control
659,649.0,973.0,649.8400775199657,972.4199810572957,0.20199401676654816,1,0.42397741215625523,0.28364983014446893,18,control
660,598.0,937.0,599.3500715471766,936.4500485535325,0.24349471926689148,1,0.8122801918909927,0.47451121249947714,18,control
661,501.0,1083.0,501.50004981263635,1082.580200506956,0.1917276680469513,1,0.20620445596183226,0.24997051098217613,18,control
662,586.0,1101.0,585.8999474254803,1100.370117870425,0.20718824863433838,1,0.8001495868488203,0.509143786849943,18,control
663,561.0,994.0,562.0,994.0,0.22127725183963776,1,0.4631715295564328,,18,control
664,549.0,967.0,549.8500709165444,966.4401148805232,0.12908397614955902,1,0.4092278460920194,0.2211425956523828,18,control
665,493.0,972.0,494.0,972.0,0.1251360923051834,1,0.4630812734540007,,18,control
666,561.0,1104.0,560.0,1103.0,0.21488335728645325,1,1.769364628146586,,18,check
667,656.0,1061.0,657.0800699521124,1060.470012679831,0.14941249787807465,1,0.568561653408021,0.3529704532260694,18,control
668,573.0,931.0,573.4698855361196,930.8201916778382,0.1527639478445053,1,0.14350097432092315,0.3334579502541879,18,control
669,624.0,929.0,624.0,929.0,0.24491988122463226,1,0.6453521254807715,,18,control
670,489.0,952.0,498.2306302895016,946.1803145034636,0.10604637861251831,0,10.27629381156413,1.4267605144523399,18,control
671,622.0,909.0,623.959891702387,907.7005222609292,0.14727452397346497,1,1.7268432589274147,0.9508159930131652,18,control
672,458.0,1104.0,459.18955929864035,1103.2304102782894,0.15142329037189484,1,0.7948140383786891,1.0148819653081387,18,control
673,587.0,977.0,587.7301045300093,976.1900999496308,0.25663644075393677,1,0.5911652019983509,0.3478800849602232,18,control
674,508.0,944.0,508.71979030017394,943.5899566574782,0.10485808551311493,1,0.20936208801415354,0.2962510844819122,18,check
675,508.0,1004.0,508.47006047158504,1003.5300641495973,0.20500651001930237,1,0.26724361614307446,0.5478036074211043,18,control
676,533.0,892.0,533.7902964655524,891.7699808845947,0.15342089533805847,1,0.1850903238230995,0.5169347132727837,18,control
677,534.0,998.0,534.9903235883918,997.5301409145328,0.19785678386688232,1,0.4547133922450658,0.19854431812654993,18,control
678,663.0,1030.0,662.3803021115563,1029.7100593390398,0.12809373438358307,1,1.2189608744425828,0.9503457424805477,18,control
679,661.0,947.0,658.0,948.0,0.11763044446706772,0,3.805552873026543,,18,control
680,601.0,1058.0,602.0,1059.0,0.15654794871807098,1,1.297419716497131,,18,control
681,573.0,1020.0,573.5900440929645,1019.6500795891509,0.19459250569343567,1,0.1161729682933909,0.17266565552620236,18,control
682,488.0,1099.0,489.87007090278155,1098.4102502251471,0.19931751489639282,1,1.3208693896135855,0.652666692029825,18,check
683,595.0,965.0,595.5400521786542,964.6199405020221,0.23979219794273376,1,0.15976254450312932,0.1958231769438405,18,control
684,488.0,1011.0,489.4699861646858,1010.1199292653318,0.11657409369945526,1,1.0809858423381093,0.5434377372930712,18,control
685,624.0,1037.0,622.0,1038.0,0.1265190839767456,0,2.8753017556337843,,18,control
686,532.0,903.0,533.170212846239,902.3601615305569,0.1616324782371521,1,0.6956491781934396,0.3578083753693081,18,check
687,482.0,940.0,482.1301373700937,939.9600213041346,0.15750442445278168,1,0.5130226800539369,0.4774642623698028,18,control
688,664.0,934.0,668.0,934.0,0.17627909779548645,1,3.405786727898549,,18,control
689,511.0,1099.0,511.29003737674736,1098.6801722747757,0.20055435597896576,1,0.31724596939120003,0.5273883418478388,18,check
690,684.0,1010.0,685.0,1010.0,0.10818430036306381,1,0.46235786818929336,,19,control
691,680.0,972.0,678.5298004528884,972.4601971282033,0.1345832347869873,1,2.1820282063390097,0.9526934845640206,19,control
692,851.0,914.0,843.229716649272,881.1598894650884,0.11962787806987762,0,33.67669229256771,0.7999700998069709,19,control
693,673.0,986.0,674.3397070030582,985.200036467633,0.21089616417884827,1,0.9345366712112901,0.4902218032494228,19,control
694,682.0,890.0,684.71012834291,890.069832616198,0.13995663821697235,1,2.1273975216239496,0.5490602192122315,19,check
695,673.0,994.0,673.6004218301626,993.829959373219,0.10929139703512192,1,0.05942717879720588,0.890466135235117,19,check
696,680.0,1036.0,681.2097869926622,1034.6298888873469,0.11406496912240982,1,1.2945496079156418,0.6101577443568527,19,control
697,684.0,942.0,683.0,940.0,0.14692845940589905,1,2.388133676034441,,19,control
698,673.0,953.0,669.9196848472875,952.3501127746372,0.16192078590393066,0,3.7053792334155107,1.0218036024779555,19,control
699,801.0,1025.0,686.0,1162.0,0.17448338866233826,0,179.4261514829617,,19,control
700,801.0,1025.0,802.9599869634313,838.0701269988024,0.1495111584663391,0,186.7127167371838,0.15213436828209648,19,control
701,698.0,908.0,700.4899079312447,905.680062301416,0.13836969435214996,1,2.8178540234559333,0.6475480845896611,19,control
702,687.0,959.0,691.0,955.0,0.20660196244716644,0,5.077487865463692,,19,control
703,218.0,1302.0,218.23993018604835,1301.4901624766385,0.30615395307540894,1,0.43502294947829684,0.23893737370281212,20,control
704,184.0,1292.0,184.13003813177755,1291.6204164488781,0.17100822925567627,1,0.47837966644682445,0.3358430123845599,20,control
705,99.0,1173.0,99.32005171370831,1172.6299112962347,0.11876696348190308,1,0.30008432784624145,0.41316277406566526,20,control
706,106.0,1296.0,104.97962627920133,1295.790119007558,0.14818580448627472,1,1.613456594094644,0.4565539795278012,20,control
707,139.0,1304.0,134.9005213493879,1302.0998694265397,0.12193017452955246,0,4.970876156194333,0.7654543162642019,20,control
708,135.0,1269.0,135.04006619584456,1268.470139952528,0.1655811220407486,1,0.6172345531257815,0.1833887197922545,20,control
709,203.0,1201.0,202.1699569105953,1200.3200212857842,0.14738668501377106,1,1.4882707480743942,0.27609804005771243,20,control
710,85.0,1305.0,84.89965853938341,1304.4903747267854,0.10978604108095169,1,0.736643107023573,0.4195988652833308,20,control
711,175.0,1262.0,178.0,1261.0,0.22620892524719238,1,2.519852114364692,,20,check
712,94.0,1254.0,94.13990141066655,1253.7101483582544,0.13028296828269958,1,0.4555719427842153,0.24252402595474837,20,check
713,120.0,1209.0,120.31003332122002,1208.710174808907,0.21779996156692505,1,0.2879678284191012,0.27609903960789917,20,control
714,168.0,1244.0,170.02983940149554,1243.2398665496999,0.2508319318294525,1,1.522409255684554,0.41777605675598345,20,control
715,202.0,1254.0,206.0,1251.0,0.145202174782753,0,4.376491142437704,,20,check
716,169.0,1288.0,169.3099602755852,1287.3199072706598,0.2947904169559479,1,0.5103787147400387,0.37265812242610535,20,check
717,111.0,1283.0,111.40992813062589,1282.5300522822747,0.2543731927871704,1,0.2805821332949364,0.18918793480742427,20,control
718,120.0,1220.0,120.28015275675669,1219.810174353136,0.1435513198375702,1,0.32226708679867877,0.19467761742981954,20,check
719,211.0,1212.0,211.02005427779204,1211.590004255754,0.19777841866016388,1,0.5961180400446298,0.22722141030720233,20,control
720,104.0,1225.0,104.53005758530378,1224.5500720258854,0.20685942471027374,1,0.20384103900513104,0.3648313417141967,20,control
721,115.0,1244.0,116.03011932975548,1243.0402728849915,0.11887295544147491,1,0.8271234609647271,0.46530475579872566,20,control
722,208.0,1279.0,208.79005656798125,1278.550106495574,0.2832637429237366,1,0.27934619603056343,0.25380404500415504,20,control
723,86.0,1108.0,86.4500353604527,1107.7200607546547,0.13825811445713043,1,0.1525923556693909,0.2410727397147103,20,control
724,153.0,1272.0,153.1300909685896,1271.3100199346618,0.22084566950798035,1,0.6349589389540714,2.1733887889011747,20,control
725,187.0,1231.0,188.28005976027023,1230.599773534863,0.14164647459983826,1,0.7013285318842531,0.4568954667875756,20,control
726,199.0,1314.0,199.39006211036462,1313.520053582667,0.3024953007698059,1,0.30228257225216704,0.1852009696302602,20,control
727,192.0,1311.0,192.59006669533062,1310.4502129474326,0.34632062911987305,1,0.2958049155975869,0.27106896144530296,20,control
728,143.0,1294.0,143.9899722627181,1293.1801305456684,0.2107420414686203,1,0.6902050717021623,0.5616993206686733,20,control
729,199.0,1263.0,198.98952693726466,1262.4803827849496,0.20297670364379883,1,0.6594812974612879,0.4317588713212128,20,control
730,148.0,1253.0,147.0,1254.0,0.1222938671708107,1,2.0287643978475454,,20,control
731,136.0,1287.0,135.95994182319177,1286.439992975348,0.22514666616916656,1,0.7016828309237776,0.38833366074553266,20,control
732,112.0,1188.0,112.53005221778197,1187.6199391762648,0.31638821959495544,1,0.14087833363884944,0.5556726640263079,20,control
733,150.0,1220.0,150.61007179111854,1219.4699503692398,0.1730935424566269,1,0.2756451435855736,0.4780943005782609,20,control
734,135.0,1214.0,135.34007821509067,1213.4000474234142,0.16212773323059082,1,0.42897910633464886,0.23972153055682627,20,check
735,127.0,1314.0,129.51058101521278,1310.7494213643015,0.11629083752632141,0,3.556139177863184,4.7119890433812985,20,control
736,206.0,1236.0,207.31008243873137,1235.3103089497442,0.23938004672527313,1,0.8390927234036185,0.6123281727414924,20,check
737,189.0,1213.0,189.36992563562254,1212.55004690099,0.12875953316688538,1,0.2991121543136254,0.6277060763021463,20,control
738,122.0,1304.0,122.9298305124726,1303.3098530182328,0.19980975985527039,1,0.549449897890607,1.0231792322167041,20,control
739,70.0,1264.0,69.50991972031166,1263.6199326119713,0.10651642829179764,1,1.0910112573012387,0.8382293380880662,20,control
740,300.0,1193.0,301.030193572162,1192.4802750761476,0.13584072887897491,1,0.5133371972240945,0.6233739509329356,21,control
741,313.0,1275.0,312.65018054018094,1274.5603569600753,0.20323322713375092,1,0.9600678816937765,0.4127401735042661,21,control
742,314.0,1163.0,315.0,1164.0,0.11031951010227203,1,1.3108818258014052,,21,control
743,425.0,1322.0,425.3699669275759,1321.1504461932793,0.11415459215641022,1,0.6435730062026667,0.5230576680999157,21,control
744,315.0,1216.0,316.1600776581264,1215.380156213765,0.11369366198778152,1,0.6779238598230569,0.45721501461822045,21,control
745,252.0,1256.0,252.28995511530454,1255.3300371557434,0.22138568758964539,1,0.5169774987648736,0.3857129342242278,21,check
746,267.0,1323.0,267.59991280386805,1322.640077041257,0.29737988114356995,1,0.10958661149998175,0.3340118373484672,21,control
747,310.0,1114.0,310.39014563307194,1113.8900560477177,0.19212886691093445,1,0.24881563452107214,0.34736078968528683,21,control
748,398.0,1110.0,399.5700508644991,1109.5702098263846,0.1129089891910553,1,0.9906391741291326,0.526497835026711,21,check
749,401.0,1266.0,402.0400290746413,1265.7501388569497,0.17109499871730804,1,0.4496752827578913,0.4035187452356394,21,check
750,236.0,1270.0,236.35004244500968,1269.6401803858305,0.230465829372406,1,0.26510239554501774,0.18667250590341888,21,control
751,403.0,1315.0,403.1799422881376,1314.4300221811357,0.22107282280921936,1,0.5219539473712402,0.172018468274517,21,control
752,426.0,1164.0,427.93973388654325,1161.9502495669892,0.16729111969470978,1,2.2532336223307747,0.7330747063126056,21,control
753,334.0,1232.0,334.28993112268836,1231.5697710652246,0.16882212460041046,1,0.35388084232142303,0.35782373098245424,21,control
754,336.0,1177.0,335.0,1177.0,0.12341435253620148,1,1.6139105472422688,,21,control
755,347.0,1196.0,347.18015725429194,1195.7204265991654,0.12094100564718246,1,0.4152615876536909,0.35756004497878535,21,control
756,439.0,1116.0,444.0,1114.0,0.13016465306282043,0,4.741844631900517,,21,control
757,418.0,1268.0,418.9898568573438,1267.0799944484413,0.19394171237945557,1,0.7856716943630166,0.39675554334735547,21,check
758,292.0,1274.0,292.0200742931365,1273.3802702288892,0.1871359646320343,1,0.6808402887855753,0.18729647277474343,21,control
759,226.0,1205.0,226.3100267569265,1204.7303073063772,0.16697148978710175,1,0.28556896604289245,0.33439545376319785,21,check
760,253.0,1237.0,252.70006474568936,1236.549829412307,0.2174864411354065,1,0.9152936741209463,0.2468677959538046,21,control
761,268.0,1168.0,269.8298617831241,1166.900636819255,0.15310747921466827,1,1.4983585570586277,1.2414012204021831,21,control
762,301.0,1172.0,299.0,1174.0,0.10670928657054901,0,3.433586892243052,,21,check
763,378.0,1197.0,378.3000823488736,1196.3700422377685,0.1739550083875656,1,0.4844563569215516,0.3184023533179996,21,control
764,336.0,1273.0,332.0,1274.0,0.12370719760656357,0,4.7572810833775785,,21,control
765,381.0,1282.0,381.36991237804995,1281.6500465097122,0.24406974017620087,1,0.2435823827192448,0.21743506363784507,21,control
766,367.0,1144.0,367.7800831222542,1143.3501059523726,0.16475477814674377,1,0.4452070078480994,0.34268248532834933,21,control
767,418.0,1201.0,417.8701264556009,1201.0499864822957,0.14690068364143372,1,0.7799997872675178,0.4163526250873204,21,control
768,299.0,1265.0,299.94011153388374,1264.1898626390816,0.17740990221500397,1,0.6607488229657341,0.2762563028724694,21,control
769,253.0,1297.0,251.0,1298.0,0.24627256393432617,0,2.8770191216244494,,21,control
770,234.0,1219.0,234.41982998546092,1218.2700507125755,0.2242007851600647,1,0.5096215468116821,0.5954304232228329,21,control
771,404.0,1281.0,404.0300715380014,1280.4301387832818,0.20226751267910004,1,0.6474002388234104,0.22585284237625042,21,control
772,384.0,1165.0,384.35005437682497,1164.5501807379806,0.23818030953407288,1,0.3199494256524302,0.33214913546148656,21,control
773,278.0,1121.0,279.54023122037694,1120.2400784773831,0.13617047667503357,1,1.0721908915517524,0.507317134646599,21,control
774,430.0,1290.0,430.5599553846115,1289.3200729903172,0.1429532915353775,1,0.437540595855623,0.4352431644322773,21,control
775,270.0,1195.0,270.3499101272549,1194.5207072454884,0.13994362950325012,1,0.3360767349593403,0.7870442938859742,21,control
776,230.0,1317.0,230.65993245546017,1316.4900855827175,0.2844984233379364,1,0.26683376027634326,0.19553241109381805,21,control
777,307.0,1319.0,307.96021916443,1318.2305319254933,0.2441156506538391,1,0.6391828983225903,0.6850502632635005,21,control
778,382.0,1314.0,383.2203981921236,1313.9900409441245,0.17279280722141266,1,0.674448036210932,0.5031830459697603,21,check
779,385.0,1144.0,384.0,1142.0,0.11627494543790817,1,2.3731000617499367,,21,check
780,379.0,1270.0,379.3498898539393,1269.849910499916,0.22671537101268768,1,0.2587539428066449,0.41278088751359493,21,control
781,414.0,1167.0,414.46003001829587,1166.7600619239008,0.15616601705551147,1,0.13457163802294414,0.2751853833187524,21,control
782,407.0,1240.0,407.06008063642605,1239.3900103413387,0.16802223026752472,1,0.6453406941470263,0.5253875975362502,21,control
783,352.0,1246.0,352.2999988906591,1244.970172465827,0.21394099295139313,1,0.8361357104336067,0.5698174873769911,21,control
784,288.0,1246.0,288.0799201415421,1245.6000082583907,0.17576633393764496,1,0.5343627714796092,0.16115881779814645,21,control
785,347.0,1126.0,346.0,1130.0,0.11614261567592621,0,4.535702694158451,,21,control
786,316.0,1242.0,316.8599648813286,1241.2102457691665,0.21217191219329834,1,0.6044149822022739,0.6211118918521302,21,check
787,485.0,1306.0,484.9999164772927,1305.6299975349493,0.12225402146577835,1,0.601763219019462,0.12098502239459129,22,control
788,611.0,1145.0,609.3800620849996,1144.5499195638006,0.10136418789625168,1,2.223844973743142,0.6805388510918504,22,control
789,625.0,1320.0,626.0499603541072,1319.150668920499,0.11679711192846298,1,0.7699892036131093,0.4788945360956456,22,control
790,446.0,1301.0,446.1900602414059,1300.5400269892662,0.17085236310958862,1,0.4536767232575047,0.20578663607322378,22,control
791,518.0,1143.0,519.0,1142.0,0.2608562409877777,1,0.8633080488271829,,22,check
792,539.0,1287.0,539.3500476835459,1286.6300478492324,0.1684180647134781,1,0.27176873899812676,0.2391366433000304,22,control
793,615.0,1120.0,615.9099420188307,1119.439986346562,0.12121633440256119,1,0.45415907697192803,0.38401236982710457,22,check
794,523.0,1171.0,521.6701273026495,1171.0200926602597,0.11004337668418884,1,1.9403189364495521,0.2881331400576239,22,check
795,602.0,1182.0,603.170094853843,1181.2501580481835,0.1104525625705719,1,0.7744890229366647,0.30766737873737837,22,control
796,448.0,1181.0,448.47009355102375,1180.3099324346829,0.1501041203737259,1,0.46539485100679834,0.40873098065661767,22,control
797,465.0,1306.0,466.3600384931029,1305.6403142873135,0.12454777956008911,1,0.7810292737010319,0.4483088703749444,22,control
798,529.0,1149.0,529.9800889039919,1148.3299999700473,0.2102772742509842,1,0.5797366834955215,0.31922289742270826,22,control
799,457.0,1194.0,456.9999417311734,1193.4101309714865,0.11064226180315018,1,0.6879384526557047,0.6234521691752433,22,control
800,621.0,1165.0,621.7399135818363,1164.6300956409864,0.11465966701507568,1,0.2008599329895001,0.21065096542509198,22,control
801,561.0,1159.0,561.7500394896481,1158.6801006838837,0.16506002843379974,1,0.1777090220266624,0.29149022086478416,22,control
802,485.0,1115.0,486.3200888994043,1114.320045084922,0.20766019821166992,1,0.8477460387696784,0.547267480835973,22,control
803,573.0,1172.0,573.6399443365456,1171.4598178971344,0.19343143701553345,1,0.30804656656560253,0.5524558348022198,22,control
804,450.0,1285.0,450.04994544831345,1284.410005024547,0.1219094842672348,1,0.6414131583763166,0.3782262713486679,22,control
805,572.0,1135.0,572.4095994073184,1133.9801752716921,0.10617278516292572,1,0.8058328216806956,0.45008987504512027,22,control
806,516.0,1301.0,516.9804853054123,1300.3400116692567,0.15791009366512299,1,0.5753254905896669,0.6502611240546526,22,control
807,562.0,1312.0,562.5398083038114,1311.430065995618,0.11582150310277939,1,0.33538024394216526,0.586174332302706,22,control
808,459.0,1275.0,459.340090146906,1274.3100477755643,0.13359129428863525,1,0.5127061413964125,0.3292817040186594,22,check
809,553.0,1117.0,554.1999275620594,1116.5698917091352,0.23289267718791962,1,0.6350936451475795,0.5325950367814816,22,control
810,521.0,1114.0,521.7799291409339,1113.5997033342212,0.13857534527778625,1,0.24590390077520857,0.3656696329719683,22,check
811,546.0,1325.0,546.5700987207459,1324.1504766212036,0.19372351467609406,1,0.6110622493526341,2.3964122864610835,22,control
812,479.0,1150.0,480.1903557562891,1149.369770328545,0.14282341301441193,1,0.7123821479775362,0.6438114907616337,22,control
813,489.0,1168.0,489.81979553438896,1167.4006335371082,0.12166465818881989,1,0.4250682631269077,0.30577585762110926,22,control
814,512.0,1281.0,512.3199722972583,1280.1701743347858,0.18301351368427277,1,0.648378632787837,0.368999075224933,22,control
815,445.0,1149.0,445.8600484685287,1148.5503809273266,0.1925411969423294,1,0.3372107462633774,0.3364016900250035,22,control
816,537.0,1168.0,538.0,1165.0,0.20580260455608368,1,2.792497490155086,,22,control
817,470.0,1127.0,470.619915377127,1126.6200797710271,0.13900713622570038,1,0.14219967094566857,0.2583223473731765,22,control
818,517.0,1156.0,517.9699669089591,1155.2798623514243,0.14307212829589844,1,0.6114071018988807,0.46822834791780193,22,control
819,506.0,1294.0,507.0,1293.0,0.21607491374015808,1,0.8644260019380532,,22,check
820,587.0,1137.0,588.0800024674777,1136.9202760705323,0.2090614140033722,1,0.5101879030559872,0.7981874575211002,22,control
821,609.0,1162.0,610.1899145370929,1161.580288071428,0.10623031854629517,1,0.6254679848278452,0.4291453101680859,22,check
822,531.0,1322.0,531.9300572814567,1321.5699924021942,0.19020676612854004,1,0.3929404041945667,0.13933270435951442,22,control
823,504.0,1308.0,504.9500652222374,1307.4801279815847,0.2587778866291046,1,0.4578940398743548,0.5019635115631432,22,control
824,605.0,1299.0,605.6199524983302,1298.3400808666051,0.13305506110191345,1,0.4254122734776934,0.31679856768433895,22,check
825,579.0,1150.0,580.5398437767934,1149.309403586522,0.10969140380620956,1,1.0502030224451515,0.8414934700027014,22,control
826,625.0,1179.0,626.8099847698481,1178.1498416479694,0.14192885160446167,1,1.3654250173922582,0.7603007628757091,22,control
827,456.0,1164.0,456.0,1165.0,0.20334552228450775,1,1.3757902721732023,,22,check
828,583.0,1114.0,583.4900657608513,1113.4601996507322,0.11798295378684998,1,0.322629160436521,0.23962159207463096,22,control
829,447.0,1272.0,447.6700688403445,1271.5198255524185,0.15703772008419037,1,0.25100383438353413,0.5103536230091956,22,control
830,505.0,1263.0,505.01994423993955,1262.4200010081474,0.1349620521068573,1,0.6633254941865203,0.16855988215728399,22,control
831,591.0,1126.0,592.2701807012797,1125.5703065421717,0.13262899219989777,1,0.7034165062333776,0.53655871340279,22,control
832,823.0,1314.0,823.9500480518858,1313.5802601660328,0.10354070365428925,1,0.41429452908613557,0.6337596604084076,23,control
833,785.0,1272.0,785.5600760930148,1271.3802092440553,0.139217346906662,1,0.392989531695666,0.5210197744180773,23,check
834,801.0,1285.0,800.8703506375632,1284.3002584811106,0.12691950798034668,1,0.8569135407458865,0.38612835297691545,23,control
835,712.0,1295.0,712.3900649553575,1294.4104517402504,0.11738655716180801,1,0.40835379168668,0.40595467947241104,23,control
836,772.0,1277.0,770.0,1278.0,0.13023683428764343,0,2.8627178420432253,,23,control
837,851.0,1296.0,851.6999204316264,1295.5502232267056,0.1106170266866684,1,0.2528399407830356,0.254622489057633,23,check
838,707.0,1276.0,708.1898547490308,1275.0900209244587,0.18044066429138184,1,0.9082177869537814,0.49779865238098453,23,control
839,762.0,1119.0,761.9499484911058,1119.3899918452298,0.16462230682373047,1,0.89101310826704,0.384953235727078,23,control
840,666.0,1286.0,669.2902959639057,1284.700312597804,0.10787440836429596,1,2.906562737800249,1.6485429960890352,23,control
841,784.0,1295.0,784.2200772943742,1294.43989878209,0.15290577709674835,1,0.49335853706666755,0.4483050144660365,23,control
842,716.0,1279.0,717.2300905773117,1278.3100331922344,0.1025257259607315,1,0.7907805168297721,0.30354343054272304,23,control
843,719.0,1308.0,720.7299533936817,1307.3300954890628,0.177114799618721,1,1.2262091432541575,0.6279784021051088,23,control
844,866.0,1229.0,854.0,1095.0,0.10998530685901642,0,134.36869075076447,,23,control
845,688.0,1306.0,689.0798511376719,1305.1498735306363,0.14428816735744476,1,0.7913217926425933,0.39361744469963267,23,control
846,874.0,1307.0,866.0,1391.0,0.129988431930542,0,84.6613326913965,,23,control
847,866.0,1211.0,855.0,1109.0,0.11471489071846008,0,102.43522365425805,,23,check
848,668.0,1178.0,669.7599732916428,1177.1203654394699,0.17283113300800323,1,1.3363022748767244,0.7662301227412267,23,control
849,217.0,1421.0,216.15996357850938,1421.2700201556659,0.14731928706169128,1,1.5190130377352227,0.9174644729685686,24,control
850,174.0,1405.0,173.80006044163244,1404.5499752456053,0.18077006936073303,1,0.8104066753757588,0.20080317355847163,24,control
851,159.0,1428.0,160.98988350147454,1427.8202606172158,0.14951197803020477,1,1.4060028897481116,1.2988840344922892,24,control
852,146.0,1329.0,146.7601669811882,1328.600636538346,0.17839232087135315,1,0.22202227077460285,0.44149695148582796,24,control
853,191.0,1509.0,190.9400824317168,1508.3799944713794,0.24103868007659912,1,0.7379344160153409,0.16432847982947282,24,control
854,144.0,1378.0,144.50017973684774,1377.6002043414794,0.2786600589752197,1,0.16797532632583206,0.17521305332497752,24,control
855,158.0,1364.0,158.28007314682839,1363.4400393123594,0.2758021354675293,1,0.4332198798205578,0.3761117944594249,24,check
856,180.0,1335.0,180.33004637155148,1334.6699124654808,0.27105847001075745,1,0.2704866869750465,0.1860540027865527,24,control
857,175.0,1345.0,175.16001654430696,1344.8998890276682,0.27250808477401733,1,0.4565566164402721,0.15195040892677555,24,control
858,153.0,1398.0,152.0,1399.0,0.2208023965358734,1,2.0246134304815637,,24,control
859,202.0,1526.0,202.8700443231436,1525.6401167494819,0.17395943403244019,1,0.3069368357892541,0.390844533903646,24,control
860,131.0,1429.0,131.6000571824237,1428.6098159199676,0.16658568382263184,1,0.13294054633067257,0.2717773912563206,24,control
861,209.0,1455.0,209.72044926602442,1454.590108797099,0.20718646049499512,1,0.20636194385680134,0.541919745658775,24,control
862,218.0,1356.0,217.95004527138576,1355.6599947015586,0.24095419049263,1,0.6443105653777268,0.2094498785444899,24,control
863,211.0,1346.0,211.60997381406693,1346.1502128600018,0.3160334825515747,1,0.4043064867448303,0.32733412154464003,24,control
864,185.0,1399.0,185.1699423917582,1398.4001535484877,0.2229471504688263,1,0.540983214680862,0.21607561613534815,24,check
865,199.0,1459.0,199.36994154470963,1458.4300473705237,0.17058485746383667,1,0.3806621007544535,0.270701596000214,24,control
866,195.0,1537.0,196.65009708196638,1536.1604871881339,0.26625126600265503,1,1.217946282155891,0.7418169367279082,24,control
867,178.0,1419.0,178.0001736742009,1418.6900051257405,0.15280695259571075,1,0.5885213627711315,0.1644153236592229,24,control
868,202.0,1505.0,201.70993762734304,1504.420225061124,0.203876331448555,1,0.9304949256894145,0.2577972611807747,24,control
869,163.0,1498.0,162.0198367891088,1498.2598651456872,0.21862992644309998,1,1.6464295327536687,0.7359938110407213,24,control
870,160.0,1441.0,161.85024326498802,1440.140119967136,0.13244420289993286,1,1.4012408450228555,0.5424022215668616,24,control
871,131.0,1392.0,130.0,1396.0,0.11056244373321533,0,4.544071584908439,,24,control
872,185.0,1436.0,185.40994006244122,1435.4400526344248,0.1355752795934677,1,0.35122018938369903,0.26678891686179335,24,control
873,162.0,1329.0,162.12992392317497,1328.5700150045604,0.29455551505088806,1,0.4923356091969198,0.18512086257249638,24,control
874,169.0,1548.0,168.95993386864822,1547.4999927405815,0.19292521476745605,1,0.6663723823911496,0.1073448610358698,24,check
875,169.0,1508.0,169.18994887779616,1507.3800237025318,0.16326239705085754,1,0.534458596615778,0.0911787462158973,24,check
876,177.0,1357.0,177.26015681228404,1356.780171819005,0.2602958381175995,1,0.3306459159188567,0.1851983635062735,24,control
877,107.0,1426.0,108.3202029145286,1425.460048449912,0.20311175286769867,1,0.7855126521573054,0.2965828769905997,24,control
878,123.0,1396.0,123.16003914667313,1395.7000223859498,0.17935265600681305,1,0.42982911111080696,0.14728281349253847,24,control
879,155.0,1385.0,154.84989737132898,1384.6903751410014,0.25679099559783936,1,0.7399540098227309,0.9436706048434291,24,control
880,146.0,1467.0,146.85985604024785,1466.0899771744694,0.1249176412820816,1,0.7080601509743659,0.4511649749801241,24,check
881,181.0,1546.0,180.82995558942562,1545.3399761317817,0.24412965774536133,1,0.8519740791474806,0.07251365475414827,24,check
882,173.0,1529.0,172.0,1529.0,0.22615385055541992,1,1.6022412605583078,,24,control
883,131.0,1527.0,131.58033314717468,1524.470086793252,0.13670745491981506,1,2.2708886250570233,1.434159943040426,24,check
884,202.0,1364.0,202.02995082959805,1363.3700025295436,0.22451546788215637,1,0.6730972200823728,0.41708070182162504,24,control
885,137.0,1349.0,137.6899350540841,1348.440222331354,0.22367067635059357,1,0.31912104430478316,1.1475403307772978,24,control
886,159.0,1458.0,158.0,1459.0,0.138763427734375,1,2.0227585547514058,,24,check
887,221.0,1401.0,221.82007103392772,1400.4401109032515,0.17401011288166046,1,0.3850978526448304,0.7172544281723577,24,control
888,109.0,1401.0,109.36005023143989,1400.6399165601358,0.20134413242340088,1,0.24928057488394,0.42853239224276796,24,control
889,198.0,1547.0,198.16006307479657,1546.4901557833593,0.2442200928926468,1,0.49084467539635473,0.26849679981576086,24,control
890,122.0,1367.0,123.83013456665559,1365.9899814140333,0.14644627273082733,1,1.4513081803251893,1.4667187517957605,24,control
891,298.0,1529.0,298.25980542211767,1528.4600287570313,0.23120105266571045,1,0.43083132870942825,0.33696368419460054,25,control
892,395.0,1443.0,394.7999450362581,1442.4498391483785,0.26336923241615295,1,0.8395968047983495,0.14731118329898887,25,control
893,435.0,1480.0,435.010086135094,1479.3500038690636,0.301969438791275,1,0.6995666076935155,0.12940201338717167,25,control
894,335.0,1334.0,335.3998183253795,1333.2704457882387,0.10167769342660904,1,0.5170834092838442,0.828368128377205,25,control
895,236.0,1481.0,235.99003198628756,1480.7002649995281,0.15774349868297577,1,0.5945750864827866,0.2995651949168537,25,control
896,265.0,1372.0,265.2600719638195,1371.4201693148264,0.29272207617759705,1,0.4635546344419508,0.3050373866845755,25,control
897,232.0,1428.0,232.0899214926644,1427.560142316385,0.19824747741222382,1,0.5291656136686074,0.14169605854948977,25,control
898,310.0,1334.0,310.1598176807181,1333.3998831584997,0.16231192648410797,1,0.5540213708259156,0.1623275748424027,25,check
899,383.0,1500.0,382.28992986142384,1500.5499037192062,0.23788964748382568,1,1.517080767258424,0.914265491239923,25,control
900,418.0,1458.0,417.8999460352303,1457.409985138188,0.2746308743953705,1,0.7638593833322427,0.17171492997774832,25,control
901,325.0,1475.0,325.52008148806226,1474.3700714044282,0.24372617900371552,1,0.3849634389222293,0.34044037155145307,25,control
902,385.0,1383.0,386.070038173066,1382.7100104150068,0.14036616683006287,1,0.486543978799263,0.3725882279109498,25,control
903,421.0,1510.0,421.0299984923666,1509.0398712450346,0.24886929988861084,1,0.9009358301391601,0.19835899464168627,25,control
904,294.0,1471.0,294.56993678488203,1470.4600737682854,0.2099163830280304,1,0.2888994101848043,0.35578902381143807,25,check
905,334.0,1515.0,334.2099751857002,1514.2397617503836,0.23637829720973969,1,0.6304062345969311,0.2638441401371541,25,control
906,433.0,1341.0,434.13999945221093,1340.0000185606016,0.15609586238861084,1,0.9369697889338908,0.3663209429811125,25,control
907,222.0,1379.0,221.9505529074304,1378.8897443012836,0.18081632256507874,1,0.6527950311103891,0.33025024949896226,25,control
908,333.0,1361.0,335.7401202709831,1362.1298363587032,0.17671772837638855,1,2.5564755403892403,0.4509705444181612,25,control
909,300.0,1356.0,300.4299122722687,1355.5903198504743,0.30162519216537476,1,0.22457282963090547,0.726358379508551,25,control
910,357.0,1486.0,357.0,1486.0,0.23253647983074188,1,0.6322579837559024,,25,check
911,268.0,1402.0,268.0201683574091,1401.7001403138531,0.29213854670524597,1,0.5678160590651649,0.1585429285472968,25,control
912,310.0,1384.0,310.47003004366087,1383.7301959427673,0.21238964796066284,1,0.11795663068923283,0.21998301208274787,25,control
913,256.0,1466.0,256.4599584274039,1465.3000598110002,0.21615278720855713,1,0.46372763409030077,0.16068546559627417,25,control
914,278.0,1504.0,278.0000913482653,1503.369737313599,0.18838617205619812,1,0.6933167952870086,0.4548493310763429,25,control
915,329.0,1459.0,329.0499414710417,1458.4400049071635,0.2490164190530777,1,0.6166222988021426,0.19225364030717892,25,control
916,375.0,1442.0,375.42004999667313,1441.6399245146795,0.19406259059906006,1,0.19808193038834157,0.2831151251310064,25,control
917,396.0,1396.0,395.8299264872587,1395.5301079640797,0.14439693093299866,1,0.7873506236193157,0.1317404521887417,25,control
918,327.0,1411.0,327.76997710080127,1410.1501014963922,0.1577858328819275,1,0.6285751484494609,0.33652186824650676,25,control
919,402.0,1530.0,402.5299701498175,1529.1802021365604,0.24637724459171295,1,0.5746396457839066,0.3454768711803905,25,control
920,382.0,1396.0,383.0500501831369,1395.6200081156423,0.17678838968276978,1,0.48387077448009214,0.49685924400781484,25,control
921,400.0,1482.0,401.31990846743156,1480.739774377324,0.14531950652599335,1,1.2542306591720134,0.5919496747899881,25,control
922,250.0,1526.0,251.81003249710946,1524.7898430565697,0.20434507727622986,1,1.5575031142341405,1.0623356999667846,25,check
923,363.0,1435.0,363.7101112370512,1434.1400974937553,0.23754283785820007,1,0.6249871057319987,0.31213750792358946,25,check
924,411.0,1426.0,411.0,1426.0,0.27342578768730164,1,0.6329356999007311,,25,control
925,402.0,1508.0,400.0,1502.0,0.13473477959632874,0,6.305020737027845,,25,control
926,439.0,1378.0,439.7299506776745,1377.379962717698,0.24929966032505035,1,0.40303704947037955,0.38600098148980855,25,control
927,244.0,1496.0,243.9799284873636,1495.539995235585,0.2566000521183014,1,0.6365072802585968,0.22627537676095205,25,check
928,331.0,1495.0,330.61987958168095,1493.8900787145767,0.2786277234554291,1,1.289824443877246,0.4689390768044334,25,control
929,308.0,1368.0,307.6201631647488,1367.8098217017052,0.22336286306381226,1,0.9686398199524456,0.4116190648533436,25,control
930,287.0,1387.0,286.9500359910849,1386.729994427664,0.25871995091438293,1,0.6366386445142492,0.12392965030194868,25,control
931,233.0,1408.0,233.5601954756609,1407.4503454586657,0.21617385745048523,1,0.29751080209688147,0.6657875070028975,25,control
932,264.0,1503.0,265.67985276727626,1502.1199531934553,0.20623794198036194,1,1.2647113238082501,1.814370495739816,25,control
933,439.0,1392.0,439.0095491389114,1391.4298553291994,0.19241736829280853,1,0.6609437577221077,0.22803031817850133,25,control
934,292.0,1329.0,291.9799272260991,1328.5201278895663,0.27419599890708923,1,0.6509403435539332,0.3866564925284395,25,check
935,418.0,1382.0,419.4297663099847,1380.750050160199,0.19411948323249817,1,1.3128418352028477,0.3628621171810001,25,check
936,347.0,1529.0,347.499816414866,1528.3700609273558,0.186612069606781,1,0.38856434364890924,0.13635916883386834,25,control
937,230.0,1349.0,230.67005962453646,1348.5599579716331,0.3016245365142822,1,0.20421663877737037,0.5206239918603677,25,control
938,229.0,1451.0,229.75998244295812,1451.110100327146,0.2526800036430359,1,0.40423981981188506,0.35738576161839497,25,control
939,354.0,1459.0,354.9000694596409,1458.420254163291,0.24029891192913055,1,0.45885935620897217,0.762082231391965,25,check
940,516.0,1352.0,516.390124356463,1351.0799227285638,0.239593505859375,1,0.7072747366598828,0.8747763301426013,26,control
941,462.0,1511.0,462.2500812187553,1510.3800355698545,0.21111363172531128,1,0.49923855959021934,0.17245442347877943,26,control
942,590.0,1503.0,588.8100405161458,1502.6999759844457,0.14930014312267303,1,1.768982301536518,0.6299256299880669,26,control
943,600.0,1481.0,600.9204484189759,1480.620002619135,0.1068926751613617,1,0.3699736971363664,0.5532426847767917,26,control
944,497.0,1396.0,497.1899117565929,1395.6600226069538,0.19428637623786926,1,0.40584242462807363,0.12093347667179782,26,check
945,448.0,1489.0,448.1099439522822,1488.3901456330718,0.3099372982978821,1,0.5952818271502022,0.20557374032183098,26,control
946,620.0,1356.0,620.5099250233407,1355.5799327684824,0.14884088933467865,1,0.19861854216624028,0.21159191331895635,26,control
947,572.0,1503.0,570.1501081896712,1503.150155787947,0.18350212275981903,1,2.4591314379766533,0.3845700096035636,26,control
948,464.0,1543.0,464.0400821049317,1542.3501404220613,0.1492520123720169,1,0.6731244464053072,0.12863735773441215,26,control
949,594.0,1538.0,594.0799413536583,1537.4400088844352,0.11397188156843185,1,0.5911974246213874,0.3793940435562589,26,control
950,460.0,1355.0,459.0,1355.0,0.19449707865715027,1,1.6043421118771353,,26,control
951,507.0,1505.0,507.1599688815384,1504.230020312177,0.17960327863693237,1,0.673622426856524,0.13572410223482975,26,check
952,588.0,1355.0,588.4798204059006,1354.3699257001153,0.10517563670873642,1,0.4065869569961837,0.27977550660404177,26,check
953,656.0,1530.0,657.2300734714529,1529.3802980697917,0.12571389973163605,1,0.7582195762463034,0.5695079285558229,26,control
954,526.0,1401.0,524.3900979058106,1401.2500546391173,0.1597149521112442,1,2.2472085344742943,0.7690739720448859,26,control
955,644.0,1386.0,644.310054597829,1385.5203081280608,0.11289481073617935,1,0.36611348475240735,0.31387405260847107,26,control
956,662.0,1449.0,662.7600885035388,1448.3101034573692,0.10462822020053864,1,0.48944487002063114,0.2135662781719154,26,control
957,459.0,1413.0,459.89991428154883,1412.6201168922303,0.21674084663391113,1,0.3447341680366453,0.36047385333801363,26,control
958,555.0,1455.0,555.410024846413,1454.829922445494,0.10043210536241531,1,0.1840900703935722,0.670452829473032,26,check
959,571.0,1474.0,570.9899310997504,1473.5199966395976,0.13502129912376404,1,0.6367652779703813,0.4028302458078752,26,control
960,530.0,1427.0,527.7600579466291,1428.5699698643207,0.15115900337696075,0,3.3527662888226937,0.3206516342124429,26,control
961,507.0,1364.0,507.69998261323207,1363.1399596794931,0.2605331540107727,1,0.6298273772795037,0.45014909348065374,26,control
962,447.0,1359.0,447.16005379449575,1358.5601555094647,0.19552260637283325,1,0.4689123481547667,0.28111535389262055,26,control
963,532.0,1532.0,529.0,1534.0,0.1405401974916458,0,4.221651315063751,,26,control
964,574.0,1488.0,574.0900859510573,1487.2902798613402,0.17117349803447723,1,0.6783444715560037,0.32648348036735286,26,control
965,522.0,1384.0,522.9803130214615,1383.6101392757532,0.14303945004940033,1,0.4236686889908855,0.8037582459615922,26,control
966,578.0,1514.0,577.9000070200642,1512.9499869380663,0.26896336674690247,1,1.056537217292545,0.32626033349560346,26,check
967,534.0,1494.0,535.0,1494.0,0.17810936272144318,1,0.48518394595233744,,26,control
968,567.0,1335.0,564.0,1330.0,0.13128133118152618,0,5.961098005682222,,26,control
969,651.0,1376.0,651.0899135381209,1375.6201420816183,0.19320639967918396,1,0.5138436733059987,0.25775664690247435,26,control
970,546.0,1482.0,546.2699499550239,1481.340167040827,0.18862082064151764,1,0.5211871879207355,0.30831960709001033,26,control
971,560.0,1525.0,559.6202401876554,1524.1700893573357,0.18947573006153107,1,1.1241303398902391,0.3222492291624598,26,check
972,633.0,1363.0,629.0,1362.0,0.15318384766578674,0,4.64698078839519,,26,check
973,518.0,1465.0,517.2102297955867,1465.2899019560286,0.2064170241355896,1,1.4696124618978152,0.8585904668429053,26,control
974,470.0,1465.0,468.0,1465.0,0.27062636613845825,1,2.592429278524368,,26,check
975,507.0,1472.0,506.5201624237478,1471.7302064843327,0.23114220798015594,1,1.0604305324920789,0.15845235385917572,26,control
976,474.0,1346.0,475.0399431583906,1345.2806670860805,0.20223602652549744,1,0.6586242705586965,0.6215227268604757,26,check
977,579.0,1368.0,580.199959573712,1367.24029072753,0.19792819023132324,1,0.8074321090900919,0.7540818557426203,26,control
978,480.0,1426.0,480.1199663220423,1425.279882237783,0.1928197294473648,1,0.6647658760465863,0.2836195492658347,26,control
979,532.0,1382.0,533.4600869613653,1381.3599309132867,0.175269216299057,1,0.9632711329367308,0.4581358228486218,26,control
980,642.0,1369.0,642.2300785810036,1368.4299001469751,0.11765465885400772,1,0.48684624818647204,0.3743032420201225,26,control
981,586.0,1387.0,586.4699320021165,1386.4403257404201,0.1190677285194397,1,0.34134498217076015,0.45241569160320455,26,control
982,643.0,1353.0,643.240077345104,1352.380166819823,0.11454104632139206,1,0.5162441307114585,0.43118500389172837,26,control
983,464.0,1397.0,464.19007084746397,1396.4600273022886,0.25082528591156006,1,0.4932735202163901,0.14460011970399986,26,control
984,613.0,1329.0,613.2400521557162,1328.570166076395,0.14759856462478638,1,0.39602936946059986,0.6048274363267586,26,control
985,653.0,1422.0,654.0797397740622,1420.989870243902,0.10840059071779251,1,0.9217786227872979,0.14961399426695524,26,control
986,490.0,1508.0,490.1199677122923,1507.2400149700202,0.1630830466747284,1,0.6911421692783885,0.3976423500149709,26,control
987,506.0,1528.0,506.1302261313372,1527.3198912325872,0.24521377682685852,1,0.625825013966065,0.31960074526799437,26,control
988,480.0,1457.0,479.9900718234981,1456.3703988664713,0.18346470594406128,1,0.7062922089979804,0.5555088551550873,26,control
989,728.0,1455.0,728.6799760627014,1454.1899568323397,0.20087029039859772,1,0.586715655834006,0.37195426354567523,27,control
990,697.0,1525.0,697.7598816854064,1524.870097353434,0.24625103175640106,1,0.21163773672311634,1.0529902804704812,27,control
991,785.0,1521.0,785.0598221782533,1520.3101354045289,0.1596156507730484,1,0.690287530164443,0.11744079679749532,27,control
992,782.0,1333.0,785.450153288356,1331.8599315439187,0.10896079242229462,1,3.0083984000461355,1.7263156500035561,27,control
993,668.0,1344.0,669.5599235664373,1343.5600720512502,0.12347780168056488,1,0.9974959745581381,0.6138396652388867,27,control
994,793.0,1537.0,793.7900406588941,1542.6701060260405,0.10579853504896164,0,5.904365653875359,1.9668947202827336,27,control
995,757.0,1494.0,757.4899530714843,1493.31019632487,0.2226981669664383,1,0.4665602904621345,0.44661539054446264,27,check
996,694.0,1334.0,695.3102640029831,1332.9701816171423,0.14285340905189514,1,1.0785419252939505,0.5841956151922798,27,control
997,683.0,1371.0,683.9399857804225,1370.0502570012693,0.1893039345741272,1,0.8006931567787993,0.5092718822155856,27,control
998,706.0,1452.0,706.0,1451.0,0.15195593237876892,1,0.960860736750457,,27,control
999,730.0,1519.0,731.1599200219981,1518.5104169437766,0.16263149678707123,1,0.6381813603654041,1.9904561124807636,27,control
1000,756.0,1483.0,757.4600684007636,1481.4999303654974,0.1534908264875412,1,1.545892659639986,0.6531905449755049,27,control
1001,747.0,1433.0,746.2499937187762,1433.0400329874203,0.12752874195575714,1,1.3566458085959234,0.6318523699522881,27,check
1002,837.0,1430.0,837.5399024325767,1429.720068773691,0.12764260172843933,1,0.0653318941894427,0.8517048110329353,27,check
1003,805.0,1457.0,804.9100229545163,1456.8001214264664,0.11185731738805771,1,0.6681736505061286,1.0309295002719223,27,control
1004,731.0,1418.0,731.7503895540572,1417.0102437067296,0.10321825742721558,1,0.7770243261305521,0.4855010249399801,27,check
1005,790.0,1486.0,790.6100012680128,1485.1194175230298,0.179916113615036,1,0.651641513621652,0.7043684401841939,27,control
1006,689.0,1463.0,689.420067360503,1462.4501904095591,0.19899342954158783,1,0.3533945835229654,0.8190392136554849,27,control
1007,676.0,1386.0,676.2899564410618,1385.3200371948712,0.17290547490119934,1,0.5334042317210796,0.2284135525998843,27,control
1008,814.0,1525.0,813.8902258091397,1524.2999920683944,0.11449173837900162,1,0.8306008204210991,0.6691648952308386,27,check
1009,717.0,1525.0,718.4598749046966,1523.9300573459495,0.21263448894023895,1,1.2172825626574593,0.47566901610509876,27,check
1010,805.0,1402.0,805.6602772168403,1400.860228449052,0.16765522956848145,1,0.9150894903027499,0.6317343361209127,27,control
1011,711.0,1482.0,710.9200958320378,1481.250124904252,0.14238519966602325,1,0.8361511462945085,0.555148115623744,27,control
1012,711.0,1427.0,711.2900678046716,1426.4800404816056,0.15150384604930878,1,0.4081511188604958,0.3275643445134626,27,control
1013,674.0,1367.0,674.5497314352552,1365.9801977450727,0.15276499092578888,1,0.7869560895119921,0.408420139525825,27,control
1014,765.0,1361.0,766.2102312503295,1360.220167381375,0.10210728645324707,1,0.8350387220452067,0.4688442782708706,27,control
1015,819.0,1357.0,820.5200578179099,1356.4604687794558,0.1031264141201973,1,0.9889412533230203,1.7540481750130485,27,check
1016,698.0,1411.0,698.4901081205908,1410.1700682097123,0.1971382051706314,1,0.6037856047547203,0.7030946593987285,27,control
1017,734.0,1409.0,738.3899454437259,1408.4000501394214,0.10064423084259033,0,3.8273270889566193,1.1310130871134287,27,control
1018,769.0,1548.0,770.3599615346891,1547.2501793247925,0.15242330729961395,1,0.9415504249489135,0.5304168084117676,27,control
1019,730.0,1380.0,731.7101217786164,1379.0899651136683,0.15531790256500244,1,1.3168090410669255,0.4934211782761819,27,check
1020,746.0,1512.0,742.0,1509.0,0.12206820398569107,0,5.347935617123166,,27,control
1021,789.0,1402.0,790.0,1404.0,0.10553436726331711,1,2.26814684565626,,27,control
1022,751.0,1445.0,751.6902743834496,1443.910099654959,0.12354272603988647,1,0.8660691979392562,1.1607413401309319,27,control
1023,796.0,1336.0,795.9399234053385,1335.5501224691538,0.1979435384273529,1,0.6802721793885776,0.3028794243176484,27,control
1024,730.0,1336.0,731.0903296324218,1335.5697562884166,0.14936697483062744,1,0.54451095891142,0.5724898185716617,27,check
1025,723.0,1470.0,723.3400849083697,1469.3201803121624,0.1924618035554886,1,0.5065617095326894,0.6812294588943681,27,control
1026,755.0,1350.0,755.9899646951312,1349.0609264695572,0.1292072832584381,1,0.8178219812290174,0.8596506144657655,27,control
1027,719.0,1394.0,720.2301077476633,1393.2099010077866,0.1860203593969345,1,0.8559234189320968,0.3964069014169474,27,control
1028,844.0,1532.0,844.1799741063119,1531.1900231202026,0.13343989849090576,1,0.7027727297021201,0.2345207912768722,27,control
1029,775.0,1512.0,776.4801082887042,1511.1103322701736,0.1064271330833435,1,1.119161365734237,0.9668305126882524,27,control
1030,694.0,1485.0,696.5602655473173,1484.0099494531107,0.10028451681137085,1,2.1219793460518512,1.0799305522524079,27,control
1031,729.0,1493.0,730.6203833049466,1492.1199608900276,0.18766219913959503,1,1.2281150854174405,0.6164783250317923,27,control
1032,705.0,1394.0,703.0,1395.0,0.1284462809562683,0,2.86059336168227,,27,control
1033,794.0,1464.0,795.0103062107991,1462.6900103642768,0.1510678082704544,1,1.1641076228082383,0.3401132258574953,27,control
1034,715.0,1356.0,716.5701566671087,1354.8896821841709,0.2120986133813858,1,1.3216050029211899,0.704184096325466,27,control
1035,804.0,1529.0,805.3600529474472,1527.5900493315007,0.11377480626106262,1,1.417848556109059,0.5623632825031492,27,control
1036,834.0,1408.0,835.2199807075725,1407.0802940050892,0.12696127593517303,1,0.9435034875100574,0.6508716697665701,27,control
1037,206.0,1567.0,205.78993718533516,1566.4799702809637,0.17378340661525726,1,0.8323956514684085,0.1807421153047353,28,control
1038,219.0,1572.0,218.80992663000706,1571.5002380056744,0.12566299736499786,1,0.8069246886012645,0.3382902681359367,28,control
1039,173.0,1557.0,173.1699303954501,1556.5200205032284,0.13296884298324585,1,0.4667056219077824,0.14341329636926872,28,check
1040,221.0,1614.0,221.93998823845862,1613.119859000197,0.11326007544994354,1,0.7218562750077208,0.6691550257928889,28,control
1041,210.0,1593.0,209.74994529638988,1592.4199652127013,0.10458634793758392,1,0.8893029141950026,0.41250404761979625,28,control
1042,164.0,1735.0,162.20997929195752,1735.1500272539856,0.11434820294380188,1,2.3978915871325546,0.10465914564503118,28,control
1043,330.0,1549.0,329.57006001581436,1548.5599447140605,0.1718427836894989,1,1.0264082377979202,0.20008554328097444,29,control
1044,395.0,1665.0,395.3099524500272,1664.3201724221117,0.2746523916721344,1,0.5047606035063367,0.17372810112295972,29,check
1045,426.0,1596.0,426.30005192094944,1595.5701740309387,0.2223747968673706,1,0.3308097690393121,0.2125590707255113,29,check
1046,398.0,1567.0,398.29006913042883,1566.4700405207334,0.3068428933620453,1,0.40260207300391265,0.3782738100506895,29,control
1047,302.0,1679.0,302.5103057736451,1677.5904747705954,0.11900261044502258,1,1.157990672854128,0.9290001085413815,29,control
1048,259.0,1580.0,260.0,1579.0,0.17353637516498566,1,0.85692937266832,,29,control
1049,396.0,1634.0,392.0,1639.0,0.20758990943431854,0,6.962360757819975,,29,control
1050,230.0,1691.0,230.0401006655333,1690.2101409698503,0.13382337987422943,1,0.7544486288677077,0.33639146759946925,29,control
1051,357.0,1641.0,357.73006349602707,1640.4702314297788,0.26061415672302246,1,0.3197225492444257,0.5020405526855419,29,control
1052,244.0,1578.0,241.75979948845637,1577.4900949275109,0.24763239920139313,0,2.8302728500832997,0.6050741139482226,29,control
1053,416.0,1737.0,412.7099627522382,1736.2600931114428,0.1863648146390915,0,3.8908361659253434,0.6436965665621357,29,control
1054,325.0,1641.0,325.4201005689273,1640.1703240808633,0.20426568388938904,1,0.5982038528526422,0.4238503076447887,29,control
1055,423.0,1739.0,424.0400634798373,1737.520007181163,0.18887098133563995,1,1.3182103275883434,0.4761729240059072,29,control
1056,339.0,1615.0,338.96993521977043,1614.4601267985759,0.1801605075597763,1,0.671274022235857,0.08777104374557566,29,control
1057,330.0,1770.0,331.11021320999134,1769.3004189622318,0.18222594261169434,1,0.7015146367600987,0.6952402486398124,29,check
1058,355.0,1714.0,354.42997836665336,1713.179923727536,0.16785547137260437,1,1.2752215719651245,0.38065318045935215,29,control
1059,346.0,1770.0,346.43003278719374,1769.7400580248848,0.2390766143798828,1,0.13916595987312969,0.18869788958785183,29,control
1060,370.0,1666.0,370.30024415575195,1665.1201797044682,0.20635803043842316,1,0.6863151852999585,0.30026234801976226,29,control
1061,441.0,1749.0,440.9601076073419,1748.1601305594313,0.21551671624183655,1,0.849071474052534,0.21124802057339712,29,check
1062,329.0,1686.0,328.9199751236344,1685.189988650514,0.17326608300209045,1,0.8587477574127447,0.21990575637859475,29,control
1063,242.0,1639.0,242.27011030715943,1638.1600390821804,0.1567821055650711,1,0.6596621041527695,0.3641407721782096,29,control
1064,333.0,1603.0,332.86008148347463,1602.360116519303,0.281752347946167,1,0.8150722108886359,0.18685403737693748,29,check
1065,235.0,1643.0,235.34019096895045,1642.5201834423856,0.1630181521177292,1,0.3250922736807277,0.7234417435454779,29,control
1066,315.0,1617.0,315.0800673005979,1616.4900126015755,0.293146014213562,1,0.55903832839811,0.3233343124724898,29,check
1067,350.0,1672.0,348.9798781730805,1671.890126441838,0.21416062116622925,1,1.5996122014201617,0.6989832077548978,29,control
1068,310.0,1745.0,308.98987813395274,1744.8901277675952,0.13112817704677582,1,1.5871481186460914,0.9386524559214336,29,check
1069,304.0,1555.0,304.30009036790995,1554.2801751656446,0.18297794461250305,1,0.544751647337364,0.22886714781293757,29,control
1070,283.0,1729.0,283.2599657742532,1728.2799007983847,0.10011011362075806,1,0.5600770294244856,0.3212353957909237,29,control
1071,279.0,1608.0,274.0399822861806,1608.2793413288214,0.24316810071468353,0,5.562468866778888,1.9448076273148374,29,control
1072,241.0,1757.0,240.5600733770075,1756.4300764726906,0.11629163473844528,1,1.0580580604222778,0.4899799746350747,29,control
1073,403.0,1614.0,403.12007648888033,1613.3901508716083,0.2735486924648285,1,0.5813380827326096,0.24525306808122999,29,control
1074,426.0,1622.0,428.07987897857436,1620.93987435232,0.24523186683654785,1,1.7108028208789057,0.5368640294035482,29,control
1075,318.0,1766.0,318.12007516312303,1765.4001508324804,0.1801566183567047,1,0.5673620743787451,0.2184455023164603,29,control
1076,377.0,1579.0,378.27005197384005,1578.6000373605575,0.25946030020713806,1,0.709347065457902,0.5038128698053169,29,check
1077,376.0,1763.0,374.1800801668926,1763.3900262504258,0.21203076839447021,1,2.47341366534225,0.2424848156877938,29,control
1078,399.0,1590.0,398.98007690768384,1589.449866924788,0.259878545999527,1,0.6683602933034137,0.29138290339628087,29,control
1079,330.0,1587.0,330.0,1588.0,0.17320524156093597,1,1.377759656437619,,29,control
1080,380.0,1649.0,381.14004591820776,1648.6201526231835,0.34316593408584595,1,0.5809594727713394,0.6800197363311389,29,check
1081,222.0,1649.0,222.0699785784821,1648.1301413473655,0.1527421772480011,1,0.7949929774750812,0.45345862547781024,29,control
1082,320.0,1666.0,320.89007871457676,1665.380120418319,0.16401338577270508,1,0.48488049346981665,0.6243685181116184,29,check
1083,225.0,1664.0,222.0,1666.0,0.1419118344783783,0,4.227577614529953,,29,control
1084,240.0,1695.0,239.0,1694.0,0.11100124567747116,1,1.7404300630408356,,29,control
1085,365.0,1559.0,366.06010715157123,1558.1900111238945,0.19396652281284332,1,0.7395568997340088,0.38146910150746827,29,control
1086,330.0,1665.0,330.3502598047074,1664.0300541096788,0.1509082019329071,1,0.7520396927781222,0.37164223408031116,29,control
1087,273.0,1565.0,273.19994227437485,1564.4001575257594,0.1950472891330719,1,0.513436736644918,0.18377394766254226,29,control
1088,336.0,1738.0,336.4200871823692,1737.3300583033667,0.19656729698181152,1,0.44377352961051647,0.19207537974397512,29,control
1089,435.0,1675.0,434.7398791121475,1673.8900946236638,0.13811294734477997,1,1.1985801313877074,0.21111201828494203,29,control
1090,376.0,1704.0,376.0,1704.0,0.24362753331661224,1,0.6239588542489898,,29,control
1091,407.0,1711.0,406.80017054397774,1710.6901111863212,0.1410989612340927,1,0.7731260060156073,0.4074674710102687,29,control
1092,424.0,1558.0,424.20997120842844,1557.2697616330004,0.21605664491653442,1,0.6073781942205057,0.47705736137116983,29,control
1093,481.0,1731.0,474.0,1731.0,0.18284720182418823,0,7.573275516842605,,30,control
1094,472.0,1598.0,472.3299549587934,1597.3300424587724,0.2104792445898056,1,0.4906506827947914,0.1869738907659171,30,check
1095,560.0,1642.0,559.9299447210752,1641.3602544625505,0.11808913946151733,1,0.7556692848331691,0.24129381569119177,30,control
1096,513.0,1697.0,513.2001637403299,1696.7002967532096,0.2311466783285141,1,0.374293763114155,1.4295743589974983,30,control
1097,518.0,1765.0,514.0,1765.0,0.11753527075052261,0,4.5739039525492595,,30,control
1098,458.0,1551.0,457.9999260155646,1550.440528581281,0.16980700194835663,1,0.6574600758208604,0.4104434041423082,30,control
1099,559.0,1713.0,559.1099348009669,1712.400410745396,0.1465194821357727,1,0.5817387974080442,0.23544620512363176,30,control
1100,516.0,1646.0,516.8999593572956,1645.280118222575,0.12818166613578796,1,0.578023159003904,0.2779529016435416,30,control
1101,458.0,1594.0,457.0,1594.0,0.21171002089977264,1,1.5944662570988362,,30,control
1102,557.0,1592.0,557.0400807791744,1591.3601403829334,0.14491117000579834,1,0.6666972519973757,0.2304384557027814,30,control
1103,653.0,1736.0,654.1500855873049,1735.3500224296652,0.10436630249023438,1,0.7135673444518089,0.7680541856469449,30,control
1104,583.0,1685.0,584.0699109003691,1683.6700066587389,0.1644890159368515,1,1.1981819837637466,0.3727076824477346,30,control
1105,591.0,1610.0,591.3699721661121,1609.1403136566812,0.14358997344970703,1,0.6522976981716453,0.4714260853297113,30,check
1106,561.0,1701.0,567.0,1702.0,0.13586074113845825,0,5.570712188803065,,30,control
1107,591.0,1638.0,593.0,1635.0,0.16197414696216583,0,3.1073847822072467,,30,control
1108,572.0,1731.0,572.4098870966436,1730.8101837624224,0.202725350856781,1,0.16669467278228314,0.47214910502683877,30,control
1109,463.0,1748.0,461.0,1743.0,0.15875163674354553,0,5.402738008231071,,30,control
1110,486.0,1639.0,487.1599794875965,1638.1500206251992,0.17148160934448242,1,0.8429896314701595,0.17049967838506885,30,control
1111,513.0,1622.0,511.4802857466985,1618.8599394339697,0.13229134678840637,0,3.573900256979509,1.1857104351522025,30,control
1112,595.0,1745.0,595.9201104153676,1744.1401253346578,0.23504632711410522,1,0.7121976517482467,0.43400129371391954,30,control
1113,638.0,1741.0,637.859807051722,1740.4301084198503,0.10334514826536179,1,0.7806758792779169,0.4481549772707287,30,control
1114,558.0,1614.0,557.0,1613.0,0.1408298760652542,1,1.7468062594526625,,30,control
1115,465.0,1651.0,471.0,1652.0,0.16056644916534424,0,5.568356287061089,,30,control
1116,578.0,1580.0,578.0400979495261,1579.2600081984856,0.22698178887367249,1,0.7319149072486856,0.1495791219439332,30,control
1117,663.0,1588.0,664.2303334488612,1587.360571125057,0.10330811142921448,1,0.770655367448312,0.65333056347746,30,control
1118,529.0,1630.0,530.2500838702698,1628.36003564811,0.20383477210998535,1,1.5525574954994477,0.5006011467569617,30,check
1119,505.0,1739.0,497.6099708400885,1739.3195493162,0.13318218290805817,0,7.9786988984975356,1.7874356980404644,30,check
1120,457.0,1619.0,456.36998920747817,1618.0999160860147,0.28851205110549927,1,1.3706113054284,0.678233512431488,30,control
1121,585.0,1735.0,585.4200779665612,1734.3701907225816,0.170352965593338,1,0.41545580168519625,0.5179914321378668,30,control
1122,611.0,1733.0,610.9600783761895,1732.4099970055106,0.1465512067079544,1,0.7010058058864787,0.18946078671086403,30,check
1123,530.0,1739.0,530.4296945901071,1737.3497826610796,0.1635630577802658,1,1.4130684386590502,0.3605298390281284,30,control
1124,467.0,1696.0,467.67077155618455,1695.1899789832564,0.15202932059764862,1,0.5725562108400569,1.0903643278471864,30,control
1125,603.0,1573.0,425.6300067507573,1809.9599511034926,0.11643950641155243,0,296.52925394908647,0.45557667386923634,30,control
1126,580.0,1659.0,580.8998599255012,1664.0301152879908,0.13217893242835999,0,5.2813141523078935,1.084414629817494,30,check
1127,656.0,1560.0,665.0,1560.0,0.12633414566516876,0,8.42869366180909,,30,control
1128,509.0,1669.0,504.76019576089124,1664.5598412405016,0.1562894880771637,0,6.38413524456645,2.544801060593749,30,control
1129,451.0,1734.0,449.1500338827719,1734.7400209036814,0.20903639495372772,0,2.613123453765113,0.6595097183146298,30,control
1130,547.0,1592.0,546.5799579578704,1591.3000757200873,0.14720429480075836,1,1.0951081428346736,0.39332746424177856,30,control
1131,485.0,1666.0,481.8699568231645,1665.300114167048,0.13484691083431244,0,3.729899113036318,0.6418693713299981,30,control
1132,477.0,1697.0,476.7800658229171,1696.509972750602,0.16274413466453552,1,0.8275193691663888,0.34649924078020633,30,control
1133,481.0,1609.0,480.85007356805886,1608.4201149587789,0.19916386902332306,1,0.7982520951571566,0.2094518948619373,30,check
1134,535.0,1683.0,535.9201131313749,1682.0902581060227,0.21719247102737427,1,0.7526414469973113,0.6240738172792522,30,control
1135,502.0,1568.0,501.90008795574977,1567.3101220179708,0.21277855336666107,1,0.8101912774717989,0.2638691362106211,30,control
1136,597.0,1695.0,594.0,1693.0,0.15360967814922333,0,3.9795900906520174,,30,control
1137,476.0,1757.0,474.51002054235613,1756.8300682787926,0.2730035185813904,1,2.059541436450901,0.3428233480300962,30,control
1138,592.0,1599.0,592.8700070729548,1597.9798502676854,0.16612005233764648,1,0.8347907991837121,0.29105938029110057,30,control
1139,554.0,1569.0,553.0,1567.0,0.1260790079832077,1,2.3613824709174613,,30,control
1140,626.0,1665.0,488.0,1857.0,0.1050972044467926,0,236.9785663697297,,30,check
1141,571.0,1750.0,571.7601216474703,1749.060104435564,0.1712559014558792,1,0.7237349048662999,0.5424493608227814,30,check
1142,771.0,1603.0,770.8799011022319,1602.720113849438,0.10273369401693344,1,0.693328736724609,0.5248204629782619,31,check
1143,709.0,1553.0,709.4199904020893,1552.0600554470382,0.1420120745897293,1,0.7225576458109245,0.23905736569838001,31,control
1144,720.0,1588.0,720.7099388886076,1587.4400924071426,0.13255105912685394,1,0.35359333587879993,0.1565635529704359,31,control
1145,786.0,1560.0,787.3702717872527,1558.8803224995618,0.12229404598474503,1,1.1938697048175109,0.4165282885146945,31,control
1146,851.0,1635.0,847.0399546387565,1635.3997385864657,0.14002321660518646,0,4.572776019633993,1.282707093162716,31,check
1147,703.0,1588.0,701.0,1588.0,0.10155248641967773,0,2.5836881041403816,,31,control
1148,700.0,1555.0,700.4602340559283,1554.279802563362,0.1141246035695076,1,0.4989419842025806,0.44281095793137965,31,check
1149,698.0,1571.0,699.0,1565.0,0.15486370027065277,0,5.781023917060099,,31,control
1150,834.0,1553.0,835.2099991783164,1552.0000278409025,0.11929657310247421,1,1.0003463882581614,0.4953252950727444,31,check
1151,778.0,1569.0,778.4701333882343,1567.9800663016258,0.1063404381275177,1,0.7953605052815802,0.3270012585088111,31,control
1152,794.0,1588.0,795.8003798201463,1587.1997192891843,0.15185898542404175,1,1.3540283829414832,0.8458214011835239,31,control
1153,748.0,1617.0,748.6799907750168,1616.020222648964,0.1266501396894455,1,0.7545667366783521,0.9184482888559573,31,control
1154,681.0,1580.0,681.0,1583.0,0.15115955471992493,0,3.2860975350606747,,31,control
1155,743.0,1571.0,743.0699614081306,1570.2302735318135,0.16318200528621674,1,0.735943595565494,0.24758859729054108,31,control
1156,678.0,1556.0,676.4100738994316,1556.4599238932224,0.1153583824634552,1,2.273562585655306,0.532506401845878,31,control
1157,668.0,1724.0,668.0,1724.0,0.12679091095924377,1,0.6152379388107021,,31,control
1158,838.0,1741.0,835.0,1578.0,0.10407784581184387,0,162.81029140880045,,31,control
1159,667.0,1732.0,667.1900721732212,1731.4500273414164,0.10108877718448639,1,0.48940929284982854,1.3115305736630878,31,control
1160,733.0,1566.0,732.2299978387963,1565.9801631463984,0.1757504791021347,1,1.3604519201706777,0.8110115746578752,31,control
1161,759.0,1601.0,757.500143876909,1600.9000705919198,0.1582794040441513,1,2.0758961655598913,2.7922660462738014,31,control
1162,694.0,1740.0,693.0,1738.0,0.1186968982219696,1,2.358520466493922,,31,control
1163,739.0,1559.0,740.4795460386408,1557.410050293772,0.1507086306810379,1,1.631588558734367,1.5765327545407681,31,control
1164,865.0,1769.0,862.0,1568.0,0.1116531491279602,0,200.80416828949117,,31,control
1165,670.0,1574.0,671.7299825603415,1573.1100963498743,0.1175680011510849,1,1.3281555660534006,0.9886194156337574,31,check
1166,804.0,1606.0,803.0,1606.0,0.18686416745185852,1,1.5879062497645002,,31,control
1167,738.0,1716.0,736.0,1715.0,0.1008923351764679,0,2.6786925434330042,,31,control
1168,191.0,1851.0,189.87999516650444,1851.0399839344018,0.13696588575839996,1,1.7136652928347629,0.42351118410054456,32,control
1169,193.0,1928.0,193.19987459626185,1926.940022837133,0.10536717623472214,1,0.8781450524470819,0.43317553856195207,32,control
1170,210.0,1880.0,208.56970471286897,1881.239934227813,0.13015249371528625,1,2.4964962160996436,1.5289957035933095,32,check
1171,211.0,1908.0,210.89007334705494,1907.4499875686986,0.10621923953294754,1,0.7341953618476638,0.6735556187585867,32,control
1172,169.0,1982.0,168.2200773588669,1982.4100314751993,0.16149263083934784,1,1.5007401929650592,0.3897346033694839,32,control
1173,410.0,1889.0,410.09008329954275,1888.3102797830845,0.19041934609413147,1,0.645222247169853,0.31673041939717644,33,control
1174,243.0,1919.0,241.09976362393002,1918.7800062928259,0.11947108060121536,1,2.464191928590486,1.033105400331958,33,control
1175,335.0,1850.0,334.4497675574864,1849.7400528508413,0.24853533506393433,1,1.1158807440490823,0.25778309489581536,33,control
1176,377.0,1958.0,376.35003190344435,1957.6903127659173,0.11650785058736801,1,1.2117386750321637,0.6994400761330948,33,control
1177,427.0,1810.0,426.7200396070314,1809.680096706612,0.23711830377578735,1,0.849256023523945,0.3368686578246242,33,control
1178,366.0,1989.0,365.84997135576435,1989.2498465597205,0.143910214304924,1,0.8699464191586929,1.0049072152149714,33,control
1179,365.0,1774.0,364.3200213502769,1773.800175782514,0.2502761483192444,1,1.249669208600257,0.3005936498732395,33,check
1180,371.0,1833.0,367.7603059277293,1834.6701098743267,0.16490955650806427,0,4.263542910533965,0.727483382192658,33,control
1181,323.0,1956.0,323.15995290795854,1955.3798871495342,0.11057613790035248,1,0.5421587936578264,0.3726808372986096,33,control
1182,322.0,1777.0,320.09987890031874,1777.9398770038345,0.20286372303962708,1,2.7423714434869586,2.069846164762404,33,check
1183,268.0,1943.0,267.7901176818007,1943.0303736816709,0.11736510694026947,1,0.8241736849130357,1.0634080560414891,33,control
1184,409.0,1923.0,402.0,1918.0,0.11585532128810883,0,8.92915231331801,,33,check
1185,352.0,1933.0,353.6995756057536,1932.2099476672615,0.17895621061325073,1,1.2577790018687356,0.8897739042307962,33,control
1186,356.0,1884.0,353.82998197558527,1884.199711528119,0.268451452255249,0,2.7712089906973687,0.6790171458788568,33,control
1187,367.0,1801.0,365.21061691670633,1795.3699133813434,0.2552032470703125,0,5.872079170257755,0.9141533501709092,33,control
1188,276.0,1855.0,275.92003743422555,1854.7199904895201,0.16437341272830963,1,0.6464581572287272,0.31903100784232763,33,control
1189,392.0,1799.0,392.5600256497462,1798.7900750640902,0.27058926224708557,1,0.04137742959255888,0.4575505143310934,33,check
1190,416.0,1937.0,417.00008226144286,1936.3501351190323,0.17891868948936462,1,0.5931607033336433,0.7233961273654043,33,control
1191,430.0,1838.0,430.43990547536913,1837.7000555943741,0.10121956467628479,1,0.1349848076992776,0.39818634854129953,33,control
1192,336.0,1815.0,336.0800579558043,1814.5898796345716,0.214176744222641,1,0.5117076154668665,0.1960204094419408,33,control
1193,307.0,1882.0,307.9802229989534,1881.230402001282,0.23909428715705872,1,0.6612890985169894,0.7048490069304237,33,control
1194,366.0,1876.0,364.91016348478576,1875.7401255740122,0.21946990489959717,1,1.6540091587335726,0.3883024528272609,33,check
1195,301.0,1914.0,300.96992593946965,1913.5301265246812,0.20634227991104126,1,0.6306806033749334,0.3349005963529739,33,control
1196,375.0,1898.0,374.55993417249533,1897.4800723642725,0.15155358612537384,1,1.0381859773747735,0.15604596703550752,33,control
1197,399.0,1836.0,399.1099492553112,1835.3501457895832,0.21200475096702576,1,0.6056513028534012,0.27941201434839547,33,control
1198,429.0,1890.0,428.58002948426963,1889.7899451398787,0.1805703192949295,1,0.9836227413420822,0.5209898940912816,33,control
1199,263.0,1966.0,261.859986028952,1966.080113702102,0.1685134470462799,1,1.7346884920320518,0.22645912515658564,33,control
1200,300.0,1779.0,300.61995243383745,1778.369948173496,0.2239191085100174,1,0.3790129019293871,1.4260513034976663,33,control
1201,407.0,1861.0,407.4298155564816,1860.290449687255,0.15574617683887482,1,0.47816202531146274,0.5612441237420086,33,check
1202,232.0,1844.0,176.0398274950452,1802.3000002164163,0.1017753928899765,0,70.09179132501377,0.265540425049548,33,control
1203,311.0,1920.0,311.5999525765858,1919.3400782150907,0.18319259583950043,1,0.4060717761993856,0.17147256703229832,33,control
1204,392.0,1967.0,388.31018048027573,1966.6001791520914,0.20372386276721954,0,4.252293244837111,1.1898283491299912,33,control
1205,418.0,1988.0,419.2597629333926,1987.809894811833,0.1761605143547058,1,0.7037967795159258,0.6070562056061359,33,check
1206,325.0,1821.0,322.2398332767829,1821.2798942340912,0.2239336520433426,0,3.369739211806581,0.6892073670178938,33,control
1207,366.0,1967.0,366.37002778342423,1966.7501826069392,0.15024125576019287,1,0.19017743183684474,0.6023299630953439,33,control
1208,229.0,1866.0,226.9599179595611,1866.619992271048,0.16302724182605743,0,2.750300512901365,1.0678658563129217,33,control
1209,294.0,1826.0,294.5599036800784,1825.7100714643334,0.23164446651935577,1,0.035419114384454234,0.2136463340460713,33,control
1210,282.0,1986.0,277.96983042045423,1985.279991014371,0.10189623385667801,0,4.6137239214659,0.6215140699541394,33,control
1211,288.0,1855.0,286.0,1856.0,0.18310976028442383,0,2.856793125890571,,33,control
1212,370.0,1910.0,369.8099503646522,1909.379973323756,0.19399765133857727,1,0.8374466557263229,0.23556929356632322,33,check
1213,323.0,1879.0,321.0,1880.0,0.18918196856975555,0,2.8549475513923737,,33,control
1214,280.0,1836.0,276.5499420371811,1835.4798058870635,0.12164891511201859,0,4.025624155628066,0.6489251873675467,33,control
1215,233.0,1807.0,234.25979222903783,1805.5301610588629,0.1265721470117569,1,1.395354360793194,2.0644019184302116,33,control
1216,324.0,1840.0,323.67020671909944,1839.4798296217086,0.17778314650058746,1,0.9346536363424236,0.4112339529220374,33,control
1217,419.0,1788.0,420.17009100555674,1787.2204233170187,0.19222477078437805,1,0.8027306694236594,0.5471701931331736,33,control
1218,398.0,1791.0,398.71002651757215,1790.7203603757953,0.1980951726436615,1,0.14551659036555775,1.616899987157362,33,check
1219,234.0,1907.0,233.0,1804.0,0.10106219351291656,0,102.75427506472775,,33,control
1220,233.0,1892.0,235.43979537302386,1891.5599196536582,0.21191412210464478,1,1.8836567385310603,1.298346044815931,33,control
1221,290.0,1941.0,284.8100828758853,1938.4098445434258,0.11338740587234497,0,6.207419029609843,0.34009506921801286,33,control
1222,517.0,1900.0,516.4699318731309,1899.5000603542017,0.21195153892040253,1,1.120568199495852,0.237827185471794,34,control
1223,541.0,1937.0,541.0699401315215,1936.4201402126596,0.20590604841709137,1,0.5927645215390307,0.2816138510436656,34,check
1224,499.0,1967.0,499.57017826618153,1966.550478968871,0.2196292281150818,1,0.20198433667707352,0.8393518586558709,34,control
1225,602.0,1981.0,598.8799552648011,1980.3997173743494,0.15545855462551117,0,3.694282947605049,0.7499186250403648,34,check
1226,511.0,1876.0,510.1800244850877,1875.8100246070587,0.1559649556875229,1,1.38366652119333,0.6696201810629052,34,control
1227,476.0,1907.0,475.43003159042206,1906.6903233719754,0.22407695651054382,1,1.1332119650509098,0.2423641537070639,34,control
1228,655.0,1942.0,653.4201508832103,1941.82019287461,0.13294877111911774,1,2.13878690282225,0.5611877332951111,34,control
1229,558.0,1943.0,558.4100914567398,1942.18058786743,0.10233228653669357,1,0.5934041560727674,0.5264268885657352,34,check
1230,473.0,1812.0,474.13021723799307,1810.2106871173482,0.1059945821762085,1,1.6421192406165193,0.7170494199147389,34,check
1231,583.0,1947.0,583.4400672177547,1946.4800603679644,0.17002524435520172,1,0.3003576848026941,0.40954109526016164,34,control
1232,614.0,1950.0,614.3800371535829,1949.6204495928096,0.1403963416814804,1,0.2246467767124477,1.0883901633279007,34,control
1233,561.0,1911.0,560.7301377384335,1910.9102336209348,0.21769802272319794,1,0.8446163303046689,0.679609316648979,34,control
1234,568.0,1903.0,568.3299881027249,1902.0800434369671,0.1347949355840683,1,0.7141235138789201,0.8887553371438475,34,control
1235,607.0,1932.0,606.5694275651091,1931.3597933569956,0.10453933477401733,1,1.066429641021643,0.5732094953984144,34,control
1236,548.0,1920.0,548.3102270752581,1919.160578600892,0.14813490211963654,1,0.6446608423040912,0.5901083710387252,34,control
1237,654.0,1899.0,652.0,1897.0,0.26528164744377136,0,3.1064252369366203,,34,control
1238,655.0,1842.0,655.0,1841.0,0.13368724286556244,1,0.945747856631492,,34,control
1239,592.0,1902.0,593.3999108704165,1900.689917754747,0.14728032052516937,1,1.3576283207793707,0.7242607932566677,34,control
1240,454.0,1941.0,453.5300535435392,1940.6099392153926,0.21962371468544006,1,1.0398182876117767,0.26059127880385125,34,control
1241,658.0,1859.0,654.7602210792647,1859.3101073701482,0.13787662982940674,0,3.8410155513569983,0.9068656306652757,34,control
1242,650.0,1968.0,649.8400537208278,1967.5701130461048,0.12741927802562714,1,0.7413134029692785,0.24485672990081614,34,check
1243,501.0,1985.0,501.29083939539623,1984.6600632539794,0.14076346158981323,1,0.2824315316870216,0.6878595195877082,34,control
1244,500.0,1857.0,500.15965739307535,1856.5501438102556,0.1764673888683319,1,0.4520949650946532,0.5585659949746095,34,control
1245,495.0,1836.0,492.84047126987156,1836.4499926782494,0.1001996174454689,0,2.8116666560111394,0.7185952504982775,34,control
1246,475.0,1869.0,475.0,1871.0,0.16356492042541504,1,2.317341261090057,,34,control
1247,475.0,1938.0,474.99004246336006,1937.6799999263321,0.23498974740505219,1,0.5746375417070563,0.31528546267026936,34,control
1248,450.0,1892.0,449.23005352060125,1891.5601647897656,0.16455000638961792,1,1.346039772674198,0.4396041055342143,34,check
1249,509.0,1855.0,508.36991111678543,1854.6301791636938,0.22313952445983887,1,1.1999555337324117,0.306072350312822,34,control
1250,624.0,1955.0,624.0,1951.0,0.1377418339252472,0,3.798946711886536,,34,control
1251,459.0,1883.0,458.6399457912883,1882.3900833224807,0.20745885372161865,1,0.9910463298235659,0.22455448719990953,34,control
1252,626.0,1818.0,626.8302407562219,1817.1302499304752,0.10506880283355713,1,0.6831982066962266,0.7765703114625019,34,control
1253,531.0,1965.0,531.3999148476884,1964.6599178721303,0.1446002721786499,1,0.18409696877131676,0.2987691826154527,34,control
1254,616.0,1882.0,615.0,1880.0,0.11542820185422897,1,2.351250508730022,,34,control
1255,488.0,1873.0,488.35993628080837,1872.4700458882553,0.14665894210338593,1,0.34798677770878117,0.48068659019161436,34,control
1256,619.0,1914.0,618.1201444249643,1913.7308163326718,0.10255607217550278,1,1.439795343378123,1.1201430935508192,34,control
1257,505.0,1953.0,505.2400308791073,1952.760032757241,0.24020834267139435,1,0.31929137462638113,0.8901574913644309,34,control
1258,489.0,1858.0,488.80991993672797,1857.5801051169262,0.17544464766979218,1,0.77320415972598,0.3292143410641661,34,control
1259,661.0,1920.0,664.0,1919.0,0.18158626556396484,1,2.5565828404206172,,34,check
1260,446.0,1816.0,446.1603586541725,1815.2900318157472,0.11369135975837708,1,0.6143272272370441,0.5572013065035184,34,check
1261,493.0,1782.0,494.640122052511,1781.0899558333676,0.15007637441158295,1,1.2620787196618415,0.4688996583045064,34,control
1262,531.0,1897.0,531.5498772685538,1896.8802020491296,0.1877490133047104,1,0.12641931474490273,1.080693903750368,34,control
1263,501.0,1799.0,500.9298186451501,1798.369985359192,0.13161520659923553,1,0.7431526527106972,0.5237701826847407,34,control
1264,463.0,1929.0,462.8699315692838,1928.5199807305105,0.21229930222034454,1,0.7284220379374563,0.39677391793120054,34,control
1265,524.0,1921.0,524.5301730551708,1920.6203408162216,0.20719055831432343,1,0.13678325439877773,0.5294743790089789,34,check
1266,450.0,1976.0,448.0,1976.0,0.10031239688396454,0,2.5710600480025043,,34,control
1267,451.0,1796.0,450.78998371582475,1795.0702370366548,0.1522715538740158,1,1.033445203535563,0.23423987335913912,34,control
1268,707.0,1964.0,708.3100744196951,1963.4001760218682,0.15029595792293549,1,0.8356173572268693,0.5605224882652127,35,check
1269,803.0,1805.0,806.7499822886076,1805.1997009220609,0.10890837758779526,1,3.21683985405242,0.765811769377311,35,control
1270,712.0,1989.0,711.9999974129782,1988.9901326148538,0.24414069950580597,1,0.6007060692192728,0.45222406669905013,35,control
1271,732.0,1867.0,732.0,1868.0,0.11550477147102356,1,1.3576774920399577,,35,control
1272,719.0,1917.0,720.3802053957692,1916.4101891758203,0.11262407153844833,1,0.8940472297076297,0.46666465701138127,35,control
1273,669.0,1844.0,666.4802857466985,1844.8599394339697,0.1612171232700348,0,3.2720143292272845,0.8729551177249488,35,check
1274,811.0,1815.0,812.3798526153528,1814.1299133816096,0.13856954872608185,1,1.037107010071111,0.5573185534988768,35,control
1275,818.0,1807.0,813.0,1813.0,0.127935528755188,0,8.353358913962273,,35,control
1276,830.0,1811.0,831.0901257882678,1809.9604137282831,0.10209553688764572,1,0.9653210281927159,0.5867579788512588,35,control
1277,731.0,1806.0,731.2699593643102,1805.2104327009401,0.11137546598911285,1,0.6264681295544775,1.273618271395611,35,control
1278,731.0,1923.0,731.0898697881313,1922.950140790401,0.1879037618637085,1,0.5042748103862753,0.562276109981924,35,check
1279,774.0,1836.0,772.6398662458528,1836.9900809748133,0.1322082132101059,1,2.278503231536542,0.7685932466466997,35,check
1280,785.0,1795.0,785.4701188693972,1794.0601985643293,0.12716589868068695,1,0.7124291537240015,0.6873705395757977,35,control
1281,811.0,1781.0,810.8300790138362,1780.3502451568847,0.10450498014688492,1,0.8438410955009453,0.8224985416434135,35,control
1282,693.0,1933.0,691.8400974063245,1932.2699816442125,0.15716975927352905,1,1.7867284633412914,1.4554994988368355,35,control
1283,747.0,1854.0,742.5004102251324,1853.949813070387,0.10170602798461914,0,5.063914407817456,1.0734080681229419,35,check
1284,705.0,1928.0,700.0799346603792,1929.519875995687,0.1581079363822937,0,5.75349449271489,2.342679941068098,35,control
1285,841.0,1815.0,842.3899905194727,1814.0600514697664,0.12214706838130951,1,1.0902518783941528,0.5008112649350892,35,control
1286,699.0,1912.0,699.4103644337496,1911.1803305415363,0.11125385761260986,1,0.5998298471232397,0.6027155442364488,35,control
1287,740.0,1990.0,739.9701938069287,1989.4802671216041,0.1669541299343109,1,0.6493179122452963,0.7999591290844811,35,control
1288,678.0,1833.0,678.97015794699,1831.7801333720445,0.11131703108549118,1,1.0626069879500704,0.4224733391570637,35,control
1289,791.0,1834.0,791.7401151614324,1833.0802342815198,0.1343524008989334,1,0.7090692753188751,0.8279064376247057,35,control
1290,761.0,1970.0,761.0900447235967,1969.6600132621602,0.10042296350002289,1,0.4769764066232401,0.6759227116325524,35,control
1291,743.0,1942.0,742.9997599089506,1941.8697275316515,0.12673313915729523,1,0.5674280421351889,0.870114275197945,35,control
1292,728.0,1968.0,727.5101094325852,1968.1302035934639,0.1334438920021057,1,1.1088741418438346,0.6285307057177054,35,control
1293,682.0,1898.0,682.4699613622545,1897.1307246805593,0.1312267929315567,1,0.6365285505702147,1.737976273645114,35,control
1294,719.0,1881.0,719.3699388931951,1880.450047292268,0.12896078824996948,1,0.3658908282937771,0.903656830318494,35,control
1295,684.0,1883.0,684.0,1885.0,0.20218047499656677,1,2.307924413501723,,35,check
1296,740.0,1977.0,736.0,1979.0,0.11621950566768646,0,5.07543044639508,,35,control
1297,682.0,1955.0,682.0,1952.0,0.1305970400571823,0,2.815964837812543,,35,control
1298,758.0,1978.0,756.0,1980.0,0.11366519331932068,0,3.3959796611544504,,35,control
1299,735.0,1963.0,736.0,1959.0,0.10018898546695709,0,3.788607125194975,,35,control
1300,817.0,1861.0,814.2300321150068,1860.8097660843932,0.10164809226989746,0,3.3300596752205194,0.6097520277132994,35,control
1301,729.0,1852.0,729.1205605837581,1851.6505632325793,0.11269073188304901,1,0.4548316667860043,1.0572500465094716,35,control
1302,440.0,2127.0,439.4099970700033,2127.0100543169196,0.10134723037481308,1,1.1720908521117217,0.17028350118130678,37,control
1303,248.0,2191.0,248.080119005131,2191.100014127559,0.10658468306064606,1,0.594095263982282,0.38454686084003464,37,control
1304,370.0,2117.0,371.09003948506046,2116.6701457987583,0.12021166831254959,1,0.5416514761793761,0.4122267349473693,37,control
1305,389.0,2135.0,388.6099060714612,2135.719945478266,0.11336229741573334,1,1.3558296220226824,1.2807577287910095,37,control
1306,398.0,2129.0,397.5899909981813,2129.07994533093,0.17965461313724518,1,1.0190515446517001,0.4506763257556378,37,check
1307,346.0,2135.0,345.7099838998615,2135.1299610443784,0.11283308267593384,1,0.9273961888705098,0.3264596847804661,37,control
1308,343.0,2092.0,342.0,2092.0,0.16501960158348083,1,1.575920894841603,,37,control
1309,426.0,1996.0,425.20008015312976,1995.3601615950497,0.13309070467948914,1,1.4126286526963197,0.6835605810109168,37,control
1310,273.0,2206.0,273.3100292794555,2205.7700419984144,0.1279129981994629,1,0.24264819461939485,0.46908277478310734,37,control
1311,289.0,2211.0,289.1001096465746,2211.1700165051793,0.12643538415431976,1,0.6224425725312419,0.28246626972649286,37,control
1312,369.0,2095.0,365.8602087561715,2095.4001202755708,0.1555904746055603,0,3.75200408858259,0.6529225971935354,37,check
1313,330.0,2104.0,332.0,2102.0,0.10322359204292297,1,2.2645538596368584,,37,control
1314,383.0,2054.0,382.62999336419915,2054.119685325996,0.15212705731391907,1,0.9986993683221792,0.3562525436740928,37,check
1315,397.0,1992.0,397.31929344504897,1991.320021608248,0.1361774206161499,1,0.4898849515678207,0.8406841292338143,37,control
1316,375.0,2080.0,375.0301180039982,2080.0502728458637,0.1002715602517128,1,0.6070861550253751,0.7581213603308807,37,control
1317,348.0,2024.0,347.4699664073124,2024.2101940646335,0.14925436675548553,1,1.1832448859407174,0.6762606909355234,37,control
1318,415.0,2104.0,414.0,2103.0,0.14972421526908875,1,1.7238833943664185,,37,control
1319,251.0,2175.0,251.57016487962338,2174.7102131913744,0.1430930197238922,1,0.03384243168045155,0.8122848092133435,37,control
1320,285.0,2197.0,284.3199443918631,2197.410040819993,0.13637711107730865,1,1.4015102702476463,0.6620243389920121,37,control
1321,434.0,2138.0,434.079859221201,2138.0301391516214,0.10961422324180603,1,0.5502826686350655,0.8146875065227784,37,control
1322,251.0,2210.0,251.0,2210.0,0.10517945140600204,1,0.609712137790174,,37,control
1323,370.0,2040.0,370.1900391582753,2039.6402917494402,0.11430781334638596,1,0.3817347612187533,0.5857161955615171,37,control
1324,412.0,2073.0,412.10004846826234,2073.7196166259732,0.10671570152044296,1,1.0736418134220105,1.3359582412216773,37,control
1325,299.0,1994.0,297.90002816768754,1993.8198548710018,0.10878323018550873,1,1.6614933434134334,0.40162715379773106,37,check
1326,435.0,2113.0,435.1801306101612,2112.980160430391,0.10445689409971237,1,0.4394103029250138,0.6281100626274593,37,control
1327,418.0,2087.0,418.4899970149521,2086.890595695415,0.14795491099357605,1,0.1571163321567877,0.72192041223656,37,control
1328,227.0,1996.0,225.86996869048704,1996.2399818260888,0.10030201077461243,1,1.7629005744820154,0.47091283387256705,37,control
1329,369.0,2129.0,368.339825059947,2128.2801726431157,0.15633578598499298,1,1.2991186092955638,0.4791636812569272,37,control
1330,374.0,2006.0,373.9401766894677,2005.610262635671,0.11791951954364777,1,0.6329803078401074,0.8822531979271704,37,control
1331,235.0,2196.0,234.91997386236991,2196.1701213044953,0.19022046029567719,1,0.7652873202166792,0.22920666853367597,37,control
1332,325.0,2006.0,200.0,1924.0,0.11629075556993484,0,149.82535903264983,,37,control
1333,429.0,2025.0,431.69996822338055,2024.1603573284153,0.14759549498558044,1,2.222285148713853,1.4018290949801713,37,control
1334,433.0,2079.0,432.82002198090913,2078.810109455523,0.2075328677892685,1,0.7371346887582392,0.341295809012269,37,control
1335,361.0,2144.0,360.71012481708766,2143.8907613505794,0.10209017992019653,1,0.8550386497145458,0.986478222378168,37,control
1336,438.0,2030.0,432.0,2033.0,0.11788565665483475,0,7.318528185821945,,37,check
1337,368.0,2054.0,368.0,2053.0,0.11911392956972122,1,0.930174513611741,,37,control
1338,416.0,2139.0,409.7800922735695,2138.3398408400485,0.15168099105358124,0,6.784283954927529,1.6088985544707657,37,control
1339,416.0,2048.0,416.609655567832,2047.580070776223,0.13646602630615234,1,0.17590054084466167,0.8133207591459936,37,check
1340,329.0,2022.0,323.0,2023.0,0.13645324110984802,0,6.677418090611139,,37,check
1341,402.0,2105.0,401.0,2106.0,0.22623518109321594,1,1.9964441745647576,,37,control
1342,390.0,2081.0,388.0,2080.0,0.1446695327758789,1,2.6616609731864598,,37,check
1343,391.0,2024.0,386.0,2024.0,0.16657660901546478,0,5.563224207893626,,37,control
1344,385.0,2006.0,385.02002650138235,2005.7701361271795,0.15451925992965698,1,0.5387380319811202,0.3485035132256268,37,control
1345,500.0,2086.0,500.979986820683,2086.0999969572076,0.1121605634689331,1,0.5511957175159569,0.23179258296890956,38,control
1346,665.0,2038.0,664.5900507217508,2037.6000797847898,0.1251775473356247,1,0.9766508828424773,0.98659818142317,38,control
1347,514.0,2037.0,513.920180744995,2037.5802601015398,0.12945112586021423,1,1.0438404473098537,0.9946599286364319,38,check
1348,521.0,2035.0,522.1400909939546,2034.2801539535285,0.12259246408939362,1,0.7514992339331418,0.920835903990627,38,control
1349,492.0,2015.0,491.7502701714111,2014.940107492119,0.11602072417736053,1,0.8282162580508102,0.2315861376587347,38,check
1350,498.0,2025.0,498.56027741463987,2024.9498171121518,0.11619922518730164,1,0.198416189580156,0.6175392009267485,38,control
1351,453.0,1998.0,453.04988585372956,1997.8301359569057,0.25069358944892883,1,0.5142798175947525,0.27740328231335115,38,control
1352,498.0,2037.0,496.0,2036.0,0.18249106407165527,1,2.6638175145935947,,38,check
1353,557.0,2001.0,557.1500537691307,2000.5900214905982,0.1304417997598648,1,0.43844374747393583,0.2669136299415642,38,control
1354,654.0,2111.0,653.65960505791,2110.9302086112625,0.10645242780447006,1,0.9077000306687996,0.8807905267560638,38,control
1355,515.0,2027.0,515.4600261055168,2026.7601944996268,0.1750115305185318,1,0.0961984311247216,0.7730450588647181,38,control
1356,453.0,2018.0,453.34002512030753,2017.8299131651934,0.2398969531059265,1,0.23135066550474773,0.5350928722724302,38,control
1357,544.0,2073.0,542.0295593442501,2076.49919482819,0.1308630257844925,0,4.517253414399057,2.956598079457512,38,check
1358,554.0,2013.0,553.9401991628483,2012.4701306077343,0.1806623637676239,1,0.6781579625727775,0.3219550492677034,38,control
1359,479.0,2044.0,471.9499229147613,2045.7591949431462,0.22213511168956757,0,7.8665179962560465,1.1580687771110794,38,control
1360,450.0,2090.0,450.04990574008843,2089.6801365438223,0.1614195853471756,1,0.508591207340829,0.3144931528125971,38,control
1361,586.0,2103.0,585.720011766129,2102.8900958849285,0.1393056958913803,1,0.8427696465603807,0.15255059539408458,38,check
1362,595.0,2015.0,594.4700392594689,2014.6900635235527,0.13308179378509521,1,1.0874842176682036,0.5548918012673395,38,control
1363,637.0,2004.0,636.49961900602,2003.8003204835336,0.13365501165390015,1,1.0567874303005442,0.9208901996563489,38,control
1364,595.0,1998.0,594.0100251502602,1997.8100020691852,0.16454540193080902,1,1.5472009957959514,0.5985982195328049,38,control
1365,565.0,2024.0,565.4400087554498,2023.9797932601232,0.10951129347085953,1,0.2532604915152362,0.33165319397497384,38,control
1366,540.0,2023.0,541.0301500801436,2022.6908045573675,0.12552526593208313,1,0.4784699438844773,1.4592493949548244,38,control
1367,552.0,2060.0,552.180168992629,2059.720028871988,0.13669052720069885,1,0.3753583730285746,0.6800694667008246,38,control
1368,482.0,2032.0,482.3300384815007,2031.7000449238233,0.17896799743175507,1,0.2316008312490784,0.28269898540843647,38,control
1369,564.0,2103.0,563.8298508546021,2103.1299730406863,0.13241414725780487,1,0.8144381618765214,0.23789712933029616,38,control
1370,527.0,2051.0,526.9097511097855,2050.87998071216,0.10779325664043427,1,0.657455421635438,0.40625693598989876,38,check
1371,500.0,1992.0,500.319932395555,1991.5299077747336,0.20231585204601288,1,0.325208715021559,0.5745511250526273,38,control
1372,512.0,2013.0,512.6496405700199,2012.8095448764093,0.13132816553115845,1,0.10935658756710369,0.7574610638827353,38,control
1373,579.0,2073.0,578.5600110664163,2072.900074633684,0.11698552221059799,1,1.0037872454976777,0.3511135785583404,38,control
1374,657.0,2057.0,654.9802665554646,2058.990005213171,0.10280010104179382,0,3.4060102926798517,0.7166059275825452,38,control
1375,504.0,2053.0,502.77954108101363,2053.350488028434,0.12431487441062927,1,1.873712117386769,0.8112386352836033,38,control
1376,624.0,2065.0,621.0,2067.0,0.11842484772205353,0,4.2020940336955395,,38,control
1377,663.0,2001.0,663.0601561400971,2000.8498798785135,0.15416252613067627,1,0.5035129018726895,0.4962221491159908,38,control
1378,709.0,2169.0,708.9799961009838,2169.0299972311022,0.18470090627670288,1,0.6288958162647835,0.5083970577127103,39,control
1379,728.0,2202.0,727.7002320490751,2202.1703651148455,0.1844169944524765,1,0.9401735011193875,0.4779309260852967,39,control
1380,745.0,2077.0,744.0398741545204,2076.830532358326,0.13549776375293732,1,1.5128599016902742,0.39509921025669537,39,control
1381,720.0,2168.0,719.820102852102,2168.2001118423186,0.17954795062541962,1,0.8503789895868816,0.3104306405662422,39,check
1382,707.0,2037.0,707.0,2037.0,0.12205065786838531,1,0.6029571063907198,,39,control
1383,678.0,2104.0,674.1799794738337,2104.120155969823,0.12297748029232025,0,4.385725808100198,0.5154588225296929,39,control
1384,670.0,2089.0,667.8902364151978,2089.219992381417,0.15517622232437134,0,2.701012727715971,0.7102302204446421,39,control
1385,735.0,2180.0,733.6199724491819,2180.1602141466315,0.10893644392490387,1,1.967920566146384,1.1071765167004097,39,check
1386,695.0,2073.0,695.3400265105575,2072.7900458974304,0.12129022926092148,1,0.214043071361374,0.2309343672809344,39,control
1387,759.0,2163.0,757.450158591385,2163.81993170043,0.10459788888692856,1,2.3491562513612516,0.36542267435750847,39,control
1388,786.0,2114.0,570.2502153137168,2022.280437601089,0.11226002126932144,0,234.85205737933123,0.8387795007189968,39,control
1389,773.0,2052.0,773.1997923993118,2051.5600204112097,0.12091292440891266,1,0.4065323313416456,0.9517979739919161,39,control
1390,746.0,2007.0,745.0,2008.0,0.13653361797332764,1,1.986723667108905,,39,control
1391,682.0,2113.0,682.3499270396354,2112.5400442886034,0.16533896327018738,1,0.29642301496699036,0.5280782850340706,39,control
1392,727.0,1995.0,727.8100685505266,1994.4003748854573,0.13438276946544647,1,0.44239623957928864,0.5593462092685277,39,control
1393,784.0,2127.0,784.1500365342864,2126.720020981937,0.1407693475484848,1,0.40078935772321067,0.4830013156453589,39,control
1394,719.0,2160.0,719.1999926531507,2160.0201590126153,0.32114559412002563,1,0.43459697210474313,0.35929523986879347,39,control
1395,741.0,2136.0,740.8399674821131,2136.249977809689,0.12362890690565109,1,0.861085867047489,0.5621204195730826,39,check
1396,728.0,2014.0,726.4200831406046,2014.3899254928742,0.15894809365272522,1,2.224604918706616,0.8452693745612275,39,check
1397,701.0,2060.0,699.580042806335,2059.660078224266,0.15428680181503296,1,1.9748846574693384,1.7045788746092911,39,control
1398,676.0,2161.0,675.0,2161.0,0.11508471518754959,1,1.567107583448216,,39,control
1399,728.0,2148.0,727.7299957534213,2148.0399640480427,0.1971028596162796,1,0.8647799504375157,0.33873560185457263,39,control
1400,686.0,2171.0,683.1599185027626,2171.610018825321,0.17457596957683563,0,3.493308036536005,0.6045231125456557,39,control
1401,666.0,2127.0,658.6702372760092,2127.219963214757,0.13488219678401947,0,7.893243670958062,1.3059939782873555,39,control
1402,774.0,2179.0,774.0,2180.0,0.1588551551103592,1,1.353413315839932,,39,control
1403,689.0,2050.0,686.0,2053.0,0.19483250379562378,0,4.8088191391326935,,39,control
1404,735.0,2045.0,735.1501403303092,2044.7608201925602,0.10251457989215851,1,0.4025221607705484,0.9859074068661008,39,control
1405,763.0,2135.0,763.5801594729737,2134.7800816675112,0.11343608796596527,1,0.03663356013406448,0.3658024441279996,39,control
1406,859.0,2070.0,847.0,2046.0,0.11652006208896637,0,26.877126177176162,,39,check
1407,702.0,2000.0,699.0,2001.0,0.10242901742458344,0,3.764876335794019,,39,control
1408,723.0,2054.0,723.9800186388572,2053.8599978962748,0.17460744082927704,1,0.4389469224408408,0.5678627236363725,39,control
1409,698.0,2081.0,698.0199044672217,2080.7199998343135,0.15700292587280273,1,0.5330673912898105,0.20550491214308783,39,control
1410,726.0,2072.0,726.3598951823334,2071.7800446752935,0.16169041395187378,1,0.19264048211641044,0.4803429234112215,39,control
1411,694.0,2009.0,693.7201601864492,2008.7999675741316,0.14945591986179352,1,0.8354820475035274,0.5378361585873791,39,check
1412,673.0,2009.0,672.9600068497903,2008.9201275857192,0.1749592274427414,1,0.6162828077061709,0.28567145903819485,39,check
1413,763.0,2091.0,762.3996882076898,2091.3400438743874,0.13179424405097961,1,1.2875686085388998,0.895352884752384,39,control
1414,697.0,2092.0,693.9700293485358,2092.7501295766488,0.13206321001052856,0,3.7155629232336005,1.300724842188086,39,control
1415,731.0,2128.0,730.4199545421505,2128.3599216974785,0.16173338890075684,1,1.278391808729807,0.7464098586310736,39,control
1416,712.0,2058.0,712.1396282401785,2057.8000076048206,0.1752098947763443,1,0.41461512754025215,0.49214017293125634,39,check
1417,735.0,2099.0,732.2101476631294,2100.880032223215,0.11823199689388275,0,3.955674508236978,0.5030621289347347,39,control
1418,728.0,2043.0,728.4303920029182,2043.0599359354064,0.15090078115463257,1,0.32276938416883805,0.6820331660206523,39,control
1419,274.0,2386.0,274.06000367801227,2385.9998753788177,0.11184992641210556,1,0.5494935878151623,0.3347048106533745,41,control
1420,442.0,2339.0,441.8602619154474,2338.940387226901,0.10749241709709167,1,0.7100825825747092,0.15808203226892661,41,control
1421,429.0,2364.0,426.89001627500005,2363.9098531930945,0.19838692247867584,1,2.6572769982982267,0.4373679231532334,41,check
1422,412.0,2332.0,411.16009615423525,2332.270024068445,0.10634521394968033,1,1.4801509102772856,0.40605567504242307,41,control
1423,260.0,2240.0,259.9400943635321,2240.2899948235295,0.10502293705940247,1,0.8217409944668987,0.20831181315936026,41,control
1424,404.0,2408.0,402.0,2409.0,0.13689571619033813,0,2.834440832429868,,41,control
1425,399.0,2358.0,398.3000002809091,2357.930305198064,0.13955199718475342,1,1.2567068373805645,0.10609930946767353,41,control
1426,239.0,2392.0,238.70999191889788,2392.040093972254,0.11912066489458084,1,0.8867806051624311,0.37341904830070916,41,control
1427,435.0,2354.0,433.55023376827086,2354.2499471882866,0.16537635028362274,1,2.055268605363404,0.7095010100103242,41,control
1428,271.0,2343.0,272.0,2343.0,0.10120057314634323,1,0.5252246548825465,,41,check
1429,334.0,2433.0,398.4006931316921,2123.760073533252,0.1080574244260788,0,315.5135798153532,1.520008864024269,41,control
1430,261.0,2340.0,261.68005030510784,2339.6299590234958,0.11447722464799881,1,0.1726674782223051,0.4403738890231168,41,control
1431,408.0,2399.0,404.0,2400.0,0.10654222220182419,0,4.711556705582672,,41,control
1432,228.0,2321.0,227.85002975357654,2320.7799809744524,0.15974372625350952,1,0.6975786366410925,0.32118309864077754,41,control
1433,244.0,2359.0,242.3999984348884,2359.0000530302905,0.17416764795780182,1,2.1605416218885782,0.8017375611372859,41,control
1434,349.0,2418.0,349.110028736254,2417.780015444141,0.12042953819036484,1,0.4324334315881054,0.432317520361548,41,control
1435,297.0,2400.0,296.7499824820859,2400.110099001389,0.1524917185306549,1,0.8748850679964316,0.3471682588274725,41,check
1436,249.0,2376.0,249.63992192765767,2375.5700826181805,0.2607436776161194,1,0.19243230055571503,0.448365643283815,41,control
1437,429.0,2379.0,430.1901556959285,2379.820029806467,0.15613558888435364,1,1.256023906470122,0.6639581704550243,41,control
1438,256.0,2352.0,257.73006860557774,2351.519833506962,0.139836847782135,1,1.2052819319369565,0.5546551123010409,41,check
1439,251.0,2316.0,250.99000938392138,2315.9001316412464,0.10672703385353088,1,0.5795062462858059,0.18398405760283146,41,control
1440,356.0,2230.0,411.0,2139.0,0.10020182281732559,0,105.82754460023693,,41,control
1441,233.0,2337.0,233.53011869912325,2336.030339211982,0.10168934613466263,1,0.7062406234970625,1.3454667282243948,41,control
1442,420.0,2378.0,419.7897488633116,2385.929832031708,0.16264429688453674,0,8.220263586677975,1.0404980987105732,41,control
1443,286.0,2424.0,287.70024656791213,2423.090232852142,0.11167115718126297,1,1.3277648982478778,0.8145948946591653,41,control
1444,302.0,2425.0,299.4901397452867,2426.0196710694513,0.1537637710571289,0,3.30889047768446,0.9241833411971024,41,control
1445,438.0,2372.0,437.9900292057875,2371.7799995350542,0.24221171438694,1,0.5527629510800489,0.35512452258475324,41,check
1446,234.0,2299.0,234.24000695098383,2298.9698993598317,0.12746669352054596,1,0.3855258106659332,0.3407210408891489,41,control
1447,539.0,2392.0,538.8099980919135,2392.0199747323563,0.20953424274921417,1,0.7783246278726795,0.3958008724539461,42,control
1448,562.0,2400.0,562.1201346932141,2400.0098872070125,0.1499788761138916,1,0.49296893539255177,0.3056996147601048,42,control
1449,494.0,2353.0,494.180036416903,2352.720024959209,0.1532718688249588,1,0.36290140734688586,0.3884856888803007,42,control
1450,583.0,2262.0,581.5701248489345,2262.1296812451037,0.12891477346420288,1,2.0104597311434453,0.9991922625943492,42,control
1451,574.0,2292.0,573.8201068293737,2292.170111959702,0.13154925405979156,1,0.8357797955309687,0.33017337179080525,42,control
1452,483.0,2311.0,482.73996389611926,2311.2799644347333,0.10536839067935944,1,0.9641754589211031,0.2224095217384317,42,control
1453,614.0,2372.0,613.400087196132,2372.359922958743,0.16204993426799774,1,1.2913445863370967,0.2743208212396308,42,control
1454,563.0,2264.0,563.0,2264.0,0.17110683023929596,1,0.5989360874963194,,42,control
1455,537.0,2314.0,535.5399329249936,2313.4900696736304,0.16075028479099274,1,2.0199835423824335,0.3626550949315221,42,control
1456,626.0,2397.0,624.7701945894845,2397.480240606459,0.13930682837963104,1,1.9120628726054856,0.49295550000222443,42,control
1457,586.0,2253.0,588.0,2249.0,0.11785758286714554,0,4.024909862630618,,42,check
1458,663.0,2362.0,661.6089991890033,2371.5897860217483,0.1826026737689972,0,10.022690300285877,2.0964063891887457,42,control
1459,544.0,2373.0,543.0,2373.0,0.17539525032043457,1,1.5606912356165021,,42,control
1460,600.0,2230.0,598.6200678392117,2230.470084270723,0.16475467383861542,1,2.054974949334302,0.9723896553709018,42,control
1461,447.0,2349.0,446.3302612087202,2349.020051497292,0.1534213274717331,1,1.2430058343605512,0.1795387563536722,42,check
1462,546.0,2251.0,547.1100763345298,2251.4797514665233,0.10825224965810776,1,0.921686052722515,1.0224238715758027,42,check
1463,527.0,2231.0,525.6200651876973,2231.4900841924673,0.11953906714916229,1,2.0638970279230815,0.9283065801578173,42,control
1464,525.0,2365.0,523.0,2367.0,0.21748192608356476,0,3.3948043394629033,,42,control
1465,556.0,2421.0,555.3000596820146,2420.5997761863778,0.1869773119688034,1,1.247207128903631,0.2752500071622944,42,check
1466,533.0,2412.0,533.2398690722289,2412.0098952905414,0.15406587719917297,1,0.39704245756072826,0.20544873328044044,42,control
1467,591.0,2392.0,590.9000137778361,2391.840252519924,0.17261798679828644,1,0.6452377311211916,0.17434273259624944,42,control
1468,456.0,2392.0,454.0,2393.0,0.12521955370903015,0,2.8334642374241885,,42,control
1469,511.0,2257.0,511.5099622090367,2257.2700665571697,0.10449281334877014,1,0.521874444006661,0.4936941543472213,42,check
1470,586.0,2228.0,586.0699732754531,2228.1701411908543,0.10053365677595139,1,0.6331616223861952,0.24092118856940353,42,control
1471,450.0,2419.0,450.73005415123345,2418.5700984627747,0.14348553121089935,1,0.2586450658048061,0.7258467918590257,42,check
1472,502.0,2434.0,501.1300100973968,2433.920017547867,0.19967907667160034,1,1.4188409510083284,0.3628778430926332,42,control
1473,535.0,2254.0,534.8900124267138,2253.8801184619297,0.1597481071949005,1,0.6684306060423265,0.8318198128249337,42,control
1474,535.0,2268.0,535.7800394367574,2267.650237354265,0.16079746186733246,1,0.255351371007666,0.5602248518659066,42,control
1475,558.0,2379.0,554.2202046960565,2380.4201679245766,0.15038135647773743,0,4.631461363878622,0.6844293076247914,42,control
1476,526.0,2392.0,526.2300374825286,2391.7398989340136,0.1526985615491867,1,0.3099115266418422,0.3268233672928449,42,control
1477,632.0,2409.0,632.1800033374643,2408.9401566741235,0.2108701765537262,1,0.40387096543000056,0.26318272499325596,42,control
1478,519.0,2304.0,519.1700085506357,2303.9598901186587,0.20519042015075684,1,0.4290067069030724,0.22022611677974746,42,control
1479,558.0,2341.0,557.0098131580843,2341.3502611949575,0.10085348039865494,1,1.64510518610298,0.9755997837743801,42,control
1480,612.0,2358.0,610.7900140792561,2357.8999725503754,0.13775023818016052,1,1.7565412533611424,0.5116827440764322,42,control
1481,553.0,2284.0,550.8001280552527,2284.039977241123,0.1730165034532547,1,2.7593203175785272,0.44027007969598064,42,check
1482,655.0,2420.0,654.9000109328432,2419.9498543623404,0.2599570155143738,1,0.6666114113350768,0.24347411307549482,42,control
1483,603.0,2350.0,604.9900306605302,2349.7102649604003,0.13647842407226562,1,1.449857225555595,0.9381064432056425,42,check
1484,558.0,2292.0,554.0,2292.0,0.11951140314340591,0,4.550698295596946,,42,control
1485,479.0,2422.0,476.0,2426.0,0.10663649439811707,0,5.533554506454385,,42,control
1486,525.0,2331.0,523.7701255856143,2331.0301058787045,0.2228337526321411,1,1.7945119641103415,0.3468381658193816,42,control
1487,603.0,2401.0,603.7798974517452,2400.7799677813728,0.12037649005651474,1,0.24295719748139605,0.5235620755247373,42,control
1488,452.0,2321.0,449.9399777613861,2321.140124073393,0.10461805760860443,0,2.633435974323744,1.2474773456871664,42,control
1489,627.0,2315.0,624.8699368078201,2315.5098481939126,0.10306201875209808,0,2.7770414778270935,1.2823323255665042,42,control
1490,524.0,2296.0,524.080007706014,2295.910143533934,0.19386450946331024,1,0.49103359649978,0.383686067390541,42,control
1491,578.0,2244.0,578.8996120733866,2243.8702406642033,0.14199817180633545,1,0.3729759249307545,0.3753776216795487,42,control
1492,560.0,2312.0,564.0,2311.0,0.1073794960975647,0,3.537723865193712,,42,check
1493,567.0,2311.0,562.6599429325327,2311.469820509521,0.1439361721277237,0,4.93560195850777,1.10698335158811,42,control
1494,542.0,2278.0,539.0,2277.0,0.16874662041664124,0,3.62325727819787,,42,control
1495,491.0,2325.0,490.629894125883,2324.78008047074,0.1665993481874466,1,0.9138249801237442,0.5532652522654342,42,control
1496,766.0,2292.0,766.5799515225624,2292.260473603776,0.13783489167690277,1,0.5017682247572386,0.6474784249211665,43,control
1497,825.0,2394.0,824.5100297581641,2393.789935859578,0.12025979906320572,1,1.02678610888913,0.3950540190163962,43,control
1498,712.0,2354.0,711.7000158216563,2353.8600933507973,0.14021937549114227,1,0.8457007764184902,0.6151328247506215,43,control
1499,676.0,2395.0,676.6201277562595,2394.9006168039105,0.12533068656921387,1,0.16707414905004547,0.5973874137034426,43,control
1500,674.0,2414.0,674.1198961858931,2413.750145550229,0.2019370198249817,1,0.4173528900158681,0.20933759820134845,43,check
1501,674.0,2382.0,674.3499255848925,2381.609778863257,0.1067865714430809,1,0.23820758504054576,0.5011878426212272,43,control
1502,804.0,2400.0,803.3599084399059,2399.6800450665714,0.17721156775951385,1,1.1792477516753308,0.21509226893584288,43,control
1503,745.0,2277.0,745.3798327934866,2277.2500454878023,0.11045190691947937,1,0.5168539052808611,0.6386446701329079,43,control
1504,806.0,2409.0,805.5899937141886,2409.0300781022947,0.11134648323059082,1,0.9836128579915708,0.20465654687099968,43,control
1505,746.0,2226.0,745.8499833520725,2226.12997960498,0.12557631731033325,1,0.7870192474979799,0.2945250780330475,43,control
1506,668.0,2342.0,668.179979409341,2341.150023276714,0.12297499179840088,1,0.7045241917362194,0.5259120823200282,43,control
1507,721.0,2213.0,720.5399992128566,2212.99007163002,0.1235426664352417,1,1.0316757780286308,0.17368201139054837,43,check
1508,725.0,2321.0,724.9801286767097,2321.0300011438812,0.19187425076961517,1,0.6230648583030863,0.1865590314695633,43,check
1509,741.0,2239.0,742.7103619341586,2239.190370275126,0.13329432904720306,1,1.2432431606878847,1.180691759037556,43,control
1510,682.0,2356.0,681.7201284972605,2355.980232021283,0.12242574989795685,1,0.8497176334323086,0.6608489181143221,43,control
1511,691.0,2330.0,692.0499628121433,2329.2202709194266,0.16591648757457733,1,0.7395199196200983,0.47928153444464033,43,control
1512,762.0,2387.0,762.0298924962786,2386.810000807921,0.16121070086956024,1,0.5100936948709216,0.4624847877277834,43,control
1513,695.0,2338.0,694.8099131144634,2337.7197068419596,0.10846413671970367,1,0.7313292569677257,0.32162312073883137,43,control
1514,739.0,2316.0,738.7300276360883,2315.770097680219,0.10674385726451874,1,0.8108374225171192,0.46248566292497395,43,control
1515,783.0,2427.0,782.9101528787277,2426.8201252609897,0.10694108158349991,1,0.6282327477685644,0.3574370114569981,43,check
1516,762.0,2316.0,762.5900255323628,2315.790079041362,0.12363246083259583,1,0.05806069729059684,0.7377100783157449,43,control
1517,682.0,2343.0,683.4401242898097,2342.020194743569,0.10510987043380737,1,1.1623997677319493,1.047923004682274,43,control
1518,725.0,2245.0,726.8800747764327,2243.410118975178,0.1598023623228073,1,1.8985101917640839,1.08070289144602,43,control
1519,856.0,2355.0,860.0,2117.0,0.12223079055547714,0,237.79126381813143,,43,check
1520,697.0,2239.0,696.6901033607633,2239.200094607474,0.1262209564447403,1,0.9622140556904619,0.6475908489936995,43,control
1521,403.0,2625.0,402.9400161438538,2624.87999251499,0.18608424067497253,1,0.6072133813686823,0.4023007909108963,45,control
1522,424.0,2615.0,423.90995129913154,2615.3699866204565,0.15187561511993408,1,0.8836203395077397,0.2535107152826701,45,control
1523,364.0,2630.0,365.0599560797365,2630.300139356436,0.17939069867134094,1,0.7710954006586731,0.6135051086624715,45,control
1524,357.0,2648.0,356.0,2649.0,0.14367233216762543,1,1.9835073241289323,,45,control
1525,280.0,2496.0,279.62992329254274,2495.560081331551,0.10655567795038223,1,0.9251160427649973,0.5415979220222337,45,control
1526,380.0,2568.0,383.0,2567.0,0.14125360548496246,1,2.574971149775438,,45,control
1527,377.0,2655.0,376.9299074063936,2654.7298552876446,0.134328693151474,1,0.6001635895814723,0.19512288674570838,45,control
1528,328.0,2653.0,327.8100020046925,2653.0198421566306,0.16717998683452606,1,0.7741347357938154,0.18785979805431854,45,control
1529,382.0,2581.0,381.46003001829587,2580.760061923901,0.17206387221813202,1,1.0733343644095183,0.25364441167236085,45,control
1530,433.0,2493.0,433.59038102878657,2492.0204876069374,0.13444802165031433,1,0.7249365959908992,0.9721476585024628,45,check
1531,411.0,2604.0,409.0,2605.0,0.13178911805152893,0,2.8275336419332078,,45,control
1532,383.0,2526.0,382.7800485235799,2525.6698395488315,0.1245998665690422,1,0.7588501146644523,0.9860046718716043,45,control
1533,441.0,2562.0,441.8502776056912,2561.93985559824,0.1649879664182663,1,0.373104277398491,0.6161449683898732,45,control
1534,371.0,2601.0,371.25026714723543,2600.8307045132915,0.16054892539978027,1,0.2965285016370951,0.9347674723821844,45,control
1535,435.0,2528.0,436.0,2527.0,0.21364553272724152,1,0.8766673714251456,,45,control
1536,359.0,2617.0,359.98003600268714,2616.6702637911544,0.1642051339149475,1,0.45339870719222336,0.6775514837018574,45,control
1537,441.0,2514.0,441.53015177856196,2513.8102074970675,0.15538731217384338,1,0.06689452963099533,0.5470247067354296,45,control
1538,262.0,2648.0,262.9998554924588,2648.0899957350707,0.12403800338506699,1,0.5881095776794143,0.42727394198165947,45,check
1539,342.0,2602.0,342.37992944478094,2601.5797829579124,0.12732359766960144,1,0.22009401539846693,0.4952577758713206,45,control
1540,346.0,2545.0,342.0,2546.0,0.11134415864944458,0,4.707233133578274,,45,control
1541,323.0,2552.0,322.5497710789875,2551.7399335326877,0.15446242690086365,1,0.98533273096599,0.38613923981107945,45,control
1542,399.0,2497.0,398.0,2497.0,0.1155015304684639,1,1.558194559468747,,45,control
1543,330.0,2612.0,330.1300207034549,2611.840017860889,0.11292017996311188,1,0.41520977101530704,0.3266278461795062,45,control
1544,373.0,2559.0,373.0700556013887,2558.490409002996,0.10212989896535873,1,0.527053884339683,0.868574741086824,45,check
1545,401.0,2588.0,401.0,2589.0,0.16923102736473083,1,1.3670980075825756,,45,check
1546,397.0,2482.0,396.00015252657755,2481.8201371928053,0.15193772315979004,1,1.539177443156193,0.7066796203751153,45,control
1547,386.0,2630.0,385.9000773496917,2629.3901217049483,0.10056395828723907,1,0.7213543846953903,0.48253315547148634,45,control
1548,416.0,2548.0,415.9800094230492,2547.900130315489,0.1536795049905777,1,0.5763320818345993,0.28872955385600146,45,control
1549,387.0,2498.0,387.01992700509516,2497.550000499486,0.12417662143707275,1,0.551101029180634,0.5437283702146289,45,control
1550,320.0,2531.0,319.7399016500209,2530.720095288836,0.13913297653198242,1,0.7963510177680496,0.1702831982080851,45,check
1551,412.0,2537.0,412.57007062187245,2536.479945027083,0.11386938393115997,1,0.2644274025756408,1.7334423342270107,45,check
1552,434.0,2589.0,433.359590193671,2589.109902982793,0.11981549113988876,1,1.2289080194924602,0.4860961969401692,45,control
1553,453.0,2546.0,452.6100027872483,2546.0198156414854,0.19913966953754425,1,0.9642960899556179,0.22677546162787215,46,check
1554,534.0,2565.0,533.9197524609077,2564.8401147701543,0.16242146492004395,1,0.6194686133382529,0.5088687903116,46,control
1555,465.0,2466.0,465.04004100645665,2465.6601392090997,0.17834746837615967,1,0.5044410490204899,0.5546904883754499,46,control
1556,456.0,2563.0,455.5599818997567,2563.120073772873,0.1848522573709488,1,1.0434336256215868,0.3057920309145269,46,control
1557,554.0,2512.0,553.5100125878125,2511.890068044026,0.2114384025335312,1,1.0340100186400014,0.25697587254602944,46,control
1558,473.0,2572.0,473.15003009897845,2571.680418865626,0.14840203523635864,1,0.38781841888442053,0.5142429128598963,46,control
1559,574.0,2457.0,573.8301717523516,2456.6801152027206,0.21182699501514435,1,0.709733115068838,0.7626392432963809,46,check
1560,528.0,2586.0,527.6500319263823,2585.7400871915443,0.12331429123878479,1,0.8813295068281563,0.2962808123360065,46,control
1561,564.0,2479.0,564.0500422285934,2478.6800078808756,0.20182226598262787,1,0.4904818168644903,0.2191162543888924,46,control
1562,483.0,2488.0,483.42008989837643,2487.2801910747316,0.25132593512535095,1,0.4797020006159788,0.9000086783685568,46,control
1563,507.0,2574.0,506.55014242000556,2573.880209874688,0.14815932512283325,1,0.9911188731625465,0.5039803462747882,46,control
1564,493.0,2531.0,491.3400145787422,2530.88004554528,0.20057843625545502,1,2.1982440273929043,0.33789991312744966,46,control
1565,504.0,2597.0,504.60008919407625,2596.2802149383624,0.2244117707014084,1,0.4702290499005555,0.5256119319885755,46,control
1566,521.0,2451.0,521.2301582554247,2450.770167880861,0.2558112144470215,1,0.3079668673864905,0.6199357223935543,46,check
1567,519.0,2529.0,519.4701772027166,2528.6202002859523,0.2995379865169525,1,0.14170905705607745,0.5802011556481066,46,control
1568,548.0,2462.0,548.2998940268501,2461.819903988513,0.17795266211032867,1,0.24709011706874948,0.27293828378000656,46,control
1569,560.0,2490.0,559.3499191495846,2489.570176746946,0.20653799176216125,1,1.1986718347678376,0.30430944091404644,46,control
1570,485.0,2621.0,485.06002634487123,2620.7701414302087,0.1069292277097702,1,0.47096801815462946,0.40492407650579004,46,control
1571,482.0,2556.0,479.0,2557.0,0.14621573686599731,0,3.7495155434385907,,46,control
1572,515.0,2567.0,513.510187523278,2566.599940515785,0.1555102914571762,1,2.0274175770527236,0.48028191167268164,46,control
1573,663.0,2438.0,662.9499472298413,2437.370124499211,0.1240273043513298,1,0.7008714538097961,0.19771622388134238,46,control
1574,566.0,2506.0,565.5901462407662,2505.8502152951,0.18539825081825256,1,0.9496659418379887,0.4691017454440392,46,check
1575,534.0,2469.0,533.789874874744,2468.9499684419575,0.21219675242900848,1,0.7733224908775641,0.32373872279671,46,control
1576,543.0,2496.0,542.5201437341607,2495.9299405503252,0.19574150443077087,1,1.0311071702874997,0.16668610483556784,46,check
1577,562.0,2458.0,560.7098407825704,2458.180089511686,0.17712342739105225,1,1.8768003230978074,0.8586377001557651,46,check
1578,462.0,2510.0,461.85990522225194,2509.660244008416,0.17576104402542114,1,0.6807159149420148,0.8848075679141857,46,check
1579,524.0,2464.0,522.1902339156068,2464.230032115007,0.22589822113513947,1,2.395553513799621,1.1412621428077871,46,control
1580,527.0,2551.0,527.3095494198205,2550.3601605272634,0.11936628073453903,1,0.44656282621568993,0.933455159914709,46,control
1581,448.0,2591.0,447.7202742660662,2590.910103632231,0.13026225566864014,1,0.8287606779759749,0.4222548989489942,46,control
1582,575.0,2445.0,574.5702602696532,2445.0200833154663,0.16918568313121796,1,1.0036968136758306,0.5172525704697816,46,control
1583,529.0,2539.0,526.9300333533332,2539.7798590047846,0.1819726973772049,1,2.8007408708811203,0.7202362820822398,46,check
1584,581.0,2516.0,581.8900840176058,2515.34012057483,0.14595825970172882,1,0.5428014097800894,3.1544532663474785,46,control
1585,486.0,2512.0,486.14962037549265,2511.8002740820293,0.17575833201408386,1,0.38928211234466237,0.7301850792031582,46,control
1586,594.0,2488.0,593.7103857332966,2488.040238286317,0.10924293845891953,1,0.8739286369690759,1.0269607083506898,46,control
1587,519.0,2516.0,516.2899883882216,2517.0203035201566,0.2103738933801651,0,3.485479695517024,0.7020041158586688,46,control
1588,450.0,2533.0,449.589796176357,2532.5200722722543,0.17168794572353363,1,0.9708326790408575,0.8263954404171475,46,control
1589,542.0,2583.0,541.6400531131335,2582.6099537987225,0.10866866260766983,1,0.9017611668727156,0.4116425540606777,46,control
1590,453.0,2453.0,452.89001646847834,2452.820251272422,0.16261087357997894,1,0.6523481086811564,0.24849155647929314,46,control
1591,577.0,2506.0,581.0,2501.0,0.16505078971385956,0,5.879646402467215,,46,control
1592,496.0,2547.0,497.11987794775536,2546.740808467986,0.1562088578939438,1,0.5865166198809721,1.602600826392866,46,control
1593,562.0,2519.0,567.0,2516.0,0.11023647338151932,0,5.2442833429358835,,46,control
1594,473.0,2626.0,473.6300241145872,2625.7702169983722,0.10312056541442871,1,0.10330084585203968,1.3253292957419305,46,control
1595,490.0,2450.0,487.0,2449.0,0.18267109990119934,0,3.6156075956825062,,46,control
1596,763.0,2624.0,779.2298120393018,2442.46975958918,0.05164838582277298,0,181.9674296317692,1.2325177019950244,47,control
1597,781.0,2441.0,780.6800012520893,2440.999957575768,0.08068731427192688,1,0.8881194396203285,0.17717048349343056,47,control
1598,774.0,2600.0,770.0,2601.0,0.06669165939092636,0,4.695518576643906,,47,control
1599,729.0,2636.0,623.7399296844017,2557.420494189848,0.06777048856019974,0,131.63405905750838,1.7314046444337752,47,control
1600,729.0,2636.0,636.630005425,2354.969951064365,0.09212356060743332,0,295.7564537758903,0.9472551326481253,47,control
1601,730.0,2643.0,816.3396342153944,2772.6902997018233,0.06960511207580566,0,155.71664484418227,0.9486579335680981,47,control
1602,839.0,2439.0,837.1701256042311,2438.90068972056,0.11730276048183441,1,2.3682736352778844,0.9324851321706407,47,control
1603,805.0,2541.0,802.7300169655374,2540.8799646740877,0.052421685308218,0,2.8028363833952925,0.7570173613610108,47,control
1604,861.0,2518.0,844.0,2626.0,0.07906867563724518,0,109.64986104218289,,47,control
1605,840.0,2591.0,770.2501091241505,2559.1401690846474,0.07014784216880798,0,77.06415144591897,0.8975646826907816,47,control
1606,823.0,2445.0,563.7604318101761,2426.7499808983575,0.06126140430569649,0,260.4003029957668,1.4471759929863093,47,control
1607,762.0,2502.0,598.0,2426.0,0.06315919011831284,0,181.13769427244762,,47,check
1608,754.0,2523.0,782.0,2428.0,0.05031363666057587,0,98.65920040926916,,47,check
1609,784.0,2610.0,782.0,2610.0,0.09088648855686188,1,2.5390766512080267,,47,check
1610,760.0,2585.0,826.0399361426477,2593.5098707317857,0.06755471974611282,0,66.09406454769706,0.41762401458893783,47,control
1611,685.0,2457.0,759.3301562804185,2622.8996503268686,0.07347278296947479,0,181.79805855492862,0.8200940737421333,47,check
1612,688.0,2642.0,657.1604108101551,2347.690962193496,0.05590242147445679,0,295.73337577615354,1.9149862350488274,47,control
1613,678.0,2517.0,657.669589109695,2647.050209467486,0.07496574521064758,0,131.95756470424686,1.7680386576444662,47,check
1614,823.0,2643.0,816.0,2650.0,0.1473785787820816,0,10.4437464922695,,47,control
1615,810.0,2448.0,810.0705343287447,2447.8206885143463,0.09293907135725021,1,0.4675995509886625,1.3939654747299508,47,control
1616,754.0,2612.0,756.0,2610.0,0.06066928803920746,1,2.2916681951016065,,47,check
1617,825.0,2507.0,597.0,2478.0,0.05936303362250328,0,230.33665502828345,,47,control
1618,791.0,2560.0,790.8000327297156,2559.7002398101404,0.06772563606500626,1,0.7318237090702249,0.9391976574012825,47,control
1619,769.0,2559.0,652.0,2410.0,0.055591780692338943,0,189.58588657218803,,47,control
1620,837.0,2550.0,836.9994222278062,2549.2405137127207,0.12317468971014023,1,0.7424698808445429,1.0391445125926466,47,control
1621,683.0,2594.0,805.7498723797406,2563.969963060673,0.08617529273033142,0,125.79853734428916,0.13550247121344589,47,control
1622,782.0,2647.0,585.0,2527.0,0.05597444996237755,0,230.9964679824129,,47,check
1623,674.0,2616.0,830.3100901997966,2716.339911105183,0.07252316921949387,0,185.4360113828341,0.2657675808925997,47,control
1624,822.0,2604.0,812.0,2608.0,0.05853217467665672,0,11.349496919827976,,47,control
1625,855.0,2509.0,842.0,2497.0,0.06680408865213394,0,17.92856203658303,,47,control
1626,706.0,2532.0,805.869891796566,2563.819979556677,0.08368884027004242,0,104.38623558092105,0.14331104231073263,47,control
1627,723.0,2461.0,721.0,2380.0,0.050998505204916,0,80.79709238671946,,47,control
1628,675.0,2570.0,719.0,2696.0,0.05036348104476929,0,133.5225719587648,,47,control
1629,675.0,2570.0,619.220019154533,2731.790295139795,0.050574738532304764,0,171.5446236215945,2.2605765248593954,47,control
1630,731.0,2543.0,766.6698872760928,2417.8599528850204,0.057342562824487686,0,129.74632281131963,1.1892658536721015,47,control
1631,245.0,2742.0,245.86999533461778,2741.980247994863,0.1442190557718277,1,0.42262556988019856,0.8083818928975839,49,control
1632,362.0,2700.0,361.95995116798537,2700.340125942352,0.1213412806391716,1,0.8279268815216061,0.69776217133603,49,control
1633,274.0,2858.0,273.57963977612826,2857.7000663294175,0.15710286796092987,1,0.9431955397327396,0.3890420803679127,49,check
1634,362.0,2715.0,360.5898664414918,2714.990074346027,0.12149137258529663,1,1.9540417971975401,1.161771164511853,49,control
1635,260.0,2802.0,259.57997645397927,2802.1899435747673,0.12766830623149872,1,1.0498482875633808,0.2088537671566834,49,control
1636,416.0,2718.0,414.4501679361786,2717.7200646674337,0.10248377174139023,1,2.076759632305314,0.5402405425496934,49,control
1637,350.0,2811.0,350.4000859348675,2810.3400556127244,0.10177801549434662,1,0.41496797063618274,0.7844895377309076,49,check
1638,254.0,2739.0,253.88001466590669,2739.0691883626628,0.11531934887170792,1,0.7298046837287767,0.8573666213561237,49,check
1639,396.0,2658.0,395.9399020642368,2657.769856456891,0.25371497869491577,1,0.5905119529686892,0.2476963665566105,49,control
1640,248.0,2659.0,248.390007754317,2658.930051978428,0.11250661313533783,1,0.24205475391842685,0.4153314781290203,49,control
1641,384.0,2704.0,385.07020263145887,2703.440147959962,0.11520382016897202,1,0.6192763900107355,0.5990147596612391,49,control
1642,269.0,2828.0,269.2100522086068,2827.600029406014,0.1434839814901352,1,0.3404286435800317,0.36025219148729437,49,control
1643,288.0,2680.0,287.4999808087661,2680.1300657792017,0.15253612399101257,1,1.1030948350140963,0.2832624622501765,49,control
1644,321.0,2839.0,320.5699513037191,2839.379941505582,0.11017392575740814,1,1.150608988271859,0.4948192394503432,49,control
1645,234.0,2855.0,233.47018124448115,2854.5603330964445,0.17935027182102203,1,1.0663724633464429,0.7330644014275056,49,check
1646,261.0,2739.0,260.4899941054665,2739.0300648447223,0.11634470522403717,1,1.0792723833648696,0.2872020260181302,49,control
1647,335.0,2690.0,335.9101091287381,2689.1501239697727,0.11776933819055557,1,0.6997562198995317,0.5094945784992815,49,control
1648,231.0,2792.0,228.47004323674068,2792.660063640936,0.19851519167423248,0,3.1936676847952503,0.6385856890823003,49,control
1649,309.0,2687.0,310.70002251493537,2686.7802262395453,0.16050460934638977,1,1.1715267972843508,1.0989358606100035,49,control
1650,260.0,2770.0,259.890052070446,2769.639854249545,0.10954233258962631,1,0.6429739490777262,0.4989677567374866,49,check
1651,398.0,2828.0,391.0,2830.0,0.11340925097465515,0,7.854988432148386,,49,control
1652,345.0,2675.0,346.5003160963671,2674.659810292314,0.11027136445045471,1,0.9739595402135008,0.521444174436556,49,control
1653,412.0,2706.0,410.0,2706.0,0.11461755633354187,1,2.54072977628085,,49,control
1654,336.0,2816.0,337.28047459330674,2815.529520395643,0.10762707144021988,1,0.7846100478860926,0.5411977629991811,49,control
1655,310.0,2832.0,307.7104015778909,2833.9501060627413,0.10174214094877243,0,3.580637535840875,1.0515767477744065,49,check
1656,294.0,2659.0,293.7000290147361,2658.789961048966,0.16770580410957336,1,0.8325037642504165,0.2516029568407255,49,check
1657,279.0,2711.0,279.55028945007575,2710.829948831654,0.13727177679538727,1,0.09811089613712659,1.1439405464571146,49,check
1658,325.0,2666.0,324.2700850532787,2666.3799056456432,0.10402073711156845,1,1.4146667763967637,0.4320112357600853,49,control
1659,224.0,2777.0,223.85000860595318,2776.910113041517,0.2995521128177643,1,0.6996458600767435,0.1825351553679464,49,control
1660,302.0,2847.0,302.50994232267783,2846.420065970253,0.12611985206604004,1,0.31393843917758213,0.3422015605995324,49,control
1661,333.0,2826.0,333.6197933429664,2825.5699434781613,0.10244492441415787,1,0.19163294039726353,1.8114062888559388,49,control
1662,405.0,2658.0,397.0,2657.0,0.10287157446146011,0,8.561715477664796,,49,control
1663,306.0,2678.0,305.860029649956,2677.8098496071007,0.1217869222164154,1,0.6738349802084816,0.32576008960949604,49,check
1664,316.0,2849.0,316.94004922329253,2848.6598608000754,0.10531046986579895,1,0.4244433081043763,0.5536937411949014,49,control
1665,245.0,2849.0,245.3001286858849,2849.049910914132,0.1763801872730255,1,0.38886951522225455,0.5368067098032117,49,control
1666,248.0,2704.0,248.4798296862014,2703.29992597401,0.10399951040744781,1,0.4358760444065926,0.9440527624707267,49,control
1667,294.0,2729.0,291.0,2730.0,0.10792528837919235,0,3.7477731797063503,,49,control
1668,321.0,2802.0,321.89991036876984,2801.620249467956,0.1097552552819252,1,0.3928775665342957,0.4943532225709876,49,control
1669,343.0,2779.0,340.0,2778.0,0.10395745187997818,0,3.6010726641261304,,49,control
1670,275.0,2814.0,273.06000374250505,2814.9700080719267,0.11864393949508667,0,2.7572951681725297,0.8375686798907459,49,control
1671,306.0,2768.0,306.2198453513466,2768.1600246278363,0.1467001587152481,1,0.5238839216086304,0.29376792824543835,49,control
1672,277.0,2797.0,275.17993824637307,2797.489889370643,0.14198440313339233,1,2.464049722474864,0.4971474172140464,49,control
1673,350.0,2710.0,351.2096703260234,2709.509885444101,0.10954663157463074,1,0.7187388377440475,1.0163522788601524,49,control
1674,235.0,2834.0,235.0,2832.0,0.18256035447120667,1,1.8084928388520851,,49,control
1675,249.0,2669.0,249.2100550535996,2668.490427563597,0.13764536380767822,1,0.4023998353246754,1.0545827989446985,49,control
1676,238.0,2684.0,238.0,2685.0,0.13965773582458496,1,1.3737196009716939,,49,control
1677,294.0,2845.0,291.0,2846.0,0.1024177074432373,0,3.743440389962525,,49,control
1678,461.0,2857.0,388.20008804318053,2819.3300291367073,0.051500387489795685,0,82.31369511840226,5.853571407766459,50,control
1679,448.0,2686.0,444.0,2554.0,0.05056973174214363,0,131.82116827772958,,50,check
1680,547.0,2725.0,547.5501503100563,2724.850077416345,0.1470707207918167,1,0.1072497753572627,0.6977412332145292,50,control
1681,616.0,2828.0,694.0,2943.0,0.07127196341753006,0,138.87660255785312,,50,control
1682,625.0,2868.0,757.6596539174502,2585.649811979663,0.05068383365869522,0,311.51688134027665,0.9546131222890645,50,control
1683,471.0,2699.0,370.0,2559.0,0.06409601122140884,0,172.73228972770974,,50,control
1684,536.0,2658.0,536.2301609069392,2657.7501679591164,0.07409609109163284,1,0.2979650867529304,0.664280658486445,50,control
1685,563.0,2749.0,342.0,2560.0,0.08238816261291504,0,291.0323489291101,,50,control
1686,498.0,2707.0,620.0,2942.0,0.05129870027303696,0,264.76942115302927,,50,control
1687,554.0,2853.0,576.0,2903.0,0.052984245121479034,0,54.65418098359822,,50,control
1688,536.0,2747.0,484.0,2621.0,0.0754847303032875,0,136.27557014302775,,50,control
1689,466.0,2711.0,605.0,2945.0,0.05194762721657753,0,272.12708546582803,,50,control
1690,466.0,2711.0,467.2399300570628,2710.54989709042,0.07299555093050003,1,0.738904644784967,1.097508992793192,50,control
1691,662.0,2769.0,491.71030732014,2587.71983789845,0.058081503957509995,0,248.89757318708484,1.0981011145730828,50,control
1692,508.0,2689.0,507.7602237307792,2688.290107448404,0.13206318020820618,1,0.8913584243552323,0.5550490059176623,50,control
1693,630.0,2846.0,641.0,2829.0,0.05197298526763916,0,19.757578336251772,,50,control
1694,513.0,2674.0,513.6399499620385,2673.270481519192,0.11102485656738281,1,0.48752406237140417,1.7913640404154882,50,control
1695,574.0,2872.0,575.6100041130055,2646.0098156806134,0.05381762608885765,0,225.7406863445112,1.3343777049189278,50,control
1696,565.0,2763.0,516.7591765115302,2574.1303419236683,0.055071912705898285,0,194.81966910986617,1.6097275072741941,50,control
1697,653.0,2824.0,653.5600351235254,2823.6304734173123,0.06457848101854324,1,0.12557342951160663,0.8198260154077303,50,control
1698,510.0,2659.0,501.0,2974.0,0.050292275846004486,0,315.40253887322876,,50,control
1699,519.0,2736.0,519.0998672909673,2735.880540117231,0.06132699176669121,1,0.4462670609330538,0.952178994881327,50,control
1700,643.0,2710.0,510.0,2673.0,0.06310418993234634,0,138.49125976630714,,50,control
1701,504.0,2699.0,503.48999814723106,2697.970197655215,0.07425796240568161,1,1.2937592148400736,1.8949322875620602,50,control
1702,573.0,2792.0,356.0,2556.0,0.07235782593488693,0,320.77141974154836,,50,control
1703,649.0,2759.0,655.0,2891.0,0.05374927073717117,0,132.36497211597018,,50,control
1704,541.0,2818.0,335.0,2619.0,0.05143840238451958,0,286.6219657016593,,50,check
1705,590.0,2668.0,788.3897067429265,2562.22991040331,0.0507197342813015,0,224.2429037434087,0.18343447849031214,50,control
1706,642.0,2862.0,642.0997488471219,2861.9796077830924,0.06617946922779083,1,0.4778968190092624,0.650055250332852,50,check
1707,638.0,2837.0,685.9298466795308,2953.0703842602034,0.05800063908100128,0,125.61408042393079,1.754282761297003,50,control
1708,604.0,2686.0,416.0,2965.0,0.06500956416130066,0,336.9360325178919,,50,control
1709,540.0,2796.0,593.0,2731.0,0.053738877177238464,0,83.34248856209979,,50,check
1710,447.0,2814.0,313.0,2624.0,0.052484817802906036,0,232.5916640818028,,50,control
1711,620.0,2693.0,514.0,2887.0,0.07740999013185501,0,221.54483765354922,,50,check
1712,662.0,2855.0,588.0,2555.0,0.05261095613241196,0,308.8766105005298,,50,control
1713,529.0,2733.0,689.0696856506206,2800.3102653932333,0.057013899087905884,0,173.26361667090683,6.073885960710584,50,control
1714,480.0,2874.0,381.0,2857.0,0.06440816074609756,0,100.9186928452204,,50,check
1715,596.0,2684.0,601.0,2611.0,0.053834982216358185,0,72.88664073620221,,50,check
1716,828.0,2750.0,827.7096513282679,2749.550349302631,0.1071658656001091,1,0.8372973801280524,0.36039246045228357,51,check
1717,681.0,2875.0,680.4702275169997,2875.2700690796987,0.10393498837947845,1,1.1688679959565347,0.441079260922861,51,check
1718,804.0,2752.0,729.0,2933.0,0.1207924634218216,0,196.35020116585565,,51,control
1719,757.0,2870.0,756.8001638506986,2869.769978297573,0.17546825110912323,1,0.7164162513287452,0.2756718719756027,51,control
1720,833.0,2717.0,832.300024080047,2716.780173209255,0.10596626996994019,1,1.222401336120157,0.39601720404278484,51,control
1721,779.0,2872.0,778.4099971344962,2871.980187010029,0.15591876208782196,1,1.128892233961183,0.11922602177390039,51,control
1722,786.0,2845.0,785.0,2844.0,0.10702034831047058,1,1.6946092988003802,,51,control
1723,859.0,2722.0,866.0,2896.0,0.21759608387947083,0,174.36285859756168,,51,control
1724,848.0,2746.0,866.0,2896.0,0.1439111977815628,0,151.2563156274801,,51,control
1725,847.0,2669.0,858.0,2725.0,0.19479064643383026,0,57.208443724274225,,51,control
1726,865.0,2800.0,866.0,2896.0,0.18792028725147247,0,96.2434107735126,,51,control
1727,856.0,2767.0,866.0,2896.0,0.12031453847885132,0,129.58983658133783,,51,control
1728,824.0,2697.0,822.0,2697.0,0.11405491083860397,1,2.534777181573731,,51,control
1729,857.0,2758.0,866.0,2896.0,0.10067261755466461,0,138.50239387912848,,51,control
1730,829.0,2669.0,839.1201682885951,2664.550817036972,0.14526492357254028,0,10.478009376374672,0.9904092908533468,51,control
1731,829.0,2669.0,820.0,2662.0,0.11707141995429993,0,11.678917103969571,,51,control
1732,864.0,2767.0,833.0,2666.0,0.14409677684307098,0,105.57533944642535,,51,control
1733,864.0,2767.0,866.0,2896.0,0.4038868844509125,0,129.2507260871828,,51,control
1734,837.0,2689.0,836.1707141114684,2691.52044170708,0.3595026731491089,0,3.0750954089232545,3.116140556598252,51,control
1735,834.0,2698.0,834.5599223051728,2697.5402047052316,0.13714715838432312,1,0.2215337506506055,0.42626938255589325,51,check
1736,857.0,2779.0,748.0,2706.0,0.10534369200468063,0,131.4864410917189,,51,check
1737,857.0,2779.0,866.0,2896.0,0.13889877498149872,0,117.54888935817772,,51,control
1738,847.0,2693.0,833.0,2697.0,0.24675987660884857,0,15.129760037163786,,51,check
1739,869.0,2784.0,858.0,2725.0,0.2469071000814438,0,59.878293876366925,,51,control
1740,832.0,2660.0,866.0,2896.0,0.11475192755460739,0,238.60360378331418,,51,control
1741,260.0,2879.0,259.209983075751,2879.209629292041,0.22726275026798248,1,1.395955090819168,0.34679533480068764,53,control
1742,310.0,2916.0,309.4899888024375,2916.070064688211,0.16554655134677887,1,1.0830377270540685,0.4676516004884432,53,control
1743,245.0,3027.0,244.79998096068968,3027.1201055910474,0.207259401679039,1,0.8150626570850752,0.17979129647364492,53,control
1744,279.0,3042.0,279.819939525988,3041.549576257163,0.11549185961484909,1,0.3553245137528293,0.3752633643996839,53,control
1745,235.0,3041.0,236.02004241046947,3040.650136596713,0.15482930839061737,1,0.511403445459709,0.5878802119582852,53,control
1746,260.0,2978.0,257.0,2976.0,0.16316422820091248,0,3.9198760033821864,,53,control
1747,318.0,2974.0,317.0,2975.0,0.18215303122997284,1,1.976284079002218,,53,check
1748,294.0,2933.0,292.4799835385362,2933.110063205943,0.18746553361415863,1,2.0734871173231415,0.6400244233467434,53,control
1749,246.0,3046.0,246.310061291108,3045.440441016809,0.14357100427150726,1,0.3536468116334113,1.17674392591067,53,control
1750,223.0,3055.0,222.18036129192424,3055.240167238627,0.13972359895706177,1,1.4288396839844928,1.2871275868275556,53,control
1751,230.0,2940.0,228.0,2940.0,0.16116087138652802,1,2.533678869519674,,53,control
1752,386.0,3039.0,386.15028186387207,3038.840160913687,0.10579412430524826,1,0.377694744471033,0.799257815147234,53,control
1753,227.0,2985.0,226.58015808272373,2984.819948935274,0.1318279355764389,1,0.9415065380539377,0.5365372157401846,53,control
1754,320.0,3090.0,319.7898669846932,3089.9801009003,0.13747893273830414,1,0.763271576840252,0.60347248907695,53,control
1755,278.0,3056.0,277.6101076510573,3056.1700841187994,0.12632332742214203,1,1.0047979638649178,0.43522606067243663,53,check
1756,321.0,3070.0,320.94989552530825,3069.7601229732277,0.11115776002407074,1,0.5632965550929341,0.8979037053576581,53,control
1757,239.0,2905.0,239.89003894185896,2904.6801192444855,0.15848785638809204,1,0.3728368382047818,0.5544079574706906,53,check
1758,313.0,2982.0,317.0,2975.0,0.10479920357465744,0,7.580652176669579,,53,control
1759,252.0,2943.0,252.4300525445671,2942.649793225583,0.2110956311225891,1,0.11996104305317423,0.7857946706021927,53,control
1760,276.0,3012.0,276.28005849900575,3011.5799061888447,0.17268837988376617,1,0.2796579494433745,1.0522161864075585,53,check
1761,256.0,3014.0,255.0,3015.0,0.19042278826236725,1,1.977495346634997,,53,control
1762,342.0,2917.0,342.2601647023348,2915.7500393606624,0.10873393714427948,1,1.0181282949567447,0.4484436694177093,53,control
1763,273.0,2947.0,270.9997811855595,2947.679860850805,0.14195139706134796,1,2.6913191095640543,0.49747177609251836,53,check
1764,323.0,3080.0,322.60996983679513,3080.1802127426186,0.10683278739452362,1,1.0072521103281464,0.19118923990046316,53,control
1765,360.0,2948.0,358.8700097889621,2947.92998303905,0.10005113482475281,1,1.6588722145687216,0.3114775462072531,53,check
1766,294.0,2925.0,292.4800127696887,2924.8601967598634,0.17236775159835815,1,2.043123855092994,1.2223176429751381,53,control
1767,238.0,2936.0,237.6000268189923,2935.7800804062467,0.21353724598884583,1,0.9206117662507842,0.5126444405484453,53,control
1768,251.0,2993.0,244.45973822271336,2996.0197879295683,0.10042496770620346,0,7.786167678098119,1.7824242737301355,53,control
1769,290.0,3007.0,289.8800097498343,3006.9299843648073,0.1867697387933731,1,0.6658686523040207,0.39963285662189246,53,control
1770,306.0,2891.0,305.85015967778793,2890.7999848089758,0.14322854578495026,1,0.6736163431792385,0.5276947816350905,53,control
1771,285.0,2979.0,285.6499390588815,2978.46995175949,0.23267202079296112,1,0.2934979918917909,0.44277554511434625,53,control
1772,292.0,2976.0,286.0,2978.0,0.15172602236270905,0,6.900406955708936,,53,control
1773,353.0,3096.0,353.7299918406423,3095.040096623769,0.18547025322914124,1,0.7268979428225963,0.7201831092988147,53,check
1774,282.0,2914.0,282.0301828371184,2913.6200093769066,0.2902352809906006,1,0.5022343156987696,0.41301209153707674,53,control
1775,354.0,3006.0,356.42020265223624,3004.4003270937033,0.12612174451351166,1,2.3258548778770742,2.3349388142045764,53,control
1776,279.0,3000.0,278.4400326835732,2999.769926657533,0.2097553014755249,1,1.0766940409017567,0.4371966698324246,53,control
1777,250.0,2908.0,250.0,2906.0,0.14069855213165283,1,1.8073514709841083,,53,check
1778,288.0,2960.0,286.9497630785679,2959.700384446667,0.1144384890794754,1,1.5682303931845447,1.2652325511497922,53,control
1779,227.0,3067.0,225.79005391646672,3067.5701064173186,0.13415390253067017,1,1.918333354915829,0.6843059903168794,53,control
1780,403.0,3043.0,400.2599444976443,3043.469767479231,0.10153064876794815,0,3.3345869615770205,1.363602445227917,53,control
1781,246.0,2881.0,244.0598565189565,2881.1098710356328,0.17329125106334686,1,2.4907432362757964,1.4475748461164997,53,control
1782,342.0,3088.0,342.8500617007363,3087.480247299738,0.2296537309885025,1,0.42242473220735344,1.1449607300264717,53,control
1783,559.0,2915.0,558.9000522892893,2914.520386347739,0.14977248013019562,1,0.6559421841119147,0.5383893734841174,54,control
1784,497.0,2937.0,497.0700143094353,2936.8900097107066,0.13654816150665283,1,0.470464826329774,0.4735397550824956,54,control
1785,568.0,2926.0,567.0,2925.0,0.12546059489250183,1,1.6889908779418006,,54,control
1786,567.0,2917.0,567.0000318181742,2916.760000939067,0.19261673092842102,1,0.5166428904399909,0.5815576937316295,54,control
1787,669.0,2976.0,669.1201614018377,2975.720286068896,0.10620825737714767,1,0.3935722904358503,0.684819484327996,55,control
1788,731.0,2896.0,730.9298796944768,2895.8801198521796,0.10858381539583206,1,0.5995218430224114,0.13630070388752316,55,control
1789,774.0,2888.0,773.4998826382362,2887.899930190636,0.19162705540657043,1,1.0259773023416907,0.1510611650637348,55,check
1790,696.0,2943.0,695.52999799072,2942.970202958244,0.16020874679088593,1,1.0082463280343283,0.2837557469723664,55,control
1791,762.0,2881.0,761.6100254541072,2880.7900816928764,0.20211385190486908,1,0.9065679793657972,0.22917676036368365,55,control
1792,750.0,3075.0,654.5501365365416,3033.189015480193,0.11908913403749466,0,104.57265440497738,1.418442149561808,55,control
1793,705.0,2907.0,704.790132136145,2906.980108725858,0.11556503176689148,1,0.7606414851214858,0.3664124800458937,55,control
1794,719.0,2894.0,718.8598653205487,2894.019977448364,0.16516077518463135,1,0.7087392063655543,0.16988216394832426,55,control
1795,364.0,3132.0,362.28001342325894,3134.9199048584996,0.17091825604438782,0,3.889030665025463,1.55249216663536,57,check
1796,303.0,3115.0,295.80971431536733,3116.1898336659,0.11187893152236938,0,7.838088270576097,1.2482203845029682,57,control
1797,277.0,3192.0,274.7898574464213,3193.1695698539684,0.1706940084695816,0,3.0760917700202604,1.0829338407393956,57,control
1798,267.0,3283.0,266.5299237483134,3283.5302007670875,0.10128917545080185,1,1.2621269881539867,1.1603266565148482,57,control
1799,348.0,3113.0,347.7700221765481,3112.810102826737,0.18392325937747955,1,0.7443210932240393,0.44901897463334434,57,control
1800,370.0,3113.0,370.470023285889,3112.83993036091,0.11257486790418625,1,0.11346561335515554,0.45245615872869466,57,check
1801,236.0,3315.0,234.35002779718704,3315.7800472623153,0.10996973514556885,1,2.3970765753830086,0.8868645579134314,57,check
1802,380.0,3136.0,377.29026660376763,3134.009913657665,0.1238173320889473,0,3.651371683775275,0.8891189028402974,57,control
1803,348.0,3160.0,348.41007794119616,3159.400056703715,0.19073739647865295,1,0.34643410288461723,1.0795737227026252,57,control
1804,363.0,3177.0,363.94007984469505,3176.370127086233,0.11037392914295197,1,0.5645872316375234,0.332454313951421,57,control
1805,358.0,3159.0,358.3898354058733,3158.2300468918147,0.1884644329547882,1,0.516435390692722,0.6802820581457198,57,control
1806,325.0,3166.0,323.38023436895054,3167.279791957304,0.1674768328666687,1,2.6318640229481356,1.7202462136196677,57,control
1807,356.0,3170.0,356.59004422195,3169.5903449753696,0.10482487827539444,1,0.16428682769013828,0.868588450255544,57,check
1808,247.0,3196.0,246.8900030819202,3195.9799854949256,0.17736195027828217,1,0.6674242563284066,0.2090161414929901,57,control
1809,314.0,3099.0,313.79984295294923,3099.2198361355386,0.10391488671302795,1,0.8629499377001923,0.3932225474463868,57,check
1810,253.0,3185.0,253.13984307734717,3185.1501466366317,0.11589688807725906,1,0.5603913303514055,0.2868661265560548,57,control
1811,325.0,3175.0,325.7102424870198,3167.1501013674065,0.12054935842752457,0,7.583796162775491,1.4891993128679624,57,control
1812,228.0,3237.0,227.4699809261495,3237.13006180193,0.1391102373600006,1,1.1121826152590377,0.25425189800940245,57,control
1813,336.0,3103.0,337.0,3102.0,0.16553117334842682,1,0.8807123086236078,,57,control
1814,292.0,3115.0,289.0,3115.0,0.10294632613658905,0,3.521225365911886,,57,control
1815,298.0,3195.0,294.0,3192.0,0.12062622606754303,0,5.269492552807598,,57,control
1816,228.0,3226.0,227.99999343570647,3226.0201324974705,0.12631146609783173,1,0.5857472141810963,0.262851598628619,57,control
1817,223.0,3197.0,223.0,3195.0,0.12656445801258087,1,1.7996300233884277,,57,control
1818,328.0,3156.0,323.5095577240872,3154.3797892369753,0.1165628582239151,0,5.178664310988033,0.9436918206801599,57,control
1819,300.0,3156.0,297.0,3161.0,0.13965056836605072,0,6.33120769637814,,57,control
1820,492.0,3242.0,488.6599109853729,3242.769554184236,0.05927031487226486,0,3.97933065982537,1.1982184639775595,58,control
1821,561.0,3263.0,380.9891398806378,3218.370504052744,0.060050781816244125,0,185.88741885033005,4.626398147911527,58,check
1822,448.0,3313.0,449.27036485255314,3312.240046594716,0.053213246166706085,1,0.915257612404861,1.0451173238284872,58,control
1823,506.0,3140.0,506.3000122127244,3139.840305550214,0.09033199399709702,1,0.23061087524974627,0.394399138074775,58,control
1824,535.0,3182.0,535.3000505951921,3181.5801739918106,0.05968480184674263,1,0.2602038575396252,0.37685195137468724,58,control
1825,490.0,3114.0,468.0,3378.0,0.05165295675396919,0,265.220817253938,,58,control
1826,460.0,3206.0,460.2800187907808,3205.85003770812,0.08903247863054276,1,0.2519391867261125,0.6452869989572246,58,control
1827,512.0,3148.0,512.2399606139726,3147.290030683468,0.09490508586168289,1,0.5228661218339422,0.6598273007062648,58,check
1828,577.0,3315.0,580.6503186124141,3313.4307591086936,0.0590350441634655,0,3.4127718410002106,2.471538281894021,58,check
1829,466.0,3265.0,463.0,3268.0,0.059434253722429276,0,4.787375807024329,,58,check
1830,449.0,3211.0,445.0,3212.0,0.05070119351148605,0,4.678894521599785,,58,control
1831,498.0,3287.0,496.78969981029303,3299.29983058398,0.07683777064085007,0,12.678577638002254,1.3750049410761782,58,control
1832,453.0,3295.0,454.5801036621833,3294.2598146379255,0.0686124935746193,1,1.1790793288606456,0.5887927233922345,58,control
1833,530.0,3312.0,527.0,3311.0,0.10118712484836578,0,3.5767174707672766,,58,control
1834,549.0,3176.0,548.3799971873867,3176.010050339648,0.08069907128810883,1,1.1570841775869687,0.5312115736826251,58,control
1835,523.0,3128.0,524.3301487773243,3126.750578943867,0.06460613012313843,1,1.286838742790159,0.9313373751132559,58,control
1836,614.0,3224.0,333.0,3114.0,0.08198940008878708,0,302.14112204568926,,58,control
1837,557.0,3287.0,403.0,3147.0,0.053193598985672,0,208.3233117322816,,58,control
1838,487.0,3251.0,486.6801497369023,3250.87996195808,0.0733066126704216,1,0.8348700909025882,0.40131292949876646,58,control
1839,645.0,3266.0,642.0,3269.0,0.08349458873271942,0,4.780568336358049,,58,control
1840,581.0,3146.0,764.0,3153.0,0.054646510630846024,0,182.63999708402852,,58,check
1841,506.0,3226.0,505.33993888159296,3226.5097779287776,0.0724978819489479,1,1.396116355090023,1.4779103044607076,58,control
1842,523.0,3284.0,521.1902724270601,3283.910165942822,0.05510181188583374,1,2.317015137323951,0.8112870667504442,58,control
1843,473.0,3192.0,424.0,3222.0,0.062425024807453156,0,58.023203901378686,,58,check
1844,557.0,3114.0,441.0,3360.0,0.05518539249897003,0,272.43125871737084,,58,control
1845,629.0,3138.0,630.0,3138.0,0.05612816661596298,1,0.5559443207590387,,58,control
1846,571.0,3225.0,652.389168292001,2987.3794964380995,0.06112944334745407,0,250.76803108540517,5.182101966118834,58,control
1847,656.0,3237.0,658.4202305576315,3235.160460608496,0.07938888669013977,1,2.4884044108305376,1.6566179667121943,58,check
1848,497.0,3312.0,497.09901072279246,3311.4002494544598,0.058227717876434326,1,0.5236783771658108,1.6161861041834398,58,control
1849,600.0,3152.0,432.0,3415.0,0.06828998774290085,0,312.5706742929862,,58,check
1850,510.0,3281.0,505.9899418992867,3281.3503950319478,0.10540556907653809,0,4.5526557757789945,1.3486023225576707,58,control
1851,604.0,3304.0,335.0,3410.0,0.05617373809218407,0,289.6936895479744,,58,control
1852,466.0,3197.0,460.0,3206.0,0.05161577835679054,0,11.319224991460247,,58,control
1853,645.0,3244.0,642.0,3241.0,0.11057016998529434,0,4.448681619404387,,58,check
1854,633.0,3204.0,716.0,3382.0,0.060741622000932693,0,196.4222477633173,,58,control
1855,499.0,3297.0,498.91001367421546,3296.8701211525718,0.1966264545917511,1,0.605328278155629,0.20033441340239425,58,control
1856,502.0,3256.0,494.2101434278865,3260.0295013333944,0.09378591179847717,0,9.33703160085189,1.8827283228777756,58,control
1857,598.0,3187.0,588.4602685901098,2965.989936273794,0.05828347057104111,0,220.98379994685007,2.519602060013235,58,control
1858,581.0,3116.0,606.45911670053,3110.590300351072,0.07483256608247757,0,25.478282250388833,2.7004804941447405,58,control
1859,530.0,3119.0,403.0,3147.0,0.06289463490247726,0,130.60346266664902,,58,control
1860,562.0,3208.0,422.0,3419.0,0.06062835082411766,0,253.71848098015542,,58,control
1861,562.0,3316.0,316.0,3131.0,0.05582454800605774,0,308.0466324525018,,58,control
1862,564.0,3160.0,388.03029982622104,3158.5906762856985,0.08411645144224167,0,176.48127230201422,2.9004781106525708,58,control
1863,556.0,3161.0,333.0,3114.0,0.08800075203180313,0,228.343604379443,,58,control
1864,652.0,3128.0,377.0,3276.0,0.0652233436703682,0,312.86603708710584,,58,control
1865,629.0,3215.0,629.9893664561436,3213.7202453573777,0.051801782101392746,1,1.133491307507155,1.093234041360652,58,control
1866,593.0,3211.0,408.0,3179.0,0.07005362212657928,0,188.20160831167416,,58,control
1867,595.0,3198.0,412.0,3162.0,0.05450247973203659,0,186.9544807824927,,58,control
1868,595.0,3221.0,404.0,3195.0,0.07339370250701904,0,193.2274349860475,,58,control
1869,680.0,3219.0,681.0802144596536,3217.38001694476,0.13038431107997894,1,1.4834592660922465,0.923884914317963,59,control
1870,738.0,3254.0,736.330061019374,3254.5300455889956,0.1415293961763382,1,2.306325110548599,1.2261084655521584,59,control
1871,668.0,3209.0,670.0,3209.0,0.10790609568357468,1,1.5188917728637308,,59,control
1872,767.0,3165.0,766.9500758282954,3164.400128294607,0.1663072556257248,1,0.6549348205814837,0.461540636090909,59,control
1873,752.0,3167.0,753.4798734361909,3165.969927265227,0.14808474481105804,1,1.2496771511138758,0.5760830782747354,59,control
1874,762.0,3182.0,763.0,3183.0,0.21844810247421265,1,1.3451942100057401,,59,check
1875,791.0,3101.0,870.0,3081.0,0.10017399489879608,0,80.94207941964285,,59,control
1876,780.0,3298.0,779.5904562744864,3293.599826371675,0.12264418601989746,0,4.24779688784537,5.1436461519994365,59,control
1877,743.0,3155.0,742.0,3158.0,0.10365328937768936,0,3.5815806199813003,,59,control
1878,668.0,3271.0,668.9601115201209,3270.159997983705,0.10606826841831207,1,0.7443842478199334,0.7771272298902161,59,control
1879,750.0,3184.0,750.0,3183.0,0.15538759529590607,1,0.9025691380331644,,59,check
1880,798.0,3317.0,792.0,3319.0,0.10351211577653885,0,6.875019930783202,,59,control
1881,794.0,3301.0,793.0,3300.0,0.1650419533252716,1,1.6746035608059848,,59,control
1882,265.0,3343.0,265.0,3343.0,0.1989556849002838,1,0.570902356554814,,61,control
1883,382.0,3426.0,380.99035938383776,3422.260141970983,0.16387948393821716,0,3.7833342803916072,0.7010473746071597,61,check
1884,255.0,3506.0,255.0,3506.0,0.12380270659923553,1,0.5658513096161921,,61,control
1885,292.0,3440.0,292.03015247368694,3439.790273863186,0.11905056983232498,1,0.47081150428227053,0.620404765682996,61,control
1886,430.0,3461.0,430.5699819251216,3460.0902077917394,0.12189435213804245,1,0.6467751209467992,0.5468684792028495,61,control
1887,401.0,3365.0,401.3900356597122,3364.6901854932203,0.11059583723545074,1,0.1165628066483831,0.5635052096341937,61,control
1888,275.0,3492.0,273.379968020727,3492.2300494788365,0.1397569477558136,1,2.174006227949502,0.5129175129019965,61,control
1889,312.0,3428.0,312.5699340688748,3427.5099409969207,0.13723745942115784,1,0.22969780145647026,0.3247157742073761,61,control
1890,434.0,3423.0,432.4700789676939,3425.419932004277,0.16979515552520752,0,3.3649413591233235,1.382984972234116,61,check
1891,381.0,3475.0,379.1698997740476,3474.809754217071,0.14320965111255646,1,2.325619142333544,0.8683298560372433,61,control
1892,235.0,3441.0,238.08049028165627,3440.2701577764497,0.11730468273162842,1,2.6228825152017663,1.5424883062562118,61,control
1893,414.0,3486.0,417.3302226972669,3486.339917669477,0.1304604709148407,1,2.901468043099573,1.8564923456496483,61,control
1894,285.0,3405.0,284.0499799180022,3405.1500060418693,0.17528602480888367,1,1.5088577528994267,0.5865087499433006,61,control
1895,286.0,3387.0,285.75005811474244,3386.510233924782,0.1981840282678604,1,0.779734538494842,1.7497710409939553,61,control
1896,287.0,3463.0,287.44003672533773,3462.7100594680255,0.12737946212291718,1,0.05797281659695247,0.6424558472478286,61,control
1897,411.0,3398.0,411.0998976543987,3397.7102756309514,0.15402281284332275,1,0.397884467389558,0.3472772812208168,61,control
1898,347.0,3457.0,347.25002162417144,3457.800166502213,0.1978156417608261,1,1.0989599875712097,0.5286862372598725,61,control
1899,299.0,3532.0,298.8498985036079,3531.7699771008015,0.1848556101322174,1,0.644165229570763,0.3238741602518393,61,control
1900,263.0,3427.0,262.6594871944995,3426.7604705151075,0.12645721435546875,1,0.8387874770269979,0.4129465999836143,61,control
1901,329.0,3533.0,328.7700181347835,3532.869970016244,0.2025095820426941,1,0.7361236517787604,0.381723167379751,61,check
1902,389.0,3434.0,389.83011215776776,3433.1002461350795,0.12050449103116989,1,0.7138914032186484,1.9861239577367238,61,control
1903,251.0,3440.0,245.87028289495743,3438.869991099375,0.13216128945350647,0,5.691466214956581,0.9829956584517673,61,control
1904,420.0,3389.0,419.9701911554142,3388.5002670433487,0.14084897935390472,1,0.5763036415453524,0.5926729574174731,61,control
1905,403.0,3480.0,403.760434655169,3479.640379055941,0.13428287208080292,1,0.2817817005594502,1.08634210677923,61,check
1906,432.0,3451.0,432.63023888726315,3450.1502233370743,0.20367063581943512,1,0.598083022706243,0.49053711980299314,61,control
1907,383.0,3501.0,382.6301512582985,3500.869955368422,0.204933762550354,1,0.8741068370143719,0.23386837430822044,61,control
1908,304.0,3375.0,304.5700109627958,3374.9299432663324,0.13436338305473328,1,0.21397464571126515,0.6928795779791544,61,control
1909,412.0,3363.0,412.77014944924497,3362.8501065830046,0.12006872892379761,1,0.29572429203710987,0.5895597506917225,61,control
1910,369.0,3514.0,369.32991114431104,3513.689908474446,0.26179349422454834,1,0.16734786947445734,0.42275990352118126,61,control
1911,362.0,3418.0,361.8399953230156,3418.039978631373,0.1428086906671524,1,0.7263038326910761,0.27954048231233153,61,control
1912,402.0,3335.0,403.26998581496264,3334.0403007903865,0.12984518706798553,1,1.0355160571966677,0.6794203372538704,61,control
1913,295.0,3486.0,294.5900202293338,3485.8300788848505,0.1669704169034958,1,0.9105260586069241,0.4032216968254384,61,control
1914,397.0,3391.0,396.6800144451691,3390.9298252739363,0.15457119047641754,1,0.8412445255472285,0.44436678427248627,61,control
1915,428.0,3355.0,428.4003020977935,3354.6801946836636,0.1905806064605713,1,0.11209656328628426,0.5596244715143812,61,check
1916,225.0,3509.0,222.94988087748564,3509.8999898497127,0.13932017982006073,0,2.8035481077879143,0.8777419958142687,61,control
1917,313.0,3466.0,313.150157178197,3465.8100245425658,0.11546787619590759,1,0.35489129095152194,0.5112936921307148,61,control
1918,290.0,3363.0,286.8999806983973,3363.0603842348382,0.13151949644088745,0,3.6154532056004,1.1268449759190813,61,control
1919,432.0,3398.0,433.1305379422642,3397.850431200055,0.19481433928012848,1,0.6443500517704898,1.4180468506883754,61,check
1920,270.0,3465.0,267.8699117474177,3465.640112836703,0.10064443200826645,0,2.780650067274109,0.8365474284846458,61,control
1921,228.0,3426.0,228.0098329154576,3426.259996395656,0.23972377181053162,1,0.7249078504280981,0.14826753073944723,61,control
1922,347.0,3510.0,347.33991255992606,3509.6201752255497,0.2068481147289276,1,0.18743805553607193,0.14628641190143596,61,control
1923,365.0,3431.0,364.3000041291953,3430.960039929229,0.1974714696407318,1,1.2181569954896008,0.8783478788410733,61,check
1924,247.0,3377.0,243.4399849563119,3372.129925248932,0.15892361104488373,0,6.1321050268959985,0.36083673613801653,61,control
1925,273.0,3371.0,272.27997769230575,3371.1600364951587,0.2268459051847458,1,1.2946039339301545,0.2295682287321183,61,control
1926,348.0,3468.0,348.50019002044195,3467.6695411889555,0.2174651175737381,1,0.05956478633546542,1.6574074860752013,61,control
1927,257.0,3399.0,256.500252653497,3399.050206493508,0.23344676196575165,1,1.0500075602541052,0.5543894917580175,61,check
1928,347.0,3532.0,346.39988044249236,3531.890049547917,0.15503999590873718,1,1.1040940400583326,0.4213330573605807,61,check
1929,225.0,3339.0,224.4502487428786,3339.1399343611197,0.16971859335899353,1,1.1305026513767973,0.6470716068999104,61,control
1930,478.0,3358.0,477.22998192970925,3358.100162676865,0.16788052022457123,1,1.3195134796658432,0.8439707502755349,62,control
1931,490.0,3420.0,489.54995277222474,3420.3400715863045,0.10636404901742935,1,1.1221160529430065,0.6835197233069413,62,control
1932,501.0,3386.0,495.3595637430186,3387.280034893346,0.12783391773700714,0,6.328333718978367,0.8591733728830384,62,control
1933,537.0,3361.0,536.1298828891927,3360.850146484708,0.14877769351005554,1,1.3720769290032395,0.4507880598765399,62,control
1934,502.0,3361.0,500.1000062375084,3360.9500134532113,0.14667804539203644,1,2.4072511708227324,0.6177396749819878,62,control
1935,496.0,3331.0,495.0,3332.0,0.1461900919675827,1,1.9603758248225285,,62,control
1936,513.0,3423.0,513.8701369971661,3422.9998541022087,0.1237974762916565,1,0.4583655182895358,0.46563020088563467,62,control
1937,467.0,3328.0,467.33003059144994,3327.730177382166,0.10878238081932068,1,0.1696562229212243,0.8124674543652121,62,check
1938,457.0,3355.0,457.17983344705686,3354.3097535864385,0.12103275209665298,1,0.53132290391329,0.7256132799047154,62,control
1939,485.0,3430.0,484.0,3430.0,0.11160216480493546,1,1.5182188493311202,,62,control
1940,466.0,3390.0,462.0,3392.0,0.1303797960281372,0,5.035220092518238,,62,control
1941,503.0,3349.0,505.0,3348.0,0.11904475837945938,1,1.6728191226633689,,62,check
1942,445.0,3418.0,445.14993312522023,3417.5000179299695,0.1826445758342743,1,0.4174810230093244,0.7763491380800442,62,control
1943,494.0,3321.0,493.0,3321.0,0.13220274448394775,1,1.5225304145888159,,62,control
1944,498.0,3431.0,498.7897489278044,3429.8999647248174,0.1380576640367508,1,0.8863971116460474,0.6832210526407432,62,check
1945,521.0,3387.0,522.029986625044,3386.100003585994,0.12062732130289078,1,0.8311899470081898,0.38537171957294064,62,control
1946,477.0,3416.0,476.0,3418.0,0.12823130190372467,1,2.7142225858235127,,62,control
1947,459.0,3367.0,459.0,3367.0,0.14912107586860657,1,0.5641884768095629,,62,control
1948,455.0,3389.0,448.57979217372025,3389.5799381360043,0.1270899474620819,0,6.968836437260599,0.6164298729706467,62,control
1949,516.0,3399.0,517.579764590789,3398.670468086758,0.13853421807289124,1,1.0858624213777706,1.5657017658797383,62,control
1950,486.0,3377.0,485.7599055490371,3376.6900980577343,0.13999274373054504,1,0.7387703580220886,0.41192183190663867,62,check
1951,525.0,3534.0,526.2099952655374,3533.000160416628,0.14104793965816498,1,1.0294330378757692,0.6833052874604055,62,control
1952,557.0,3334.0,557.0,3334.0,0.14455349743366241,1,0.5623316667654825,,62,control
1953,544.0,3350.0,544.5596187712532,3350.800328438077,0.12297850102186203,1,1.063406607595116,1.1628782991165292,62,control
1954,663.0,3419.0,663.0800036642495,3417.9700107234416,0.1645948439836502,1,0.8767652019806231,0.5690302082868697,62,check
1955,823.0,3495.0,822.0598752085436,3494.9101369696405,0.23041802644729614,1,1.4375143126147512,0.3655067677842313,63,control
1956,806.0,3384.0,805.7199586068531,3383.349828933598,0.21411289274692535,1,0.8707361968426841,1.0443576297828123,63,control
1957,785.0,3376.0,784.6900450919366,3375.6102255789606,0.16384854912757874,1,0.8158168029415871,0.3484539856459649,63,control
1958,793.0,3365.0,793.2399232992909,3364.6596315085626,0.14383819699287415,1,0.2698247249664848,0.37845456759619567,63,control
1959,737.0,3379.0,733.0,3379.0,0.12740691006183624,0,4.5015447276193505,,63,control
1960,706.0,3413.0,707.0,3417.0,0.10844698548316956,0,4.285011486068877,,63,control
1961,750.0,3411.0,751.1603876918467,3411.12976729034,0.15702606737613678,1,0.7694927880018761,0.9457002473917081,63,control
1962,682.0,3407.0,679.1098348532304,3408.3893462659375,0.10221689939498901,0,3.762711746421775,0.5957679166065439,63,control
1963,806.0,3467.0,805.1300605406655,3466.510151727832,0.129062220454216,1,1.3805125569400059,0.6700934280038897,63,control
1964,788.0,3320.0,792.0,3319.0,0.1799677610397339,0,3.5829763176471996,,63,control
1965,781.0,3343.0,779.0,3344.0,0.18282929062843323,0,2.791425812826415,,63,control
1966,734.0,3529.0,733.3000505306994,3529.6100412987016,0.13201738893985748,1,1.4694022746754951,0.4494555994248308,63,control
1967,769.0,3442.0,766.3300478907871,3442.570310583936,0.19923387467861176,0,3.2665690940838137,1.041630071071382,63,control
1968,761.0,3507.0,760.610028041129,3506.7999490780226,0.1333325207233429,1,0.8801213339566569,0.7188178798799421,63,control
1969,719.0,3478.0,716.9200599076062,3478.579858461583,0.10485583543777466,1,2.702422160930366,0.4450619355765757,63,check
1970,753.0,3334.0,755.0,3334.0,0.10884326696395874,1,1.524820146856219,,63,control
1971,765.0,3487.0,761.2600612932687,3488.530036308695,0.14796772599220276,0,4.589879101775856,0.623388169513997,63,control
1972,699.0,3476.0,696.0,3478.0,0.20926842093467712,0,4.156132283955132,,63,check
1973,734.0,3425.0,736.0000188830655,3424.710664013335,0.11522011458873749,1,1.5080597817470034,2.0641960354776208,63,control
1974,834.0,3387.0,832.0,3387.0,0.13885381817817688,1,2.5053766442232885,,63,check
1975,685.0,3428.0,687.0,3425.0,0.17549926042556763,0,3.130737650731807,,63,control
1976,768.0,3333.0,771.0,3333.0,0.1442645788192749,1,2.516571087643457,,63,control
1977,831.0,3447.0,832.0,3447.0,0.15037085115909576,1,0.5675816899368266,,63,check
1978,692.0,3437.0,694.0,3432.0,0.12202947586774826,0,4.978084206147984,,63,control
1979,809.0,3508.0,812.8598349571172,3508.190241934643,0.13749636709690094,0,3.400742415985308,1.6288539044764772,63,control
1980,801.0,3339.0,799.0,3339.0,0.1759166270494461,1,2.5079179492999213,,63,control
1981,783.0,3518.0,784.7703335360256,3517.5497139424397,0.12763963639736176,1,1.2976911293382576,1.0335678963244435,63,control
1982,766.0,3346.0,766.0700953741065,3346.1904101768296,0.12251709401607513,1,0.6134136256561163,0.5647983940127633,63,control
1983,756.0,3391.0,758.2695946520785,3385.0201565545794,0.12879103422164917,0,5.996475496100608,1.2067569786275492,63,control
1984,753.0,3429.0,748.9398237800658,3429.3897214552417,0.23636570572853088,0,4.597387232660735,0.710086971660667,63,control
1985,698.0,3394.0,695.599694118413,3393.260203278281,0.14471769332885742,0,2.934801006573048,1.7527129671027695,63,control
1986,803.0,3534.0,798.0,3532.0,0.14817188680171967,0,5.758641818855088,,63,check
1987,811.0,3401.0,811.0,3400.0,0.14687828719615936,1,0.8971635107844531,,63,control
1988,780.0,3336.0,780.8898109761033,3335.3702452076145,0.11636117100715637,1,0.5466976931193456,0.6942759145189241,63,control
1989,802.0,3515.0,798.5202444272195,3513.199810830928,0.17949023842811584,0,4.258941478783437,2.652288810930238,63,control
1990,668.0,3427.0,558.0,3657.0,0.12853656709194183,0,255.3983403114963,,63,check
1991,805.0,3499.0,805.7803020656803,3498.6105104877856,0.1385103464126587,1,0.32289217130561404,1.3785125137314675,63,control
1992,763.0,3532.0,762.3800396761118,3531.6601842848468,0.1406840831041336,1,1.1107131828842896,0.6382485562387662,63,check
1993,833.0,3504.0,831.2602747401874,3503.920042608269,0.11537684500217438,1,2.234102012543564,0.5189578729886546,63,control
1994,821.0,3384.0,821.0,3384.0,0.17935246229171753,1,0.5527610286489936,,63,check
1995,744.0,3517.0,743.4199346557916,3517.5099211105617,0.12827499210834503,1,1.313596377424207,0.515330190753423,63,control
1996,752.0,3403.0,751.9597829902918,3402.5205190524503,0.15011101961135864,1,0.5795610891547001,1.0200552607150177,63,control
1997,345.0,3570.0,344.3600078072076,3569.9599153080467,0.12475281208753586,1,1.1540150063647894,0.18092836930438191,65,control
1998,293.0,3569.0,292.0,3569.0,0.1284850686788559,1,1.5161090533026313,,65,control
1999,241.0,3588.0,240.95981613422327,3587.270520030645,0.14045946300029755,1,0.6975036177585138,0.8613318643790152,65,check
2000,297.0,3606.0,297.18991705962196,3605.620022763465,0.21755418181419373,1,0.31733322983423645,0.30216849251936156,65,control
2001,305.0,3560.0,304.5298653505012,3560.0000663523556,0.14313901960849762,1,0.9997222901214867,0.3488731607600901,65,control
2002,316.0,3568.0,315.16994497877994,3568.410020933634,0.15152586996555328,1,1.4873100532291137,0.5251864149406051,65,control
2003,313.0,3613.0,314.9700439318657,3612.6401300070547,0.15300136804580688,1,1.4836703728636411,0.4357575039285139,65,control
2004,224.0,3620.0,220.9296528609999,3620.649847775109,0.19719690084457397,0,3.678923687996187,2.8028798549192997,65,check
2005,228.0,3580.0,226.92002947968203,3580.779990254753,0.14281506836414337,1,1.8940305400458388,0.27483958290612714,65,control
2006,323.0,3580.0,321.2900294866966,3579.7103047331184,0.15320740640163422,1,2.2002459531133978,0.731477535255591,65,check
2007,273.0,3606.0,273.91967954425843,3606.390112618126,0.11801992356777191,1,0.7928486880858706,0.703807310161237,65,control
2008,299.0,3578.0,298.45998891982083,3578.0700607109393,0.18089993298053741,1,1.0866440283086136,0.25495456020597707,65,control
2009,305.0,3548.0,305.1901545636496,3547.740427846667,0.14400352537631989,1,0.3019780081913152,1.1903269377023171,65,control
2010,315.0,3551.0,315.8402020766552,3550.509852042199,0.2389126718044281,1,0.4104871819611206,1.152640591821132,65,control
2011,346.0,3591.0,348.22049503689624,3589.2301764935623,0.11589299142360687,1,2.2887367151071554,1.770910367966706,65,control
2012,342.0,3601.0,341.1299861047806,3601.1597514573477,0.1280917525291443,1,1.4262901125808118,0.9353673350517862,65,control
2013,320.0,3652.0,273.0,3700.0,0.10055220127105713,0,67.71663683771096,,65,control
2014,376.0,3730.0,434.89040889262697,3686.860262854248,0.14511588215827942,0,72.4507289342655,0.7385641868630033,65,control
2015,633.0,3689.0,634.6099579049799,3688.2702123904683,0.19920124113559723,1,1.2214656358572937,1.0964873174830885,66,control
2016,655.0,3703.0,655.1597525251341,3702.97948316191,0.10545296967029572,1,0.401002175408754,0.23390307837208196,66,check
2017,622.0,3744.0,621.2398716592506,3744.0197626756876,0.1281520575284958,1,1.2715146906521386,0.7223011396845654,66,control
2018,629.0,3699.0,630.7700088544827,3697.9399697423496,0.19305716454982758,1,1.5158573824139026,0.4878019593797098,66,control
2019,563.0,3743.0,610.0,3824.0,0.10402847826480865,0,93.63885845626328,,66,control
2020,648.0,3664.0,648.2700519093472,3663.6299046674485,0.13542670011520386,1,0.23955058874663,0.8541158007507238,66,control
2021,630.0,3713.0,631.0,3712.0,0.1913842111825943,1,0.902621970088969,,66,check
2022,546.0,3555.0,346.0,3458.0,0.10423985123634338,0,222.60912130648558,,66,control
2023,654.0,3689.0,653.9401194884273,3689.129862873848,0.10545426607131958,1,0.6674939600829329,0.21267130128020317,66,control
2024,636.0,3671.0,635.5099781181239,3671.1500670267033,0.14307059347629547,1,1.0559889240316127,0.49863843814123104,66,control
2025,457.0,3553.0,465.0,3553.0,0.10970182716846466,0,7.514958011517874,,66,control
2026,615.0,3756.0,615.3799958616295,3756.0200503005203,0.1514301598072052,1,0.299649687491354,0.5310501614107948,66,control
2027,601.0,3594.0,601.0,3594.0,0.15358319878578186,1,0.5523190741777356,,66,control
2028,609.0,3704.0,609.5294979867549,3703.829790127739,0.10195629298686981,1,0.10385825042488865,0.263711248656608,66,check
2029,640.0,3755.0,640.0,3754.0,0.12672029435634613,1,0.8802022967841806,,66,control
2030,686.0,3726.0,686.0,3726.0,0.11637472361326218,1,0.5453469038553369,,67,control
2031,731.0,3593.0,734.0,3598.0,0.11183823645114899,0,5.826572868009633,,67,check
2032,757.0,3544.0,755.1699502173162,3544.3998883970357,0.21518664062023163,1,2.407551313931562,0.41064738464723727,67,control
2033,746.0,3543.0,745.3801350661416,3542.9700544089383,0.216171994805336,1,1.1295488174662915,0.4317927787352797,67,control
2034,800.0,3545.0,803.3800583656989,3543.460450218854,0.13501183688640594,1,3.1670965442557724,1.236509734327454,67,control
2035,713.0,3550.0,713.0,3550.0,0.16493457555770874,1,0.5503915219215313,,67,control
2036,674.0,3587.0,673.9800226806218,3586.800130706767,0.10033844411373138,1,0.509322376315487,0.36033402822029353,67,control
2037,706.0,3716.0,706.0,3715.0,0.1020524874329567,1,0.8835127356727676,,67,control
2038,791.0,3726.0,845.0,3860.0,0.10026757419109344,0,144.53136549214113,,67,control
2039,689.0,3708.0,691.9299963611155,3707.000123295425,0.11512178182601929,1,2.559109361443865,1.1454230846138493,67,check
2040,667.0,3722.0,667.7300328746245,3721.759965143621,0.18988917768001556,1,0.2506672464622973,0.6881586495056398,67,control
2041,277.0,3953.0,277.1098590393249,3953.060010435784,0.10362393409013748,1,0.4982550338704649,0.5817601039765398,69,control
2042,317.0,3951.0,315.1299330744902,3951.559749892236,0.19690483808517456,1,2.489302811844653,1.4328406167359682,69,control
2043,270.0,3978.0,266.68988984935174,3979.8399556147906,0.13967181742191315,0,4.337101860626572,1.6493420419321132,69,control
2044,308.0,3947.0,304.0,3948.0,0.12323875725269318,0,4.653376383905854,,69,check
2045,313.0,3971.0,313.0,3971.0,0.11362583190202713,1,0.5489760738336561,,69,control
2046,262.0,3794.0,262.7500620920142,3793.480234042165,0.10948006063699722,1,0.3609954388821492,0.9060477872791276,69,control
2047,392.0,3792.0,393.3501616341774,3791.799918521113,0.10852915048599243,1,0.8730414185887906,0.9768795672046872,69,control
2048,408.0,3965.0,408.79000334421255,3965.0397068511347,0.12196899950504303,1,0.44642308494882393,0.754076455968486,69,check
2049,427.0,3946.0,428.34995627078786,3944.290177842524,0.12668761610984802,1,1.6832967981191227,1.2357605416479776,69,control
2050,400.0,3932.0,400.34998000543294,3931.1699131606056,0.1705508828163147,1,0.5697243494923945,0.5860127119852304,69,control
2051,334.0,3963.0,332.53002172536503,3963.8499382763257,0.15185055136680603,1,2.246587273058689,1.4351732194395779,69,control
2052,435.0,3976.0,432.0,3977.0,0.18231098353862762,0,3.6977221271600844,,69,control
2053,426.0,3937.0,426.1299015787799,3936.650412418716,0.14043466746807098,1,0.352002262823118,0.8055809081538554,69,control
2054,408.0,3906.0,408.7499175199802,3905.600097084127,0.10887714475393295,1,0.3026286289451839,0.657940087309274,69,control
2055,424.0,3974.0,422.329860830028,3975.0400396806995,0.1633550077676773,1,2.512674763473172,0.7428166787007194,69,check
2056,421.0,3921.0,422.0,3921.0,0.19579045474529266,1,0.5924392991993518,,69,control
2057,367.0,3917.0,366.0502066869862,3917.4101454258307,0.13001735508441925,1,1.5810995696198444,2.166904137537467,69,control
2058,648.0,3906.0,648.819668003721,3905.480099008403,0.11482702940702438,1,0.4320743155576711,0.4825260903347092,70,control
2059,480.0,3766.0,479.65004253244047,3766.6600875045665,0.14673440158367157,1,1.245799769254655,0.822422138147529,70,control
2060,658.0,3949.0,657.7695265368116,3948.4604862722713,0.10852813720703125,1,0.7534326825677274,0.9483744349527813,70,control
2061,547.0,3773.0,547.3900515043066,3772.600053269645,0.13898158073425293,1,0.16108004161832132,0.3753398055951909,70,control
2062,633.0,3924.0,631.1999408841248,3924.4400247935223,0.18789514899253845,1,2.378323910501507,0.5427491013702701,70,control
2063,637.0,3947.0,636.9299021678573,3946.7399878242427,0.2219623476266861,1,0.5407904440840815,0.4255924295635187,70,control
2064,517.0,3792.0,516.3399614839591,3792.3099112870595,0.10920771211385727,1,1.2767827174424784,0.37212984971128066,70,control
2065,574.0,3924.0,574.6200942253714,3923.3298196670603,0.17711636424064636,1,0.43001864315501004,0.7600068139678144,70,check
2066,571.0,3947.0,569.0100861350941,3948.3500038690636,0.21354489028453827,0,2.9448410000489615,0.7705065632705991,70,control
2067,659.0,3893.0,660.0703353361703,3892.3804172589594,0.25276753306388855,1,0.696234024734246,1.211407647865979,70,check
2068,639.0,3960.0,638.4805217314906,3960.0799463987164,0.14665114879608154,1,1.0476082348114486,0.33173396351673934,70,control
2069,620.0,3935.0,617.2900174903884,3935.8301716878586,0.16575554013252258,0,3.364453627042495,0.767718288564653,70,check
2070,611.0,3967.0,610.5301542365982,3966.8798094959952,0.11362982541322708,1,0.9510640997859725,0.2498514336816237,70,control
2071,559.0,3941.0,559.44993990593,3940.4400579374537,0.20819370448589325,1,0.29358224750899437,0.4945397194272313,70,control
2072,545.0,3978.0,543.7198352469352,3979.3096926016046,0.11991588771343231,1,2.3567227863259155,0.439728368598878,70,check
2073,594.0,3979.0,593.2799857113421,3979.0701694230347,0.16149957478046417,1,1.2363812927049498,1.1036297438918636,70,control
2074,592.0,3831.0,590.0,3831.0,0.11395265907049179,1,2.490355023620968,,70,control
2075,654.0,3978.0,653.1100739409864,3978.3802821607046,0.21112853288650513,1,1.5038159534242128,0.49461142995302093,70,control
2076,597.0,3925.0,597.270188720316,3924.4804394700477,0.13467609882354736,1,0.3246374837846287,0.22741769655753097,70,control
2077,628.0,3832.0,628.0,3833.0,0.10313811898231506,1,1.3496197872559026,,70,control
2078,515.0,3768.0,515.6299247472855,3767.4903467568975,0.10777867585420609,1,0.28516584342146306,1.259060075497122,70,check
2079,662.0,3842.0,661.7301427834915,3841.9897030050092,0.12591564655303955,1,0.7860923234315497,0.35482429914538594,70,control
2080,597.0,3896.0,595.67992972569,3896.5100881559765,0.12857845425605774,1,1.9537690592579606,0.5944162652710666,70,control
2081,589.0,3880.0,587.0,3880.0,0.13339175283908844,1,2.488331999274883,,70,control
2082,629.0,3875.0,626.5598828549189,3875.6908669969444,0.1504884511232376,0,3.0663244192210692,1.1483301061246423,70,control
2083,646.0,3876.0,647.3499707251322,3875.2399128867114,0.1047804057598114,1,1.0076486938330393,0.9717824039288226,70,check
2084,617.0,3912.0,616.6799615438642,3912.270089095043,0.1398191899061203,1,0.9558310541809586,0.14952272631763314,70,control
2085,651.0,3932.0,643.0,3933.0,0.1160663291811943,0,8.564911955155122,,70,check
2086,444.0,3973.0,443.6302107883896,3973.4796917429535,0.1202726885676384,1,1.1287069508278675,0.7698255808764476,70,control
2087,661.0,3934.0,660.9999708333403,3934.2199991391885,0.14590713381767273,1,0.6743886384113041,0.37128916809449775,70,control
2088,622.0,3889.0,620.5698864061062,3889.8400722814295,0.1936928629875183,1,2.200456883099478,0.319244071342073,70,check
2089,506.0,3785.0,503.61989138451077,3785.8598136805085,0.1256365329027176,0,3.0736463126624596,0.5078504105603092,70,control
2090,584.0,3919.0,584.7604636283503,3918.5099818374247,0.11460226774215698,1,0.3649516891909895,0.5176882428820976,70,control
2091,555.0,3967.0,553.3299467462788,3967.509511451569,0.18424133956432343,1,2.2774881705964396,0.3310731161547362,70,control
2092,613.0,3769.0,612.0,3769.0,0.10762938112020493,1,1.501920999785713,,70,control
2093,582.0,3948.0,582.0,3951.0,0.15327420830726624,0,3.300107249206905,,70,control
2094,614.0,3901.0,614.0800328309092,3900.7500115842527,0.10218294709920883,1,0.3931709970151293,0.49513708692879455,70,control
2095,562.0,3918.0,559.0,3918.0,0.19791695475578308,0,3.4830445957551603,,70,control
2096,591.0,3945.0,588.98971506581,3944.120122954877,0.18045729398727417,1,2.5564286754222048,0.6388058897966521,70,control
2097,545.0,3963.0,543.1000766316287,3964.360280913203,0.11853761225938797,0,2.8762570023006084,0.8938747618628002,70,control
2098,794.0,3975.0,793.4202636370702,3974.9403288935814,0.14336460828781128,1,1.0659334776091254,0.48010836750290226,71,control
2099,755.0,3954.0,751.9898831790107,3955.9695971516694,0.19184155762195587,0,4.131659372185135,1.1568402267683575,71,check
2100,764.0,3966.0,764.7101549870407,3965.8100987849725,0.15879637002944946,1,0.25127163939836455,0.4619899016335665,71,control
2101,698.0,3966.0,698.0,3965.0,0.1494070589542389,1,0.8750345676740494,,71,control
2102,684.0,3868.0,682.2599393236009,3868.450032708938,0.16263626515865326,1,2.3250495865682987,0.9184829877345353,71,control
2103,744.0,3983.0,744.420028784557,3982.7999238886346,0.11766266077756882,1,0.07636625939486986,1.227479778837033,71,control
2104,708.0,3955.0,705.5403199816205,3956.5999484058357,0.10862618684768677,0,3.470309508606106,0.8391121039274232,71,control
2105,796.0,3857.0,795.7100157825286,3856.8600946765546,0.12075385451316833,1,0.7715978542858583,0.3292353420932193,71,control
2106,733.0,3978.0,729.9998102877264,3979.4897290185077,0.2158127874135971,0,3.8848348089734777,0.8774137381056711,71,control
2107,814.0,3813.0,813.0299919925659,3814.030136435614,0.10490081459283829,1,1.9332491904574318,0.47107660308301585,71,control
2108,673.0,3908.0,674.9801538660976,3907.840001887309,0.17608708143234253,1,1.5116282746505791,0.9428052532870936,71,control
2109,699.0,3865.0,702.3497293083254,3865.119640379235,0.1449030339717865,1,2.901171719209197,2.3324474622010816,71,check
2110,700.0,3953.0,697.160467301775,3954.4999023311166,0.16567827761173248,0,3.7486961172549758,0.9277752212710013,71,control
2111,745.0,3960.0,744.9802892223236,3959.760271264562,0.14302946627140045,1,0.4890119388507835,0.9390805315025313,71,control
2112,687.0,3975.0,688.0000715908919,3975.460002112901,0.19098222255706787,1,0.8963279965215932,0.5216177320921741,71,control
2113,708.0,3943.0,708.5899791308588,3943.1400776718892,0.2296048253774643,1,0.41833186719544874,0.3589291180252339,71,control
2114,808.0,3957.0,807.9800212903717,3956.83999797453,0.1880170851945877,1,0.497760186527654,0.5678721968577298,71,check
2115,750.0,3931.0,749.849755321824,3930.849972875,0.12450554221868515,1,0.6298189019843469,0.7338737535674271,71,control
2116,766.0,3973.0,763.0,3974.0,0.10559599846601486,0,3.689424464585764,,71,check
2117,698.0,3976.0,699.0599747693236,3976.100405290443,0.25193992257118225,1,0.6932208595614588,0.7164994318395196,71,control
2118,723.0,3943.0,723.5899168202676,3942.610075832883,0.13233503699302673,1,0.17685348210166849,0.3917955126781622,71,control
2119,727.0,3895.0,726.8601318622505,3894.980118006159,0.12018216401338577,1,0.6570076902368818,0.43967312222101873,71,control
2120,683.0,3959.0,680.479868133162,3960.0099271087156,0.26610299944877625,0,3.249101439965684,0.8636368612530221,71,control
2121,741.0,3866.0,741.1098565812887,3865.9904084368563,0.10805986076593399,1,0.4402512633772925,0.961846758340476,71,control
2122,783.0,3952.0,780.0398062184363,3950.4898668972623,0.12590374052524567,0,3.6506937665131494,0.8682322512937598,71,control
2123,679.0,3856.0,678.4702421648223,3856.1302022032137,0.1549995243549347,1,1.0774749803423869,0.9115562368405938,71,control
2124,707.0,3866.0,707.3196939527267,3865.240298811059,0.10378547012805939,1,0.5229362232653693,0.6768751024512205,71,control
2125,854.0,3806.0,849.9798593545078,3806.149595121612,0.10417142510414124,0,4.51258779198926,2.063957858793983,71,control
2126,714.0,3838.0,713.3498699030877,3838.02977721989,0.11202626675367355,1,1.1612681490487573,0.26234339119183114,71,control
2127,707.0,3852.0,707.3600662695126,3851.460182415888,0.11969203501939774,1,0.3023984840122383,0.308024014656723,71,control
2128,717.0,3907.0,718.0001101023453,3907.140135940716,0.13718315958976746,1,0.6628979585506976,0.9550096270017198,71,control
2129,746.0,3950.0,743.070802941526,3944.0296349124137,0.17039498686790466,0,6.646006423673717,1.0816789177439512,71,control
2130,683.0,3925.0,677.0,3931.0,0.11422775685787201,0,9.004702848715539,,71,check
2131,766.0,3916.0,765.9101476401914,3915.830257797588,0.17272455990314484,1,0.567337319966474,0.4246466750154861,71,check
2132,682.0,3881.0,681.6798660893417,3880.9900862778422,0.16417618095874786,1,0.8320333624331634,0.27783333594719983,71,control
2133,686.0,3914.0,688.5503664084895,3914.220083794175,0.13474006950855255,1,2.133836041048027,1.87558227576011,71,control
2134,715.0,3803.0,715.6100440147088,3802.6500822406656,0.11002490669488907,1,0.16198586917628563,0.7128925399099119,71,control
2135,706.0,3844.0,706.5695376674544,3843.4999292977113,0.13158465921878815,1,0.25853314246808795,0.9471896267319962,71,check
2136,715.0,3894.0,715.4300022947768,3893.9700571249455,0.12568065524101257,1,0.23372853403427213,0.42162156989975896,71,control
2137,725.0,3911.0,724.0,3909.0,0.11941292136907578,1,2.278981166181296,,71,control
2138,746.0,3855.0,752.4299611963017,3861.280055911984,0.12269663065671921,0,8.844676330942205,2.2586619479493297,71,check
2139,736.0,3929.0,737.0,3928.0,0.1572376936674118,1,0.9105785661009198,,71,control
2140,293.0,3986.0,291.8800362649795,3986.729985147363,0.10806287080049515,1,1.8856293286988242,0.4652120626114223,73,control
2141,438.0,4137.0,437.7999690288744,4137.210105238897,0.15293467044830322,1,0.8226231567929972,0.41150461079754924,73,control
2142,442.0,4004.0,440.0,4004.0,0.15388327836990356,1,2.485415359388048,,73,control
2143,344.0,4203.0,345.1400325961424,4203.750019538797,0.1763431429862976,1,1.232322133495358,0.44225995921847544,73,control
2144,314.0,4150.0,309.0,4156.0,0.1235036626458168,0,8.325443787460449,,73,control
2145,318.0,4165.0,310.04008708549685,4168.459477113026,0.11789774149656296,0,9.217432100088025,1.6625721262547493,73,check
2146,355.0,4200.0,355.6600424933127,4199.660088830324,0.1003466546535492,1,0.20648774511761256,1.1960004501970098,73,control
2147,307.0,4198.0,307.5299753883537,4198.1700695999625,0.14370280504226685,1,0.4560044367417523,0.4133539143664225,73,control
2148,380.0,4002.0,383.0,3998.0,0.12458129227161407,0,4.501805848777401,,73,control
2149,308.0,4026.0,305.5901089905774,4028.1899488133035,0.17341317236423492,0,3.794111298516996,0.6919650697860534,73,check
2150,293.0,4148.0,293.0,4148.0,0.1243356242775917,1,0.5439789995204867,,73,control
2151,284.0,4053.0,285.10008584743673,4052.320148493988,0.11813551187515259,1,0.7460554101555968,0.7096687576801106,73,control
2152,308.0,4109.0,528.0,4188.0,0.12248768657445908,0,233.41199029709634,,73,control
2153,395.0,3998.0,395.46989607768495,3997.7700592977512,0.1272101104259491,1,0.04505131278388418,0.7412800942869193,73,check
2154,442.0,4146.0,443.1401255281361,4145.99028766396,0.17012833058834076,1,0.7260198543242311,0.6430712283910572,73,control
2155,435.0,4019.0,433.229984516731,4020.1100300620114,0.20197077095508575,1,2.6326511434416138,0.5832683069944586,73,control
2156,384.0,3995.0,383.0,3998.0,0.16468797624111176,0,3.590773550483092,,73,control
2157,276.0,4060.0,181.0,4284.0,0.1184401661157608,0,243.75745668658922,,73,control
2158,657.0,3993.0,656.9103278786858,3993.500130425858,0.22728471457958221,1,0.945835699864378,0.268183527391031,74,control
2159,576.0,4061.0,575.7900777800974,4061.3901071216187,0.1671113818883896,1,0.9435010323769033,0.49983780184022886,74,control
2160,458.0,4166.0,457.2300455015649,4166.65003186189,0.15687283873558044,1,1.5409309703238134,0.605993254201892,74,control
2161,659.0,4086.0,659.6000015651116,4085.9999469697095,0.14383240044116974,1,0.2971396822683403,0.4573620855148337,74,check
2162,594.0,4124.0,593.6898236904743,4125.28021904462,0.19521139562129974,1,1.730467552891655,0.8816791451491502,74,control
2163,547.0,4143.0,547.3799653692125,4143.250049400581,0.13573889434337616,1,0.5266075693005283,0.5228462978593338,74,control
2164,533.0,3994.0,533.169955584838,3994.3300212466565,0.1052640974521637,1,0.6697850192449514,0.42494524457195654,74,control
2165,606.0,4155.0,606.8899753055106,4155.160117366351,0.3089493215084076,1,0.6050519213459578,0.4940552914336468,74,control
2166,520.0,4185.0,520.9800903587347,4185.260265395394,0.15422160923480988,1,0.7427922323442289,0.7276644499587042,74,control
2167,607.0,4011.0,607.8801545153466,4010.7205194021735,0.14260421693325043,1,0.41217314379984443,0.9768712802628611,74,control
2168,520.0,4146.0,519.0,4147.0,0.15944507718086243,1,1.9383296423935445,,74,control
2169,655.0,4153.0,654.7199495200306,4153.330226739032,0.2406722456216812,1,0.9510950187192635,0.44482824547358824,74,control
2170,538.0,4163.0,538.3000770458445,4163.410042081257,0.18907363712787628,1,0.6996868549421033,0.4277020986570342,74,control
2171,611.0,4030.0,609.4299890372042,4029.0700567336676,0.17190013825893402,1,2.1428594946039734,0.9486964443852998,74,control
2172,626.0,4108.0,626.2899405319747,4108.440036725337,0.1711665391921997,1,0.7272314537383343,0.22351920992460497,74,control
2173,594.0,4075.0,595.7500037586948,4074.9202323205427,0.15547509491443634,1,1.2980525517441681,0.5994074292863694,74,control
2174,624.0,4049.0,624.0399853246518,4049.0801375657325,0.14339400827884674,1,0.5489048994964495,0.23752243011949553,74,control
2175,626.0,4137.0,626.2700387807602,4137.670169662389,0.21524828672409058,1,0.9561791129918873,0.4475907445527215,74,control
2176,654.0,4057.0,650.8595977110607,4059.950367623878,0.1672692894935608,0,4.830998692278044,1.0461907562402968,74,check
2177,491.0,4116.0,489.9599298913764,4116.529992623198,0.10188990831375122,1,1.7053979402920718,1.2676050901659834,74,control
2178,600.0,4058.0,601.1700284369945,4057.8098907055755,0.13747459650039673,1,0.7079541390075585,0.6723345962133589,74,control
2179,474.0,4137.0,473.71001452126404,4137.8402273305355,0.14846546947956085,1,1.3447087323960358,0.4806307820391297,74,check
2180,489.0,4163.0,489.44002081625064,4163.830058998492,0.11658819019794464,1,1.1030103808204383,0.2777281955615373,74,control
2181,476.0,4006.0,475.0,4006.0,0.11030959337949753,1,1.4947700930472028,,74,control
2182,637.0,4125.0,636.2900785397152,4125.340306180847,0.12632249295711517,1,1.320200557725544,0.8068984712544959,74,control
2183,586.0,4122.0,586.0401201004428,4123.269212705002,0.1024327427148819,1,1.5945037340552333,0.8471331670349715,74,control
2184,555.0,4038.0,552.8299811012774,4039.000640340756,0.11891955137252808,0,2.9270831063368603,1.193199787124171,74,control
2185,475.0,3991.0,472.0,3993.0,0.10659890621900558,0,4.147816036479588,,74,control
2186,593.0,4190.0,593.7494922098712,4189.690615296544,0.16136835515499115,1,0.2918307851634949,1.7739273267596987,74,check
2187,655.0,4129.0,655.9798027339024,4129.400389597772,0.18945518136024475,1,0.8428730881141356,0.7289994261130096,74,control
2188,633.0,4093.0,633.7298635001592,4092.89062360081,0.14740605652332306,1,0.30809283849463087,0.8697959214045531,74,control
2189,647.0,4014.0,646.0,4016.0,0.19708801805973053,1,2.6982349788672697,,74,control
2190,559.0,4174.0,560.2201065900193,4174.1601650291195,0.2601451575756073,1,0.8718673190407613,0.6211920235818348,74,check
2191,578.0,3984.0,578.5400445465744,3983.530603732802,0.18322545289993286,1,0.2144347910561455,1.1127476896450914,74,control
2192,651.0,4201.0,652.0699852072684,4201.080141543004,0.2248067706823349,1,0.7018860974100583,0.3011462344728329,74,check
2193,582.0,4136.0,582.0500475961152,4136.610140730496,0.21364277601242065,1,0.9707232380239935,0.5756884773284666,74,control
2194,537.0,4176.0,537.0,4175.0,0.13448460400104523,1,0.8631713198621211,,74,control
2195,623.0,4001.0,623.970025693728,4000.630792924812,0.23617233335971832,1,0.512262294673573,0.8548904371041979,74,control
2196,577.0,4192.0,575.0,4193.0,0.288420706987381,1,2.768706232353148,,74,control
2197,542.0,4065.0,543.0,4061.0,0.10223016887903214,0,3.768685742405963,,74,control
2198,613.0,4197.0,619.0,4200.0,0.1537313014268875,0,6.4319452441118035,,74,control
2199,621.0,4151.0,621.5399396182727,4151.410202562379,0.2302672564983368,1,0.6814920048354899,0.3001883700423214,74,check
2200,508.0,4093.0,508.61015796534036,4092.8199529125463,0.17740754783153534,1,0.1707332772791347,0.36407871526141733,74,check
2201,535.0,4202.0,534.8799951665045,4203.039983934402,0.1948617696762085,1,1.4339587691657072,0.32521478162934847,74,control
2202,544.0,3989.0,545.130456877593,3989.550030733932,0.11921511590480804,1,1.0517467994218583,1.6451443545216333,74,check
2203,549.0,4115.0,548.25982909227,4115.369631382004,0.12561021745204926,1,1.3635885396980634,1.9629199522279464,74,control
2204,541.0,4082.0,538.2499380369713,4082.4600313440533,0.1140884980559349,0,3.2976582321272936,1.1885165096548544,74,control
2205,465.0,4182.0,461.17006019067594,4183.599758951534,0.10351835936307907,0,4.683461416623016,1.3422429778713385,74,control
2206,533.0,4101.0,534.8000776764768,4100.4199757542665,0.11381400376558304,1,1.370495924165936,0.6184604986092077,74,control
2207,667.0,4181.0,667.4200953303911,4181.1804566174615,0.19823504984378815,1,0.4473832337502461,0.8643993902545609,75,control
2208,805.0,3987.0,804.379994600365,3987.0001829545017,0.12571968138217926,1,1.1170730869168592,0.2867404024052428,75,control
2209,777.0,4067.0,776.3100611621225,4067.5001756305905,0.19345085322856903,1,1.3812188548386206,0.7702230334900869,75,control
2210,712.0,4125.0,710.0,4124.0,0.10106959939002991,1,2.5701672206354074,,75,control
2211,675.0,4018.0,674.4200938756483,4018.250191192115,0.1632552295923233,1,1.166056566924424,0.39056814765914505,75,control
2212,787.0,4189.0,787.5600825928155,4189.389944053476,0.18357965350151062,1,0.657827315754444,0.3143282598653337,75,check
2213,683.0,4151.0,683.0908983822859,4154.279773074239,0.10128336399793625,0,3.563207639669868,1.0420406043653883,75,control
2214,704.0,4032.0,704.9201275857192,4032.0399931502097,0.16487641632556915,1,0.5451194533246363,0.4061837372215252,75,control
2215,798.0,4044.0,793.3900197506251,4044.810185023687,0.11345897614955902,0,5.185866994331329,0.7552649545717496,75,check
2216,773.0,3984.0,770.9301355656277,3984.950127403843,0.24896077811717987,0,2.8105063511821684,0.24284178686759378,75,control
2217,757.0,4199.0,758.0996854687445,4198.340136677396,0.10540873557329178,1,0.755063518711387,0.4226188019288945,75,control
2218,695.0,4002.0,700.0,4005.0,0.1413833349943161,0,5.584191847025648,,75,control
2219,681.0,4159.0,681.6101697036773,4159.819555185369,0.1706010103225708,1,1.0940665287834792,0.573823798903451,75,control
2220,675.0,4006.0,674.5002512632469,4006.090073761271,0.17647455632686615,1,1.029793186562532,0.4837505461313834,75,control
2221,673.0,4121.0,674.1899211013865,4121.560155573958,0.19657759368419647,1,1.0993073360395351,1.0840556759951316,75,control
2222,826.0,4067.0,818.0,4067.0,0.10041868686676025,0,8.467324633570849,,75,control
2223,697.0,4144.0,698.3301328682372,4143.870578474333,0.13905805349349976,1,0.8790120674425282,1.2624477265824738,75,control
2224,693.0,4190.0,693.320046475172,4190.640043832833,0.215639129281044,1,0.9148279751928207,0.5570106176149671,75,control
2225,728.0,4171.0,724.0,4177.0,0.10643057525157928,0,7.688230308668232,,75,control
2226,684.0,3996.0,680.8702311904243,3995.259989573391,0.22301408648490906,0,3.629392372693553,0.8409668668927984,75,control
2227,683.0,4094.0,683.0598341100687,4094.220135756679,0.10517716407775879,1,0.630092864856523,0.28085723098330356,75,check
2228,789.0,4069.0,790.359671322835,4068.380436142025,0.10820147395133972,1,0.9660188221560132,0.8377240435972539,75,control
2229,744.0,4188.0,745.079976955626,4188.2596118615575,0.12895147502422333,1,0.8109213943288451,0.5139307601401398,75,control
2230,731.0,4139.0,732.1799675420183,4139.210155617673,0.10888441652059555,1,0.859875541133111,0.3813701021029706,75,check
2231,696.0,4166.0,696.4898906319075,4165.839929099646,0.2290554940700531,1,0.10772513104359943,0.5033143321778596,75,control
2232,780.0,4157.0,779.929926031488,4157.559988528543,0.14600561559200287,1,0.976301986779697,0.48668625288744727,75,check
2233,819.0,4204.0,815.7499929591585,4205.089833928192,0.14079812169075012,0,3.94513231968289,1.3200679774047654,75,control
2234,713.0,4062.0,713.9299114481582,4062.6699880981373,0.18148761987686157,1,1.0414267458829454,0.8113546655085965,75,control
2235,775.0,4077.0,774.0,4078.0,0.10790033638477325,1,1.9306803703026882,,75,check
2236,761.0,4188.0,759.0,4188.0,0.11757737398147583,1,2.4726211191195344,,75,control
2237,703.0,4047.0,705.0,4047.0,0.11494392901659012,1,1.5566636461020829,,75,control
2238,792.0,4089.0,789.1796718336568,4091.4700141990666,0.1281794160604477,0,4.26902628330854,1.2101309432402696,75,control
2239,768.0,4169.0,768.929845224788,4169.140118834857,0.1274319440126419,1,0.617879461637239,0.4214800987027323,75,control
2240,721.0,3994.0,721.1699966188203,3994.0498897665084,0.21454939246177673,1,0.4302142948851296,0.3647282887561295,75,control
2241,719.0,4029.0,716.3008591781346,4025.539932473544,0.1504424810409546,0,4.500296581161541,1.420336446276199,75,control
2242,694.0,4178.0,695.179952829703,4178.379889801049,0.10790683329105377,1,0.9658721045075639,0.6250149263095516,75,control
2243,731.0,4013.0,731.3302345645894,4012.279785328518,0.16271428763866425,1,0.4795930809923207,0.43600678974179347,75,control
2244,678.0,4045.0,678.410152377081,4044.750456974199,0.12746092677116394,1,0.057417724565532485,1.7894429414055029,75,control
2245,696.0,4129.0,694.0,4133.0,0.14634187519550323,0,4.92320057099666,,75,control
2246,706.0,3995.0,705.9498557525905,3995.060121799394,0.24548470973968506,1,0.6096178099465669,0.2860743661508183,75,control
2247,805.0,4054.0,806.0396709911959,4053.5098629062277,0.13897481560707092,1,0.6207128819923045,1.2417206706960653,75,control
2248,833.0,4085.0,826.0,4092.0,0.13311606645584106,0,10.409233294735627,,75,check
2249,784.0,4059.0,785.7608878061804,4059.339861665208,0.1407996267080307,1,1.428219189549925,1.1456704149274168,75,control
2250,876.0,4080.0,807.0,4051.0,0.1064487174153328,0,75.1758344532763,,75,check
2251,808.0,4062.0,809.0,4068.0,0.12756162881851196,0,6.280651835632107,,75,check
2252,348.0,4381.0,349.3601670270642,4380.7001853896,0.14111056923866272,1,0.905438363970036,0.6734705557483232,77,control
2253,289.0,4407.0,290.0901720607863,4407.670149711537,0.17014844715595245,1,1.1466730171085202,0.3874780460134626,77,check
2254,324.0,4213.0,324.96003866796445,4213.680128524786,0.15050610899925232,1,1.0817933424156103,0.4534441404463003,77,control
2255,284.0,4400.0,284.6500227105743,4400.78021961076,0.20787936449050903,1,1.0822721719317976,0.2947135326018558,77,check
2256,277.0,4284.0,278.8900905818993,4284.31998807736,0.10653672367334366,1,1.5521946532291586,0.9947555186396325,77,control
2257,295.0,4241.0,295.8999605540674,4241.329852875484,0.10779520869255066,1,0.7527017647088456,0.3568159353266722,77,control
2258,267.0,4307.0,265.3900513108282,4308.689655190317,0.14753177762031555,1,2.85942104684756,1.1576169467504023,77,control
2259,333.0,4414.0,332.0,4414.0,0.12608157098293304,1,1.4808287276604868,,77,control
2260,309.0,4403.0,311.0,4405.0,0.1221696138381958,1,2.7572064644439553,,77,control
2261,271.0,4414.0,272.0,4414.0,0.1995617002248764,1,0.6156155831801294,,77,control
2262,482.0,4301.0,482.86003243045604,4301.730115071575,0.1920941174030304,1,1.082519666834154,0.3278294320165927,78,control
2263,590.0,4308.0,590.8799766059028,4309.179983386613,0.1509701907634735,1,1.5107810961568882,0.3930121623640881,78,control
2264,548.0,4368.0,546.0,4370.0,0.26478448510169983,0,3.3440420308910532,,78,control
2265,656.0,4217.0,657.0000623105911,4217.530001839006,0.2093908190727234,1,0.9626831816231366,0.432397560390543,78,control
2266,642.0,4272.0,642.7200263494589,4272.780096315334,0.22843427956104279,1,1.0800031184954515,0.2640911181486005,78,check
2267,642.0,4414.0,640.4099903767243,4416.089921428172,0.16336792707443237,0,3.118711526528698,0.929425758905562,78,control
2268,624.0,4210.0,623.8996598006479,4210.5102420728035,0.21177324652671814,1,0.9580537369785668,0.31701795923915516,78,control
2269,575.0,4421.0,577.4999967178533,4421.010066248735,0.18398712575435638,1,2.06865538149015,0.5314331561611301,78,control
2270,580.0,4208.0,580.6501074300534,4208.199956728719,0.279476523399353,1,0.5062764960142766,0.4604985896198671,78,check
2271,513.0,4245.0,513.9000719821698,4245.459988855328,0.26066356897354126,1,0.8550818040202897,0.31428272757456727,78,control
2272,611.0,4291.0,611.7899823255748,4292.110104304418,0.1391870528459549,1,1.4188010241041307,0.2591678299024846,78,control
2273,461.0,4327.0,462.22992485765434,4327.560028301261,0.20975945889949799,1,1.1390613242252974,0.3518095530992386,78,control
2274,615.0,4423.0,615.2800042074509,4423.960037277714,0.28108641505241394,1,1.2418468582484568,0.1541405429429613,78,control
2275,541.0,4284.0,541.8900561122106,4284.579987060038,0.25019749999046326,1,0.9555308693686376,0.3629137210600281,78,check
2276,610.0,4212.0,610.0500263195062,4212.800007411342,0.2587939202785492,1,1.1437538539095702,0.4494285130774887,78,control
2277,569.0,4389.0,567.0,4391.0,0.1795056313276291,0,3.342733224911772,,78,check
2278,516.0,4356.0,517.2003862095783,4357.139772554241,0.26990872621536255,1,1.598352857537198,0.5614038311166276,78,control
2279,626.0,4352.0,627.1196813487244,4352.400006518417,0.11038028448820114,1,0.9442822501083857,0.7768785797104756,78,check
2280,525.0,4412.0,526.0,4412.0,0.1601201742887497,1,0.6129939426948866,,78,check
2281,561.0,4309.0,562.420071273282,4309.450057833833,0.29298684000968933,1,1.2042487494374448,0.315790814272771,78,control
2282,612.0,4378.0,616.0,4378.0,0.17494358122348785,0,3.5581509470174324,,78,control
2283,660.0,4243.0,659.84995551117,4244.339978783296,0.23674547672271729,1,1.717184739946586,0.4473503111165027,78,control
2284,528.0,4260.0,528.6999388632426,4260.469958388276,0.3273467719554901,1,0.780423321455555,0.16385613921115982,78,control
2285,590.0,4366.0,590.8000034340703,4366.97997356311,0.18533505499362946,1,1.2978142405038573,0.20903231403963018,78,control
2286,552.0,4422.0,553.1197570458737,4422.77027413492,0.24074780941009521,1,1.2391550002042286,0.8437817328434813,78,control
2287,657.0,4397.0,656.0398208662589,4398.350000020778,0.21521949768066406,1,2.1468029796034607,0.3868168209065909,78,control
2288,569.0,4273.0,570.129743555695,4272.959876990071,0.21495023369789124,1,0.7109014881598503,0.7714334548562934,78,control
2289,599.0,4330.0,596.0,4332.0,0.11287200450897217,0,4.1333777195820955,,78,control
2290,458.0,4344.0,459.83993692520346,4344.509844216641,0.14942677319049835,1,1.5921277809490533,0.3741293982226147,78,control
2291,564.0,4340.0,565.0,4340.0,0.15539582073688507,1,0.6094505274395717,,78,control
2292,516.0,4275.0,516.0,4279.0,0.2595352232456207,0,4.297258685143342,,78,control
2293,478.0,4352.0,479.6301075728017,4353.170086770314,0.20512831211090088,1,1.862963643221807,0.516429124270197,78,control
2294,550.0,4302.0,551.0597358105532,4302.049734781895,0.187747523188591,1,0.6838052457040841,0.31277520935986375,78,control
2295,593.0,4389.0,596.0,4384.0,0.1604968160390854,0,5.372171752127289,,78,control
2296,600.0,4259.0,599.5500613553344,4260.579809408565,0.26245805621147156,1,2.0594329566646756,0.665487972903649,78,check
2297,511.0,4384.0,509.0,4386.0,0.22674031555652618,0,3.345050271875262,,78,control
2298,550.0,4209.0,549.4200049854192,4209.950055877443,0.2229929119348526,1,1.603724277595025,0.3037070575085669,78,control
2299,563.0,4348.0,559.7704224262548,4351.849849257111,0.18510328233242035,0,5.527658865642031,1.312544433834796,78,control
2300,534.0,4399.0,533.0,4400.0,0.23748120665550232,1,1.9313335335055144,,78,control
2301,632.0,4249.0,631.0,4250.0,0.242902472615242,1,1.9315366013311712,,78,check
2302,661.0,4283.0,661.0,4284.0,0.10171110183000565,1,1.3460355486235676,,78,check
2303,493.0,4340.0,492.0,4345.0,0.14666621387004852,0,5.471589561353836,,78,control
2304,527.0,4232.0,527.1199305910891,4232.520013874442,0.19783979654312134,1,0.8615519474825518,0.25668777143166166,78,control
2305,495.0,4246.0,496.0,4246.0,0.2069302201271057,1,0.6059777019927827,,78,control
2306,530.0,4341.0,532.0,4335.0,0.11680187284946442,0,5.932004481769978,,78,control
2307,511.0,4294.0,514.0,4295.0,0.22809749841690063,1,2.844025289971811,,78,control
2308,515.0,4327.0,515.0,4328.0,0.2835603654384613,1,1.3523968716497476,,78,control
2309,830.0,4234.0,830.0400237071195,4234.8200060073295,0.19415025413036346,1,1.1560473908926214,0.18978649531112504,79,control
2310,833.0,4251.0,834.6198227031044,4251.260342418301,0.17900685966014862,1,1.2750292247990438,0.3020876856947699,79,control
2311,823.0,4317.0,822.6099803138677,4318.159947669422,0.1953374296426773,1,1.6509282646640517,0.4191154271010965,79,control
2312,831.0,4354.0,832.4099399334557,4354.499787248206,0.2497710883617401,1,1.2236013825022825,0.5508018883858437,79,control
2313,807.0,4418.0,806.8099874858555,4419.099974419334,0.2764199376106262,1,1.503792598917313,0.48699130606706015,79,check
2314,856.0,4340.0,856.1299888852807,4341.080016921822,0.13040746748447418,1,1.376640514708342,0.3573811886803837,79,control
2315,863.0,4270.0,863.0700249154934,4270.810010023729,0.16052693128585815,1,1.1345502835718602,0.12073909184618477,79,control
2316,799.0,4287.0,801.4100514260509,4287.600055921159,0.22588811814785004,1,2.137001180459343,1.4868166791273743,79,control
2317,841.0,4347.0,842.8500377081201,4347.719981209219,0.18589696288108826,1,1.7078303097534726,0.47827806237931025,79,control
2318,764.0,4315.0,764.7399214073943,4315.6298304895345,0.10258246213197708,1,0.9371629474628774,0.5733445118892654,79,check
2319,666.0,4218.0,666.9100415796107,4218.630254667365,0.2185204178094864,1,1.0032064995784917,0.3668951363866915,79,control
2320,678.0,4402.0,678.9499273434825,4402.520123912294,0.19553762674331665,1,0.9323776095665453,0.5785678877987488,79,control
2321,818.0,4291.0,819.4202702013637,4290.920196396111,0.2009395807981491,1,0.9832513292488786,0.7821466519677803,79,control
2322,679.0,4417.0,679.9597511721175,4417.760518113383,0.14074714481830597,1,1.1473713058849673,0.37835145155119065,79,control
2323,819.0,4230.0,818.990002755135,4230.950131445607,0.20175793766975403,1,1.295970985247497,0.6533691601642213,79,control
2324,697.0,4219.0,693.1501465721389,4222.890024229544,0.13113698363304138,0,5.984763464873054,0.90391023450137,79,control
2325,867.0,4374.0,865.0,4375.0,0.12022750824689865,1,2.7539017671741317,,79,control
2326,803.0,4230.0,803.530058911061,4230.540072065013,0.163282573223114,1,0.8031915261938695,0.39774147210994165,79,control
2327,672.0,4370.0,675.0400304648913,4369.710271589187,0.10454850643873215,1,2.588349986675229,0.7926108777466563,79,control
2328,845.0,4407.0,589.0202068043695,4456.410141448559,0.14328539371490479,0,261.19720011670745,0.23049070130776464,79,control
2329,673.0,4234.0,673.1995894939585,4234.119881731549,0.13929826021194458,1,0.4638204209918576,0.30723028507453376,79,check
2330,794.0,4412.0,797.9198200100351,4412.359984072563,0.10843998938798904,0,3.5265507548049704,0.5745521412341046,79,control
2331,840.0,4258.0,838.0799438761873,4259.479743576472,0.2407175600528717,1,2.9430483628491944,0.7896084646159637,79,check
2332,682.0,4271.0,683.6199273734351,4271.500212816287,0.17781297862529755,1,1.3931953457977546,1.2042939649683502,79,control
2333,666.0,4393.0,666.450129489218,4394.010063532728,0.18752184510231018,1,1.2776048038007763,0.6873888653937837,79,control
2334,823.0,4378.0,821.719620538752,4378.899818956012,0.3402767479419708,1,2.083242995826961,0.6425000339732497,79,control
2335,790.0,4323.0,786.0,4326.0,0.127897709608078,0,5.519255259740639,,79,control
2336,822.0,4222.0,821.0,4223.0,0.2187357246875763,1,1.9252002117351203,,79,control
2337,798.0,4365.0,799.1200777501448,4365.410018217627,0.1747041493654251,1,0.9481845480889582,0.45694915960099936,79,control
2338,774.0,4423.0,774.0,4424.0,0.12338090687990189,1,1.3403722626792838,,79,check
2339,686.0,4259.0,687.0,4259.0,0.14565305411815643,1,0.6047403895422788,,79,control
2340,669.0,4425.0,663.0,4428.0,0.11691644042730331,0,7.230120168609268,,79,control
2341,753.0,4406.0,755.6598515842674,4406.100083195922,0.10259732604026794,1,2.2403015271656948,0.8441768036658056,79,check
2342,851.0,4380.0,851.6198398089632,4377.190077540743,0.16570310294628143,1,2.556338036158837,0.47457253775845476,79,check
2343,694.0,4401.0,691.7798059744944,4403.4699650815555,0.13123007118701935,0,3.8234852921575846,1.3464563846404358,79,control
2344,680.0,4209.0,682.9095667650337,4208.299842580288,0.16721738874912262,1,2.4891976425483953,0.6802951679130055,79,control
2345,840.0,4272.0,840.4100434715074,4272.660055686392,0.18155547976493835,1,0.9197103347736039,1.0078619150585526,79,control
2346,839.0,4302.0,839.0199734065992,4303.200001868959,0.20146365463733673,1,1.5218627087083871,0.1928962212444797,79,control
2347,696.0,4393.0,693.4899768706222,4395.160064336061,0.1233343556523323,0,3.8278042154185226,0.6961960106797281,79,control
2348,784.0,4394.0,787.6001234702867,4393.109817876357,0.1353229582309723,0,3.212582326992601,0.8986231291680796,79,check
2349,826.0,4273.0,819.0,4272.0,0.1466936469078064,0,7.49113655781066,,79,control
2350,436.0,4616.0,437.51010943258524,4616.130203593464,0.18229584395885468,1,1.14262627700684,0.42809596816059553,81,control
2351,421.0,4559.0,421.96011171359925,4560.0703960630335,0.1081005334854126,1,1.4449113951147945,0.33402892445133847,81,control
2352,413.0,4492.0,413.74991884573745,4492.590097123255,0.12226922810077667,1,0.920251421812587,1.8294195170352554,81,control
2353,419.0,4638.0,419.0,4632.0,0.12828247249126434,0,5.7361520681699325,,81,control
2354,417.0,4612.0,418.2704338564234,4612.69018132247,0.11867907643318176,1,1.2750620522256122,0.4715072573921143,81,control
2355,328.0,4603.0,327.8600855252392,4604.300249329795,0.12105809897184372,1,1.6895383850481958,0.5402026474834215,81,check
2356,306.0,4625.0,311.9001368797828,4624.999858079481,0.12113502621650696,0,5.46293487594562,0.8766551873285756,81,control
2357,286.0,4630.0,287.0,4627.0,0.1724604070186615,1,2.7695068659852864,,81,check
2358,402.0,4635.0,403.2801527567567,4635.810174353136,0.2235143780708313,1,1.3757779383935596,0.3071267964549048,81,control
2359,423.0,4586.0,424.6200388015376,4586.63034879613,0.11193336546421051,1,1.4865014049264205,0.5969637351893559,81,control
2360,434.0,4582.0,435.0,4583.0,0.14860862493515015,1,1.3948613655197042,,81,control
2361,656.0,4489.0,658.2897602289875,4489.800031403958,0.14873762428760529,1,2.1306186814850956,0.6179939881064738,82,control
2362,493.0,4541.0,492.8199981172785,4541.990108751223,0.1489662528038025,1,1.413226263926601,0.2775310017656551,82,control
2363,478.0,4497.0,479.93999632198773,4497.000124621182,0.11246607452630997,1,1.517101722493047,0.6762890119117435,82,control
2364,469.0,4549.0,470.0100250857674,4549.839869376076,0.12130360305309296,1,1.2518826840378348,0.46559426373648694,82,control
2365,501.0,4499.0,503.0699254192062,4499.589874396035,0.11791177093982697,1,1.8384939513724499,0.7074346001275975,82,control
2366,502.0,4508.0,503.62997890985486,4508.169950281809,0.11410890519618988,1,1.2636184751220898,0.48680975002413396,82,control
2367,469.0,4532.0,469.13963903971484,4532.630405997171,0.10554753243923187,1,0.9586951734729383,0.8043787979857163,82,check
2368,565.0,4616.0,565.2090656517278,4624.12960221561,0.10884977877140045,0,8.407346058062233,3.148129205196712,82,control
2369,650.0,4509.0,580.9100337540527,4420.6305198188165,0.12550801038742065,0,112.23694575037305,1.8924779498386282,82,control
2370,618.0,4642.0,617.6998726398724,4642.940089124996,0.20863187313079834,1,1.4208173519595935,0.9841227374330914,82,control
2371,504.0,4640.0,504.3600171520012,4640.860048275051,0.11434754729270935,1,1.140350190342071,0.29722913422479263,82,control
2372,496.0,4530.0,496.5499832001489,4531.1399397931345,0.1480894237756729,1,1.4201847633052176,0.5202241148026672,82,control
2373,628.0,4645.0,631.02034203161,4646.390145439594,0.1588679999113083,0,3.0691329787270476,0.8475915964914972,82,check
2374,582.0,4610.0,582.9400135568321,4609.8701251298435,0.2019626349210739,1,0.5180320598943955,0.9208051056260373,82,control
2375,565.0,4442.0,567.8397500579227,4441.889971392731,0.11073589324951172,1,2.3954386645758317,0.7285848308223443,82,control
2376,602.0,4622.0,602.1100115659024,4622.880147628589,0.19504980742931366,1,1.1997547217087285,0.45635108986643513,82,control
2377,494.0,4516.0,493.4298379653695,4517.180184966209,0.147532120347023,1,1.776845411667264,0.7002202669323192,82,check
2378,624.0,4622.0,623.9397499246159,4622.7705154227415,0.14102362096309662,1,1.156831774192574,1.041582544778674,82,control
2379,589.0,4643.0,588.7699121386956,4643.64009957913,0.11938957124948502,1,1.133622325113565,0.6622747075416745,82,control
2380,658.0,4608.0,658.190070847464,4609.460027302289,0.1259647160768509,1,1.7484939929013128,0.6765654095679727,82,check
2381,660.0,4442.0,662.2109100380461,4435.100187414803,0.12096107751131058,0,6.8616764286141825,2.766087175853981,82,control
2382,569.0,4632.0,568.7798549630202,4633.129833836174,0.11557573080062866,1,1.5523424154239494,0.8771374625356048,82,check
2383,486.0,4579.0,473.0,4292.0,0.1280450075864792,0,287.040780376792,,82,control
2384,614.0,4628.0,614.3798618956536,4629.059913655504,0.191389799118042,1,1.3337480652486016,0.503725155926278,82,check
2385,447.0,4599.0,446.8899142561839,4600.649982873364,0.2849065065383911,1,2.0074574081272964,0.41850372242917966,82,control
2386,593.0,4617.0,593.9000653533836,4617.509988659689,0.1256771683692932,1,0.9073731170512064,0.7133563320936637,82,control
2387,631.0,4629.0,632.1200446707061,4629.630149932541,0.19758109748363495,1,1.1289322101109294,0.4049300888462379,82,control
2388,499.0,4574.0,420.3006324736433,4477.249925782692,0.11871140450239182,0,124.78475488414954,2.3363264591165027,82,control
2389,589.0,4455.0,589.7002518709412,4456.050233008653,0.11791983246803284,1,1.3454905890762903,0.2870397417378683,82,control
2390,649.0,4617.0,649.0,4617.0,0.1800611913204193,1,0.5177265318997262,,82,control
2391,614.0,4595.0,617.0203883686213,4595.070014115957,0.10087700933218002,1,2.600386736951942,0.8122138622169357,82,control
2392,468.0,4490.0,472.2101862390755,4489.530298744139,0.11636610329151154,0,3.7663138198446613,0.7559000780751777,82,control
2393,646.0,4446.0,648.660520023897,4445.940633688765,0.12420487403869629,1,2.221677853364312,2.2204571402070923,82,check
2394,664.0,4531.0,662.0799051712556,4532.88921166933,0.10913009941577911,0,3.2018402937970785,1.6792984470460823,82,control
2395,447.0,4560.0,527.9798751991021,4512.059462898036,0.10433531552553177,0,93.58164938652533,2.3929495332051665,82,control
2396,733.0,4540.0,735.4699914677147,4540.079929421843,0.17067590355873108,1,2.0556641436282335,0.7131970654132647,83,control
2397,678.0,4519.0,676.8900256842863,4520.780118853208,0.13369672000408173,1,2.5720151337787565,0.4817298923623036,83,control
2398,765.0,4519.0,764.9098173976483,4519.37998266855,0.19149084389209747,1,0.8373429918619548,1.6837913178744828,83,control
2399,807.0,4466.0,803.7397544909652,4467.830090945651,0.15183183550834656,0,4.256185393075879,0.39518623489616883,83,check
2400,721.0,4530.0,719.6699151169952,4531.649953706704,0.150207057595253,1,2.611870319419682,1.4177765184703894,83,control
2401,781.0,4450.0,783.7599717724073,4450.219967321014,0.11782483756542206,1,2.3628103472572044,1.2490335217114847,83,control
2402,675.0,4449.0,676.8997101794238,4449.13024355966,0.1365327537059784,1,1.5049825413405413,0.4654479475683096,83,check
2403,689.0,4496.0,691.7301814239303,4495.610102219042,0.14199323952198029,1,2.2873582811563606,0.8511493481375749,83,control
2404,784.0,4427.0,787.5400720650131,4426.469941088939,0.11072272807359695,1,3.10356467902893,0.868377178406409,83,control
2405,689.0,4436.0,691.7801161372001,4436.159841544349,0.12652291357517242,1,2.3701572510306192,0.9997915735843655,83,control
2406,677.0,4459.0,676.2300083803616,4459.930030766312,0.11979090422391891,1,1.7082132194289688,0.644218433612554,83,control
2407,698.0,4560.0,699.0,4561.0,0.12580999732017517,1,1.384857443172123,,83,control
2408,689.0,4447.0,685.2596753689207,4449.499759536289,0.12257487326860428,0,5.020001059308978,0.9287097930400124,83,control
2409,702.0,4470.0,700.0,4472.0,0.12697668373584747,0,3.3357176554405177,,83,control
2410,767.0,4610.0,764.4496600421629,4612.609784295271,0.12206853181123734,0,4.148680378072094,1.692608411851081,83,control
2411,722.0,4448.0,718.6399389045309,4449.559552354404,0.17467100918293,0,4.22280411414571,1.4619029281775668,83,control
2412,737.0,4637.0,736.9802400403195,4638.190004430616,0.22183391451835632,1,1.5277969260444297,0.669908680674697,83,control
2413,799.0,4641.0,796.0,4640.0,0.11676928400993347,0,3.5163872567999888,,83,control
2414,750.0,4506.0,751.0,4507.0,0.11791231483221054,1,1.3815126289576811,,83,check
2415,755.0,4633.0,758.0,4628.0,0.14843100309371948,0,5.381930312204029,,83,control
2416,762.0,4510.0,759.9096265530959,4510.790109727257,0.10346474498510361,1,2.7457639576568447,0.36976339162551863,83,control
2417,811.0,4501.0,807.3901217694413,4501.070055343417,0.10287339240312576,0,4.068073350079626,1.161962861586246,83,control
2418,735.0,4552.0,735.0700913323419,4553.250277366337,0.15213750302791595,1,1.5617873955605353,0.3581560452725083,83,control
2419,728.0,4498.0,730.2797710676516,4498.630428470551,0.1407546103000641,1,2.0415308977432987,0.8872460586575902,83,control
2420,702.0,4433.0,704.7101178658374,4433.0900976893945,0.13160653412342072,1,2.2893467535495398,1.5709644592647662,83,control
2421,832.0,4430.0,831.3100025063392,4431.089510443421,0.19973932206630707,1,1.7654464870647664,0.39505398707824285,83,check
2422,805.0,4443.0,801.9601141716354,4447.139998061961,0.1404726356267929,0,5.615848667750815,0.8351345414341824,83,control
2423,810.0,4632.0,810.0,4633.0,0.12424685060977936,1,1.3379233371522776,,83,check
2424,736.0,4512.0,731.0,4514.0,0.1202935054898262,0,5.897582099220307,,83,control
2425,400.0,4864.0,400.52992235806335,4864.570068034851,0.13229581713676453,1,0.8599064758748397,0.18603441634165804,85,control
2426,290.0,4677.0,291.0798154067187,4677.390005167295,0.20248299837112427,1,0.9297762181080363,0.340869816468991,85,control
2427,286.0,4686.0,286.7700168090263,4686.879969977116,0.21039773523807526,1,1.2124926430901655,0.20112873735903447,85,control
2428,372.0,4848.0,372.1900231846954,4848.790158586798,0.13930292427539825,1,1.1029765053423093,0.41414865871099593,85,check
2429,307.0,4680.0,308.48014275839284,4680.850333287496,0.2142433375120163,1,1.5392438798225923,0.6851863363361185,85,control
2430,439.0,4671.0,438.1898308854001,4672.270020220159,0.10021507740020752,1,1.9925730888032924,0.5182329366749769,85,control
2431,285.0,4666.0,286.03996013526387,4667.270136822304,0.1141388788819313,1,1.6677855367389023,0.3111309819082426,85,control
2432,336.0,4653.0,337.6796790930754,4653.429948067715,0.1345892697572708,1,1.4282427858950881,0.2800302901510711,85,control
2433,386.0,4807.0,387.2199010331515,4807.7400262712035,0.13855944573879242,1,1.2899822443842475,0.35120554590216024,85,control
2434,296.0,4649.0,297.2300375470213,4649.710031627123,0.18414117395877838,1,1.2693865849425832,0.5549989124467956,85,control
2435,327.0,4648.0,327.56002969151075,4648.730207874582,0.15666748583316803,1,1.0220506436677332,0.18644883357223468,85,check
2436,327.0,4671.0,326.8599117220527,4672.669978817837,0.16585063934326172,1,2.040364900843982,0.311171403224637,85,control
2437,647.0,4745.0,647.950185866148,4745.570131542214,0.16582979261875153,1,0.9870894995105475,0.3483785076242946,86,control
2438,578.0,4648.0,578.2000203650675,4648.86989444808,0.11980234831571579,1,1.1691548004930776,0.3584589412349457,86,control
2439,446.0,4663.0,445.4301733174632,4664.680062172431,0.15148113667964935,1,2.205745039918755,0.880339516279892,86,control
2440,447.0,4843.0,444.4797260836569,4845.169524842714,0.1213894709944725,0,3.8388041609849446,1.223155050193772,86,control
2441,617.0,4686.0,617.5302936345887,4686.740211683741,0.10035332292318344,1,1.0172847237379727,0.355672418029206,86,check
2442,577.0,4676.0,577.9800213548644,4676.810130667639,0.10272588580846786,1,1.2119187590754668,0.31820697964570405,86,control
2443,661.0,4748.0,662.3399151469479,4748.630042610696,0.14654704928398132,1,1.277210306795415,0.3275893393171433,86,control
2444,627.0,4725.0,627.0,4725.0,0.1702873408794403,1,0.5150613205419003,,86,control
2445,651.0,4762.0,650.330050413316,4762.610045275974,0.1198565885424614,1,1.4139606316744244,0.2270254663285041,86,control
2446,456.0,4706.0,456.99986338250955,4706.059863276729,0.12269249558448792,1,0.6554435678026984,0.30616611471471517,86,control
2447,458.0,4687.0,459.739916168858,4687.639963026133,0.12241246551275253,1,1.5921870019541138,0.5629571200662878,86,control
2448,447.0,4713.0,449.13986422497055,4713.020014569567,0.12023250758647919,1,1.726930288317383,0.4492489808299341,86,control
2449,596.0,4718.0,598.1903878324345,4718.010302040049,0.10235392302274704,1,1.7758902695147765,1.014567531398043,86,control
2450,656.0,4673.0,658.6594882622857,4672.869939781798,0.19023782014846802,1,2.225232940114723,1.3685788534160301,86,control
2451,495.0,4844.0,496.0,4846.0,0.15548375248908997,1,2.3494592834541734,,86,check
2452,664.0,4835.0,664.8701622510468,4835.779987538746,0.11577652394771576,1,1.140245209996534,0.2475091266519274,86,control
2453,622.0,4717.0,619.96979999253,4719.480122807541,0.13271251320838928,0,3.697074745790951,0.8051079722814926,86,control
2454,576.0,4718.0,581.0502995544871,4717.680280857885,0.12805615365505219,0,4.612890820536329,1.3442110613015572,86,control
2455,604.0,4659.0,605.2600812441203,4659.350169588721,0.20623114705085754,1,1.0301600062317533,0.9006009104309911,86,check
2456,612.0,4652.0,612.8600442977786,4652.669982730616,0.22074063122272491,1,1.0320354751084857,0.3835329844293569,86,control
2457,652.0,4721.0,652.4800272885258,4721.780064497159,0.18914678692817688,1,1.0527508194316892,1.0280868418722993,86,control
2458,575.0,4731.0,573.7498351295518,4732.309696578876,0.1211157888174057,1,2.3149783510535618,0.6879582956105238,86,control
2459,640.0,4681.0,638.0,4683.0,0.18095768988132477,0,3.332909069246138,,86,control
2460,646.0,4651.0,648.4998720966709,4649.950062570723,0.10708215087652206,1,2.202323963474916,0.551007710895356,86,control
2461,471.0,4845.0,471.6704707382723,4845.4002354874665,0.16315169632434845,1,0.721411875628384,0.6099243150637792,86,control
2462,478.0,4863.0,478.8095314898511,4863.510093652484,0.11673742532730103,1,0.8763488689784318,0.7385177035551969,86,control
2463,485.0,4846.0,338.0797808080444,4580.709738763754,0.11940998584032059,0,303.2247260040716,1.006656512082922,86,check
2464,471.0,4669.0,471.77990281926697,4669.710100630993,0.18837465345859528,1,1.0456717817748757,0.19840503727257425,86,check
2465,766.0,4658.0,766.8598415214108,4658.170109437173,0.1767231971025467,1,0.6066989594584145,0.4562774456625628,87,check
2466,807.0,4661.0,804.0,4663.0,0.11233697086572647,0,4.116397366429188,,87,control
2467,816.0,4728.0,816.8502061437848,4728.420118871558,0.1492396891117096,1,0.8010860173546988,0.575897027178461,87,check
2468,825.0,4689.0,822.8399434250042,4689.519579026061,0.11422504484653473,1,2.711896326381348,1.7924158200406344,87,control
2469,709.0,4832.0,711.1102118197413,4829.3402862299945,0.18587644398212433,1,2.920174991787468,4.009120922629014,87,control
2470,759.0,4783.0,759.899999258999,4783.9203847826275,0.10698333382606506,1,1.2767483799812631,0.7343420732294088,87,control
2471,796.0,4848.0,796.3200636455236,4848.539911648385,0.21419155597686768,1,0.814220348010239,0.5978820485598532,87,control
2472,749.0,4691.0,750.9799646052735,4691.120659757581,0.16443531215190887,1,1.5910522415870123,0.6423136246499666,87,control
2473,692.0,4786.0,693.2100456443133,4786.620161903485,0.13063238561153412,1,1.181913986199551,0.41134635087611937,87,control
2474,777.0,4854.0,780.0,4848.0,0.1123625859618187,0,6.282232114466919,,87,control
2475,789.0,4795.0,790.7506145458345,4796.489454199798,0.11117272078990936,1,2.19608596034202,2.2914553791002854,87,control
2476,719.0,4797.0,718.9096370946612,4797.73997734717,0.16528457403182983,1,1.1371047734105177,0.3386388095488844,87,control
2477,813.0,4755.0,813.5700230235967,4755.780209004701,0.1567307859659195,1,1.0542360722160427,0.39341506485628586,87,control
2478,824.0,4711.0,824.890048157667,4711.63998682527,0.13922221958637238,1,1.012109488008158,0.32215042787269,87,check
2479,753.0,4808.0,752.0,4811.0,0.16965889930725098,0,3.5682356727121545,,87,check
2480,677.0,4672.0,675.0,4671.0,0.15151947736740112,1,2.545470484953054,,87,control
2481,681.0,4808.0,681.5701581863443,4808.790080302626,0.13054105639457703,1,1.0704529833808252,0.2768669630776391,87,control
2482,729.0,4716.0,732.2597377440047,4714.9998940684045,0.16137811541557312,1,2.916979874732942,0.4924138994143756,87,check
2483,733.0,4732.0,735.2799470709032,4731.449770209001,0.10808435082435608,1,1.8660579253199072,0.5177640285492346,87,control
2484,694.0,4697.0,694.8000499000672,4697.6001076256925,0.2578892111778259,1,0.9424189088494634,0.24119470953555036,87,control
2485,798.0,4676.0,796.1801979658103,4677.589631653472,0.15180718898773193,1,2.9211047091565496,1.6853127960510097,87,control
2486,673.0,4687.0,673.1103404181954,4689.37029002539,0.11653241515159607,1,2.66105126894623,1.1068857186887795,87,control
2487,741.0,4859.0,740.470429032103,4859.750075027123,0.13667507469654083,1,1.399857956640625,1.7503931443710379,87,control
2488,793.0,4751.0,794.6600715954796,4750.469956998026,0.13686032593250275,1,1.2543763127582617,0.9124758719627948,87,check
2489,735.0,4820.0,735.9200415404829,4820.630255993122,0.20945419371128082,1,1.0236528222047108,0.5569629074913588,87,control
2490,734.0,4778.0,734.510067008353,4778.450202341374,0.12196718901395798,1,0.7231312237332055,0.6336796847116387,87,control
2491,812.0,4702.0,812.479767440103,4702.740056828113,0.14991022646427155,1,1.0056150021012291,0.2841965828709326,87,control
2492,810.0,4797.0,811.8498906135571,4797.8001095591435,0.12039858847856522,1,1.7741338983788364,0.6938544711724236,87,check
2493,778.0,4789.0,778.4699225283373,4789.599927387198,0.16563290357589722,1,0.8677865831221196,0.6775354804372197,87,control
2494,811.0,4836.0,811.9701672917836,4836.680266339048,0.17900075018405914,1,1.0897441014082991,0.3652331919589069,87,control
2495,812.0,4851.0,813.0,4853.0,0.13455656170845032,1,2.3370325165431134,,87,control
2496,738.0,4669.0,738.379994600365,4670.000182954502,0.23380890488624573,1,1.2689729477062148,0.33895078620644703,87,control
2497,787.0,4759.0,786.8901118585082,4760.1301213965135,0.11611371487379074,1,1.4984597462163043,1.2162085008933463,87,control
2498,790.0,4811.0,789.4599092453998,4812.729792977054,0.1572868525981903,1,2.2203132457212558,1.6658126208842376,87,control
2499,760.0,4686.0,762.9897877889808,4685.659727027578,0.1623130887746811,1,2.5538474771132647,0.8167135737548781,87,check
2500,708.0,4725.0,710.0601507725752,4724.919747028893,0.1322983056306839,1,1.6352392409386367,0.6165472529040756,87,control
2501,684.0,4830.0,681.539948769588,4831.3999374500545,0.11991149187088013,0,3.340034202358595,0.6248522674011255,87,control
2502,696.0,4831.0,693.0,4833.0,0.14310501515865326,0,4.11494238422137,,87,control
2503,802.0,4727.0,805.0602611973844,4725.910546435155,0.1554335355758667,1,2.7518347826135248,0.8439174963098887,87,control
2504,672.0,4708.0,675.5799261396962,4708.54007478102,0.1607002317905426,0,3.2458263889738115,1.4033616762248657,87,check
2505,784.0,4685.0,785.9102033219963,4684.410259440955,0.18895062804222107,1,1.5086434245561495,0.6855441757478928,87,control
2506,754.0,4715.0,761.0,4717.0,0.10704463720321655,0,6.94477355243194,,87,control
2507,768.0,4822.0,767.0,4822.0,0.17969049513339996,1,1.4558663195559374,,87,control
2508,783.0,4672.0,782.0,4670.0,0.16736915707588196,1,2.252692144397837,,87,control
2509,797.0,4821.0,797.3102109726927,4821.37018005203,0.17488735914230347,1,0.6480516230184086,0.7171313355750967,87,control
2510,777.0,4832.0,778.1300326352703,4832.750018213039,0.18534046411514282,1,1.2348638224549415,0.7063191423920074,87,control
2511,760.0,4855.0,759.9404787686444,4856.419873477479,0.13482293486595154,1,1.7578805394046508,1.091983124050724,87,control
2512,423.0,4976.0,424.1597316999746,4975.960278694521,0.13820771872997284,1,0.77153199048884,0.5926433236230344,89,control
2513,379.0,4985.0,380.3400410938874,4985.680046327836,0.14479772746562958,1,1.328897785548115,0.24403561219243977,89,control
2514,333.0,4992.0,335.0,4992.0,0.12179292738437653,1,1.5979109270051222,,89,control
2515,414.0,5082.0,416.80023835107625,5082.090511261166,0.13143135607242584,1,2.406355613512994,1.0676099911219714,89,control
2516,399.0,5024.0,400.20002301658207,5024.849894526336,0.10914579778909683,1,1.3745666317835359,0.6605362226316296,89,control
2517,338.0,5065.0,341.15002592822833,5064.800020668915,0.11427602171897888,1,2.7263557836785024,0.6375275024424538,89,control
2518,436.0,4950.0,440.96991022386084,4950.560524134476,0.13016192615032196,0,4.618686171136306,0.7388420396830494,89,control
2519,357.0,5069.0,357.2902947026412,5069.680445251785,0.13029807806015015,1,0.9782779463836164,1.718480552129864,89,control
2520,365.0,5000.0,366.25994197511534,5000.430032787193,0.14177606999874115,1,1.0988097318200238,0.1727012349462907,89,control
2521,338.0,5079.0,342.76033111711723,5078.480110617755,0.10889644175767899,0,4.341944295669374,1.7147724214178472,89,control
2522,421.0,5072.0,423.8601757412256,5071.5903846835945,0.1129293367266655,1,2.4394118304401156,0.5634370977369733,89,control
2523,381.0,5004.0,379.3804956076233,5004.279932358588,0.13598860800266266,1,2.123878981316607,0.5776808245777779,89,control
2524,361.0,4976.0,361.55001899559494,4976.869940849585,0.12538427114486694,1,1.1636112815411233,0.6367724896198776,89,check
2525,403.0,5044.0,405.3197245741292,5043.950565097217,0.11162585020065308,1,1.909130540754296,0.6612009258392253,89,check
2526,289.0,5041.0,291.0299229886956,5041.58000170786,0.23709174990653992,1,1.8246079026096769,0.46606677670915403,89,check
2527,451.0,4919.0,453.1898958475058,4918.78002213742,0.1684177964925766,1,1.760749216032058,0.22913381674632896,90,control
2528,528.0,4880.0,528.710058142268,4880.5699632355345,0.11888302117586136,1,0.8935860476728588,0.24053692336682686,90,control
2529,470.0,4906.0,470.72001309188624,4906.880095924056,0.13110129535198212,1,1.1973887495828381,0.24237305270198037,90,control
2530,655.0,5033.0,657.4998681193991,5032.980062453339,0.14084409177303314,1,2.092469540331863,0.37414954538095385,90,check
2531,637.0,5089.0,639.0,5089.0,0.17995280027389526,1,1.6032513225757867,,90,control
2532,475.0,4891.0,474.4998865510152,4892.89979761491,0.11169658601284027,1,2.3717464703298963,2.2047574583603087,90,control
2533,578.0,5068.0,579.8402460201231,5068.090251412744,0.1541566401720047,1,1.4651550500388486,0.3453611535742571,90,control
2534,657.0,5023.0,659.8198429391864,5023.189971480162,0.21348828077316284,1,2.4410925344447287,0.5722916842975234,90,control
2535,631.0,4987.0,632.6798249263738,4986.3299523717715,0.1422722041606903,1,1.3150575828795033,0.8994173081702203,90,control
2536,486.0,4921.0,486.63990330256325,4921.739949377282,0.11894188076257706,1,1.0426035613242886,0.33576362249462394,90,control
2537,469.0,4965.0,470.37966455130027,4965.460305904791,0.1915365308523178,1,1.2071836045283588,0.48487816081876317,90,control
2538,487.0,5021.0,488.71982344410543,5021.339957635673,0.11938125640153885,1,1.436220918151545,0.35117549590047104,90,check
2539,496.0,4882.0,494.2302310430884,4883.279904646671,0.16595998406410217,1,2.698114007835554,0.35412893222230224,90,control
2540,596.0,4960.0,598.4701559906005,4959.780199659907,0.10248168557882309,1,2.0440918223678914,0.37468073411964886,90,control
2541,477.0,4939.0,476.0,4941.0,0.16091914474964142,1,2.692468469998292,,90,control
2542,627.0,5038.0,629.7202320353123,5038.140500459469,0.11954467743635178,1,2.3346496177045144,0.5951757070525582,90,control
2543,459.0,4926.0,460.27004010651746,4926.660169701517,0.13748537003993988,1,1.262732252841741,0.212381869996315,90,control
2544,621.0,5003.0,623.0,5004.0,0.1057257130742073,1,2.0274213365069182,,90,control
2545,649.0,4931.0,652.60992595782,4930.569946065183,0.11256363242864609,0,3.1862113286116274,0.6557082940154996,90,control
2546,616.0,5059.0,618.0399230140606,5059.550135726727,0.15737178921699524,1,1.8168630194574205,0.31901829539435816,90,control
2547,469.0,4984.0,470.11990016316486,4984.720145667612,0.20830386877059937,1,1.2188093389788115,0.28765273436966476,90,check
2548,456.0,4950.0,457.05985001915576,4952.100136226212,0.166884183883667,1,2.465170513564418,1.7072073918706037,90,control
2549,641.0,5059.0,644.7197094934739,5059.1700869637925,0.11819606274366379,0,3.3277240756738067,1.5502277490745842,90,control
2550,458.0,4988.0,458.1400272931134,4988.790019382285,0.11457893997430801,1,1.111008820682968,0.5481622990485853,90,check
2551,641.0,4921.0,643.8599290213898,4920.510112019607,0.10843891650438309,1,2.4413897440267553,0.4492399406514999,90,control
2552,449.0,4884.0,448.0,4888.0,0.11162839084863663,0,4.5155369816840265,,90,control
2553,653.0,4993.0,653.440034396287,4993.580722855316,0.13615846633911133,1,0.8556289530395396,1.1722165418567028,90,control
2554,637.0,4998.0,637.3499946532555,4999.0300462841205,0.11560921370983124,1,1.3077158581537445,0.7058852712489511,90,check
2555,495.0,5003.0,494.230065323431,5003.529899755697,0.11818475276231766,1,1.4454846014839031,0.7671016219016855,90,control
2556,621.0,4961.0,623.0,4961.0,0.13716505467891693,1,1.5974445792390877,,90,control
2557,513.0,4949.0,513.6000148226842,4950.899947360987,0.11743773519992828,1,2.1871110392676734,0.9144989004155171,90,control
2558,515.0,4885.0,515.0,4890.0,0.11943541467189789,0,5.297215427855499,,90,control
2559,637.0,4937.0,640.3199020966164,4935.670304954122,0.15118694305419922,1,3.0788490168035922,0.8716786623045507,90,control
2560,592.0,5007.0,595.5600322140397,5007.76994256662,0.10744167119264603,0,3.30556415748025,0.9684216057152301,90,control
2561,645.0,4990.0,646.8903888127898,4991.099864188003,0.12051879614591599,1,2.0094356989482023,0.5909376197572673,90,control
2562,554.0,5046.0,556.0,5046.0,0.10573434084653854,1,1.6010398490430586,,90,control
2563,612.0,4953.0,615.0,4956.0,0.10146550089120865,0,4.165757123771603,,90,control
2564,456.0,5015.0,459.3100134993539,5015.830306915099,0.10343732684850693,1,3.0916567001635427,0.8776075901662328,90,control
2565,657.0,4880.0,655.0,4882.0,0.14352887868881226,0,3.3274199980793004,,90,control
2566,460.0,4974.0,461.7699637787359,4974.279968412005,0.12764890491962433,1,1.4554741249389997,0.1675594316800516,90,check
2567,447.0,4976.0,449.62994456915163,4976.370214650705,0.15027664601802826,1,2.2971313033644263,0.5261826178965452,90,check
2568,585.0,4966.0,587.7603034052004,4966.63037518229,0.10075074434280396,1,2.5039468655357098,1.5816559786136073,90,control
2569,450.0,4906.0,451.0,4906.0,0.17125584185123444,1,0.635469105258507,,90,control
2570,646.0,5015.0,647.0,5015.0,0.1878557950258255,1,0.6384874469875459,,90,check
2571,460.0,5005.0,462.4501243796674,5005.960461455545,0.12190894782543182,1,2.3753879365967276,0.5908104809884933,90,check
2572,629.0,5053.0,632.530091926007,5048.3498076569895,0.11273382604122162,0,5.365392644743549,2.4591649302836998,90,control
2573,688.0,4979.0,689.4398497290715,4979.149921257897,0.11866240203380585,1,1.09945859218592,0.30829918332694567,91,control
2574,717.0,5013.0,717.8800841212263,5014.310251942182,0.2058008462190628,1,1.6470874147742807,0.6591909348463897,91,control
2575,784.0,4886.0,780.929705955783,4888.21998203333,0.15004456043243408,0,4.292781547836424,1.8498626394525595,91,control
2576,705.0,4911.0,707.1199372843681,4911.440146763191,0.1267281025648117,1,1.835732054358025,0.8482544416656047,91,check
2577,850.0,4993.0,853.0,4873.0,0.10651866346597672,0,119.76291073068376,,91,control
2578,679.0,4983.0,681.170102679401,4983.249892896732,0.12003495544195175,1,1.8219663021905181,0.2652479072356303,91,control
2579,669.0,4933.0,668.470170380452,4936.759802010985,0.1484464555978775,0,4.1452467914723385,1.177578190084495,91,control
2580,768.0,5089.0,769.9298213611573,5088.320118130557,0.122426338493824,1,1.564914069033657,0.5824761647599082,91,control
2581,709.0,4989.0,705.730132306419,4990.009968078205,0.10667070001363754,0,3.9104742745586294,1.5906243045386759,91,control
2582,703.0,5066.0,704.4598365222289,5066.190188904353,0.1485937088727951,1,1.1375314652623498,0.43493685584856545,91,check
2583,737.0,4889.0,743.0,4890.0,0.11244000494480133,0,5.7145415395069294,,91,check
2584,794.0,4892.0,794.7900658482821,4892.480106769469,0.12241127341985703,1,0.8308094264642489,0.38820775447051836,91,check
2585,780.0,5062.0,783.0601204091438,5062.090011515173,0.16540728509426117,1,2.6641990937537097,1.7697985708492696,91,control
2586,749.0,5028.0,751.0,5028.0,0.12359189242124557,1,1.6009006448023244,,91,control
2587,690.0,4891.0,691.9101156930317,4891.129991472302,0.15540353953838348,1,1.5348605748218707,0.7629471788035471,91,control
2588,733.0,4873.0,732.7600978483324,4874.210236424373,0.14477865397930145,1,1.6243795085727615,0.3766289961611867,91,control
2589,778.0,5080.0,779.9099605794323,5080.299986894351,0.17438621819019318,1,1.5957318868803878,0.4947145564369207,91,control
2590,745.0,5053.0,744.0,5052.0,0.12791301310062408,1,1.5970646410648195,,91,control
2591,688.0,5007.0,688.0,5008.0,0.23469750583171844,1,1.342077180351325,,91,control
2592,680.0,4997.0,685.0,5000.0,0.1877850592136383,0,5.626192746380438,,91,control
2593,669.0,5000.0,671.0,5004.0,0.17061910033226013,0,4.555379583826863,,91,control
2594,671.0,4948.0,671.9900239672512,4948.790132071652,0.13444176316261292,1,1.203647346852882,0.31809513803097994,91,control
2595,857.0,4886.0,855.0,4807.0,0.12233606725931168,0,78.7736165988306,,91,control
2596,701.0,4873.0,704.0,4879.0,0.19100281596183777,0,6.777757643370404,,91,control
2597,727.0,4980.0,728.8699051186314,4980.690112641064,0.10197434574365616,1,1.7359667934780245,0.833735024380866,91,check
2598,698.0,4955.0,701.4899594422994,4954.379665748072,0.1292426586151123,1,3.08371922506606,0.848264322282056,91,control
2599,681.0,5036.0,683.5701778792248,5036.729682810215,0.17542937397956848,1,2.37055684722556,0.5972939657953951,91,control
2600,693.0,4990.0,687.0,4991.0,0.10304639488458633,0,6.549471938849965,,91,control
2601,672.0,4971.0,672.2799059724282,4971.759768996039,0.13996535539627075,1,1.043680996801236,1.3415701075971982,91,check
2602,699.0,5075.0,701.34991510782,5074.630043936453,0.19500647485256195,1,1.9316213554913042,0.6778153603333281,91,control
2603,678.0,5048.0,679.1500471403444,5047.640021294959,0.19511723518371582,1,0.7329531249296516,0.5415190412089798,91,control
2604,715.0,5058.0,717.4800684514936,5058.44019840323,0.1940951943397522,1,2.178770374639795,0.4699344929973086,91,control
2605,330.0,5187.0,331.43999953964175,5187.019925679338,0.11327313631772995,1,1.0664273241409141,0.3270764183058317,93,check
2606,405.0,5246.0,405.6699974429308,5245.970221518845,0.12334311008453369,1,0.36213746950336817,0.6905268879412635,93,control
2607,409.0,5254.0,410.1100606834138,5253.480281769427,0.10510969907045364,1,0.7315123715466283,0.6697673613156151,93,control
2608,354.0,5096.0,356.89006930529035,5095.509854758206,0.12136434018611908,1,2.474655175765107,0.8312500867422838,93,control
2609,406.0,5270.0,405.90994340908077,5270.4001190787985,0.10649792104959488,1,0.8543592144309111,0.7128121498594298,93,control
2610,542.0,5105.0,543.8699873155815,5105.070115066987,0.1548609584569931,1,1.4907565808369856,0.3679391086544031,94,check
2611,614.0,5190.0,614.0899505948313,5190.370010484087,0.22606217861175537,1,0.7262929465702215,0.2314586839515574,94,control
2612,627.0,5136.0,628.2799472643816,5136.360168288329,0.15401217341423035,1,1.0714998873418389,0.25917375829554323,94,check
2613,607.0,5236.0,607.2696659205066,5235.629495201933,0.11370828747749329,1,0.17124515652771014,0.3687215564045688,94,control
2614,657.0,5123.0,657.1598986808965,5123.730150931513,0.14131280779838562,1,1.0390400912801776,1.1254720892956278,94,control
2615,613.0,5266.0,614.1899449005243,5265.410023585148,0.24481086432933807,1,0.8363706643263624,0.37341939834938054,94,control
2616,637.0,5221.0,637.8103071868331,5220.60038192846,0.20351316034793854,1,0.41357139206399646,1.2310379781072964,94,control
2617,610.0,5299.0,605.0,5298.0,0.10331413894891739,0,5.459661836724353,,94,control
2618,590.0,5183.0,591.1799941216563,5182.980289093338,0.1910603940486908,1,0.8058582001946288,0.5811317277767222,94,control
2619,525.0,5216.0,524.300099583718,5216.24004274643,0.17537261545658112,1,1.2327856804602702,0.5707196544728484,94,control
2620,576.0,5225.0,575.6400758444853,5225.3503525432225,0.14326629042625427,1,0.9997920791163739,0.42471583207929964,94,control
2621,595.0,5092.0,595.5800824500672,5092.4198140118815,0.10355769842863083,1,0.7160811491304534,1.1082462109023974,94,control
2622,535.0,5196.0,534.0900446591039,5196.689880569051,0.10710746049880981,1,1.645122612107434,0.6032340917535529,94,control
2623,516.0,5250.0,512.0,5250.0,0.15494784712791443,0,4.424254902584357,,94,check
2624,657.0,5222.0,657.8700415426435,5221.719851285008,0.20009349286556244,1,0.455293550723365,0.4170223505336562,94,control
2625,609.0,5153.0,606.519614563536,5156.009526859009,0.18730831146240234,0,4.383346233520092,1.6209414073136699,94,control
2626,542.0,5237.0,543.1397983240643,5236.3408087718335,0.1175144836306572,1,0.8165906391458834,1.1274528555150516,94,check
2627,456.0,5109.0,459.07956099031054,5108.250263040978,0.13669061660766602,1,2.6980468165264573,0.6841812351075193,94,control
2628,522.0,5266.0,522.6198159453326,5265.370076836442,0.15861953794956207,1,0.40276714718006296,1.2250257015144899,94,control
2629,555.0,5176.0,555.3800980094312,5176.22018600647,0.12814852595329285,1,0.5026900927193512,1.390962715889623,94,control
2630,555.0,5134.0,557.0,5134.0,0.1069297268986702,1,1.6049984733210985,,94,control
2631,654.0,5190.0,650.6700027459599,5190.930221675357,0.14076340198516846,0,3.935918101127254,0.8078005258998332,94,control
2632,599.0,5207.0,600.0601759619632,5206.729747772321,0.1798519492149353,1,0.6441868362684414,0.39973539774205374,94,control
2633,522.0,5237.0,522.4301216774229,5237.040193339556,0.18438367545604706,1,0.32371626932609915,0.6942290391679107,94,check
2634,619.0,5254.0,619.9798796278234,5253.820391867184,0.20781764388084412,1,0.574782839241923,0.46845367078772127,94,control
2635,656.0,5113.0,658.0,5111.0,0.10786658525466919,1,2.3388658883381255,,94,control
2636,459.0,5243.0,457.919951195511,5243.399855253105,0.13908123970031738,1,1.6458351086811893,0.9018546569912678,94,control
2637,615.0,5091.0,615.7802448646398,5091.130110725963,0.12040077149868011,1,0.5433716915512228,0.9422242883919618,94,control
2638,662.0,5257.0,663.6899561372147,5256.33995757118,0.1631806194782257,1,1.3329255786518757,0.53367462255766,94,control
2639,476.0,5138.0,478.2100296707334,5137.770028740842,0.12273555248975754,1,1.7904251206686144,0.40627392715711325,94,control
2640,592.0,5128.0,590.0,5128.0,0.1806747317314148,1,2.4356418284172356,,94,control
2641,541.0,5275.0,546.0,5281.0,0.10395244508981705,0,7.778724464768847,,94,check
2642,566.0,5242.0,566.8300312220822,5241.7401110551755,0.2401563823223114,1,0.4156884515871847,0.49560452977143,94,control
2643,526.0,5282.0,528.4400448088669,5281.590325089011,0.1800558716058731,1,2.0303925033153885,0.9927889989484847,94,control
2644,574.0,5272.0,574.3199019031381,5271.759906874794,0.13917741179466248,1,0.10227440571817092,0.6394097821560142,94,check
2645,583.0,5198.0,583.0,5197.0,0.1738196760416031,1,0.8317814108915776,,94,control
2646,492.0,5157.0,493.8102592660935,5157.0499824405315,0.1041075587272644,1,1.4302881273053325,0.27640610087814366,94,control
2647,542.0,5159.0,542.0,5160.0,0.1020839735865593,1,1.348165746473555,,94,control
2648,652.0,5269.0,653.019847653138,5269.060396231146,0.11470448225736618,1,0.6949705606382119,0.4822431776413753,94,control
2649,490.0,5230.0,490.15995290795854,5230.379887149535,0.13878390192985535,1,0.7121360423722242,0.33852049208687934,94,control
2650,471.0,5153.0,473.31999211912444,5152.050042228593,0.1009974479675293,1,2.013331919271859,0.5656972296252326,94,control
2651,652.0,5235.0,652.8998705960521,5234.920248294123,0.19854781031608582,1,0.5243420128444785,0.44765038052978157,94,control
2652,563.0,5094.0,566.0901416328621,5093.870281504707,0.14088863134384155,1,2.672990761411753,0.44163486373514144,94,check
2653,566.0,5279.0,566.4002863176919,5278.740459600349,0.1368463933467865,1,0.025724165177617126,0.7142114524019151,94,check
2654,623.0,5310.0,622.0,5310.0,0.1705390065908432,1,1.438741993247004,,94,control
2655,634.0,5170.0,633.2598345242845,5169.269896924733,0.1348317414522171,1,1.2427929940601026,0.9294401809459898,94,control
2656,647.0,5156.0,647.359985333827,5156.100047335984,0.17014412581920624,1,0.3812879469014036,0.35154562068340867,94,control
2657,692.0,5131.0,690.4793777319617,5131.650178017652,0.1102612167596817,1,2.1482339130904005,0.7934701732583213,95,control
2658,831.0,5115.0,832.4398564223505,5115.070054146646,0.2135106474161148,1,1.0769141041055275,0.2381924846444044,95,control
2659,794.0,5295.0,793.8299264227659,5295.55997527097,0.20548510551452637,1,1.0142397812312327,0.3567815300057139,95,check
2660,794.0,5176.0,793.6300346561525,5176.720084618285,0.1547660082578659,1,1.264170067161897,0.7141238496871677,95,control
2661,834.0,5126.0,835.4900285106625,5125.799933168935,0.23398010432720184,1,1.0752204062540895,0.42400683316224624,95,control
2662,834.0,5213.0,832.4699902709431,5214.030194768934,0.12112777680158615,1,2.3376979042892465,1.8033364977983513,95,control
2663,761.0,5128.0,761.5101106938497,5128.150070939482,0.1318352073431015,1,0.4316255319573354,0.5601628284956626,95,control
2664,757.0,5145.0,757.6797826956199,5144.5603491990105,0.1858927309513092,1,0.3117479190640494,0.6385505410418539,95,control
2665,731.0,5160.0,732.3900395079985,5159.7199202243855,0.13379766047000885,1,0.9734257543176036,0.8171539570132195,95,control
2666,798.0,5104.0,799.2599684902605,5104.230033569749,0.12212033569812775,1,0.9787938761203778,0.16892437849508496,95,control
2667,736.0,5214.0,736.0,5214.0,0.2238583117723465,1,0.49643544460478906,,95,control
2668,836.0,5300.0,835.0602120153802,5300.340279601209,0.17234204709529877,1,1.4808541965152409,0.41453485202267376,95,control
2669,683.0,5224.0,683.0,5224.0,0.19807428121566772,1,0.49790315939881274,,95,control
2670,797.0,5159.0,798.0098634078745,5159.0299972955945,0.2284879833459854,1,0.6655224965535687,0.31640381570605836,95,check
2671,796.0,5214.0,797.0,5214.0,0.17079748213291168,1,0.6460161590477191,,95,check
2672,807.0,5302.0,806.1502512424696,5302.12989462753,0.15996307134628296,1,1.3217775822818667,0.7729498102244295,95,control
2673,811.0,5128.0,813.1298033437572,5128.45014413704,0.25086596608161926,1,1.8576648087153111,1.0736526294106143,95,control
2674,816.0,5255.0,815.5801157229843,5255.110080376295,0.15893279016017914,1,0.9144351695511344,0.2433576209322533,95,check
2675,694.0,5240.0,694.81995323501,5240.240505500206,0.193304643034935,1,0.6569959646569822,0.5278835146092746,95,control
2676,798.0,5271.0,796.2599406493581,5271.440032748066,0.21417440474033356,1,2.2657703452871765,0.5656583951562553,95,control
2677,726.0,5190.0,727.9499895895809,5190.079993058192,0.16799326241016388,1,1.5748589961003414,0.38113574839565,95,control
2678,755.0,5280.0,755.2602148876324,5280.459642768191,0.13767610490322113,1,0.7485198427236891,0.9924910078495088,95,control
2679,711.0,5218.0,713.2601635700559,5217.670437400862,0.20673798024654388,1,1.846660630306064,0.6651717203270203,95,control
2680,824.0,5151.0,826.0,5151.0,0.16268084943294525,1,1.6066962670449758,,95,control
2681,759.0,5156.0,761.5899525512208,5155.369944196224,0.19348189234733582,1,2.2027698491413132,0.9131570252010889,95,control
2682,724.0,5252.0,723.4899993440027,5252.019932308124,0.16137032210826874,1,0.9685687083843484,0.2741251837118695,95,control
2683,730.0,5262.0,729.1599742490603,5262.160153161797,0.17708393931388855,1,1.3254982567786806,0.9269252616974991,95,control
2684,815.0,5191.0,813.0,5195.0,0.16517524421215057,0,4.905262258315469,,95,check
2685,773.0,5299.0,772.5598758391759,5298.92007064265,0.19556012749671936,1,0.8718728119075958,0.3946108208158598,95,control
2686,682.0,5109.0,684.1200550832858,5108.639752166236,0.17401601374149323,1,1.7027993821114256,1.3356317752710813,95,control
2687,820.0,5273.0,820.0203290320085,5273.370675820753,0.11870568990707397,1,0.7507514661184759,1.4320512890255956,95,control
2688,691.0,5291.0,689.7103724112312,5292.17010520193,0.11679424345493317,1,2.2329178747435607,0.939253901174703,95,control
2689,777.0,5229.0,778.2796952415168,5228.31989546783,0.18278412520885468,1,0.9578841368154433,0.5264709869019666,95,check
2690,719.0,5174.0,720.1700339335018,5173.680288941415,0.20150335133075714,1,0.7552629436217729,0.649442083151304,95,control
2691,691.0,5147.0,690.0205632395939,5141.809753894607,0.1793145388364792,0,5.110181047133008,1.5170993304906215,95,control
2692,794.0,5288.0,795.0305488106146,5290.830152869286,0.11026731878519058,1,3.163458402506706,0.9272871226589698,95,control
2693,783.0,5191.0,785.8002699112793,5188.9699814277965,0.17676876485347748,1,2.963816464648067,1.0946560002611379,95,control
2694,768.0,5107.0,769.6800158354191,5106.889958006173,0.191240593791008,1,1.2717053714179227,0.5335572328618078,95,control
2695,778.0,5144.0,781.0,5143.0,0.13044553995132446,1,2.6841054678724134,,95,control
2696,741.0,5228.0,740.9599869634313,5228.070126998802,0.2482922226190567,1,0.5690710356858999,0.17071177770849072,95,control
2697,830.0,5230.0,830.8797499659044,5228.86010938887,0.14619800448417664,1,0.9877485636153451,0.7185697873346815,95,check
2698,727.0,5118.0,730.3198329637606,5117.279904840149,0.12697617709636688,1,2.9355972750846946,0.46873170479240167,95,control
2699,698.0,5110.0,699.2700944625651,5110.250171305756,0.18163545429706573,1,0.999450145244028,0.5571734817916495,95,control
2700,811.0,5156.0,810.9298240126718,5156.300118208813,0.20132307708263397,1,0.748983352356038,0.8298986752381398,95,check
2701,840.0,5257.0,837.0199641262984,5256.270001595064,0.18389609456062317,0,3.422394266050081,0.4118209809775158,95,control
2702,713.0,5259.0,717.0,5260.0,0.14490604400634766,0,3.807383630434826,,95,control
2703,670.0,5275.0,670.3500039980491,5274.930179251124,0.16340383887290955,1,0.21649131490376206,0.4600515332980233,95,check
2704,686.0,5178.0,688.3694445792158,5176.090430776931,0.12848272919654846,1,2.5466179688576047,3.3518192111872462,95,control
2705,442.0,5392.0,411.0,5622.0,0.053651291877031326,0,232.4231552152911,,97,check
2706,336.0,5483.0,147.63043629610917,5311.719963780896,0.05090438202023506,0,254.7041680342841,1.0242209666055124,97,check
2707,433.0,5497.0,434.27003089070945,5496.700302120731,0.065730020403862,1,0.8648544410898574,0.5800627805827616,97,control
2708,419.0,5525.0,420.0699785784821,5525.130141347366,0.052177488803863525,1,0.7877688621686383,0.34431232055134564,97,check
2709,348.0,5329.0,536.0,5485.0,0.05079285800457001,0,244.1662194739749,,97,control
2710,411.0,5339.0,234.0,5248.0,0.05080440640449524,0,199.25985722060267,,97,control
2711,428.0,5530.0,430.09001953420875,5529.850012518732,0.060723960399627686,1,1.6920324051942908,0.4345590578995883,97,control
2712,362.0,5429.0,356.6999968740981,5430.179296644353,0.06485866010189056,0,5.895687144544494,2.274181257918596,97,control
2713,329.0,5363.0,428.0400592445944,5496.669476291342,0.05403918772935867,0,166.35507559631208,2.0447826625905217,97,control
2714,409.0,5366.0,201.0,5463.0,0.061513230204582214,0,230.00364092616832,,97,control
2715,367.0,5329.0,321.0,5444.0,0.06756974756717682,0,124.28415084134538,,97,check
2716,438.0,5360.0,251.0,5256.0,0.059470582753419876,0,214.19639833564727,,97,control
2717,380.0,5433.0,373.0,5439.0,0.12368403375148773,0,9.719759322856426,,97,control
2718,399.0,5477.0,143.7507007200564,5396.839456743104,0.05093957111239433,0,267.8443288075442,1.5521282948336648,97,control
2719,422.0,5474.0,210.0,5538.0,0.05751066282391548,0,221.92518659375233,,97,control
2720,375.0,5518.0,476.63990482179884,5540.640347495738,0.06192068010568619,0,103.80114730387643,1.5963545488218418,97,control
2721,370.0,5501.0,282.0,5239.0,0.06555768102407455,0,276.2389389145156,,97,control
2722,375.0,5414.0,206.0,5208.0,0.0509258434176445,0,266.4903635449199,,97,control
2723,430.0,5331.0,253.01067761630986,5226.800419399386,0.07584240287542343,0,205.59649256482845,2.6325332194706004,97,control
2724,405.0,5447.0,232.0,5214.0,0.051086511462926865,0,290.2167496472775,,97,check
2725,405.0,5447.0,216.0,5531.0,0.05178308114409447,0,207.3189737901417,,97,control
2726,296.0,5494.0,522.0,5355.0,0.08671947568655014,0,264.82565878137046,,97,control
2727,404.0,5504.0,404.3499960435056,5503.990179016358,0.09043324738740921,1,0.2868694432971559,0.3837735015123499,97,check
2728,337.0,5345.0,323.8602661506903,5249.7909181167215,0.051979050040245056,0,95.88035181151163,2.7633568232307573,97,control
2729,370.0,5437.0,370.7002542644846,5437.149702314472,0.05944710597395897,1,0.5293773178276463,0.8474809889328356,97,control
2730,388.0,5418.0,388.2700586026263,5417.550037556197,0.05773052200675011,1,0.211209958555269,0.7576096183259118,97,control
2731,435.0,5521.0,437.27992055575805,5520.649769426445,0.09445203840732574,1,1.8767330727189697,0.7871630662858848,97,control
2732,424.0,5513.0,431.2000257325894,5510.800027297701,0.08069363236427307,0,7.058631491660637,0.7852657761692892,97,control
2733,292.0,5437.0,220.0,5412.0,0.060081981122493744,0,76.50862398066401,,97,control
2734,331.0,5432.0,210.0,5538.0,0.06698255240917206,0,161.36643646084028,,97,control
2735,356.0,5405.0,138.45991228387092,5378.530589213965,0.06461874395608902,0,219.51902415443823,4.775207235859568,97,control
2736,403.0,5327.0,447.0,5316.0,0.05574154108762741,0,44.88416810282094,,97,control
2737,288.0,5352.0,385.0,5632.0,0.05309305340051651,0,296.47273087296395,,97,control
2738,552.0,5492.0,552.3097455029093,5491.939900931958,0.1649438440799713,1,0.243647637537487,0.22557466386397618,98,control
2739,517.0,5529.0,515.1396147891276,5532.989609134214,0.10957899689674377,0,4.83833365528688,1.8382419713319458,98,control
2740,557.0,5458.0,556.9399713260782,5458.1005219570825,0.13527433574199677,1,0.6039344322867316,0.24954092520755583,98,check
2741,560.0,5522.0,560.2701461670982,5521.86017283174,0.13832394778728485,1,0.19639175774162893,0.4358754363651989,98,control
2742,533.0,5502.0,532.8198721703388,5501.940105034083,0.14752118289470673,1,0.6261623174600259,0.21766855648844052,98,control
2743,640.0,5380.0,639.8901223355807,5380.109856323317,0.1437998116016388,1,0.6480417457543926,0.2742463955858012,98,check
2744,453.0,5475.0,451.5000869338396,5475.300201602534,0.1186143308877945,1,1.9948680818163826,0.6486265232535929,98,control
2745,514.0,5481.0,515.1494876062884,5479.889872089922,0.12209992855787277,1,1.110404433961718,0.5663486050852081,98,control
2746,528.0,5448.0,528.0499679861869,5448.2400056897195,0.14695312082767487,1,0.6347602217996673,0.3168286841514241,98,control
2747,447.0,5461.0,446.3699693856121,5461.220048192207,0.1466183364391327,1,1.1549197955992885,0.23950148452375608,98,control
2748,517.0,5467.0,516.8899409003146,5467.390249042138,0.10111471265554428,1,0.8504162129386608,0.8377708738812993,98,control
2749,565.0,5486.0,565.2100761367302,5486.390162803424,0.1220128983259201,1,0.7016570774220898,0.33087336606444917,98,check
2750,549.0,5441.0,548.9200068773158,5440.979856896472,0.1777321696281433,1,0.5534906055502844,0.4295453876654853,98,control
2751,497.0,5460.0,498.16003516940134,5459.730022268566,0.14335130155086517,1,0.7540846741828131,0.4317665218251115,98,control
2752,516.0,5497.0,516.359766648372,5496.720173573008,0.16446755826473236,1,0.04502673482543793,0.46329977700556024,98,check
2753,448.0,5419.0,447.9900901906214,5419.320001334932,0.13809195160865784,1,0.7384263928400512,0.4669015461854806,98,control
2754,496.0,5478.0,497.980010877792,5477.830395740835,0.1609945446252823,1,1.579028394916414,1.2172674334764282,98,control
2755,533.0,5530.0,534.9299420050679,5529.410121691186,0.16892048716545105,1,1.5572149973320548,0.5847908330856808,98,control
2756,511.0,5511.0,511.8900189910073,5510.859985964459,0.13052260875701904,1,0.5079106051988752,0.42883984310109113,98,control
2757,518.0,5449.0,518.5400456143607,5448.640072999492,0.1461850255727768,1,0.1528714170642447,0.5432426287478938,98,control
2758,637.0,5366.0,636.7100649000399,5366.460228817392,0.10589740425348282,1,1.0175761257987566,0.5321505712850897,98,control
2759,498.0,5445.0,498.1501479623889,5444.850156961781,0.21408917009830475,1,0.29078605193375157,0.6654117694022638,98,control
2760,506.0,5456.0,507.40045575665,5455.5799338362685,0.13978560268878937,1,1.0032012297175448,0.8453131881221098,98,control
2761,665.0,5355.0,664.4599927036143,5355.129662748995,0.20727930963039398,1,1.0328518232877253,0.535163308161091,98,control
2762,476.0,5471.0,476.3202387744674,5471.160182199472,0.16820889711380005,1,0.4561061667607332,0.3478370134724746,98,control
2763,533.0,5470.0,532.9903462552506,5470.300406965924,0.16325770318508148,1,0.7178166136205631,0.5903041976994848,98,control
2764,595.0,5425.0,595.1299703891718,5425.190149067143,0.12925636768341064,1,0.5472991253738677,0.4270181369270644,98,check
2765,646.0,5342.0,646.9903962470698,5342.099612294124,0.14080829918384552,1,0.6932452936340276,1.155507746870001,98,control
2766,551.0,5480.0,551.9397509924021,5479.879984689432,0.1388450413942337,1,0.5598332907186471,0.5718176935030325,98,control
2767,584.0,5467.0,585.7001296433023,5467.08969863646,0.11572570353746414,1,1.3478369041543985,0.8552014835865525,98,control
2768,453.0,5527.0,454.6402004011748,5526.440223528126,0.16801321506500244,1,1.2657155462634853,0.4769781273888995,98,check
2769,629.0,5425.0,629.1200353259126,5424.730016965537,0.1349174678325653,1,0.2863728567308875,0.5776668686789426,98,control
2770,453.0,5448.0,453.24989428698177,5447.790030052836,0.1511988639831543,1,0.17580644325798872,0.4485303848373253,98,check
2771,625.0,5329.0,624.6999509240434,5329.3202241266445,0.10847003757953644,1,0.9299199013041344,0.3121848266025884,98,control
2772,452.0,5514.0,453.6401762795731,5513.739692051388,0.15996433794498444,1,1.2362435356800687,0.8565270626874508,98,control
2773,576.0,5526.0,577.5001731725542,5525.62033683895,0.10651643574237823,1,1.1019563373740737,0.6879103118017897,98,control
2774,479.0,5447.0,482.0,5443.0,0.11005362868309021,0,4.528566399101968,,98,control
2775,549.0,5527.0,550.4597730793587,5526.580585105547,0.1761177033185959,1,1.0656246769777977,0.8554921743224005,98,control
2776,484.0,5501.0,484.8800509128021,5500.5901182708785,0.19635362923145294,1,0.49098041092545935,0.4611449824514302,98,control
2777,449.0,5505.0,450.6099021586822,5504.7200780539915,0.2004060447216034,1,1.2052389170736217,1.0394077686312433,98,check
2778,452.0,5497.0,450.0,5504.0,0.1087353378534317,0,7.67574350554217,,98,control
2779,751.0,5330.0,750.2302472101466,5330.040435888642,0.13681691884994507,1,1.2200436230436003,0.8792018533688886,99,control
2780,731.0,5399.0,730.5898849376006,5398.879942200707,0.1665915846824646,1,0.8310704324547484,0.4788110153234948,99,control
2781,758.0,5350.0,758.0699983358554,5350.039876548064,0.1684432029724121,1,0.46140137859446867,0.5132550798911396,99,control
2782,744.0,5435.0,743.7398791121475,5434.890094623664,0.14387406408786774,1,0.6849886448418432,0.23661930346242185,99,control
2783,704.0,5341.0,704.9900622852261,5340.5598678201395,0.11804308742284775,1,0.6036549599379125,0.5369106963481002,99,control
2784,731.0,5360.0,730.1700683386978,5360.450157265628,0.1367548406124115,1,1.4348470614850772,0.30742437642365755,99,control
2785,673.0,5356.0,671.8398286000648,5356.150637166817,0.12267789244651794,1,1.6264010798681823,1.3369916410126033,99,control
2786,760.0,5363.0,757.9900730202698,5363.42013351938,0.1926782727241516,1,2.515153813163975,0.8087402144490228,99,control
2787,681.0,5376.0,680.489966264564,5376.240064023039,0.18652038276195526,1,1.0538335859951145,0.27401683335866006,99,check
2788,694.0,5358.0,694.2598294147339,5358.220294847551,0.21976113319396973,1,0.5190477690639931,0.5900209684532224,99,control
2789,693.0,5382.0,692.8999567702739,5382.270250837429,0.15275849401950836,1,0.7465500241454782,0.3644156020101464,99,control
2790,673.0,5340.0,673.0700434760951,5339.670010571518,0.16322973370552063,1,0.3433897037432527,0.393285955170417,99,control
2791,777.0,5359.0,776.6398796969037,5358.800479445419,0.1591186672449112,1,0.7711233555659838,0.3375126342770096,99,check
2792,681.0,5356.0,681.2500308399794,5355.760034082999,0.19396841526031494,1,0.1630116746919748,0.5618642083544471,99,check
2793,761.0,5314.0,760.4099863994525,5314.119921310788,0.11046966165304184,1,1.0742899590479507,0.7358211111035244,99,control
2794,784.0,5420.0,781.0,5415.0,0.1080540344119072,0,5.82493630801813,,99,control
2795,789.0,5384.0,788.0500993006483,5384.220142256479,0.21245111525058746,1,1.4430745828240936,0.459680380042774,99,control
2796,681.0,5365.0,680.269967254361,5365.180300242598,0.13923314213752747,1,1.2269720836198268,0.5478732902441183,99,control
2797,797.0,5369.0,796.7399997560581,5368.980098184293,0.15410272777080536,1,0.7130904038696341,0.42616509858303603,99,check
2798,763.0,5372.0,761.680216089258,5372.350096607579,0.16045859456062317,1,1.8362135570428313,0.4980268931506284,99,control
2799,746.0,5364.0,745.5099609477722,5364.250199211151,0.19608666002750397,1,1.039892463332188,0.28920152897472784,99,check
2800,719.0,5371.0,719.0999890026641,5371.080012944551,0.2240440845489502,1,0.470541971273952,0.37882349475403754,99,control
2801,780.0,5332.0,780.2700335422239,5331.680302198987,0.15669073164463043,1,0.14622380983339445,0.6956151823482392,99,control
2802,732.0,5372.0,731.9699153979044,5372.580258904768,0.17439787089824677,1,0.9611215415464872,0.6017764775788683,99,control
2803,827.0,5349.0,826.0,5354.0,0.1295512318611145,0,5.455813772119819,,99,control
2804,762.0,5341.0,762.3900659586509,5340.549788313831,0.1612628847360611,1,0.17729713434354122,0.3823930698224322,99,control
2805,754.0,5399.0,753.749729391435,5398.960356914199,0.15925313532352448,1,0.6971151850062097,0.27927981733363944,99,control
2806,668.0,5369.0,668.2900214676603,5368.800171805242,0.15689097344875336,1,0.14186852899588384,0.9373440899598561,99,control
2807,734.0,5384.0,733.5498626207311,5384.020068925614,0.13145121932029724,1,0.9065404399812398,0.2435296615341008,99,control
2808,811.0,5340.0,811.3799932746077,5340.010182915374,0.19573691487312317,1,0.28327947749820515,0.5907806143671253,99,control
2809,792.0,5336.0,790.5796516434508,5335.639933988458,0.18339329957962036,1,1.8307479939209907,0.5271271168062751,99,check
2810,667.0,5318.0,666.5500892607297,5318.339942923358,0.16667836904525757,1,1.0591594259446904,0.45458903446906884,99,control
2811,701.0,5368.0,700.3902187431995,5368.250456279074,0.11861342936754227,1,1.146181078503242,0.576012859731031,99,control
2812,729.0,5329.0,729.0599972427043,5328.960273262506,0.14754070341587067,1,0.42124219436036003,0.9250261943888854,99,check
2813,795.0,5353.0,794.2102392693658,5353.130300309251,0.1371142566204071,1,1.2632433266638454,0.5524942560017946,99,check
2814,793.0,5418.0,789.0,5418.0,0.10098368674516678,0,4.4132152662108375,,99,control
2815,733.0,5411.0,733.4101311004721,5410.940323655045,0.10243082046508789,1,0.216283492488664,0.7858634831223245,99,control
2816,776.0,5411.0,775.9200176768522,5410.810255288821,0.16812577843666077,1,0.49244107431741574,0.3348806341553894,99,control
2817,811.0,5326.0,810.9701405831601,5325.969867477164,0.17826111614704132,1,0.500460033702503,0.7347829209735641,99,control
2818,823.0,5330.0,830.0,5227.0,0.10319466143846512,0,102.94133369947225,,99,control
2819,342.0,5754.0,343.26971390573897,5754.1500273829715,0.07233574241399765,1,0.9822185757195924,0.4328296707910659,101,check
2820,395.0,5602.0,397.30004655342765,5601.640041181318,0.06921099126338959,1,1.9001780679595992,0.7371209907694991,101,check
2821,400.0,5537.0,403.0,5537.0,0.06912321597337723,1,2.6125222251094637,,101,control
2822,443.0,5721.0,327.3699644695397,5444.080844194352,0.062001097947359085,0,299.97743225009134,2.5086745019522185,101,control
2823,443.0,5721.0,210.0,5538.0,0.06951457262039185,0,296.4077343703607,,101,check
2824,380.0,5680.0,230.0,5554.0,0.06160448119044304,0,196.016023670079,,101,control
2825,380.0,5680.0,381.9500745025382,5680.410128255479,0.05031518638134003,1,1.7046263271140787,0.7126249537994543,101,control
2826,337.0,5714.0,338.13002474521943,5713.780150671381,0.13827848434448242,1,0.7372068256956313,0.27358261652551014,101,control
2827,308.0,5543.0,548.5305216003444,5583.050085720612,0.061124082654714584,0,243.494491935055,10.0,101,control
2828,441.0,5754.0,446.8197674355154,5763.730101942988,0.07776351273059845,0,11.39713548610759,1.3492314571730537,101,check
2829,341.0,5588.0,210.0,5538.0,0.06620991975069046,0,140.49052302410792,,101,control
2830,392.0,5575.0,394.0500595279305,5574.520141082646,0.05311962217092514,1,1.6583916256256654,0.4998728298234401,101,control
2831,433.0,5563.0,439.0,5559.0,0.08331426233053207,0,6.715167896104605,,101,control
2832,363.0,5717.0,363.6000400765649,5716.680080797525,0.05245476961135864,1,0.20509503100692558,0.8476868304867842,101,control
2833,427.0,5749.0,425.79005656798125,5749.550106495574,0.08964371681213379,1,1.812334150984112,0.899411665509872,101,control
2834,429.0,5582.0,431.96988623124463,5581.800258043957,0.07018136233091354,1,2.569966040515938,0.6855048697907755,101,control
2835,413.0,5587.0,416.630146084255,5584.850220598129,0.07208524644374847,0,3.725074914077484,1.290850545797788,101,control
2836,424.0,5594.0,427.4599199159506,5593.619925983185,0.11928705126047134,1,3.0601336518512494,0.6389628417788265,101,control
2837,392.0,5666.0,394.3599163944495,5665.620045301338,0.055603399872779846,1,1.963521431841707,0.6619440066039386,101,control
2838,366.0,5749.0,369.140002232711,5747.9202840250755,0.07611478120088577,1,2.854824455442485,0.8330897192670885,101,control
2839,370.0,5679.0,210.0,5555.0,0.05439508333802223,0,202.56213333038323,,101,control
2840,409.0,5702.0,409.4399929753482,5702.040058176808,0.052558451890945435,1,0.3361760588120011,0.8820158294373494,101,check
2841,330.0,5677.0,210.0,5538.0,0.0739569291472435,0,183.6715102286645,,101,control
2842,439.0,5641.0,438.0,5642.0,0.058767326176166534,1,1.9037947533833643,,101,control
2843,303.0,5610.0,344.0,5676.0,0.08872299641370773,0,77.74079754893758,,101,control
2844,417.0,5715.0,416.86015300987384,5714.849985939094,0.07595661282539368,1,0.554526315366511,1.7194303484198667,101,control
2845,541.0,5752.0,541.0,5754.0,0.12315971404314041,1,2.3216007924455586,,102,control
2846,450.0,5697.0,449.909944734838,5697.390119117927,0.12508180737495422,1,0.837322443711582,0.538436688421433,102,control
2847,603.0,5610.0,605.9899323610148,5609.539863985616,0.17907410860061646,1,2.5975370649276575,0.4151816429713292,102,control
2848,618.0,5748.0,620.6801934868919,5746.549963249297,0.10684182494878769,1,2.5676872971272267,0.38585438334658106,102,control
2849,584.0,5695.0,585.8700245012775,5694.760248855674,0.10828899592161179,1,1.4758374088629984,0.7366962554718611,102,control
2850,486.0,5746.0,488.8001478771188,5745.91984513493,0.11429481208324432,1,2.41556730636978,1.2891642938400834,102,control
2851,521.0,5730.0,521.9899151261704,5729.669863476955,0.21899446845054626,1,0.5972734642778638,0.38123421418960785,102,check
2852,583.0,5729.0,584.4900789539311,5728.390067348901,0.10685411840677261,1,1.1434939632890553,0.40789428474269424,102,control
2853,629.0,5625.0,631.6300545425114,5624.570085205202,0.10717745870351791,1,2.237446671045994,0.5857111225011704,102,control
2854,545.0,5625.0,548.0799533499664,5624.320141929695,0.17036956548690796,1,2.7102751087046304,0.987215766238257,102,control
2855,602.0,5622.0,601.7399454645032,5622.360229273163,0.15877442061901093,1,0.9208309806900962,1.1213492150334108,102,control
2856,515.0,5592.0,519.0,5584.0,0.11273304373025894,0,8.511394301289872,,102,check
2857,529.0,5671.0,531.0900658067272,5670.559748501986,0.10433807224035263,1,1.7003665149086666,0.6455823036405509,102,control
2858,576.0,5654.0,578.5000562479444,5653.619802623267,0.12411446869373322,1,2.105417121001102,0.4887880048019181,102,control
2859,541.0,5717.0,542.1502736513575,5717.019629906484,0.12534663081169128,1,0.8159420301444036,0.39432190088148134,102,check
2860,581.0,5562.0,582.1604990554564,5562.289770577075,0.15687143802642822,1,0.9522088901451115,0.37410223990318403,102,control
2861,542.0,5650.0,543.7400462220548,5649.600232246875,0.1042337641119957,1,1.34744877624227,0.5670684014400881,102,check
2862,549.0,5545.0,542.6703338628107,5543.579567991758,0.13263829052448273,0,6.826612094835326,1.7229596838230523,102,control
2863,599.0,5647.0,603.4596945372166,5645.31991933146,0.1229739561676979,0,4.295942354778028,1.496224557070921,102,control
2864,583.0,5675.0,584.8599542107778,5674.320112763035,0.2224833220243454,1,1.516384786619369,0.502135271632352,102,control
2865,496.0,5742.0,498.66998146935094,5741.120088356203,0.1010855883359909,1,2.351384482204847,0.6678259806972079,102,control
2866,479.0,5564.0,480.0100091766802,5563.959868906542,0.15798814594745636,1,0.6570486931005178,0.5159342569905425,102,control
2867,632.0,5572.0,633.6101645941267,5571.769953108185,0.17683489620685577,1,1.211543314850693,0.8419963150146678,102,check
2868,527.0,5631.0,528.4200035951691,5630.989923145206,0.1431075483560562,1,1.05862929292939,0.5492360355203576,102,control
2869,574.0,5646.0,575.9800490022886,5645.689733409995,0.16019295156002045,1,1.5830945284990974,0.3886813345474612,102,control
2870,503.0,5568.0,505.60014487588114,5567.860216581729,0.10148701071739197,1,2.2037771850204226,0.586737793303067,102,control
2871,494.0,5699.0,495.5799167949026,5698.639941814016,0.14794424176216125,1,1.1862868995469036,0.5123427365136497,102,control
2872,504.0,5711.0,505.71013933592474,5710.810629087876,0.19547156989574432,1,1.318836169762125,0.9187105040119294,102,control
2873,634.0,5742.0,635.0798989939187,5741.730140325455,0.14327019453048706,1,0.6877435202298076,0.3754424356442155,102,control
2874,662.0,5588.0,662.9800423735023,5588.739733214356,0.11805710196495056,1,1.1746563556920842,0.4396693807396092,102,control
2875,471.0,5592.0,475.0,5590.0,0.10607365518808365,0,3.985198171624557,,102,check
2876,556.0,5611.0,558.2800187907808,5610.85003770812,0.10683432966470718,1,1.8860474765053792,0.33302383785204326,102,control
2877,486.0,5547.0,486.510008546048,5546.949935233533,0.1052936539053917,1,0.26130416110830373,0.5087665337156393,102,control
2878,599.0,5574.0,600.6302390807415,5574.060621416402,0.1010105162858963,1,1.2774638049014726,0.6402117437116145,102,check
2879,558.0,5657.0,559.5301770324427,5656.590340933605,0.17203840613365173,1,1.1400212826271336,0.7068913643623356,102,control
2880,464.0,5731.0,461.9104137304438,5732.9994695036185,0.12036211788654327,0,3.379208743972691,0.9992601056376069,102,control
2881,502.0,5540.0,502.0,5540.0,0.1652836948633194,1,0.49467893460025036,,102,control
2882,659.0,5612.0,660.0501244255433,5612.060010306798,0.10445726662874222,1,0.7363461815082892,0.285886031539076,102,control
2883,651.0,5749.0,651.4300406772445,5748.709925566543,0.1709003895521164,1,0.03883368814722734,0.2266967509996556,102,control
2884,444.0,5563.0,439.0,5559.0,0.10930731147527695,0,6.553438373749839,,102,control
2885,586.0,5634.0,588.0100331692964,5633.720134997061,0.18006974458694458,1,1.612501550480426,0.4804812345139303,102,control
2886,655.0,5571.0,656.0601045645495,5571.1801437387485,0.14189325273036957,1,0.8056668663266413,0.6193625550650562,102,check
2887,517.0,5550.0,516.0,5547.0,0.13198955357074738,0,3.0539739894648856,,102,control
2888,584.0,5551.0,585.0202360355221,5551.1602750024795,0.12164198607206345,1,0.7619518849440623,0.773954536688645,102,check
2889,493.0,5578.0,495.10016274135774,5577.7401507634,0.14688168466091156,1,1.6993826375566987,0.5917130685399173,102,control
2890,493.0,5712.0,501.0,5712.0,0.13178695738315582,0,7.610418321524328,,102,control
2891,772.0,5717.0,769.0,5719.0,0.14745691418647766,0,4.085660128989877,,103,control
2892,689.0,5682.0,690.1400034939755,5681.9401513710945,0.19214949011802673,1,0.77775442163393,0.4464483996587507,103,control
2893,779.0,5683.0,780.9199049229925,5682.690119269851,0.1347086876630783,1,1.5270049967905026,0.38830976182799887,103,check
2894,724.0,5681.0,724.4699544110043,5681.330061019374,0.13580210506916046,1,0.6140911472988981,0.36123987106186145,103,control
2895,756.0,5686.0,758.1601560067902,5685.730423908523,0.1860375851392746,1,1.7667984446595297,0.7201313028782438,103,control
2896,695.0,5649.0,696.7800248534276,5648.760236923859,0.14594419300556183,1,1.3849402627825174,0.4142674008089524,103,control
2897,731.0,5640.0,732.4199996178972,5640.019923027823,0.2114078402519226,1,1.0669253831678975,0.2136394224416523,103,control
2898,777.0,5601.0,777.7098806842737,5600.820356071738,0.15075524151325226,1,0.3275332330829118,0.1972214642603851,103,control
2899,724.0,5713.0,722.3699308741587,5713.539914364392,0.13058066368103027,1,2.1824047185014908,0.703712242302184,103,control
2900,756.0,5635.0,756.0,5633.0,0.10715491324663162,1,1.7674711769713707,,103,control
2901,786.0,5575.0,786.5398877847541,5574.859935650176,0.19338828325271606,1,0.19616009409969568,0.33979053684445454,103,control
2902,814.0,5669.0,806.0,5707.0,0.1052873283624649,0,39.1851870020695,,103,control
2903,687.0,5728.0,681.0,5724.0,0.10103332996368408,0,7.395320066609083,,103,control
2904,680.0,5656.0,680.8700058761831,5655.930115614776,0.1382732093334198,1,0.5192885751008566,0.4250316327525639,103,control
2905,744.0,5748.0,744.6098849883306,5747.82021023844,0.16854168474674225,1,0.2405558882519652,0.3383580673934552,103,control
2906,807.0,5566.0,805.8693839670431,5566.679831877624,0.10592681914567947,1,1.8020874863363043,1.0759509667678107,103,control
2907,715.0,5679.0,715.9399857159297,5679.08012430816,0.17140419781208038,1,0.653752738664069,0.2956070036938331,103,control
2908,733.0,5675.0,732.9701513826965,5675.800265869515,0.11271700263023376,1,1.1594264195400437,0.5426255730499037,103,control
2909,768.0,5611.0,769.1700192211864,5610.85002312479,0.28536394238471985,1,0.7837851261760581,0.19678973588716944,103,control
2910,750.0,5670.0,750.4703390095949,5670.370337752652,0.1814989298582077,1,0.6528510011641068,0.5014771050597124,103,control
2911,752.0,5617.0,752.8201214127035,5617.060112390108,0.2132095992565155,1,0.541658646452499,0.1282180322039704,103,control
2912,737.0,5622.0,738.0898855682328,5621.889875873716,0.14773070812225342,1,0.7135391922642761,0.3118604900275647,103,control
2913,765.0,5583.0,766.219873192249,5582.95002544952,0.22982072830200195,1,0.8527057318367537,0.3231985326887914,103,control
2914,793.0,5551.0,794.9400679128797,5551.460126734083,0.17065991461277008,1,1.7074843865965936,0.5415338343901734,103,check
2915,777.0,5623.0,777.789867049186,5622.950233593409,0.1728849560022354,1,0.4544671065010516,0.42563389670598145,103,check
2916,712.0,5724.0,713.3800647365141,5723.5299196420565,0.1340339630842209,1,1.0059133129507172,0.4771627451564589,103,control
2917,702.0,5734.0,703.4201041592424,5733.319528039591,0.11641161143779755,1,1.1031428220834152,0.8867642319050365,103,check
2918,692.0,5745.0,692.169991380284,5745.060022303107,0.1687214970588684,1,0.40701558820594635,0.697279246258206,103,control
2919,748.0,5641.0,749.3800235090536,5640.899653042876,0.10815079510211945,1,1.0004489600695794,1.0131369549097908,103,check
2920,756.0,5754.0,756.6000295349996,5753.730213177611,0.19838199019432068,1,0.20979496937475606,0.3418793692148609,103,check
2921,815.0,5550.0,807.0,5657.0,0.11542530357837677,0,107.60334198605673,,103,control
2922,815.0,5550.0,818.0,5550.0,0.10738737881183624,1,2.6157248658560186,,103,control
2923,707.0,5667.0,707.7203815879114,5667.129974108472,0.11996763199567795,1,0.5234670044355039,0.2065175343203683,103,control
2924,819.0,5607.0,806.0,5707.0,0.10256655514240265,0,101.1663283818969,,103,control
2925,820.0,5575.0,824.0,5471.0,0.13980332016944885,0,103.78975850169309,,103,check
2926,401.0,5793.0,401.21991422623125,5792.6698939693715,0.10951165854930878,1,0.17635545481223464,0.32584686853938494,105,check
2927,386.0,5798.0,385.7800035768187,5797.950103604705,0.12272706627845764,1,0.659969560903397,0.4573147134480843,105,control
2928,393.0,5843.0,392.6300345916597,5842.749951925176,0.10989063233137131,1,0.7619075472570934,0.531020431873308,105,control
2929,355.0,5787.0,355.4700471495197,5786.65993106521,0.12058677524328232,1,0.08808125126644166,0.3046465050112376,105,control
2930,439.0,5840.0,438.68992829631225,5839.549956749496,0.10626968741416931,1,0.717552788829319,0.3409334496626305,105,control
2931,400.0,5784.0,399.75006202752144,5783.510101349056,0.12879012525081635,1,0.6720221075981354,0.9600292536169452,105,control
2932,643.0,5788.0,641.2001238386265,5788.060030193157,0.20959563553333282,1,2.2169596988746085,0.4753358192834408,106,control
2933,491.0,5762.0,494.0,5761.0,0.13090135157108307,1,2.7018615081142783,,106,check
2934,527.0,5871.0,526.3698633250314,5871.020045061984,0.25470176339149475,1,1.0641828348221793,0.3277908856297351,106,control
2935,479.0,5899.0,481.4000395978562,5897.660186936361,0.2937852442264557,1,2.269089882609033,0.8382227958400892,106,check
2936,551.0,5789.0,550.9401554128588,5788.800129316517,0.1258608102798462,1,0.45956693488831357,0.5383803540368451,106,control
2937,560.0,5854.0,559.4199744930022,5854.180054977504,0.2562825679779053,1,1.075638595927174,0.21912286304073994,106,check
2938,452.0,5873.0,798.0,5765.0,0.13111579418182373,0,362.0094972947253,,106,check
2939,519.0,5785.0,518.1501029511348,5785.160288324545,0.15630663931369781,1,1.3205489467529814,1.0769348614636547,106,control
2940,446.0,5762.0,446.4500181256083,5761.8500602459935,0.11648452281951904,1,0.15320568877326404,0.2540221399360221,106,control
2941,520.0,5889.0,519.679937873712,5889.360486470071,0.11981994658708572,1,0.961243988557449,0.7001652617195628,106,control
2942,552.0,5869.0,551.8900032109058,5868.920250881144,0.1795133501291275,1,0.5398388233814152,0.5743753390781409,106,control
2943,491.0,5905.0,489.9198558054811,5905.089985129013,0.25725510716438293,1,1.5158483428214498,0.3326660343587927,106,control
2944,632.0,5852.0,631.3999839160513,5852.0801852929935,0.13633668422698975,1,1.052988073723822,0.1899931991945138,106,control
2945,599.0,5782.0,599.3800423276263,5781.640184363102,0.10935216397047043,1,0.07473051723389632,0.31079529136486994,106,control
2946,470.0,5796.0,476.4197282246159,5796.8907111652825,0.16604316234588623,0,6.142894590654575,2.4758004663618887,106,control
2947,641.0,5896.0,641.0,5896.0,0.12437042593955994,1,0.4796081522279916,,106,control
2948,461.0,5813.0,462.0997052906106,5812.220004571203,0.11375967413187027,1,0.8602246028763204,1.0890786542433986,106,control
2949,544.0,5840.0,543.4101110851276,5840.15005768191,0.1749074012041092,1,1.0728528635056154,0.19031766734948657,106,control
2950,621.0,5758.0,628.1603041691394,5758.7597648252895,0.10317932069301605,0,6.848733926907355,1.2756251771503702,106,control
2951,579.0,5761.0,580.7600605336509,5760.579837249467,0.12318027019500732,1,1.3744997930228686,0.8152872913619336,106,control
2952,450.0,5829.0,444.0,5826.0,0.10816195607185364,0,6.940354343714492,,106,control
2953,564.0,5833.0,564.0300661704796,5832.500005933662,0.21574950218200684,1,0.4169719686494874,0.2741488229508367,106,control
2954,545.0,5821.0,545.9102336854277,5820.239994954676,0.12312766164541245,1,0.702114285299178,0.5976761532842306,106,control
2955,522.0,5762.0,521.969822659389,5763.250388858932,0.10375769436359406,1,1.5964535636782484,3.3704014089990753,106,check
2956,587.0,5812.0,589.0903668826106,5811.2300227702135,0.12909509241580963,1,1.767939128480128,1.2224153632483619,106,control
2957,524.0,5827.0,524.1400563952803,5826.599887549987,0.1992538422346115,1,0.27309531418588723,0.5128368179171012,106,control
2958,664.0,5817.0,663.9995414169739,5816.400251848003,0.21651391685009003,1,0.5014993062256138,0.45831807296561083,106,check
2959,456.0,5792.0,455.9500346653277,5791.739994388537,0.18447346985340118,1,0.4432447377229843,0.21679857558426666,106,control
2960,514.0,5844.0,514.3599150041995,5843.659912569101,0.16463033854961395,1,0.05776541459368704,0.5187168699355786,106,control
2961,638.0,5939.0,637.6699032496726,5938.710086047663,0.10491767525672913,1,0.7137737732083711,0.40262237039955895,106,control
2962,570.0,5799.0,570.2300308537423,5798.789898738375,0.1506672352552414,1,0.17811844071375246,0.4116175408588477,106,control
2963,515.0,5866.0,513.7305658935354,5866.710113566101,0.2054348737001419,1,1.9362544010171348,1.0916245491356955,106,control
2964,479.0,5825.0,480.0,5828.0,0.162098228931427,0,3.3476141283100285,,106,check
2965,450.0,5913.0,453.0,5916.0,0.10839968919754028,0,4.204547590416754,,106,control
2966,500.0,5910.0,509.0,5907.0,0.10859227180480957,0,9.029406154596483,,106,control
2967,486.0,5844.0,484.0,5844.0,0.22189466655254364,1,2.4072387927815493,,106,control
2968,535.0,5810.0,535.9498583396122,5809.06998918454,0.16426555812358856,1,0.8508073829406722,0.5138278303419248,106,control
2969,665.0,5779.0,665.7000503558378,5778.570227061229,0.1779424250125885,1,0.34273944983531923,0.5943719415998487,106,check
2970,608.0,5765.0,609.0,5764.0,0.10416532307863235,1,0.9386007073295004,,106,control
2971,476.0,5887.0,475.8000021728058,5886.960106217092,0.29200464487075806,1,0.6396905559589174,0.4584045080000406,106,control
2972,466.0,5922.0,466.0,5921.0,0.1493929624557495,1,0.805447543560555,,106,check
2973,636.0,5837.0,638.1301942486703,5832.589757600411,0.1736932247877121,0,4.478149278758874,1.270483969835904,106,control
2974,592.0,5841.0,591.4998962182726,5840.65059404746,0.13451328873634338,1,0.8907625472217536,0.8834624421059643,106,control
2975,524.0,5923.0,524.0,5924.0,0.10700938105583191,1,1.3471175332458714,,106,control
2976,469.0,5911.0,469.5599712936986,5910.2000734598505,0.18211498856544495,1,0.5357109556147174,0.4716807479112294,106,control
2977,644.0,5820.0,644.2899090362644,5819.530699251817,0.2690024673938751,1,0.20973226312267104,0.8931096650734889,106,control
2978,673.0,5839.0,672.8401001868247,5839.190247108687,0.14414656162261963,1,0.7239079888335317,0.30451410543841134,107,control
2979,800.0,5879.0,799.5998810501866,5878.850208795299,0.14276573061943054,1,0.7950423243943843,0.829916165892959,107,control
2980,742.0,5821.0,741.0,5821.0,0.15708400309085846,1,1.4156538200789628,,107,control
2981,714.0,5831.0,712.9100003521501,5830.999988068184,0.1685437560081482,1,1.504104230207265,0.3690580424891101,107,control
2982,673.0,5808.0,672.859877252364,5807.929977800514,0.24456486105918884,1,0.5703538488802751,0.18889358583318658,107,check
2983,686.0,5812.0,691.0,5812.0,0.19135171175003052,0,4.620020002415889,,107,check
2984,695.0,5780.0,695.3600741595633,5779.430049957546,0.1316988170146942,1,0.2898283215078075,0.5330610238016564,107,control
2985,723.0,5873.0,723.0,5869.0,0.11173476278781891,0,3.738499266844622,,107,control
2986,691.0,5829.0,686.6000943681197,5830.299949708655,0.13663525879383087,0,5.04253837310343,1.2152097206641117,107,control
2987,726.0,5760.0,727.5900348771564,5759.690212008366,0.20880304276943207,1,1.1999173249313893,0.7997409539955478,107,control
2988,747.0,5756.0,747.7798923421944,5755.730365704189,0.12417439371347427,1,0.38957276904500376,0.2949245442199617,107,check
2989,673.0,5775.0,674.0301614960167,5774.839743364643,0.1503187119960785,1,0.6513257680722127,0.47882995332191913,107,check
2990,681.0,5766.0,681.9501912336698,5765.500264391834,0.22388412058353424,1,0.6002928112969812,0.4319674884520847,107,control
2991,770.0,5761.0,769.6400067116294,5760.95995242925,0.12136374413967133,1,0.7868680621503481,0.31095577852844625,107,control
2992,734.0,5777.0,735.1000606580487,5776.5101477505605,0.17250356078147888,1,0.7407678565515693,0.6688131808642562,107,check
2993,709.0,5813.0,703.4601053929813,5814.279666074857,0.19534513354301453,0,6.130431708934815,1.7869264348359755,107,control
2994,736.0,5763.0,737.4400539601821,5762.580059976686,0.17208276689052582,1,1.0591364284128508,0.9431349881655298,107,control
2995,722.0,5780.0,722.5000020853751,5779.940199098355,0.18433649837970734,1,0.24673685797771888,0.7205009405868145,107,control
2996,734.0,5820.0,728.0,5817.0,0.1034456416964531,0,6.942699527622014,,107,control
2997,691.0,5856.0,690.0001060605807,5856.200003130223,0.17803554236888885,1,1.4682191191838267,0.2219666505881505,107,check
2998,807.0,5815.0,800.0,5998.0,0.10496053844690323,0,183.42802010631777,,107,control
2999,733.0,5895.0,733.0701507334475,5894.91974835465,0.14235080778598785,1,0.37316183800207664,0.413595261562374,107,control
3000,778.0,5892.0,781.4302832263302,5891.909800033818,0.13548068702220917,1,3.0520251765503312,1.0603542229302445,107,control
3001,800.0,5894.0,801.0,5889.0,0.12441570311784744,0,4.761737318638448,,107,control
3002,726.0,5846.0,726.0,5842.0,0.13405047357082367,0,3.7390463512989878,,107,control
3003,751.0,5850.0,752.8299952976506,5849.069844612506,0.1194176897406578,1,1.5833635446428513,1.8055048410680008,107,control
3004,708.0,5843.0,707.2901302442483,5842.95030770683,0.15092593431472778,1,1.1212435604469333,0.22966957803531327,107,control
3005,687.0,5868.0,684.0702396236766,5868.2198836693215,0.1269860416650772,0,3.3539275259097705,0.6360977100724434,107,control
3006,694.0,5810.0,691.0,5812.0,0.1609548032283783,0,4.085486276939114,,107,control
3007,675.0,5865.0,671.0,5866.0,0.1235613003373146,0,4.570449122666792,,107,control
3008,384.0,6001.0,384.45995710164664,6001.310059771872,0.14346814155578613,1,0.6125327442533185,0.40989331136130924,109,control
3009,399.0,6016.0,401.9400650678869,6016.5697285765,0.10954853892326355,1,2.7001110967530817,1.6906739705278842,109,control
3010,416.0,6013.0,417.0,6013.0,0.1859896183013916,1,0.6846254778633907,,109,control
3011,394.0,6120.0,395.0,6119.0,0.18105371296405792,1,0.9371743568295317,,109,check
3012,359.0,6030.0,360.2199183324886,6030.580159472974,0.12661230564117432,1,1.214070500169125,0.7000809213954192,109,control
3013,397.0,5989.0,399.8098932925973,5988.839838948152,0.1157749816775322,1,2.429625513161563,0.6107899224415195,109,control
3014,382.0,5981.0,383.3199192024752,5980.600040076565,0.10149697959423065,1,0.9408492747827786,0.336221618127688,109,control
3015,426.0,6192.0,429.25002818846497,6191.780034004742,0.14983120560646057,1,2.8761556310109575,0.2288009054666113,109,control
3016,585.0,6139.0,588.1901212907326,6139.050161482254,0.16692419350147247,1,2.835177724386542,0.24850743016640092,110,check
3017,560.0,6120.0,562.3701009580445,6120.080715531405,0.10155424475669861,1,2.0279275638488103,0.4952771350442254,110,control
3018,538.0,6078.0,538.0899572881103,6078.290143372836,0.12972037494182587,1,0.6496800782705089,0.6363297676129125,110,control
3019,540.0,6044.0,542.790200946537,6043.519845374284,0.17058689892292023,1,2.4174494144908487,0.9312323050565573,110,check
3020,548.0,6142.0,551.0,6144.0,0.1458883285522461,0,3.4843254477785854,,110,control
3021,504.0,6104.0,505.910172636101,6103.729860461688,0.16267327964305878,1,1.5324293097344388,0.29698050259097714,110,check
3022,566.0,6094.0,566.9699590834011,6094.280127502876,0.12987907230854034,1,0.8226489773505947,1.336920951265831,110,check
3023,578.0,5995.0,578.6900171865414,5994.850092064168,0.1829705387353897,1,0.33815048374400936,0.4199815455717919,110,control
3024,579.0,6102.0,580.3001022352325,6102.220042824685,0.13783399760723114,1,1.0546322268267976,0.5960309089389294,110,check
3025,479.0,6130.0,482.1400418764432,6129.680019812691,0.2987644672393799,1,2.763103231385803,0.44533418337019826,110,control
3026,461.0,6062.0,464.7900924924128,6061.220372938243,0.10319136828184128,0,3.4441418628428457,1.1757560940567369,110,control
3027,484.0,6029.0,485.0,6030.0,0.19534777104854584,1,1.433946732012893,,110,check
3028,528.0,5992.0,530.1200671440868,5991.490017904604,0.17194582521915436,1,1.7512263772111503,0.6080373346303164,110,control
3029,626.0,6149.0,628.9100282575454,6148.760121582977,0.10083116590976715,1,2.5359088876640814,0.43364963549395863,110,control
3030,510.0,6084.0,512.5400031901283,6083.960071747403,0.2617071866989136,1,2.1760615712651834,0.43967197768443855,110,control
3031,557.0,6062.0,560.9804084114913,6061.920009399845,0.1550573855638504,0,3.6074295682723676,1.8031250084377937,110,control
3032,526.0,6115.0,528.5700428454628,6114.660076898509,0.29332998394966125,1,2.1933587709662876,0.23086598050605003,110,control
3033,496.0,6078.0,498.3298514852344,6078.139906713695,0.1883542686700821,1,1.9983142406434422,0.536452261000994,110,control
3034,497.0,6018.0,494.0,6018.0,0.1151374951004982,0,3.394477819058279,,110,control
3035,465.0,6112.0,467.28999356226507,6112.040038290449,0.26778170466423035,1,1.9411938443861374,0.22679849050128015,110,control
3036,501.0,6029.0,503.07991742553486,6028.649875487025,0.22834688425064087,1,1.6996503284542523,0.40710412794731,110,control
3037,452.0,6193.0,454.9000123230932,6192.909987094577,0.19777384400367737,1,2.533867841664231,0.20510446713002975,110,control
3038,564.0,6144.0,567.2398520308628,6144.050292861208,0.174472376704216,1,2.884670733230702,0.29009180676764,110,control
3039,445.0,6181.0,448.4901357680149,6181.0496709520685,0.22746208310127258,0,3.1341749237562753,0.48167897110481156,110,control
3040,487.0,6094.0,489.0,6094.0,0.18217650055885315,1,1.647934768231252,,110,control
3041,446.0,6169.0,447.7600421665275,6168.630234781006,0.19821330904960632,1,1.3862300171633342,0.6347958319678778,110,control
3042,453.0,6020.0,455.15997544583195,6019.209887814706,0.131800577044487,1,1.845501497614137,0.5145375686514484,110,control
3043,538.0,6028.0,539.6999905032828,6028.10982722115,0.35812050104141235,1,1.3787602680224502,0.23857752617625297,110,control
3044,500.0,6057.0,501.5300229866295,6056.869805622344,0.23370568454265594,1,1.161502922731481,0.4297631926577389,110,control
3045,530.0,6194.0,533.3500649183903,6193.500048357893,0.2180999368429184,1,2.983530847770075,0.5228977736182413,110,control
3046,490.0,6184.0,493.2700520383328,6183.5701700536665,0.15783922374248505,1,2.8986149659225853,1.0197557807173194,110,control
3047,656.0,6079.0,659.1799806061126,6079.199757929623,0.1283455640077591,1,2.844572708210814,0.5757480058772921,110,control
3048,464.0,5984.0,464.329973519395,5984.190043006562,0.13226909935474396,1,0.4870394381539101,0.8678042625322827,110,control
3049,562.0,5997.0,562.4499809399123,5997.159926457306,0.22402800619602203,1,0.45493502990744056,0.6315073597212081,110,control
3050,467.0,6043.0,468.2299766266802,6043.140162520353,0.2047935128211975,1,0.9537983436287051,0.5022794572910138,110,control
3051,493.0,6052.0,494.5801157229842,6052.110080376295,0.17577017843723297,1,1.2658604429438403,0.4541844125155197,110,control
3052,515.0,6146.0,517.4698855361196,6145.820191677838,0.1557018905878067,1,2.097014972994053,0.33390822822732324,110,control
3053,529.0,6124.0,531.8199132688139,6123.630106247045,0.16918188333511353,1,2.4443694309542354,0.21348388619581743,110,control
3054,650.0,6167.0,653.370063643363,6166.450316356499,0.10614056140184402,0,3.0079409650271796,1.5898985077914194,110,check
3055,536.0,6128.0,541.0,6127.0,0.19870123267173767,0,4.677337257481415,,110,check
3056,504.0,6187.0,511.0,6189.0,0.18425887823104858,0,7.0118247494130035,,110,control
3057,745.0,6090.0,746.9299446565824,6090.390121769441,0.10295720398426056,1,1.693576136562762,0.46097402591399766,111,control
3058,728.0,6032.0,715.0,6023.0,0.11698634177446365,0,15.96803285152925,,111,control
3059,678.0,6086.0,680.3096633059592,6085.559898506035,0.10630675405263901,1,1.9390399212689615,0.31426536087589896,111,control
3060,804.0,6019.0,800.0,6012.0,0.12133871763944626,0,8.020931935511786,,111,control
3061,799.0,6052.0,645.1902059457188,6125.499765907105,0.10592301189899445,0,170.93177671121526,2.0367675485429175,111,control
3062,750.0,6146.0,752.3800158124811,6145.840183580546,0.12038718909025192,1,2.0104636764474053,0.35733379767485934,111,control
3063,670.0,6098.0,672.4000130182183,6097.890053460696,0.11749517172574997,1,2.0313471397420795,0.24713535974726333,111,control
3064,726.0,6103.0,728.5697882355763,6103.609936692864,0.1099441647529602,1,2.369367886760398,1.0495589513717334,111,control
3065,776.0,6030.0,780.0,6027.0,0.14415545761585236,0,4.5289843011092445,,111,control
3066,724.0,6012.0,734.2897829603392,6012.540430148459,0.10596079379320145,0,9.944527897480858,3.6000009750934314,111,control
3067,699.0,6192.0,702.6700901814462,6191.300091564682,0.10390111804008484,0,3.324058547456855,1.0933169899895512,111,control
3068,708.0,6175.0,709.9100375378462,6174.690121856872,0.11808250844478607,1,1.5376755081679352,0.5733592450315078,111,check
3069,744.0,6015.0,745.4099652518291,6015.250053377853,0.21867382526397705,1,1.1600945700042202,0.4270695786209867,111,control
3070,686.0,6154.0,688.9701420379029,6153.900132902511,0.10763834416866302,1,2.603115762468606,0.4342988717346251,111,control
3071,759.0,6128.0,760.0299296819746,6129.500134596608,0.12142524123191833,1,1.8997095542266038,0.872394269385414,111,check
3072,750.0,6052.0,749.0,6052.0,0.14178134500980377,1,1.4061215790466988,,111,control
3073,669.0,6057.0,670.9098889885404,6056.83998478145,0.11021523922681808,1,1.5369092923335914,0.3938704287665586,111,check
3074,735.0,6045.0,737.6602001294409,6044.529828100312,0.1607844978570938,1,2.2899481777534203,0.920839702329461,111,control
3075,717.0,6024.0,715.0,6023.0,0.20153062045574188,1,2.4846701309410086,,111,control
3076,780.0,6012.0,782.3700317606961,6011.7201827243225,0.15342462062835693,1,1.991162183554626,0.8003987053982655,111,check
3077,695.0,6148.0,698.0,6146.0,0.16418784856796265,0,3.136121748572981,,111,control
3078,698.0,6163.0,701.3200916154116,6162.270177856287,0.11680013686418533,1,2.9801815107576677,0.8449551319792358,111,control
3079,775.0,6060.0,780.0,6054.0,0.11269781738519669,0,7.353800298770692,,111,control
3080,795.0,5994.0,809.0,6292.0,0.10939827561378479,0,298.5938157663042,,111,control
3081,535.0,6296.0,537.3499561418023,6295.349912456306,0.11793268471956253,1,2.0124525382874543,0.6682744936061595,114,check
3082,543.0,6362.0,540.4097824908057,6361.5404460575455,0.10495813935995102,1,2.961077014339003,1.144487942879346,114,control
3083,561.0,6216.0,562.9800079683064,6215.969864890143,0.15540671348571777,1,1.6288584933084338,0.33523637883444857,114,control
3084,453.0,6417.0,453.74007399846454,6416.420100375449,0.168674498796463,1,0.46854495433576715,0.6699270053477077,114,control
3085,510.0,6358.0,510.6300730386202,6357.459953059882,0.13348549604415894,1,0.35888820960393697,0.5392124062495811,114,control
3086,562.0,6290.0,563.1899887150067,6290.050157569475,0.12891927361488342,1,0.8897277746571168,0.36178763836737626,114,control
3087,463.0,6225.0,464.2802638623954,6225.089646867434,0.10045690834522247,1,0.986027078694708,0.8419495604260823,114,control
3088,556.0,6270.0,557.5299754528465,6270.1402022930715,0.15464390814304352,1,1.2382014308905749,0.657528454314297,114,control
3089,540.0,6260.0,542.0400144913115,6259.860138426544,0.19232428073883057,1,1.676387054064675,0.6634429321330662,114,control
3090,567.0,6199.0,569.0,6199.0,0.12386369705200195,1,1.6529093984817107,,114,control
3091,523.0,6402.0,522.4101216911857,6402.0700579949325,0.11728429794311523,1,1.0224167141580207,0.3859644276025624,114,check
3092,558.0,6253.0,560.0299946440804,6253.01013651387,0.16507652401924133,1,1.686629764431927,0.4877321585250836,114,check
3093,654.0,6202.0,656.2701500798772,6201.860040256014,0.1264604777097702,1,1.9039539139115198,0.5818294726816672,114,control
3094,536.0,6247.0,537.9600970657766,6247.2102629395185,0.10556431114673615,1,1.6668227719449227,0.3791844290019104,114,check
3095,522.0,6286.0,528.0,6287.0,0.18118734657764435,0,5.777250994244817,,114,control
3096,508.0,6211.0,511.2101447536438,6211.019501372522,0.1898108869791031,1,2.854292697580846,0.7284233083566749,114,control
3097,507.0,6223.0,508.0,6223.0,0.15664350986480713,1,0.6931189069555448,,114,control
3098,533.0,6213.0,535.7300050982149,6212.940097015046,0.20444360375404358,1,2.3687265437532643,0.33674910423549703,114,control
3099,519.0,6200.0,523.1297691965323,6199.560806585265,0.12426856905221939,0,3.759034630821082,0.9532674202108362,114,check
3100,569.0,6267.0,570.8199465417309,6266.320372611458,0.14110255241394043,1,1.5006367668347598,0.5581507245460213,114,control
3101,515.0,6291.0,516.2400972959557,6290.200300099849,0.14620216190814972,1,1.006086516997343,0.5945896880237945,114,control
3102,534.0,6276.0,535.049990588553,6276.040139048001,0.2185993641614914,1,0.7576696880376972,0.3308486416379474,114,control
3103,546.0,6221.0,549.5398851332395,6220.87993557192,0.16821327805519104,0,3.172278667516511,0.3267543361856385,114,check
3104,506.0,6289.0,514.0,6291.0,0.11856900900602341,0,7.968091354807869,,114,control
3105,599.0,6316.0,730.0,6322.0,0.12004540115594864,0,130.78526065906203,,114,control
3106,524.0,6245.0,527.0,6239.0,0.11153540015220642,0,6.2820791961703115,,114,control
3107,478.0,6205.0,485.0,6205.0,0.10246597975492477,0,6.63285830109705,,114,control
3108,505.0,6244.0,506.6700000299526,6243.980088903992,0.18186652660369873,1,1.3270523522817195,0.4332440531373651,114,control
3109,521.0,6356.0,520.9600241491273,6355.76026078749,0.1068011075258255,1,0.4105528948942159,0.7819102291309631,114,control
3110,530.0,6229.0,533.0,6230.0,0.20051810145378113,1,2.929105181719754,,114,control
3111,814.0,6338.0,812.789982261082,6339.139971611308,0.1574603170156479,1,2.1218900232580857,0.8717018868905988,115,control
3112,676.0,6216.0,678.5399846940195,6216.070203892723,0.13965880870819092,1,2.1981464044392647,0.6485175304625244,115,control
3113,677.0,6263.0,678.5100284968996,6262.77006851356,0.17664800584316254,1,1.1424355830017225,0.534341190552233,115,control
3114,697.0,6272.0,697.0,6272.0,0.10737349838018417,1,0.46708021139670874,,115,control
3115,694.0,6288.0,692.0,6288.0,0.15898504853248596,1,2.3851924931527977,,115,control
3116,695.0,6233.0,697.5900547635152,6232.540212595282,0.11800755560398102,1,2.2266332385779983,0.8037866537871268,115,check
3117,635.0,6504.0,633.0,6505.0,0.12272156774997711,1,2.689839978884617,,118,control
3118,478.0,6551.0,476.6802108507217,6550.360229144177,0.14926113188266754,1,1.7126142227049597,0.9656017557962068,118,control
3119,638.0,6580.0,639.1101416190993,6579.840416849331,0.11681190878152847,1,0.7662029218760755,0.43313553015268047,118,check
3120,495.0,6452.0,492.89029607427443,6452.769994142167,0.10857174545526505,1,2.693320881284685,0.8511896466557284,118,control
3121,639.0,6467.0,636.5100417544722,6467.6700689048375,0.1376703679561615,1,3.0084707728755644,0.6919462474957332,118,control
3122,499.0,6619.0,500.5699540842192,6619.300206970056,0.14455139636993408,1,1.3544913171769772,0.650041442807719,118,control
3123,551.0,6535.0,550.3699733628838,6535.190048309591,0.12526661157608032,1,1.101806979026377,0.3286801598711192,118,control
3124,629.0,6512.0,627.0,6512.0,0.11934627592563629,1,2.376847465602321,,118,control
3125,444.0,6476.0,442.7199056410555,6476.719960061596,0.19235312938690186,1,1.9335985302937042,0.5725856276519785,118,control
3126,512.0,6602.0,510.0,6604.0,0.11006021499633789,0,3.2917952285108525,,118,control
3127,449.0,6564.0,450.3502438956203,6564.150053640145,0.15433306992053986,1,1.0895985584696983,0.4090440150100317,118,control
3128,581.0,6636.0,582.2201079157767,6636.150165068248,0.19756710529327393,1,0.9744912092564558,0.34507178926968085,118,control
3129,660.0,6597.0,661.6300293531234,6596.760084461775,0.14877833425998688,1,1.2764437229569274,0.8281629621714358,118,control
3130,478.0,6614.0,477.6800066196111,6614.930090425388,0.15341012179851532,1,1.403955987738115,0.5590869622730388,118,control
3131,599.0,6523.0,599.0,6523.0,0.12376527488231659,1,0.4637816286045978,,118,control
3132,618.0,6599.0,615.6895227435765,6598.550210162612,0.11748728901147842,1,2.6701014407428185,0.8803778893661351,118,control
3133,513.0,6634.0,514.8502791894196,6633.810386409805,0.11501286178827286,1,1.4996071790530727,0.6847819483594761,118,control
3134,502.0,6424.0,501.0,6424.0,0.1594000905752182,1,1.3960163495492914,,118,control
3135,498.0,6580.0,498.4900166433399,6579.860065509894,0.16947287321090698,1,0.2073421299656629,0.5443998468480943,118,control
3136,612.0,6527.0,610.7200541258685,6527.599964443908,0.1380520910024643,1,1.8660819744938175,0.38861900406786376,118,control
3137,545.0,6633.0,551.0,6631.0,0.10182470083236694,0,5.896747215126884,,118,check
3138,474.0,6500.0,473.6599748151997,6500.199954141697,0.17288444936275482,1,0.8606387566907395,0.39759793600662025,118,control
3139,512.0,6458.0,511.06999044580465,6458.0700090064065,0.13230621814727783,1,1.3435684122350582,0.4133335238756436,118,check
3140,573.0,6572.0,573.7399891499999,6572.06009787127,0.18679775297641754,1,0.5230241047141765,0.4432161475446527,118,check
3141,649.0,6551.0,649.3400093402059,6550.890178081879,0.14789071679115295,1,0.18319814055630687,0.25660966902795185,118,control
3142,589.0,6618.0,589.4302581659277,6618.040064676609,0.12071255594491959,1,0.3441125341079933,0.6187011167853823,118,check
3143,466.0,6510.0,464.0,6512.0,0.13915689289569855,0,3.295727331792932,,118,check
3144,512.0,6474.0,510.73006084451254,6474.490231351523,0.11513195186853409,1,1.8117981773851948,0.4380968103840876,118,control
3145,457.0,6441.0,457.0,6441.0,0.19936862587928772,1,0.47112691121013006,,118,check
3146,602.0,6610.0,603.5899899948879,6609.940608757349,0.11700207740068436,1,1.2575138130898604,0.7184503864898869,118,control
3147,626.0,6551.0,626.33997215451,6551.200044293191,0.10068612545728683,1,0.4935966750353396,0.32136569519268704,118,control
3148,460.0,6467.0,460.3098833816642,6466.899905001248,0.1786130666732788,1,0.20631715807435794,0.5449660099385963,118,control
3149,586.0,6570.0,585.9500811313245,6570.360128451118,0.10402963310480118,1,0.7712326194407907,0.5292368546920619,118,control
3150,631.0,6443.0,629.0699095746119,6443.680006619611,0.13718847930431366,1,2.489380748903477,0.4814496389448536,118,control
3151,664.0,6619.0,666.7499479479044,6618.399965290957,0.18361201882362366,1,2.41597904313378,0.3852791470470638,118,check
3152,513.0,6539.0,514.0,6539.0,0.11712097376585007,1,0.707058637444632,,118,control
3153,661.0,6472.0,660.9701062424568,6472.170131846061,0.24649545550346375,1,0.6038378875561805,0.3982813839178849,118,control
3154,586.0,6533.0,585.6199312217213,6533.529947547451,0.13870127499103546,1,1.1069818509819922,0.664148213334456,118,control
3155,470.0,6479.0,470.1800032084788,6478.999891287905,0.28288790583610535,1,0.3501394574270522,0.6442613981451787,118,control
3156,660.0,6450.0,658.1899806314776,6450.16989194849,0.2973918616771698,1,2.219445655380704,0.27883107744593083,118,control
3157,487.0,6527.0,483.0,6530.0,0.10335708409547806,0,5.467267298059874,,118,control
3158,538.0,6561.0,537.9600517965515,6561.639863529846,0.17967601120471954,1,1.0179233363836389,0.8834327809097866,118,check
3159,470.0,6629.0,472.4999318202403,6628.470197024582,0.11505481600761414,1,2.156746482246524,0.7992439029961946,118,control
3160,654.0,6506.0,653.0,6507.0,0.13254722952842712,1,1.874628118283657,,118,control
3161,448.0,6534.0,447.9703646361368,6534.2798740897615,0.1618373990058899,1,0.699200331687218,0.3674456836611405,118,control
3162,666.0,6438.0,664.7599599050847,6438.2800996619735,0.14559905230998993,1,1.7001349791853044,0.15997923493284494,119,check
3163,784.0,6591.0,783.7100595325181,6591.530095967772,0.1493382602930069,1,1.0399158960349852,0.26374307358917165,119,check
3164,842.0,6637.0,838.4702736605326,6637.039539676734,0.1157141774892807,0,3.8942027391808813,1.0632945894615398,119,control
3165,680.0,6480.0,675.9101502917059,6480.8102578758435,0.10779208689928055,0,4.5835061379265465,0.5235893868847528,119,check
3166,669.0,6550.0,668.9600942852766,6550.289997475044,0.11035668104887009,1,0.7037242495096706,0.41631467322844634,119,control
3167,666.0,6540.0,661.0,6542.0,0.10143107920885086,0,5.826634908657285,,119,control
3168,711.0,6577.0,711.0197295317564,6577.010127362555,0.13952678442001343,1,0.449856597399733,0.7219253648586412,119,control
3169,777.0,6635.0,778.8900309228227,6634.769986316609,0.1056637316942215,1,1.5394105301025136,0.524833571172196,119,control
3170,742.0,6636.0,743.0,6636.0,0.11973955482244492,1,0.7095302999526766,,119,control
3171,675.0,6636.0,674.0,6637.0,0.11772977560758591,1,1.8707120819642353,,119,control
3172,773.0,6617.0,776.7000715034612,6618.440094994165,0.14596404135227203,0,3.7671013624123035,0.9022747907303391,119,control
3173,742.0,6563.0,743.0,6563.0,0.1265179067850113,1,0.7062883025841316,,119,control
3174,797.0,6522.0,798.5701502962935,6520.820212760969,0.1493879109621048,1,1.5076451361152072,0.7899880391212261,119,control
3175,772.0,6552.0,770.1503080565534,6553.789498230697,0.14677271246910095,1,3.028858218534563,0.8041654367330378,119,control
3176,827.0,6616.0,825.2898994334996,6617.750035512377,0.124285489320755,1,2.8973365867991263,0.29072759938401016,119,control
3177,754.0,6580.0,751.8198708445816,6580.950104994955,0.11013175547122955,1,2.8207685932894546,0.5601677876081073,119,control
3178,739.0,6553.0,635.1693962442603,6745.490270120948,0.10029099881649017,0,219.13340300960573,4.213062362667813,119,control
3179,734.0,6575.0,734.0,6576.0,0.14575369656085968,1,1.3367643041281674,,119,control
3180,774.0,6604.0,774.1601955860297,6604.520027003029,0.17556938529014587,1,0.8301369044167809,0.5075650004318005,119,control
3181,690.0,6458.0,687.0,6458.0,0.10152614861726761,0,3.3728899785830015,,119,control
3182,694.0,6522.0,696.2505095673355,6519.090313594349,0.11485768109560013,0,3.2320917100748887,2.263046191264189,119,check
3183,719.0,6603.0,718.0,6603.0,0.11124743521213531,1,1.3844365148265996,,119,control
3184,763.0,6564.0,760.8202498176794,6565.179718106176,0.16578304767608643,1,2.928732290473724,1.5144400242997322,119,check
3185,724.0,6541.0,724.279988233871,6541.109904115072,0.12647099792957306,1,0.4060249653282419,0.9869454549090948,119,control
3186,804.0,6555.0,803.0300383295771,6555.710005111978,0.2879685163497925,1,1.6572310507219552,0.4557287635128626,119,control
3187,760.0,6552.0,755.0,6554.0,0.11792173981666565,0,5.82363136059629,,119,control
3188,700.0,6441.0,697.720022372187,6441.810096197951,0.11081399768590927,1,2.8605488015514218,1.1527233029278345,119,control
3189,704.0,6617.0,699.0,6616.0,0.11593819409608841,0,5.400173689619403,,119,check
3190,832.0,6558.0,828.2597695621789,6554.759895007472,0.10830236971378326,0,5.0501196198578135,0.9772142754489522,119,control
3191,772.0,6520.0,769.7699929453956,6521.0599692728165,0.12676149606704712,1,2.9162960826873214,0.44735719276369307,119,control
3192,761.0,6526.0,767.0,6528.0,0.10676418244838715,0,6.089245323311464,,119,control
3193,701.0,6466.0,700.4101574866316,6465.800059051382,0.11487595736980438,1,0.953962641337513,0.9273759934443091,119,control
3194,778.0,6566.0,780.0,6565.0,0.12929685413837433,1,1.7932405289841151,,119,control
3195,787.0,6559.0,787.8207405413435,6559.390130662786,0.10763172805309296,1,0.8213222425249752,1.7969542106772045,119,control
3196,838.0,6611.0,839.3100015030458,6610.95017386984,0.18385803699493408,1,0.9862918539116856,0.1926771575600792,119,check
3197,668.0,6564.0,667.9399604620489,6564.299990871623,0.11280800402164459,1,0.7232263477607849,0.26472888326539135,119,control
3198,791.0,6603.0,793.4098313503459,6603.260049425946,0.16950467228889465,1,2.128305386529077,0.4228689364015517,119,control
3199,808.0,6534.0,807.0599124587325,6534.570403451437,0.15461795032024384,1,1.552816282430732,0.7025404523253224,119,control
3200,793.0,6549.0,790.7893209661809,6550.010482858978,0.12308541685342789,1,2.87490777752163,0.9014630281817417,119,control
3201,679.0,6446.0,709.0,6313.0,0.10024525970220566,0,135.98118621668968,,119,control
3202,679.0,6446.0,679.0603009056093,6445.64041491588,0.15644589066505432,1,0.3087577715865194,0.8887824634819218,119,control
3203,697.0,6615.0,698.8601291462431,6615.029985234794,0.1477840542793274,1,1.540453127042995,0.7176507064298222,119,control
3204,821.0,6602.0,812.9499418623195,6605.439991649591,0.12031661719083786,0,9.191597813491075,0.7625688797797009,119,control
3205,816.0,6563.0,820.0,6562.0,0.27963364124298096,0,3.715053033324418,,119,check
3206,469.0,6769.0,470.3198767782429,6768.920038824475,0.1948678195476532,1,0.9957958625956437,0.3183351780840947,122,control
3207,607.0,6805.0,608.0,6806.0,0.10582121461629868,1,1.4524072913063322,,122,control
3208,649.0,6781.0,650.4600194767306,6780.810194303987,0.20731467008590698,1,1.1182123033005438,0.20559173710427656,122,check
3209,605.0,6726.0,603.0,6727.0,0.12259147316217422,1,2.6834544632200323,,122,control
3210,493.0,6705.0,495.0801534748197,6704.840015144881,0.1806126832962036,1,1.7340846373268988,0.2483841821132448,122,check
3211,524.0,6689.0,524.9401487195797,6688.879996427769,0.10760614275932312,1,0.6147001520422756,0.36008859982227653,122,control
3212,476.0,6778.0,478.0098780556972,6777.8901304191095,0.1426962912082672,1,1.6721954768380436,0.23962087774785704,122,control
3213,536.0,6683.0,538.1899675673833,6683.18028963654,0.22142496705055237,1,1.8990785807119346,0.6541973884842969,122,control
3214,513.0,6722.0,516.090048829854,6721.570278765762,0.14146782457828522,1,2.742297172863626,0.5061903268159503,122,check
3215,482.0,6726.0,482.1402142248869,6726.380024899304,0.241476908326149,1,0.7133757017854954,0.562015197636918,122,check
3216,486.0,6859.0,486.6700478861994,6858.560355698811,0.19477513432502747,1,0.3525363032052281,0.5928525463483137,122,control
3217,563.0,6662.0,566.0,6662.0,0.16202974319458008,1,2.6637523153424736,,122,control
3218,599.0,6693.0,602.4499479249664,6693.35019086533,0.16261522471904755,0,3.165483872660431,1.2554129417856665,122,control
3219,587.0,6817.0,588.0800846644278,6816.300278496456,0.1786136031150818,1,0.8369766223322718,0.7644688098747311,122,control
3220,538.0,6703.0,546.1603789274881,6700.960828561319,0.11396468430757523,0,8.000657742160705,4.592583708772191,122,control
3221,636.0,6834.0,637.2399195799903,6833.570162163616,0.17728212475776672,1,0.9052943022510002,0.4975273571945747,122,control
3222,590.0,6649.0,590.0000372501888,6649.6602664817965,0.120720274746418,1,1.0193189573770804,0.5921391458574041,122,control
3223,628.0,6766.0,629.400056703715,6765.5899220588035,0.19196408987045288,1,1.0586331598967251,0.2351742502253428,122,control
3224,627.0,6794.0,628.1999157592296,6793.600156743204,0.23664316534996033,1,0.8597940529090873,0.3808898825145148,122,control
3225,460.0,6846.0,461.25990352815484,6845.720031652488,0.1505734920501709,1,0.9142029154873158,0.5505793459820285,122,control
3226,598.0,6767.0,600.6499020666638,6766.69021605013,0.14468541741371155,1,2.302025767852625,0.6762981225729303,122,check
3227,537.0,6842.0,538.3200692065237,6841.380442577333,0.18387824296951294,1,1.025670479675739,0.5896845965039802,122,check
3228,526.0,6707.0,528.5701874174968,6706.540213856547,0.10851322114467621,1,2.224646080508725,0.6226474259110373,122,control
3229,525.0,6801.0,525.0,6801.0,0.13083882629871368,1,0.45919634882255184,,122,control
3230,496.0,6648.0,495.70967764993475,6648.439952005859,0.1489942967891693,1,0.9813552721273237,0.9699154296899813,122,control
3231,461.0,6804.0,463.24004022390085,6803.660165724245,0.17520251870155334,1,1.892570308303535,0.31923017284597943,122,control
3232,447.0,6663.0,449.5800427418422,6662.689945531157,0.11830880492925644,1,2.2259227516234756,0.5174920562805102,122,control
3233,465.0,6833.0,466.8900655214969,6832.45025272015,0.22553469240665436,1,1.5630820503717084,0.6355552437829037,122,check
3234,493.0,6818.0,494.81001539125066,6817.860107934127,0.2568340003490448,1,1.4721104338141424,0.39452581814554893,122,control
3235,583.0,6671.0,586.22992776714,6671.420559151953,0.12652447819709778,1,2.965648342433141,0.5662059698540459,122,control
3236,545.0,6810.0,545.3398674196865,6809.990041202095,0.17121265828609467,1,0.2897902682900842,0.568199398609548,122,control
3237,594.0,6702.0,596.9700372385867,6701.719997118306,0.12114105373620987,1,2.6192956991374925,0.8005437562890321,122,control
3238,518.0,6810.0,520.1400339863925,6809.710152271034,0.13779178261756897,1,1.7931387971275403,0.4703417178997525,122,control
3239,490.0,6789.0,492.73002233305925,6788.810097523708,0.25343745946884155,1,2.3845003208528897,0.5996024757953984,122,control
3240,658.0,6846.0,659.3898314930943,6845.23017946754,0.19286999106407166,1,1.1486938145210641,0.5979732099697594,122,control
3241,574.0,6697.0,577.9302352553932,6696.080661110865,0.11451461166143417,0,3.632694329307164,1.3004697104949392,122,control
3242,540.0,6665.0,539.0,6664.0,0.15573038160800934,1,1.5241987434356499,,122,control
3243,469.0,6719.0,471.03024906048853,6719.149878640187,0.23365351557731628,1,1.7385468317199684,0.5450878091635281,122,control
3244,572.0,6652.0,572.8699421753419,6652.4399810435325,0.1833944022655487,1,0.8998526071127759,0.5326938513500022,122,check
3245,613.0,6828.0,614.399909609152,6827.6700504087285,0.2864994406700134,1,1.0553319457848542,0.38641351653481437,122,control
3246,589.0,6783.0,589.2603171644196,6782.600043860359,0.12000967562198639,1,0.134468713811595,1.2898487610790441,122,control
3247,574.0,6825.0,575.449901329984,6824.78979141653,0.17952880263328552,1,1.1077716115332383,0.631997510657021,122,control
3248,661.0,6806.0,662.2700373905102,6805.710036930152,0.2641601860523224,1,0.9245243633746809,0.22462181190931071,122,control
3249,465.0,6731.0,467.5100286258852,6730.710333899778,0.193294495344162,1,2.1591013070440668,1.168142436771679,122,control
3250,520.0,6841.0,521.0596920605636,6840.379733490678,0.24411916732788086,1,0.782205593285193,0.476003610823767,122,control
3251,610.0,6858.0,608.6005927883563,6852.569831727595,0.15868283808231354,0,5.4208156054328915,3.3500699438437573,122,control
3252,611.0,6685.0,613.5405018038433,6685.140351845671,0.10061237215995789,1,2.2320980294119446,0.8158545758171669,122,check
3253,616.0,6730.0,618.0,6731.0,0.11760273575782776,1,2.0984535892397918,,122,control
3254,679.0,6781.0,680.129901256316,6780.799748953169,0.15615029633045197,1,0.7890121196073324,1.0636232508228904,123,control
3255,742.0,6724.0,745.6699165072453,6723.610086438941,0.1427467167377472,0,3.323236313249737,0.8629030976660178,123,control
3256,842.0,6742.0,844.5503202004638,6741.48048050403,0.19821418821811676,1,2.2163687554881117,0.9719305922631464,123,control
3257,850.0,6775.0,829.0,6553.0,0.12826098501682281,0,222.7415982999641,,123,check
3258,708.0,6714.0,710.0,6714.0,0.12375611811876297,1,1.6765210437845908,,123,check
3259,672.0,6810.0,673.2500043248343,6809.960033300443,0.2731225788593292,1,0.9397956137353266,0.257587796058924,123,control
3260,821.0,6754.0,822.1097503272297,6759.880007227305,0.16620194911956787,0,6.2141755981668805,1.5397967175723568,123,control
3261,752.0,6725.0,756.0,6724.0,0.10007408261299133,0,3.7204187808991667,,123,control
3262,731.0,6734.0,733.8601770669828,6733.580384722723,0.10390570014715195,1,2.515608847994939,0.666097414558833,123,control
3263,668.0,6832.0,660.0,6831.0,0.12885327637195587,0,8.374182490858681,,123,control
3264,717.0,6703.0,720.2301635584537,6702.730168037372,0.13490033149719238,1,2.880861878049801,0.7161678933773062,123,control
3265,679.0,6792.0,680.8200339127245,6791.720109807673,0.18353715538978577,1,1.4741679870297528,0.3670311320996142,123,control
3266,714.0,6814.0,714.8598852714003,6813.84011072839,0.11610767245292664,1,0.5320425940777402,0.2988773786634523,123,control
3267,680.0,6802.0,681.7500513569706,6801.619968342925,0.186055988073349,1,1.407220545643042,0.23767450163098483,123,control
3268,709.0,6791.0,710.3600198680085,6790.810181046415,0.17422042787075043,1,1.0195375759437697,0.22213617403934885,123,control
3269,711.0,6767.0,712.9000030427924,6766.979986820683,0.1667211502790451,1,1.5769600837706295,0.4064730632548271,123,check
3270,839.0,6719.0,838.369962692333,6720.299915303459,0.16215229034423828,1,1.8627708739485378,0.6000221012201649,123,check
3271,829.0,6762.0,830.7899916058756,6762.040104578312,0.1012771725654602,1,1.4809339233064207,0.7655621978982705,123,control
3272,702.0,6859.0,702.2304035205176,6858.920175119502,0.1295279562473297,1,0.2412898323660115,0.32234661986581464,123,control
3273,697.0,6798.0,698.310147142866,6797.939780094569,0.15999725461006165,1,0.9923376345805249,0.20491537758942552,123,control
3274,827.0,6743.0,829.3401062494714,6743.100446324425,0.14590373635292053,1,2.030910608575274,0.9940012949559603,123,control
3275,679.0,6848.0,679.7100250628293,6847.790094950449,0.29534414410591125,1,0.37610539093921147,0.2963281169731166,123,control
3276,704.0,6783.0,703.9095059091853,6781.700106166628,0.15402144193649292,1,1.0980014898940205,2.3129253942459607,123,control
3277,715.0,6737.0,714.5798318819452,6738.309806616729,0.20023982226848602,1,1.775959726720129,0.7001676863087393,123,control
3278,721.0,6788.0,722.6501696761518,6787.759825874616,0.17641034722328186,1,1.3055485116607084,0.2350156233713052,123,check
3279,688.0,6828.0,689.609951147208,6827.379946808611,0.23112592101097107,1,1.3071094850865081,0.40283301584017356,123,control
3280,705.0,6829.0,706.2595205132925,6828.550285730775,0.2102845013141632,1,0.9288247870717077,0.701857905293483,123,control
3281,597.0,6998.0,595.8499846778298,6998.119979644108,0.2161424309015274,1,1.545889883340638,0.2566199923038979,126,control
3282,550.0,6990.0,549.1698654978372,6989.9801512790755,0.1942758858203888,1,1.2023219200288884,0.43154307677610765,126,control
3283,646.0,6902.0,646.2200561467507,6901.570030849155,0.28821781277656555,1,0.18062358027998696,0.222713641689242,126,control
3284,569.0,6950.0,568.4701427975207,6949.850331961738,0.14322584867477417,1,0.883055043105646,0.27754396108383017,126,control
3285,622.0,6900.0,621.740273800854,6900.0893101250895,0.17306272685527802,1,0.715115517621302,0.6133350446191881,126,control
3286,469.0,7073.0,468.5999910235463,7073.050079349797,0.23114831745624542,1,0.8175942514586353,0.21913142203931196,126,check
3287,639.0,6966.0,638.199899721157,6965.779890887452,0.21147221326828003,1,1.1415163297044724,0.216092974589747,126,control
3288,589.0,6943.0,588.4900206206117,6942.830065627278,0.24405062198638916,1,0.860112521788131,0.3182113966678326,126,control
3289,458.0,6910.0,457.66017115625954,6909.660225318828,0.12056819349527359,1,0.6839904696565865,0.41936395073795346,126,control
3290,492.0,7078.0,491.0899851290128,7078.080144194519,0.1851465255022049,1,1.3037370050657369,0.24703773665876488,126,check
3291,456.0,6981.0,455.1900231846954,6980.790158586798,0.11339810490608215,1,1.1541259340888155,0.9060948818340796,126,control
3292,494.0,7021.0,493.0,7021.0,0.1300995945930481,1,1.3721683768941408,,126,control
3293,641.0,6930.0,640.3900369209767,6929.710052839239,0.22714586555957794,1,0.950339403360179,0.19751999856637278,126,control
3294,629.0,6981.0,628.3100927223255,6981.37964579722,0.17709322273731232,1,1.2313405655098122,0.5559736957640997,126,control
3295,581.0,6920.0,580.7400407900403,6919.699966704145,0.2661512792110443,1,0.6014107412791828,0.2121131991230639,126,control
3296,619.0,7064.0,618.530019202836,7063.8102035842885,0.20421826839447021,1,0.8121330533013823,0.6974118156690333,126,control
3297,641.0,7068.0,640.2698969247335,7067.740165475715,0.23304317891597748,1,1.0651247792489922,0.327196411702895,126,check
3298,472.0,6931.0,472.410169418447,6930.710059403533,0.14308951795101166,1,0.0694741056264087,0.4425259090144458,126,check
3299,452.0,7015.0,451.22002571882655,7014.770162642325,0.1491052806377411,1,1.1213052057785744,0.5607030043641249,126,control
3300,534.0,7072.0,535.0,7073.0,0.20490390062332153,1,1.4628044142578263,,126,control
3301,638.0,6944.0,637.6203196685982,6943.599959011894,0.17667566239833832,1,0.7267795117745937,0.35669032582259935,126,control
3302,585.0,7014.0,583.7600208899186,7013.820101461852,0.21497786045074463,1,1.5818711405186099,0.1929611013082124,126,control
3303,632.0,7055.0,631.8300577372273,7054.540111837731,0.24623046815395355,1,0.5300676038171421,0.6724799873041167,126,control
3304,473.0,6880.0,473.22014099521533,6879.930033353333,0.16695769131183624,1,0.2646112625543213,0.5133539718476643,126,control
3305,658.0,7023.0,656.9101686588292,7022.759860344305,0.2102099508047104,1,1.4270745174276325,0.272560225449205,126,control
3306,466.0,6864.0,466.97004260610845,6863.650129967927,0.28700825572013855,1,0.6265836211247874,0.2710643815780969,126,control
3307,600.0,6868.0,600.4898974541721,6867.700327374612,0.24624386429786682,1,0.1464052009669702,0.4638159519509358,126,control
3308,505.0,6974.0,504.21000448134544,6973.960027997414,0.14667552709579468,1,1.1602025898937791,0.40152977569435144,126,check
3309,450.0,7040.0,449.59006795659514,7039.470080293451,0.168911412358284,1,0.7803072489799244,0.37284103347954445,126,control
3310,602.0,6902.0,601.420024871778,6901.800056464361,0.2560548484325409,1,0.9272035241897577,0.609693563933371,126,control
3311,446.0,6925.0,446.22004149892814,6924.70989772564,0.10723534226417542,1,0.12361970201852124,0.4595265994906184,126,control
3312,470.0,6951.0,470.430069908397,6950.460059120463,0.11841484904289246,1,0.251605891064343,0.45710441708091404,126,control
3313,609.0,7038.0,608.6596896484035,7037.409680343004,0.13742868602275848,1,0.7362143918731155,0.4877722367170052,126,check
3314,489.0,6890.0,489.3500358807161,6889.6603128833,0.16554290056228638,1,0.03721637462654679,0.2961802096531163,126,check
3315,569.0,6998.0,568.4600380373322,6997.670194851777,0.19472470879554749,1,0.8786246615141731,0.40491962235760265,126,check
3316,551.0,7029.0,549.0,7031.0,0.14129513502120972,0,3.280296361174949,,126,check
3317,646.0,6887.0,645.8799659998448,6886.259983073591,0.26444265246391296,1,0.6408498011962913,0.20123604167177894,126,control
3318,527.0,6866.0,525.0,6865.0,0.15932942926883698,1,2.4463962250299516,,126,control
3319,649.0,6978.0,647.5400098189147,6977.910071943042,0.2223309725522995,1,1.8100486568440035,0.28161623407407854,126,control
3320,590.0,7029.0,588.9901525657053,7028.820135867048,0.2183811217546463,1,1.3518070198634708,0.35092902278903015,126,control
3321,516.0,6874.0,516.4802380194371,6874.219938025369,0.10596072673797607,1,0.5390430571302858,0.8745074253948663,126,control
3322,654.0,7049.0,653.139999452211,7049.000018560601,0.21901461482048035,1,1.2315077871446927,0.24085971716800092,126,control
3323,548.0,7005.0,544.0,7005.0,0.16148938238620758,0,4.3486254625254555,,126,control
3324,526.0,6966.0,525.5600442748406,6965.620208304988,0.15882037580013275,1,0.7838576535381162,0.609950549646356,126,control
3325,529.0,6925.0,528.760012935375,6924.880101227085,0.1432037502527237,1,0.6095242802212576,0.31903026716781274,126,control
3326,607.0,6965.0,605.8800138560916,6964.840249868409,0.21413178741931915,1,1.4657915015017857,0.30837897609790066,126,control
3327,502.0,6925.0,502.3799867103142,6924.030315412844,0.10665256530046463,1,0.6679448363234414,0.9261288332679879,126,control
3328,559.0,6908.0,560.0,6907.0,0.14669591188430786,1,0.9604701262945522,,126,control
3329,580.0,7063.0,577.0,7062.0,0.21386824548244476,0,3.4077198731339173,,126,control
3330,692.0,6998.0,691.4700127443238,6997.890062740997,0.16330687701702118,1,0.8864070150297912,0.36147269914837343,127,check
3331,676.0,6951.0,675.2099741824068,6951.100425176803,0.11735475808382034,1,1.196484759345263,0.4719452282366052,127,control
3332,702.0,6959.0,701.0,6958.0,0.19808544218540192,1,1.5129892208260405,,127,control
3333,680.0,7011.0,678.9801459760469,7010.870134345651,0.1624101847410202,1,1.3663771434977345,0.4981633977822998,127,control
3334,720.0,6921.0,719.6700344351485,6920.749957228205,0.12846426665782928,1,0.6712218856193445,0.3178861490101371,127,control
3335,833.0,7057.0,823.1900947110946,7062.2800280065885,0.10945361852645874,0,11.57142869320894,0.46669806667756336,127,control
3336,830.0,7078.0,829.2298081910155,7077.440024858015,0.14558562636375427,1,1.1345238181345227,0.29514110017412315,127,control
3337,838.0,7004.0,836.6100282346073,7003.71034715735,0.1210334300994873,1,1.724911152816488,1.119807516525879,127,control
3338,689.0,7021.0,688.3601722656005,7020.690052853001,0.19886474311351776,1,0.9757753906453948,0.47776227604669413,127,control
3339,679.0,6930.0,678.0702490974556,6930.060282022544,0.11722952872514725,1,1.3184952187143308,0.3934032887783869,127,control
3340,762.0,7052.0,762.0,7052.0,0.15009814500808716,1,0.44397741625173903,,127,control
3341,751.0,7077.0,750.3002536295311,7076.96057805769,0.11847227811813354,1,1.0632929195970409,1.5943272000889146,127,control
3342,667.0,7054.0,665.9500148434615,7053.860126494728,0.1919603943824768,1,1.3935291958285956,0.39730105123960124,127,control
3343,695.0,6984.0,693.6000335122714,6983.700213294995,0.30084019899368286,1,1.7373747361296548,0.24065566261298973,127,control
3344,732.0,6937.0,731.2300533916157,6936.619899403547,0.1561727374792099,1,1.1124054691273422,0.3007517591487132,127,check
3345,847.0,7022.0,844.7899782838102,7022.169971493925,0.18713431060314178,1,2.5851243521543115,0.341591590185534,127,control
3346,713.0,7014.0,712.2303198688247,7013.609907268233,0.15523916482925415,1,1.1096815016510684,0.4838203933717846,127,control
3347,713.0,6942.0,724.7800833157326,6941.2605040317,0.1173659935593605,0,11.449871719362816,1.21650258568173,127,control
3348,688.0,6879.0,689.3199431305986,6878.390173473975,0.1375223845243454,1,1.0275863598672306,0.7062510179774609,127,control
3349,724.0,7060.0,723.7098434985777,7060.130222283051,0.13841775059700012,1,0.7548222723202214,0.914721500304964,127,control
3350,802.0,7021.0,801.3597161406107,7021.159906699932,0.11699500679969788,1,1.0740131962234563,0.9400121499891506,127,control
3351,806.0,7043.0,801.3698314423643,7045.289911429808,0.2253061830997467,0,5.59462038618172,1.2019605480943907,127,control
3352,669.0,6926.0,668.7299081889495,6925.7298287725,0.1875983625650406,1,0.6108302237022286,0.2827883531830326,127,control
3353,822.0,7042.0,818.4301138518649,7044.0404584910075,0.10892283916473389,0,4.5462199714318965,1.139328127502683,127,check
3354,666.0,7029.0,664.8404861111725,7029.220523881092,0.13333658874034882,1,1.5822379533658062,0.3410367019740137,127,control
3355,670.0,6896.0,671.5600879603373,6895.320076903096,0.13614922761917114,1,1.2778984324986757,1.7663386850340579,127,control
3356,691.0,6865.0,691.2104022730159,6864.93017242886,0.1367797702550888,1,0.2601788105133202,0.8892157375835592,127,check
3357,806.0,7050.0,802.0,7044.0,0.11719963699579239,0,7.167411043706728,,127,control
3358,849.0,7058.0,845.0,7059.0,0.2067781537771225,0,4.520218754092434,,127,control
3359,791.0,7025.0,790.6599258266739,7024.540085387079,0.10342495143413544,1,0.6953575800505664,0.4295132762691419,127,check
3360,705.0,7019.0,703.7600089581033,7018.910101109702,0.19100123643875122,1,1.589043587209741,0.3938804878154939,127,check
3361,828.0,7068.0,826.8693736834489,7067.610495030148,0.22925221920013428,1,1.4662471091768128,0.6730960827920194,127,control
3362,687.0,6958.0,685.8200285452026,6957.789976958053,0.19830313324928284,1,1.5209771216241919,0.5207764870041269,127,control
3363,666.0,7076.0,665.0297281023785,7076.049995956075,0.16843236982822418,1,1.3494398990065466,0.49423312266271796,127,control
3364,697.0,6915.0,697.4894837534146,6914.850182473632,0.10192965716123581,1,0.20755560744573423,0.6301972681445714,127,control
3365,835.0,7030.0,833.7298777610253,7029.92996056567,0.1512874960899353,1,1.6188948907343794,0.16940112486931339,127,control
3366,700.0,7067.0,704.4702251234562,7064.17059977388,0.12155495584011078,0,4.850847486091276,1.1486993401354102,127,control
3367,719.0,6962.0,718.3298011709513,6961.490037919949,0.16325807571411133,1,1.0312072774006338,0.5244205990054043,127,check
3368,696.0,7077.0,698.7192523006979,7083.5304715440325,0.19421356916427612,0,7.231536230836321,2.0596496816151384,127,control
3369,676.0,6905.0,672.7296705559362,6904.669158303079,0.1936918944120407,0,3.611591468045218,1.1601867740935927,127,control
3370,806.0,7064.0,805.7500566599996,7063.579968499435,0.1683025360107422,1,0.5967034145605251,0.6046538100341916,127,check
3371,646.0,7090.0,645.7900061892054,7089.930105008718,0.2041579931974411,1,0.5893826388516923,0.44279968886862836,130,control
3372,579.0,7303.0,580.0100000898577,7302.940266711976,0.12292826175689697,1,0.7273892004464444,0.5151977570906457,130,control
3373,471.0,7112.0,470.4700272631608,7111.809930478294,0.19450625777244568,1,0.87203767263681,0.27686089226763744,130,control
3374,535.0,7084.0,535.2798981468702,7083.760034147491,0.16089840233325958,1,0.08369876971873855,0.6698274469902485,130,control
3375,491.0,7256.0,492.09022641683396,7256.260151315777,0.1255468875169754,1,0.9502630019531888,0.5394013381151289,130,control
3376,572.0,7281.0,572.8402618002247,7281.029986496059,0.18632355332374573,1,0.6132398563477184,0.20970406519056015,130,control
3377,464.0,7257.0,466.9800664306113,7256.470131997984,0.13130107522010803,1,2.661320912401145,0.5979775998575583,130,check
3378,496.0,7225.0,496.630001512221,7224.970083640091,0.25770923495292664,1,0.40867832282984506,0.2976105394011073,130,control
3379,576.0,7249.0,578.1198669547406,7249.000011996308,0.17762726545333862,1,1.8182160386820518,0.46206300645344545,130,control
3380,513.0,7091.0,512.0096474384269,7090.600256303984,0.1245906800031662,1,1.3285396176295141,0.18631188697191936,130,control
3381,619.0,7092.0,618.6100201510782,7091.8300815363655,0.25459080934524536,1,0.735022595488813,0.24897527491249075,130,control
3382,587.0,7178.0,587.3997505827738,7177.840178406503,0.12569892406463623,1,0.1582487813153542,1.3247333292006807,130,control
3383,474.0,7297.0,478.2803316050011,7296.519914249169,0.16705527901649475,0,3.957943489904039,0.7311149904142763,130,control
3384,517.0,7259.0,519.1800364813959,7258.690157652318,0.24006332457065582,1,1.8527121975453542,0.3151303903044823,130,control
3385,625.0,7118.0,625.3203061946092,7117.739786115661,0.11491827666759491,1,0.04116917547379318,0.3751936612680298,130,control
3386,629.0,7100.0,628.3298768036079,7099.890172843342,0.21357835829257965,1,1.0209053693961097,0.19857013739550444,130,control
3387,508.0,7249.0,509.24002822759275,7248.780032678986,0.21170078217983246,1,0.9162158771766737,0.13404977746469554,130,control
3388,556.0,7093.0,555.1505126101279,7093.070300415032,0.15364301204681396,1,1.240936570055784,0.5148843538565097,130,control
3389,583.0,7152.0,583.7599890717444,7152.0601005227845,0.18854132294654846,1,0.5610413335792099,0.4541216313515082,130,control
3390,577.0,7145.0,578.0596153601209,7144.870129300593,0.1327134072780609,1,0.7480337419920786,0.642096024767525,130,control
3391,581.0,7270.0,582.769939979598,7269.430100400814,0.17775775492191315,1,1.4682239254715774,0.5405451886493553,130,control
3392,544.0,7255.0,546.000298101905,7254.839610724425,0.20857663452625275,1,1.6793012364711266,0.33770763893282846,130,control
3393,588.0,7250.0,588.0,7251.0,0.11879641562700272,1,1.3430957792564064,,130,control
3394,455.0,7087.0,454.65001330128797,7086.909953950646,0.19734309613704681,1,0.7189580609103042,0.27698526702492765,130,check
3395,556.0,7265.0,557.2001370961991,7264.960030584435,0.28247126936912537,1,0.9125959713836491,0.1877489106149874,130,check
3396,444.0,7097.0,443.54012509530344,7097.0699426540505,0.1639028638601303,1,0.8800597244767514,0.20389296859397743,130,check
3397,542.0,7218.0,544.4101136721494,7218.159925067056,0.18767182528972626,1,2.132426468271296,0.6735782575767246,130,control
3398,578.0,7126.0,577.1401668200895,7126.59068695625,0.15783295035362244,1,1.4893219488829719,1.818202964930368,130,control
3399,511.0,7281.0,512.2400135797701,7280.919899555471,0.30041539669036865,1,0.9411767751477177,0.13047358705325582,130,check
3400,586.0,7111.0,586.0700064838774,7110.890274862159,0.15412774682044983,1,0.32536560898243994,0.4242086634335483,130,control
3401,513.0,7197.0,512.609397174152,7205.470328532522,0.1055719405412674,0,8.805334585206142,0.9908203436798118,130,control
3402,558.0,7166.0,347.819816488534,7337.360103390716,0.14752396941184998,0,271.63361124920505,1.1412377675984133,130,control
3403,608.0,7253.0,611.2601580735485,7252.800039165024,0.13034704327583313,1,2.9353590316707026,1.4422151853803375,130,check
3404,556.0,7273.0,557.0,7266.0,0.12748274207115173,0,6.729551575755552,,130,control
3405,529.0,7226.0,531.2001410089781,7224.959898008709,0.25729814171791077,1,2.010705169885661,0.8258950319906033,130,control
3406,593.0,7089.0,592.0,7089.0,0.24008230865001678,1,1.367410862184103,,130,check
3407,508.0,7111.0,507.43990547536913,7110.700055594374,0.19426505267620087,1,0.894029977395352,0.09580285467672756,130,check
3408,518.0,7157.0,519.5199237874411,7156.53019944133,0.11701520532369614,1,1.1995601227812387,0.9418667333293022,130,control
3409,531.0,7165.0,531.770380131008,7166.110113391241,0.1667497456073761,1,1.4809409968221283,0.8025390944758172,130,control
3410,664.0,7110.0,664.8700789218178,7109.320383153023,0.1823425441980362,1,0.6596062363223488,1.1803566875272418,130,control
3411,506.0,7184.0,507.64042312839433,7183.760230101594,0.1106361374258995,1,1.311340282092301,0.8692704836143429,130,control
3412,541.0,7173.0,541.8900018206557,7172.960118148907,0.22183454036712646,1,0.618355901383691,0.5085055062060833,130,control
3413,537.0,7135.0,536.6401048176666,7134.2199553247065,0.19499406218528748,1,0.8405117223723694,0.8404877493994202,130,control
3414,792.0,7113.0,791.0,7113.0,0.13918983936309814,1,1.362399412350626,,131,control
3415,751.0,7197.0,752.0,7197.0,0.15642611682415009,1,0.7343926499220556,,131,control
3416,827.0,7148.0,826.5298386418777,7148.289667490472,0.10720352828502655,1,0.9877157693929588,0.7158710941178643,131,control
3417,757.0,7086.0,756.3799813427923,7086.100182563224,0.16946345567703247,1,1.0304283754445496,0.4717929848106427,131,control
3418,812.0,7109.0,805.0,7109.0,0.12815771996974945,0,7.336490983276197,,131,control
3419,793.0,7252.0,794.810098913958,7251.230110399178,0.12043300271034241,1,1.5599708409798319,0.551177635313285,131,control
3420,732.0,7164.0,732.1301534081663,7163.780287159887,0.16157042980194092,1,0.21288020081612227,0.4576643793307009,131,control
3421,721.0,7102.0,720.5300389602094,7101.719938784987,0.1519656926393509,1,0.8020530388196998,0.1881202474349707,131,control
3422,790.0,7141.0,790.0300502613925,7140.620005464128,0.13536009192466736,1,0.3119044728478665,0.2308825307794398,131,control
3423,850.0,7088.0,846.8700110502266,7087.949850385069,0.12050467729568481,0,3.4694070524728184,0.3765582155456725,131,check
3424,753.0,7153.0,753.6000479021229,7152.679815646073,0.1660863608121872,1,0.27192017180762384,0.2836460110916836,131,check
3425,773.0,7277.0,774.6198944874747,7276.630742610529,0.10337337106466293,1,1.2983215871863603,0.9287911678064935,131,control
3426,824.0,7098.0,821.0,7102.0,0.13763399422168732,0,5.431938605136834,,131,check
3427,770.0,7252.0,769.0100610101989,7251.510135818745,0.1134197935461998,1,1.3291962080519277,2.3872751680689137,131,check
3428,733.0,7190.0,734.2601356646607,7189.910303886069,0.17647212743759155,1,0.9546699104799555,0.3705209302370972,131,control
3429,695.0,7160.0,696.3000253413114,7158.800040555274,0.11725933849811554,1,1.3254841543527558,0.666704579507123,131,control
3430,758.0,7279.0,759.4401958807016,7278.48019685647,0.12472738325595856,1,1.1387062334737459,0.5940668396273573,131,control
3431,764.0,7194.0,766.0401775594543,7193.630143239262,0.1353808045387268,1,1.714415658135425,0.7826223048322836,131,control
3432,750.0,7099.0,748.1497766213708,7099.709880619781,0.18859192728996277,1,2.401822856547252,0.849224175312065,131,control
3433,751.0,7173.0,753.0,7177.0,0.1598304659128189,0,4.608560946663343,,131,control
3434,776.0,7155.0,776.6100174995637,7154.850081458109,0.1434084177017212,1,0.31552369734142444,0.5156113733172998,131,check
3435,736.0,7112.0,735.3599985913995,7111.0000477272615,0.15967507660388947,1,1.2003909456103725,1.056652905249466,131,control
3436,751.0,7119.0,749.0,7120.0,0.118831105530262,1,2.666043018544253,,131,control
3437,702.0,7158.0,703.7201098076733,7157.179966087276,0.12229731678962708,1,1.48565756355258,0.7435742787176955,131,check
3438,822.0,7088.0,819.0,7084.0,0.1737130582332611,0,4.985799683594339,,131,control
3439,753.0,7165.0,753.0,7162.0,0.1163269579410553,1,2.725414675780134,,131,control
3440,763.0,7099.0,762.8401622394447,7098.839718175255,0.16771024465560913,1,0.5091459743210729,1.0225011754377018,131,control
3441,713.0,7188.0,715.6301658416284,7186.759955798828,0.16403304040431976,1,2.48778461456674,0.9053945676933484,131,control
3442,755.0,7297.0,756.0,7296.0,0.14568430185317993,1,0.9767489643273658,,131,control
3443,768.0,7133.0,768.0900127119442,7132.989614243766,0.1292436271905899,1,0.3712005518464709,0.4948745590605272,131,control
3444,780.0,7120.0,778.8300416991547,7119.719845981979,0.12224682420492172,1,1.5005266929209262,0.8705476669802543,131,control
3445,708.0,7143.0,708.5202975864954,7142.740077782258,0.17278172075748444,1,0.19344740688980058,0.49927940599295495,131,control
3446,488.0,7350.0,489.370249313872,7350.020454527498,0.14933955669403076,1,1.096942945268026,0.7243661533539659,134,control
3447,607.0,7466.0,611.1402090508434,7464.3602901290105,0.15677621960639954,0,4.0494934118866,1.0304860711056827,134,control
3448,499.0,7318.0,500.78019335358505,7318.430507279307,0.128256693482399,1,1.6315994479246745,0.3596553285418111,134,control
3449,610.0,7491.0,615.1602755184218,7488.740825509352,0.18299119174480438,0,5.223696724705964,2.812481499197296,134,control
3450,519.0,7453.0,519.1500418373155,7452.680021138448,0.1454039365053177,1,0.16924193256500258,0.4185356876871956,134,check
3451,559.0,7314.0,558.4399211909779,7314.66965798458,0.1030581071972847,1,1.3159668213737459,1.7385955518692804,134,control
3452,546.0,7500.0,544.6097868178007,7500.590074649875,0.13995683193206787,1,1.9282679348376197,1.0474510508208292,134,control
3453,470.0,7323.0,471.04013368047924,7323.019876561827,0.18122509121894836,1,0.7869216790977496,0.12357423605456863,134,control
3454,492.0,7420.0,492.76001830289687,7419.8102340767055,0.14161226153373718,1,0.4552547009503372,0.5473294885138998,134,check
3455,557.0,7460.0,557.7201749632574,7459.600366083865,0.2065533995628357,1,0.4127307063428964,0.3764456045721757,134,control
3456,512.0,7405.0,513.0,7404.0,0.12120424211025238,1,0.9696790246355619,,134,control
3457,456.0,7430.0,457.2298877364511,7429.840027205682,0.11615482717752457,1,0.9217050921519667,0.2826061110538581,134,check
3458,482.0,7480.0,480.890074737305,7480.410120300936,0.15369391441345215,1,1.5992643248537233,0.9139876545139601,134,control
3459,561.0,7523.0,560.7999902409905,7523.0501058649415,0.13440224528312683,1,0.6269203809709345,0.3322325923972554,134,control
3460,533.0,7456.0,533.3400424196446,7455.670046366964,0.17109963297843933,1,0.031165964275520673,0.35745229516007915,134,control
3461,516.0,7359.0,517.1300075103751,7358.91015016272,0.3303868770599365,1,0.8357374968742862,0.40211062536552167,134,control
3462,599.0,7316.0,600.2800519347122,7315.600038686315,0.10781629383563995,1,0.9610252163832576,0.11340489279219286,134,control
3463,516.0,7489.0,515.8299954266362,7489.010109998725,0.15403078496456146,1,0.5822245025587416,0.3835606528798845,134,control
3464,513.0,7431.0,513.0,7431.0,0.16260771453380585,1,0.44403842294184187,,134,control
3465,598.0,7426.0,595.9398542079899,7426.189589662072,0.108330637216568,1,2.4300263792948367,1.2574174220838938,134,control
3466,621.0,7422.0,621.9500917373825,7421.2801287641405,0.1609572321176529,1,0.7562109121266493,1.1541595367559307,134,check
3467,538.0,7445.0,538.1101548121792,7444.7702845475,0.1905439794063568,1,0.222690817718849,0.278174085509785,134,control
3468,625.0,7495.0,625.3298435951837,7495.170039172038,0.11049383133649826,1,0.47403451853828454,0.340308615292339,134,control
3469,488.0,7326.0,489.57984394274615,7326.160072355097,0.22174227237701416,1,1.3395153258239776,0.3450406415431348,134,control
3470,514.0,7420.0,513.0300659770013,7420.589607854334,0.17471754550933838,1,1.5716953748762994,0.621214972423603,134,check
3471,453.0,7316.0,456.0,7316.0,0.1790982037782669,1,2.692286060278039,,134,control
3472,486.0,7458.0,486.290061240378,7457.500172979076,0.1923828274011612,1,0.19257306409911237,0.6914851052249671,134,control
3473,495.0,7411.0,496.13003250628464,7410.809752826821,0.12159007042646408,1,0.8176870466412419,0.7108191498601295,134,check
3474,453.0,7449.0,453.2599564939524,7449.34990052449,0.15441490709781647,1,0.6633936800249959,0.9881858108633071,134,control
3475,606.0,7520.0,606.0,7520.0,0.13053081929683685,1,0.43836389417056487,,134,control
3476,458.0,7351.0,521.2497328025673,7325.890556051682,0.11073053628206253,0,67.63719064081394,0.6538440288955273,134,control
3477,541.0,7305.0,543.0099099383641,7304.620264051286,0.10623209923505783,1,1.6864970292041943,0.5006825566322071,134,control
3478,629.0,7445.0,628.8301891806743,7444.46051379071,0.10351121425628662,1,0.5420773878057064,0.8402522757983809,134,control
3479,561.0,7470.0,560.9401262461992,7470.020128455706,0.11284809559583664,1,0.4990807239936662,0.3135490506980671,134,control
3480,496.0,7446.0,493.0,7450.0,0.1471276581287384,0,5.43926097778518,,134,control
3481,663.0,7425.0,663.4999013278234,7424.700196124643,0.11487125605344772,1,0.1814332939629776,0.7901110443050832,134,control
3482,555.0,7426.0,555.0,7431.0,0.1388450562953949,0,5.315751490033833,,134,control
3483,546.0,7520.0,547.0,7519.0,0.11823336780071259,1,0.9736156654305352,,134,control
3484,583.0,7311.0,584.2100018943237,7310.950160612268,0.15166065096855164,1,0.9212972224761377,0.38637871347529723,134,check
3485,654.0,7513.0,653.4100408199929,7512.680055608137,0.14493824541568756,1,0.9048662981655634,0.3791109240979404,134,check
3486,530.0,7341.0,534.0000556173121,7338.609868950258,0.11392278224229813,0,4.22601839544158,0.37869273576826257,134,control
3487,635.0,7491.0,635.5500615488128,7491.490207487893,0.15362794697284698,1,0.8273462535707254,1.1662542032969314,134,control
3488,492.0,7336.0,493.35993495505113,7337.480045849127,0.23359131813049316,1,2.066202811234164,0.6926864295685641,134,control
3489,705.0,7394.0,706.1300193776976,7393.850017821761,0.15306635200977325,1,0.8242775262388444,0.273667647721364,135,check
3490,792.0,7485.0,791.6700398026703,7484.680090077825,0.20383605360984802,1,0.6448195985187567,0.17871041327358417,135,control
3491,740.0,7306.0,739.0997662109518,7306.7898736779725,0.15103620290756226,1,1.6359929956956818,1.0894240765654104,135,control
3492,815.0,7522.0,814.0998682942607,7522.019876690812,0.19724147021770477,1,1.2531067854376505,0.4689422690038712,135,check
3493,772.0,7391.0,773.0703458777356,7391.330284878873,0.19949133694171906,1,0.9784728932452519,0.5397949944397353,135,control
3494,755.0,7362.0,755.7102927368101,7361.829837468044,0.16171041131019592,1,0.41007896878776856,0.4106641081288658,135,control
3495,805.0,7441.0,805.4500262091375,7440.730325866979,0.11159844696521759,1,0.13626312624945305,0.4447340990306333,135,control
3496,769.0,7420.0,764.7496625231371,7421.729160719827,0.1383097916841507,0,4.996979396279056,1.4235892913307997,135,control
3497,787.0,7448.0,789.0,7453.0,0.10781099647283554,0,5.557499839089328,,135,control
3498,760.0,7325.0,763.0698207488755,7324.350003998049,0.10017967224121094,1,2.770791790257662,0.6505713744780005,135,control
3499,742.0,7448.0,742.0500223422345,7447.830007293959,0.15628618001937866,1,0.29578210803130106,0.1877000224368812,135,check
3500,716.0,7304.0,716.0200291528969,7303.750136205435,0.12389659881591797,1,0.30689584580945867,0.918038146983813,135,control
3501,787.0,7476.0,786.2399011483742,7475.650427002046,0.13022221624851227,1,1.0762916867738075,0.6193222933706718,135,control
3502,713.0,7450.0,713.219745984045,7449.880154386361,0.1312771737575531,1,0.20415705070229231,0.34247151950149035,135,control
3503,698.0,7346.0,699.5400298342591,7345.700337916178,0.10730113089084625,1,1.218505401735862,0.5930573448988588,135,control
3504,782.0,7499.0,781.559991309043,7498.990339432986,0.21791085600852966,1,0.8068292429041478,0.39445225411418544,135,control
3505,702.0,7498.0,701.7199971827991,7498.000095454523,0.18534749746322632,1,0.666479707871223,0.389543847671879,135,control
3506,780.0,7437.0,779.9300188989889,7436.830123960597,0.16238240897655487,1,0.40680423134944094,0.15890295319493855,135,control
3507,828.0,7509.0,826.3199709070083,7509.210041602549,0.13719412684440613,1,2.0560392357368564,1.7372184982259036,135,control
3508,763.0,7373.0,764.070125673045,7373.050012997441,0.2136680632829666,1,0.82659001711985,0.426245368647984,135,control
3509,760.0,7351.0,760.8401809290318,7350.639984109263,0.1831725537776947,1,0.5234497758854183,0.23551490012531248,135,control
3510,680.0,7498.0,680.5300682558546,7497.440205032017,0.1483861654996872,1,0.336117092361258,0.7025124241059928,135,control
3511,850.0,7481.0,849.0,7456.0,0.10132379829883575,0,24.741389843285493,,135,control
3512,741.0,7329.0,742.1999581189692,7328.310025302184,0.22333264350891113,1,0.9621364624745518,0.4718174091310088,135,control
3513,777.0,7322.0,778.0500436833362,7321.610273306222,0.10646157711744308,1,0.7344487517979907,0.6760269347878656,135,control
3514,764.0,7459.0,763.9900781943132,7458.4398682896735,0.1718117743730545,1,0.41859038494067613,0.6504602745774427,135,control
3515,759.0,7509.0,758.8998372586423,7508.2598492366,0.16100721061229706,1,0.6055953438515689,0.4690205760839338,135,control
3516,718.0,7326.0,716.9601314064798,7326.009998570622,0.15792371332645416,1,1.3964284352922718,0.44252056985291105,135,check
3517,761.0,7481.0,759.0,7480.0,0.13294999301433563,1,2.4191586226029176,,135,check
3518,710.0,7473.0,709.0,7474.0,0.10072601586580276,1,1.8496233157480348,,135,control
3519,686.0,7376.0,687.7997914418944,7375.520232688883,0.13714371621608734,1,1.4903531635716163,0.353594953298559,135,control
3520,737.0,7518.0,733.0,7518.0,0.13838821649551392,0,4.32400096664053,,135,control
3521,799.0,7395.0,796.6898579666847,7396.109821982614,0.10412182658910751,1,2.9803533544091287,1.2864513093886085,135,check
3522,676.0,7445.0,676.419731814931,7444.03991512401,0.13982601463794708,1,0.666980002082154,0.5595662311811902,135,control
3523,769.0,7469.0,768.9599843119169,7469.090126920547,0.2107463926076889,1,0.5256768087407152,0.3962054571177313,135,check
3524,712.0,7367.0,712.6600094138739,7366.880220545238,0.10111876577138901,1,0.3837398850307961,0.595396572479025,135,control
3525,687.0,7387.0,688.0600741366253,7386.380275531918,0.10088804364204407,1,0.8063625734390962,0.5362655875892589,135,control
3526,735.0,7487.0,735.0,7489.0,0.11511217802762985,1,2.320392146051239,,135,control
3527,784.0,7513.0,783.3199152252034,7512.630039959182,0.18470539152622223,1,0.9960573942738681,0.34044621930707314,135,check
3528,756.0,7342.0,757.9100824846074,7341.409857800998,0.19803054630756378,1,1.6159611978411184,0.44952266443315253,135,control
3529,715.0,7519.0,714.3500211684008,7518.830047066676,0.17709873616695404,1,0.9725331899268143,0.3169422856175409,135,control
3530,794.0,7516.0,794.0500222777417,7515.859874600849,0.19609951972961426,1,0.3060704893460686,0.8455037069892051,135,control
3531,742.0,7361.0,742.1901464801205,7360.860162225682,0.24873635172843933,1,0.20426278965814226,0.7372390509209227,135,check
3532,828.0,7472.0,824.579796150992,7472.549938253388,0.13600857555866241,0,3.8291465348237153,1.3200068108364469,135,control
3533,851.0,7502.0,850.0,7502.0,0.1303035318851471,1,1.3455497661893756,,135,control
3534,782.0,7461.0,782.1401718006546,7460.700023647214,0.21368172764778137,1,0.1754457018744979,0.29917696825688284,135,control
3535,740.0,7434.0,740.3200929411689,7434.260177895415,0.16606728732585907,1,0.558274103448746,0.4576104145164199,135,control
3536,520.0,7669.0,519.82987465374,7667.979841051877,0.15754637122154236,1,0.8566591722115667,0.08074475632083382,138,control
3537,532.0,7639.0,531.5698054704206,7639.479937201525,0.11892452090978622,1,1.0825457214001026,0.5162149437283171,138,check
3538,601.0,7717.0,600.3201936987206,7716.500180869127,0.1296372413635254,1,1.004844803492746,0.6158557938552072,138,check
3539,485.0,7602.0,483.16967054702735,7604.480012834181,0.11700265109539032,0,3.5189755039184285,1.3244116711549243,138,control
3540,652.0,7619.0,652.1900760860002,7618.44989476569,0.2167704850435257,1,0.2738436277204341,0.4403739887267074,138,control
3541,471.0,7525.0,470.82067001823765,7525.039597816575,0.10132680088281631,1,0.6069667017954697,1.5117741761939931,138,control
3542,661.0,7742.0,662.2899630053553,7741.299904697401,0.13258755207061768,1,1.0616006395175914,1.7339450511026764,138,control
3543,501.0,7669.0,500.610020215571,7668.8002142294745,0.15474356710910797,1,0.708412513113626,0.24212430584935735,138,control
3544,633.0,7574.0,632.5201624882405,7573.700339177442,0.1387171894311905,1,0.7921620603587103,0.49355612539288257,138,check
3545,661.0,7651.0,661.7199494555377,7650.360094045922,0.18121182918548584,1,0.5310951251391435,0.4457543776361011,138,control
3546,477.0,7569.0,476.0100491428763,7568.570268159704,0.18480193614959717,1,1.309606247086531,0.34116064678313246,138,control
3547,609.0,7691.0,609.0301020304183,7690.200139683221,0.14174406230449677,1,0.5658449844536806,0.4426789235455761,138,control
3548,665.0,7574.0,664.0700446728667,7573.719745224427,0.1426132321357727,1,1.2421223741060508,0.9992773056686296,138,control
3549,655.0,7582.0,654.3198250737098,7581.310037298492,0.1928270161151886,1,1.0645456951193044,0.2521627330927418,138,control
3550,631.0,7690.0,630.8500390983702,7689.6801139414565,0.1202193945646286,1,0.4574442033879331,0.748839881958425,138,control
3551,650.0,7543.0,649.4800340462976,7542.670330079018,0.2213517427444458,1,0.8338618640480663,0.7256875097400375,138,control
3552,646.0,7630.0,646.1399504636852,7629.340149805983,0.17944882810115814,1,0.3939433646212934,0.4215755479897796,138,control
3553,634.0,7657.0,634.5698400046022,7656.190070911956,0.10915371775627136,1,0.5683138130693254,0.7170578690185736,138,check
3554,647.0,7602.0,646.6199522403591,7601.459550094168,0.1637994349002838,1,0.7303126238658812,0.41084643054147946,138,control
3555,467.0,7566.0,467.08027153170855,7565.920151320364,0.19919073581695557,1,0.3294135680971263,0.6336090866166593,138,control
3556,648.0,7645.0,648.2603609144091,7644.270045151576,0.17446723580360413,1,0.4282891210678678,0.35812448414157283,138,control
3557,644.0,7575.0,643.8499411213185,7574.360376432219,0.1412007212638855,1,0.5712973346572673,0.4478962557812298,138,control
3558,527.0,7655.0,526.3001685230954,7654.720044781075,0.1141238734126091,1,1.010226893512293,0.1657622533454915,138,check
3559,540.0,7735.0,539.0803351035642,7734.470020505389,0.12876975536346436,1,1.245532991419772,0.5905095869035337,138,check
3560,480.0,7658.0,480.43001687810664,7656.860057555351,0.11290863901376724,1,0.8366293261750471,0.3312129277372829,138,control
3561,620.0,7556.0,617.0,7553.0,0.1111222356557846,0,4.271143834230432,,138,control
3562,637.0,7548.0,636.9300509106415,7547.500522978992,0.1612265408039093,1,0.4303791148406057,0.7239179686172792,138,control
3563,580.0,7539.0,581.1998640546966,7537.99015521722,0.14917144179344177,1,1.130974508124617,0.6569600911029917,138,control
3564,459.0,7544.0,458.7900645225248,7543.490106730341,0.18452231585979462,1,0.5616639528158116,0.34975406188025915,138,control
3565,662.0,7583.0,661.5601899791535,7582.579947222826,0.17681804299354553,1,0.7604455679762614,0.3184923630418349,138,control
3566,611.0,7537.0,609.7795383005135,7536.43022256396,0.12560206651687622,1,1.5573394193788956,0.7841262038762632,138,control
3567,596.0,7534.0,595.1101986911542,7533.3805512249355,0.11493614315986633,1,1.2445299285320386,1.2020113258877965,138,control
3568,486.0,7580.0,484.0,7580.0,0.10183200240135193,1,2.334480918471049,,138,control
3569,572.0,7549.0,571.629960413746,7548.280082427129,0.11392328888177872,1,0.7992326885619269,0.5233058935924755,138,control
3570,676.0,7676.0,678.8305881046236,7670.510260181956,0.12096310406923294,0,5.7674745835139785,1.8884727454022208,139,control
3571,701.0,7637.0,696.2202017865709,7630.559637073884,0.10521907359361649,0,7.973341977372502,1.9103224233389204,139,control
3572,669.0,7664.0,669.9402083786564,7662.42999818852,0.16237959265708923,1,1.415340739766606,0.8863764489529696,139,check
3573,699.0,7613.0,698.4499133907849,7612.640057154898,0.15535271167755127,1,0.8619207101175346,0.19941768483254496,139,control
3574,802.0,7647.0,800.7299851473632,7647.119963735021,0.1331644207239151,1,1.6316423680725503,0.5808726373131401,139,check
3575,757.0,7686.0,755.0,7686.0,0.11468994617462158,1,2.3255086382531243,,139,control
3576,794.0,7694.0,794.3099749879007,7693.150173087284,0.20965419709682465,1,0.5512401853027166,0.5542656587041895,139,control
3577,764.0,7732.0,764.9799933849765,7731.079864459737,0.20766785740852356,1,0.9171690136721431,0.32291935628845986,139,control
3578,800.0,7612.0,801.0,7611.0,0.1505535989999771,1,0.9855901970440789,,139,control
3579,707.0,7538.0,707.7999198468702,7537.639838404951,0.1200343444943428,1,0.4904931316579367,0.9678079988981307,139,control
3580,847.0,7622.0,847.0,7488.0,0.1597452461719513,0,133.70634173681123,,139,control
3581,777.0,7622.0,776.3100743552022,7621.430043328759,0.1764182448387146,1,1.0347691476065903,0.3618244017818765,139,control
3582,695.0,7561.0,700.0,7561.0,0.18181930482387543,0,4.697554118863895,,139,control
3583,756.0,7609.0,755.2500572906318,7608.589902172445,0.23898622393608093,1,1.0651368304809148,0.25914114980880454,139,control
3584,701.0,7704.0,701.3902131821993,7703.409925350125,0.10830182582139969,1,0.2994174278577755,0.27669495892139334,139,control
3585,681.0,7606.0,680.5303347975564,7605.400345589812,0.17381657660007477,1,0.8347040920037079,0.7004755734829954,139,control
3586,810.0,7640.0,809.1399118877391,7639.689883285058,0.11428121477365494,1,1.1676241008314303,0.5443684191092547,139,control
3587,682.0,7647.0,681.3903179815156,7646.59006113433,0.139440655708313,1,0.9244696203124453,0.7788823301121409,139,control
3588,719.0,7706.0,719.3698844726547,7704.8899129949195,0.11658104509115219,1,0.810628499840913,0.473281469317827,139,control
3589,678.0,7735.0,678.6504798388576,7734.44970233741,0.1145285815000534,1,0.42439988569644455,0.7214858353070286,139,check
3590,706.0,7527.0,706.3800118352093,7526.870183463163,0.16746550798416138,1,0.18326501263394157,0.6572497889556469,139,control
3591,725.0,7565.0,724.6601061296611,7564.180090708458,0.1292455643415451,1,0.8334623619841129,0.45230711090217973,139,control
3592,793.0,7557.0,793.8297433392786,7556.999704485117,0.1305963546037674,1,0.5974438106648908,2.0713656928420088,139,control
3593,800.0,7578.0,798.7303138706707,7577.669840745603,0.12561869621276855,1,1.5803222010662787,0.6097293758508985,139,control
3594,730.0,7724.0,730.2697935156673,7723.520162423748,0.1492803543806076,1,0.1814813908280009,0.39881810162978526,139,control
3595,752.0,7532.0,747.0,7527.0,0.11929094046354294,0,7.094352037030217,,139,check
3596,745.0,7614.0,744.5798756964276,7612.9499406010555,0.17337995767593384,1,1.0463710894706257,0.25961801573863114,139,control
3597,681.0,7551.0,680.3202957175367,7550.760051188858,0.17207372188568115,1,0.9944240237021799,0.3558483165349451,139,control
3598,830.0,7573.0,829.2100734207229,7572.4400300320585,0.1859002560377121,1,1.1313942122937375,0.3510554063946162,139,check
3599,776.0,7727.0,776.039995866217,7726.030005185646,0.15580779314041138,1,0.7203699966068945,0.8657846782051151,139,check
3600,715.0,7733.0,715.3599271939859,7731.450443693689,0.10302794724702835,1,1.2483070205560975,0.5904990613479968,139,control
3601,755.0,7620.0,754.2599141987057,7619.610164658619,0.2556167542934418,1,1.0529178306969937,0.288078383359054,139,control
3602,720.0,7596.0,719.1799356593514,7595.480021985497,0.1139030009508133,1,1.1515119742874587,0.2673577303808717,139,control
3603,699.0,7719.0,699.5799181851527,7717.600074546253,0.10535233467817307,1,1.1307681738328454,0.5532637367878674,139,control
3604,796.0,7741.0,794.0,7746.0,0.10378745198249817,0,5.778007060907283,,139,control
3605,735.0,7567.0,733.0,7567.0,0.13940316438674927,1,2.3308587571484507,,139,control
3606,701.0,7744.0,768.0,7656.0,0.10257792472839355,0,110.17864283392274,,139,control
3607,705.0,7734.0,707.359831223521,7732.409379331613,0.1051403060555458,1,2.425400989211723,1.1629751907464299,139,control
3608,796.0,7672.0,796.7600116741106,7670.860233881067,0.10776165872812271,1,0.9560609876373122,0.6267271551109798,139,check
3609,727.0,7604.0,726.3599707504972,7603.210046905578,0.10553272813558578,1,1.0686472066227457,0.5337323499493513,139,control
3610,681.0,7586.0,680.2999338640606,7585.490037855456,0.30314546823501587,1,1.0324130297394136,0.4315856692571629,139,control
3611,687.0,7567.0,686.7900698255538,7566.450106886852,0.2703832983970642,1,0.5778750563536819,0.44456261767383853,139,check
3612,739.0,7532.0,739.0598699055147,7531.95013681313,0.14821507036685944,1,0.35529311932882024,0.6640216242937762,139,control
3613,752.0,7583.0,751.3000306443405,7582.760040711784,0.13721245527267456,1,1.0123031585509847,0.4129087277412785,139,control
3614,545.0,7751.0,546.0,7750.0,0.12761640548706055,1,0.9788847838957137,,142,check
3615,469.0,7890.0,470.5100284324069,7888.79993582045,0.11795329302549362,1,1.4989338618594805,0.6827425772739162,142,control
3616,603.0,7874.0,605.4099917669743,7873.050054160409,0.13491398096084595,1,2.2056781118782918,0.4420989824310271,142,control
3617,506.0,7883.0,506.0000928675009,7882.270135432054,0.19615836441516876,1,0.5134328663480062,0.4497814589079707,142,control
3618,546.0,7809.0,547.079808906918,7808.380270357875,0.16615130007266998,1,0.8360177772120428,0.5809862856007654,142,control
3619,576.0,7773.0,575.5603252063939,7772.5599512138615,0.10469982028007507,1,0.7553794149041837,0.8310748123727097,142,control
3620,489.0,7920.0,490.17019415665186,7919.55989559655,0.18225407600402832,1,0.8804276177099373,0.284229830993046,142,control
3621,533.0,7750.0,533.5401225082817,7749.060075268904,0.14730064570903778,1,0.6715337703575769,0.2514178098320065,142,control
3622,629.0,7773.0,629.8501718675743,7771.590515933563,0.11533213406801224,1,1.2307936821309153,0.4281246033052632,142,control
3623,478.0,7852.0,479.8498532988756,7851.169710384238,0.12463688850402832,1,1.6317637887379715,0.5667806197301213,142,control
3624,560.0,7914.0,561.319937698584,7913.4899079312445,0.2636962831020355,1,1.0408507259846786,0.40487938364642134,142,check
3625,519.0,7825.0,519.8400325087116,7823.73011242006,0.10586150735616684,1,1.0982943475048892,0.2717189205778004,142,control
3626,581.0,7803.0,583.8700760768251,7801.42998499544,0.1463935673236847,1,2.8601619777361154,0.8885217091166743,142,check
3627,474.0,7948.0,474.93008505786634,7947.389860530769,0.19326770305633545,1,0.6976701760450595,0.33555756144988963,142,control
3628,636.0,7820.0,636.4899649388068,7819.250063983911,0.14546382427215576,1,0.48143921602858936,0.3944204715125385,142,control
3629,544.0,7776.0,544.6399683291618,7775.220083987653,0.17509566247463226,1,0.5770376425274354,0.23797634588124422,142,control
3630,522.0,7888.0,523.3299907542394,7887.060043515223,0.15628582239151,1,1.2061499033948115,0.2170784557867277,142,control
3631,565.0,7897.0,566.6599602963626,7896.280086404401,0.2969788908958435,1,1.4211650593342435,0.4077089734558753,142,control
3632,532.0,7900.0,533.6001950611786,7899.569819989258,0.22956322133541107,1,1.3063492712836478,0.5640756482036888,142,control
3633,633.0,7789.0,631.0,7790.0,0.1294133961200714,1,2.6478337441394633,,142,control
3634,641.0,7797.0,643.0,7798.0,0.17304866015911102,1,2.1420746829130786,,142,control
3635,641.0,7938.0,647.0,7932.0,0.11280625313520432,0,8.058055402111476,,142,check
3636,539.0,7848.0,540.1998904408562,7846.849890613557,0.13889719545841217,1,1.2290998472332348,0.2583917359277405,142,control
3637,523.0,7941.0,523.5397302131186,7939.960329073297,0.21462678909301758,1,0.7658068804782375,0.1711032793424647,142,control
3638,532.0,7930.0,530.0,7932.0,0.14407934248447418,0,3.2602068313774737,,142,check
3639,483.0,7909.0,486.6697454200661,7907.929948698347,0.17013172805309296,0,3.4540768611689665,1.3271419416462427,142,control
3640,584.0,7905.0,585.4199360460417,7903.470053842799,0.21248303353786469,1,1.657069860722272,0.5068363178100479,142,control
3641,510.0,7779.0,510.58985709669815,7778.089941379023,0.1708637923002243,1,0.6625978580315086,0.3781897223779896,142,control
3642,598.0,7965.0,599.0,7967.0,0.1140785738825798,1,2.4152107286496656,,142,control
3643,601.0,7747.0,602.4000064539247,7745.910185958166,0.14970551431179047,1,1.3456101363450295,0.9995082340283515,142,control
3644,518.0,7774.0,518.9001395312973,7772.979858157736,0.11112840473651886,1,0.9254665492297814,0.6570179628195841,142,control
3645,447.0,7824.0,398.0,8038.0,0.16855120658874512,0,219.91570047519622,,142,check
3646,571.0,7877.0,572.0200437362267,7875.6401366358405,0.18303950130939484,1,1.2728910569985987,0.39139167304977646,142,control
3647,536.0,7966.0,533.1300511958718,7965.610018760828,0.12340693920850754,0,3.167180605220451,1.005769455006112,142,control
3648,474.0,7818.0,474.7599983520452,7816.990100796679,0.1879599392414093,1,0.832351020603626,0.2841662447386221,142,control
3649,583.0,7818.0,584.0503260696323,7817.480281640441,0.1458767205476761,1,0.7771875790168717,0.7409905603312512,142,control
3650,464.0,7924.0,465.8901501119904,7922.929724451892,0.1028643324971199,1,1.7611731914513187,0.6641480353814629,142,check
3651,502.0,7853.0,505.0,7852.0,0.15788844227790833,1,2.78450589900843,,142,control
3652,514.0,7929.0,515.5499991737288,7927.990072955777,0.21831685304641724,1,1.432593786770428,0.4577841123095219,142,control
3653,661.0,7940.0,662.0,7940.0,0.1370730847120285,1,0.7680923879534735,,142,control
3654,582.0,7955.0,581.1699343727219,7954.490020620612,0.1678176075220108,1,1.1437874309379088,1.439463512647137,142,check
3655,645.0,7815.0,646.0,7806.0,0.14183677732944489,0,8.721636392140656,,142,control
3656,492.0,7886.0,493.56991153100137,7884.679940331748,0.18311738967895508,1,1.6200011804315346,0.5833661922472888,142,control
3657,610.0,7798.0,610.2600559902396,7797.570036152184,0.17682604491710663,1,0.12941407313175718,0.9899886098317714,142,control
3658,633.0,7908.0,635.1900060788366,7906.860423464354,0.12581582367420197,1,2.066965397656766,1.1154622734923958,142,control
3659,601.0,7924.0,601.5499686813118,7923.220072055838,0.2902471423149109,1,0.5338747848105633,0.1722190197634161,142,control
3660,565.0,7932.0,565.2099806822075,7931.110159986222,0.1856626719236374,1,0.5851574045991732,0.4230657792692388,142,check
3661,618.0,7817.0,617.539979262005,7816.169938349994,0.1348932385444641,1,0.9237806187571239,0.7249196465164661,142,control
3662,601.0,7856.0,598.6398781131753,7854.929948633854,0.12210661917924881,1,2.767249699035457,2.4466218347650464,142,control
3663,690.0,7758.0,695.6499710060413,7755.170218084775,0.11342360824346542,0,5.9130672319639785,1.2849671601226682,143,control
3664,757.0,7941.0,757.8500351210984,7939.710113824073,0.1457701027393341,1,1.1323453684636313,0.5266219964679696,143,control
3665,833.0,7961.0,832.0,7960.0,0.10021043568849564,1,1.4705537803338589,,143,control
3666,693.0,7947.0,693.5797815676622,7946.659937822982,0.11378414183855057,1,0.2864926047212885,0.6425006868201005,143,control
3667,815.0,7964.0,816.3499935209767,7962.95044432432,0.13691237568855286,1,1.2952003524402944,1.0467036221750579,143,control
3668,790.0,7935.0,790.1599330860925,7934.500019255726,0.1465674787759781,1,0.2399919848690743,0.42049838115619753,143,control
3669,671.0,7751.0,675.6498343885507,7748.230081361504,0.1304163932800293,0,4.996322665501231,0.8564673298186692,143,control
3670,699.0,7905.0,699.9000070200642,7903.949986938066,0.13874730467796326,1,0.9583260063516327,0.2152944665183168,143,control
3671,808.0,7847.0,808.0,7846.0,0.11395785212516785,1,0.7612449374332578,,143,control
3672,790.0,7771.0,790.3399642644591,7770.230176751534,0.13635553419589996,1,0.47171929715394534,0.36401117683638473,143,check
3673,677.0,7966.0,677.7801508003672,7965.810240640999,0.1006031185388565,1,0.49936111760517227,0.6907666387843073,143,control
3674,767.0,7896.0,768.2500162566496,7894.870033652593,0.13640016317367554,1,1.2626246256047486,0.32159460011849,143,control
3675,786.0,7964.0,786.6502559793591,7963.0500938041405,0.12495657056570053,1,0.7396415885528485,0.4863243801329612,143,control
3676,768.0,7775.0,768.7698776690069,7772.900098561808,0.1753614842891693,1,1.8591062038740562,0.44618043906558774,143,control
3677,774.0,7940.0,774.5498241092779,7939.3399350978,0.10299185663461685,1,0.4394546430940157,0.3661995017027541,143,control
3678,792.0,7881.0,792.3399297302776,7880.520043041101,0.13719899952411652,1,0.18422257280052023,0.625304874338305,143,control
3679,750.0,7950.0,750.6199470663156,7949.439815323875,0.11118388921022415,1,0.4145079931908943,0.3175859258011864,143,check
3680,691.0,7871.0,691.0,7871.0,0.11792026460170746,1,0.4269542274235181,,143,check
3681,754.0,7751.0,755.4398523160932,7750.159788643044,0.2970997095108032,1,1.258057466051625,0.3691101233230441,143,control
3682,778.0,7928.0,778.0799267058356,7927.57987576092,0.15090718865394592,1,0.24562336545915855,0.6113859304695235,143,control
3683,761.0,7907.0,762.4603192268567,7905.490468533087,0.1154506653547287,1,1.6769127867327807,1.2996566160154035,143,control
3684,774.0,7758.0,774.0599878979107,7757.060140295503,0.20381183922290802,1,0.6841686553460363,0.4151187834419848,143,check
3685,817.0,7822.0,817.6701353216857,7820.930225588136,0.11635330319404602,1,0.8552706412836062,0.5512946566921676,143,check
3686,756.0,7860.0,756.9998609244734,7858.9902612778005,0.11768811196088791,1,0.9963615473013203,0.6023951943311533,143,control
3687,692.0,7931.0,690.5697882355763,7930.609936692864,0.11654061079025269,1,1.728345088081605,1.2718749152990574,143,control
3688,696.0,7827.0,698.3697863021248,7825.659777406354,0.15714965760707855,1,2.3140524089515067,0.40066606625997153,143,control
3689,822.0,7959.0,823.8901133777438,7958.0305195149695,0.14635923504829407,1,1.731288394902901,0.6617609301332585,143,control
3690,810.0,7835.0,811.2500865217843,7834.340035726365,0.18107828497886658,1,1.017181871386317,1.1481169658265644,143,control
3691,704.0,7864.0,701.0,7862.0,0.16910432279109955,0,3.7091300543874746,,143,check
3692,801.0,7836.0,801.7999796349325,7835.13010555192,0.19387708604335785,1,0.758888724151799,0.39750233491924525,143,control
3693,730.0,7938.0,729.0,7936.0,0.10035374760627747,1,2.1340061429122987,,143,control
3694,842.0,7908.0,840.0,7812.0,0.11718444526195526,0,95.72969294251176,,143,control
3695,725.0,7772.0,728.0,7767.0,0.14010602235794067,0,5.416919443901535,,143,control
3696,735.0,7893.0,733.0,7894.0,0.10588552057743073,1,2.6412689709220487,,143,control
3697,710.0,7748.0,710.7799850162171,7747.090103056916,0.13753990828990936,1,0.7714844560213839,0.6015282611321942,143,control
3698,761.0,7758.0,757.0,7749.0,0.10250837355852127,0,9.705320089006264,,143,check
3699,759.0,7802.0,761.5103795646022,7801.239548109987,0.12398605793714523,1,2.2566571804575215,0.6678589498893738,143,control
3700,539.0,8129.0,538.7798802813936,8128.880099965821,0.22271502017974854,1,0.5451780313351147,0.3159988946817337,146,control
3701,555.0,8033.0,554.2698836671609,8032.840165084437,0.11768553406000137,1,1.0346219452465457,0.3854820782305764,146,control
3702,583.0,8155.0,581.8300377863757,8154.719978557705,0.132040873169899,1,1.4578318303649862,0.39452343117381544,146,control
3703,545.0,8184.0,544.8101040880015,8183.24984516947,0.13090379536151886,1,0.6453768113703142,0.19998936740994885,146,control
3704,526.0,8100.0,525.9400241628902,8099.790125442866,0.1830170452594757,1,0.36587387203121247,0.2864323368722097,146,control
3705,586.0,8181.0,585.3101580068951,8180.740311180029,0.1885036677122116,1,0.9776259941362946,0.6321690023775189,146,control
3706,535.0,8181.0,534.3798221229358,8180.35991248167,0.10681072622537613,1,0.9634503686679853,0.4805083883031177,146,control
3707,470.0,8131.0,469.10015750282145,8130.750283299998,0.11611635237932205,1,1.1915773027172003,0.49679509697383356,146,control
3708,524.0,7977.0,524.6998422119482,7976.140220918166,0.14387147128582,1,0.6793648120924731,0.5380270540966953,146,control
3709,547.0,8094.0,546.9495651537796,8093.369582457971,0.10762116312980652,1,0.465285402891786,0.4112793928035903,146,control
3710,543.0,7981.0,546.2502218135176,7979.2901724105095,0.1138944923877716,0,3.2683714460696236,1.5230886776229222,146,control
3711,550.0,8052.0,549.770186634941,8051.540240371693,0.10838993638753891,1,0.5423315835744937,0.6355507599600335,146,control
3712,592.0,8060.0,591.1398694635068,8059.009882032969,0.12200853228569031,1,1.3367433796599404,0.5206498512833803,146,control
3713,628.0,8105.0,627.1999169560014,8104.649891396113,0.14580461382865906,1,1.0899829360434632,0.48336461844837253,146,control
3714,501.0,8116.0,501.2998171974218,8115.370034412211,0.12719012796878815,1,0.3140206500831236,0.44747305071490256,146,control
3715,607.0,8163.0,606.0000650910912,8162.45026730348,0.12263086438179016,1,1.3085923694082853,0.3676216582312391,146,check
3716,536.0,8102.0,535.1200207425827,8101.840016535131,0.16382206976413727,1,1.1804562260330222,0.28028962184806017,146,check
3717,581.0,7998.0,580.0,7999.0,0.1255580186843872,1,1.8425354535208383,,146,control
3718,625.0,8170.0,624.6399403592737,8169.489817779751,0.25483423471450806,1,0.6763349603038794,0.5151668564460965,146,control
3719,574.0,7975.0,569.6798369871747,7973.18021811014,0.1040601059794426,0,4.855896458808953,1.8676826348011333,146,check
3720,657.0,8153.0,656.8999964784989,8152.000119318153,0.1784762442111969,1,0.7911661207055534,0.49877420365276603,146,control
3721,622.0,8121.0,621.3200953992051,8120.329779894342,0.16416950523853302,1,1.0329705587692835,0.43764623373502604,146,check
3722,560.0,8105.0,559.5398520538008,8104.100067286835,0.18740612268447876,1,0.9521786661177563,0.32545012947599816,146,control
3723,656.0,8179.0,655.4000541166932,8178.580054673657,0.10902060568332672,1,0.8923732460978989,0.45596930490777116,146,control
3724,606.0,8127.0,607.8397710120678,8125.849441246339,0.12504571676254272,1,1.7636503071430767,1.318304318105312,146,check
3725,510.0,8176.0,509.55006943886355,8175.46007502955,0.12850914895534515,1,0.770460184710972,0.34422675751512977,146,check
3726,566.0,8027.0,566.5699209402877,8026.550205991861,0.12805618345737457,1,0.3089585949094174,0.6520462653797634,146,control
3727,472.0,8121.0,471.54995807525376,8120.300071742816,0.16631203889846802,1,0.83323760669852,0.2712511905495204,146,control
3728,584.0,8163.0,584.2199553891991,8162.330027875442,0.1773788034915924,1,0.36324387658342294,0.5250744673810271,146,check
3729,577.0,8012.0,576.2301727742617,8011.690035618158,0.1139630675315857,1,1.0636342382673205,0.8343561304217141,146,control
3730,589.0,7984.0,589.1100246944894,7983.839882633649,0.188316211104393,1,0.23848672696134027,0.33770851952864966,146,control
3731,501.0,8075.0,501.43986305113685,8074.020054342285,0.12004917860031128,1,0.6805915024204334,0.3044232358537901,146,control
3732,599.0,8106.0,598.43013758651,8105.920193809089,0.22275152802467346,1,0.8900579111115494,0.2720363494808184,146,control
3733,564.0,7983.0,563.6103290525195,7982.50009065314,0.16835880279541016,1,0.7102289643379113,0.7131024178351905,146,control
3734,530.0,8111.0,529.3000282507971,8110.660571405966,0.14871709048748016,1,0.990281753856473,0.40813120673230213,146,control
3735,629.0,8157.0,628.7500660047932,8156.48010146644,0.21990074217319489,1,0.5760499777524789,0.3032341863726877,146,control
3736,571.0,8044.0,576.0,8043.0,0.10143861174583435,0,4.757564502915984,,146,control
3737,571.0,8055.0,572.0,8055.0,0.18935787677764893,1,0.7738690347600895,,146,control
3738,579.0,8122.0,582.0,8119.0,0.22244705259799957,0,3.8172355906900104,,146,control
3739,659.0,8125.0,661.0,8126.0,0.15057037770748138,1,2.1553395990826285,,146,check
3740,585.0,8045.0,584.7699478696488,8044.399967942471,0.16417236626148224,1,0.5966498050466812,0.2998952506394246,146,control
3741,482.0,8176.0,481.4599412570523,8175.400191995448,0.1411588191986084,1,0.8745416061831793,0.25884495152128906,146,control
3742,748.0,8172.0,746.8799209885907,8171.570114436355,0.15928037464618683,1,1.4104575288186647,0.2727959467867435,147,control
3743,757.0,8188.0,756.3299390497062,8187.450041989239,0.16889427602291107,1,0.9849421854861602,0.2679322512517731,147,control
3744,807.0,8116.0,805.0501006264055,8116.2101422956075,0.1374901831150055,1,2.2946716581721627,1.4923692053421587,147,control
3745,734.0,8056.0,728.0,8052.0,0.12609252333641052,0,7.295068570282497,,147,control
3746,707.0,8144.0,707.1797247349616,8143.12975037796,0.13918328285217285,1,0.5728976391633037,0.4398159065020745,147,control
3747,762.0,8126.0,757.0,8128.0,0.1422404944896698,0,5.767383607251599,,147,control
3748,712.0,8088.0,709.9802268472396,8087.260136732447,0.12550698220729828,1,2.3490806055326696,1.2214248505470502,147,control
3749,828.0,8170.0,825.0099031805923,8170.729998469428,0.13285882771015167,0,3.4331523416047505,1.2409529810163027,147,control
3750,759.0,8048.0,754.2296000471259,8048.010018714952,0.10569698363542557,0,5.0703936311387805,2.587279222208296,147,control
3751,728.0,8155.0,726.3200385206285,8154.700043598066,0.1177116334438324,1,1.965865010282838,0.788196364227404,147,control
3752,746.0,8122.0,745.4402887482025,8121.750332288524,0.13560399413108826,1,0.8486686645882255,0.8074028639934213,147,check
3753,785.0,8005.0,784.1203231442232,8004.500290842487,0.14342442154884338,1,1.1879685685189656,0.38854201136043615,147,control
3754,811.0,8053.0,810.3299045155247,8052.739908278807,0.10429015755653381,1,0.9604180378696965,0.9155752862800001,147,control
3755,736.0,8144.0,734.9700531476738,8143.599997587839,0.19444163143634796,1,1.3195655941598337,0.2862120657481259,147,control
3756,816.0,8174.0,815.2802191736051,8173.2504416957445,0.13816438615322113,1,1.098706687596136,0.6357334118391554,147,check
3757,682.0,8129.0,682.7495661298138,8128.279954022153,0.13330253958702087,1,0.6188710434817818,0.6169336671860143,147,control
3758,802.0,8016.0,801.6899508341857,8015.379957414669,0.10678958147764206,1,0.6801954930297545,0.2684443126666886,147,control
3759,785.0,8031.0,784.8399409024752,8030.479844334024,0.10978689044713974,1,0.5004118689113559,0.18383856486834824,147,control
3760,787.0,8062.0,786.4799225537023,8061.570061406064,0.14424049854278564,1,0.8192562099746142,0.3648245757957722,147,check
3761,771.0,8183.0,769.7400488090766,8182.610099632021,0.12068890035152435,1,1.546467561974266,0.29616802781597246,147,control
3762,719.0,8132.0,721.0,8131.0,0.16248510777950287,1,1.8480040640892148,,147,control
3763,769.0,8017.0,774.4002360679016,8015.0607234997115,0.11528255045413971,0,5.364406184056089,1.6151674337777673,147,check
3764,695.0,8141.0,696.2403635796865,8140.279909885207,0.11703071743249893,1,1.0388035362577497,0.4412126211561028,147,check
3765,824.0,7970.0,824.5899512899563,7969.350076850205,0.10145687311887741,1,0.45873919269099916,0.4064814364349201,147,control
3766,838.0,7991.0,836.0,7989.0,0.17880158126354218,1,2.853525883134953,,147,control
3767,673.0,8097.0,674.5201091999792,8096.219806839893,0.10082235187292099,1,1.3184248706348694,0.9130126991288533,147,check
3768,725.0,8079.0,724.0,8076.0,0.1502417027950287,0,2.9867116472072714,,147,control
3769,775.0,8131.0,774.109941236275,8130.440012861707,0.11012210696935654,1,1.2039335089620002,0.6507228839534955,147,control
3770,811.0,7993.0,810.0,7993.0,0.13337306678295135,1,1.3266806867063514,,147,control
3771,805.0,7984.0,805.2500798929981,7983.390035530727,0.15878736972808838,1,0.3115128960036207,0.5296906537317077,147,control
3772,723.0,8105.0,723.2400774740896,8104.320432206042,0.15253737568855286,1,0.3763690521001996,1.4169368939216458,147,control
3773,705.0,8127.0,704.06014301151,8125.890144873454,0.14913290739059448,1,1.4663420381818872,0.4524194095610506,147,control
3774,671.0,8107.0,673.0,8105.0,0.10115088522434235,1,2.4062294522132355,,147,control
3775,581.0,8216.0,580.940093295746,8215.18052555684,0.14918595552444458,1,0.6120865415656611,0.4593151016488456,150,control
3776,596.0,8238.0,596.2601713311211,8237.7000395563,0.26344406604766846,1,0.027060198510011523,0.5095812527941969,150,control
3777,599.0,8249.0,598.8401732324594,8248.580514646934,0.1548425257205963,1,0.4555784618453398,0.711361932203417,150,control
3778,617.0,8224.0,616.6699429578977,8223.439954528387,0.27666985988616943,1,0.6622670624076963,0.11772355122491689,150,control
3779,608.0,8377.0,608.55984143398,8376.150202318437,0.10179319232702255,1,0.6053520715421494,0.7137494482163423,150,control
3780,626.0,8387.0,625.6500188622881,8386.750484879594,0.15203271806240082,1,0.6301312471972272,0.6896699679118923,150,check
3781,579.0,8272.0,578.7499056526576,8271.660229425086,0.15183036029338837,1,0.533118823167765,0.9148592870493288,150,control
3782,509.0,8339.0,510.7599825719437,8338.050365713365,0.11762097477912903,1,1.6088163710846124,0.5935863601379697,150,check
3783,629.0,8193.0,629.5197193628522,8192.189662643214,0.11014717817306519,1,0.5512973404431345,0.3869949219913113,150,control
3784,635.0,8220.0,635.8602989721579,8219.69025562937,0.20034117996692657,1,0.5762430368456941,0.7786783923387133,150,check
3785,554.0,8243.0,554.3899428567041,8242.390182754276,0.13073012232780457,1,0.3131081319943129,0.3947719045547238,150,check
3786,582.0,8235.0,582.0200622968283,8234.50013718363,0.3056521415710449,1,0.32288230567793197,0.2636976278708643,150,control
3787,515.0,8224.0,515.170195804873,8223.400559101223,0.12272972613573074,1,0.3052587802922982,0.5517966371610785,150,control
3788,597.0,8202.0,596.6200413240666,8201.670083488167,0.2761286497116089,1,0.6654577698338154,0.18637150315010062,150,control
3789,620.0,8408.0,621.0,8408.0,0.14323563873767853,1,0.7892073245897168,,150,control
3790,547.0,8383.0,548.5498996774417,8381.769937328083,0.11704166978597641,1,1.5657455727589962,0.48956998676909774,150,control
3791,500.0,8297.0,498.3398382530268,8297.210040341284,0.10393467545509338,1,2.0129218038874215,1.4897806505037587,150,control
3792,562.0,8298.0,561.8700363041073,8297.729983821606,0.14122921228408813,1,0.41393905616828036,0.2697055813053037,150,check
3793,578.0,8320.0,578.0900447235967,8319.66001326216,0.19673651456832886,1,0.1919209712838308,0.5050044435196448,150,control
3794,640.0,8280.0,640.1400657400739,8279.50002051699,0.13729138672351837,1,0.23529993147114858,0.16305922860332497,150,control
3795,534.0,8304.0,538.5801359962998,8301.780877121866,0.16231639683246613,0,4.700813042303841,1.1986406403127767,150,control
3796,623.0,8317.0,624.2801207451041,8316.139775334741,0.10284843295812607,1,1.140087024526619,0.5958959143272964,150,control
3797,476.0,8294.0,477.01996286503396,8293.250134249045,0.1747005581855774,1,0.8539445836717247,0.46604407395472763,150,control
3798,599.0,8301.0,598.7901546095256,8300.839976697922,0.14786244928836823,1,0.5143280921294475,0.36965700631733694,150,control
3799,613.0,8258.0,612.9298332284799,8257.259985789598,0.14003337919712067,1,0.5540857403117277,0.14864742388617996,150,control
3800,584.0,8355.0,584.780163993447,8354.740108339167,0.1598348468542099,1,0.5044679036745442,0.3381151923192335,150,check
3801,608.0,8407.0,607.5998559897843,8406.98047343809,0.15081384778022766,1,0.737938009152932,1.1360020161604547,150,control
3802,518.0,8290.0,518.4200646444957,8289.500057638194,0.16169945895671844,1,0.22877988937370713,0.2864462711764054,150,control
3803,498.0,8287.0,499.59962505005007,8285.839935857417,0.10952328890562057,1,1.5631068474194618,1.1701743485215748,150,control
3804,573.0,8353.0,573.8595693542161,8352.39930525732,0.10777769237756729,1,0.6468543700408029,0.613632652649333,150,control
3805,553.0,8300.0,553.8298390517724,8299.160238074755,0.1500699371099472,1,0.7583990490853735,0.7118918333674772,150,control
3806,511.0,8308.0,511.0800792324132,8307.400012953725,0.106269471347332,1,0.34676354271929427,0.30244428452575056,150,control
3807,553.0,8226.0,553.1301175482275,8225.080153410327,0.1802736520767212,1,0.624249660346625,0.32290141009711754,150,control
3808,518.0,8351.0,519.609884859345,8350.879944852222,0.12346713244915009,1,1.3448988034631693,1.151011480674567,150,check
3809,642.0,8263.0,641.3699786014201,8262.179915772993,0.21548770368099213,1,1.0443125331228402,0.13698454479164804,150,check
3810,525.0,8252.0,525.8201148484101,8251.080244887578,0.1436835378408432,1,0.8070901955110635,0.4894995508771233,150,control
3811,507.0,8250.0,506.8500722423016,8249.43011491965,0.13349926471710205,1,0.5022334392259261,0.25683664197758266,150,control
3812,648.0,8343.0,647.2901987966691,8342.60951358282,0.11391695588827133,1,0.9914558728240891,1.143100707536208,150,control
3813,535.0,8209.0,535.7100343431301,8208.720095224344,0.1164812296628952,1,0.4258853434601105,1.4124280939042437,150,control
3814,633.0,8407.0,632.5900256613484,8406.73034442758,0.14534583687782288,1,0.6873055466084322,0.46756205067026885,150,control
3815,549.0,8274.0,549.3503233120703,8273.609790601595,0.12799064815044403,1,0.10060484599571988,0.5259298154493662,150,control
3816,606.0,8364.0,606.5400443530962,8363.620205653473,0.12044786661863327,1,0.27002117712585333,0.34479114093609736,150,control
3817,551.0,8212.0,551.9599777476233,8211.110259418017,0.12586474418640137,1,0.8862794351920642,0.5235654203379804,150,control
3818,554.0,8331.0,554.1300195066832,8330.79028320798,0.1312778741121292,1,0.1840184335518915,1.262900606653047,150,control
3819,628.0,8273.0,627.7899252535199,8272.569969928814,0.25358012318611145,1,0.5058011999026235,0.35508869626212275,150,check
3820,570.0,8369.0,570.2700241974304,8368.780169231983,0.1753843128681183,1,0.09642059168134473,0.3910630452195037,150,control
3821,497.0,8313.0,497.25004277179477,8312.670034435148,0.11198163777589798,1,0.03352870934260873,0.2193210954240961,150,control
3822,528.0,8337.0,479.0,8419.0,0.10233725607395172,0,95.94210396204757,,150,control
3823,528.0,8337.0,530.3398871125671,8335.929643709685,0.10338222235441208,1,2.1930872384706133,0.8798919467768814,150,control
3824,766.0,8245.0,766.0299508940908,8244.340135222652,0.1809278279542923,1,0.43421183783649764,0.3730305857762049,151,check
3825,760.0,8277.0,760.930115614776,8276.129994123818,0.1011592224240303,1,0.8601618080956546,0.43903135684951494,151,check
3826,731.0,8407.0,731.3699469122314,8406.360180220145,0.14877401292324066,1,0.343950551834852,0.23617690654747253,151,control
3827,722.0,8225.0,721.8600602713585,8224.520115893258,0.17026154696941376,1,0.45655549378572624,0.5399158821324982,151,control
3828,679.0,8378.0,679.3900196216396,8377.86991963747,0.13363979756832123,1,0.21369422169214505,0.6839075643048601,151,control
3829,756.0,8258.0,753.1498403867048,8257.170147884133,0.1760348379611969,0,3.174684312739654,0.7293660017813948,151,control
3830,741.0,8342.0,740.8001415063036,8341.850375711729,0.198528453707695,1,0.5030465389358532,0.72585235298228,151,control
3831,732.0,8373.0,732.6299683037968,8372.249949968787,0.21889303624629974,1,0.5654461855868802,0.550918573630192,151,control
3832,702.0,8383.0,702.660185546111,8382.639827669907,0.26456862688064575,1,0.38721578360502396,0.48931315088363725,151,check
3833,755.0,8236.0,754.969868802922,8235.019859455968,0.1626809686422348,1,0.7426088419492043,0.534439893271024,151,check
3834,730.0,8358.0,726.8901011879574,8356.239988390382,0.17236709594726562,0,3.6847413007951935,0.5896645448936909,151,control
3835,791.0,8249.0,790.3800408728835,8248.709918937755,0.12218204140663147,1,0.9011559792350888,0.1570003907379034,151,control
3836,820.0,8303.0,816.2901965321112,8304.45030966322,0.11542601883411407,0,4.357122832907318,1.3983610563328441,151,control
3837,753.0,8358.0,753.4702033953979,8357.569537602962,0.15432420372962952,1,0.22909657219605487,1.055573927831835,151,control
3838,704.0,8400.0,704.1901175069391,8399.990559444199,0.1325875222682953,1,0.31281119675337965,1.018796884459234,151,control
3839,686.0,8270.0,684.4500299929309,8269.789927905034,0.14711953699588776,1,1.834014278989311,0.6361025583001987,151,control
3840,776.0,8348.0,773.9998422348862,8348.189995343793,0.1337207853794098,1,2.3306262831196696,0.44188745767524124,151,check
3841,764.0,8203.0,763.430057912089,8202.579926075203,0.19504423439502716,1,0.8609726388290299,0.1207227099319687,151,control
3842,801.0,8359.0,801.0801521490624,8358.850015105754,0.14140845835208893,1,0.25032411611592714,0.5421372926066957,151,control
3843,831.0,8252.0,830.0,8252.0,0.10219370573759079,1,1.31591021495418,,151,control
3844,789.0,8359.0,790.0,8360.0,0.16347149014472961,1,1.4933274988329273,,151,control
3845,673.0,8260.0,674.019603520324,8258.989990952305,0.12700317800045013,1,1.0168519007122265,0.42211114780971215,151,control
3846,826.0,8352.0,827.1698256606267,8351.310017412134,0.12309498339891434,1,0.9732446849339735,0.6440481107652505,151,control
3847,710.0,8342.0,709.939920753824,8341.570122390898,0.11719891428947449,1,0.35878959584621667,0.22383993051515202,151,check
3848,717.0,8198.0,716.6694535599908,8197.219542010906,0.10937491804361343,1,0.7755249716519366,0.6737965417670566,151,control
3849,682.0,8401.0,682.5699301560958,8400.510073572646,0.12082216143608093,1,0.3442339864274206,0.2029509933619075,151,control
3850,735.0,8196.0,734.7898220379319,8195.260364956173,0.16567964851856232,1,0.6569609311816316,0.7439808398515748,151,control
3851,702.0,8215.0,697.37993196731,8215.61951764995,0.1466059684753418,0,4.990689361838701,1.9786824065208073,151,control
3852,716.0,8269.0,719.0,8269.0,0.15171697735786438,1,2.736441010288392,,151,check
3853,812.0,8322.0,813.3093626170325,8320.710420396463,0.10505235940217972,1,1.4262793493247996,1.1869399416051172,151,control
3854,824.0,8244.0,816.0,8239.0,0.10166913270950317,0,9.52016370727573,,151,control
3855,781.0,8304.0,780.7801759897551,8303.620241384428,0.14322350919246674,1,0.5040355291514202,0.16558850935327768,151,control
3856,777.0,8228.0,776.8499634012209,8227.309846324953,0.12925565242767334,1,0.5787081363936476,0.21762693349850976,151,control
3857,719.0,8353.0,719.120061776565,8352.559885054983,0.18475207686424255,1,0.2046161478756595,0.30081620403321135,151,control
3858,695.0,8267.0,695.1698654333444,8266.010018585966,0.1696963608264923,1,0.6897542372514031,0.6386048227808849,151,control
3859,824.0,8267.0,824.0,8266.0,0.12914641201496124,1,0.7504931520122544,,151,control
3860,800.0,8259.0,798.9299180769444,8258.619988293776,0.1182483360171318,1,1.3527270966992708,0.2542202995980267,151,control
3861,707.0,8193.0,705.4999663544219,8192.180330735015,0.10646908730268478,1,1.8564176459089936,1.1472099768153683,151,control
3862,791.0,8288.0,790.6901443947454,8286.919963127326,0.11741930991411209,1,0.9733176251303299,0.44916944085306093,151,check
3863,831.0,8285.0,829.0200357816832,8283.700136401074,0.1772758811712265,1,2.4689848017237015,0.60715357816715,151,control
3864,823.0,8317.0,820.2100374962914,8316.76976358939,0.1653239130973816,1,3.068629014313076,2.705557699320805,151,control
3865,767.0,8311.0,764.3091554119435,8312.449618133873,0.12868286669254303,0,3.449996289141312,2.6922837013960694,151,control
3866,724.0,8312.0,724.7998788773807,8311.890102578207,0.18896140158176422,1,0.5574219962427366,0.6777127872794545,151,control
3867,808.0,8313.0,810.1504223296488,8312.810032368125,0.1125732809305191,1,1.8758854658796855,1.1024191477751277,151,control
3868,720.0,8240.0,719.179773852473,8239.729884518798,0.14960630238056183,1,1.103132862168055,0.4633791557192497,151,check
3869,543.0,8542.0,543.0600250191139,8541.78014139108,0.11936825513839722,1,0.23313069555559754,0.21741960574314043,154,control
3870,533.0,8607.0,533.2501781280207,8606.590303812402,0.1746969372034073,1,0.09135500034795015,0.24927219673457177,154,control
3871,611.0,8605.0,610.1601027185288,8604.249891570975,0.20794948935508728,1,1.1892073598006132,1.8904772985762224,154,control
3872,488.0,8413.0,489.2196968020408,8412.309887552414,0.10159467905759811,1,1.0125225899456471,0.3075292374585139,154,control
3873,646.0,8480.0,646.3300624096241,8479.490178321234,0.19982820749282837,1,0.20426679955967697,0.25680823062299707,154,control
3874,535.0,8493.0,535.7799530690572,8492.38983673163,0.10399958491325378,1,0.5845036292985751,0.193587124566763,154,control
3875,543.0,8626.0,542.1499953713186,8625.059887075866,0.2604798972606659,1,1.2779485814571403,0.5059255285758262,154,check
3876,661.0,8532.0,661.0800939447286,8531.23027877035,0.1940247118473053,1,0.49401592386599485,0.5988244389954677,154,check
3877,551.0,8491.0,551.6799190551392,8490.619955149845,0.15237079560756683,1,0.41145448956369085,0.26565955023939036,154,control
3878,657.0,8568.0,656.3296210614425,8567.760430677898,0.16803878545761108,1,0.9419798255835966,0.8183640590948992,154,control
3879,651.0,8419.0,652.5701197393838,8419.080079167921,0.1875898241996765,1,1.353260382676266,0.6254017192667015,154,check
3880,519.0,8485.0,519.8599249796252,8484.569979209115,0.12581254541873932,1,0.5964971876525931,0.21001289487664418,154,check
3881,570.0,8414.0,570.3500702859121,8413.430181207514,0.1996203362941742,1,0.26394047311740515,0.3578627465045414,154,control
3882,616.0,8557.0,614.0,8561.0,0.10636480897665024,0,4.876378252780937,,154,control
3883,588.0,8413.0,587.8299185327152,8412.590107729313,0.26053982973098755,1,0.45609747619246793,0.26975779761210456,154,control
3884,656.0,8511.0,656.1700550166324,8510.580024181241,0.2658086121082306,1,0.14664812397011492,0.19975044685165066,154,control
3885,603.0,8612.0,602.3899004324718,8611.710181502185,0.10573863983154297,1,0.8778340609969497,0.38528263826806347,154,control
3886,560.0,8448.0,561.5598534302881,8447.030335363695,0.13332237303256989,1,1.4410917251708402,1.409746232708424,154,control
3887,621.0,8444.0,620.3701219121896,8444.040185385013,0.15950645506381989,1,0.9713955787545231,0.9945676047209788,154,control
3888,536.0,8581.0,535.9599047664813,8580.690124572879,0.14654260873794556,1,0.3096531355242702,0.26594174843877655,154,control
3889,527.0,8630.0,529.0,8624.0,0.1125599816441536,0,5.937808938026853,,154,control
3890,509.0,8460.0,509.89993808068675,8459.46998490342,0.15978337824344635,1,0.6594436155698885,0.35000448501092074,154,control
3891,590.0,8520.0,591.2999591824341,8519.240303985103,0.10733751952648163,1,1.1198571377136788,1.296222568444995,154,control
3892,536.0,8627.0,543.0,8625.0,0.1369505375623703,0,6.939070390296093,,154,check
3893,622.0,8603.0,621.6499151952509,8602.64995105519,0.12309906631708145,1,0.6184982294834651,0.4491081587394742,154,check
3894,612.0,8579.0,612.3298410081619,8578.160171786893,0.15333548188209534,1,0.527004654980636,0.29252896942765483,154,control
3895,635.0,8537.0,634.0,8537.0,0.20035386085510254,1,1.3086909266914208,,154,control
3896,665.0,8487.0,665.8099345200578,8486.470105547332,0.17670048773288727,1,0.5799345164415128,0.3222617229888753,154,control
3897,587.0,8484.0,587.1999023726715,8483.759890965708,0.1358068883419037,1,0.10572836558841948,1.8443414680208272,154,control
3898,567.0,8574.0,571.0,8578.0,0.11112402379512787,0,5.706677340696789,,154,check
3899,590.0,8602.0,591.289513444659,8600.749626046862,0.16319702565670013,1,1.383409813093677,0.6733746254494296,154,control
3900,521.0,8419.0,523.529491551447,8417.790188011428,0.10184409469366074,1,2.4227556797257446,2.0353043864943663,154,control
3901,625.0,8431.0,625.2599631872315,8430.270033413239,0.1407485455274582,1,0.41605866213264686,0.2864973117912212,154,control
3902,497.0,8478.0,498.0,8477.0,0.1403072476387024,1,0.9942925307237805,,154,control
3903,615.0,8507.0,617.0,8506.0,0.18861021101474762,1,1.8588997509020673,,154,control
3904,538.0,8438.0,538.6198092520535,8437.449943947695,0.18994097411632538,1,0.4150799012846216,0.4425218285569822,154,control
3905,527.0,8453.0,527.4499955232421,8453.049926887712,0.21542879939079285,1,0.4080291368458802,0.468058173460678,154,control
3906,499.0,8414.0,500.1000898247085,8413.290148611371,0.18411050736904144,1,0.9108802762012423,0.3094186334546134,154,control
3907,508.0,8470.0,508.0300358070482,8469.670270419942,0.11522158980369568,1,0.2447280498772463,0.4915252367640094,154,control
3908,598.0,8575.0,604.0,8575.0,0.1208626851439476,0,5.739851492662734,,154,check
3909,543.0,8551.0,543.1601412299821,8550.93002539879,0.11255338788032532,1,0.27252838525765666,0.3582532199338672,154,control
3910,563.0,8617.0,563.0201881792752,8616.58000820766,0.23193757236003876,1,0.2671797955580889,0.26425530425440535,154,control
3911,479.0,8420.0,480.53996215614615,8419.240203227551,0.1173313707113266,1,1.3371579694328901,0.8415496648408083,154,control
3912,606.0,8473.0,607.7998298243622,8472.26010113048,0.16851040720939636,1,1.5844143457013429,0.5159736712276343,154,check
3913,570.0,8627.0,569.7099097219478,8626.660091546331,0.20305868983268738,1,0.5575081354820068,0.4811027314773461,154,control
3914,723.0,8411.0,723.3300690384104,8410.440178516872,0.15773652493953705,1,0.256189005898179,0.20471547780162505,155,control
3915,803.0,8498.0,802.970204348494,8497.430134741517,0.12068359553813934,1,0.3986631735158583,0.27352655394719005,155,control
3916,812.0,8616.0,811.0,8616.0,0.1329575479030609,1,1.301794823092938,,155,control
3917,775.0,8580.0,774.439913623391,8579.550453908469,0.16503046452999115,1,0.8386927486590893,0.6277742801887954,155,control
3918,795.0,8620.0,794.3199272215115,8619.51017300444,0.13653314113616943,1,0.9620737013963495,0.33026715886896746,155,control
3919,818.0,8608.0,817.7600804845025,8607.399970529494,0.11264185607433319,1,0.5835082549202177,0.591331933532683,155,control
3920,804.0,8574.0,804.0,8572.0,0.20717988908290863,1,1.7129590131698715,,155,control
3921,674.0,8477.0,674.2197832987265,8476.510553561267,0.1308671087026596,1,0.18455606883065084,0.6109334827317598,155,control
3922,797.0,8489.0,797.070073968512,8488.440011471457,0.22623950242996216,1,0.3225262044724692,0.1426302371359699,155,control
3923,699.0,8435.0,700.0001020833089,8434.230003012839,0.21449382603168488,1,0.8590557174158534,0.20588493358046445,155,control
3924,779.0,8527.0,778.0,8534.0,0.1020251139998436,0,7.417967326575031,,155,control
3925,703.0,8597.0,703.2999099359372,8596.699904458046,0.1768624484539032,1,0.035359873230152994,0.33345905094219885,155,check
3926,730.0,8445.0,738.0,8444.0,0.14827194809913635,0,7.757673381571089,,155,control
3927,805.0,8528.0,804.5500456397257,8527.610207018359,0.20140530169010162,1,0.723393553348348,0.5956881931582144,155,control
3928,777.0,8534.0,777.4100858312469,8533.369924245373,0.21687011420726776,1,0.3510868585042113,0.27315568213911495,155,control
3929,798.0,8554.0,795.4299185140984,8554.719523887457,0.16384901106357574,1,3.018079371969888,0.8526956452126545,155,control
3930,755.0,8532.0,754.4399254907136,8531.49032156751,0.14439214766025543,1,0.8529795878977503,0.2818133959454727,155,check
3931,752.0,8481.0,752.6699324163324,8480.490086908474,0.14919903874397278,1,0.4462616386015918,0.38725780831836754,155,control
3932,762.0,8484.0,762.4700376757405,8483.819532711988,0.21428625285625458,1,0.23671611401186152,0.19980207057089225,155,control
3933,776.0,8628.0,775.6099272835773,8627.559946104311,0.19856148958206177,1,0.6675931352726646,0.47103803068329814,155,control
3934,676.0,8455.0,676.3700397152396,8454.660182959089,0.25664594769477844,1,0.10055618201934358,0.44884059613255456,155,control
3935,711.0,8529.0,711.3699681888404,8528.170313539298,0.11573774367570877,1,0.5277841512086241,1.623636658434302,155,control
3936,787.0,8521.0,787.2198970558796,8520.77002615382,0.16644833981990814,1,0.09240497976762256,0.536521323491407,155,control
3937,721.0,8581.0,721.180036416903,8580.720024959208,0.221918985247612,1,0.09287711729605067,0.4599169825791279,155,control
3938,765.0,8465.0,764.8301876614387,8464.560115672255,0.1786654144525528,1,0.46087721626774064,0.1812041402787418,155,control
3939,735.0,8578.0,735.0600263448712,8577.770141430208,0.20620609819889069,1,0.22261292940844155,0.34505553077186996,155,check
3940,818.0,8507.0,817.7100515779745,8506.590095733005,0.14708468317985535,1,0.5689092672821068,0.26977212271326334,155,control
3941,703.0,8471.0,699.8501806964257,8469.729587355692,0.2172040194272995,0,3.554088879443136,1.3019043547888163,155,control
3942,669.0,8503.0,669.4900299009125,8502.760065901173,0.24971507489681244,1,0.2306077706744878,0.1967438304561513,155,control
3943,764.0,8569.0,763.6896524098169,8568.689683224698,0.17039871215820312,1,0.5777426590913098,0.53263294647016,155,control
3944,699.0,8458.0,699.2399222315048,8457.550162241872,0.16305379569530487,1,0.1424717046828435,0.19807194118329302,155,control
3945,733.0,8628.0,732.8498932650716,8627.780109637399,0.12859007716178894,1,0.42528537608408695,0.540207108941948,155,control
3946,782.0,8494.0,782.1797990418609,8493.539885262226,0.16971683502197266,1,0.17706474478899803,0.2479853627011477,155,check
3947,718.0,8572.0,718.1894503930667,8571.140008990484,0.16877636313438416,1,0.5538746598167793,0.8732885506681696,155,control
3948,792.0,8609.0,791.6100611850604,8608.549950056218,0.1119377538561821,1,0.6703133970350941,0.29295430626746993,155,check
3949,745.0,8525.0,744.8197953409107,8524.49023545778,0.17877072095870972,1,0.49210780344718885,0.2848482163489506,155,control
3950,688.0,8546.0,687.7800302854422,8545.66050246659,0.1064617708325386,1,0.48994530847890416,0.4553376699346844,155,check
3951,823.0,8469.0,823.0,8469.0,0.21450673043727875,1,0.40878956564028196,,155,check
3952,802.0,8516.0,802.3000479436777,8515.600173913555,0.1653183251619339,1,0.09741682931186721,0.44301558589163315,155,control
3953,818.0,8520.0,818.4100780056889,8519.370189396825,0.18602365255355835,1,0.3525608783186624,0.603697997998923,155,check
3954,760.0,8502.0,759.0,8501.0,0.2223028987646103,1,1.4461104128588187,,155,control
3955,717.0,8627.0,711.659438951296,8631.359407561633,0.13806769251823425,0,7.297463570248599,0.713353544939574,155,control
3956,727.0,8480.0,728.0099269797302,8479.579866480619,0.20968307554721832,1,0.7463784161869698,0.5060266909426995,155,control
3957,800.0,8594.0,799.0506523349036,8593.960556652097,0.11093275249004364,1,1.244653981058051,1.3343824800004076,155,control
3958,551.0,8811.0,550.7801679707188,8810.710108456551,0.22399339079856873,1,0.48007322678832604,0.4760244135323399,158,control
3959,613.0,8784.0,612.3801656875441,8783.680320695095,0.11853740364313126,1,0.8795202056598163,0.3976095818635091,158,control
3960,577.0,8749.0,576.6799496765417,8748.330221436003,0.17529718577861786,1,0.6788286547546313,0.3974626411135597,158,control
3961,549.0,8850.0,549.5001398351444,8848.959937781427,0.19166342914104462,1,0.7578072001574927,0.37900062493468833,158,control
3962,583.0,8776.0,581.0604453486578,8775.580286487699,0.11559204757213593,1,2.202202774764846,0.5244971778317674,158,check
3963,575.0,8757.0,574.6302679249372,8756.989958811668,0.13809622824192047,1,0.7030298483035942,0.5845055006663061,158,control
3964,640.0,8816.0,640.0100079154157,8814.940001560524,0.10376852005720139,1,0.7825299846247368,0.26639386016256833,158,check
3965,566.0,8782.0,564.6901604328181,8781.740228983079,0.14823223650455475,1,1.571322253632819,1.1936975689766514,158,check
3966,543.0,8808.0,542.9099659469541,8807.230119743972,0.2244442105293274,1,0.5681139868506798,0.4109866945207779,158,control
3967,569.0,8793.0,568.6599377584891,8792.450085739229,0.21392296254634857,1,0.6421612695833477,0.2987458683266907,158,control
3968,546.0,8763.0,545.7699266575327,8762.559967316427,0.10729703307151794,1,0.5055513014565985,0.5257241651898491,158,control
3969,549.0,8841.0,548.9801075935791,8840.130265904056,0.19387418031692505,1,0.6141047973463144,0.3187453399513703,158,control
3970,585.0,8654.0,584.4899144955382,8653.659929803945,0.13075298070907593,1,0.7760610943708328,0.2623954253121999,158,control
3971,592.0,8794.0,592.0699440443005,8793.420007636934,0.1978321224451065,1,0.3220208554686913,0.4269261128482432,158,check
3972,528.0,8714.0,527.0,8714.0,0.14805004000663757,1,1.3039637253239926,,158,control
3973,531.0,8796.0,531.1499528825935,8795.409753130667,0.10649391263723373,1,0.2896514287556995,0.47949368062502234,158,check
3974,603.0,8633.0,602.5499023934489,8632.720070099449,0.16054219007492065,1,0.7174658736459432,0.2556289181984835,158,check
3975,587.0,8644.0,586.0699002298182,8643.779873652607,0.18646393716335297,1,1.2002067247393569,0.3506938247794486,158,control
3976,535.0,8847.0,534.249895612739,8846.780030091964,0.16863581538200378,1,1.0131316630442906,0.5849843069077217,158,control
3977,524.0,8790.0,523.2297871078849,8789.54028961819,0.1198999285697937,1,1.0397093775324198,0.4340924154376577,158,control
3978,561.0,8637.0,560.3198939485945,8636.819906640028,0.20490233600139618,1,0.956964795877751,0.3624620010523865,158,control
3979,567.0,8828.0,565.1202620948966,8826.990156349499,0.13946041464805603,1,2.246218637028774,0.9239683805568358,158,control
3980,604.0,8819.0,604.2999538149122,8818.310171135483,0.11686290800571442,1,0.37276249028537034,0.6547491244779043,158,control
3981,660.0,8850.0,660.5500177988232,8848.820206196675,0.11368148028850555,1,0.9111447546538994,0.2961288554813364,158,control
3982,583.0,8766.0,581.9001382700328,8765.959990811718,0.14692112803459167,1,1.3891287305693472,0.37068010929501366,158,control
3983,620.0,8842.0,620.1799910831851,8841.179492856427,0.11052707582712173,1,0.5074324683677776,0.35278311293046394,158,control
3984,610.0,8641.0,608.8800296361932,8640.779984951725,0.2789918780326843,1,1.389341652949416,0.19522428886858992,158,control
3985,521.0,8798.0,520.9098293294637,8797.289983020699,0.1744997203350067,1,0.5221308696342299,0.4236415103284352,158,control
3986,613.0,8679.0,610.2200852489177,8679.379899016856,0.15198642015457153,1,3.123065668217231,0.694952868829266,158,control
3987,596.0,8846.0,595.0,8845.0,0.10793749988079071,1,1.4292674217250518,,158,control
3988,650.0,8815.0,649.840008645081,8813.91011171576,0.12720364332199097,1,0.8783295427084732,0.5170680802967433,158,control
3989,571.0,8635.0,570.6406550069291,8635.06997156274,0.11082494258880615,1,0.7369066175541935,1.066855089263675,158,control
3990,593.0,8822.0,592.9700809240834,8821.419865716414,0.16931727528572083,1,0.38826122321259154,0.3375550312889954,158,control
3991,806.0,8684.0,804.3200175019907,8683.770441051349,0.10094723850488663,1,1.943530754704994,0.35816510994925665,159,control
3992,806.0,8655.0,805.100019495081,8654.850013844489,0.2747482657432556,1,1.1739464043805128,0.1330972642980655,159,check
3993,815.0,8801.0,813.4699835131712,8800.139929187077,0.11051435023546219,1,1.8694854398750858,0.6448565333697989,159,control
3994,776.0,8794.0,774.7899358595779,8793.489970241835,0.12664318084716797,1,1.4808602230083878,0.4867421060712333,159,check
3995,776.0,8688.0,775.1401373954586,8687.930155323002,0.1833455115556717,1,1.1474412440900028,0.16440683936985925,159,control
3996,741.0,8663.0,740.4400473313958,8662.630059781048,0.14320525527000427,1,0.8255573618255859,0.25600225355920814,159,control
3997,797.0,8824.0,797.000088954722,8823.27026800778,0.204751119017601,1,0.49065458615356006,0.2834909141343365,159,control
3998,705.0,8704.0,703.8999128912988,8703.659984159993,0.10085797309875488,1,1.3625034236746116,0.32524307448380324,159,check
3999,721.0,8648.0,720.1199016179077,8647.650411092958,0.10460186004638672,1,1.145130669075933,0.17191884763077542,159,control
4000,790.0,8686.0,788.79001023097,8685.87023781921,0.2389623373746872,1,1.482965948893084,0.2884836543556379,159,control
4001,782.0,8835.0,782.2000124750168,8833.900026906424,0.19605159759521484,1,0.7901231670973332,0.32921458188639324,159,control
4002,730.0,8728.0,729.060203996344,8727.430146673332,0.16967438161373138,1,1.2278201793731922,0.4979738466016681,159,control
4003,800.0,8802.0,799.5601065854318,8801.150210143995,0.18007494509220123,1,0.8809508522508821,0.33151695551742494,159,control
4004,668.0,8729.0,667.2399274055483,8728.569897012165,0.14111651480197906,1,1.0279460864924796,0.4320432793993898,159,control
4005,795.0,8696.0,794.0298977993077,8695.770000964432,0.15358200669288635,1,1.234189106503407,0.18324139586911564,159,control
4006,753.0,8834.0,752.7299746057979,8833.170096115107,0.13321752846240997,1,0.73740419892102,0.19563596451087698,159,control
4007,688.0,8715.0,685.9499007638445,8714.749990436629,0.145994633436203,1,2.312882515691539,0.5648569927086848,159,control
4008,807.0,8721.0,807.980094207021,8720.290000126559,0.11491622775793076,1,0.8237688379820619,0.8367460472208708,159,check
4009,686.0,8725.0,685.3500808919702,8724.350181520536,0.1661134511232376,1,0.9710026251194352,0.31043454415788335,159,control
4010,764.0,8690.0,762.7200409327886,8689.67009674574,0.1900908201932907,1,1.5421955648788266,0.1729098419497035,159,check
4011,800.0,8648.0,793.0,8643.0,0.13750924170017242,0,8.646767483969322,,159,control
4012,774.0,8669.0,772.7000039543337,8668.920225691756,0.19473077356815338,1,1.5798355003415132,0.20279168159538932,159,control
4013,737.0,8640.0,736.3797547027939,8639.780308565481,0.22811566293239594,1,0.889604275155282,0.5258616679955395,159,check
4014,769.0,8795.0,768.5201014389139,8794.190204684455,0.14761470258235931,1,0.8897077929511092,0.6636965052258538,159,control
4015,777.0,8653.0,776.1199173335165,8652.620013483163,0.2449965924024582,1,1.1458091452487467,0.4253884386043262,159,control
4016,814.0,8706.0,812.749910891194,8705.650096888488,0.13803574442863464,1,1.511508910127793,0.16532421612298545,159,control
4017,763.0,8750.0,761.9899456830801,8749.409997070003,0.18313243985176086,1,1.2997087243020908,0.2643987791537832,159,control
4018,810.0,8637.0,806.5501754994442,8638.660078159774,0.13794481754302979,0,4.203221181710405,0.6176010928390747,159,check
4019,758.0,8639.0,759.0200571227849,8638.480402413337,0.191976398229599,1,0.7840150040080646,0.7886623753367069,159,control
4020,763.0,8837.0,762.559601213945,8836.07966446387,0.12426601350307465,1,0.9240269497930411,0.32620197637591825,159,control
4021,732.0,8697.0,731.2499220633914,8696.60989818141,0.15846571326255798,1,1.0152153593234623,0.39806383556492586,159,control
4022,760.0,8769.0,759.3399443781003,8768.380176164617,0.18608306348323822,1,0.9689466240045287,0.21237943619452787,159,control
4023,789.0,8789.0,788.8101295998532,8787.910509378446,0.11899478733539581,1,0.8978925454421847,0.8998701451792511,159,control
4024,788.0,8740.0,788.4298074084597,8739.44005137316,0.11506794393062592,1,0.3019615527410195,0.6164107464750967,159,control
4025,743.0,8842.0,743.210012435889,8840.90002823218,0.1341480016708374,1,0.7877108775353612,0.26218397359048523,159,control
4026,780.0,8723.0,782.0,8725.0,0.10565082728862762,1,2.892272175895227,,159,control
4027,746.0,8852.0,746.2801500407494,8850.860041581771,0.33536607027053833,1,0.8267676510240187,0.37704263775178753,159,control
4028,701.0,8633.0,700.5996688000396,8632.509937148634,0.11132769286632538,1,0.6887518341451448,0.6886562007189161,159,control
4029,628.0,8925.0,628.6599761409569,8924.189954180825,0.22516846656799316,1,0.6371411594674699,0.2016343078973328,162,control
4030,643.0,8875.0,643.2199620824781,8874.250160764192,0.20530077815055847,1,0.43296420472239333,0.3504255254370788,162,control
4031,605.0,8931.0,605.6100559465242,8930.560082592816,0.169845312833786,1,0.37613886027361265,0.340239580346678,162,control
4032,523.0,8902.0,523.7599890717444,8901.060100522785,0.19458197057247162,1,0.7962364236592154,0.18118582298801203,162,check
4033,515.0,8918.0,515.5001213390356,8917.070069926747,0.1328980177640915,1,0.6533039009456518,0.282104300031389,162,control
4034,620.0,8883.0,620.769990293881,8882.079969194561,0.20024339854717255,1,0.7909970516431359,0.1341589956302765,162,control
4035,606.0,8966.0,605.8802219354885,8966.300123318362,0.10952424257993698,1,0.7237580843423143,0.7707544360904074,162,control
4036,649.0,8859.0,649.6902637128987,8858.019966648828,0.11666824668645859,1,0.7918540374678327,0.49857576955282024,162,control
4037,504.0,8900.0,504.809927762286,8899.579839965474,0.1374451369047165,1,0.5622802084643013,0.38151843519616163,162,control
4038,565.0,9061.0,565.1000844571867,9060.360015761751,0.19478164613246918,1,0.34911997458751914,0.6143250342191022,162,control
4039,612.0,9033.0,612.339732192446,9032.010037211061,0.1474606692790985,1,0.674685316022626,0.8319427581351221,162,check
4040,638.0,8961.0,638.8000843052631,8960.369975949905,0.16068512201309204,1,0.6302326777361648,0.20225858002268007,162,control
4041,513.0,8897.0,513.3903391936317,8896.430061760375,0.12501072883605957,1,0.2800899044330796,0.42058330444789943,162,control
4042,652.0,8893.0,652.0297375761577,8891.890394309297,0.12261862307786942,1,0.8227683739804696,0.25872081147996023,162,control
4043,597.0,8945.0,597.8501039959831,8944.219983165609,0.12163089215755463,1,0.7532253585497385,0.16856839059221274,162,control
4044,611.0,8945.0,611.720115239688,8944.080231630005,0.21273347735404968,1,0.7600250218750071,0.13344243297804662,162,check
4045,640.0,8983.0,640.9298411185307,8982.229853331255,0.10921197384595871,1,0.8149888228012221,0.7950399184108803,162,control
4046,532.0,8855.0,532.1899885860212,8854.109892183256,0.20748640596866608,1,0.571159322756907,0.5712981065426059,162,control
4047,592.0,9004.0,593.7501362699279,9002.950103540212,0.18384400010108948,1,1.6671585155867041,0.5001818747473082,162,control
4048,577.0,8965.0,578.4498815081179,8963.909923522722,0.15652085840702057,1,1.4227342824605738,0.2966897745197267,162,control
4049,558.0,8983.0,561.5703026938855,8981.700084567556,0.1648697555065155,0,3.4594764621058776,0.5708474891200657,162,control
4050,648.0,8970.0,649.300061265743,8969.470306997942,0.1648634970188141,1,1.0698292845075708,0.6401117896251174,162,control
4051,599.0,8996.0,600.5200257417646,8994.819937067952,0.14718668162822723,1,1.5324918731241972,0.5373488135814273,162,control
4052,615.0,9012.0,614.0,9011.0,0.12270975112915039,1,1.4222241698327813,,162,control
4053,581.0,8934.0,581.8704580239012,8933.490261650462,0.14817088842391968,1,0.6450058907847145,0.4763873903565062,162,check
4054,643.0,8909.0,645.380067581507,8907.420317799639,0.2835441827774048,1,2.4720143901781766,1.195911857053402,162,control
4055,566.0,8996.0,567.3198781684929,8994.880171556713,0.12202160805463791,1,1.333247157228936,0.8032438307782602,162,check
4056,648.0,8955.0,649.0000622460984,8954.559869145896,0.2165069282054901,1,0.7579940324309239,0.6191038477123264,162,control
4057,605.0,9062.0,606.0,9062.0,0.1565406769514084,1,0.8184219764575322,,162,control
4058,558.0,8856.0,558.5897986988859,8854.559806964291,0.1384521722793579,1,1.1668006283057775,0.7862465072618509,162,check
4059,525.0,8882.0,525.7601096511622,8881.179971390304,0.1680721640586853,1,0.7072774174864008,0.27435134762289515,162,control
4060,607.0,8911.0,607.3797149945689,8910.050440084757,0.10289320349693298,1,0.6416615496202976,0.3875521813162687,162,control
4061,609.0,8886.0,609.6199737104464,8885.18008149265,0.18238915503025055,1,0.6188718565493648,0.306756967691915,162,control
4062,596.0,9074.0,595.0,9073.0,0.12428070604801178,1,1.4193051609086782,,162,check
4063,533.0,8898.0,535.0,8898.0,0.14824645221233368,1,1.774157243077778,,162,control
4064,634.0,8894.0,634.4099785094018,8893.15005376913,0.2556872069835663,1,0.5532733712630941,0.15419155970765475,162,control
4065,565.0,8903.0,566.1800974017369,8902.260026759088,0.12478841841220856,1,1.015120135548586,0.5012377113481441,162,control
4066,612.0,8980.0,615.0,8977.0,0.14322412014007568,0,3.838551509551316,,162,control
4067,595.0,8894.0,595.7803284518399,8893.470245884124,0.1474531590938568,1,0.5653602340407633,0.6962956610687757,162,control
4068,595.0,9064.0,593.0,9064.0,0.1265326589345932,1,2.2706938137304755,,162,check
4069,560.0,8891.0,561.1300035331033,8889.940150045337,0.10868184268474579,1,1.1440511098839372,0.4854281283122373,162,control
4070,589.0,8992.0,590.9499842865519,8991.11999290168,0.1406366527080536,1,1.7884317403617722,0.3814798107866487,162,control
4071,781.0,9021.0,781.9702188673311,9020.350002478814,0.23085454106330872,1,0.7970840847414643,0.2026344095034918,163,control
4072,761.0,8950.0,756.0,8949.0,0.1295718252658844,0,5.295460779682038,,163,check
4073,708.0,8966.0,709.8400165351318,8964.879979257417,0.2258610725402832,1,1.7809358912282547,0.6518516150958923,163,check
4074,788.0,8930.0,787.0103607603249,8930.190410047844,0.21255724132061005,1,1.339078743478376,0.877428204384653,163,control
4075,805.0,9042.0,805.8499992611596,9041.009980074514,0.2144714742898941,1,0.9070337563719401,0.4265338237853899,163,control
4076,738.0,8960.0,741.1297342753942,8959.029876716177,0.13030946254730225,0,2.9527331728139767,0.49212037033534867,163,control
4077,789.0,8958.0,790.3098727756061,8957.979904688225,0.14938436448574066,1,1.0994645988450418,0.47003039070292113,163,control
4078,718.0,9071.0,718.5801157229843,9070.110080376295,0.14409659802913666,1,0.6630474675607578,0.3165223408284671,163,control
4079,678.0,8899.0,678.4499770271333,8898.160059033033,0.18112105131149292,1,0.5584240574636247,0.48428220646632525,163,control
4080,726.0,8889.0,726.6803607257848,8888.200366258727,0.14060120284557343,1,0.6457086497874843,0.5876383125268543,163,control
4081,778.0,8880.0,778.489991453952,8879.050064766467,0.24718263745307922,1,0.6798569350899875,0.2996448003526795,163,control
4082,734.0,9013.0,736.290220073278,9012.419646901973,0.1500450074672699,1,2.0589692314228065,0.4949423329854847,163,control
4083,725.0,8924.0,728.0,8919.0,0.13053080439567566,0,5.431105028795214,,163,control
4084,811.0,8954.0,811.4098193540378,8953.379916380687,0.2314116507768631,1,0.3471662440841776,0.674336253059172,163,control
4085,752.0,8998.0,751.3498462329353,8998.120174594918,0.22486084699630737,1,0.9987155863925679,1.2646131010397716,163,control
4086,739.0,9021.0,739.0,9014.0,0.10468780994415283,0,6.68891145883907,,163,check
4087,719.0,9048.0,720.4002885822498,9046.89966351995,0.14725074172019958,1,1.3942435868730145,0.1810802114920539,163,control
4088,718.0,9017.0,720.340018556014,9015.850045662664,0.24007539451122284,1,2.2515973845293558,0.4795244739543888,163,check
4089,794.0,9022.0,795.139752796868,9021.889878589724,0.12988898158073425,1,0.9153438902848141,0.4733738237975256,163,control
4090,721.0,8934.0,721.2900691304288,8933.470040520733,0.18799683451652527,1,0.21775038856212747,0.5044142691581324,163,control
4091,815.0,8871.0,812.779999857518,8870.86063425976,0.11660648137331009,1,2.4795905572538746,0.42952118595684236,163,control
4092,681.0,8940.0,681.6300850994211,8939.310218798251,0.11989197134971619,1,0.5306105631696293,0.28346577299928344,163,control
4093,682.0,8987.0,686.6299552397024,8987.260347656837,0.20704248547554016,0,4.417964035317436,3.6936196335676423,163,check
4094,764.0,8860.0,764.0799572627454,8859.320009353969,0.2398785948753357,1,0.4065741547976481,0.27445462665153453,163,control
4095,808.0,8893.0,809.0,8891.0,0.12863993644714355,1,1.8466429693753983,,163,control
4096,705.0,9074.0,706.3099948097667,9073.030040981092,0.15028724074363708,1,1.24796451466865,0.6040917892731104,163,control
4097,792.0,8885.0,796.5502032113611,8886.509813595238,0.18804532289505005,0,4.667208449302975,1.1756863830969817,163,control
4098,770.0,8894.0,770.1805057349727,8893.180038810446,0.20828840136528015,1,0.5121477053429384,0.43319921817032647,163,control
4099,781.0,9064.0,781.8100975882007,9063.24011036005,0.16042104363441467,1,0.7191321739261958,0.09739701289255141,163,check
4100,691.0,8992.0,692.1899847377349,8991.080157452092,0.1901586949825287,1,1.1166441158415483,0.2680141490973499,163,control
4101,694.0,8874.0,694.5901979452992,8873.460216821084,0.16767846047878265,1,0.40311725508658874,0.6040089556956122,163,check
4102,793.0,8874.0,793.9500467261286,8872.590260126904,0.22267422080039978,1,1.3001607199454466,0.7204244393421864,163,control
4103,666.0,8894.0,662.0,8895.0,0.11189744621515274,0,4.453679375517289,,163,control
4104,783.0,8893.0,783.4599968098717,8892.039928252598,0.24849022924900055,1,0.6799310709983416,0.19862338033854354,163,control
4105,671.0,8915.0,671.6299498076879,8914.360082114106,0.18245384097099304,1,0.4957656596417274,0.19205706029496436,163,control
4106,793.0,9043.0,787.6097772150359,9041.809410910433,0.1522826999425888,0,5.704459351260627,2.9267747275070577,163,control
4107,808.0,9058.0,807.1801622348571,9055.82976329013,0.17023272812366486,1,2.1410001269896735,0.6129266725261964,163,control
4108,792.0,8910.0,798.0,8910.0,0.12687645852565765,0,5.756353672567806,,163,control
4109,733.0,9031.0,734.0500833270684,9030.370009093836,0.2168598473072052,1,0.861729050615254,0.8441435139792504,163,control
4110,784.0,9040.0,789.2100082651389,9040.01963003547,0.10968536138534546,0,4.974669848939027,1.601850318411365,163,control
4111,751.0,9025.0,752.2698372656569,9024.190163714964,0.16246438026428223,1,1.1355840697391657,0.2712903312176701,163,check
4112,747.0,8875.0,747.6497639944305,8873.819813901513,0.11111330986022949,1,0.9524326399390932,0.30885664223173076,163,control
4113,747.0,8979.0,746.9798740668232,8978.979860938236,0.26495784521102905,1,0.3996281136818324,0.34993143630352297,163,control
4114,777.0,9004.0,776.0398779383138,9003.89013439638,0.23078511655330658,1,1.2254865706644065,0.5451184448287519,163,control
4115,522.0,9264.0,521.9097776894234,9263.650114187825,0.12572501599788666,1,0.33067698983168786,0.32263942232029796,166,control
4116,547.0,9288.0,544.4996799263611,9289.370189590303,0.10843875259160995,1,3.222053145022212,2.1508362921935023,166,control
4117,546.0,9237.0,546.0599732500881,9236.200007171989,0.11843181401491165,1,0.5067106147113087,0.38545450013513866,166,check
4118,661.0,9278.0,660.6098755790442,9277.949944578328,0.11711767315864563,1,0.6840840608416615,0.2962367195417217,166,control
4119,548.0,9268.0,548.8201080261455,9267.219846612612,0.1234101727604866,1,0.7368082777370377,0.6998439437172449,166,control
4120,565.0,9276.0,563.1201135455908,9276.140019274077,0.11112868785858154,1,2.1693202624730596,0.974187340893754,166,control
4121,801.0,9085.0,800.4800087279242,9084.92006394937,0.15547992289066315,1,0.7994023002093311,0.3279142874715457,167,control
4122,799.0,9245.0,798.0400449837284,9244.630139326484,0.19772639870643616,1,1.1986697865472156,0.30942866758930176,167,control
4123,763.0,9245.0,761.9900624142117,9244.500133206358,0.23050709068775177,1,1.2611249538470528,0.5468325263290107,167,control
4124,794.0,9138.0,793.9100799620784,9137.370123108962,0.1406090408563614,1,0.45790168965414213,0.4318326035340805,167,control
4125,788.0,9091.0,788.3201513389811,9089.790312310146,0.10883508622646332,1,0.8985064713887395,0.3742858935475848,167,control
4126,775.0,9254.0,774.0800394596954,9253.700011779893,0.23484738171100616,1,1.1574426444173158,0.3152183706611947,167,check
4127,774.0,9079.0,774.7898404050552,9078.209967424635,0.15328454971313477,1,0.7229352038474103,0.18050540265095283,167,control
4128,703.0,9272.0,702.6401353100836,9271.989956224645,0.13255751132965088,1,0.6729311890446051,0.8215538808613967,167,control
4129,728.0,9262.0,727.1599080901829,9261.600416591626,0.21258358657360077,1,1.0806391744091044,0.49587854253233943,167,check
4130,685.0,9212.0,685.4400990359289,9211.240061307031,0.17596250772476196,1,0.4830187759006789,0.31690215723787996,167,control
4131,711.0,9202.0,710.9500718510237,9201.430128177224,0.19187374413013458,1,0.3836574663398913,0.32384439754091005,167,control
4132,739.0,9206.0,738.6300664743267,9205.480085557352,0.17029446363449097,1,0.6424033747082246,0.2686894918417139,167,check
4133,668.0,9237.0,668.2898423614448,9236.209901136772,0.1775616705417633,1,0.47156271029501584,0.2915201267950352,167,control
4134,678.0,9102.0,678.9499578358995,9101.290124812234,0.2088737040758133,1,0.8058661910832143,0.35663156098703236,167,control
4135,755.0,9211.0,754.2601739826356,9210.680039634557,0.20391343533992767,1,0.97928867941256,0.29158548183955657,167,control
4136,711.0,9292.0,710.8200498863043,9291.570242970316,0.18145635724067688,1,0.43057951325021876,0.39880669398972285,167,control
4137,714.0,9243.0,707.839616027454,9248.959702054606,0.17050965130329132,0,8.9651359849169,0.9734783148775722,167,control
4138,686.0,9243.0,686.5899803921233,9242.159945017907,0.12591832876205444,1,0.6270724118732289,0.5063510443602741,167,control
4139,676.0,9284.0,676.0101511616925,9283.830138479434,0.16151022911071777,1,0.27294355177355584,0.3425149619011232,167,control
4140,792.0,9270.0,791.7400593506419,9269.559967251935,0.22598612308502197,1,0.5116161363789288,0.23071531171737053,167,control
4141,782.0,9203.0,781.2298850204438,9201.889894434318,0.21096931397914886,1,1.2845664214867987,0.8143736283113895,167,check
4142,788.0,9223.0,787.4501122543737,9222.140063024066,0.14311595261096954,1,0.957957030523106,0.34605325712624074,167,control
4143,758.0,9230.0,757.3199402856058,9229.499775316392,0.14661681652069092,1,0.9366995906598337,0.38369170253663853,167,control
4144,724.0,9239.0,723.7797145617362,9238.130095074846,0.18650564551353455,1,0.7171022092576333,0.5805817036059309,167,control
4145,807.0,9132.0,805.839975372164,9132.219845351347,0.20255731046199799,1,1.5005454693023408,0.2995000911026215,167,control
4146,778.0,9292.0,777.6799442445272,9291.429955893273,0.2096095085144043,1,0.6105895949768526,0.522260764795401,167,check
4147,759.0,9172.0,758.3098476507109,9172.140036637908,0.12612643837928772,1,1.037184147571617,0.5630279577287203,167,control
4148,768.0,9282.0,767.539909061363,9281.67006896933,0.1686897873878479,1,0.6964138864340824,0.21324861867221315,167,check
4149,730.0,9207.0,730.0299588486344,9206.28013545742,0.11458179354667664,1,0.4532099430569856,0.22252655974318655,167,control
4150,789.0,9149.0,788.0200874217235,9148.34000523395,0.10592354089021683,1,1.269482890159413,1.4879485542281339,167,check
4151,791.0,9242.0,789.8597818623341,9241.620107676423,0.13476532697677612,1,1.3794104436246066,0.31107668250003123,167,control
4152,807.0,9144.0,807.010274328132,9141.9598767321,0.16785208880901337,1,1.7414458795504124,0.6170427959755777,167,control
4153,672.0,9202.0,672.2199593664709,9201.300027992826,0.16554661095142365,1,0.37984983201134825,0.3858222981405,167,control
4154,705.0,9229.0,704.6799482217989,9228.399956010657,0.2008846551179886,1,0.6256711792607224,0.3120506534717748,167,control
4155,746.0,9254.0,745.4398152593827,9253.409920240576,0.1706634759902954,1,0.842966157567478,0.19017792288102184,167,control
4156,805.0,9203.0,803.0,9203.0,0.10603747516870499,1,2.2613000891181936,,167,control
4157,774.0,9176.0,777.2404977391408,9169.150444609551,0.12901078164577484,0,7.189402466696579,0.9540827679011458,167,control
4158,570.0,9342.0,569.8400338344688,9341.720112459188,0.17625506222248077,1,0.398512149731142,0.18135991457571396,170,control
4159,612.0,9324.0,611.6999933482757,9324.000225378733,0.1276666224002838,1,0.6268804231135994,0.9730848709111319,170,control
4160,538.0,9406.0,538.6299232925427,9405.56008133155,0.12757723033428192,1,0.41185485863073196,0.33283072535938224,170,control
4161,617.0,9344.0,617.1098921187636,9343.83987872087,0.1998242437839508,1,0.20681981089367607,0.2901122728940325,170,control
4162,547.0,9376.0,547.4799305082458,9375.51006164083,0.1368933469057083,1,0.29395157210839373,0.3610399971907178,170,control
4163,546.0,9359.0,546.0001179279033,9359.139870789264,0.13268521428108215,1,0.5236127158318568,0.3501951078716611,170,check
4164,629.0,9382.0,629.6699165072453,9381.610086438941,0.14035160839557648,1,0.4414051025681544,0.38320787660400757,170,control
4165,570.0,9309.0,570.8101239098676,9308.129713063277,0.1203436478972435,1,0.7900045384798078,0.8160870896859866,170,control
4166,540.0,9328.0,540.1899462907744,9327.370156317385,0.10887507349252701,1,0.30558716093088,0.7842547795511214,170,control
4167,600.0,9357.0,599.8401464593431,9356.89998309194,0.18049639463424683,1,0.45455676573029236,0.6622541414021392,170,control
4168,577.0,9396.0,577.0200290884042,9395.780003512325,0.13817809522151947,1,0.23865271333121413,0.2246971449344679,170,check
4169,625.0,9335.0,624.9899126681343,9334.600261478026,0.1694188266992569,1,0.25691427493437935,0.4280901092670134,170,control
4170,551.0,9324.0,550.9999138257782,9323.649997456694,0.13817058503627777,1,0.23794972463920613,0.19797339571864583,170,control
4171,640.0,9314.0,637.0,9313.0,0.11175014823675156,0,3.3062482936242685,,170,control
4172,552.0,9307.0,552.2100482958277,9306.60016198174,0.12051436305046082,1,0.07774627431812516,0.3075111262891307,170,control
4173,565.0,9493.0,566.0,9492.0,0.11070060729980469,1,1.0221862744413193,,170,control
4174,583.0,9339.0,582.7198778646458,9338.900091933021,0.20137573778629303,1,0.5633075596375516,0.6122734451384245,170,control
4175,530.0,9384.0,529.9600532512943,9383.570128955193,0.13589079678058624,1,0.2923258811601787,0.2342240642439955,170,check
4176,645.0,9386.0,645.0297902839842,9385.639732408863,0.10958641022443771,1,0.2064632428092025,0.24249601079407057,170,control
4177,660.0,9367.0,659.6599101755579,9366.540615689983,0.11304338276386261,1,0.5897598869372577,0.317826611234848,170,control
4178,567.0,9403.0,567.4498391483784,9402.200054963741,0.14452843368053436,1,0.5197588152501366,0.37938579675718004,170,control
4179,619.0,9386.0,619.0701960026726,9385.490147764323,0.15640927851200104,1,0.24649348597216778,0.5822770215295106,170,control
4180,586.0,9299.0,585.5600309527753,9298.750075220602,0.16207410395145416,1,0.6816644633479982,0.37624686254720846,170,control
4181,591.0,9343.0,590.9099101361637,9342.709852714386,0.13321375846862793,1,0.32754443520830856,0.35838395845253745,170,control
4182,639.0,9365.0,638.9196980403673,9364.279980472806,0.13139736652374268,1,0.5056381160558933,0.4930718438267364,170,check
4183,663.0,9316.0,662.9099420833235,9315.41011903967,0.13965623080730438,1,0.42167703939830087,0.3011062168539021,170,control
4184,657.0,9303.0,658.1298708928846,9301.970013439448,0.17985939979553223,1,1.139597181334061,0.6117804242417316,170,check
4185,612.0,9377.0,612.7400555023557,9376.530232520769,0.17347551882266998,1,0.5264946544156563,0.5330751449336125,170,control
4186,536.0,9298.0,535.8798983862246,9297.769981078072,0.12771451473236084,1,0.3712683728097924,0.2587163816364748,170,control
4187,747.0,9431.0,747.2499247793987,9430.560030952774,0.15900149941444397,1,0.12165995980106985,0.1961087022527022,171,control
4188,687.0,9500.0,688.6699709277857,9499.17022073629,0.18599675595760345,1,1.5287280550029738,0.5338467246644449,171,control
4189,722.0,9494.0,722.9500996919262,9493.220128998908,0.1987351030111313,1,0.8556293188808823,0.20277838773037202,171,control
4190,777.0,9393.0,777.1999342553385,9392.490024597884,0.1474771648645401,1,0.19428605396879825,0.4259476108028351,171,control
4191,676.0,9329.0,676.1804010001492,9328.97003571935,0.10924991965293884,1,0.29706473468360867,0.3805577480448679,171,control
4192,784.0,9511.0,785.000062375084,9510.500134532116,0.11483068764209747,1,0.7948445944867407,0.47648932248097076,171,control
4193,765.0,9478.0,765.4701028958174,9477.210065401687,0.16109003126621246,1,0.5290529062772086,0.4870822633859311,171,control
4194,727.0,9463.0,726.6299393306153,9462.380347187303,0.17298856377601624,1,0.6690773885859896,0.5103381277659076,171,control
4195,784.0,9369.0,784.3803447292669,9368.300458670457,0.13362042605876923,1,0.40960523854401026,0.9574735523617017,171,control
4196,782.0,9502.0,782.6300438719605,9501.67995219907,0.1097714900970459,1,0.4036112961350222,0.37796742455249105,171,control
4197,696.0,9300.0,694.9400334431909,9299.72012571676,0.1446564644575119,1,1.296841035728354,0.4234182674129861,171,check
4198,707.0,9491.0,708.2597867970233,9489.629895516133,0.22310170531272888,1,1.470671140740588,0.468512658657721,171,control
4199,744.0,9413.0,743.7899174279618,9412.570235080266,0.1782475709915161,1,0.45432007905423694,0.18633598197538165,171,control
4200,700.0,9452.0,700.7801308495156,9451.990107360973,0.24669817090034485,1,0.6330363423421411,0.42682596155526537,171,control
4201,714.0,9400.0,714.6098411738483,9399.180076254113,0.12205569446086884,1,0.6260203259185473,0.3668701214221816,171,control
4202,682.0,9357.0,682.3198873198082,9356.869906444388,0.13514238595962524,1,0.21028320664488592,0.3425567925476845,171,check
4203,793.0,9378.0,791.1298336426958,9378.309746957651,0.1380685567855835,1,2.193479878849463,1.0329739717900797,171,control
4204,761.0,9423.0,761.5400603911688,9422.440471509226,0.10270491987466812,1,0.39216332289144357,0.6939126659101216,171,control
4205,765.0,9436.0,765.01998129665,9435.169869410616,0.13417744636535645,1,0.5521988990278238,0.48545158140811207,171,control
4206,723.0,9329.0,723.4298113857316,9328.410051490544,0.1746593862771988,1,0.33320801994841676,0.7779280375301243,171,control
4207,726.0,9486.0,726.6200917028424,9485.290084975024,0.21789918839931488,1,0.5520897626253305,0.21720435936217095,171,check
4208,708.0,9473.0,708.9898331871915,9472.170391823469,0.21675656735897064,1,0.9149508072025214,0.5969258671063608,171,control
4209,787.0,9459.0,783.4597568478077,9458.849921170467,0.1038907840847969,0,3.7723084511660256,0.7530336134088492,171,control
4210,772.0,9457.0,772.5800866208173,9456.300212208593,0.20589196681976318,1,0.5181552560950802,0.19135708837978968,171,control
4211,689.0,9469.0,690.4099958087388,9467.990186970901,0.18654632568359375,1,1.366316363071756,1.148853576658414,171,control
4212,675.0,9315.0,674.9103159468705,9314.590130073708,0.2046467512845993,1,0.33718139505383404,0.3381581732383202,171,control
4213,701.0,9409.0,701.2699551935601,9408.330034504228,0.12625110149383545,1,0.3503674157504212,0.3207427465616849,171,check
4214,783.0,9402.0,783.3000929549316,9401.29004255079,0.18493832647800446,1,0.3979712714011454,0.3628184015316445,171,control
4215,772.0,9319.0,771.2800293323461,9318.799905328033,0.1528550088405609,1,0.9617322697943973,0.36075431818837206,171,control
4216,763.0,9322.0,762.9700372385867,9321.719997118307,0.12576155364513397,1,0.2671999960899317,0.5657233308896266,171,check
4217,717.0,9417.0,716.8797923256438,9416.56997794785,0.14401346445083618,1,0.3675868005462257,0.24467109974675416,171,check
4218,731.0,9504.0,731.7400977976024,9503.26996838664,0.17837251722812653,1,0.6559591128210307,0.4240434473989783,171,control
4219,737.0,9398.0,736.6501816724599,9397.639958919875,0.14206071197986603,1,0.5826800655873426,0.15016353681208078,171,check
4220,781.0,9316.0,781.1803953746563,9316.159372097294,0.10553976148366928,1,0.47964940812873236,1.1733033081709434,171,control
4221,669.0,9361.0,668.759804920471,9360.390360470241,0.13067802786827087,1,0.5541861952929552,0.4449333028799588,171,control
4222,724.0,9318.0,720.3393356620401,9320.059760125634,0.1417354941368103,0,4.5650287595882535,1.5201593403853695,171,control
4223,741.0,9385.0,741.2602492928283,9384.229511092404,0.12392262369394302,1,0.45166190262459727,0.9009206111998345,171,control
4224,697.0,9336.0,696.520023412714,9335.690600455242,0.10422758758068085,1,0.7147128483220941,0.7833883341926874,171,control
4225,721.0,9453.0,721.2299447440132,9452.410028888178,0.20511984825134277,1,0.2686298118130888,0.30730392009956464,171,check
4226,674.0,9515.0,675.1998321720296,9514.260021585043,0.13274051249027252,1,1.0579493316400543,0.3393398889663262,171,control
4227,800.0,9311.0,800.3000000874308,9311.019907118736,0.20551684498786926,1,0.3425332358482603,0.33511557514002177,171,control
4228,753.0,9507.0,753.6197616537777,9505.750207925314,0.1349615454673767,1,1.009029247423361,0.8291383672583752,171,control
4229,692.0,9388.0,692.0,9387.0,0.12946300208568573,1,0.7168422496705373,,171,control
4230,533.0,9662.0,533.9699856630391,9661.050260978542,0.12455873936414719,1,0.970016308352094,0.28976183692971125,174,control
4231,607.0,9711.0,607.1702327970906,9710.180294810583,0.11192437261343002,1,0.49296322254194125,0.572411399825417,174,control
4232,646.0,9635.0,650.1199547126909,9634.22054535118,0.1291031539440155,0,3.9240719023307635,1.6949495633908895,174,check
4233,630.0,9737.0,630.4201071332209,9736.150191583392,0.11859670281410217,1,0.5591941243779734,0.8376666550952765,174,control
4234,582.0,9686.0,581.4900060372819,9684.940065196872,0.17320998013019562,1,1.0327744629161817,1.4386478866135888,174,control
4235,587.0,9702.0,582.9100015489219,9701.049722721094,0.12253689765930176,0,4.3543275165900175,3.05769683663328,174,control
4236,724.0,9588.0,724.2196942150191,9587.300020167268,0.10047626495361328,1,0.37728741354001877,0.3540781721809991,175,control
4237,733.0,9648.0,734.0804717855474,9647.38028992177,0.12341869622468948,1,0.9096332055164513,0.42642031927063884,175,control
4238,792.0,9528.0,792.1898149118202,9527.419887057516,0.11695969104766846,1,0.2634246803333579,0.2458406585129869,175,control
4239,692.0,9533.0,693.1599343473569,9532.519886601745,0.14892393350601196,1,0.9469023979079078,0.3390134742698952,175,check
4240,774.0,9534.0,774.6699589959703,9533.26022038414,0.11946747452020645,1,0.6116824278317763,0.4552861668829873,175,control
4241,793.0,9631.0,791.0,9634.0,0.13865789771080017,0,3.994416523652484,,175,control
4242,794.0,9537.0,795.0498501227763,9536.070267593564,0.13864952325820923,1,1.0264769702049399,0.614421341042464,175,control
4243,701.0,9522.0,702.5601503354213,9520.820211435212,0.2073168307542801,1,1.5852084831627926,0.6740518982540767,175,control
4244,710.0,9666.0,710.3499947177484,9665.00017897723,0.14767035841941833,1,0.6880145169015178,0.31411312285284687,175,control
4245,795.0,9623.0,797.0,9621.0,0.13266469538211823,1,2.446903565531036,,175,control
4246,724.0,9641.0,725.0100133474303,9639.840267103255,0.13940200209617615,1,1.1498559492915612,0.5438518906153859,175,check
4247,668.0,9527.0,669.0599812046316,9526.140007406755,0.1873529553413391,1,0.9906040424991327,0.2788850621593092,175,control
4248,774.0,9522.0,767.0,9521.0,0.10187326371669769,0,7.257679482641156,,175,control
4249,755.0,9530.0,755.3299509815216,9529.36004234139,0.10855203866958618,1,0.33589407299905066,0.7497117194068668,175,check
4250,703.0,9570.0,703.4599915713353,9570.050060789195,0.1411742866039276,1,0.4416216586114387,0.5446777559998487,175,control
4251,797.0,9712.0,785.0,9713.0,0.1243714764714241,0,12.288435711620583,,175,control
4252,720.0,9572.0,719.980268139193,9572.860536024737,0.10997122526168823,1,1.2081163307429252,1.0791285969598607,175,control
4253,691.0,9555.0,692.0400476352429,9554.610139404738,0.1455351710319519,1,0.817596714769558,0.6120777159317811,175,check
4254,682.0,9558.0,682.8698707134355,9556.92024431685,0.10810663551092148,1,0.9932716940720551,0.46419177842030973,175,control
4255,777.0,9545.0,777.1400485052295,9544.63002000833,0.13050353527069092,1,0.09827320400266473,0.6359601805995982,175,control
4256,689.0,9735.0,689.5601436421423,9733.900078546463,0.10112599283456802,1,0.8465859140260336,0.5654099218634886,175,control
4257,756.0,9519.0,757.2501686542416,9518.749905459179,0.11331964284181595,1,1.0266162892788764,0.6196363603916866,175,control
4258,577.0,9739.0,577.1502355268608,9738.160292237324,0.1126304492354393,1,0.5134413051249821,0.41211382571114513,178,check
4259,660.0,9926.0,659.3199509561566,9925.389908322522,0.11205834895372391,1,0.9326196340976508,0.23577479769289442,178,control
4260,626.0,9749.0,625.7900884506482,9748.28024012775,0.1217847540974617,1,0.5791811774295729,0.33044200843662225,178,control
4261,665.0,9945.0,664.7199664324111,9944.349563782147,0.14397399127483368,1,0.5845682166025951,0.37907336813892883,178,control
4262,600.0,9922.0,600.2002048388049,9921.39029796617,0.14716565608978271,1,0.27804082077092646,1.0453188008924645,178,control
4263,644.0,9763.0,644.599989697789,9762.06007931067,0.10319866985082626,1,0.7219980780475961,0.4543928602929127,178,control
4264,554.0,9947.0,554.1900960368519,9946.270028045717,0.10671298950910568,1,0.39632547047040345,0.7096818816310868,178,control
4265,576.0,9777.0,576.0,9776.0,0.15292418003082275,1,0.7029690687622847,,178,control
4266,670.0,9899.0,669.5799473518124,9898.380075407065,0.10651523619890213,1,0.6944932510051292,0.22719499453283318,179,check
4267,695.0,9909.0,694.53006560434,9908.46020495376,0.1247776448726654,1,0.7119449310525904,0.5590069260880587,179,control
4268,765.0,9744.0,765.1099782929854,9743.189881264176,0.11759759485721588,1,0.4988762691653465,0.21948360859946728,179,control
4269,689.0,9868.0,689.110056706142,9867.510281652043,0.1374184936285019,1,0.191444164022834,0.6930938490722819,179,control
4270,678.0,9858.0,677.1601996277942,9857.460159813521,0.13899190723896027,1,1.0730316336221206,0.37037737250811326,179,control
4271,671.0,9922.0,671.0100504041408,9920.590135505723,0.1250690221786499,1,1.0993490216056883,0.656624570687895,179,control
4272,773.0,9756.0,773.0,9755.0,0.12173723429441452,1,0.710995197254621,,179,control
4273,774.0,9767.0,771.0,9766.0,0.1466641128063202,1,3.285595767944304,,179,control
4274,708.0,9897.0,704.0,9904.0,0.10426877439022064,0,8.450350690967536,,179,control
4275,620.0,10038.0,612.0,10049.0,0.05215455964207649,0,13.990838817477863,,182,check
4276,634.0,10092.0,637.0,10095.0,0.07300599664449692,0,4.3510146615163405,,182,control
4277,638.0,10023.0,612.0,10035.0,0.05102112516760826,0,28.961983749910132,,182,control
4278,625.0,9982.0,624.7293769472452,9981.56060924091,0.0750059187412262,1,0.4898933601908203,1.189160720297581,182,control
4279,632.0,10054.0,632.8206302455199,10053.339596642742,0.06715083122253418,1,0.6986829125339883,0.5589477624756793,182,control
4280,595.0,10047.0,596.6498701839968,10045.960082417954,0.09718126803636551,1,1.6086140523898282,0.845379457347877,182,control
4281,601.0,10002.0,607.0,10001.0,0.06792379915714264,0,5.831759957205398,,182,control
4282,546.0,10159.0,469.0,10107.0,0.06376771628856659,0,92.89333050097706,,182,control
4283,641.0,10035.0,641.8899672219815,10034.279851745367,0.05271220952272415,1,0.7878892048806257,0.44987801810958755,182,control
4284,630.0,10016.0,630.6605607354154,10015.809838743071,0.08693529665470123,1,0.4763635351211955,0.5312466069835025,182,control
4285,592.0,9971.0,592.0700568626531,9970.510276349014,0.05510042980313301,1,0.2090277092001185,0.9804910254923411,182,control
4286,541.0,10068.0,458.0,10119.0,0.05010628700256348,0,97.76795322315787,,182,control
4287,642.0,9977.0,641.0,9978.0,0.12733502686023712,1,1.7966803746411353,,182,check
4288,654.0,10128.0,655.0,10127.0,0.05253665894269943,1,1.0419810366804116,,182,control
4289,584.0,9988.0,584.7403112445211,9987.659974686214,0.08107243478298187,1,0.5329489891435243,0.5705859942314566,182,control
4290,655.0,9985.0,377.6099934424547,9905.119682674482,0.05053633451461792,0,288.77334499179483,3.4773465473785983,182,check
4291,662.0,10142.0,663.3401377451818,10141.009783797947,0.052467573434114456,1,1.3168798265027208,1.2948773911676221,182,control
4292,586.0,9979.0,585.4900766248804,9978.260730736192,0.07836591452360153,1,0.8246822858765522,1.4796815973510804,182,check
4293,665.0,9978.0,664.8802165679667,9978.369990468742,0.11478052288293839,1,0.7721575125840622,1.2075939151175716,182,control
4294,614.0,10018.0,614.0,10022.0,0.09854117780923843,0,4.337228173327883,,182,control
4295,602.0,10017.0,606.0,10018.0,0.055298421531915665,0,4.021392547462929,,182,control
4296,663.0,10012.0,378.0,10264.0,0.0813467726111412,0,380.809486253266,,182,control
4297,663.0,10012.0,708.0,10071.0,0.06024834141135216,0,74.34198598489482,,182,control
4298,566.0,9978.0,623.0,10104.0,0.05609632283449173,0,138.51360445910194,,182,control
4299,771.0,10030.0,771.170059058397,10029.520156991734,0.10417984426021576,1,0.15785511657086226,0.339189812256327,183,check
4300,743.0,10128.0,744.0500131264264,10126.870139713174,0.12131708860397339,1,1.16898180972011,0.4271943235656917,183,control
4301,812.0,10132.0,812.0,10129.0,0.12461980432271957,1,2.6824760916158783,,183,control
4302,782.0,10112.0,782.1001719571658,10111.700018344185,0.1209193617105484,1,0.10296655796490893,0.8024501900379659,183,control
4303,812.0,10175.0,811.8899791537967,10174.189852097516,0.23729237914085388,1,0.5736540343478852,0.38687951225273576,183,control
4304,804.0,10117.0,802.0,10117.0,0.13032390177249908,1,2.223254540619983,,183,control
4305,786.0,10179.0,787.0900235759733,10177.790145329225,0.1973816305398941,1,1.2561955160701743,0.31804619869586703,183,control
4306,787.0,10168.0,788.0500091491547,10166.90013959579,0.13350924849510193,1,1.1512531335641671,0.2936719268779607,183,control
4307,813.0,10160.0,812.2399380116063,10159.489897325187,0.20411363244056702,1,0.9751217556433377,0.3478229180489629,183,control
4308,684.0,9976.0,684.779874849379,9974.979834423091,0.11828194558620453,1,0.8980145226305767,0.6932035643649104,183,control
4309,706.0,10032.0,706.3200054411898,10031.92017531298,0.18828211724758148,1,0.27428864668490716,0.4469013736383177,183,check
4310,732.0,10094.0,732.4599186546861,10093.600058637167,0.11321255564689636,1,0.268602135093533,0.44779239796350934,183,control
4311,794.0,10164.0,795.0998975254132,10162.770010244732,0.11526863276958466,1,1.2773606782163998,0.3207186645531179,183,control
4312,748.0,10161.0,749.260264198622,10159.970174988355,0.11845962703227997,1,1.273139707841454,0.4983236113112762,183,check
4313,799.0,10051.0,802.0,10117.0,0.1271834522485733,0,66.38430138105325,,183,control
4314,787.0,9985.0,788.0,9984.0,0.10471825301647186,1,1.043103534569225,,183,control
4315,796.0,10003.0,795.8701438194308,10002.860252377175,0.1092652752995491,1,0.3817670389532311,1.5969090992104424,183,control
4316,818.0,10202.0,817.4097517404176,10201.889914385169,0.12980970740318298,1,0.814697648841131,0.6300306095317127,187,control
4317,751.0,10231.0,752.0998338890647,10230.250008366598,0.11095625162124634,1,0.9981762069322598,0.36496920961538615,187,control
4318,745.0,10201.0,745.9498544268332,10200.070121760265,0.10483419895172119,1,0.9640344805296897,0.371566749237523,187,control
4319,739.0,10401.0,738.5599964830865,10400.01007420328,0.20145323872566223,1,0.9099613631372399,0.21714661443533337,187,control
4320,697.0,10502.0,695.2100071328599,10501.940028075669,0.16030824184417725,1,1.992659509924133,0.43885256696491803,191,control
4321,781.0,10610.0,782.3602386179562,10609.1601875025,0.11507747322320938,1,1.2868158104423537,0.3791128828039009,191,control
4322,682.0,10573.0,679.7601733520034,10572.670105961548,0.14868220686912537,1,2.4206312370945993,1.170865829558756,191,control
4323,681.0,10540.0,680.8099343910723,10539.529840161113,0.25875866413116455,1,0.3960115384358882,0.3308376771953529,191,control
4324,787.0,10623.0,787.5003573238276,10622.290076891493,0.11424336582422256,1,0.4975201028305113,0.45261636334553784,191,control
4325,717.0,10520.0,719.0,10518.0,0.14671169221401215,1,2.4658392449854154,,191,control
4326,670.0,10559.0,668.690031834364,10558.710225187682,0.17002476751804352,1,1.4922126263371467,0.6280013983898448,191,control
4327,684.0,10610.0,684.2298970812446,10609.740160172687,0.1417449712753296,1,0.09137623806839708,1.497313285572752,191,control
4328,719.0,10607.0,719.9998369318572,10606.229995187281,0.1327788084745407,1,0.9294492776196468,0.3888587525639389,191,check
4329,766.0,10541.0,765.8299847560853,10540.119976992593,0.12872207164764404,1,0.6513822962093747,0.5801364234575491,191,control
4330,707.0,10541.0,704.9298476828242,10541.209720833785,0.17116785049438477,1,2.3167866346026686,0.388356237258858,191,control
4331,704.0,10570.0,704.4000833478458,10569.330188227577,0.1627575308084488,1,0.40073206111380405,0.3695362961950991,191,check
4332,700.0,10551.0,699.6799455057916,10550.44982323929,0.20271579921245575,1,0.546011542699379,0.1329044624418305,191,control
4333,830.0,10569.0,835.0,10683.0,0.131151482462883,0,114.43184294745203,,191,check
4334,748.0,10571.0,749.5901078582984,10570.110346853504,0.1180553063750267,1,1.5160553580270848,1.1192223877245717,191,control
4335,757.0,10587.0,757.9699896403108,10586.020261095924,0.11087681353092194,1,1.021887888399711,0.44376926526065985,191,control
4336,746.0,10414.0,744.0,10412.0,0.14044757187366486,1,2.751172508447895,,191,control
4337,764.0,10683.0,765.559755001787,10681.919669002693,0.07780714333057404,1,1.5734521056917716,1.0216328629367586,195,check
4338,848.0,10743.0,835.280278510218,10668.949779990948,0.06194784492254257,0,74.83955901251781,1.8216945954468147,195,control
4339,789.0,10745.0,735.0,10576.0,0.05644242838025093,0,177.15518163108368,,195,control
4340,737.0,10722.0,622.0,10646.0,0.052825409919023514,0,137.80646872468031,,195,check
4341,785.0,10636.0,786.129922532925,10635.609882272323,0.05171727389097214,1,0.954847034485448,0.30431566306704294,195,control
4342,707.0,10712.0,717.0,10714.0,0.08118124306201935,0,10.099548570478227,,195,check
4343,676.0,10799.0,596.0202014368477,10821.48000859894,0.09442193061113358,0,83.33650562317965,1.6545100765888416,195,control
4344,829.0,10716.0,733.5293734300653,10917.739919142836,0.05486241355538368,0,223.56500753466582,1.2942145891483863,195,control
4345,786.0,10788.0,671.1501223215516,10948.249227366588,0.08729728311300278,0,197.5278503284999,0.9980382786548647,195,control
4346,793.0,10800.0,677.0,10949.0,0.0734579861164093,0,189.1998187842613,,195,control
4347,823.0,10669.0,822.0,10670.0,0.09633098542690277,1,1.7750179635874217,,195,control
4348,744.0,10795.0,672.0,10525.0,0.08160293102264404,0,279.15832944267606,,195,control
4349,771.0,10650.0,712.8498748979483,10931.830507168937,0.06119687110185623,0,288.1315168516338,2.2889002660166735,195,control
4350,794.0,10755.0,795.4899636775423,10754.230196637893,0.08056514710187912,1,1.3889964886503339,0.7950769866586461,195,control
4351,739.0,10648.0,740.4898615942334,10647.000193625052,0.07273653149604797,1,1.4722539677148732,1.2258972139784237,195,control
4352,849.0,10714.0,834.0,10645.0,0.05048130452632904,0,70.32726073635538,,195,control
4353,852.0,10705.0,845.0,10691.0,0.05279567092657089,0,15.438281612325563,,195,control
4354,770.0,10815.0,529.0,10823.0,0.11089057475328445,0,241.31587094544054,,195,control
4355,762.0,10789.0,647.1991929635525,10797.16960464612,0.10397347062826157,0,115.28661204327244,3.3531162531226064,195,control
4356,786.0,10672.0,787.8302550815806,10671.139719588444,0.06007341668009758,1,1.7372386039863112,1.3053405103917504,195,control
4357,771.0,10807.0,672.5502324425136,10841.25994714916,0.05748195946216583,0,104.51205791176329,2.1622872715580206,195,control
4358,781.0,10689.0,790.0,10690.0,0.08703183382749557,0,8.925514789423676,,195,control
4359,754.0,10660.0,697.0,10834.0,0.07137376815080643,0,183.47197901868665,,195,control
4360,839.0,10830.0,835.0,10926.0,0.07974635809659958,0,96.42268034724206,,195,control
4361,769.0,10632.0,769.5499581397465,10631.270204435925,0.07445110380649567,1,0.544884339874531,0.27269563812104497,195,control
4362,679.0,10682.0,722.0,10784.0,0.05227337032556534,0,110.93688486623373,,195,check
4363,748.0,10686.0,749.6799226454543,10684.769159108573,0.09857647120952606,1,1.7518895284506448,1.0263380071247352,195,check
4364,680.0,10753.0,604.0,10771.0,0.06053967401385307,0,78.3499760739341,,195,control
4365,728.0,10631.0,728.2098957692502,10630.780024788935,0.05807042121887207,1,0.11860013566111258,0.5841930546260073,195,control
4366,714.0,10825.0,621.0299454620763,10646.439869679924,0.058692339807748795,0,201.0954496914303,2.2388454828031,195,control
4367,762.0,10707.0,743.0,10715.0,0.050437044352293015,0,20.906939937137476,,195,control
4368,738.0,10684.0,673.0,10843.0,0.09729451686143875,0,172.150780234815,,195,check
4369,738.0,10684.0,739.9293413080441,10681.999838580079,0.06596812605857849,1,2.4190801095778354,0.8370236389099581,195,control
4370,702.0,10681.0,705.1107721636124,10679.319373929286,0.07152150571346283,0,3.228406992551701,2.30050679090494,195,control
4371,693.0,10709.0,705.0,10717.0,0.08136624097824097,0,14.468579033332091,,195,control
4372,726.0,10690.0,659.0,10845.0,0.06154114753007889,0,169.2396592412579,,195,check
4373,719.0,10695.0,717.0,10692.0,0.06530849635601044,0,3.439769344847492,,195,control
4374,709.0,10685.0,712.8802485796192,10683.040389487138,0.1397344470024109,0,4.045056777618412,1.5055062091018565,195,check
4375,669.0,10775.0,588.0,10795.0,0.05601479858160019,0,83.68220190547335,,195,control
4376,759.0,10777.0,722.0,10656.0,0.07267482578754425,0,126.26252749297545,,195,control
4377,759.0,10825.0,615.0,10742.0,0.07462861388921738,0,166.1890548038592,,195,control
4378,853.0,10729.0,856.0,10916.0,0.06710780411958694,0,187.3531828377698,,195,check
4379,853.0,10729.0,837.0,10671.0,0.05875334143638611,0,59.895509581953924,,195,control
4380,724.0,10791.0,657.0,10505.0,0.10226310044527054,0,293.4581785805229,,195,control
4381,840.0,10783.0,724.0,10737.0,0.050676725804805756,0,124.8256511727868,,195,control
4382,731.0,10802.0,657.0,10505.0,0.07936203479766846,0,305.79877398049655,,195,control
4383,680.0,10977.0,677.0598473676413,10977.120136147956,0.11574755609035492,1,3.1372730797669366,0.725347178826685,199,control
4384,821.0,10972.0,823.0,10971.0,0.10722608864307404,1,1.955201862893598,,199,control
4385,770.0,10969.0,776.1399969941748,10965.930416561674,0.14551030099391937,0,6.572949948364397,1.4601802129733101,199,check
4386,809.0,10935.0,809.4701559261077,10933.810066966798,0.10062362253665924,1,0.9092318543202673,0.4128539665049608,199,check
4387,709.0,10997.0,708.2397205874158,10996.129890908229,0.11423015594482422,1,1.064230961087922,0.8329284892427067,199,control
4388,707.0,10928.0,709.630053216754,10930.580085166075,0.14190256595611572,0,3.8202231020424993,2.7472225924505382,199,control
4389,802.0,11016.0,804.0503960767959,11015.069752941778,0.12275391072034836,1,1.9817820508315653,1.0947033012624172,199,control
4390,709.0,10935.0,709.7495436564332,10934.42008605009,0.15578614175319672,1,0.6328172326210414,1.494511883523164,199,check
4391,739.0,10957.0,739.8797694653066,10955.889313817132,0.11196742206811905,1,1.0542446425927565,1.0542478154974901,199,control
4392,714.0,10975.0,714.320005376697,10973.950042619872,0.17677274346351624,1,0.7285542501924681,0.3427745772180193,199,control
4393,669.0,11015.0,670.189897173263,11013.770022176548,0.15660487115383148,1,1.3593185287289784,0.5914370040576834,199,control
4394,814.0,11044.0,814.390119053434,11043.119922572052,0.13009671866893768,1,0.592199161669054,0.4571046499038348,199,control
4395,679.0,10962.0,680.770118956828,10960.080105683066,0.13017813861370087,1,2.253123359956476,0.5096792923979022,199,check
4396,745.0,10977.0,745.1901039269027,10976.239895587374,0.11836916953325272,1,0.42378419905296505,0.37399595094399685,199,control
4397,772.0,10990.0,772.3398898930672,10988.84990917416,0.1007198616862297,1,0.8332131872896212,0.4385912186258877,199,control
4398,813.0,11028.0,811.9999098485064,11027.67999733931,0.1043875515460968,1,1.1596405942297705,0.36169404461732274,199,control
4399,687.0,10915.0,686.4700895737519,10914.3399323173,0.10433970391750336,1,0.7661805378236101,0.5115690817623232,199,control
4400,694.0,10967.0,693.8999910464843,10966.099853775424,0.15628886222839355,1,0.6196006355789168,0.7015841791859957,199,control
4401,728.0,10980.0,729.4201573185184,10978.859794990922,0.11525760591030121,1,1.4917494011615737,0.5066498582831824,199,control
4402,680.0,11028.0,681.5297578351777,11026.869797796786,0.11662410944700241,1,1.580248962637263,0.5080715910861385,199,control
4403,710.0,11011.0,711.7901666703265,11009.69024243629,0.1239076778292656,1,1.8961264516029508,1.2386034238039934,199,control
4404,677.0,10998.0,680.0295863108446,10996.090124462511,0.1107805073261261,0,3.268780083718831,1.762543388199901,199,control
4405,706.0,10986.0,705.9599975049966,10985.019994618715,0.13179190456867218,1,0.672197130446078,0.5422113590592115,199,control
4406,694.0,11016.0,694.3490800742252,11014.840417365273,0.13052672147750854,1,0.8409377035898096,1.2367802125191059,199,control
4407,811.0,11092.0,810.9101542689777,11092.780257993227,0.1640697419643402,1,1.142800661368856,0.8877066289259964,203,control
4408,676.0,11174.0,677.7199666258894,11173.259961861475,0.17276395857334137,1,1.6151031093954533,0.23965698685857384,203,control
4409,744.0,11187.0,743.8199092270494,11186.689973436552,0.1679701954126358,1,0.33466916114968903,0.5573454400164253,203,control
4410,728.0,11133.0,730.1499768752097,11128.170019221187,0.100864939391613,0,4.913231613999319,0.7629563048709006,203,control
4411,687.0,11214.0,688.3699575182895,11213.280180533166,0.19276563823223114,1,1.2744230963779233,0.30433803807357035,203,check
4412,721.0,11154.0,723.7498379745447,11152.20009473646,0.1332935392856598,1,2.977278777564034,1.2668335323197555,203,check
4413,749.0,11245.0,733.2702656787299,11237.870574432569,0.11089766025543213,0,17.27107166907527,1.058046386929292,203,control
4414,697.0,11085.0,696.0,11083.0,0.16812016069889069,1,2.023726522912887,,203,control
4415,702.0,11258.0,705.4503229207924,11256.609803859166,0.1474742442369461,0,3.462148139772313,1.1168276614753168,203,control
4416,818.0,11271.0,819.6304099744423,11269.83036107767,0.11316434293985367,1,1.699436607763129,0.6662307383509326,203,control
4417,692.0,11110.0,694.6001448113883,11109.89008388862,0.15184050798416138,1,2.4538735257977335,0.6630661551045501,203,control
4418,693.0,11283.0,694.1601917377435,11282.490292271865,0.13324274122714996,1,1.0242390407625497,0.4575617715977813,203,control
4419,744.0,11257.0,744.0,11252.0,0.15946872532367706,0,4.662087769597026,,203,control
4420,726.0,11207.0,728.2898967174924,11205.799902741011,0.2368268072605133,1,2.3036713973691167,0.5764632463770085,203,control
4421,666.0,11226.0,666.3000228187825,11225.760305863236,0.11357079446315765,1,0.18041490084826906,0.8265453774271152,203,check
4422,801.0,11270.0,799.0,11271.0,0.1553048938512802,1,2.5315449814512068,,203,control
4423,747.0,11267.0,748.5302298692546,11267.279944419388,0.20679248869419098,1,1.5134707039847923,0.5441689857300169,203,check
4424,686.0,11077.0,687.070118979766,11076.129880108692,0.1240372583270073,1,1.05391609476251,0.5735173298372097,203,control
4425,673.0,11207.0,675.7602276435582,11206.289974872678,0.16422824561595917,0,2.6327949654747913,0.47274800269027417,203,control
4426,827.0,11096.0,822.9595202323834,11097.61998053271,0.10787942260503769,0,4.629839600929222,0.9449162938974547,203,control
4427,704.0,11274.0,704.5698149441998,11273.320335554747,0.11434713751077652,1,0.5386354150906811,0.4641709574371539,203,control
4428,689.0,11252.0,692.0,11253.0,0.1708599030971527,0,3.1495614982741085,,203,control
4429,732.0,11240.0,733.2300842064965,11239.240563769032,0.15197166800498962,1,1.1574092749794356,0.7100360327246177,203,control
4430,754.0,11223.0,754.2799418968598,11222.430035438709,0.20655423402786255,1,0.26374165745812955,0.4623889244876442,203,control
4431,789.0,11123.0,790.0,11120.0,0.11398753523826599,0,2.793777564321165,,203,control
4432,749.0,11283.0,750.4699172253083,11282.639927230686,0.12509360909461975,1,1.3210612370054597,1.2851416202881747,203,control
4433,711.0,11256.0,713.719793080674,11253.510222121953,0.1025002971291542,0,3.348829151332474,0.7655543541976222,203,control
4434,722.0,11198.0,729.0,11205.0,0.1464211344718933,0,10.038375348993453,,203,control
4435,733.0,11285.0,735.860117149935,11285.149852189536,0.13569414615631104,0,2.7551505747199356,0.9394028744914671,203,control
4436,687.0,11262.0,688.6099419313999,11261.420079227826,0.1334269493818283,1,1.4784542078598588,0.782462554445682,203,control
4437,687.0,11135.0,685.5697180994271,11135.08020000531,0.1246400997042656,1,1.6415644888428738,1.2725909147803376,203,control
4438,749.0,11274.0,750.4493765235878,11273.660174001252,0.12890833616256714,1,1.299981645779838,0.5656263453186612,203,control
4439,703.0,11243.0,704.4299704766025,11242.210056185879,0.18174903094768524,1,1.3548949236670818,0.42915570811679726,203,control
4440,770.0,11271.0,773.0302160455426,11270.34014304821,0.2015870064496994,0,2.8987088000247216,0.8666890885005171,203,control
4441,746.0,11200.0,746.9300586717067,11199.530125134432,0.19439634680747986,1,0.7882222782261457,0.1679552735807556,203,check
4442,794.0,11137.0,793.6099141549903,11137.600211099252,0.118980772793293,1,1.084040668860262,1.0289565353989447,203,control
4443,691.0,11163.0,691.6600491865918,11162.580221719072,0.18134069442749023,1,0.511158274796353,0.2270598453682154,203,check
4444,735.0,11206.0,736.8399786041134,11204.931039667586,0.11327239871025085,1,1.8381014020851012,1.5915253668011031,203,control
4445,696.0,11154.0,692.0,11148.0,0.15462495386600494,0,7.020511585262616,,203,check
4446,762.0,11308.0,761.9001210996812,11308.060122996165,0.10650288313627243,1,0.4707124953878687,0.4536742244013283,207,control
4447,830.0,11472.0,831.0502291603668,11471.270013397894,0.17628103494644165,1,0.9907816759312351,0.5304142966502077,207,check
4448,851.0,11431.0,851.0,11420.0,0.10334338992834091,0,10.663411963470745,,207,control
4449,836.0,11408.0,833.0,11401.0,0.10166862607002258,0,7.366053021745779,,207,control
4450,816.0,11309.0,816.8699766450306,11308.179982060856,0.17452827095985413,1,0.8689258844333965,0.4261140210738264,207,control
4451,686.0,11478.0,686.5997775766276,11476.660073050223,0.10380932688713074,1,1.0951976295075394,0.40294372534089823,207,check
4452,819.0,11505.0,818.3100398210207,11504.719909618327,0.14101745188236237,1,0.8306652057364807,1.0962777868421203,207,control
4453,705.0,11503.0,705.3304826746752,11502.320190724742,0.10664109885692596,1,0.3854134668385071,0.8410645724584359,207,control
4454,853.0,11476.0,843.0,11470.0,0.12310655415058136,0,11.613296742274068,,207,control
4455,848.0,11458.0,843.0,11338.0,0.14872178435325623,0,119.77360884752265,,207,control
4456,813.0,11549.0,812.5099223718262,11548.599932690227,0.11155859380960464,1,0.6295852426131945,0.31781688650203066,211,control
4457,827.0,11539.0,826.8299835593136,11538.070242339683,0.10547065734863281,1,0.6649740177394041,0.5443598668682598,211,control
4458,683.0,11518.0,683.0397136089065,11517.100262237645,0.1127365231513977,1,0.5627111945856869,0.9682243607752988,211,check
4459,800.0,11596.0,801.399615162055,11594.94977633614,0.10574815422296524,1,1.4497779419895969,0.6797942231587895,211,control
4460,685.0,11527.0,686.0501708915402,11525.68014436938,0.12984433770179749,1,1.3336468791908882,0.8173836526770645,211,control
4461,811.0,11585.0,811.448969322631,11583.819763909692,0.1198425367474556,1,0.8959094723617816,1.2400086431154596,211,control
4462,705.0,11520.0,706.4801187657766,11519.090067196978,0.1242830753326416,1,1.4551191735865998,0.827612768145903,211,control
4463,691.0,11577.0,692.9400866024669,11575.260392668091,0.1185857430100441,1,2.2788852350835533,1.9634951036814938,211,control
4464,795.0,11783.0,793.0,11784.0,0.15359126031398773,1,2.5157885259977886,,215,control
4465,816.0,11862.0,817.060251530127,11861.159750002606,0.15660296380519867,1,1.0605654783798164,0.7309412094435239,215,check
4466,805.0,11780.0,793.80073531657,11778.43012785476,0.10068609565496445,0,11.392276916547596,1.226005558651053,215,control
4467,706.0,11809.0,817.4400596501678,11855.360856291853,0.10058263689279556,0,120.71769420772654,2.8823138495958904,215,check
4468,810.0,11749.0,809.3000531822139,11748.590041376958,0.14065836369991302,1,0.8306470490911879,0.5696922013150677,215,control
4469,674.0,11843.0,674.9901989672094,11842.47013723652,0.13056570291519165,1,0.8833336377611682,0.42440008224302644,215,control
4470,808.0,11814.0,807.8400232929035,11813.770244839276,0.20740649104118347,1,0.30710102261854544,0.5973496093072663,215,control
4471,813.0,11732.0,802.930241174759,11747.359201682302,0.133682981133461,0,18.723363285131672,1.4162664270458285,215,control
4472,821.0,11775.0,819.0,11785.0,0.11821535229682922,0,10.559283934625613,,215,control
4473,810.0,11836.0,810.2800482154115,11813.510569341368,0.17617098987102509,0,22.14629026528704,1.83491306523993,215,control
