id,src_x,src_y,ref_x,ref_y,score,is_inlier,residual_px,sigma_px,grid_cell,role
0,100.0,140.0,101.84025741119676,137.59008072609095,0.35759592056274414,1,2.6543895939967657,1.5727290312233488,0,control
1,86.0,106.0,86.2799398130746,105.61013726159075,0.31710073351860046,1,0.2548592218582692,0.13321496213282208,0,control
2,129.0,70.0,129.48003646171142,69.67004961375389,0.31165722012519836,1,0.1723726335329315,0.15555054013603195,0,control
3,217.0,56.0,217.14992548781638,55.71001821012,0.30862823128700256,1,0.2893303334761376,0.20753177584513627,0,control
4,113.0,121.0,115.63004646934303,120.5800651617278,0.3053833246231079,1,2.231587194323183,1.6781247106870614,0,control
5,117.0,65.0,117.68004346623408,64.61007054404674,0.3040919899940491,1,0.3446924478141138,0.2913512346463713,0,control
6,75.0,56.0,75.32002536430531,55.7700330425591,0.2979899048805237,1,0.11064436102828823,0.323485970944037,0,check
7,124.0,177.0,124.0,176.0,0.297965407371521,1,0.9239079874474018,,0,control
8,82.0,89.0,82.5500622087833,88.4601619601934,0.29502519965171814,1,0.3920231096439605,0.4613354380013927,0,control
9,72.0,90.0,72.47003854142999,89.65004849070255,0.2922792434692383,1,0.18608567351491606,0.1411773932746059,0,control
10,65.0,110.0,65.39994549488497,109.5601497731789,0.29117879271507263,1,0.26711735590926583,0.21636979843854987,0,control
11,104.0,95.0,105.99007270687429,95.2798908978018,0.29026851058006287,1,1.640492300617585,4.829645657372696,0,control
12,113.0,153.0,113.81988017496764,153.16009049292242,0.2821834087371826,1,0.5266240229485774,0.7557091223106991,0,control
13,130.0,152.0,132.85040778352467,148.23028855647837,0.28094080090522766,0,4.34662034463724,1.826403838710161,0,control
14,132.0,111.0,132.25003374153857,110.72013113046017,0.2687515616416931,1,0.19516893989940398,0.3542080711481681,0,control
15,59.0,86.0,59.11011779547824,85.92011367734644,0.2650867998600006,1,0.3176390530416656,0.2548952195908745,0,check
16,72.0,175.0,71.0,175.0,0.2641480267047882,1,1.4221553804551346,,0,control
17,86.0,198.0,86.2801467284324,197.62002498973334,0.26131942868232727,1,0.24419794021864924,0.24608046292018262,0,control
18,69.0,122.0,69.58993540397823,121.63006442980377,0.2526817321777344,1,0.26478173806421623,0.15316366261477113,0,check
19,107.0,102.0,107.0,96.0,0.2513362467288971,0,5.842737965746483,,0,control
20,50.0,207.0,51.09004377408626,206.62011389372887,0.24693457782268524,1,0.7094125866654809,0.39313915871524,0,control
21,104.0,186.0,104.69995373048405,185.46007548557233,0.24548661708831787,1,0.46711342410103274,0.5799020459805867,0,control
22,73.0,71.0,72.96025691221051,70.63019918693956,0.242867112159729,1,0.49485208562111027,0.4918811443996532,0,control
23,120.0,76.0,120.29993248414442,75.68013960752391,0.24280519783496857,1,0.18688669183487638,0.13848492278583988,0,check
24,75.0,79.0,75.31014260227212,78.66002829233372,0.2406568080186844,1,0.19701299217453186,0.18041939598524795,0,control
25,58.0,146.0,58.45003002289481,145.73004664392175,0.23354697227478027,1,0.10337624016322308,0.11029222978034695,0,control
26,37.0,85.0,37.70993458861293,84.60997139145336,0.23193113505840302,1,0.36663305058658985,0.41270995819870065,0,check
27,138.0,75.0,138.4900650204259,74.40004977177728,0.22457806766033173,1,0.43595518999693117,0.24224437599816948,0,control
28,424.0,65.0,424.3200295902961,64.7300329094518,0.26042577624320984,1,0.1390875626024747,0.27582529547026086,1,check
29,415.0,201.0,416.0,201.0,0.24557872116565704,1,0.6160974046346979,,1,check
30,443.0,173.0,443.58003151199125,172.72006034511492,0.24510164558887482,1,0.20800182265324288,0.25189117383212983,1,control
31,438.0,204.0,439.5100765502646,204.25994576912805,0.24428559839725494,1,1.182868302762427,0.5641385190531913,1,control
32,344.0,153.0,337.5200566174459,152.2593129270115,0.2441367357969284,0,6.912544420071277,3.234153735231468,1,control
33,364.0,144.0,364.47990846730136,143.8499478906503,0.22584201395511627,1,0.0730901251460246,0.2765323720733183,1,control
34,374.0,197.0,378.0,194.0,0.22215604782104492,0,4.575684596671323,,1,control
35,442.0,102.0,443.3697422311189,107.41994149363738,0.22147351503372192,0,5.665872766097188,4.924892733809889,1,control
36,226.0,79.0,227.20991512250043,78.8100248818744,0.2186909168958664,1,0.7982847202856176,0.32516131104023627,1,control
37,423.0,207.0,428.36013780254683,207.77024524040533,0.21562881767749786,0,5.041458970244068,2.9468873210549726,1,control
38,333.0,201.0,333.0,200.0,0.21306708455085754,1,0.9268125198991823,,1,check
39,392.0,180.0,395.0,178.0,0.212224543094635,0,3.175784990327619,,1,check
40,328.0,177.0,328.55999341152074,178.08005943008527,0.21121573448181152,1,1.2567397994452687,0.9509977954268023,1,control
41,233.0,66.0,233.90002095537508,65.83009451908609,0.19366201758384705,1,0.4878760363551523,0.27597886888033796,1,control
42,353.0,157.0,356.0,155.0,0.1914178431034088,0,3.174545783569259,,1,control
43,301.0,63.0,301.8399584223504,62.42009014343268,0.19125182926654816,1,0.5953285363852135,0.447584927911412,1,check
44,430.0,119.0,430.0,119.0,0.19120925664901733,1,0.44021230760429625,,1,control
45,411.0,135.0,411.04007318963744,135.34010767948928,0.1852749139070511,1,0.6250000610894988,0.9629900168106499,1,check
46,329.0,155.0,332.0,154.0,0.178891122341156,1,2.721794724270728,,1,control
47,386.0,209.0,390.0,203.0,0.17671410739421844,0,6.851482768602872,,1,control
48,406.0,95.0,407.0,96.0,0.1663016825914383,1,1.305811971149702,,1,control
49,319.0,209.0,322.0,209.0,0.1614786833524704,1,2.597883383628993,,1,control
50,409.0,60.0,410.949922867474,59.76010289631936,0.1573248654603958,1,1.5416950129918523,0.7967689130450268,1,control
51,272.0,63.0,273.45008089297346,62.28015079623364,0.15709826350212097,1,1.1761612756779118,1.0984079717089592,1,control
52,336.0,177.0,336.6700136928324,176.85996466970064,0.15577222406864166,1,0.26326707471814154,0.7654689316028186,1,control
53,374.0,147.0,374.24003370826176,146.72013007396248,0.15536615252494812,1,0.20329353621429486,0.19403815535987776,1,control
54,312.0,67.0,312.5200430919944,66.6401593896832,0.15473522245883942,1,0.22190398459013,0.33235570824776683,1,control
55,423.0,194.0,424.14971825607955,193.63991898277837,0.154611274600029,1,0.7681500811777701,0.7579222976912675,1,control
56,413.0,114.0,413.6600370606943,113.67006863071231,0.14567063748836517,1,0.3007985176812405,0.5652442892887192,1,control
57,232.0,46.0,232.59993453894688,45.6701712691778,0.14559821784496307,1,0.24739165146897102,0.5600829137468459,1,control
58,582.0,200.0,582.8299128014834,199.81998476823898,0.3426967263221741,1,0.4257719832548723,0.17992196468330168,2,control
59,604.0,184.0,604.8100183846988,183.81997932756101,0.33400341868400574,1,0.4058138516634966,0.14000251091982932,2,control
60,455.0,74.0,456.9199915981829,73.14020331343212,0.32135340571403503,1,1.6637174998892852,1.2482327584268063,2,check
61,609.0,139.0,609.7700288165684,138.719974768802,0.31967276334762573,1,0.3835513447786025,0.22195003623799128,2,control
62,570.0,202.0,570.8901234023742,201.86009023473628,0.315184086561203,1,0.4859791684327369,0.46039664253856966,2,control
63,575.0,139.0,575.5300301309198,138.69994934630378,0.31356510519981384,1,0.18627434051328387,0.1105269554290065,2,control
64,520.0,204.0,521.2900146994979,203.8700302058343,0.3076345920562744,1,0.8854276281612841,0.22634728120043554,2,control
65,601.0,124.0,601.8199331580416,123.69019457868065,0.29867321252822876,1,0.4400061760847237,0.5370850051821119,2,control
66,587.0,137.0,587.7800416860069,136.6300811755773,0.2970240116119385,1,0.4285887997271383,0.2297029407342535,2,control
67,589.0,97.0,589.6600254392197,96.7800689967574,0.29436588287353516,1,0.26002949717889945,0.28085855979921814,2,check
68,603.0,103.0,603.5499310448802,102.67006033692032,0.2843119204044342,1,0.22240646430533212,0.38475607628389596,2,check
69,550.0,186.0,553.75997886235,186.35050405758952,0.2800840437412262,0,3.3936817966174946,2.510116873516492,2,control
70,527.0,178.0,527.5700240832306,177.790059521555,0.2770783007144928,1,0.170938806154243,0.13267132873428036,2,control
71,476.0,137.0,477.37005405612706,136.50003742657324,0.27391913533210754,1,1.0198171175999025,0.26064766100781434,2,control
72,616.0,118.0,613.8699088667894,117.89009487693657,0.27350106835365295,1,2.536738789853068,0.8066595831223433,2,control
73,628.0,103.0,628.2800463611518,102.57002815103182,0.2705768048763275,1,0.29875975718995723,0.2987570540945297,2,check
74,550.0,129.0,551.5399829381797,128.21016339945766,0.2699289619922638,1,1.295873235561183,1.233362558434405,2,control
75,471.0,67.0,471.5399202884369,66.73995386359137,0.2683592140674591,1,0.1630602695789456,0.5809046223604966,2,control
76,469.0,88.0,470.0999633553491,88.35001172966581,0.26352643966674805,1,0.8608048221784443,0.7881225923191679,2,check
77,636.0,139.0,636.9598878781375,139.05999930135278,0.2621707022190094,1,0.5963832383446682,0.5022080387648695,2,check
78,445.0,185.0,445.9900193000606,184.8802098437185,0.2620832026004791,1,0.5851394324773137,0.2432373898788645,2,control
79,639.0,126.0,640.7100035773418,126.02018072765871,0.2550283968448639,1,1.3166561520450042,0.8370009832559804,2,control
80,493.0,177.0,493.6300073789285,176.95006639297037,0.2537250816822052,1,0.2509367342205233,0.14093858088707173,2,control
81,545.0,174.0,545.8600408957238,173.64008966083563,0.24561311304569244,1,0.49558129767769443,0.3530233906973514,2,control
82,496.0,166.0,496.69003716052475,165.6700718002054,0.24405817687511444,1,0.32896058331048195,0.23623598171612553,2,control
83,577.0,164.0,577.9899115372963,163.90021323795472,0.2420382797718048,1,0.5876516763065539,0.5620242660513431,2,control
84,562.0,159.0,562.5399192319393,158.7499538968682,0.24159814417362213,1,0.16069929606239763,0.15518999697877964,2,control
85,506.0,94.0,508.0999506773768,93.47001212898772,0.24090276658535004,1,1.7314298688569025,0.40697748463091005,2,control
86,657.0,79.0,657.1899482819438,78.59033898609596,0.23916569352149963,1,0.33189059316004993,0.33213175004343737,2,control
87,487.0,66.0,487.55992172786733,65.79016744250895,0.23736950755119324,1,0.15825981570761313,0.1292056218052068,2,control
88,603.0,87.0,603.5199774309481,86.23005570324689,0.237222358584404,1,0.6206756455301279,0.20396540573195507,2,control
89,532.0,220.0,533.1100195411931,219.85011677209124,0.2346508800983429,1,0.7054717443413021,0.20917303127986253,2,control
90,654.0,99.0,655.4600522426231,98.52004700160612,0.23406678438186646,1,1.1018668387162065,0.38793314720571404,2,control
91,783.0,177.0,783.7303617966126,176.6301715598101,0.12009292840957642,1,0.39114335313110044,0.31281915002920646,3,control
92,751.0,189.0,752.6100240581484,188.75995799794626,0.13261300325393677,1,1.2101551511412507,0.4139031229762947,3,control
93,702.0,132.0,702.7299189658908,131.79007975320064,0.15746992826461792,1,0.3293593573431709,0.5364166004585597,3,control
94,737.0,121.0,738.0200403716555,120.65010659807551,0.2230909913778305,1,0.6450793110088582,0.24955733849975684,3,control
95,690.0,203.0,690.7498239476523,202.69008486111036,0.12174613773822784,1,0.37813819553106376,0.6199815823657063,3,control
96,742.0,188.0,744.0900303559953,187.81032582552663,0.15451039373874664,1,1.6875052202846974,0.6764482011722814,3,control
97,670.0,158.0,671.7500061398235,157.06039638629485,0.10707191377878189,1,1.5556438185967798,0.7242069095727091,3,control
98,699.0,161.0,700.4198329399253,160.49973241511978,0.12245871871709824,1,1.0718459337837232,0.6091121737584383,3,control
99,727.0,177.0,727.6300177857158,176.8199603106026,0.15880875289440155,1,0.22780824365863395,0.30927284422869583,3,control
100,811.0,192.0,815.0,319.0,0.10801735520362854,0,127.20833683977177,,3,check
101,678.0,160.0,679.2499735211702,160.29013302723925,0.1734924167394638,1,0.957389383712112,0.6035883834497527,3,control
102,712.0,205.0,711.5099395219439,205.62016159431445,0.15121246874332428,1,1.184682608407371,0.7833028525106684,3,check
103,668.0,89.0,668.6099396965227,88.59006640969184,0.12779361009597778,1,0.32395957752227517,0.15001424428532975,3,control
104,788.0,194.0,788.9299259704134,193.7301006834935,0.112569160759449,1,0.5398535453202161,0.3818896114547029,3,control
105,768.0,116.0,769.5999458440424,115.49995940393369,0.147308811545372,1,1.2441950136511992,0.4868054777747054,3,control
106,674.0,109.0,675.7303510734462,108.70006614297884,0.13159973919391632,1,1.332303828339627,1.1461901480932466,3,control
107,680.0,174.0,680.8499456194654,173.50998584965276,0.1390722393989563,1,0.5555045526451626,0.37107821787822093,3,control
108,680.0,93.0,681.4799534729625,92.55036949142168,0.14196361601352692,1,1.1129581981938508,0.6858650390946064,3,check
109,679.0,129.0,683.3400130692658,128.95024705407542,0.16327717900276184,0,3.936482555609261,1.549911502454543,3,control
110,688.0,108.0,689.500049997185,107.70058007542494,0.1058945283293724,1,1.1037070781701799,1.1561957246696508,3,check
111,679.0,49.0,680.7500477669731,48.53997205682375,0.10227561742067337,1,1.3767286363134301,0.15900970236306436,3,check
112,693.0,143.0,693.2698308023462,142.61003388300662,0.14080412685871124,1,0.2681418492176398,0.5728937731971556,3,control
113,671.0,141.0,672.6599505860733,140.52017710901154,0.19663001596927643,1,1.2955275954916783,0.522457692517071,3,control
114,709.0,94.0,710.0900659605378,93.41011319491552,0.10434871166944504,1,0.8098400388054223,0.5368832849431412,3,control
115,668.0,131.0,668.8999385485553,130.61009711467852,0.14394831657409668,1,0.5461797147750943,0.28211147843289763,3,control
116,748.0,208.0,742.0,207.0,0.10113701224327087,0,6.457553197779487,,3,control
117,669.0,101.0,670.7399327336376,100.6600803770996,0.1467301845550537,1,1.3463849578219935,0.5341650985803277,3,control
118,775.0,193.0,775.850140755159,192.59976819424094,0.11283055692911148,1,0.5097366421352635,0.45289268905164914,3,control
119,101.0,312.0,101.22003982250472,311.6300220117066,0.3729062080383301,1,0.27089849504700364,0.37471849013918174,4,control
120,83.0,241.0,83.67004131996188,240.6300695541027,0.3024297058582306,1,0.32565219217340335,0.9211509798456123,4,control
121,98.0,321.0,98.01000019146635,321.0301068060972,0.3006909489631653,1,0.4473365232743801,0.6192067981335858,4,control
122,73.0,341.0,74.0,341.0,0.2737043499946594,1,0.6180941253564756,,4,control
123,117.0,324.0,120.0,324.0,0.254456490278244,1,2.598602771054901,,4,check
124,123.0,294.0,123.3699420673719,293.5600409539168,0.25007137656211853,1,0.26873224048309347,0.4257569791819753,4,control
125,132.0,308.0,132.750019399725,307.84007870489756,0.24828466773033142,1,0.3428118073537854,0.4098670326222697,4,control
126,81.0,285.0,78.8502613540853,281.4898701502823,0.2458525151014328,0,4.203584631705379,0.8146752480839873,4,control
127,86.0,264.0,86.82012375136556,263.7597655571771,0.24244707822799683,1,0.41621623364713145,0.3463030312787163,4,control
128,89.0,361.0,90.0,360.0,0.22423620522022247,1,1.0156935080740703,,4,check
129,78.0,309.0,79.53003995577815,306.67016054601135,0.2227604240179062,1,2.429238235303285,1.0270626046880706,4,control
130,85.0,345.0,79.0996496828956,347.1293870820092,0.21787208318710327,0,6.715540462287631,1.0047708592561084,4,control
131,72.0,252.0,72.6199210292201,251.83027956437144,0.2102186679840088,1,0.2103722789281912,0.6609198447757028,4,control
132,91.0,279.0,94.0,281.0,0.20653009414672852,0,3.3828413464278277,,4,control
133,154.0,351.0,154.0,351.0,0.19900451600551605,1,0.4418328656315523,,4,control
134,106.0,272.0,102.0,273.0,0.19652308523654938,0,4.56241041885103,,4,control
135,70.0,232.0,67.12010620728047,232.0301150998892,0.1938478648662567,0,3.2964112660638603,0.7363310794099663,4,check
136,210.0,261.0,211.0,261.0,0.1932714432477951,1,0.6166313337592261,,4,control
137,52.0,225.0,53.12992240995917,224.7701219465546,0.18623897433280945,1,0.7215189009052789,0.19745802527843195,4,control
138,197.0,269.0,197.0,271.0,0.18596704304218292,1,2.209766427419986,,4,control
139,61.0,329.0,62.140027934815514,328.7400139257702,0.18443837761878967,1,0.7369868912779126,0.27109230447209237,4,control
140,65.0,316.0,66.0000327514284,315.6899989684184,0.178371399641037,1,0.6069698584907414,0.27672545547632804,4,control
141,92.0,227.0,92.2499094985507,226.76971202545073,0.17508375644683838,1,0.16972051753893913,0.4464073919745331,4,control
142,128.0,350.0,128.139975109931,350.24001558961146,0.17059890925884247,1,0.49282803600816233,0.3120132549640797,4,check
143,52.0,278.0,53.32992397380386,277.73003729363205,0.16564980149269104,1,0.9255494681256538,0.1790055363972625,4,control
144,93.0,242.0,93.91010233897406,242.0600930132682,0.16513846814632416,1,0.5525628435952756,0.6813647440326739,4,check
145,113.0,223.0,114.18959160946399,222.83992720198825,0.1615203469991684,1,0.7799048729283291,0.4924224153501856,4,control
146,129.0,334.0,132.0,332.0,0.15937471389770508,0,3.171383302223789,,4,control
147,69.0,287.0,72.0,290.0,0.15688584744930267,0,4.0983462756220055,,4,check
148,139.0,267.0,139.73989438334166,266.9598700758663,0.15638847649097443,1,0.35720241536392516,0.478827948425318,4,control
149,179.0,327.0,177.0,329.0,0.1562124788761139,0,3.242386502188559,,4,control
150,346.0,245.0,347.02003493097743,244.67000101486013,0.2755073010921478,1,0.6347194259441228,0.22279732312020495,5,control
151,443.0,313.0,443.95002202006737,312.7899940186982,0.26408275961875916,1,0.548257126684308,0.4417292426055333,5,control
152,420.0,264.0,421.1999288236936,263.68002339277797,0.25828027725219727,1,0.8096611911928291,0.20451415111798923,5,control
153,368.0,264.0,369.5100430587176,263.6401583331855,0.2554812431335449,1,1.121027424035175,0.710663492824442,5,control
154,369.0,224.0,370.50008724015424,223.1900501294616,0.24590234458446503,1,1.268486652454598,3.2559882604747785,5,control
155,357.0,238.0,358.3500488652745,237.58014122956152,0.24140797555446625,1,0.9768051134603226,0.2608457909378399,5,control
156,431.0,282.0,432.11002783498503,281.7400107562771,0.2320530265569687,1,0.7118160805033894,0.16141101939167815,5,control
157,303.0,239.0,305.0,237.0,0.2295256108045578,1,2.427078947295886,,5,control
158,364.0,275.0,366.0600214878043,274.8301114230491,0.2250838428735733,1,1.6546217191093957,0.4751439578540995,5,control
159,435.0,361.0,435.78003835832436,360.6299755258083,0.22488726675510406,1,0.4286566875411785,0.43146542273498945,5,check
160,318.0,280.0,319.589814805052,281.73996247376243,0.22031915187835693,1,2.2463229003387886,2.5259772229916386,5,control
161,440.0,260.0,439.0,259.0,0.2201615869998932,1,1.6338908794932019,,5,control
162,357.0,228.0,361.0,227.0,0.21782286465168,0,3.6885883135099347,,5,check
163,304.0,291.0,305.08002033967074,290.8100078197218,0.21502713859081268,1,0.674565016157882,0.27370146219587294,5,control
164,321.0,246.0,322.2800215871364,245.70971166760026,0.2142249047756195,1,0.8818194380089026,0.4466456495593544,5,control
165,335.0,228.0,337.0,226.0,0.21300475299358368,1,2.4278562285275562,,5,control
166,332.0,288.0,333.0,287.0,0.2127683311700821,1,1.021972376675295,,5,control
167,440.0,379.0,440.41011831921446,378.8298281234786,0.21248333156108856,1,0.008688921191195974,0.354075361825851,5,check
168,433.0,316.0,434.07001819339854,315.8300068297778,0.20986923575401306,1,0.6664715669393108,0.1766789156945083,5,control
169,338.0,235.0,338.350057000877,234.43992946414787,0.20854374766349792,1,0.39620107401251536,1.3521075332369064,5,control
170,437.0,346.0,438.07991046391095,345.85001128051175,0.20730292797088623,1,0.677349277308321,0.11561080733368607,5,control
171,318.0,269.0,318.51009239773,269.10994526997564,0.2006853073835373,1,0.29755632998424164,0.24314134932451825,5,control
172,434.0,394.0,430.0,393.0,0.19936466217041016,0,4.479722299275808,,5,control
173,436.0,248.0,436.9600234262209,247.8402065411181,0.1965467631816864,1,0.5548748463008525,0.5234242523813819,5,check
174,332.0,252.0,332.5499210618324,251.66974338761318,0.19574326276779175,1,0.2164099767221382,0.39814808323449047,5,control
175,434.0,224.0,434.5500333669666,223.66995135946868,0.19153176248073578,1,0.21884343498857955,0.8304465165365972,5,check
176,278.0,239.0,277.0,239.0,0.1912003457546234,1,1.4175523003179424,,5,control
177,316.0,232.0,316.0,230.0,0.18775437772274017,1,1.8762665412263693,,5,control
178,388.0,264.0,387.0,265.0,0.18761633336544037,1,1.8268280372247017,,5,control
179,402.0,399.0,401.8600164380875,398.83998467660314,0.18748989701271057,1,0.5419764505021799,0.8159578078959987,5,control
180,282.0,325.0,283.0,324.0,0.18332868814468384,1,1.0207705595074656,,5,check
181,409.0,426.0,410.8100597462982,425.4600837793643,0.18084293603897095,1,1.457016514342852,0.6537812629607617,5,control
182,575.0,344.0,575.7400160387656,343.83997199863086,0.3408498167991638,1,0.3389219571659925,0.11933225357697716,6,control
183,557.0,341.0,557.68993874805,340.5699691453507,0.3253076374530792,1,0.39251609914757124,0.13796862810829075,6,control
184,540.0,343.0,541.2100557948828,342.5101262056561,0.3182440996170044,1,0.8715632472239425,0.5739392918461249,6,control
185,601.0,317.0,601.8500260714794,316.78008907021353,0.3155719041824341,1,0.45223251781590496,0.1527087606837541,6,control
186,582.0,337.0,582.8599287487792,336.66998743857965,0.3073188066482544,1,0.48810462124890946,0.10117210113563528,6,check
187,549.0,356.0,550.2299424998045,355.5199203800728,0.29122841358184814,1,0.886928691075058,0.33236896808997407,6,control
188,461.0,349.0,462.4099708841064,348.32015003103277,0.2822435200214386,1,1.1308778705754705,0.332172388089828,6,control
189,595.0,325.0,595.8401285184785,324.8100847858637,0.2786823511123657,1,0.439639790133323,0.25143768701299246,6,control
190,573.0,222.0,574.2400282675837,221.7400244907471,0.2785177528858185,1,0.8416345995657114,0.23230051505025798,6,check
191,573.0,237.0,573.7200286501842,236.71996948631354,0.2777392566204071,1,0.33750340827083647,0.1303594206105208,6,check
192,592.0,298.0,592.140169505506,298.4000094666755,0.2683212459087372,1,0.6205042209258382,2.0338536534025127,6,control
193,467.0,417.0,467.8500378511435,416.70019445376795,0.2665157616138458,1,0.4685674664759224,0.3068798579939534,6,control
194,525.0,358.0,522.9699085667996,358.7696824435154,0.2621627449989319,1,2.6049477941564545,0.51854314211663,6,control
195,543.0,364.0,543.6300274523846,363.7600657607107,0.25769105553627014,1,0.24109653633557915,0.25517183847139724,6,control
196,462.0,260.0,462.61004217679863,259.6200631818397,0.25246042013168335,1,0.29718675152240953,0.19938094068016035,6,control
197,539.0,375.0,539.3800158972975,374.82993393143715,0.24893616139888763,1,0.021452798564262944,0.14978127419156112,6,control
198,500.0,345.0,500.88023144824086,342.9002972832014,0.24751441180706024,1,1.9926057399227366,0.9723950416953417,6,control
199,446.0,353.0,446.0,352.0,0.2458992451429367,1,0.9253596419545159,,6,control
200,453.0,252.0,453.6000115050888,251.91006309037,0.23415660858154297,1,0.20920118284257413,0.18107041380427893,6,control
201,445.0,286.0,445.9001266051441,285.8300911914035,0.23386041820049286,1,0.49600128901728907,0.1897965342051153,6,check
202,467.0,383.0,469.0,382.0,0.2336200475692749,1,1.802710867177266,,6,control
203,454.0,376.0,456.3900449305806,375.65025133825907,0.22588053345680237,1,1.9966261484585288,0.9246255890319893,6,control
204,571.0,253.0,571.9499924381321,253.06999495044934,0.2226211130619049,1,0.5939941084430141,0.2391384441818542,6,control
205,463.0,330.0,464.21004522990586,329.6101265384243,0.22231175005435944,1,0.8376572138580637,0.1877833885959517,6,control
206,527.0,335.0,527.9700340244747,334.7402072648475,0.2211288958787918,1,0.5760337982201438,0.32759814207716065,6,check
207,611.0,313.0,611.8600976302201,313.039876364688,0.21813026070594788,1,0.5012381934970553,0.23151606415411957,6,control
208,556.0,324.0,555.5599583889074,322.379954778621,0.21400220692157745,1,1.6821701806746276,1.9407408908572226,6,control
209,700.0,325.0,701.1100162135104,324.8500111223222,0.2694272994995117,1,0.7100706604757198,0.1083208422692655,7,control
210,695.0,269.0,696.1199940603358,269.06001287763326,0.2648661434650421,1,0.7513718405738209,0.116019820991818,7,check
211,701.0,395.0,701.6200242496147,394.7900648040435,0.23237153887748718,1,0.227042590785212,0.38316366597347556,7,check
212,749.0,262.0,749.8699044826092,261.8999892604444,0.21681930124759674,1,0.47255366471491167,0.10314817643064714,7,check
213,747.0,274.0,744.2000582983409,275.35970205092985,0.21412132680416107,0,3.542473216476439,2.9815129621677126,7,control
214,686.0,291.0,686.7199411190654,290.5800779978896,0.20859631896018982,1,0.4113298608873648,0.19531332092583997,7,check
215,728.0,307.0,729.540137345032,306.7802642906406,0.2040175497531891,1,1.1416314144113662,0.6181786522735484,7,control
216,722.0,277.0,722.5200714592426,277.3400527416094,0.19953368604183197,1,0.5131713364603006,0.565083883979141,7,control
217,722.0,346.0,724.1700618425721,345.42001603040484,0.1983686089515686,1,1.8199771466926478,0.572613078482377,7,control
218,692.0,350.0,693.9599882454181,350.1099961400543,0.19791536033153534,1,1.583800907622164,0.1135861224498047,7,control
219,744.0,347.0,745.9099727061372,346.35030860551683,0.19753965735435486,1,1.588594960794836,0.39459547877961104,7,check
220,696.0,301.0,699.070204453371,300.13021247225544,0.19719040393829346,1,2.7623182217087927,0.5868636276101198,7,control
221,693.0,283.0,693.3398862895428,283.15025104729455,0.18894609808921814,1,0.3161188502451945,0.2892606762485559,7,control
222,700.0,354.0,701.5099911321412,354.1000542141505,0.18196693062782288,1,1.140857102535178,0.3103867175679607,7,control
223,719.0,310.0,719.6101280694905,309.8702719856159,0.18120181560516357,1,0.21208252789395243,0.3341083673689444,7,control
224,709.0,428.0,708.880226905871,427.8800859171097,0.17853455245494843,1,0.5188319009018391,0.8200755389881383,7,control
225,735.0,282.0,736.3499335488367,281.64003910713603,0.17468810081481934,1,0.9703743479695413,0.2789050531421166,7,control
226,667.0,285.0,669.0,285.0,0.17125433683395386,1,1.6066452479455298,,7,control
227,678.0,410.0,679.4799052978083,409.8799479904808,0.17107760906219482,1,1.0824995678099525,0.8534320511998007,7,control
228,671.0,414.0,671.5600303889399,413.73005826539634,0.17054198682308197,1,0.19449663485620866,0.31115849581278315,7,control
229,725.0,380.0,725.8700432001856,379.6501964003792,0.16743125021457672,1,0.5083221653395462,0.24294382396770717,7,control
230,709.0,399.0,710.1199071111461,398.81980410713396,0.16448689997196198,1,0.722064497530389,0.37727062382644877,7,control
231,760.0,228.0,758.939913009339,229.78989064011407,0.1643551141023636,1,2.435028839377838,0.9251377011058276,7,control
232,760.0,302.0,761.6200253061124,301.7800647707666,0.16408680379390717,1,1.2217426512430738,0.21443604662274585,7,control
233,729.0,390.0,729.700131222096,389.78006989506554,0.15632927417755127,1,0.3078802494152932,0.2678694540505754,7,check
234,680.0,282.0,680.9798946000564,282.06021271388624,0.15608617663383484,1,0.6191300949658115,0.19148088945442773,7,control
235,746.0,362.0,746.8700268781516,361.70987965073306,0.1559906154870987,1,0.48922359553734535,0.275354007195235,7,control
236,699.0,420.0,700.7200629326788,419.4902856702537,0.1553981751203537,1,1.3674578967820015,0.3204819011293358,7,control
237,744.0,308.0,745.2900349311436,307.7101353231741,0.15411148965358734,1,0.8997264470647885,0.3674530127162839,7,control
238,667.0,359.0,668.2599066787135,358.85992468097794,0.15332761406898499,1,0.8605754637934317,0.35366738268051834,7,control
239,756.0,237.0,756.9201265135082,236.79998755479937,0.14985911548137665,1,0.5203688145046353,0.16312465752922184,7,control
240,737.0,266.0,737.9699366684977,265.630104576716,0.1483774185180664,1,0.6069088751242886,0.2228432666925212,7,control
241,137.0,499.0,140.0,500.0,0.08781028538942337,1,2.851158487601961,,8,control
242,175.0,458.0,17.0,691.0,0.07522265613079071,0,281.8936291072506,,8,control
243,156.0,491.0,80.0,362.0,0.07137379795312881,0,149.77872795646644,,8,control
244,74.0,448.0,75.0,444.0,0.05964864790439606,0,3.869063991210383,,8,control
245,119.0,572.0,121.0,572.0,0.10119356960058212,1,1.6086314592511328,,8,check
246,149.0,564.0,156.0,563.0,0.05946973338723183,0,6.65021649271925,,8,check
247,57.0,456.0,56.0,456.0,0.07544111460447311,1,1.4160064737922418,,8,control
248,189.0,488.0,192.01006088640327,488.5504221581167,0.0696026086807251,1,2.7066515250939913,1.6104426801902618,8,control
249,117.0,504.0,169.0202333943537,734.7598890092173,0.054855529218912125,0,236.63778608220247,0.7602980437626882,8,control
250,164.0,612.0,165.40005024634584,611.6002522283727,0.076673723757267,1,1.0249146548229255,0.6346558797722253,8,control
251,38.0,464.0,56.0,425.0,0.05279267951846123,0,42.62361758022303,,8,control
252,77.0,506.0,240.0,718.0,0.06475725769996643,0,267.3178231547688,,8,control
253,109.0,533.0,110.0,532.0,0.08180967718362808,1,1.0169657772929594,,8,check
254,159.0,651.0,158.0,655.0,0.07855010032653809,0,4.4055032624227755,,8,control
255,136.0,620.0,120.0,324.0,0.08173903822898865,0,296.2802556089141,,8,control
256,102.0,497.0,105.14012861847515,494.8502222636708,0.09381444752216339,0,3.3738350640210766,1.2402326250611067,8,check
257,186.0,562.0,64.0,423.0,0.07322721183300018,0,185.0809105022108,,8,control
258,186.0,562.0,187.0,561.0,0.10822264850139618,1,1.0191744942499221,,8,control
259,188.0,515.0,187.0,516.0,0.0661296397447586,1,1.8291538923992925,,8,control
260,213.0,481.0,215.0,482.0,0.06330534815788269,1,1.9827407305398932,,8,control
261,95.0,570.0,163.0,398.0,0.05028828978538513,0,184.64338947321875,,8,control
262,173.0,445.0,17.0,691.0,0.06366916000843048,0,291.6609982047261,,8,control
263,220.0,526.0,221.0,527.0,0.0616610087454319,1,1.3183574200768606,,8,control
264,95.0,592.0,66.0,473.0,0.05253401771187782,0,122.4066363903317,,8,control
265,191.0,572.0,90.0,506.0,0.056339606642723083,0,120.89343407019062,,8,control
266,110.0,562.0,110.98994413053511,561.5601064567736,0.051538046449422836,1,0.64421253284133,0.3673182382071584,8,check
267,57.0,506.0,240.0,718.0,0.05685461685061455,0,279.9338724065395,,8,control
268,173.0,660.0,158.0,582.0,0.06163898482918739,0,79.3325048635594,,8,check
269,126.0,657.0,142.20004202713596,385.6401255817571,0.08749784529209137,0,271.6448317271787,1.0097684334883528,8,control
270,205.0,517.0,207.0,519.0,0.12330897152423859,1,2.699026024473825,,8,control
271,125.0,625.0,56.0,444.0,0.05494416132569313,0,193.6849703101863,,8,control
272,186.0,612.0,185.0,384.0,0.050122104585170746,0,227.83078536233486,,8,control
273,203.0,527.0,98.0,433.0,0.07304851710796356,0,141.1136994464993,,8,control
274,32.0,531.0,150.82036436728887,450.64028675133517,0.06758342683315277,0,143.01063705623116,2.778427800218727,8,check
275,181.0,484.0,184.04043477739765,484.7595675175404,0.05421624332666397,1,2.7985006758750433,1.9236735637058024,8,control
276,210.0,544.0,211.0,540.0,0.08414046466350555,0,3.871790759662341,,8,control
277,217.0,508.0,260.4897905965765,685.8395296424776,0.0667910948395729,0,183.15662714866315,1.183866736236966,8,control
278,136.0,534.0,137.0,539.0,0.0535372756421566,0,5.211093335471545,,8,control
279,434.0,501.0,435.80992240159844,500.7600881053517,0.25365543365478516,1,1.4126933902556846,0.457943427751389,9,control
280,418.0,491.0,419.4999245395099,490.7300552540928,0.24514693021774292,1,1.1050675643035484,0.23993804268679572,9,control
281,394.0,495.0,395.6800552458982,494.5301759276012,0.22452230751514435,1,1.3150760297306894,0.575780594723644,9,control
282,375.0,652.0,375.8200544970866,650.5100850022461,0.21341735124588013,1,1.384240055476036,0.8370678316029974,9,check
283,371.0,506.0,371.0,507.0,0.19553160667419434,1,1.2368821206269207,,9,control
284,413.0,641.0,415.58032627484687,637.9300510608805,0.1930326521396637,0,3.6297598843362735,2.1900872749538807,9,control
285,404.0,503.0,404.88001983232374,502.84009243936754,0.1921343356370926,1,0.480768922880758,0.27430032495710605,9,check
286,411.0,554.0,411.0,554.0,0.1917916238307953,1,0.43286236618031304,,9,control
287,409.0,663.0,409.7600447889464,662.6000789627515,0.18227167427539825,1,0.4302840174812676,0.2243588438244338,9,check
288,416.0,482.0,416.98989658813906,482.01010795423076,0.17788834869861603,1,0.6167956806184751,0.4974421417575896,9,control
289,420.0,632.0,421.0,633.0,0.17574845254421234,1,1.3174968305100403,,9,control
290,400.0,456.0,401.23001645464285,455.819918050695,0.17487986385822296,1,0.8295448856799806,0.37074916476774455,9,check
291,411.0,448.0,409.2898537954699,448.3298237647128,0.17262455821037292,1,2.168882989074842,0.3903197187506233,9,check
292,410.0,539.0,407.0,538.0,0.17012332379817963,0,3.4983425664885517,,9,control
293,387.0,481.0,387.900017785882,480.86009461891655,0.16371285915374756,1,0.5008130330111638,0.21218723361433126,9,control
294,436.0,510.0,432.5106701437771,504.60982131795237,0.16219288110733032,0,6.509957401410286,2.017783488924467,9,control
295,368.0,494.0,368.850001613843,493.979984085981,0.1617623269557953,1,0.4744588630311061,0.4759089971506829,9,control
296,398.0,447.0,402.0,445.0,0.15623202919960022,0,4.038167988235129,,9,control
297,388.0,446.0,391.00031288150586,443.07009589965907,0.15104836225509644,0,3.791799171230595,3.2404735612794955,9,control
298,269.0,493.0,269.659696868438,491.89007934585027,0.14010830223560333,1,0.9720757906559219,0.8514226006774887,9,control
299,425.0,528.0,426.01991676142563,527.8201104914641,0.14001032710075378,1,0.6215275171537182,0.2775763724771334,9,check
300,424.0,569.0,425.0,569.0,0.13863776624202728,1,0.6260347602306028,,9,control
301,404.0,513.0,405.2299086918784,512.8399214449312,0.13323862850666046,1,0.8308641233249188,0.6979553812694785,9,control
302,399.0,633.0,401.38993399832304,632.7002548323259,0.1305752992630005,1,1.9978430996863785,1.1473144639924293,9,control
303,338.0,500.0,335.8699710419636,500.2699871640043,0.12777937948703766,1,2.5684914754595667,0.8473194019705726,9,control
304,404.0,489.0,407.70972872975284,488.5900836300339,0.12608693540096283,0,3.318792438956385,1.6942872682743364,9,control
305,428.0,544.0,428.57001320187464,543.8298483551242,0.12518322467803955,1,0.17195986654564552,0.2743956967024758,9,control
306,277.0,472.0,181.0,638.0,0.12255624681711197,0,192.11314992919614,,9,control
307,242.0,513.0,238.0,515.0,0.12170656770467758,0,4.90873183798266,,9,control
308,277.0,509.0,275.0,509.0,0.1174030527472496,1,2.4070297823949893,,9,control
309,385.0,517.0,384.0,515.0,0.11638493835926056,1,2.3034387179941547,,9,control
310,414.0,460.0,415.4301407812381,459.8706755677336,0.11251397430896759,1,1.0306311274102713,0.7369979076920318,9,control
311,498.0,603.0,499.66995500353033,602.5102837820015,0.26410821080207825,1,1.314062859035803,1.4344261629590709,10,control
312,541.0,623.0,542.1299519918945,622.4901210148034,0.25480955839157104,1,0.8109194708247734,0.33198225733144915,10,control
313,496.0,573.0,497.25008144212416,572.3002353826025,0.24771437048912048,1,1.005529938649945,0.4725754953760743,10,control
314,456.0,587.0,457.2100302807487,586.7200212547003,0.24209345877170563,1,0.8208594338717021,0.5050218741703613,10,control
315,513.0,606.0,514.049966674837,605.3802178465459,0.23990985751152039,1,0.7951190909316111,0.2662490074759685,10,control
316,517.0,596.0,517.5700314787144,595.7200592886172,0.23126672208309174,1,0.20716389712790592,0.1137310403017621,10,control
317,482.0,569.0,483.1000540559609,568.4599031182593,0.22522738575935364,1,0.7953888797887285,0.31072993358133083,10,control
318,464.0,651.0,465.0,651.0,0.21749821305274963,1,0.6284519792188887,,10,check
319,577.0,637.0,577.8600250482585,636.790090159988,0.21732580661773682,1,0.4680579815455746,0.16268044792713443,10,control
320,456.0,612.0,457.2800474176495,609.560028117755,0.21524889767169952,1,2.436293490037551,1.7248283143908592,10,control
321,573.0,489.0,573.4500140172399,488.84994139347464,0.21420224010944366,1,0.05460358111975235,0.31799365919699196,10,control
322,454.0,663.0,455.51999010892035,663.110055303925,0.21136748790740967,1,1.1596106710463097,0.41901173886632515,10,control
323,628.0,487.0,629.1902247679595,486.91011876836853,0.2090502232313156,1,0.7967239614241739,0.5973190821672433,10,control
324,526.0,589.0,526.3300530247116,588.5401389834589,0.20700179040431976,1,0.2994081490755125,0.38469616966037296,10,control
325,511.0,562.0,511.8501555969557,561.6805080088388,0.20588044822216034,1,0.47827483165862883,0.2715484964316993,10,control
326,485.0,622.0,487.0,626.0,0.20499984920024872,0,4.46732718222091,,10,control
327,506.0,637.0,505.84003538849225,637.6599819646249,0.20432718098163605,1,0.9973691343002018,0.6739786967477536,10,control
328,483.0,443.0,481.76023480034115,443.76996722332325,0.20235644280910492,1,1.8884600262420006,0.3144328574227311,10,control
329,530.0,457.0,530.5600359878074,456.7402695982113,0.20044611394405365,1,0.18639629052713194,0.5588578270154363,10,control
330,538.0,645.0,538.7900086514763,644.8798717644576,0.19709432125091553,1,0.3986931736292985,0.3013758438110639,10,control
331,634.0,560.0,635.240043216741,559.630129774471,0.19543392956256866,1,0.869487195437444,0.3506311075194381,10,control
332,599.0,582.0,599.3199121608629,582.80993085358,0.1932559460401535,1,0.9787092134856736,0.6094483190349083,10,control
333,557.0,486.0,555.6799517091246,486.5101791887301,0.19111257791519165,1,1.8461216382857208,0.4774965589415187,10,control
334,489.0,640.0,490.2999558852831,639.4902446250333,0.18989557027816772,1,0.9669381652167924,0.6385638178372197,10,check
335,528.0,599.0,529.1799889775083,598.1100193830035,0.1895650327205658,1,1.0663033974291285,0.4031596535772446,10,control
336,573.0,619.0,574.8600387827285,618.6600897273893,0.18852107226848602,1,1.4758005521475186,0.2639758340140575,10,control
337,511.0,647.0,512.2899547955086,646.5002436018124,0.18666376173496246,1,0.9546472316904189,0.3447172449263688,10,check
338,635.0,647.0,636.2998170095171,646.7099317354989,0.18632756173610687,1,0.9153318382303369,0.2656288851298573,10,control
339,478.0,604.0,481.0,604.0,0.185381680727005,1,2.6095477606870405,,10,control
340,564.0,477.0,564.3900308797315,476.7200402716588,0.1853037029504776,1,0.11480615369555741,0.6073937903738542,10,control
341,538.0,582.0,539.0898169434619,581.8303325474454,0.18293139338493347,1,0.6940670390674298,0.8937213311325415,10,control
342,620.0,610.0,621.280025231198,609.7700288165684,0.18163543939590454,1,0.8883031051037527,0.2339226543042141,10,check
343,598.0,536.0,599.949983827961,535.1198894670645,0.1814987063407898,1,1.7103817061009103,0.40720342634248624,10,control
344,530.0,618.0,527.0,616.0,0.17797379195690155,0,3.857777739986322,,10,control
345,445.0,515.0,447.1600892782352,514.1600141087097,0.17599807679653168,1,1.8850920702789942,0.723547683262943,10,check
346,513.0,587.0,514.0700358374802,586.5997947648727,0.17568184435367584,1,0.7129533063030944,0.31580558172691775,10,check
347,450.0,572.0,450.04996862964293,572.3301120303928,0.1726989597082138,1,0.6082906768677468,0.6208451211750354,10,check
348,468.0,542.0,472.0901405481342,541.8305338639358,0.1713436096906662,0,3.6925779439659476,1.4582356607467581,10,control
349,751.0,593.0,751.4399394471957,592.6502599484302,0.13484561443328857,1,0.19326239973873618,0.3828052137044188,11,control
350,775.0,635.0,777.1101716768604,633.4101119802283,0.1160789430141449,1,2.234289328590763,0.46843425844088177,11,control
351,725.0,550.0,725.8998307857908,549.6301005089148,0.13845069706439972,1,0.5465356769183556,0.31975082846635117,11,check
352,689.0,563.0,689.510147651989,562.6501550387798,0.13303007185459137,1,0.21944067707198753,0.1842509563901111,11,control
353,820.0,480.0,821.0,480.0,0.10223758965730667,1,0.6258471683191151,,11,control
354,734.0,573.0,735.9500644381645,572.4200984372247,0.21265745162963867,1,1.6115378708821775,0.3641610662339828,11,check
355,769.0,599.0,769.3499386731356,598.5599331911524,0.125488743185997,1,0.28136492809872155,0.32757062112880225,11,control
356,671.0,565.0,671.1800261131169,564.7901239679142,0.10222189128398895,1,0.21937221887829012,1.1784189703958095,11,control
357,774.0,562.0,774.9700486572528,561.5701010493724,0.16615568101406097,1,0.6361915411714872,0.3617288152175139,11,control
358,705.0,598.0,705.7699360029611,597.6300834467622,0.1176481544971466,1,0.4295026679285498,0.28684101333816103,11,control
359,762.0,609.0,755.1696719949243,613.1100283095536,0.10244038701057434,0,8.39170104335782,2.424488798256812,11,control
360,811.0,477.0,812.4899773311176,477.23005253375385,0.12305834889411926,1,1.1622474797443036,0.4497613010844059,11,control
361,735.0,600.0,736.0600353804638,599.73021674005,0.13755130767822266,1,0.675693336582584,0.28433561358991366,11,control
362,798.0,632.0,799.5001377938538,631.6799427825745,0.10773316770792007,1,1.1200983044457071,0.7235773883391108,11,control
363,705.0,571.0,706.240029482271,570.7601302070698,0.1521923691034317,1,0.849553489008738,0.23107860580368975,11,control
364,718.0,460.0,719.6799177430089,459.80007450398904,0.11385875195264816,1,1.2840028573608886,0.2806026665473243,11,control
365,778.0,619.0,778.8600470765205,618.5499837115751,0.1355113387107849,1,0.5496917319254735,0.34201035492979454,11,control
366,772.0,644.0,772.3999208790591,643.7299390393468,0.12197475135326385,1,0.10797826518689053,0.46039969862020225,11,control
367,794.0,584.0,795.450008892941,583.9300473094582,0.10883631557226181,1,1.0614119992168536,0.28009022445212495,11,control
368,786.0,657.0,786.3201218219742,656.920241513567,0.1642063707113266,1,0.10865952037940778,0.2046905050427301,11,control
369,747.0,566.0,747.6900287085432,565.75007206642,0.15914519131183624,1,0.30921961349736604,0.23509258032541921,11,control
370,707.0,586.0,703.0,583.0,0.12508177757263184,0,5.229819297639907,,11,control
371,697.0,554.0,697.7700585566932,553.4700795866504,0.11996525526046753,1,0.5249764387731258,0.3445641246209217,11,control
372,814.0,563.0,578.0,472.0,0.127870574593544,0,253.24885454076286,,11,check
373,704.0,658.0,704.6800223362803,657.8100712095833,0.14262178540229797,1,0.289322155934985,0.16075690845781265,11,control
374,724.0,575.0,726.449959395739,574.4301546230686,0.18378187716007233,1,2.096272803242341,0.527918754277063,11,control
375,694.0,589.0,693.9100486157814,588.6002004599858,0.12055967003107071,1,0.5381907947581439,0.7722699939421861,11,check
376,670.0,481.0,670.6500305302418,480.69996202427603,0.10041210055351257,1,0.2881715761528119,0.30972374572499484,11,control
377,672.0,452.0,673.1599235662874,451.76012508277086,0.11103252321481705,1,0.7665759767486624,0.3856908690638951,11,check
378,786.0,621.0,786.7400278184297,620.7600773821853,0.12434480339288712,1,0.3569563871376744,0.25637356021785224,11,control
379,793.0,656.0,793.5599997505069,656.0200592304243,0.2030835896730423,1,0.24859996930750833,0.5140363074217356,11,check
380,183.0,848.0,183.6304514243375,847.8102639159025,0.10040909051895142,1,0.23700903047799296,0.45976130132975357,12,control
381,159.0,854.0,158.0,853.0,0.11740381270647049,1,1.617158761582733,,12,control
382,131.0,803.0,131.9700252561141,802.7599960318631,0.18098603188991547,1,0.5777329693182446,0.10274998194659114,12,control
383,219.0,786.0,220.0,785.0,0.11348860710859299,1,1.0210527257259763,,12,control
384,132.0,767.0,129.25969944697667,768.7898254536364,0.1172528937458992,0,3.7036586716225703,2.487100649358135,12,control
385,198.0,786.0,196.0,786.0,0.17395806312561035,1,2.401652178302844,,12,control
386,180.0,749.0,178.0,747.0,0.11518748849630356,1,3.0100916980270713,,12,control
387,148.0,809.0,148.0,807.0,0.17101845145225525,1,1.8626844381417123,,12,control
388,179.0,856.0,180.02965235390081,855.2599083679693,0.12210886925458908,1,0.8478728054198441,0.4548854035412755,12,control
389,164.0,808.0,162.81991910719267,807.7599835120803,0.17034202814102173,1,1.5761560649218374,1.0916822951896894,12,check
390,198.0,793.0,198.0,793.0,0.14416386187076569,1,0.433226397306871,,12,check
391,177.0,770.0,178.89990384232095,769.9702039624133,0.22923731803894043,1,1.5116042193181554,0.3987868895138789,12,check
392,137.0,714.0,139.24003687775482,713.690129974132,0.1803588569164276,1,1.8471980388670504,0.8046926386717496,12,control
393,180.0,780.0,180.679942940764,779.5299679557456,0.21682025492191315,1,0.4073484868074492,0.4386476028304898,12,check
394,157.0,733.0,162.86971721696784,732.8305239317169,0.11653780192136765,0,5.472987670354289,0.3617389524857499,12,control
395,200.0,819.0,201.0,818.0,0.1855393797159195,1,1.0206873780003956,,12,control
396,185.0,805.0,186.02988568170088,805.0197952641912,0.11172430962324142,1,0.6655063195849671,0.3742642162187335,12,control
397,202.0,859.0,202.75993174369353,858.6700825233718,0.1326059103012085,1,0.396597825792142,0.30359242563876454,12,control
398,186.0,837.0,186.96992943120333,836.7302105592534,0.2248450368642807,1,0.5831218992573963,0.6027509816107174,12,control
399,196.0,773.0,197.8599649860797,772.3901978063666,0.16416384279727936,1,1.5269391713280631,0.671196082008037,12,control
400,205.0,697.0,201.0,699.0,0.14291203022003174,0,4.906528323985712,,12,control
401,160.0,747.0,162.06002571379506,746.7901112899418,0.12120234966278076,1,1.6639137728155062,0.7377613500301646,12,control
402,139.0,778.0,139.81001838469874,777.819979327561,0.17166897654533386,1,0.4140944076714276,0.1856152374722112,12,control
403,187.0,866.0,189.0,867.0,0.16882431507110596,1,1.993265805923561,,12,control
404,412.0,836.0,413.0,835.0,0.2273353636264801,1,1.0264940808748426,,13,control
405,439.0,828.0,441.0,828.0,0.2256494015455246,1,1.618294175743934,,13,check
406,320.0,797.0,319.60003897402873,796.6500622251725,0.20904001593589783,1,0.812172651853307,0.8181961722547177,13,control
407,383.0,845.0,382.0,846.0,0.20549821853637695,1,1.820704302477559,,13,control
408,291.0,862.0,292.3399681144336,861.4705657337774,0.20545841753482819,1,1.011425370487422,1.0085822722342004,13,control
409,323.0,719.0,321.51998345355514,719.1098440043869,0.20159950852394104,1,1.896536096694163,1.5034731847239329,13,check
410,349.0,775.0,352.0,775.0,0.1985054612159729,1,2.6124641182023414,,13,control
411,400.0,692.0,401.0,691.0,0.19127368927001953,1,1.0255300877772753,,13,control
412,336.0,844.0,340.0,844.0,0.1884881854057312,0,3.612442265655686,,13,control
413,434.0,863.0,432.0,862.0,0.1877317577600479,1,2.529117252500863,,13,control
414,434.0,730.0,437.0,728.0,0.1841125637292862,0,3.183852181485625,,13,control
415,403.0,748.0,406.0,746.0,0.18364469707012177,0,3.183333933360185,,13,control
416,430.0,700.0,434.0,698.0,0.18164877593517303,0,4.0429634157112835,,13,control
417,402.0,817.0,402.679951550935,816.4800734391306,0.18059870600700378,1,0.4505797008670581,0.8542414363759337,13,check
418,239.0,763.0,240.4300151653735,761.870044996802,0.17506715655326843,1,1.4069348820826597,1.6601360675123544,13,control
419,238.0,780.0,236.0,784.0,0.17349353432655334,0,4.814932440337182,,13,control
420,316.0,776.0,316.04001233651104,775.7896865778703,0.17184731364250183,1,0.35551053006920363,0.6798554947663316,13,control
421,389.0,754.0,390.690068697266,752.3399650523011,0.17145268619060516,1,1.972879868158227,1.5779659814263787,13,control
422,325.0,825.0,326.8402896880566,824.1897624457108,0.1695467233657837,1,1.5808272649681592,0.6454676500484015,13,control
423,268.0,755.0,268.2700473843727,754.5600270612573,0.16690610349178314,1,0.2919058946670286,0.17878390907590425,13,control
424,369.0,694.0,366.15972869614376,693.5098139569083,0.16477763652801514,0,3.250958274360596,0.7813855674232847,13,check
425,410.0,824.0,411.0,826.0,0.16409167647361755,1,2.257118593303518,,13,control
426,373.0,824.0,372.0,826.0,0.1609947234392166,1,2.581781250826082,,13,control
427,299.0,775.0,296.0,772.0,0.16009636223316193,0,4.415544482497385,,13,control
428,370.0,776.0,373.0,775.0,0.15860746800899506,1,2.7346901795341316,,13,control
429,320.0,855.0,322.52017092821495,853.4301553631873,0.1577615737915039,1,2.54414673511254,1.2672282728909228,13,check
430,279.0,771.0,279.690060403474,770.4500710681152,0.1563611924648285,1,0.4766896259151503,0.5201165280742521,13,control
431,288.0,825.0,288.6799260368009,824.6899684881749,0.1547308713197708,1,0.3165446966124934,0.4195114863833635,13,control
432,401.0,678.0,402.0300191167889,676.8200025705102,0.1544533371925354,1,1.1913753418938913,0.5693594474117931,13,control
433,376.0,810.0,379.0,810.0,0.1526869684457779,1,2.613636650718858,,13,check
434,392.0,668.0,392.59992397396996,667.770171601946,0.1512908637523651,1,0.21247160384304412,0.24088362559535548,13,control
435,413.0,792.0,418.0,790.0,0.15031857788562775,0,4.956851898760523,,13,control
436,409.0,777.0,408.0,776.0,0.15015603601932526,1,1.619699273166083,,13,control
437,302.0,856.0,302.0,859.0,0.15008613467216492,0,3.200673610320434,,13,control
438,322.0,762.0,322.3800317447629,761.6799334322848,0.1495591700077057,1,0.14586120580234369,0.20439153950796576,13,control
439,393.0,856.0,392.84003871617483,855.6600876143939,0.14895696938037872,1,0.5751921131128427,0.22625808277012385,13,check
440,263.0,717.0,262.52996991055153,717.2699512430828,0.14236165583133698,1,0.973902295436923,2.6456616397227006,13,control
441,429.0,824.0,427.0,822.0,0.14080104231834412,1,3.009297860773913,,13,control
442,504.0,859.0,505.0,856.0,0.2705768644809723,1,2.8935499493417285,,14,control
443,633.0,782.0,633.2299595619571,781.390025597243,0.2618115544319153,1,0.47039890118017785,0.31508810353958666,14,control
444,584.0,730.0,584.2199448959021,729.5601307562205,0.25727444887161255,1,0.3214441953051851,0.15112276468636937,14,check
445,639.0,812.0,639.600065386471,811.4000613932519,0.24758212268352509,1,0.4810186686063814,0.3228356369068703,14,control
446,658.0,791.0,658.2900599707091,790.4099230253313,0.24399921298027039,1,0.4345011704201062,0.22842885625288176,14,control
447,575.0,753.0,575.6500836715054,753.2601718596338,0.22557225823402405,1,0.5009017825694074,0.45325017205260004,14,control
448,651.0,814.0,651.500047093242,813.570051393981,0.22498105466365814,1,0.28510604746708906,0.20085198976900062,14,control
449,644.0,795.0,645.4699540216147,794.4500511528486,0.2237788587808609,1,1.1464253707377388,0.4020061864068237,14,control
450,590.0,758.0,591.0100625248301,757.4401048427645,0.2228269875049591,1,0.7326901818165868,0.5578748867615843,14,control
451,512.0,722.0,513.7501650382168,720.4299683630961,0.21917185187339783,1,1.9503084592124502,0.7871515263037973,14,control
452,660.0,834.0,657.0,834.0,0.2174663096666336,0,3.392273153507135,,14,control
453,491.0,770.0,491.0,770.0,0.21713010966777802,1,0.4273951261846347,,14,control
454,554.0,765.0,554.8201480508125,764.5297647918101,0.21683622896671295,1,0.524103923350282,0.23027597719279636,14,control
455,626.0,856.0,626.8300581744251,855.5704032077119,0.21650788187980652,1,0.5133703922902206,0.6616781913889752,14,check
456,646.0,757.0,647.4500573336452,756.4399400291247,0.21541714668273926,1,1.1304919726238452,0.24453539708945204,14,control
457,519.0,671.0,523.0,671.0,0.21526940166950226,0,3.610175511999194,,14,control
458,657.0,858.0,657.9000600457896,857.4600932878435,0.21505339443683624,1,0.6333077797937361,0.1818753209540785,14,check
459,576.0,737.0,576.3200380422776,736.6500326432372,0.21501030027866364,1,0.19515857523974225,0.09823975280489083,14,control
460,458.0,786.0,458.0,786.0,0.214763805270195,1,0.427815134414234,,14,control
461,476.0,726.0,475.0,727.0,0.21377092599868774,1,1.8196289038195628,,14,control
462,493.0,708.0,495.24013634672724,707.7802325957099,0.21304947137832642,1,1.8475852970737519,0.9452303389389815,14,control
463,621.0,783.0,621.4999690706024,782.3401596060656,0.2129465490579605,1,0.5041858850630188,0.4317653389578149,14,control
464,488.0,737.0,489.0,737.0,0.21192018687725067,1,0.6308915205031157,,14,control
465,506.0,700.0,505.0,701.0,0.20759394764900208,1,1.8191510062048208,,14,check
466,567.0,727.0,567.1600281595587,726.770121788365,0.20586633682250977,1,0.23983214128114835,0.5661430501359418,14,check
467,617.0,796.0,617.1499499454528,795.5101231943526,0.20578894019126892,1,0.40119238405644136,0.10959115123267496,14,check
468,459.0,775.0,457.0,775.0,0.20493517816066742,1,2.398213111595268,,14,check
469,544.0,674.0,545.0100065304525,673.9701066064363,0.20464862883090973,1,0.631932210665597,0.26558350200546554,14,control
470,616.0,750.0,616.9700308549816,749.770207364678,0.20403636991977692,1,0.582681610905747,0.5509426832606029,14,check
471,565.0,718.0,565.8300154399489,717.8800872899864,0.20104852318763733,1,0.4405919725285401,0.4167292081224789,14,control
472,489.0,787.0,488.0,787.0,0.2006385773420334,1,1.4018634115102395,,14,control
473,620.0,823.0,621.0300464275393,822.5298959557132,0.19963693618774414,1,0.7086499217940472,0.4239626677347468,14,control
474,589.0,769.0,589.5502451410732,768.760261952902,0.19944478571414948,1,0.17487709855373001,0.42465265320296836,14,control
475,505.0,739.0,506.0,738.0,0.19884885847568512,1,1.0285767081766142,,14,control
476,560.0,732.0,562.3400512613721,731.6203516057092,0.19564341008663177,1,1.9596378730421475,1.1715511995649082,14,control
477,538.0,862.0,539.1400300478109,860.7200138592166,0.19346807897090912,1,1.3395498209863914,0.5486981590813566,14,control
478,536.0,694.0,537.2299059969539,693.9602387935603,0.19232480227947235,1,0.8467567890567498,0.34337307345290397,14,control
479,511.0,793.0,511.0,793.0,0.19222573935985565,1,0.426571432858288,,14,control
480,521.0,847.0,521.6201540406411,845.5299549613943,0.1898820698261261,1,1.3193037621065413,1.1142940275517055,14,control
481,510.0,817.0,509.0,816.0,0.1870943158864975,1,1.6187894720324258,,14,control
482,825.0,692.0,825.6000305220472,691.7300624913871,0.3115353286266327,1,0.2367046804122767,0.1309120080438794,15,control
483,694.0,800.0,694.8300448636946,799.5699806086358,0.2899247109889984,1,0.5143277574611793,0.35890179211076645,15,control
484,732.0,775.0,732.5300420687736,774.6501604794577,0.2893171012401581,1,0.23270372858770028,0.19074117072451752,15,control
485,774.0,775.0,774.5700420436913,774.620058955849,0.2694898843765259,1,0.2823607984330844,0.14374368440164656,15,check
486,713.0,806.0,713.5099310699624,805.7001618605291,0.2557712495326996,1,0.181065051755527,0.2730289908454966,15,control
487,791.0,736.0,791.2699227176452,735.7400309879228,0.24260301887989044,1,0.1533928463349035,0.11209234171320458,15,check
488,750.0,761.0,751.3499979951958,760.0300370772496,0.24001605808734894,1,1.2541645170599076,0.4505798498070094,15,control
489,758.0,744.0,759.05993665161,743.5699025859961,0.23202627897262573,1,0.7217154934634182,0.3519669253741214,15,control
490,744.0,747.0,742.0,748.0,0.2315111756324768,1,2.6578428101916876,,15,control
491,720.0,773.0,720.0799305373671,772.6600106482521,0.22968247532844543,1,0.354885440490041,0.1864511603065766,15,control
492,736.0,759.0,736.3700496719468,758.5099318100811,0.2291746437549591,1,0.3258898736132232,0.4097706456546821,15,control
493,778.0,734.0,778.6299260286063,733.7200689552859,0.22443172335624695,1,0.2675705444782599,0.3464992188069313,15,control
494,682.0,774.0,683.4399678144438,773.3501533003563,0.22442668676376343,1,1.1566529794402662,0.7605192358478596,15,control
495,696.0,812.0,698.4298594364734,810.4704729201702,0.2197682410478592,1,2.454953698110075,1.0789149362228803,15,control
496,758.0,724.0,758.71003194459,723.720074079585,0.21923555433750153,1,0.3408785519666622,0.2956640332505071,15,control
497,701.0,786.0,699.9799133006358,785.8200006157043,0.217397078871727,1,1.408929975150582,0.1625507252451207,15,control
498,688.0,757.0,688.0,753.0,0.2172032743692398,0,3.853913698338067,,15,control
499,782.0,745.0,782.9399429076533,744.570101207562,0.21072420477867126,1,0.6122291454816258,0.40261069850613074,15,control
500,677.0,793.0,678.1500300810877,792.7200149157143,0.20874901115894318,1,0.7695566555406013,0.6206463161280333,15,check
501,733.0,791.0,733.3399333573703,790.6099323010388,0.20744863152503967,1,0.2299966419361081,0.14884989394645612,15,control
502,780.0,765.0,780.5300662100309,764.3900539644912,0.20720180869102478,1,0.46820213313766645,0.16930512838902137,15,control
503,700.0,775.0,700.2100419022232,774.6100208886553,0.20098426938056946,1,0.2868669047376652,0.2722099179535918,15,control
504,776.0,706.0,777.0200528914381,705.5000004491541,0.19961082935333252,1,0.7146760273103048,0.6173646030759656,15,check
505,764.0,768.0,764.9200234513031,767.8703080647268,0.19174468517303467,1,0.5327334984605369,0.48405268557884384,15,check
506,689.0,809.0,692.100120457126,807.7997952722197,0.18952222168445587,1,2.9021526797295665,1.0643254612381134,15,control
507,789.0,754.0,789.1401231777971,753.8701166804553,0.18941573798656464,1,0.2505728029815645,0.3976047385943676,15,control
508,821.0,715.0,821.6800307882618,714.7300709433687,0.1830003261566162,1,0.3103650467659726,0.21120838470950237,15,control
509,723.0,820.0,723.4000520429622,819.52004066262,0.17942973971366882,1,0.31440022072616497,0.3329726919083327,15,control
510,119.0,999.0,119.34994289912642,998.5199330580451,0.22283710539340973,1,0.30007888245816333,0.7766415881205357,16,control
511,110.0,1005.0,112.67993844922314,1004.7304968701274,0.2221750169992447,1,2.2908528944463606,2.7267380976351734,16,check
512,112.0,1025.0,112.0,1025.0,0.22056400775909424,1,0.43113317426877745,,16,control
513,85.0,995.0,85.0,995.0,0.20792804658412933,1,0.43222195284458353,,16,control
514,133.0,1064.0,133.26002078046406,1063.7799210870808,0.19374696910381317,1,0.1341537716193198,0.056608146964800196,16,control
515,115.0,965.0,115.48002394192866,964.8201557626753,0.19330622255802155,1,0.0884039226034566,0.2695854748826964,16,control
516,130.0,989.0,130.51023956728798,988.7801521436959,0.1893858015537262,1,0.12509353473142523,0.5737083244373672,16,check
517,200.0,901.0,200.0,900.0,0.18180006742477417,1,0.9093358148289209,,16,control
518,88.0,977.0,89.0,977.0,0.17864172160625458,1,0.6353137105636881,,16,check
519,119.0,1040.0,121.62981541272788,1041.8302839485518,0.17673616111278534,0,3.0120561888826285,4.054609213120538,16,control
520,123.0,1031.0,123.0,1032.0,0.16280695796012878,1,1.2457062033393687,,16,control
521,113.0,958.0,113.7599388227983,957.539870791235,0.15753033757209778,1,0.4610991489477091,0.34838207331106447,16,control
522,121.0,1061.0,121.52010600728725,1060.9498401442752,0.15636681020259857,1,0.1868353852957028,0.08663160663224898,16,control
523,151.0,1048.0,150.6899289231918,1047.599757945643,0.14899495244026184,1,0.732350035255558,0.06260632176892908,16,control
524,124.0,919.0,124.31002744402386,918.7500319195077,0.1476241648197174,1,0.10721591036404697,0.29853893381336144,16,check
525,112.0,1077.0,112.8500227437968,1076.7799834204445,0.14653994143009186,1,0.4624777289605203,0.3638999309270554,16,control
526,90.0,955.0,89.6200686225177,952.3700634064168,0.14601269364356995,1,2.5659575887823363,1.2297885354413394,16,control
527,108.0,982.0,104.0,980.0,0.14563466608524323,0,4.752517192098609,,16,control
528,150.0,1015.0,150.2099533146068,1014.4801294335082,0.1450708657503128,1,0.38265703891758307,0.47780999541473884,16,control
529,168.0,1008.0,166.45997179060913,1008.2499437810453,0.1447022706270218,1,1.9776838138831894,0.5221305665053394,16,control
530,130.0,962.0,130.5799513763563,961.5101686237532,0.1409616321325302,1,0.3608678345200165,0.747849714877834,16,control
531,177.0,1078.0,177.0199704846183,1078.2800030447465,0.13609327375888824,1,0.5910314957381495,0.4419549531153832,16,control
532,164.0,975.0,164.42004999652045,974.540042842169,0.13285872340202332,1,0.2801050095457406,0.3498230299884638,16,control
533,221.0,910.0,221.40001263616858,909.8298303946635,0.1259804517030716,1,0.01227323332812555,0.47549495574771117,16,check
534,162.0,948.0,163.32988910938008,948.0600383917673,0.12152836471796036,1,0.9688969033437351,0.8732898272481345,16,check
535,169.0,1023.0,169.4800501961814,1022.5400491811552,0.11676067113876343,1,0.2924426671146954,0.1356145070831819,16,control
536,190.0,888.0,190.90004720962781,887.5499879375659,0.11113211512565613,1,0.5749659058608075,0.5141630007533764,16,control
537,195.0,1016.0,194.6900600870949,1015.3898595689162,0.10832393169403076,1,0.8204662603660428,0.18775315483044877,16,control
538,144.0,998.0,141.0,1000.0,0.10812849551439285,0,4.032080725835153,,16,control
539,135.0,1004.0,141.0,1000.0,0.10381253063678741,0,6.785406920160747,,16,control
540,344.0,1042.0,344.49991381634345,1041.7999498372615,0.31447547674179077,1,0.11514576301370558,0.1418742505262691,17,control
541,343.0,990.0,344.0,988.0,0.28311842679977417,1,1.9227499913807944,,17,control
542,388.0,1008.0,389.0499348217169,1007.6501130952512,0.25182870030403137,1,0.6850744452681932,0.7106942386183914,17,control
543,386.0,1046.0,386.72004676883444,1045.580074670207,0.24963316321372986,1,0.4128778849479511,0.7033385259840959,17,control
544,303.0,951.0,304.0700680069795,948.3901110153665,0.23885151743888855,1,2.525604930264022,1.6423205928727498,17,control
545,340.0,979.0,340.10995086884316,978.500118935085,0.23770259320735931,1,0.4263463037984639,0.45225220435360663,17,control
546,354.0,967.0,353.0,966.0,0.22594265639781952,1,1.6144058846742477,,17,control
547,346.0,1100.0,347.97994996167586,1099.4097879518165,0.22231201827526093,1,1.6467756275194898,0.6133542316949696,17,control
548,342.0,1076.0,343.7500394731811,1075.6500780726378,0.22185996174812317,1,1.374682902726219,0.7367894914969347,17,check
549,243.0,1010.0,245.0898736779581,1009.2301192512979,0.2205863744020462,1,1.8003436402552906,0.39031856161076145,17,check
550,316.0,936.0,320.0,934.0,0.2142186462879181,0,4.044263495429894,,17,control
551,340.0,926.0,341.1400756354011,925.3201181779125,0.2122460901737213,1,0.903504566433005,1.048305885132569,17,check
552,344.0,1050.0,345.0,1041.0,0.21077926456928253,0,8.84347828978199,,17,check
553,323.0,1101.0,323.0,1101.0,0.21040202677249908,1,0.4252958402253328,0.19221968833948197,17,control
554,307.0,915.0,308.4800489814942,914.5199434648324,0.20504017174243927,1,1.1308884621210908,2.5654136838156183,17,control
555,368.0,968.0,368.91997136653725,967.3000981960923,0.20219042897224426,1,0.7461070249765488,0.38244738002838385,17,control
556,395.0,897.0,396.0,897.0,0.20147356390953064,1,0.6347022280822852,,17,control
557,361.0,987.0,361.88995541924146,986.4500955257516,0.19904157519340515,1,0.6254318505373353,0.24207779492200604,17,check
558,275.0,942.0,276.0,941.0,0.1977742463350296,1,1.0232729491006427,,17,check
559,290.0,950.0,290.5300218371279,949.8100553621179,0.19745267927646637,1,0.14067859804713634,0.4169288293726697,17,control
560,339.0,946.0,341.72007999483145,944.3603908874239,0.19450761377811432,1,2.7518135008019997,2.236510920696442,17,control
561,349.0,980.0,349.5799658509449,979.3099566586786,0.19394469261169434,1,0.5477182564052714,0.5259290299695851,17,control
562,403.0,1027.0,402.0,1027.0,0.19352659583091736,1,1.3977364332134383,,17,control
563,272.0,1009.0,273.14997408671013,1008.250016679386,0.19343873858451843,1,0.9515703407962779,0.6019000325470499,17,control
564,330.0,973.0,330.6400074122053,973.9500674494681,0.19318513572216034,1,1.155038388701,1.0375644932630539,17,control
565,374.0,981.0,375.1601421031197,979.6600124448684,0.1915859878063202,1,1.3965191676394804,0.48243997793762705,17,control
566,328.0,1008.0,326.5899132175267,1007.8400651286171,0.19030612707138062,1,1.7981623692625126,0.6035895953606716,17,control
567,286.0,1036.0,286.519893809441,1035.9899525825167,0.18729713559150696,1,0.2145919210868072,0.23756033529321216,17,control
568,327.0,1017.0,325.4498745595448,1017.1699457860157,0.18722420930862427,1,1.968883046443236,1.011455286386766,17,control
569,413.0,973.0,413.44002454894,972.7499400042087,0.18654996156692505,1,0.09123319019989716,0.4193173020439357,17,control
570,304.0,1096.0,304.4299031766183,1095.9300485241456,0.18514448404312134,1,0.1179493233220776,0.25998586930781237,17,control
571,299.0,1012.0,299.7100604700276,1011.4500731811106,0.18311762809753418,1,0.49143137881966104,0.4473312058749693,17,control
572,315.0,1024.0,313.18015030527584,1024.51980279245,0.1810155212879181,1,2.3153662406597837,2.079193668666883,17,control
573,230.0,914.0,230.47003431543922,913.6900486238098,0.18034924566745758,1,0.15269454872088925,0.1632889403591846,17,check
574,363.0,947.0,363.0,946.0,0.17807014286518097,1,0.9110653057225245,,17,control
575,375.0,1026.0,375.32024738700983,1025.7001318040252,0.1779336780309677,1,0.139922001640756,0.34872692957202045,17,control
576,290.0,1024.0,288.63037456555617,1018.3797375638364,0.17782674729824066,0,5.718256604314449,3.674805024110911,17,control
577,300.0,1043.0,300.0597654989842,1044.189907976842,0.1759060174226761,1,1.4075121677117608,1.6143801944980871,17,check
578,267.0,1018.0,268.0099577733692,1017.4000023875707,0.1758679449558258,1,0.7504331998634399,0.25620426205943114,17,control
579,430.0,1088.0,430.4600175363889,1087.8801538493408,0.17540428042411804,1,0.09408765265877739,0.3044819331002268,17,control
580,586.0,1101.0,585.9200653948317,1100.4100952344547,0.3374268412590027,1,0.6228585180512086,0.47084701032000276,18,control
581,538.0,1095.0,538.5299404868057,1094.5800579244335,0.3311976492404938,1,0.2866013348076625,0.262850459138513,18,control
582,598.0,937.0,599.1100658689019,936.3800095583114,0.3211514949798584,1,0.8520548245068346,0.34786194066380877,18,control
583,595.0,965.0,595.4900384497942,964.6199448540984,0.31957119703292847,1,0.2338868198279465,0.16801257155454105,18,control
584,587.0,977.0,587.6700856928649,976.210068156476,0.2944762110710144,1,0.6811578669326017,0.3417196150114216,18,check
585,610.0,943.0,611.0599633804313,942.3801132532745,0.29405418038368225,1,0.8102390241978232,0.4011444784562572,18,control
586,558.0,1025.0,558.6500539313805,1024.5100670417853,0.2900351881980896,1,0.413833497893812,0.24159091772871663,18,control
587,510.0,1056.0,510.55004197713765,1055.6200568428535,0.2863987684249878,1,0.2642577875403839,0.16580270341051703,18,control
588,621.0,962.0,621.4099444716641,961.5701508629534,0.28577879071235657,1,0.26094224781517783,0.3285560620781642,18,check
589,530.0,1038.0,530.0,1038.0,0.2846532166004181,1,0.42192989555286564,,18,control
590,519.0,1047.0,520.350043582786,1046.6301413959457,0.28383731842041016,1,0.9851606060151947,0.8366597522032406,18,control
591,610.0,1002.0,610.1998520157413,1001.4702373211853,0.2781258225440979,1,0.40369998891293624,0.19026719414169907,18,check
592,587.0,962.0,587.4299326003642,961.6199418427949,0.2728453278541565,1,0.21375828594316804,0.13072972969763358,18,control
593,644.0,1094.0,643.0,1093.0,0.2718406319618225,1,1.6114690595527819,,18,control
594,616.0,976.0,616.829960502069,975.4000890203813,0.2548121213912964,1,0.6183555165069138,0.8745944443268397,18,control
595,501.0,1083.0,501.35994641827534,1082.5501455139113,0.25098681449890137,1,0.27640924482835955,0.169671601086834,18,control
596,534.0,1049.0,534.7601988794197,1047.1099683547354,0.24791806936264038,1,1.7574345300628873,0.6058276994663305,18,control
597,571.0,959.0,571.7800566351641,958.5201864593013,0.2472734898328781,1,0.5003868840002931,0.2642330564050238,18,control
598,499.0,1096.0,499.2900326599587,1095.7000296401282,0.2445693016052246,1,0.15640892647116178,0.23834545096530108,18,control
599,624.0,929.0,625.3800711515564,928.3701437002412,0.241482675075531,1,1.0952750263633548,0.3437775485548721,18,control
600,588.0,995.0,588.9598785278479,994.1801053504437,0.23907500505447388,1,0.8666865992876618,0.3068250125794359,18,control
601,573.0,931.0,573.4499213618222,930.7901558210343,0.23783177137374878,1,0.07419302425792672,0.28919982710614056,18,control
602,554.0,1004.0,555.0,1003.0,0.2370542287826538,1,1.0310944102252733,,18,control
603,649.0,974.0,649.8500586647183,973.4399822890324,0.23395849764347076,1,0.6074116888989733,0.2883938280409598,18,control
604,626.0,1002.0,626.7899716740571,1001.2298729291465,0.227151021361351,1,0.7239619723698002,0.6572160248289881,18,check
605,500.0,1019.0,501.37013450814106,1017.770140647134,0.2265978455543518,1,1.4439033506048509,0.5788045494210988,18,check
606,585.0,1005.0,585.6299461020625,1004.5300683230263,0.22226877510547638,1,0.38620393485394455,0.23622743801895274,18,control
607,558.0,958.0,560.3801772758941,956.4604576213572,0.2217768281698227,1,2.4180511983548807,1.7537164271175647,18,control
608,540.0,1035.0,539.0,1035.0,0.2213510125875473,1,1.3954488356917087,,18,control
609,627.0,950.0,627.7100500632403,949.5801792634784,0.21709637343883514,1,0.4095784825043386,0.4073372782091778,18,control
610,488.0,1099.0,489.8100704694646,1098.3901891961955,0.21594680845737457,1,1.4911340133350521,0.6356624780462722,18,control
611,488.0,1064.0,489.3898597271057,1063.3400456625045,0.21493181586265564,1,1.1163102707217434,0.3941257864387342,18,check
612,721.0,1062.0,721.4299455947155,1061.560152942672,0.10106809437274933,1,0.27523874474487925,0.35182090076354866,19,control
613,690.0,1093.0,690.6604723377427,1092.55005492066,0.10650566965341568,1,0.3952925157293876,0.8747563220624209,19,control
614,718.0,1039.0,719.0,1039.0,0.14495283365249634,1,0.6402547406615954,,19,check
615,728.0,1065.0,728.6999704762576,1064.2699692035435,0.10309364646673203,1,0.64531212666826,0.27947086991086345,19,control
616,674.0,1093.0,675.1200873485116,1092.2402214484716,0.14303624629974365,1,0.9448656674577707,0.49379032135845197,19,control
617,690.0,1083.0,690.0,1083.0,0.20303720235824585,1,0.41774469871068726,,19,control
618,813.0,931.0,811.759984568578,932.1700808595305,0.11239597201347351,1,2.1022295189536235,0.30355764140960606,19,control
619,698.0,1009.0,699.119948630935,1008.4900143085367,0.10229356586933136,1,0.8118075948744858,0.5262419272469214,19,control
620,193.0,1312.0,193.4099582061341,1311.4401504303546,0.3441601097583771,1,0.3760164941402533,0.19398623805568327,20,control
621,120.0,1220.0,120.24003159526637,1219.7401301405162,0.3043462336063385,1,0.1632607035840469,0.1518164144609851,20,control
622,160.0,1311.0,160.1600492895125,1310.5701211228286,0.30292993783950806,1,0.3304517698958039,0.2555069591832977,20,check
623,185.0,1326.0,185.09995807286063,1325.40001189605,0.3013439476490021,1,0.5015589452629514,0.2168007893933888,20,control
624,174.0,1262.0,174.0,1261.0,0.2957315444946289,1,0.9010713344101312,,20,control
625,169.0,1288.0,169.2999638626961,1287.31992711002,0.29402610659599304,1,0.5018622495884891,0.35243184255682297,20,control
626,198.0,1291.0,197.86993617753984,1290.5999882621395,0.2890445291996002,1,0.5561960130254623,0.08385415253482875,20,control
627,111.0,1283.0,111.40994325697689,1282.5500451466307,0.2880876660346985,1,0.2647327309362648,0.16769025658040057,20,control
628,218.0,1325.0,218.20005681810363,1324.5001251158815,0.2757303714752197,1,0.3639679480457217,0.30857219877306,20,control
629,175.0,1321.0,175.02005516262307,1320.5101061322,0.2715618908405304,1,0.47315572638817477,0.6211332479043905,20,control
630,218.0,1302.0,218.1399551946644,1301.4601219714707,0.26125144958496094,1,0.4303729248270349,0.21231046762261974,20,check
631,168.0,1244.0,169.85986641541544,1243.2599894019124,0.2600758373737335,1,1.5767500217702515,0.3808619067227096,20,control
632,112.0,1188.0,112.51003851634776,1187.6199469670937,0.2583998441696167,1,0.23076637195886388,0.5738891017414588,20,control
633,199.0,1263.0,199.04954286107372,1262.3601254409537,0.23789791762828827,1,0.5649341342770634,0.3822359112312794,20,control
634,208.0,1279.0,208.76005007143485,1278.5500787963674,0.23443977534770966,1,0.4614806454600035,0.24179298043870223,20,control
635,206.0,1236.0,207.2500782726311,1235.330235482433,0.22641541063785553,1,0.9932904026598584,0.6163529368170787,20,check
636,197.0,1272.0,196.86005885618462,1271.4700890951297,0.22372058033943176,1,0.6269733239541889,0.14059702058068524,20,control
637,136.0,1287.0,135.95995232449664,1286.4499972714664,0.21725784242153168,1,0.5585405962767299,0.37278314140456387,20,control
638,143.0,1294.0,143.89988361067532,1293.1300988450735,0.20491695404052734,1,0.8572125883323688,0.5618969707943509,20,control
639,187.0,1232.0,187.67993675996735,1231.6200739050062,0.19954021275043488,1,0.35470852972871464,0.48162097259199893,20,control
640,122.0,1304.0,122.88985367908411,1303.3498872211278,0.18880851566791534,1,0.6866986436358731,1.010894338388865,20,check
641,184.0,1292.0,183.73995101047734,1291.5502913105927,0.18799512088298798,1,0.6953025976638314,0.3420114230096185,20,control
642,203.0,1201.0,202.08995592658843,1200.420010906106,0.1751171499490738,1,1.3542833193326416,0.20644443562872666,20,control
643,135.0,1214.0,135.32006128522679,1213.4300319111471,0.1741126924753189,1,0.3904050721336361,0.23533395340685057,20,control
644,329.0,1312.0,329.01004562086706,1311.6001053751936,0.34265604615211487,1,0.4300457165154102,0.08271266456368642,21,control
645,306.0,1243.0,305.8600586979951,1242.43998334553,0.2923538386821747,1,0.6453063954324916,0.08913290970082521,21,control
646,301.0,1275.0,300.86995746568317,1274.4300933462025,0.2891533672809601,1,0.6423585693387628,0.15247020120954127,21,control
647,344.0,1287.0,344.2399608099211,1286.4101323700634,0.28866004943847656,1,0.4326280135888478,0.44067254626938196,21,control
648,442.0,1150.0,442.86994674251673,1149.4999879293714,0.28429925441741943,1,0.5844084435218088,0.19254842458201651,21,control
649,293.0,1316.0,293.38007025324833,1315.4102494831175,0.28277668356895447,1,0.40728668423700354,0.5656635340721788,21,control
650,403.0,1315.0,403.14995190025866,1314.4600173781994,0.2751672565937042,1,0.42715988770846175,0.15892970837402037,21,control
651,230.0,1317.0,230.61995135127407,1316.4800671001444,0.2660592198371887,1,0.4118692121169609,0.20296887644558798,21,control
652,381.0,1282.0,381.2699375086129,1281.6000305220473,0.26415008306503296,1,0.2463375687437634,0.16446471347122335,21,control
653,379.0,1271.0,379.16992027188155,1270.7600204894995,0.262084037065506,1,0.2194016469136856,0.2298035024015679,21,check
654,277.0,1298.0,276.91005902256876,1297.4700943776181,0.26086047291755676,1,0.5855546307376455,0.29113530078729566,21,control
655,305.0,1294.0,305.24996385450146,1293.3500275771312,0.2591075897216797,1,0.4861422920594555,0.17523823200457747,21,control
656,267.0,1323.0,267.56993639392226,1322.6200622835315,0.2563871741294861,1,0.272758586160081,0.34871537054364954,21,check
657,384.0,1165.0,384.329952657431,1164.4901421447573,0.24825824797153473,1,0.33577672805656705,0.2716756829199922,21,control
658,414.0,1300.0,413.9199331744309,1299.6299936444584,0.2471252679824829,1,0.49780912493298785,0.13515326121353993,21,control
659,405.0,1297.0,404.98004657753427,1296.5901021724237,0.2466515153646469,1,0.461531838640982,0.2090873947356624,21,control
660,313.0,1275.0,312.4300619676509,1274.4902550318207,0.2435985803604126,1,1.0066123715297794,0.38715433341495575,21,control
661,292.0,1274.0,291.9400622918923,1273.4400974472806,0.24224597215652466,1,0.5814402234629792,0.10936139468461091,21,control
662,315.0,1241.0,315.63997149128386,1240.2900685808802,0.23860810697078705,1,0.5883035635815883,0.5309655316075569,21,control
663,349.0,1259.0,348.7100370688889,1258.6399681636012,0.23463833332061768,1,0.6951562603085638,0.22935536604675122,21,control
664,415.0,1167.0,415.34002981503926,1166.7601407720467,0.23316317796707153,1,0.07561690857789405,0.23817676248407654,21,control
665,380.0,1304.0,380.73003607894486,1303.6499703098734,0.22839497029781342,1,0.38898636189725766,0.3252292028006762,21,check
666,239.0,1286.0,237.0,1286.0,0.2276892066001892,1,2.389359413056296,,21,control
667,307.0,1304.0,307.50014022322824,1303.7201542152197,0.2276030033826828,1,0.1541883616666884,0.685593241121343,21,check
668,336.0,1295.0,336.0701544816006,1294.5400025370673,0.22753742337226868,1,0.4174808955302525,0.27595893106063185,21,check
669,386.0,1192.0,385.7299686212822,1191.3200781891899,0.22629603743553162,1,0.823046476107795,0.4625365178618009,21,control
670,334.0,1232.0,333.929954179472,1231.3998882858202,0.2253347784280777,1,0.6171470067978453,0.22227546049448285,21,control
671,407.0,1240.0,406.9500600539842,1239.4299928207324,0.22509419918060303,1,0.582305542073879,0.4795187251941566,21,check
672,252.0,1256.0,252.1600575833045,1255.4600151070144,0.22404104471206665,1,0.4210404243553132,0.3256605856778469,21,control
673,418.0,1268.0,418.85987592389466,1267.169989102421,0.22402867674827576,1,0.8086222876364625,0.37271800660889315,21,control
674,250.0,1246.0,249.64006794895272,1245.440277051888,0.22107897698879242,1,0.8332627265828546,0.8958161036629397,21,control
675,338.0,1248.0,339.9601414375832,1247.6599913149146,0.22025199234485626,1,1.5862207168406168,0.6567018463295717,21,control
676,297.0,1299.0,296.0,1293.0,0.21907855570316315,0,5.979629453071937,,21,check
677,370.0,1277.0,370.4600554121162,1276.4900469017757,0.2190733104944229,1,0.3392238057761909,0.21006878588092937,21,control
678,391.0,1274.0,392.3100675909361,1274.3700306549883,0.21723617613315582,1,1.0797335704151396,1.1232034684298087,21,control
679,253.0,1297.0,251.0,1298.0,0.21417956054210663,1,2.659569574961319,,21,control
680,455.0,1153.0,456.0,1153.0,0.2840037941932678,1,0.6419016280851547,,22,control
681,541.0,1120.0,541.4901268792211,1119.719730559646,0.266927033662796,1,0.15120790632084158,0.19570293487938817,22,control
682,505.0,1138.0,505.36016162742516,1137.4499272262399,0.26657745242118835,1,0.3756664875801135,0.17856358685612886,22,check
683,517.0,1156.0,517.9399679472189,1155.2698889097192,0.26553040742874146,1,0.7870680082044208,0.44092195292014635,22,control
684,456.0,1164.0,456.0,1165.0,0.264210969209671,1,1.2372483311647526,,22,control
685,518.0,1143.0,518.0,1142.0,0.26123130321502686,1,0.909446225329181,,22,control
686,553.0,1117.0,554.1799349379365,1116.5899153305222,0.26060548424720764,1,0.8317503947479462,0.5269505397818316,22,control
687,597.0,1134.0,598.169764068413,1135.2701311640692,0.2462013065814972,1,1.644189418629497,0.5784247543842226,22,control
688,491.0,1154.0,491.469949795624,1153.4900512859558,0.24153999984264374,1,0.3456109055442884,0.2632903219478282,22,control
689,583.0,1114.0,583.4500639890105,1113.4401513286628,0.24063776433467865,1,0.3928797141649122,0.22434635745133358,22,control
690,587.0,1137.0,589.0499846352978,1137.21021728084,0.23807533085346222,1,1.7118685659367605,0.8346743059188282,22,control
691,529.0,1149.0,529.7900660187307,1148.400081466708,0.2314085215330124,1,0.589385588846908,0.31984188301836286,22,check
692,454.0,1214.0,454.5000713926889,1213.340050628614,0.22897905111312866,1,0.4970667591421188,0.32204359799582793,22,control
693,574.0,1171.0,574.4900479582733,1170.529944554607,0.2285178154706955,1,0.315711124427222,0.616421244932296,22,check
694,504.0,1308.0,504.93005486313166,1307.5100966237208,0.22359564900398254,1,0.634073634951914,0.39921878928074606,22,control
695,628.0,1130.0,627.0,1130.0,0.22014954686164856,1,1.391941851211229,,22,control
696,572.0,1135.0,572.0801653962334,1134.5002147599957,0.217398539185524,1,0.4444441291269532,0.4126684822948074,22,control
697,561.0,1160.0,561.6499345471415,1159.6400708020667,0.21525709331035614,1,0.32666548440108595,0.25592895023269796,22,control
698,474.0,1182.0,472.0,1182.0,0.2128923386335373,1,2.388453162822629,,22,control
699,642.0,1140.0,644.159849611449,1139.4601274121487,0.20397403836250305,1,1.816716642915543,0.6719315481034199,22,control
700,523.0,1171.0,521.6798846752015,1171.0498640363717,0.20167578756809235,1,1.716497960818147,0.20295582475718071,22,check
701,448.0,1181.0,448.3499684132605,1180.3100380090007,0.19976529479026794,1,0.5139757131854266,0.3680719980317257,22,control
702,664.0,1186.0,665.2701058081246,1185.0702367302308,0.19799365103244781,1,1.169542426522488,0.6319276584025989,22,check
703,512.0,1281.0,512.3099927377896,1280.1101387672425,0.1969304233789444,1,0.7165162074095317,0.3392436261576605,22,control
704,457.0,1193.0,456.79005756674917,1192.4800817329226,0.19575358927249908,1,0.6840024024242991,0.6459475677416248,22,check
705,494.0,1132.0,490.1904112934822,1126.0497956295717,0.19501502811908722,0,7.136372901466188,1.6703640627687115,22,control
706,531.0,1322.0,531.9200493891768,1321.5299899840077,0.19480343163013458,1,0.6165098928601772,0.09763633608170612,22,control
707,506.0,1294.0,508.0301385010279,1292.6899988102289,0.19123516976833344,1,2.002705146313252,0.5107921341697338,22,control
708,485.0,1115.0,486.26997237303664,1114.2700294239119,0.19096766412258148,1,1.0458069209892062,0.5131213991928684,22,control
709,653.0,1123.0,651.0,1123.0,0.1860889196395874,1,2.387302018552446,,22,control
710,469.0,1278.0,474.5305917639516,1270.5103546747073,0.18572518229484558,0,8.944219882243246,0.586072458285631,22,control
711,521.0,1128.0,521.5896133303722,1127.7101803288351,0.1827663779258728,1,0.2369049813203072,0.7889426582969481,22,control
712,463.0,1115.0,463.0,1115.0,0.18246157467365265,1,0.4220472652316237,,22,check
713,461.0,1235.0,461.45996228212994,1234.3399440805367,0.17868898808956146,1,0.48915498219488546,0.32196730875102797,22,control
714,621.0,1165.0,621.5399331245987,1164.6500592138689,0.1783791035413742,1,0.23849279090060813,0.14489603032536474,22,control
715,462.0,1204.0,462.8200942202592,1203.2605067694017,0.17070795595645905,1,0.7133159584325289,0.944065753563796,22,control
716,670.0,1200.0,672.020121298238,1199.0105270674349,0.2441166490316391,1,1.8335280778381522,0.7090727923138843,23,control
717,673.0,1163.0,673.6301140851953,1161.940063032011,0.21059727668762207,1,0.9232160013725641,0.7913292652888269,23,control
718,686.0,1138.0,686.0,1139.0,0.2102266103029251,1,1.2309119291991215,,23,control
719,721.0,1179.0,721.6899706011703,1178.3000738966455,0.2077925205230713,1,0.6142133748870985,0.32424268651692784,23,control
720,795.0,1195.0,794.7400816998119,1194.250075685067,0.20279310643672943,1,0.8627056223639339,0.15682732331540034,23,control
721,785.0,1272.0,785.4899720486292,1271.280052700138,0.20095211267471313,1,0.5617643430209222,0.29698039591860764,23,control
722,733.0,1172.0,734.9599450872023,1171.5501032540037,0.20089668035507202,1,1.6056314595555918,0.8635985441883928,23,control
723,680.0,1184.0,681.4100706186289,1183.2497238713363,0.19483692944049835,1,1.1822253242393619,0.9773988974163738,23,control
724,668.0,1124.0,668.380029473578,1123.669827749239,0.19372370839118958,1,0.15925073010325042,0.24995431948794702,23,control
725,683.0,1233.0,683.0699590295278,1232.3900086932802,0.18847328424453735,1,0.5355803675225136,0.21681853410184146,23,control
726,802.0,1287.0,801.8500672748893,1286.3900877724172,0.18259131908416748,1,0.6853104711496283,0.15324325249533488,23,control
727,784.0,1232.0,782.4599192821037,1230.8101569440857,0.18007896840572357,1,2.171612978210279,1.0191442174159377,23,control
728,796.0,1230.0,796.3799514509384,1229.4399359613235,0.1776319444179535,1,0.39096648637574016,0.5366482106297473,23,control
729,812.0,1196.0,812.4499610341659,1195.3198373077164,0.1756938099861145,1,0.5169892153735904,0.6436333735450191,23,check
730,691.0,1120.0,692.5500493726215,1119.5500566099158,0.1746961623430252,1,1.2023127822559287,0.33288394026756357,23,control
731,685.0,1198.0,686.64048542373,1197.5203696571414,0.17212854325771332,1,1.2987111794611963,1.446770518286555,23,control
732,714.0,1238.0,714.2900740215581,1237.3401340919315,0.17171144485473633,1,0.4964228616992495,0.592564325968762,23,check
733,750.0,1260.0,753.0,1261.0,0.1670381873846054,1,2.872790608588022,,23,check
734,688.0,1306.0,689.0798712153069,1305.1899067621548,0.16386528313159943,1,0.9494352135126624,0.389380272936481,23,control
735,762.0,1119.0,761.9199543043848,1119.429992978922,0.16032861173152924,1,0.7548551801076905,0.3786787625743109,23,control
736,668.0,1178.0,669.5199999337786,1177.0802665036326,0.15944929420948029,1,1.3639242004743013,0.6501569633989438,23,check
737,738.0,1209.0,738.299969303374,1208.3000326932354,0.1593705266714096,1,0.5354136956672715,0.2754826520200253,23,control
738,787.0,1207.0,788.4799748684663,1206.1898400446107,0.15469132363796234,1,1.2754310002142801,0.8049714707946175,23,control
739,750.0,1186.0,750.4102353249081,1184.8803532110253,0.14841534197330475,1,0.9504997680733948,1.0944590350110934,23,control
740,709.0,1254.0,709.530174712914,1253.299839037779,0.14773164689540863,1,0.5503114020030405,0.3012626983306159,23,control
741,810.0,1268.0,810.2499766906633,1267.2601329274087,0.14690735936164856,1,0.5842994325099071,0.3046989715883204,23,control
742,715.0,1123.0,714.0,1123.0,0.1447761356830597,1,1.3907677429963128,,23,control
743,719.0,1308.0,720.6599694448421,1307.3100707604292,0.14427244663238525,1,1.384728367234715,0.6729181856454933,23,control
744,684.0,1164.0,688.8599800934264,1163.3104088396901,0.14425109326839447,0,4.5102125520057434,2.688475296065548,23,control
745,726.0,1140.0,726.5303830011485,1139.359938231844,0.14415103197097778,1,0.49387705756633266,0.8085617092812897,23,control
746,757.0,1248.0,758.4901139356987,1247.0002597402422,0.1373516023159027,1,1.3883642515681394,0.7274116524090894,23,control
747,818.0,1215.0,818.8600591725636,1214.5303005943285,0.13643226027488708,1,0.5694825718747863,0.49371239095422764,23,control
748,667.0,1115.0,667.3301191094976,1114.8198196382202,0.135515034198761,1,0.051871274288494515,0.8728316191082276,23,check
749,723.0,1163.0,725.1098885354794,1162.0901208984176,0.13427281379699707,1,1.8821364525719775,0.5614365007297294,23,check
750,725.0,1231.0,725.3304335220697,1229.970232753401,0.13214300572872162,1,0.8602090465694807,1.0437849130799315,23,check
751,175.0,1345.0,175.00001901695842,1344.8199994010172,0.3498961925506592,1,0.38166145067880525,0.12707444492573525,24,check
752,144.0,1378.0,144.519952233193,1377.5001622514903,0.3331095576286316,1,0.3423375257735367,0.19711133032584427,24,control
753,180.0,1335.0,180.08992829945896,1334.6499060217038,0.323230117559433,1,0.33511668507756803,0.17251940780230365,24,control
754,177.0,1357.0,177.1600492895125,1356.5701211228286,0.27824050188064575,1,0.329438590603288,0.20985968805463553,24,control
755,184.0,1380.0,184.2599638877783,1379.3500286336289,0.26944872736930847,1,0.4794915582350437,1.011360377272687,24,control
756,164.0,1340.0,163.79003432379997,1339.7000824650127,0.2654125392436981,1,0.6027436773476754,0.08555394998978723,24,control
757,162.0,1329.0,162.0700447640303,1328.6101117474566,0.2651043236255646,1,0.37292698241609207,0.15488637028383956,24,control
758,156.0,1356.0,156.91003789261495,1355.6700950431546,0.26392242312431335,1,0.5476061899155011,0.506308687811904,24,control
759,211.0,1347.0,211.62980891555222,1346.8601783986132,0.26190677285194397,1,0.2527201702481993,0.31472111690316773,24,control
760,199.0,1335.0,198.0,1333.0,0.2583388090133667,1,2.281032544109877,,24,control
761,202.0,1364.0,202.0899696610584,1363.2900104735072,0.25112947821617126,1,0.5999349992245586,0.5324179058603467,24,control
762,145.0,1362.0,145.75992978888766,1361.720188339525,0.25018590688705444,1,0.3896441426590177,0.9331557010760526,24,control
763,158.0,1364.0,158.25005788279594,1363.4600246154937,0.24817046523094177,1,0.3772142859911581,0.3276235458053267,24,control
764,153.0,1398.0,152.0,1399.0,0.24713847041130066,1,1.8206922199642919,,24,control
765,181.0,1546.0,180.8299624568748,1545.3499832042282,0.24141281843185425,1,0.7157385362418898,0.08332007673827263,24,control
766,185.0,1399.0,185.07995393850575,1398.4701156657613,0.2404215931892395,1,0.4564078230781246,0.2617649674121156,24,control
767,109.0,1401.0,109.29003461476452,1400.649923823975,0.23849326372146606,1,0.1858853023905223,0.410051966096284,24,control
768,195.0,1537.0,196.5901006921865,1536.1603764874176,0.23270651698112488,1,1.377506960781681,0.9223708425039827,24,control
769,197.0,1547.0,197.22006834794234,1546.3600211132323,0.23160913586616516,1,0.4785655242293981,0.30599793557838106,24,check
770,155.0,1385.0,154.83993549578025,1384.7003023747218,0.22931250929832458,1,0.5526517272030284,1.0671044220969579,24,control
771,200.0,1372.0,200.0,1371.0,0.2277435064315796,1,0.8991317497387441,,24,control
772,218.0,1356.0,217.9300356879837,1355.6599914731041,0.2259724885225296,1,0.47677216565546865,0.18320743443561688,24,control
773,126.0,1328.0,126.32015605363988,1327.4698174170337,0.2237970232963562,1,0.34912914528907996,0.37934052271886176,24,control
774,153.0,1409.0,152.0,1409.0,0.2217325121164322,1,1.392975331914935,,24,check
775,134.0,1429.0,134.36004467256058,1428.6201424191665,0.2150077372789383,1,0.19314649832342679,0.20459702948619393,24,control
776,123.0,1396.0,123.12003103775493,1395.7100117129444,0.20609882473945618,1,0.28036434433969065,0.13751353017755624,24,check
777,107.0,1426.0,108.32016270900506,1425.4700287165717,0.20139484107494354,1,0.9998391733261868,0.2869489260258934,24,check
778,223.0,1337.0,224.66995680014665,1336.4300722162488,0.35498982667922974,1,1.34516030316173,0.7404067360243316,25,control
779,310.0,1334.0,310.0400434495126,1333.5900028616409,0.30971330404281616,1,0.40937012951965795,0.10489500652738104,25,control
780,265.0,1372.0,265.3100656361302,1371.4201364711416,0.3014446794986725,1,0.40212215665054957,0.3189468594365381,25,control
781,244.0,1496.0,243.9699460187873,1495.5099985276252,0.27453744411468506,1,0.508180710440169,0.2485169128188898,25,control
782,241.0,1458.0,242.70015235204986,1456.580069229529,0.26630207896232605,1,1.8088224788285043,1.23021164930462,25,control
783,292.0,1329.0,291.97994726675137,1328.5301053004455,0.2660830020904541,1,0.49296219879840647,0.35470790801814495,25,control
784,282.0,1429.0,282.1299442800316,1428.4999097485422,0.26374921202659607,1,0.40185149126979275,0.07213147531037725,25,check
785,435.0,1480.0,435.0799641871036,1479.3099038337941,0.26238030195236206,1,0.5884372876730896,0.1336416993733167,25,control
786,295.0,1371.0,295.54991820871834,1370.7599549866427,0.2614187002182007,1,0.17967413911690286,0.4656394540868354,25,control
787,268.0,1402.0,267.9901364131148,1401.7401004003914,0.2598051428794861,1,0.3962623984605676,0.12557201746380467,25,control
788,312.0,1466.0,311.92005995415377,1465.4299896512393,0.2596362233161926,1,0.5982367505807357,0.06667530684070061,25,control
789,230.0,1349.0,230.68004330804456,1348.5799647944473,0.25385159254074097,1,0.38083352793962094,0.5518209207913274,25,control
790,256.0,1466.0,256.4699709255778,1465.2900506204194,0.2507306635379791,1,0.5327760283786238,0.16107121336613084,25,control
791,255.0,1403.0,255.3200463360696,1402.539926627423,0.24598786234855652,1,0.2818803955759946,0.36101793609866356,25,check
792,278.0,1349.0,275.0,1349.0,0.2455795258283615,0,3.3852616344292663,,25,control
793,287.0,1387.0,286.9900295486585,1386.7199980117512,0.24496255815029144,1,0.4009780831349245,0.14425524966536354,25,control
794,423.0,1485.0,423.3300678156793,1484.4001385175832,0.2437610775232315,1,0.42089349230325296,0.18456819878091615,25,control
795,253.0,1344.0,252.0,1340.0,0.24236345291137695,0,4.0583415272218675,,25,check
796,238.0,1384.0,237.91006023725598,1383.4902000939408,0.2411736696958542,1,0.571378441349703,0.30696782418267826,25,control
797,266.0,1460.0,267.0,1459.0,0.24113640189170837,1,1.0255001958000294,,25,control
798,395.0,1443.0,394.81994853093846,1442.4498768307296,0.23876234889030457,1,0.6675411730950332,0.16733168057512726,25,control
799,278.0,1387.0,278.6298415087911,1386.520071617432,0.23625177145004272,1,0.3879451746391024,0.3324719599359048,25,control
800,264.0,1503.0,265.8398969872948,1501.969986323889,0.23592346906661987,1,1.6894707631309154,1.5000833846951713,25,control
801,439.0,1392.0,438.8999457858495,1391.5099911321413,0.229286327958107,1,0.5691980034068508,0.1467806902509441,25,control
802,418.0,1381.0,419.309914398771,1379.8200354801281,0.22763340175151825,1,1.3669251581257822,0.3024077590251597,25,control
803,278.0,1504.0,277.99005971252296,1503.3396797979246,0.22755993902683258,1,0.6124456638761673,0.5061747363659242,25,control
804,261.0,1480.0,262.1602095607824,1478.989904565552,0.22717303037643433,1,1.1372501492629186,0.6358012425437835,25,check
805,328.0,1494.0,327.98009802954203,1493.0398890426602,0.22690673172473907,1,0.8714649894274556,0.4606185842013018,25,check
806,298.0,1529.0,298.21985070941815,1528.4200279682584,0.22686947882175446,1,0.4245877118452912,0.3303279530010275,25,check
807,329.0,1459.0,329.0099609428623,1458.3700022877404,0.22578424215316772,1,0.5780648673574105,0.17120960831832965,25,control
808,283.0,1370.0,282.9899368932408,1369.660212439311,0.22505317628383636,1,0.41996070230826343,0.45399173418853794,25,control
809,281.0,1397.0,280.8800429170834,1396.5899859576778,0.22224590182304382,1,0.54790432881173,0.335489881515225,25,control
810,433.0,1542.0,434.419875516212,1541.1599425832458,0.22110682725906372,1,1.2360915959223813,0.2869068017439993,25,control
811,402.0,1530.0,402.61988056592884,1529.1500693296919,0.22092798352241516,1,0.7112211705746736,0.3668722056283816,25,control
812,289.0,1497.0,289.66008460309035,1496.220067133255,0.22070597112178802,1,0.6592372233774585,0.244773819475021,25,check
813,323.0,1440.0,324.1599182837989,1438.810125249155,0.2195461392402649,1,1.2749501573255033,0.5866277730429356,25,control
814,578.0,1514.0,578.0100084852584,1512.920000790283,0.2709236145019531,1,0.9721555095156629,0.3832572186656955,26,check
815,459.0,1344.0,460.6100885045075,1343.1499559680599,0.27053624391555786,1,1.4029921704347188,1.3551766121787183,26,control
816,448.0,1489.0,448.1299636133691,1488.3801206487583,0.26757341623306274,1,0.5026703248559886,0.23592621369900846,26,control
817,464.0,1397.0,464.0800530910991,1396.5000067881401,0.2640077769756317,1,0.4369132229992452,0.09436589759421334,26,check
818,450.0,1475.0,450.410068980202,1474.3600411866885,0.252331018447876,1,0.46068879130341783,0.24402332263253979,26,control
819,467.0,1490.0,468.0200996937156,1489.1202104841727,0.23159104585647583,1,0.951861061216411,0.3159775334100976,26,control
820,665.0,1400.0,665.0102495249213,1399.6700989527662,0.22551341354846954,1,0.3957776200801738,0.2029809909926196,26,control
821,462.0,1422.0,462.51030327352845,1421.2403616462855,0.21639381349086761,1,0.595292217265401,0.5229905762770904,26,control
822,447.0,1359.0,447.10005437233997,1358.5201146174584,0.21593491733074188,1,0.4093852356690635,0.24471322972345563,26,control
823,519.0,1532.0,518.8601127375669,1530.9600873980114,0.20219147205352783,1,1.0014740094698251,0.5652050562729078,26,check
824,455.0,1401.0,455.8100681982797,1400.3800835131497,0.1983896791934967,1,0.6177763021179118,0.3925380638240485,26,control
825,459.0,1385.0,459.1399485392992,1384.4599106719327,0.19386765360832214,1,0.43179705095795173,0.12853394537092575,26,control
826,505.0,1461.0,504.6200518767442,1460.5601696884455,0.19194775819778442,1,0.7984340843531954,0.7048879691567015,26,control
827,457.0,1460.0,452.2297947483174,1459.950030788428,0.1911712884902954,0,5.147240612856986,1.3749013767398364,26,control
828,494.0,1337.0,495.00007094353475,1336.3601035200522,0.19111362099647522,1,0.7750265625569036,0.3949766613652533,26,control
829,608.0,1495.0,607.0700109561042,1494.9301128123152,0.19075702130794525,1,1.3069941657981203,0.8829176062822351,26,control
830,651.0,1376.0,651.0499453866937,1375.550112762483,0.19016602635383606,1,0.42602445610152967,0.2594560444495686,26,control
831,462.0,1511.0,462.25006422178205,1510.4000244158326,0.1900010108947754,1,0.4371584671751003,0.18218445605840988,26,control
832,459.0,1368.0,457.5699172187743,1367.769957132915,0.18938051164150238,1,1.8083687282788583,0.33149001432516173,26,control
833,474.0,1346.0,475.0199839535382,1345.3105313934223,0.18825097382068634,1,0.8206481756115661,0.6136549607383875,26,control
834,446.0,1442.0,446.3199565337659,1441.3899294559533,0.1880597323179245,1,0.43340438901816697,0.0697136994530866,26,control
835,460.0,1355.0,457.0,1355.0,0.18482185900211334,0,3.38262467229841,,26,control
836,499.0,1329.0,499.3300530247116,1328.5401389834587,0.1838933676481247,1,0.2863086020713827,0.40338958747932074,26,check
837,508.0,1394.0,509.3100844948992,1393.2100301225591,0.18378685414791107,1,1.116360554011942,0.5098126863620387,26,control
838,461.0,1434.0,461.22006623494696,1433.380021179786,0.18248824775218964,1,0.4669279779311867,0.24809397581136064,26,control
839,485.0,1330.0,486.1100651287832,1329.4502210907872,0.17765814065933228,1,0.8209569947467448,0.43761822029689884,26,control
840,636.0,1518.0,633.6999470751189,1518.4598641860343,0.17707999050617218,1,2.746533569522398,1.6209462025630246,26,control
841,590.0,1503.0,588.5799427661852,1502.5600631403684,0.17649754881858826,1,1.8118026107967642,0.6155124934388675,26,control
842,641.0,1369.0,641.0999805756912,1368.2502226964357,0.1749745011329651,1,0.6376410774760106,0.2672828253736096,26,control
843,532.0,1520.0,531.9300781060808,1519.2900958916305,0.17288483679294586,1,0.6912377449939415,0.5243335747942318,26,control
844,579.0,1368.0,577.0,1367.0,0.17172476649284363,1,2.5148667875698316,,26,control
845,620.0,1355.0,620.160040837531,1354.650121389043,0.1710294932126999,1,0.27780441821301594,0.20985501685960753,26,control
846,592.0,1367.0,593.3700762425785,1366.2900367277598,0.17000940442085266,1,1.1285892742052432,0.15552119662294545,26,check
847,540.0,1535.0,540.0,1535.0,0.16661891341209412,1,0.41331269918895774,,26,check
848,757.0,1494.0,757.3399664251779,1493.3601427686563,0.233784019947052,1,0.46753224744200245,0.4127495083206331,27,control
849,731.0,1419.0,731.5101053920813,1418.0501563698529,0.20685186982154846,1,0.788823741299656,0.24580948862741672,27,check
850,728.0,1455.0,728.5199698772747,1454.2699501865852,0.20164626836776733,1,0.5758029526084969,0.33402578318175613,27,control
851,747.0,1433.0,746.1500174031154,1432.8400153150362,0.19699066877365112,1,1.222446137221141,0.34667621522937886,27,control
852,711.0,1427.0,711.2800622086172,1426.4200276518795,0.19527316093444824,1,0.4168267536052562,0.2929609306136426,27,check
853,697.0,1525.0,697.6799103475252,1524.8700747369269,0.19432048499584198,1,0.3124568177290775,0.8543079332399416,27,control
854,676.0,1386.0,676.2299659009432,1385.3300253975822,0.18416784703731537,1,0.5166020551564737,0.16339225048777495,27,control
855,696.0,1463.0,697.170019424475,1461.7899116118783,0.18103258311748505,1,1.3072766735864332,0.24994374656762042,27,control
856,705.0,1452.0,706.0,1451.0,0.17897751927375793,1,1.0372942809267063,,27,check
857,760.0,1461.0,759.7800763922412,1460.2699743278424,0.17085036635398865,1,0.8125700389489815,0.20959178964808362,27,control
858,826.0,1335.0,826.359880757229,1334.140041827475,0.16347035765647888,1,0.6904202242159463,0.399850865467406,27,check
859,674.0,1367.0,674.5498930109633,1366.030061534886,0.16282282769680023,1,0.8151569505137799,0.34735697531658094,27,control
860,823.0,1547.0,823.8100091925986,1545.9701911262514,0.16000445187091827,1,0.9643555610143085,0.41178496846271495,27,check
861,739.0,1423.0,739.7300255139679,1421.7499706426418,0.1554967314004898,1,1.134854201119168,0.47988685553746346,27,check
862,729.0,1493.0,730.6303009270969,1492.1399513924132,0.1536613255739212,1,1.4339380684163334,0.6306141577043348,27,control
863,811.0,1349.0,813.1400246071329,1347.7399082760012,0.15277762711048126,1,2.0755804641379236,0.7128470782397377,27,control
864,685.0,1357.0,685.139930737028,1356.6600169872381,0.15039262175559998,1,0.2881172215108622,0.1127651935309917,27,check
865,798.0,1490.0,798.0500867991948,1489.1800025537887,0.1492481827735901,1,0.7225668951432307,0.21013993150960858,27,control
866,752.0,1342.0,753.5398815144014,1341.170166594033,0.14877374470233917,1,1.3384161938578454,0.5595120760589396,27,control
867,723.0,1470.0,723.2099832129212,1469.2603400009561,0.14528805017471313,1,0.5884670482290832,0.6234479646619037,27,control
868,756.0,1483.0,759.0,1481.0,0.14464958012104034,0,3.201361775584554,,27,control
869,719.0,1436.0,719.2203895232402,1435.3200109970771,0.142751544713974,1,0.5288362572850945,0.38284103671495084,27,control
870,763.0,1401.0,764.1601614364572,1400.5402233450845,0.1421782225370407,1,0.8381450073975748,0.7184782401539833,27,control
871,704.0,1394.0,703.0,1395.0,0.1390284299850464,1,1.8067812561308125,,27,control
872,693.0,1401.0,691.0,1402.0,0.13743117451667786,1,2.648198962737824,,27,control
873,795.0,1334.0,795.0601461545317,1333.6501074963837,0.13616211712360382,1,0.36171974363583925,0.30241080139584353,27,control
874,687.0,1389.0,687.5298700178395,1388.3102716531798,0.1361425518989563,1,0.5389539244771944,0.6254721926800005,27,control
875,785.0,1521.0,784.9498637036033,1520.3201047598216,0.13595587015151978,1,0.6582311755168821,0.09561030022855503,27,control
876,769.0,1461.0,769.0900881469893,1460.200112496102,0.13499730825424194,1,0.6874564805697078,0.3342851938704451,27,control
877,760.0,1412.0,761.8499901505579,1411.1200902016255,0.1336658000946045,1,1.6380270541067368,1.0921397572411469,27,control
878,765.0,1469.0,765.2100883881217,1468.170019424475,0.13140273094177246,1,0.6766287044963487,0.21362562294023074,27,control
879,839.0,1351.0,838.3101226870056,1350.880134674193,0.12778793275356293,1,1.0642930835792777,0.8383986446099136,27,control
880,721.0,1365.0,722.360097497445,1364.120140755325,0.1258150041103363,1,1.2132137550099533,0.34473873593891613,27,control
881,711.0,1482.0,710.7700722911632,1481.3400791540516,0.1208377406001091,1,0.7731073130578786,0.5212158076958332,27,control
882,815.0,1541.0,816.1800547967441,1539.5502288190394,0.12033448368310928,1,1.5130825988405878,0.2639792589801999,27,control
883,775.0,1471.0,774.9399755008922,1470.229994426381,0.11924614757299423,1,0.7367185453628103,0.17042499776400793,27,control
884,207.0,1567.0,206.7099548202586,1566.4500765087932,0.20386862754821777,1,0.7580216411368802,0.125947532651676,28,control
885,219.0,1572.0,218.82995537777,1571.480194936365,0.14918144047260284,1,0.6388511426402638,0.3620331682121161,28,check
886,159.0,1758.0,158.61013287741048,1758.7299545704332,0.12992964684963226,1,1.1952698179170973,1.932849727779354,28,control
887,173.0,1557.0,173.17995094359142,1556.4700205809693,0.16226111352443695,1,0.3940918807056821,0.19508863911954372,28,control
888,205.0,1582.0,205.46016454775736,1581.5202549734615,0.11604826152324677,1,0.3038680358091236,0.4246783075050223,28,control
889,210.0,1593.0,209.87994783229126,1592.4899889525923,0.10320913791656494,1,0.5907255669983374,0.5008627011910992,28,control
890,164.0,1735.0,162.19998587456885,1735.1400215958295,0.10255616158246994,1,2.1973351572146522,0.1581225874464322,28,control
891,123.0,1724.0,139.0,1872.0,0.12668676674365997,0,149.01520189363612,,28,control
892,398.0,1567.0,398.31005596946153,1566.4800310210335,0.3203383684158325,1,0.3428616110479746,0.39874915518621945,29,check
893,380.0,1649.0,381.25004958900394,1648.5701306313078,0.2801787853240967,1,0.9120315178518852,0.7387054749752882,29,control
894,377.0,1580.0,378.4699677560847,1579.3200507202498,0.26997697353363037,1,1.2036601242980731,0.8052707472378735,29,control
895,405.0,1644.0,404.0,1643.0,0.2641074061393738,1,1.5959870457739693,,29,check
896,406.0,1581.0,403.0,1580.0,0.2581638693809509,0,3.4705788751767637,,29,control
897,395.0,1665.0,395.3199705846149,1664.3201405225536,0.252957284450531,1,0.4981829406799852,0.18951774520934936,29,control
898,399.0,1590.0,399.0300559360185,1589.4398956562218,0.24777179956436157,1,0.5094314677223802,0.31912562470298056,29,control
899,403.0,1614.0,403.1200692298613,1613.3801162645782,0.246851846575737,1,0.5040212796074783,0.27513339351880706,29,control
900,341.0,1650.0,342.0300455292312,1648.5700017385896,0.23420283198356628,1,1.4077735908623004,0.878472784127771,29,control
901,401.0,1598.0,401.1000561689563,1597.4399030517056,0.23194225132465363,1,0.4650396761561478,0.2609128888770912,29,control
902,384.0,1641.0,384.4299306455583,1640.670047658948,0.22838962078094482,1,0.1568392870198207,0.4995992044762949,29,check
903,244.0,1578.0,241.73984715732465,1577.4700830725226,0.22772665321826935,1,2.657498992889075,0.6977895698716591,29,control
904,358.0,1585.0,358.9200134682554,1584.8699911154197,0.22674234211444855,1,0.5492041863289466,1.10341325435877,29,control
905,426.0,1621.0,427.95999970870315,1619.9698900244098,0.22646184265613556,1,1.8000333711418757,0.5294327617370991,29,control
906,375.0,1634.0,378.8702019912182,1632.2104029080544,0.22418592870235443,0,3.848864750029403,4.832616197499794,29,control
907,346.0,1770.0,346.46002899967397,1769.7400477336962,0.2227390557527542,1,0.11667311017971552,0.27181644403349386,29,control
908,408.0,1558.0,408.7298797172867,1557.1299752348436,0.2211555391550064,1,0.7742463546703763,0.32886056188568535,29,control
909,358.0,1639.0,358.5802515798899,1638.700264922734,0.21953296661376953,1,0.2376639508379068,0.6554492538710341,29,control
910,414.0,1594.0,414.88995087687164,1593.4298841596599,0.2155473232269287,1,0.6461922917534829,0.6261647169513462,29,check
911,333.0,1603.0,332.83006932133105,1602.3700855928682,0.21453218162059784,1,0.7022005833450782,0.19852822525311464,29,control
912,236.0,1558.0,237.10010402773145,1557.0501130534474,0.21338854730129242,1,1.0521537624272326,0.8071009925398017,29,control
913,388.0,1581.0,388.1699539216181,1580.4099136750415,0.20930933952331543,1,0.454626312967912,0.30912019860224466,29,control
914,392.0,1685.0,393.0,1681.0,0.20829357206821442,0,3.866974868046282,,29,control
915,323.0,1627.0,323.2800053159314,1625.9901351984277,0.20687758922576904,1,0.8294953033563734,0.299546359949927,29,control
916,426.0,1596.0,426.29005077860893,1595.5601348240218,0.20532424747943878,1,0.2700292616600315,0.2252312745536977,29,control
917,391.0,1600.0,391.36004662736644,1599.5700366030132,0.2053045928478241,1,0.2466898560733535,0.5905105547975665,29,check
918,369.0,1594.0,370.6702834161225,1593.370167683309,0.20233604311943054,1,1.3716160817091017,0.5633825748693556,29,control
919,405.0,1673.0,404.9900783057418,1672.2901022306166,0.20072302222251892,1,0.649096274340658,0.2202802423588232,29,control
920,424.0,1558.0,424.2299655845642,1557.269813898383,0.20060358941555023,1,0.5663659693258497,0.47219982808793937,29,control
921,325.0,1641.0,325.450097955126,1640.150256013404,0.19966667890548706,1,0.6685426202327248,0.4678388635929214,29,control
922,376.0,1703.0,376.0,1704.0,0.19429951906204224,1,1.2417896430994937,,29,control
923,369.0,1616.0,362.0,1620.0,0.19304490089416504,0,8.477368294984986,,29,control
924,315.0,1618.0,315.11995724110614,1617.4401197919217,0.1890433132648468,1,0.45185656382109773,0.3600536271245721,29,control
925,354.0,1605.0,353.6700675742146,1604.3499629725825,0.18673743307590485,1,0.8431349712458022,0.30379698553426476,29,control
926,438.0,1648.0,433.8401125128237,1646.9299795354166,0.1841992437839508,0,4.616912464059698,0.7175185212020727,29,control
927,376.0,1763.0,374.19007036110725,1763.3400178771856,0.18197932839393616,1,2.2414792203027125,0.26461418773948164,29,check
928,396.0,1634.0,392.0,1639.0,0.18042224645614624,0,6.781362906074723,,29,check
929,595.0,1745.0,595.9600961663721,1744.1200984954176,0.23910988867282867,1,0.9173202556106776,0.47298788243698564,30,control
930,476.0,1757.0,474.5100217705742,1756.8100532491226,0.234567329287529,1,1.8578445641398824,0.46282268514006875,30,control
931,457.0,1619.0,456.3799915978507,1618.0599346968042,0.23393775522708893,1,1.2479286475755524,0.7525080405154962,30,control
932,472.0,1598.0,472.1400671834196,1597.4001184441272,0.21420426666736603,1,0.4781734816642083,0.14601758134952994,30,control
933,472.0,1612.0,472.42997940264155,1611.2401518778136,0.21244707703590393,1,0.5810404717552614,0.3659287158587347,30,control
934,457.0,1606.0,458.6699654103177,1605.3801776996336,0.2016744613647461,1,1.3700457307833227,0.908418140208308,30,control
935,525.0,1684.0,526.3099799016278,1683.200033416965,0.1981639415025711,1,1.1261087211514438,0.3527744645218059,30,check
936,572.0,1731.0,572.4099212287149,1730.7901515950437,0.19355912506580353,1,0.05159560244031998,0.4715104727242494,30,control
937,502.0,1568.0,502.0300773823514,1567.3001064898842,0.19321157038211823,1,0.6219184614749758,0.27355366103680523,30,control
938,445.0,1578.0,444.22003332532904,1577.659916461768,0.19152812659740448,1,1.1633596368154375,0.2775948878555529,30,control
939,503.0,1583.0,506.310164364984,1580.5804506251952,0.19012637436389923,0,3.694222725233887,1.3133244963841846,30,control
940,547.0,1592.0,546.6599726143352,1591.2800706605988,0.18541008234024048,1,0.8929769100023905,0.4150234013294974,30,control
941,535.0,1683.0,535.9701037533222,1682.080205068577,0.18532654643058777,1,0.9524216747353464,0.6322994467701887,30,control
942,513.0,1697.0,513.6201682496796,1696.4902717775942,0.18361884355545044,1,0.4131468024440823,1.6117261814218777,30,control
943,585.0,1735.0,585.4600703612734,1734.3801521854996,0.1830039620399475,1,0.4490604624312837,0.583973770809234,30,control
944,530.0,1739.0,530.4397401928718,1737.4098432060753,0.18260706961154938,1,1.4100875139126416,0.3837569187402224,30,control
945,596.0,1763.0,595.5599330329628,1762.6199555772648,0.1825283169746399,1,0.8305699785292802,0.43005273839571045,30,control
946,525.0,1702.0,525.3099453535831,1701.5902460142993,0.1806093007326126,1,0.23557151162886122,0.7169515591295739,30,check
947,459.0,1758.0,458.6201478598445,1757.6200609106547,0.177606001496315,1,0.7731465262756018,0.20882983713867465,30,control
948,481.0,1609.0,480.97016365731156,1608.4499916725988,0.17319953441619873,1,0.5447683161700915,0.2608832858989631,30,control
949,532.0,1562.0,532.3900701283357,1561.3801447900157,0.172822043299675,1,0.44054896659467774,0.5481340489943297,30,control
950,543.0,1607.0,545.0,1607.0,0.17262667417526245,1,1.6392664503334167,,30,control
951,519.0,1676.0,519.669720144664,1674.6700796702578,0.1689959466457367,1,1.1871626031579072,0.7915355495527435,30,check
952,558.0,1592.0,564.0,1592.0,0.16734711825847626,0,5.632084675435812,,30,control
953,506.0,1554.0,505.6400768246738,1553.2298537539984,0.16476067900657654,1,0.9404018459662535,0.4764289421793547,30,check
954,551.0,1668.0,551.6998089903004,1667.8300800444974,0.1643509715795517,1,0.33090893590366766,0.6735875509182524,30,check
955,584.0,1702.0,579.5605389880685,1696.7896192275682,0.16287803649902344,0,6.958050259742835,1.7674631054669725,30,control
956,541.0,1665.0,541.0,1665.0,0.16116547584533691,1,0.41113873680558805,,30,control
957,446.0,1723.0,445.0,1723.0,0.15895669162273407,1,1.3813332781270784,,30,control
958,578.0,1580.0,578.1000827395881,1579.2200079693844,0.15798714756965637,1,0.6593896913761144,0.18820212332166034,30,check
959,505.0,1739.0,497.55995791433884,1739.2896375298224,0.1575116068124771,0,7.822315194099971,2.025215265926483,30,control
960,634.0,1728.0,633.6500463777072,1727.5499615251238,0.1564367264509201,1,0.7659997574608243,0.5177635990637648,30,check
961,591.0,1610.0,591.4799966311782,1609.1102623774723,0.1530417948961258,1,0.7193654001365076,0.5765383888869697,30,control
962,451.0,1734.0,449.18002067243896,1734.8100183846987,0.14856092631816864,1,2.4037794925479115,0.9150494369230534,30,control
963,497.0,1725.0,501.57996146676464,1724.3198510421864,0.14557340741157532,0,4.240953079938798,0.8616051420708128,30,control
964,709.0,1552.0,709.379999151524,1551.0200402134658,0.11241581290960312,1,0.8047934945067672,0.19706194966801568,31,control
965,720.0,1588.0,720.7399602025775,1587.400079511902,0.10906757414340973,1,0.5638032221316687,0.15912336927395473,31,control
966,787.0,1770.0,787.1800935707796,1769.1200160885978,0.10874919593334198,1,0.7274908475352153,0.24069195804621957,31,control
967,769.0,1643.0,546.0098782196634,1864.0897933841336,0.11436215788125992,0,314.40247299855423,1.068127236711103,31,control
968,824.0,1723.0,824.2500124533952,1722.8900260463972,0.1184702068567276,1,0.1313088626664231,0.44255851301717164,31,control
969,693.0,1751.0,695.1500716008767,1749.390225117117,0.13979966938495636,1,2.2880749783249366,0.854672682801862,31,control
970,703.0,1560.0,703.3097043139202,1558.840147851816,0.1256546825170517,1,0.9862136722551114,0.4490445117478132,31,control
971,698.0,1570.0,699.0,1565.0,0.1209777295589447,0,4.865337255525353,,31,control
972,703.0,1588.0,701.0,1588.0,0.12470939010381699,1,2.3756867157287873,,31,control
973,801.0,1567.0,801.0699757753014,1566.1999024112513,0.19333212077617645,1,0.6943480276919812,0.13657555181206518,31,control
974,827.0,1601.0,827.6801417205193,1599.680067449302,0.13376973569393158,1,1.188885606882727,0.5365092408997453,31,control
975,729.0,1620.0,732.0,1618.0,0.12195982784032822,0,3.2024895178572867,,31,control
976,678.0,1556.0,676.3400559111025,1556.449928440927,0.1059824600815773,1,2.1245178562025586,0.6003168208698593,31,control
977,668.0,1724.0,668.0,1724.0,0.1291782557964325,1,0.4073869964152361,,31,check
978,742.0,1571.0,742.2199732631502,1570.2600241081466,0.111118845641613,1,0.5846459640236679,0.26804010505384196,31,control
979,731.0,1561.0,731.0,1566.0,0.11347091197967529,0,5.188049574787685,,31,control
980,759.0,1601.0,757.4101165225981,1600.9100396892313,0.12394978851079941,1,1.9598657788158662,1.5903973301329553,31,control
981,694.0,1740.0,693.0,1738.0,0.110889732837677,1,2.2770006410106385,,31,control
982,809.0,1769.0,808.9101657288355,1768.4600910166587,0.12608127295970917,1,0.5815786165191343,0.2657948826090561,31,check
983,670.0,1574.0,671.7701972742697,1573.2202867265853,0.1368289440870285,1,1.5247355832589045,1.0374891525438463,31,check
984,681.0,1569.0,679.219875008865,1569.1900272028915,0.20480558276176453,1,2.18098765622211,0.5104079939082077,31,check
985,154.0,1945.0,152.4699197391201,1944.6797349689084,0.1803969144821167,1,1.9015605693821032,3.3638650390933345,32,control
986,115.0,1911.0,116.6502042704316,1911.150273815675,0.17696435749530792,1,1.327154731515947,1.0904880136868957,32,control
987,158.0,1955.0,157.43002889984348,1954.7400445642031,0.25719448924064636,1,0.9392667999760201,0.4758400188411644,32,control
988,191.0,1936.0,190.56005046239602,1935.5400576331367,0.2670060098171234,1,0.8500725841295015,0.2323827731681806,32,control
989,140.0,1957.0,142.8400228687095,1952.8100881135463,0.11386016756296158,0,4.69912591086599,0.6546249219517273,32,check
990,191.0,1851.0,189.96000409288345,1850.959995640902,0.14199665188789368,1,1.4172201691287052,0.4463961086915203,32,control
991,211.0,1932.0,161.1701980234136,1942.3206462685682,0.10128858685493469,0,51.286326506922386,2.2263719095690524,32,check
992,166.0,1925.0,168.42993455516998,1926.5698360266417,0.2018321305513382,1,2.7132196632428136,1.5500779553929198,32,control
993,210.0,1880.0,208.58976726265595,1881.1899639712196,0.10231293737888336,1,2.25192050588914,1.6541050460681574,32,control
994,131.0,1973.0,131.34005818228735,1972.460034123973,0.10324215143918991,1,0.34642217683927057,0.479641103889664,32,control
995,211.0,1908.0,210.9300568179375,1907.4599908075675,0.15101218223571777,1,0.5590527755899807,0.6748359021837855,32,control
996,187.0,1964.0,187.27017807370723,1964.2598114357318,0.10884315520524979,1,0.46302337343599653,0.3806804929970905,32,control
997,169.0,1982.0,168.3099999750839,1982.0100327847051,0.15757408738136292,1,1.075645382021555,0.3852858026513808,32,control
998,133.0,1903.0,134.0,1902.0,0.16464844346046448,1,1.0241875128157365,,32,check
999,201.0,1973.0,199.85009173252573,1973.1901927566498,0.12497134506702423,1,1.5635507606801275,0.634321495703883,32,control
1000,207.0,1956.0,210.17983018647567,1954.5498128753284,0.10614413768053055,1,3.0818592263509443,0.6199577888780324,32,control
1001,218.0,1957.0,212.71962839574908,1956.5400878478301,0.12107618153095245,0,5.652932226123512,1.0275909252354036,32,control
1002,166.0,1967.0,161.0,1970.0,0.11312317103147507,0,6.245020685570095,,32,control
1003,159.0,1967.0,161.0,1970.0,0.16548705101013184,0,3.5872991420611697,,32,control
1004,153.0,1912.0,154.2200840372182,1914.1799148644805,0.12239150702953339,1,2.521549049916282,0.8196991469582287,32,control
1005,184.0,1907.0,187.0,1901.0,0.1504211574792862,0,6.376277486494956,,32,control
1006,130.0,1926.0,131.0,1928.0,0.16551968455314636,1,2.2832655046438077,,32,check
1007,437.0,1932.0,437.20016246787264,1931.500121788199,0.2852153778076172,1,0.35355602997088414,0.36302150752883816,33,check
1008,356.0,1884.0,353.87997604134983,1884.1597765549188,0.2668483257293701,1,2.510478620926082,0.7485993518773939,33,control
1009,354.0,1869.0,353.6500315867395,1868.6899619909993,0.25803419947624207,1,0.7269320973771113,0.6875516162094704,33,control
1010,335.0,1850.0,334.3400129110762,1849.920141304476,0.2577081322669983,1,1.0329951879136872,0.2692083976718267,33,control
1011,392.0,1799.0,392.66002332622435,1798.800069063311,0.2575177550315857,1,0.2925073809117125,0.5016257449992769,33,control
1012,395.0,1812.0,394.99996106777496,1811.400106980842,0.25178202986717224,1,0.5534276696842458,0.2199197127325498,33,control
1013,365.0,1774.0,364.3900268119303,1773.7901461543656,0.2516164183616638,1,0.9790614359943104,0.3154114004365119,33,control
1014,438.0,1967.0,437.83006947952055,1966.4001913424677,0.2472497671842575,1,0.6742503988103201,0.6590656565561814,33,control
1015,392.0,1967.0,388.32015230221765,1966.6001347989395,0.2359306514263153,0,4.049183120833783,1.1846624839803523,33,control
1016,294.0,1826.0,294.56992688544307,1825.710062583023,0.23431001603603363,1,0.22548816097513472,0.21682824513547064,33,control
1017,407.0,1853.0,407.28995643393546,1852.3899262864602,0.2265835553407669,1,0.43055625325045205,0.3384786728253007,33,control
1018,361.0,1822.0,362.06008244829127,1821.1898979937941,0.21446263790130615,1,0.9314477663938825,0.4296214899962471,33,control
1019,300.0,1779.0,300.7399589878903,1778.3799737955794,0.21142452955245972,1,0.5690939376388143,1.6425346768431492,33,control
1020,414.0,1815.0,414.1802305991003,1814.7598002634113,0.2111855000257492,1,0.19473582951959978,0.7179303865960616,33,control
1021,367.0,1801.0,364.0,1799.0,0.21090666949748993,0,3.8252642064885025,,33,check
1022,422.0,1928.0,422.8601083533865,1926.9699817815192,0.20901161432266235,1,0.9780807096097022,0.7138431599154961,33,control
1023,324.0,1840.0,323.68015619510794,1839.4798554842273,0.20004333555698395,1,0.7634752985781971,0.4198466019563707,33,check
1024,323.0,1879.0,321.0,1880.0,0.19550499320030212,1,2.648539730709441,,33,control
1025,322.0,1777.0,319.2599255374824,1777.6498183323956,0.19359159469604492,0,3.220135078401836,2.4544901476946297,33,control
1026,400.0,1835.0,400.0300712015548,1834.3902124391448,0.19344770908355713,1,0.5410934781468448,0.29796061618090247,33,control
1027,386.0,1932.0,385.7699559182277,1931.409977064903,0.19201885163784027,1,0.7179477793282246,0.24921982331850107,33,control
1028,377.0,1958.0,376.3200457541405,1957.6402439094984,0.19095654785633087,1,1.058088613141394,0.6373953749186415,33,check
1029,352.0,1806.0,351.7801708951042,1805.4702886150035,0.19095297157764435,1,0.6805393535508176,0.24881053160811048,33,control
1030,390.0,1982.0,388.0,1981.0,0.19035704433918,1,2.498915118889603,,33,control
1031,336.0,1815.0,336.09003923171645,1814.5999025276371,0.18834587931632996,1,0.3499989362919877,0.21074046737136212,33,control
1032,402.0,1950.0,401.0,1952.0,0.18694669008255005,1,2.57812031522919,,33,control
1033,379.0,1813.0,378.6899479909792,1812.6404976271338,0.1868693083524704,1,0.6994520995596359,0.5591084338076934,33,control
1034,423.0,1902.0,424.0,1901.0,0.1866389960050583,1,1.0319805859272975,,33,control
1035,319.0,1796.0,318.27003275159456,1795.7301332767324,0.1858903169631958,1,1.1018706497939994,0.19307788782514762,33,check
1036,311.0,1920.0,311.61996508574407,1919.3500666675457,0.18411631882190704,1,0.5258586992216854,0.18238263672315796,33,check
1037,353.0,1949.0,349.0,1949.0,0.18289224803447723,0,4.368808114057234,,33,control
1038,307.0,1882.0,307.980197973083,1881.2203089130367,0.1812097281217575,1,0.851417658242728,0.6814228509474827,33,control
1039,392.0,1905.0,390.0,1904.0,0.17760521173477173,1,2.5009969063536444,,33,control
1040,410.0,1889.0,409.9800752611614,1888.350207023549,0.17619860172271729,1,0.6024411580878091,0.2823010494358483,33,control
1041,366.0,1886.0,365.4599358696877,1885.5899449124574,0.1759290099143982,1,0.9329909360993983,0.15580507119745254,33,control
1042,366.0,1876.0,364.9701384595565,1875.7200982208421,0.17577461898326874,1,1.399215276231784,0.3772913727590568,33,control
1043,327.0,1890.0,326.6799619577224,1889.3499673567628,0.17550820112228394,1,0.827058930038646,0.28753940037668335,33,check
1044,382.0,1836.0,382.98996721529477,1835.3099999750839,0.17339274287223816,1,0.8007965721761933,0.24717598175373273,33,control
1045,352.0,1933.0,353.67965874288524,1932.219976907212,0.1731128692626953,1,1.4414792858477394,0.9061711823020386,33,control
1046,288.0,1855.0,286.0,1856.0,0.17278869450092316,1,2.649701916035945,,33,control
1047,334.0,1831.0,335.4501501472525,1830.5298313511646,0.1723882108926773,1,1.1185865322935715,1.0094946174720782,33,control
1048,323.0,1956.0,323.06995902952787,1955.3900086932802,0.1711149364709854,1,0.5134568505072431,0.39898320274066307,33,control
1049,413.0,1901.0,410.0,1902.0,0.17024634778499603,0,3.5682901538130554,,33,check
1050,314.0,1862.0,313.39998247230415,1862.21014860849,0.16841334104537964,1,1.0463264163052202,0.9331602454668142,33,control
1051,541.0,1937.0,540.9799545040456,1936.4299993179081,0.2700606882572174,1,0.5434592134415446,0.20725764490912654,34,control
1052,492.0,1938.0,486.32044854531057,1934.6697024497532,0.2639818489551544,0,6.812264736698198,1.7464541704744014,34,control
1053,489.0,1858.0,488.8499436646595,1857.5600916658059,0.2633878290653229,1,0.5751340282991394,0.3488364338373569,34,control
1054,459.0,1883.0,458.6399598698092,1882.4000689469253,0.26125848293304443,1,0.8351289078951989,0.24399022373549423,34,control
1055,475.0,1938.0,474.99003483114694,1937.669997845367,0.247310608625412,1,0.40029027249065713,0.313806430926539,34,control
1056,511.0,1876.0,510.24002087209993,1875.8100247236848,0.24495431780815125,1,1.1244991798949713,0.6662947420967964,34,control
1057,454.0,1941.0,453.440130198709,1940.7499366765262,0.24297606945037842,1,0.9256909915065092,0.18457403528030425,34,control
1058,525.0,1913.0,525.550174355728,1912.4302641824493,0.24218955636024475,1,0.4283804381301832,0.43340989821856757,34,control
1059,476.0,1906.0,475.39013774418777,1905.740142660299,0.23437821865081787,1,0.9769142341290507,0.23269108545330128,34,control
1060,517.0,1900.0,516.5100471265188,1899.5700524504787,0.233086958527565,1,0.8884436326883152,0.17491896242938698,34,check
1061,485.0,1883.0,484.80994685923486,1882.5601930895841,0.22265328466892242,1,0.6105036139662108,0.8843439249476469,34,control
1062,541.0,1964.0,540.6100208886553,1963.7899580977767,0.22100670635700226,1,0.7523922894930121,0.2725165972810376,34,control
1063,574.0,1931.0,572.0,1931.0,0.2198864221572876,1,2.3694906310136616,,34,control
1064,490.0,1898.0,489.7497353600358,1897.5601934059632,0.21187806129455566,1,0.6652671097122255,0.40134515634353124,34,control
1065,499.0,1966.0,499.7102550237922,1965.6401728077742,0.21046581864356995,1,0.3890563029865068,0.502271656302151,34,check
1066,524.0,1921.0,524.5401553054927,1920.6102637249346,0.20939789712429047,1,0.27109415556052086,0.5350743612140575,34,check
1067,472.0,1974.0,471.8701370702905,1973.7300876891422,0.20687805116176605,1,0.4995036174226097,0.24601817364689876,34,control
1068,509.0,1855.0,508.52024139718117,1854.6999416344408,0.2028748244047165,1,0.8527480197400175,0.3530944536660437,34,control
1069,501.0,1799.0,500.9299597783395,1798.410099618635,0.20014606416225433,1,0.5965113667811186,0.5983178204494082,34,control
1070,447.0,1915.0,446.92006222533865,1914.4400953342852,0.19911327958106995,1,0.5805861011536152,0.1705638850129954,34,check
1071,643.0,1898.0,640.1998613660309,1898.3501312720944,0.19892588257789612,0,3.206808543991033,1.0597286814586349,34,control
1072,583.0,1947.0,583.4600617511023,1946.4300467021146,0.19774360954761505,1,0.39900939877480146,0.4438014189450062,34,control
1073,548.0,1920.0,548.2902076148357,1919.17044714785,0.19455966353416443,1,0.6499043111720699,0.5919517370678289,34,control
1074,475.0,1869.0,475.0,1871.0,0.19326120615005493,1,2.215214396690846,,34,control
1075,602.0,1980.0,599.0100252310318,1979.7298945082543,0.19168581068515778,0,3.3519645175462713,0.6092866639217795,34,control
1076,617.0,1883.0,615.0,1880.0,0.18801552057266235,0,3.6779777881482705,,34,control
1077,488.0,1873.0,488.37995266562564,1872.4600416776461,0.1869824379682541,1,0.3556604519689261,0.5090827560625089,34,control
1078,500.0,1857.0,500.24993654375106,1856.6401341919282,0.18686030805110931,1,0.21010556517282059,0.4773439924066725,34,control
1079,662.0,1920.0,658.7900373351035,1919.6399766155828,0.1820063292980194,0,3.5760342321468297,0.7158670314052978,34,control
1080,503.0,1920.0,502.3100677491256,1919.4001364045878,0.1818375587463379,1,1.1322667398167714,0.49130894017754245,34,control
1081,592.0,1926.0,592.3700575419992,1925.5302488259417,0.1751665621995926,1,0.2871195895880975,1.0643692996789238,34,check
1082,562.0,1925.0,561.800121464456,1924.9703980416093,0.17511938512325287,1,0.5832078662943,0.6352609847821674,34,check
1083,565.0,1906.0,564.5399648195295,1905.350058215564,0.17497219145298004,1,0.94627991294536,0.35248030976142997,34,control
1084,473.0,1812.0,474.29020761483565,1810.17044714785,0.17095090448856354,1,1.8868908348746225,0.731703155611392,34,control
1085,712.0,1989.0,712.0200033942363,1989.0001077627644,0.2320382446050644,1,0.38436186698593594,0.4475113649401294,35,control
1086,684.0,1883.0,684.0,1885.0,0.19341883063316345,1,2.209867517153581,,35,check
1087,681.0,1897.0,681.4601025307727,1896.1704684359934,0.182648703455925,1,0.6567217022313971,1.29013913610624,35,control
1088,803.0,1805.0,804.0,1804.0,0.18004007637500763,1,1.04170215053019,,35,control
1089,668.0,1893.0,668.0700827979472,1892.250110549491,0.17720626294612885,1,0.6399471862541263,0.5096380180389002,35,control
1090,731.0,1923.0,731.0399062630024,1922.9201129372277,0.1736622303724289,1,0.33576614569201196,0.5390548266402009,35,control
1091,738.0,1991.0,738.2800579826264,1990.4600277849868,0.17278389632701874,1,0.368519497277353,0.5637253866880008,35,control
1092,708.0,1799.0,706.0,1799.0,0.16153325140476227,1,2.37067167842735,,35,control
1093,785.0,1795.0,785.4801126877346,1793.9801529674219,0.1481393575668335,1,0.8515400232273812,0.7204225695380722,35,control
1094,745.0,1958.0,743.0,1956.0,0.14693011343479156,1,2.980340370108469,,35,control
1095,728.0,1968.0,727.4700957504948,1968.1401524433534,0.14522725343704224,1,0.945308863984314,0.592368572435721,35,control
1096,680.0,1952.0,679.9100375762359,1951.6098835439554,0.14500153064727783,1,0.49670952499109805,1.1205310914229496,35,control
1097,693.0,1933.0,691.8600734889627,1932.2999828796544,0.14334873855113983,1,1.5882068279770536,1.4332607100749075,35,control
1098,699.0,1913.0,699.3502043286245,1912.1402420874676,0.14150762557983398,1,0.6798901494961622,0.5640663516980946,35,check
1099,743.0,1942.0,743.2298187313852,1941.659818523862,0.13773168623447418,1,0.20699315394629567,0.9279506502981174,35,control
1100,669.0,1844.0,666.1506822565417,1845.6102058831116,0.1369236707687378,0,3.677714900824822,1.2706098344408332,35,control
1101,809.0,1870.0,809.9200189089333,1868.850096698635,0.13606534898281097,1,1.1223371206573198,0.676501750525994,35,control
1102,706.0,1967.0,707.4697807559935,1966.090056610248,0.13495032489299774,1,1.3282076408545163,0.6228727642744322,35,check
1103,698.0,1960.0,698.5301551140265,1959.5801569188372,0.13480637967586517,1,0.29353842241331324,0.4444912251723793,35,control
1104,740.0,1977.0,736.0,1979.0,0.13348476588726044,0,4.873847764502592,,35,control
1105,732.0,1867.0,732.0,1868.0,0.1306702047586441,1,1.2329350305464057,,35,control
1106,695.0,1922.0,694.3800574170865,1921.50014413284,0.13061273097991943,1,1.0318100458005612,0.5492700593713062,35,control
1107,719.0,1881.0,719.4099517089584,1880.470044880416,0.1300666630268097,1,0.3541699318571386,0.9202156512894334,35,control
1108,711.0,1954.0,710.7395991459175,1953.6595621113022,0.12908050417900085,1,0.6408713081016296,0.41144583199939994,35,control
1109,668.0,1803.0,667.8800189340155,1802.880198222244,0.12906788289546967,1,0.48795947694862346,0.8677776646485905,35,control
1110,819.0,1847.0,815.0,1845.0,0.1268012374639511,0,4.7274023951164645,,35,check
1111,783.0,1877.0,784.3701271126572,1875.8401408800719,0.12571732699871063,1,1.4082973599041286,0.6074504710621538,35,check
1112,795.0,1972.0,795.0,1972.0,0.1246686801314354,1,0.40052700072784303,,35,control
1113,683.0,1871.0,676.1705283399826,1868.9096840732493,0.1240987777709961,0,7.441467484259144,2.103287227740732,35,control
1114,767.0,1798.0,765.0,1799.0,0.11837627738714218,1,2.640077228264247,,35,control
1115,719.0,1917.0,720.1900930221274,1916.2203344271709,0.11755383759737015,1,1.02359292908123,0.5142386407654159,35,control
1116,841.0,1814.0,842.4300933462026,1813.1300425343168,0.11675789952278137,1,1.274227079454245,0.4766089510888833,35,control
1117,726.0,1948.0,726.5800159809049,1947.9302723434664,0.11642824858427048,1,0.24593505520599462,1.08816553090316,35,control
1118,774.0,1836.0,772.5899080932278,1836.9201710446007,0.11525998264551163,1,2.084540331524506,0.9563417636229387,35,control
1119,817.0,1861.0,814.1299198223952,1860.6998047643096,0.11510033905506134,0,3.2335469242248074,0.6243403499607507,35,check
1120,779.0,1934.0,780.8499482070293,1933.5803030318978,0.11392442882061005,1,1.509650384331691,1.065467440201591,35,check
1121,781.0,1845.0,778.9798805492073,1846.130001647286,0.11347910016775131,1,2.717119984790844,1.0161991818059541,35,control
1122,799.0,1776.0,797.1402161495939,1774.9901137520947,0.11321691423654556,1,2.374480694485867,0.9200926933333096,35,control
1123,811.0,1781.0,810.7900746289017,1780.3501869500928,0.11294255405664444,1,0.7438024605489444,0.8024640922363433,35,check
1124,666.0,1903.0,666.3300479004126,1902.6202448994425,0.11023268103599548,1,0.20164245449199114,1.3579034717809293,35,control
1125,758.0,1978.0,756.0,1980.0,0.10943145304918289,0,3.2115892267758857,,35,control
1126,855.0,1987.0,854.0,1984.0,0.1074204072356224,1,3.132408037462727,,35,control
1127,729.0,1852.0,729.7004042730688,1851.290378558443,0.1071622371673584,1,0.6295973083476873,1.1984879674141475,35,control
1128,248.0,2191.0,247.82000378519743,2190.9900865995337,0.3113989233970642,1,0.5707181658556715,0.12595634494956603,37,control
1129,432.0,2080.0,431.8799129678675,2079.8199900507275,0.301543653011322,1,0.48065793256325035,0.2746468099840156,37,control
1130,273.0,2206.0,273.09001931644985,2205.820008909496,0.2857409417629242,1,0.2697341337613963,0.3688444668220674,37,control
1131,251.0,2210.0,251.0,2210.0,0.24748072028160095,1,0.40884733714239796,,37,control
1132,415.0,2074.0,414.7199673733182,2074.2999714163693,0.24381780624389648,1,0.8060641876337322,0.5854215038231096,37,check
1133,289.0,2211.0,288.7999889276761,2211.130084952414,0.23594403266906738,1,0.6460653706482098,0.21008718279257765,37,control
1134,244.0,2151.0,243.99021670693924,2150.9800978713524,0.23372392356395721,1,0.4097227617601979,0.3149792930492358,37,control
1135,230.0,2173.0,231.080149548768,2172.650215259148,0.23104529082775116,1,0.7359694793121476,0.48107230860812483,37,control
1136,417.0,2088.0,417.6100234762192,2087.8602752800216,0.2235695719718933,1,0.25437063125907483,0.46113033540962445,37,control
1137,416.0,2048.0,416.64983101036785,2047.6200740631957,0.22318454086780548,1,0.3460902352212021,0.6672787665609815,37,check
1138,437.0,1998.0,438.18021612451173,1997.960012228486,0.22111330926418304,1,0.8309803688281818,0.6488138321699392,37,control
1139,225.0,2155.0,225.13002473204563,2154.770012969103,0.21678096055984497,1,0.23390566989631983,0.23174319538390198,37,control
1140,431.0,2037.0,431.86974584976605,2036.3698885023687,0.21460731327533722,1,0.6735647336075776,0.9798660992686291,37,control
1141,239.0,2129.0,238.71991681961853,2128.8100787632566,0.21091686189174652,1,0.6417919187450846,0.1380862570118642,37,control
1142,223.0,2079.0,224.57005894765436,2078.46005842342,0.20321045815944672,1,1.2556606675738093,1.4726039038457968,37,check
1143,252.0,2129.0,251.0,2129.0,0.1984565556049347,1,1.3752348861674177,,37,control
1144,429.0,2025.0,431.6299886783491,2024.1902784911522,0.19516345858573914,1,2.351828994228718,1.4551321395000512,37,control
1145,286.0,2196.0,285.190066293306,2196.4101237598925,0.19294589757919312,1,1.3160501151006405,0.5202882148320312,37,control
1146,342.0,2212.0,343.1698431475502,2212.490022918708,0.19195391237735748,1,1.0602811203275821,0.38908269044026284,37,check
1147,403.0,2030.0,399.0,2031.0,0.18934322893619537,0,4.521177991086926,,37,control
1148,368.0,2203.0,367.66008460309035,2203.2200671332553,0.18857060372829437,1,0.8105581889822305,0.5068395950355599,37,control
1149,440.0,2100.0,439.7998864474001,2100.100088180266,0.1856827288866043,1,0.6300597325101075,0.5325239136123389,37,control
1150,275.0,2105.0,274.98024081491974,2104.719990299888,0.18079595267772675,1,0.39145141537627426,0.3770210548266415,37,control
1151,311.0,2074.0,309.0,2073.0,0.17745283246040344,1,2.496721005029162,,37,control
1152,343.0,2092.0,342.0,2092.0,0.1773412823677063,1,1.3746358861485997,,37,check
1153,383.0,2054.0,382.4200825897593,2054.199936060988,0.1723490208387375,1,1.0189897867424458,0.21191556961479424,37,control
1154,308.0,2184.0,307.72008268975594,2184.240073538795,0.16612909734249115,1,0.772207522334243,0.3315063813698107,37,control
1155,396.0,2066.0,393.0,2065.0,0.16595707833766937,0,3.457712237813378,,37,check
1156,267.0,2187.0,266.1400457370867,2187.5399076104645,0.1615498960018158,1,1.4236070323366141,0.24632059858335176,37,control
1157,263.0,2091.0,262.9201043270567,2091.009988253613,0.15362770855426788,1,0.48651104050239874,0.18753301616482215,37,control
1158,402.0,2046.0,401.31993360719576,2045.6701416872424,0.151115283370018,1,1.0512682080122049,0.30788746896415753,37,control
1159,380.0,2096.0,383.0,2091.0,0.14642564952373505,0,5.486550024183756,,37,control
1160,369.0,2129.0,368.3998620315674,2128.350152402048,0.14592066407203674,1,1.064351601310228,0.4843239614218416,37,control
1161,274.0,2154.0,273.0,2152.0,0.14520838856697083,1,2.261746994010047,,37,control
1162,553.0,2014.0,552.8100426841456,2013.5899785621941,0.2558802664279938,1,0.5948540382159615,0.22133682997200915,38,control
1163,479.0,2044.0,471.8498939584391,2045.8093529493433,0.2450912594795227,0,7.771760950331131,1.3384592801953938,38,control
1164,552.0,2060.0,552.1301272123216,2059.800009741251,0.24111004173755646,1,0.22982768188936736,0.5197196004174298,38,control
1165,535.0,2040.0,536.0900555537504,2039.5402192772833,0.23857621848583221,1,0.779696413670041,0.6204628472574364,38,control
1166,498.0,2037.0,497.0,2036.0,0.23187512159347534,1,1.5854148941370472,,38,check
1167,595.0,1998.0,593.9700104651464,1997.8999964977386,0.23023343086242676,1,1.3929829896220358,0.5319933078675911,38,control
1168,450.0,2090.0,450.0499305957261,2089.6901132283583,0.22404922544956207,1,0.3330996626381802,0.316147574410582,38,control
1169,482.0,2032.0,482.3000295237424,2031.7300307964565,0.2211933732032776,1,0.10319412160891035,0.28895493087169877,38,check
1170,564.0,2118.0,563.8699692453473,2118.350198729757,0.21193622052669525,1,0.7248550373637379,0.5092365391825893,38,control
1171,515.0,2074.0,513.840086524121,2074.0495573356625,0.207808256149292,1,1.5377575824460616,1.6641519746587305,38,control
1172,595.0,2015.0,594.0800171701776,2014.8400079195524,0.2070024013519287,1,1.2802721169697668,0.35640845760031326,38,control
1173,557.0,2001.0,557.0300509699091,2000.550107321805,0.20436640083789825,1,0.4241015550782155,0.18939421690553093,38,control
1174,492.0,2015.0,491.7299166947058,2014.7799740701548,0.20382583141326904,1,0.6323233153660192,0.15307245502129296,38,check
1175,624.0,2065.0,621.160168515562,2065.4100116129475,0.20266008377075195,0,3.2529799278671363,1.0196930998982094,38,control
1176,498.0,2025.0,498.23001661283234,2024.8500238002946,0.2017437070608139,1,0.13593164160596644,0.24065516544711654,38,control
1177,453.0,1998.0,452.92991434893884,1997.8401010495386,0.20092660188674927,1,0.43317254089920576,0.20500695352826248,38,control
1178,461.0,2085.0,460.0,2086.0,0.19885152578353882,1,1.8057799470337843,,38,control
1179,514.0,2037.0,513.9000769497527,2037.3000927554144,0.1962628960609436,1,0.669574319614841,0.6596839514905728,38,control
1180,588.0,2113.0,588.1601372951999,2112.800329860051,0.19613708555698395,1,0.1981428392313233,0.6869752932835178,38,control
1181,586.0,2103.0,585.649910089505,2102.839965817834,0.19533507525920868,1,0.7085564996875663,0.13447245119998547,38,control
1182,575.0,2008.0,575.0101182028286,2007.8498915798937,0.19317470490932465,1,0.35201027718489003,0.3738936624723231,38,control
1183,547.0,2112.0,546.700011837857,2111.910073655347,0.1924159824848175,1,0.6652713052967807,0.23855163542013721,38,control
1184,504.0,2053.0,502.689653069934,2053.4004011617685,0.19212859869003296,1,1.770706376875115,0.8722533931327493,38,control
1185,600.0,2070.0,599.7401589823328,2069.550179005458,0.1915949583053589,1,0.6730692563720031,0.7528201337079296,38,control
1186,579.0,2073.0,578.5500102822069,2072.9200578411583,0.17792607843875885,1,0.8156138054647848,0.3396340059176134,38,control
1187,551.0,2087.0,538.3097694495689,2088.9391940089804,0.17586669325828552,0,13.221117204612435,2.5109260108156586,38,control
1188,520.0,2063.0,520.0,2059.0,0.16842935979366302,0,3.830782321761537,,38,control
1189,469.0,2067.0,468.75953180563744,2066.5504123840874,0.16665947437286377,1,0.6555009105163244,0.8025878095843074,38,check
1190,566.0,2096.0,565.9702069737168,2096.039990308249,0.16524584591388702,1,0.44896027442900144,0.25122499390022407,38,control
1191,583.0,2058.0,582.9000262378635,2057.780094352702,0.16395717859268188,1,0.4604861605968602,0.36001707871545185,38,control
1192,590.0,2048.0,590.2499164702949,2047.8301348241878,0.16259677708148956,1,0.1103423258783444,0.27684205502203957,38,control
1193,597.0,2062.0,596.8899007977406,2062.0303087553457,0.1609109789133072,1,0.515759589624464,0.2953133983778974,38,check
1194,576.0,2110.0,575.7999877129889,2110.1099792360915,0.1607569009065628,1,0.6313561298200078,0.41282898436922133,38,control
1195,665.0,2038.0,664.6898700757001,2037.2199713083444,0.16032376885414124,1,0.8969224758989983,0.6791228428957223,38,control
1196,540.0,2023.0,541.040156387405,2022.7106338318945,0.15756452083587646,1,0.6875590513193822,1.5381491980461899,38,control
1197,455.0,2042.0,451.99023857701167,2042.70988567334,0.1558508276939392,0,3.4883479731452676,0.5334566150231573,38,check
1198,623.0,2036.0,622.9900221531747,2035.789998244689,0.1556033045053482,1,0.37013514601979036,0.4554117240096679,38,check
1199,513.0,2140.0,513.0,2141.0,0.15491418540477753,1,1.2401460560964017,,38,check
1200,464.0,2049.0,460.239943589579,2048.5099214032934,0.1543191522359848,0,4.132057651458849,1.0347420928689592,38,control
1201,620.0,2098.0,622.0,2097.0,0.15303519368171692,1,1.8337736367324835,,38,control
1202,480.0,2086.0,482.0802109838236,2085.100319078692,0.15291611850261688,1,1.862079141898317,1.5320504102579042,38,control
1203,709.0,2169.0,708.3399694364814,2169.3000369192264,0.2479102611541748,1,1.1239635409945297,0.35494750528099045,39,control
1204,686.0,2171.0,683.1699456278261,2171.520019690856,0.246047705411911,0,3.2619735998002084,0.4510431280185966,39,control
1205,670.0,2091.0,667.9599903584135,2091.0899960735005,0.22975879907608032,1,2.412785414625278,0.6731065398696274,39,check
1206,728.0,2148.0,727.7299948755349,2148.0399716076695,0.22929587960243225,1,0.6634623377893233,0.3085345513522393,39,control
1207,761.0,2180.0,760.6400833218495,2180.1999593039372,0.20856837928295135,1,0.8095384995603351,0.18600060970143342,39,control
1208,689.0,2050.0,686.0,2053.0,0.20539288222789764,0,4.626171172830375,,39,control
1209,784.0,2127.0,784.0400276020473,2126.7400033607933,0.20278559625148773,1,0.32481308316567736,0.38962458327536187,39,control
1210,763.0,2091.0,762.4497627289792,2091.2600550629586,0.20192362368106842,1,1.007809029530095,0.9411412456407188,39,check
1211,694.0,2009.0,693.7300276269633,2008.7299705760881,0.2012592852115631,1,0.6351807957334791,0.562687184232193,39,control
1212,763.0,2135.0,763.4801273205128,2134.8100467519466,0.20054860413074493,1,0.12540228023070463,0.3032034654435347,39,control
1213,737.0,2018.0,736.4100321609724,2017.740148100977,0.19599758088588715,1,0.9515234696742289,0.807522363011308,39,control
1214,774.0,2179.0,774.0,2180.0,0.19503815472126007,1,1.233297491122946,,39,check
1215,723.0,2054.0,723.8001125379059,2053.9600810590255,0.19164399802684784,1,0.4645887048207003,0.6072121043242314,39,control
1216,720.0,2168.0,719.7600807098679,2168.2600778313395,0.18740269541740417,1,0.7413783193531642,0.30536345705956774,39,control
1217,809.0,2154.0,808.5900282175854,2154.7199557518434,0.1805362105369568,1,1.1807188735473464,0.28496005732707996,39,check
1218,712.0,2058.0,712.1297056697431,2057.7900230187042,0.1785224825143814,1,0.2296255944630408,0.5130094563090857,39,control
1219,728.0,2202.0,727.4901014159159,2202.150365889164,0.17763158679008484,1,0.92578860711639,0.7164637984770501,39,control
1220,698.0,2081.0,698.049921985555,2080.7400077449734,0.17700453102588654,1,0.3169691380584497,0.18635339813197913,39,control
1221,701.0,2060.0,699.5000280762836,2059.750051992964,0.17415109276771545,1,1.8588838474024796,1.7731800830125792,39,control
1222,732.0,2128.0,731.329960951223,2128.380036128943,0.17343397438526154,1,1.1694633784462625,0.682351769907475,39,check
1223,712.0,2136.0,711.6300170455972,2135.8901718430784,0.17324575781822205,1,0.7292579446836355,0.4990411926493191,39,control
1224,689.0,2089.0,683.0,2090.0,0.1702619194984436,0,6.466184020382444,,39,check
1225,705.0,2098.0,705.8800927306644,2098.1500901432664,0.1645042449235916,1,0.6199624724030682,0.40242597771878214,39,control
1226,742.0,2041.0,739.6599087499052,2041.7897554084097,0.1632348746061325,1,2.8668981465222894,1.258784683297261,39,control
1227,677.0,2153.0,676.7200001247465,2152.9899703847877,0.16240859031677246,1,0.6589119906691946,0.23579293964563505,39,control
1228,707.0,2037.0,707.0,2037.0,0.16183486580848694,1,0.40141066547008675,,39,control
1229,756.0,2195.0,753.1999342643716,2194.6601289759933,0.15898770093917847,0,3.1577068046681855,0.4552173924882989,39,control
1230,741.0,2136.0,740.3799568916164,2136.420041544539,0.15753182768821716,1,1.146036488508739,0.5630134845075158,39,control
1231,759.0,2163.0,757.3700181352056,2163.8400385579853,0.1568230837583542,1,2.2319620082470775,0.3149185749523146,39,check
1232,735.0,2180.0,733.5299818484052,2180.2201623762367,0.15603455901145935,1,1.8682137424524674,0.981429126328588,39,control
1233,692.0,2143.0,691.8800925724748,2143.119984393667,0.15549752116203308,1,0.5639380068895754,0.33770590041502807,39,control
1234,797.0,2180.0,797.5398255200238,2180.7001683577046,0.15549065172672272,1,0.9005508708940341,0.5053339177499286,39,control
1235,673.0,2009.0,672.8800145498353,2008.8900926057518,0.15510407090187073,1,0.48458366288515903,0.24511176188403214,39,control
1236,722.0,2192.0,715.9401255235642,2191.8099897010716,0.1550516039133072,0,6.41411025846835,1.7690135383458094,39,control
1237,772.0,2121.0,769.0,2123.0,0.14724092185497284,0,4.001742551737441,,39,control
1238,666.0,2127.0,658.6401847456277,2127.2399561093616,0.14676369726657867,0,7.727953120319464,1.2758825486091774,39,control
1239,695.0,2073.0,695.3000210717609,2072.810031062671,0.144881933927536,1,0.057917602529943976,0.18046158966210787,39,control
1240,240.0,2269.0,239.79999299547734,2269.059979069707,0.38874882459640503,1,0.6139927759233313,0.11519261969595837,41,control
1241,253.0,2263.0,253.1200109642988,2262.9000123452042,0.3791942596435547,1,0.25655799948255487,0.2826131459326358,41,control
1242,249.0,2274.0,249.0199958405629,2274.0400022461026,0.33909425139427185,1,0.41194595304168796,0.16548785614624809,41,control
1243,250.0,2253.0,249.0,2253.0,0.316955029964447,1,1.3724858559833382,,41,control
1244,226.0,2274.0,226.35990188718284,2273.9400411619386,0.3160303235054016,1,0.13605416409277504,0.540329091782779,41,check
1245,260.0,2240.0,259.7299802427568,2240.2100778231447,0.3107090890407562,1,0.7478022506841742,0.098173248481568,41,check
1246,263.0,2232.0,262.8199837117413,2232.1800872317936,0.3101103603839874,1,0.6563438345647373,0.20414893760439187,41,control
1247,273.0,2238.0,272.66997053461665,2238.30007178365,0.306555837392807,1,0.8477871434328891,0.3706424772363176,41,control
1248,266.0,2256.0,266.6898397536462,2255.5701837725715,0.2751868963241577,1,0.40643205926531994,0.5488563479943196,41,control
1249,250.0,2236.0,249.7199766162473,2236.3704998981525,0.273582398891449,1,0.8532390805263612,0.3723531260511336,41,check
1250,292.0,2245.0,293.04006051166516,2244.460108078811,0.2500133216381073,1,0.7645736948001461,0.5185684646916513,41,control
1251,241.0,2301.0,241.25011176417814,2300.9500229183755,0.24603354930877686,1,0.18121582486558865,0.22636070875143063,41,control
1252,228.0,2321.0,227.74993276691438,2320.6600814335975,0.23820705711841583,1,0.623909482054803,0.19305979326585937,41,control
1253,251.0,2316.0,250.87000712107462,2315.9600917821917,0.23606298863887787,1,0.5113498410297523,0.09840021701182546,41,control
1254,227.0,2255.0,223.0,2258.0,0.23581232130527496,0,5.4048383777500435,,41,control
1255,302.0,2425.0,299.5199971880251,2425.979843571788,0.22973747551441193,0,3.0680005460577915,0.7021060949575014,41,control
1256,231.0,2287.0,230.67995202550358,2285.570390687929,0.22297684848308563,1,1.40761911059505,0.8744693449019596,41,control
1257,399.0,2359.0,398.3199114207443,2358.880142386056,0.20942337810993195,1,1.0367567472305994,0.10038132259289191,41,control
1258,282.0,2284.0,281.6997827360477,2284.110186626018,0.20887070894241333,1,0.7248611197240036,0.6347597128990912,41,control
1259,264.0,2275.0,261.44003120430517,2274.750151303747,0.20743219554424286,1,2.9183308438087434,0.9748556924727231,41,check
1260,438.0,2372.0,437.93992283419715,2371.760101839822,0.2073836624622345,1,0.4161255624139127,0.397933295394077,41,control
1261,625.0,2399.0,623.7999878711784,2399.140084985691,0.3287064731121063,1,1.5846279266117942,0.2807350194428691,42,check
1262,632.0,2409.0,632.1000026039532,2409.0101162480228,0.31269511580467224,1,0.3188126241332389,0.21449670848727842,42,control
1263,519.0,2304.0,519.159999317742,2303.9799111876405,0.293127179145813,1,0.2573288715315579,0.21003123625673345,42,control
1264,591.0,2392.0,590.8300229936222,2391.8401928066482,0.29001063108444214,1,0.5216697164873029,0.1511787761541629,42,control
1265,511.0,2330.0,510.3999983197695,2330.0601481093377,0.28051531314849854,1,0.9856184665308023,0.5412770631437347,42,control
1266,599.0,2384.0,598.5199976625937,2384.070160820587,0.27672454714775085,1,0.8702565627161066,0.24704201145294202,42,control
1267,524.0,2296.0,524.0900131356533,2295.910114858757,0.2696795165538788,1,0.28204839395526654,0.39904807184160795,42,check
1268,632.0,2286.0,631.7100044756501,2285.9800749447822,0.2619054317474365,1,0.6641378596990258,0.34343957197965264,42,control
1269,525.0,2331.0,523.8801085781297,2331.0000896441143,0.25642627477645874,1,1.485251265123072,0.39217235195865024,42,control
1270,663.0,2362.0,663.0,2364.0,0.2478167861700058,1,2.214400674361986,,42,control
1271,581.0,2394.0,580.6500489652711,2393.6202787073685,0.24754592776298523,1,0.7264605718248538,0.26780613419910576,42,control
1272,603.0,2401.0,603.7499135917665,2400.8099762829806,0.24660904705524445,1,0.3993971237030874,0.43239710416635757,42,control
1273,502.0,2434.0,501.0499917144026,2434.080005548703,0.24618664383888245,1,1.3289748354168238,0.2517922500673573,42,control
1274,525.0,2365.0,523.0,2367.0,0.2428010106086731,0,3.213917164795906,,42,control
1275,535.0,2267.0,535.7600395064579,2266.6500791291355,0.24220387637615204,1,0.43640707613930424,0.4589116834740202,42,control
1276,632.0,2297.0,631.9600199403488,2296.8099951417494,0.24094536900520325,1,0.39270677180472424,0.4596152589719417,42,check
1277,664.0,2375.0,664.0400085850888,2374.9200039597763,0.23742876946926117,1,0.328180460054928,0.314185312939761,42,control
1278,553.0,2284.0,550.8300998015745,2284.049978878241,0.2347656935453415,1,2.535142932592794,0.46088967156948574,42,control
1279,563.0,2263.0,563.0,2264.0,0.23136748373508453,1,1.2393975903643133,,42,control
1280,511.0,2257.0,511.4499719155218,2257.2800484741474,0.22560390830039978,1,0.47836904208397224,0.4866583576738427,42,control
1281,540.0,2391.0,539.560077931336,2391.280056767939,0.2227650284767151,1,0.9204361442765107,0.3808989386043378,42,control
1282,552.0,2273.0,552.0,2273.0,0.22211219370365143,1,0.4010930801086312,,42,control
1283,544.0,2373.0,544.0,2373.0,0.2219507098197937,1,0.3997039971648509,,42,control
1284,486.0,2412.0,484.83010434394436,2412.0701902443325,0.22036992013454437,1,1.5439400835609183,0.8406620294520556,42,control
1285,660.0,2421.0,659.8101083451919,2421.0000822486304,0.21784467995166779,1,0.5708337000763141,0.1968255284725787,42,control
1286,537.0,2314.0,536.1000278017082,2313.7400096997794,0.2174331396818161,1,1.2554714480938223,0.3017475870639789,42,control
1287,503.0,2343.0,503.0999971632752,2343.0300106648074,0.2164263278245926,1,0.33548704604868534,0.14904056032595717,42,control
1288,565.0,2430.0,564.0400085850888,2429.9200039597763,0.21604134142398834,1,1.3148771576152103,0.3085273956772137,42,control
1289,578.0,2244.0,578.939999800339,2243.999993661014,0.21125428378582,1,0.6144905772313684,0.3208423458800071,42,control
1290,557.0,2421.0,556.3000388740321,2420.6099247473653,0.20919370651245117,1,1.0695121105648513,0.2080903377498846,42,check
1291,494.0,2353.0,493.87002191204226,2352.8200913163164,0.20883485674858093,1,0.4831495784180575,0.3691652113453411,42,control
1292,535.0,2254.0,534.5999924881304,2254.090063689353,0.20663988590240479,1,0.8046277373503048,0.5348346637720168,42,check
1293,603.0,2351.0,605.1299361444292,2350.640121513956,0.20637084543704987,1,1.7865238090483984,0.9263809465682782,42,control
1294,627.0,2375.0,627.1999063208631,2374.8298125923925,0.20576170086860657,1,0.15194259558560394,0.8391439045996485,42,check
1295,661.0,2394.0,661.0601266630048,2393.739790846568,0.20468173921108246,1,0.2989878442880212,0.4038436976125862,42,control
1296,511.0,2427.0,510.3999551615537,2426.500255223287,0.20316140353679657,1,0.9999661959722301,0.5517779221384951,42,check
1297,674.0,2414.0,673.8800217871296,2413.789986623214,0.3452533185482025,1,0.4698836044252328,0.08019412806407457,43,control
1298,724.0,2321.0,723.7500107895539,2320.8899732215127,0.2691028118133545,1,0.6055603807345344,0.13449793362320736,43,control
1299,723.0,2370.0,722.8798951655963,2370.020096366033,0.26504194736480713,1,0.512734238906663,0.26890699411613617,43,control
1300,767.0,2353.0,768.1501064653005,2352.060224018982,0.25234144926071167,1,1.1010405953079387,0.6652646538492785,43,control
1301,771.0,2365.0,770.8199095987135,2364.8499838115717,0.2480546087026596,1,0.5304931768932801,0.23189194315550976,43,control
1302,825.0,2394.0,824.5800091673502,2393.8999552943287,0.2408050000667572,1,0.7723923113475841,0.16472064723003962,43,control
1303,832.0,2381.0,831.7299147399,2380.830079886308,0.2339663952589035,1,0.6183912952678124,0.06626289911027866,43,control
1304,798.0,2367.0,797.3100115965585,2366.90003241866,0.23382797837257385,1,1.042262836572228,0.2510261644353469,43,check
1305,721.0,2379.0,721.0100010897745,2378.990001023221,0.23193813860416412,1,0.3821382881224281,0.11452964260980103,43,control
1306,674.0,2382.0,674.3099237490607,2381.699929431037,0.22447292506694794,1,0.12056534325199171,0.37237350977626626,43,control
1307,762.0,2316.0,762.4300204478619,2315.820044830418,0.22088530659675598,1,0.07947081451621614,0.4316979149110054,43,check
1308,747.0,2226.0,746.6999854254148,2226.1600744872676,0.22004656493663788,1,0.737520840921528,0.1887982372660592,43,control
1309,790.0,2393.0,789.639982954569,2393.1499624652356,0.21455560624599457,1,0.783071147065834,0.3406139744428663,43,control
1310,676.0,2395.0,676.580135681523,2394.860480082384,0.21255943179130554,1,0.23511782600252873,0.5124807663703249,43,control
1311,712.0,2354.0,711.7400235924389,2353.8000775152927,0.20283181965351105,1,0.6104827389985554,0.46641351852892127,43,check
1312,793.0,2357.0,793.4600596381069,2356.4500467686685,0.19419442117214203,1,0.38315114190083205,0.6936271255637543,43,check
1313,691.0,2330.0,690.0,2329.0,0.19344034790992737,1,1.5777782572675785,,43,control
1314,695.0,2338.0,694.709918582958,2337.7298661410064,0.19099272787570953,1,0.6465946641556741,0.2913448908305911,43,check
1315,802.0,2273.0,802.3499386731356,2273.5599331911526,0.18878725171089172,1,0.7418638002555253,0.9137972810064767,43,control
1316,771.0,2384.0,770.7200171868991,2383.860075601958,0.18826128542423248,1,0.6303912821789756,0.16514864362773832,43,control
1317,701.0,2374.0,700.7600078115272,2373.9500801274403,0.1788148730993271,1,0.6053774311482178,0.1389758143347758,43,control
1318,739.0,2316.0,738.6800255057733,2315.780071109753,0.1777018904685974,1,0.6718568707818324,0.3468632182219335,43,control
1319,681.0,2357.0,680.650001106496,2357.0100687056265,0.17323699593544006,1,0.7275345938377519,0.49145045703205154,43,control
1320,766.0,2248.0,766.029877704288,2248.1901127792044,0.172742560505867,1,0.49270116419838117,0.34621319395842426,43,control
1321,721.0,2213.0,720.5800061560467,2212.9600611437586,0.1720661073923111,1,0.7867993572670323,0.1608938525750228,43,control
1322,731.0,2338.0,730.8500176194979,2337.8600893364282,0.16665183007717133,1,0.502441944906226,0.18508773934057798,43,check
1323,705.0,2330.0,705.1199347382756,2329.589908991536,0.16605225205421448,1,0.3225792827582474,0.8452832665678935,43,check
1324,696.0,2240.0,695.9299997670622,2239.999992604516,0.16485802829265594,1,0.46160648006221316,0.6651685692374003,43,control
1325,774.0,2414.0,774.1800279097333,2413.7099124021615,0.1646445393562317,1,0.19855269255278116,0.261930595647663,43,control
1326,682.0,2343.0,683.4401062156412,2342.040148941092,0.16122068464756012,1,1.3362486512271832,1.0195965800297957,43,control
1327,812.0,2346.0,812.1900344401857,2345.680019008598,0.15897686779499054,1,0.21032441733050514,0.28595742763663756,43,control
1328,736.0,2374.0,736.0,2374.0,0.15691137313842773,1,0.3953772606117197,,43,control
1329,762.0,2237.0,760.0,2235.0,0.15646423399448395,1,2.9729156356991515,,43,control
1330,752.0,2242.0,752.1599774476696,2242.250123385653,0.15510061383247375,1,0.4737912583734399,0.3025767478684025,43,control
1331,777.0,2228.0,776.5198803913501,2228.1801645143146,0.1549793779850006,1,0.9080575946406972,0.47893872109085417,43,control
1332,302.0,2581.0,300.66997898659815,2581.2200715174354,0.26146790385246277,1,1.7311391288667641,0.382902139199374,45,check
1333,328.0,2653.0,327.6699945176845,2653.009859519084,0.255264550447464,1,0.7090184982569597,0.17234477146831578,45,control
1334,287.0,2559.0,286.51015367459604,2558.5299433399196,0.2505488395690918,1,0.8833678677058132,0.5896467886540094,45,check
1335,329.0,2639.0,327.8700744205478,2639.259878153276,0.24097968637943268,1,1.5473620694292525,0.4747612732488341,45,control
1336,294.0,2548.0,295.0,2549.0,0.23997746407985687,1,1.3623998277134843,,45,control
1337,257.0,2520.0,254.74003294272862,2520.6799714662016,0.2367199957370758,1,2.7556258847668924,0.8645171837747327,45,control
1338,345.0,2545.0,342.0,2546.0,0.23362018167972565,0,3.5574916661058285,,45,check
1339,435.0,2528.0,436.0,2527.0,0.23195791244506836,1,1.0357215417805037,,45,control
1340,300.0,2539.0,300.0,2539.0,0.22786879539489746,1,0.40267455364254584,,45,check
1341,376.0,2655.0,375.60002418306107,2654.790062691048,0.22752200067043304,1,0.7472353545326642,0.10556154409594891,45,control
1342,364.0,2630.0,364.3999696361423,2630.3000432582126,0.22296056151390076,1,0.49982099958380805,0.3429252789772638,45,control
1343,441.0,2514.0,441.52012444231656,2513.8701568273677,0.22201097011566162,1,0.18193652617593797,0.6049563014214188,45,control
1344,314.0,2567.0,312.52016474741833,2567.520261312448,0.21670451760292053,1,1.9656490535316458,0.525657099299246,45,control
1345,327.0,2619.0,327.17003120413904,2618.710016995433,0.21503512561321259,1,0.20097699605178354,0.3028904147879191,45,control
1346,428.0,2439.0,427.59993031295613,2439.710171402285,0.2107039839029312,1,1.1752558934067974,0.9334837980422223,45,control
1347,330.0,2612.0,330.00001584746536,2611.8499995008474,0.21037384867668152,1,0.3519908112975463,0.26217680246599173,45,control
1348,416.0,2548.0,415.91001253667037,2547.9100958417985,0.19439488649368286,1,0.4515923171784548,0.25837096301192997,45,control
1349,320.0,2529.0,319.7799221435784,2528.7299791862592,0.19421637058258057,1,0.5756638419150374,0.13950113458247745,45,check
1350,333.0,2575.0,335.0,2574.0,0.19396035373210907,1,1.835325534412356,,45,control
1351,359.0,2617.0,359.8900400972462,2616.680198613205,0.1933218091726303,1,0.5555089267777412,0.6265088356266496,45,check
1352,279.0,2495.0,278.4800246820473,2494.7499442301996,0.19330093264579773,1,0.8738230461526161,0.4460861835198994,45,control
1353,262.0,2648.0,262.96987734643744,2648.1600006906187,0.19180984795093536,1,0.7178261515894703,0.41992441290363164,45,control
1354,382.0,2581.0,381.4400278766226,2580.750045653978,0.19155927002429962,1,0.910455770672864,0.25795822726840734,45,control
1355,337.0,2539.0,334.6699652521282,2539.3500719500344,0.18740248680114746,1,2.7356995829218818,0.4511069555996277,45,check
1356,397.0,2482.0,396.00012905090773,2481.8101016898268,0.18587934970855713,1,1.3509995816446072,0.6706834498116205,45,control
1357,383.0,2526.0,381.0,2527.0,0.18116644024848938,1,2.636733229259137,,45,control
1358,280.0,2452.0,278.3500203398369,2452.8501421280357,0.17908407747745514,1,2.2604201033525353,0.5462726349466271,45,control
1359,424.0,2614.0,423.78997605823747,2614.2199785456387,0.17617419362068176,1,0.6952869889614945,0.22263310331427508,45,control
1360,267.0,2638.0,267.8700231267295,2637.840197032639,0.17577847838401794,1,0.522632813553344,0.4966528049135914,45,control
1361,440.0,2458.0,437.33042248252417,2458.9799158373708,0.17549125850200653,0,3.240519546247285,0.9600773734412507,45,control
1362,236.0,2467.0,233.0,2468.0,0.17328590154647827,0,3.561130289495238,,45,control
1363,417.0,2440.0,416.93998078338063,2440.179994259997,0.17275212705135345,1,0.5559603511144546,0.31911898402128924,45,control
1364,301.0,2516.0,302.6099476739356,2515.419748894679,0.16862887144088745,1,1.3155100087955476,0.9985899947884022,45,control
1365,352.0,2624.0,351.0,2623.0,0.1657082885503769,1,1.56909681085408,,45,control
1366,353.0,2635.0,354.61980418171606,2633.809860226424,0.16447626054286957,1,1.6134860686125392,2.1992216710621273,45,control
1367,401.0,2588.0,400.0,2586.0,0.15966886281967163,1,2.2526093759472,,45,control
1368,519.0,2528.0,519.1001494571321,2527.620111622544,0.36318132281303406,1,0.3113932566704158,0.30096040122135403,46,control
1369,529.0,2510.0,527.8499487889585,2510.4799857498224,0.3539295792579651,1,1.6424071815004568,0.5324319111191085,46,control
1370,545.0,2497.0,544.3600128194403,2496.8900376678716,0.334207683801651,1,0.9922128851172837,0.08765061473272064,46,control
1371,554.0,2510.0,553.3101066813506,2510.0000294237457,0.31450143456459045,1,1.0557887679978033,0.13743958818866714,46,control
1372,519.0,2516.0,516.389997229995,2517.070147086117,0.30923017859458923,0,3.2167009639664093,0.49064669635200464,46,control
1373,634.0,2438.0,634.11990077216,2437.879804306795,0.2857266366481781,1,0.239172393265306,0.3334262050110254,46,check
1374,574.0,2458.0,573.6199534642694,2457.460067033591,0.2857111990451813,1,0.8092256814498997,0.4547277139840839,46,control
1375,521.0,2451.0,521.1500323522727,2450.73012059876,0.2809980809688568,1,0.21526697912613818,0.4952648142123773,46,check
1376,534.0,2469.0,533.7199041416462,2468.9300791625783,0.27512046694755554,1,0.6413385378720753,0.2426993581682055,46,control
1377,514.0,2479.0,512.9901080458667,2479.040207048465,0.26918908953666687,1,1.3792385800405396,0.17206369915393943,46,control
1378,591.0,2472.0,591.4199638382784,2471.450362819667,0.26811090111732483,1,0.36703405987669097,0.9478206149206827,46,check
1379,524.0,2464.0,522.2600906675011,2464.15002464041,0.2652590274810791,1,2.1175571877809354,1.0594658194064563,46,check
1380,456.0,2563.0,455.38999812830315,2563.0300413032405,0.2640638053417206,1,0.9842395457152455,0.23818586846231554,46,control
1381,566.0,2506.0,565.3800193831696,2505.8601453308056,0.26197901368141174,1,0.9697397470162692,0.35438821489004885,46,control
1382,456.0,2464.0,454.0,2464.0,0.2616833746433258,1,2.358728953323732,,46,control
1383,561.0,2489.0,560.1100492813179,2488.60022158994,0.25988849997520447,1,1.256417398559819,0.2852504003110007,46,control
1384,454.0,2547.0,453.4599886945722,2547.0899432486162,0.25930750370025635,1,0.9330306125867468,0.16213117292527995,46,control
1385,504.0,2597.0,504.54007590997645,2596.330160471097,0.25699225068092346,1,0.5142582939309951,0.5220380512823641,46,control
1386,662.0,2439.0,661.8699488555121,2438.479987862818,0.2562653124332428,1,0.5830936683816367,0.12338573142825857,46,control
1387,493.0,2531.0,491.17001113068295,2530.9000176276923,0.25011369585990906,1,2.1807021167061076,0.18531827360640327,46,control
1388,546.0,2475.0,545.6999028604054,2474.9099713332603,0.24707405269145966,1,0.6572829914191132,0.14893743926830663,46,control
1389,486.0,2466.0,485.50999852762504,2466.030053981213,0.24483031034469604,1,0.8692527228185466,0.1571927216859653,46,control
1390,477.0,2448.0,477.20995754059754,2448.4401293004007,0.24236898124217987,1,0.647699352001136,1.0008758855653042,46,control
1391,507.0,2574.0,506.56012457542386,2573.8701610533585,0.24193723499774933,1,0.7898948639756237,0.4950434970041593,46,check
1392,575.0,2445.0,574.5602110500449,2445.0200525750593,0.23876145482063293,1,0.8169567541831376,0.4846849721421849,46,control
1393,587.0,2584.0,587.1098799253084,2585.140015415033,0.2343195080757141,1,1.351891104855787,0.583979274810524,46,control
1394,492.0,2478.0,492.0700165549717,2477.94032414513,0.23336058855056763,1,0.3097181835037525,0.5596492756289007,46,control
1395,494.0,2508.0,493.8000639390121,2507.420082589759,0.23226778209209442,1,0.6721847536621206,0.6299199883917782,46,control
1396,656.0,2454.0,656.0500723246062,2453.3802145188633,0.23165489733219147,1,0.5251451735138114,0.8150193057516781,46,check
1397,665.0,2449.0,664.6700254724965,2448.7800700532553,0.2279750257730484,1,0.6793423054936897,0.14700823687791534,46,check
1398,488.0,2567.0,488.83002267724316,2566.779981307449,0.2278747260570526,1,0.48287357479097937,1.4146413002126768,46,control
1399,601.0,2585.0,600.439954978282,2585.4400479500787,0.22364994883537292,1,1.1040363838136598,0.3824543297567772,46,control
1400,519.0,2539.0,519.0300490151033,2538.6002131379582,0.22186343371868134,1,0.3799220628793698,0.6113158101772269,46,control
1401,534.0,2564.0,533.789904374584,2563.930086558062,0.21959292888641357,1,0.570731445174792,0.48948151215416114,46,control
1402,515.0,2567.0,513.4901493820516,2566.569941360032,0.21921950578689575,1,1.8725564342258236,0.5350063000196184,46,control
1403,564.0,2478.0,563.9200261462277,2477.7499907160977,0.2191622257232666,1,0.433244779008056,0.15254833165721135,46,control
1404,675.0,2462.0,674.3298374991828,2461.5801457719313,0.22551558911800385,1,1.044518083073859,0.5215504178156467,47,check
1405,711.0,2469.0,710.1602720523357,2469.4300083518187,0.10042653977870941,1,1.3378289208315506,0.6060749528383051,47,control
1406,805.0,2540.0,802.8500880884641,2540.1298756076817,0.10812003910541534,1,2.5143791218022815,0.6036351678037938,47,check
1407,683.0,2495.0,680.0,2502.0,0.1147870272397995,0,7.9288653159984435,,47,check
1408,781.0,2441.0,780.6599967555925,2441.019964145632,0.17742080986499786,1,0.7171217820202175,0.08594293312569615,47,check
1409,708.0,2452.0,711.0,2450.0,0.11214209347963333,0,3.212863906984309,,47,control
1410,774.0,2600.0,771.0,2601.0,0.11489956080913544,0,3.5479220285813367,,47,control
1411,861.0,2518.0,857.0,2739.0,0.14738236367702484,0,221.22893110987607,,47,control
1412,700.0,2506.0,700.8902020577718,2506.2104050210496,0.17045673727989197,1,0.6734378252782152,1.629686901980684,47,control
1413,791.0,2532.0,789.2600693793578,2532.3199195563466,0.1129908412694931,1,2.145312086356772,0.7702549801418691,47,control
1414,849.0,2488.0,837.7798133243164,2509.759982613772,0.10083089768886566,0,24.805053788464384,0.6948563335823286,47,control
1415,697.0,2457.0,696.3099473083889,2456.540140198146,0.12736140191555023,1,1.0733773431858336,0.28012894127925425,47,control
1416,724.0,2486.0,725.2200208055463,2485.8100226106894,0.1081598773598671,1,0.8730925182819552,0.7622486985544101,47,control
1417,697.0,2489.0,697.8900288995112,2488.6597759475753,0.10166337341070175,1,0.563993488547917,0.9395097382407123,47,control
1418,747.0,2462.0,747.5001159237814,2460.950154980587,0.1354914903640747,1,0.8776611887414533,1.071962608090129,47,control
1419,707.0,2492.0,709.0,2493.0,0.14320974051952362,1,2.0350309384797503,,47,control
1420,806.0,2453.0,805.6000010983014,2453.040169172738,0.12242333590984344,1,0.7796812468326516,0.49445694825849235,47,control
1421,814.0,2578.0,813.0,2578.0,0.12939976155757904,1,1.3563315767075472,,47,control
1422,791.0,2560.0,792.7096087635847,2563.820404672391,0.11885414272546768,0,4.232468818190713,1.0620773307957567,47,control
1423,754.0,2612.0,755.0,2610.0,0.12207172811031342,1,1.9279426606358534,,47,control
1424,723.0,2468.0,723.2899057220463,2467.869927883748,0.14261649549007416,1,0.08039842433033578,0.46435289221924747,47,control
1425,720.0,2585.0,605.0,2372.0,0.10866115242242813,0,242.06375252915868,,47,control
1426,224.0,2777.0,223.8400112472349,2776.9200884795914,0.3348267078399658,1,0.5206313421887221,0.17037044674547408,49,control
1427,396.0,2658.0,395.9499162121088,2657.7598915967815,0.28317275643348694,1,0.39928220240655604,0.26071873495536285,49,control
1428,288.0,2679.0,287.3499832042282,2679.170037543125,0.24886934459209442,1,1.063921673612522,0.15746226035088695,49,control
1429,273.0,2857.0,271.940252303287,2857.6099857078525,0.24799516797065735,1,1.621295143487467,0.45912006525589016,49,control
1430,294.0,2659.0,293.68001161311383,2658.879965792752,0.24599246680736542,1,0.6727218343590798,0.1317085172077204,49,control
1431,274.0,2815.0,272.1798947910243,2815.9699165950415,0.2434275597333908,1,2.4612973661071207,0.9056256104184045,49,control
1432,309.0,2687.0,310.7800302227219,2686.770187291222,0.24055758118629456,1,1.4331872938293393,1.0397091962183198,49,control
1433,268.0,2830.0,268.2399509850629,2829.439921170356,0.23717691004276276,1,0.3730668661626039,0.38771159977845054,49,control
1434,322.0,2678.0,322.03011647276594,2677.9301052586416,0.23170305788516998,1,0.3422856348958128,0.25590016930124504,49,control
1435,392.0,2675.0,389.68998808706243,2676.0397560821407,0.23151089251041412,0,2.930255841088474,0.649847114793752,49,control
1436,277.0,2797.0,275.1999476824625,2797.4699170441954,0.2311002016067505,1,2.2475348970558975,0.48489188590578447,49,check
1437,234.0,2855.0,233.44015919871526,2854.5702530268504,0.22591295838356018,1,0.9318723978625819,0.7088715568387952,49,control
1438,335.0,2690.0,335.9700928719663,2689.1199939021462,0.22285395860671997,1,0.9235619116012271,0.4255447244532043,49,control
1439,261.0,2689.0,260.5700852019071,2689.1799518418998,0.2195560783147812,1,0.8656515057336781,0.4449660948622552,49,control
1440,226.0,2669.0,226.64992202735874,2668.790176950988,0.21931961178779602,1,0.3013976026083755,1.0124193034208009,49,check
1441,316.0,2849.0,316.7500243658344,2848.7298670393143,0.2143498808145523,1,0.41272446340857055,0.5884838859017503,49,control
1442,313.0,2658.0,312.3498226165792,2657.6900426012025,0.21303610503673553,1,1.0042265867357674,0.26302625990408146,49,control
1443,322.0,2690.0,320.06995284873125,2690.4801146425407,0.2122952789068222,1,2.3760966526005696,1.1650433020610893,49,control
1444,321.0,2839.0,320.639972389592,2839.2499627980037,0.21029536426067352,1,0.8353568551255055,0.260631578509563,49,control
1445,279.0,2668.0,276.8799405949969,2668.5900949351294,0.20809677243232727,1,2.5913764848924252,0.4685989157611908,49,control
1446,328.0,2704.0,325.6697649921356,2705.34039552143,0.20785659551620483,0,3.0878197141524386,1.426358764266559,49,check
1447,316.0,2824.0,316.4999604604314,2823.390054122681,0.2055186927318573,1,0.4381110772480156,0.5473061232448118,49,control
1448,294.0,2858.0,295.640052841606,2856.5200660185646,0.2050720602273941,1,1.8210073974648997,0.5480807101933929,49,control
1449,268.0,2847.0,267.80983878009135,2846.5199849846213,0.2037537395954132,1,0.601959616248267,0.4171704435156008,49,control
1450,358.0,2695.0,357.2899863322498,2695.170136853908,0.20309385657310486,1,1.1187224685868782,0.3650732930751823,49,control
1451,278.0,2748.0,278.31993904787373,2747.650247270458,0.2024165689945221,1,0.15141149852585126,0.6288824060353861,49,control
1452,224.0,2845.0,223.27992998821634,2845.639926061883,0.19807292520999908,1,1.3578934523394988,0.24204503986883083,49,control
1453,325.0,2666.0,324.150064787322,2666.3599080679796,0.1949431449174881,1,1.3212378453221927,0.37957195329533855,49,control
1454,231.0,2792.0,228.49003860798362,2792.6500506036978,0.1935434490442276,0,2.9800901131392146,0.4999676603112494,49,control
1455,224.0,2830.0,224.41003517227597,2829.680042251547,0.19047851860523224,1,0.13398495393679596,0.5781306544304052,49,check
1456,235.0,2834.0,233.0,2831.0,0.18835343420505524,0,3.6499017390088615,,49,check
1457,355.0,2858.0,352.73992486358514,2858.6397633612387,0.18570029735565186,1,2.7347130021518877,1.519412258106213,49,check
1458,345.0,2675.0,346.44023780328394,2674.6998275326905,0.18403129279613495,1,1.097972845254954,0.513572672632233,49,control
1459,384.0,2704.0,385.03016945584,2703.4602093444,0.1822677105665207,1,0.7651744934412278,0.617788461609032,49,check
1460,261.0,2804.0,260.4699836035501,2804.1700502210974,0.18178115785121918,1,0.9506678612995477,0.18763023036241,49,control
1461,398.0,2814.0,397.58005052894964,2813.540059746132,0.17958703637123108,1,0.8064919627093491,0.6790707880663018,49,control
1462,554.0,2699.0,552.8199911072252,2699.110086998856,0.21279841661453247,1,1.5537836011395803,0.3898802546423299,50,control
1463,470.0,2789.0,469.08994462149286,2789.59022277135,0.12160816043615341,1,1.4792842669124537,0.4677498941055507,50,control
1464,526.0,2705.0,525.4902134046711,2705.09036236182,0.11883176863193512,1,0.899968535338833,0.6671942768461019,50,control
1465,474.0,2767.0,474.34008792241224,2767.2101389418212,0.10610881447792053,1,0.40622193895699565,0.4271134556796981,50,control
1466,568.0,2690.0,568.570137603052,2689.8103732097334,0.12921454012393951,1,0.22626243464882062,0.9693505069182593,50,control
1467,474.0,2776.0,474.43013048181126,2775.8101471192276,0.10412614792585373,1,0.08739370966992818,0.6275182225138521,50,control
1468,652.0,2824.0,652.2700255143002,2823.8302392592695,0.18983525037765503,1,0.07315929407197819,0.5847741738101991,50,control
1469,486.0,2682.0,486.0303901056678,2682.340096639944,0.15303732454776764,1,0.6205537419641766,0.8677107984989397,50,control
1470,626.0,2867.0,624.0,2868.0,0.14092697203159332,1,2.625850740023763,,50,control
1471,629.0,2758.0,628.6000115050888,2757.91006309037,0.12753432989120483,1,0.7484943021397452,0.14766485863111603,50,control
1472,612.0,2757.0,613.0,2757.0,0.12020665407180786,1,0.685879833622909,,50,control
1473,502.0,2662.0,499.4702285528247,2662.8199367512743,0.1025015339255333,0,3.0487851289466836,0.7962326778019676,50,control
1474,652.0,2742.0,651.0,2742.0,0.12048294395208359,1,1.3551896247251314,,50,control
1475,662.0,2865.0,662.6299017291594,2864.950069720653,0.14080911874771118,1,0.32453393460994423,0.42641300942379967,50,control
1476,461.0,2686.0,461.6998915553099,2686.0801831985045,0.10571977496147156,1,0.44906022672547347,0.7321341983474307,50,check
1477,449.0,2746.0,451.0,2745.0,0.13155131042003632,1,1.8406883037634947,,50,control
1478,508.0,2690.0,507.58007377189887,2689.320059014042,0.19397050142288208,1,0.905790981368717,0.39247491870506696,50,check
1479,550.0,2676.0,549.1202291847521,2675.7396882081025,0.16009823977947235,1,1.226096653536918,0.34680754661947555,50,check
1480,534.0,2675.0,534.0400562856744,2674.5001082119184,0.21173883974552155,1,0.43209636916498145,0.32845711626303814,50,control
1481,536.0,2658.0,535.2600792042161,2658.290130756054,0.2421681135892868,1,1.187799393920133,0.7702287112556241,50,check
1482,542.0,2738.0,543.0101893045529,2737.2401008495453,0.13007603585720062,1,0.8748048679959316,0.5427760782964316,50,control
1483,524.0,2720.0,524.2001238011977,2719.7396999877665,0.11265920102596283,1,0.15805027889300508,0.5360416981824814,50,check
1484,464.0,2672.0,464.0,2673.0,0.11432965099811554,1,1.2441210009113348,,50,control
1485,652.0,2867.0,652.340014865882,2866.8700354883226,0.18965278565883636,1,0.06301376074303804,0.2471264047444793,50,check
1486,548.0,2763.0,547.9000072209051,2762.960094951685,0.132358580827713,1,0.4685041833667495,0.4521062865681778,50,control
1487,559.0,2762.0,562.0,2762.0,0.1067369133234024,1,2.6648453344272167,,50,control
1488,457.0,2716.0,458.0,2715.0,0.15136736631393433,1,1.0373904436038408,,50,control
1489,552.0,2751.0,552.3199364603098,2750.579930088213,0.1322622299194336,1,0.22724437717105336,0.5598542315151214,50,control
1490,653.0,2768.0,652.5000291327813,2767.740051959687,0.10045412182807922,1,0.8436855311021424,0.6686803752080196,50,control
1491,485.0,2765.0,484.77997708145836,2765.209977455864,0.10783381015062332,1,0.694083230713772,0.652229621529145,50,control
1492,513.0,2674.0,513.6398783612975,2673.139965759641,0.15254728496074677,1,0.7284492056436636,0.8014372589322837,50,control
1493,580.0,2762.0,578.0,2764.0,0.11762230843305588,0,3.208777780509605,,50,control
1494,647.0,2842.0,646.6900127028883,2841.869966815973,0.18638072907924652,1,0.6522266573883175,0.4375677031504145,50,control
1495,569.0,2699.0,568.880129866273,2698.830194728177,0.15949775278568268,1,0.4641191048734684,1.0195885314137565,50,control
1496,529.0,2733.0,529.0695080632036,2732.6901286520842,0.11410538107156754,1,0.29721989917952285,1.2770678016298596,50,check
1497,596.0,2684.0,719.0,2960.0,0.11307647079229355,0,302.2066969880488,,50,control
1498,739.0,2867.0,738.9499417262429,2866.549996547737,0.25438669323921204,1,0.46619652846257437,0.449976993948147,51,control
1499,680.0,2876.0,679.5800028283641,2875.9599554939896,0.24254925549030304,1,0.7731314914923776,0.19591450252378192,51,check
1500,777.0,2863.0,776.480008834582,2862.899944729352,0.2324414849281311,1,0.8617732122496141,0.11024963442065681,51,control
1501,686.0,2864.0,685.5699087667928,2863.8499573991294,0.22940534353256226,1,0.7694357874982997,0.17708840911483378,51,control
1502,685.0,2834.0,684.9199291066296,2833.7000995271655,0.21261291205883026,1,0.4327405889830788,0.4266743096451816,51,control
1503,729.0,2825.0,728.3199917145687,2825.120139857017,0.20382501184940338,1,1.0649562024816306,0.23443327607044057,51,control
1504,696.0,2826.0,695.9200003665435,2826.1204145464167,0.19808921217918396,1,0.5222756426643776,0.9259337786433168,51,check
1505,755.0,2869.0,754.3700258470685,2868.8302498242465,0.19162867963314056,1,0.9674142520363196,0.22693309701926914,51,control
1506,710.0,2860.0,709.5097353015107,2859.489956517543,0.1902228146791458,1,0.8874201221235727,0.5683440565403679,51,control
1507,723.0,2871.0,722.9097239546114,2870.6099991767724,0.1803743541240692,1,0.47173764946857866,0.6025916534845481,51,control
1508,735.0,2853.0,734.0,2849.0,0.17411507666110992,0,4.0373942897550785,,51,control
1509,740.0,2819.0,739.6599935860995,2819.0499642454624,0.16996373236179352,1,0.7198778050469595,0.13465726811544798,51,control
1510,714.0,2811.0,713.6499998918088,2810.989962989304,0.16862784326076508,1,0.7124415476748197,0.1831747774435049,51,control
1511,722.0,2861.0,721.5998245049976,2860.680068980368,0.16750602424144745,1,0.7491438172537119,0.251296571302997,51,control
1512,692.0,2814.0,686.2002365300716,2810.609484927947,0.16584470868110657,0,6.922752309681332,0.5505405997192385,51,control
1513,759.0,2833.0,758.9002227464339,2832.9200881632123,0.1539151519536972,1,0.4514289823140543,0.2216167411386341,51,control
1514,801.0,2713.0,803.3199936693746,2711.070034040864,0.1487569510936737,1,2.6372885545627205,1.013654750482693,51,control
1515,793.0,2769.0,792.3800086600032,2768.9300399139743,0.14160121977329254,1,0.9664528217280903,0.4415715842532378,51,control
1516,746.0,2833.0,745.2499303629544,2832.7302401411885,0.13735146820545197,1,1.0911817198409255,0.5374843599349228,51,control
1517,729.0,2746.0,729.4300406795076,2745.6601499477574,0.13688082993030548,1,0.1749124293611885,0.5789045084812613,51,check
1518,675.0,2777.0,674.6700106815289,2776.9200705191306,0.13481903076171875,1,0.6796286358531316,0.3901867491200393,51,check
1519,776.0,2844.0,775.3200084603423,2843.930033574988,0.1331891119480133,1,1.0245742239315914,0.19664609666672295,51,control
1520,788.0,2810.0,788.2300146580264,2808.900129616448,0.1327681839466095,1,0.9173574727770966,0.4979273655986164,51,control
1521,673.0,2767.0,678.0,2762.0,0.1325671225786209,0,6.695860490118207,,51,check
1522,864.0,2707.0,858.0,2725.0,0.13185244798660278,0,19.259427316194504,,51,control
1523,666.0,2795.0,666.950122703727,2794.9002023565986,0.12886416912078857,1,0.616899215894307,0.8955670190264851,51,control
1524,789.0,2723.0,790.0598755329335,2722.1800102656516,0.12555520236492157,1,0.9577948350566173,0.48587140250889677,51,check
1525,693.0,2696.0,596.109769258601,2690.0294901278253,0.12471967935562134,0,97.4053270506686,1.6335719489948333,51,control
1526,715.0,2793.0,715.0601134031034,2792.960108527965,0.12310433387756348,1,0.3174525556844319,0.29584882927027495,51,control
1527,690.0,2764.0,690.1299251048837,2763.6498045979256,0.12034206092357635,1,0.26419364896210695,0.22914784995357568,51,control
1528,774.0,2833.0,773.4401111817506,2832.929937275509,0.12002375721931458,1,0.9056675602462295,0.15412853629676768,51,control
1529,669.0,2755.0,668.2899967390372,2755.0400307715404,0.119107685983181,1,1.0761999208633946,0.20463067139081462,51,control
1530,795.0,2750.0,794.8000172949243,2749.8299783043403,0.11730379611253738,1,0.5399054639649269,0.14289936071725298,51,control
1531,824.0,2697.0,823.0,2697.0,0.11575334519147873,1,1.3534987647806738,,51,control
1532,260.0,2879.0,259.0100791124141,2879.219892811136,0.3201160728931427,1,1.3984230548814807,0.1335265678080344,53,control
1533,246.0,2881.0,244.24990030645054,2880.9199238241413,0.3179987072944641,1,2.0969682302681636,1.3108771525601495,53,control
1534,310.0,2916.0,309.45989588096495,2916.0000519265764,0.29357999563217163,1,0.9045372109469246,0.327784987000628,53,check
1535,290.0,2877.0,290.2799852424753,2877.180135830687,0.28843599557876587,1,0.3871937906624362,0.6085184685411673,53,control
1536,278.0,2881.0,274.8999005146384,2879.970098312644,0.28124698996543884,0,3.5410581337777884,0.6747066806668168,53,check
1537,285.0,2979.0,285.3499355036426,2978.589933290983,0.2749725878238678,1,0.20697605252302728,0.48102100589168173,53,control
1538,354.0,3095.0,354.630082548454,3094.2701697799152,0.24509389698505402,1,0.6029750693549359,0.846306600527854,53,check
1539,262.0,2922.0,261.92006344002584,2921.460201050608,0.24221482872962952,1,0.5398013790060378,1.0216794123831143,53,control
1540,245.0,3027.0,244.84988434259935,3027.0899877797087,0.23639529943466187,1,0.571716235714019,0.10752951089004281,53,control
1541,306.0,2891.0,305.6701235685922,2890.8199612089106,0.2341884821653366,1,0.6724782371376248,0.4641079099570028,53,check
1542,415.0,3080.0,414.7799242565738,3079.7099791197056,0.23270283639431,1,0.5633719428704712,0.23090506257285306,53,control
1543,276.0,3012.0,276.2500376511503,3011.6199194981536,0.22710783779621124,1,0.19762891032502372,1.0555354150750322,53,control
1544,414.0,3097.0,413.6799061215343,3096.910074870034,0.2259552776813507,1,0.665416653610172,0.1464769187096068,53,control
1545,235.0,3041.0,236.01004245137398,3040.6301054750243,0.22420498728752136,1,0.6904920996664972,0.47591245408042293,53,control
1546,290.0,3007.0,289.9000038932225,3006.959989301916,0.22359447181224823,1,0.46904218972279116,0.35660668795707984,53,check
1547,244.0,2949.0,243.07992013057967,2948.79011673062,0.21785694360733032,1,1.2617068902012627,0.34616243877001235,53,control
1548,239.0,2905.0,239.6100537982732,2904.5100628157948,0.2168598473072052,1,0.3917888787124901,0.4156478423983467,53,control
1549,342.0,2917.0,342.25011387717353,2915.930022851822,0.21339210867881775,1,0.8735927384439595,0.4343543100297637,53,check
1550,360.0,3063.0,357.5299438144883,3064.5801635742027,0.2099006026983261,0,3.3256447353718555,2.315365555375666,53,control
1551,252.0,2943.0,253.0,2943.0,0.20960399508476257,1,0.6891493095468515,,53,control
1552,250.0,3052.0,252.53012083153175,3050.809840734897,0.20686586201190948,1,2.4023969824523514,1.7549955864293385,53,control
1553,294.0,2933.0,292.54997964377395,2933.210058806186,0.20654550194740295,1,1.8383085513782211,0.428537274442159,53,control
1554,295.0,2962.0,294.54984953636847,2961.4099571496363,0.20483483374118805,1,0.8805055205153394,1.1943236215653317,53,control
1555,242.0,3014.0,240.95019787325253,3014.2203057435436,0.20388200879096985,1,1.4534143530155137,0.3723161159425799,53,control
1556,258.0,3007.0,258.420014075599,3006.880043973581,0.19844157993793488,1,0.11627188059542802,0.5104361575845543,53,control
1557,431.0,3058.0,430.0200020213595,3057.9498962968423,0.1965300291776657,1,1.3252155161445975,0.5202345246080877,53,control
1558,277.0,2988.0,276.06010706411723,2988.0201087276264,0.19529913365840912,1,1.2995480031876774,0.2064483569135462,53,control
1559,230.0,2940.0,228.0,2940.0,0.19279435276985168,1,2.3509033205482073,,53,control
1560,296.0,2941.0,294.47998997581306,2941.1100510779343,0.19005227088928223,1,1.8872543506151322,0.8068554697759296,53,check
1561,255.0,2960.0,254.41001404232216,2959.8800429170833,0.18841533362865448,1,0.934957708732242,0.23026827602419908,53,control
1562,332.0,2917.0,328.9699863238891,2918.1601030127053,0.18728604912757874,0,3.6358870198046067,0.7918103373427049,53,control
1563,360.0,2948.0,358.9400093088183,2947.9099933615225,0.1870538890361786,1,1.4045896895534866,0.2326283861538596,53,control
1564,339.0,2927.0,339.3100408621148,2926.55981998771,0.18542252480983734,1,0.24082509972083846,0.790615782493942,53,control
1565,273.0,2947.0,271.01983086873366,2947.569901687688,0.18496745824813843,1,2.4468359408737035,0.36030184250285713,53,control
1566,318.0,2929.0,314.0,2929.0,0.18362808227539062,0,4.345912891146554,,53,control
1567,292.0,2976.0,286.0,2978.0,0.1802595853805542,0,6.712282275528133,,53,control
1568,395.0,3057.0,394.26994400578855,3057.570136071986,0.1794920563697815,1,1.3169674478237936,0.5278250600109401,53,control
1569,500.0,2944.0,499.7400033607933,2943.9599723979527,0.23790596425533295,1,0.6189463692065154,0.46166396561132805,54,control
1570,497.0,2937.0,496.9300050495507,2936.949992438132,0.23438726365566254,1,0.4345851704322033,0.43406233123795973,54,control
1571,568.0,2926.0,567.0,2925.0,0.22764168679714203,1,1.561248009809359,,54,check
1572,599.0,3002.0,599.5900010650246,3002.0401681162402,0.22383347153663635,1,0.34686572602931637,0.713358342136673,54,control
1573,534.0,2936.0,534.7804686692634,2935.620173481339,0.19732831418514252,1,0.478583514900968,1.8980795926604808,54,control
1574,550.0,3034.0,549.5200038433903,3033.980054871326,0.191978320479393,1,0.834833684118695,0.353349116378181,54,control
1575,570.0,2902.0,566.1903648075838,2897.4897970937523,0.1787181943655014,0,5.985574106878948,2.333526584938447,54,control
1576,492.0,3089.0,493.10999360331937,3088.1904348528105,0.17507685720920563,1,0.9861612857163026,0.5616317558165392,54,control
1577,530.0,2926.0,532.3500835715088,2926.2200343818267,0.17236076295375824,1,2.0542113426319335,0.5852379363661274,54,control
1578,525.0,2939.0,526.0001101921389,2938.0202080384092,0.1701597273349762,1,1.0250762620872182,1.2651660190550114,54,check
1579,575.0,3002.0,572.389331003692,3008.249745052119,0.16691172122955322,0,7.087985501075688,3.062686210138631,54,control
1580,567.0,3000.0,567.0700944194217,2999.140110183446,0.16292573511600494,1,0.7146585280019297,0.856940530617395,54,control
1581,639.0,2948.0,639.619984260892,2947.2001718181623,0.16149067878723145,1,0.6685326572232112,0.8171745600289476,54,control
1582,637.0,2987.0,633.3005880946416,2984.3798016938163,0.1564093977212906,0,4.7080648999875825,0.7966326740513326,54,check
1583,631.0,2969.0,630.6098719224809,2969.199962789809,0.1562429517507553,1,0.8267463865122356,0.559216225152564,54,check
1584,663.0,2931.0,663.1401168388111,2930.930116880116,0.15409016609191895,1,0.23232898308161132,0.2925394386388624,54,control
1585,559.0,2915.0,559.4899634384581,2914.329947216753,0.15279969573020935,1,0.49782706068873467,0.4507572982863104,54,check
1586,565.0,2976.0,562.0,2976.0,0.15055207908153534,0,3.3427703777716227,,54,check
1587,593.0,2984.0,595.9003548086453,2980.670084003609,0.14926785230636597,0,4.049267903194671,1.5962138918714446,54,control
1588,506.0,2954.0,505.18998916897465,2954.1401261891006,0.14676159620285034,1,1.196886549755768,0.48954348945279735,54,control
1589,615.0,2982.0,617.0,2986.0,0.14507752656936646,0,4.513231807480545,,54,control
1590,606.0,2964.0,607.2398456516729,2962.5001359972375,0.13981688022613525,1,1.5866908511339046,1.298543325698833,54,control
1591,541.0,2951.0,543.5099505614894,2951.610478510345,0.13250385224819183,1,2.3172545376203804,5.054245822222503,54,control
1592,559.0,3044.0,558.5601041855887,3043.999950186419,0.12930119037628174,1,0.8000029575670641,0.1902641267278825,54,control
1593,503.0,3056.0,501.0,3056.0,0.1262257993221283,1,2.3442540602449373,,54,control
1594,665.0,2886.0,665.9299828630992,2885.1599931369456,0.1258973628282547,1,0.87712387072907,0.42070455543863156,54,control
1595,589.0,2943.0,589.9501634325684,2942.419883810004,0.1235884577035904,1,0.7234585652661689,0.8651319242374911,54,control
1596,522.0,3039.0,521.6000041096049,3038.9800633233076,0.12150256335735321,1,0.7572512531921136,0.2856574905647894,54,control
1597,594.0,2928.0,593.2399872223634,2928.1601315381427,0.11970456689596176,1,1.153846288359382,0.14979860698563857,54,check
1598,652.0,2925.0,651.7102207412975,2924.869856623834,0.11914114654064178,1,0.6301159723193884,0.2978738623254478,54,control
1599,639.0,2977.0,638.6198183907546,2976.7701770426243,0.11837194859981537,1,0.7170626267356122,0.2659995433674395,54,control
1600,575.0,3045.0,572.1300087263908,3045.8899077186556,0.11679332703351974,0,3.3844712715617664,0.48250682403034695,54,control
1601,625.0,2889.0,627.0,2888.0,0.11648575961589813,1,1.8468985823974973,,54,control
1602,511.0,3063.0,509.0,3064.0,0.11635308712720871,1,2.625248882938272,,54,control
1603,482.0,2984.0,481.4199980699441,2983.999938723134,0.11440540850162506,1,0.9390221235239139,0.27720590485861896,54,control
1604,578.0,2967.0,580.5699717329146,2967.380378434195,0.11384827643632889,1,2.306181155724237,2.8179312774902328,54,control
1605,653.0,2957.0,654.6901690645466,2956.3899618910027,0.1125263199210167,1,1.4163303334032316,0.5339228624041172,54,control
1606,730.0,2895.0,729.810005864916,2894.9700854764824,0.33969932794570923,1,0.5510752438453583,0.0960970884435552,55,control
1607,686.0,3046.0,685.3399566003195,3046.3899315689487,0.30192771553993225,1,1.152833630426729,0.6166010408551633,55,control
1608,676.0,2889.0,675.5801072634459,2888.9398464499845,0.27644243836402893,1,0.7690994204674578,0.15765310161201251,55,control
1609,713.0,2922.0,712.8200111806813,2921.920086366596,0.27573466300964355,1,0.5284848954774505,0.2992375174887506,55,check
1610,693.0,2922.0,693.4598768640066,2922.1800525255594,0.2632851004600525,1,0.39253257627528154,0.5644374242072382,55,control
1611,671.0,2990.0,671.4000500881563,2989.570146478773,0.2372051626443863,1,0.2445623669024039,0.34546032573329266,55,control
1612,695.0,2943.0,694.5199899507309,2943.0799495543256,0.23607362806797028,1,0.8605503379450081,0.19055631301272324,55,control
1613,742.0,2912.0,741.0000160056549,2911.8801052504473,0.21665896475315094,1,1.3382254297668117,0.3060972482862279,55,check
1614,761.0,2880.0,760.4401228032252,2879.819936909464,0.205605149269104,1,0.8968115976182895,0.1418349511215783,55,control
1615,740.0,2877.0,736.0,2880.0,0.20050722360610962,0,5.384613555463427,,55,control
1616,706.0,2950.0,705.7601046929357,2949.9698655667735,0.18744833767414093,1,0.5982424112025743,0.6117962361846108,55,check
1617,687.0,2890.0,687.1602154251999,2889.8395871170924,0.18625766038894653,1,0.180184784197898,0.4486564949606638,55,control
1618,668.0,2977.0,667.950028517243,2976.7600995686366,0.18479721248149872,1,0.3883546544960905,0.49855479546144077,55,control
1619,714.0,2885.0,713.5400026952568,2884.959951267999,0.1748173087835312,1,0.8116200907109927,0.19338092404687174,55,check
1620,731.0,2933.0,729.4899667661407,2933.3300528665222,0.16982366144657135,1,1.918357298858374,0.6906563463070136,55,check
1621,686.0,2935.0,686.3100596135231,2934.5403481700014,0.16221179068088531,1,0.2679838679006636,0.5527189463076349,55,control
1622,670.0,2950.0,671.3500289500079,2949.8002476114207,0.15890012681484222,1,1.0137773244705162,0.9027325541146265,55,control
1623,695.0,2903.0,693.0,2909.0,0.1267060935497284,0,6.618799299130241,,55,control
1624,728.0,2913.0,728.5303013344472,2913.0697292949603,0.12466124445199966,1,0.3254330240554619,0.6443404113313059,55,control
1625,790.0,2943.0,785.7100464191786,2943.5198621145105,0.12293846905231476,0,4.679216649632886,1.0984149147665319,55,control
1626,685.0,2951.0,682.2899923548568,2952.049925155048,0.12244510650634766,0,3.2900191418038864,0.7242212785477142,55,control
1627,799.0,2983.0,798.0,2984.0,0.11924917250871658,1,1.7881082119872964,,55,control
1628,708.0,2963.0,709.0,2965.0,0.114622563123703,1,2.2912882632026594,,55,control
1629,701.0,2989.0,698.0,2987.0,0.11340682208538055,0,3.792949194958241,,55,control
1630,790.0,2975.0,789.870034431825,2974.6699851673948,0.11278494447469711,1,0.4845448403510732,0.344034046657026,55,control
1631,670.0,3025.0,668.1901622764063,3026.470014982102,0.11207903921604156,1,2.7145367199437476,1.5330634910212613,55,control
1632,358.0,3159.0,358.23986345394405,3158.300029681932,0.26738590002059937,1,0.5052572773641045,0.6895157938655421,57,control
1633,348.0,3113.0,347.89013185435573,3112.7800899685217,0.25848618149757385,1,0.44647773218017306,0.4331949629764076,57,control
1634,325.0,3166.0,323.2801664855095,3167.3698128582746,0.2517051696777344,1,2.588951334336645,1.7290397999317075,57,control
1635,349.0,3146.0,348.2800157227188,3145.8600291160596,0.24798592925071716,1,1.0574089083532991,0.7813634157810111,57,control
1636,364.0,3132.0,363.0,3135.0,0.23997890949249268,0,3.4706286059411644,,57,control
1637,370.0,3113.0,370.2901132701622,3113.0002386102883,0.22921374440193176,1,0.20826803480013498,0.43048980621955324,57,check
1638,228.0,3226.0,228.02000445073395,3225.9901077294876,0.22443632781505585,1,0.3720241281120378,0.2714588924306548,57,check
1639,228.0,3237.0,227.4699909990339,3237.1000499881598,0.22106610238552094,1,0.9179808386896877,0.24272344112124444,57,control
1640,390.0,3139.0,391.0,3136.0,0.2115919589996338,1,2.8752250289225185,,57,control
1641,380.0,3136.0,377.3101994949579,3134.0899207457855,0.20654535293579102,0,3.473627960051764,0.8664720694914793,57,check
1642,234.0,3152.0,233.0,3152.0,0.1976170390844345,1,1.3526676236885722,,57,control
1643,349.0,3160.0,348.9300369026709,3159.6800971894268,0.1941666156053543,1,0.4213624671867871,0.7442379575112442,57,control
1644,269.0,3167.0,269.24992085447525,3166.82024044068,0.1932191699743271,1,0.08996656119044673,0.6522933545737973,57,control
1645,253.0,3185.0,253.18987929321483,3185.1801296498907,0.17821970582008362,1,0.4133717214852611,0.27626386695222876,57,control
1646,328.0,3156.0,327.0,3152.0,0.17642733454704285,0,4.02368755842074,,57,control
1647,415.0,3134.0,416.28023156462666,3132.8802338267865,0.17602360248565674,1,1.317485083103541,1.7993313415642593,57,control
1648,443.0,3153.0,444.52010664004536,3152.070263142673,0.17466863989830017,1,1.3916594704956282,1.9282884226854295,57,control
1649,267.0,3283.0,266.4799637215603,3283.3901576594544,0.17346909642219543,1,1.0417245025266682,0.6046039070054651,57,control
1650,277.0,3192.0,274.7798646181346,3193.179663734409,0.17322422564029694,0,2.90701046973402,1.0908308069611694,57,control
1651,247.0,3296.0,247.42007112647426,3295.3400421766323,0.1716117113828659,1,0.46008215090573495,0.549416895724364,57,control
1652,359.0,3113.0,359.6597738345799,3112.1299711670426,0.17120636999607086,1,0.7412394935999783,0.46541141500712385,57,control
1653,363.0,3168.0,363.41988064051094,3167.079836667262,0.1695856899023056,1,0.7214534618692839,0.7319865210675316,57,check
1654,273.0,3139.0,270.7499951002781,3140.070079470265,0.16749407351016998,0,2.884104364190231,1.0094518195968842,57,control
1655,229.0,3206.0,229.40991261854387,3205.8400461116585,0.16432204842567444,1,0.0883022725523764,0.73698959850865,57,control
1656,247.0,3196.0,246.9699999001695,3195.999996830507,0.1639542132616043,1,0.42004328308283057,0.2366675659051203,57,control
1657,254.0,3158.0,254.0,3158.0,0.16361363232135773,1,0.39459480394872193,,57,control
1658,366.0,3099.0,367.05036212135235,3098.700416900212,0.16326838731765747,1,0.7204790346488638,0.990785693268166,57,check
1659,440.0,3118.0,441.0400067884725,3118.000215525529,0.15235748887062073,1,0.7332039771815472,0.5716510921837639,57,check
1660,272.0,3174.0,267.0,3183.0,0.15111932158470154,0,10.640700688397887,,57,control
1661,230.0,3198.0,229.95979474815124,3197.9098964801137,0.14783114194869995,1,0.39376867971161333,0.4734120572484221,57,check
1662,308.0,3295.0,306.2600959499896,3296.1000244740258,0.1460309773683548,1,2.449869523621646,0.5577163718070841,57,control
1663,345.0,3122.0,340.71976695513604,3123.2601892381654,0.14557458460330963,0,4.842935910735772,1.3776204117185447,57,control
1664,356.0,3170.0,356.51005800787476,3169.5302636169095,0.14487141370773315,1,0.318364477512906,1.0697588660551665,57,control
1665,277.0,3314.0,276.4100920649617,3314.109934704999,0.1343296766281128,1,0.9753526444576515,0.3036180492277126,57,check
1666,229.0,3296.0,226.0,3294.0,0.1343178153038025,0,3.7842228452500586,,57,control
1667,236.0,3314.0,234.2801023555294,3315.04002638736,0.1342250108718872,1,2.4026821021997247,0.7526953647971028,57,control
1668,274.0,3183.0,265.510056318619,3182.419840651788,0.1340484768152237,0,8.833485432105213,1.7202228278256793,57,control
1669,386.0,3163.0,385.6397994403498,3162.9501797546022,0.1335386335849762,1,0.7115299689411589,0.29200921986007045,57,control
1670,428.0,3139.0,428.39952078281345,3138.580163150463,0.13279429078102112,1,0.22747055386467266,0.37099567248504217,57,control
1671,255.0,3134.0,253.93999874384136,3134.0099936942906,0.13149578869342804,1,1.4135563544277494,0.5301282210146229,57,control
1672,449.0,3211.0,446.54997768896806,3212.2601646223393,0.15297532081604004,0,3.1435655831240243,1.2792961043669946,58,check
1673,538.0,3208.0,538.5300462947642,3207.6101603463503,0.10758714377880096,1,0.27463028874593176,0.5877006133627681,58,check
1674,547.0,3140.0,547.70011114864,3138.9700705273253,0.1525297909975052,1,0.9084338805719057,0.8242212497978996,58,control
1675,512.0,3148.0,512.0899686045607,3147.300010506784,0.13395296037197113,1,0.5562296168142159,0.5339141042354931,58,check
1676,505.0,3140.0,505.2000251231729,3139.8001261141862,0.1913577765226364,1,0.13366770505189374,0.35337458382451004,58,control
1677,534.0,3182.0,533.9600326183211,3181.6899947424276,0.11707467585802078,1,0.3882602064037828,0.26024602622438336,58,control
1678,471.0,3244.0,470.61001909203895,3243.8701696635294,0.13054770231246948,1,0.7251694132722938,0.26789609890299426,58,control
1679,460.0,3206.0,460.10001195424286,3205.890010198932,0.12053044140338898,1,0.25011268565240713,0.5751060039061624,58,control
1680,498.0,3287.0,496.7197347856368,3299.469872987672,0.16249898076057434,0,12.773894323800922,1.5565472521408352,58,control
1681,516.0,3217.0,515.1601664025666,3217.430011679501,0.13385744392871857,1,1.3304810983155488,0.6502102499042738,58,control
1682,498.0,3144.0,497.7500396313706,3143.6801838222373,0.11125875264406204,1,0.5957874050822837,1.0478498233489966,58,control
1683,582.0,3134.0,580.0,3135.0,0.10371842980384827,1,2.622532369283118,,58,control
1684,523.0,3128.0,524.3401220467174,3126.9503493761617,0.1511826068162918,1,1.3175029638401403,0.8894390847423892,58,control
1685,481.0,3284.0,481.40974659021697,3283.379945586521,0.10402864217758179,1,0.4252002792128456,1.9179942825269982,58,control
1686,549.0,3176.0,548.0899971299983,3176.0300096083097,0.13953463733196259,1,1.2632731502297228,0.5060491839034733,58,control
1687,530.0,3312.0,527.0,3311.0,0.14015592634677887,0,3.4236507153856404,,58,control
1688,482.0,3160.0,481.56016789182917,3159.4601596890084,0.10785568505525589,1,0.8444073716193305,0.42623818086239385,58,control
1689,498.0,3179.0,497.0,3182.0,0.12127023935317993,0,3.4670644631653684,,58,check
1690,603.0,3304.0,599.0000257796842,3303.629576169681,0.17472580075263977,0,4.3318666155466845,2.1606500831700943,58,control
1691,564.0,3137.0,564.8097713224287,3136.190092863938,0.10037780553102493,1,0.7753453295707203,0.8150507641163501,58,control
1692,511.0,3243.0,510.0,3243.0,0.13251842558383942,1,1.3462186694231821,,58,control
1693,506.0,3226.0,504.9901160232796,3226.869889533452,0.1291290670633316,1,1.7164975873295716,1.4969236014760163,58,control
1694,524.0,3286.0,522.3000222864481,3285.8301367789936,0.12384539842605591,1,2.030135246904795,0.6568808419198204,58,control
1695,624.0,3130.0,624.3999377830221,3129.569938506918,0.10161229968070984,1,0.24272360920052022,0.6871710974434785,58,control
1696,591.0,3305.0,591.5300239501232,3304.7900552955643,0.17927607893943787,1,0.20168428001071442,0.35209802094848736,58,check
1697,497.0,3312.0,496.47002285215416,3311.8301547394544,0.1760285645723343,1,0.8601885141558134,0.5378822121000989,58,control
1698,486.0,3303.0,485.00972053595746,3303.7403271236553,0.11426085233688354,1,1.6222972455060316,1.8166552203200639,58,check
1699,526.0,3189.0,526.0100211632306,3188.800000390961,0.1919991672039032,1,0.3222163691087157,0.49050083046076765,58,control
1700,510.0,3105.0,508.0,3106.0,0.18303556740283966,1,2.6245967456915262,,58,control
1701,447.0,3196.0,447.6198349783386,3195.549965010996,0.15744704008102417,1,0.3791413392490585,0.509184336543417,58,check
1702,487.0,3214.0,483.0,3214.0,0.1628381609916687,0,4.336835352595411,,58,control
1703,502.0,3257.0,494.17997989276864,3261.06959665082,0.13288438320159912,0,9.202233656514519,1.624538619784092,58,control
1704,484.0,3262.0,485.8399075522717,3262.8699859911208,0.12107305228710175,1,1.8509613556670381,1.0941503724555903,58,control
1705,499.0,3297.0,498.8900145831121,3296.8900936622495,0.19974833726882935,1,0.44946558122119706,0.21329528688754285,58,check
1706,495.0,3169.0,495.1200292411386,3168.790223278697,0.11823423951864243,1,0.2132802801920196,0.6066797287484543,58,control
1707,564.0,3146.0,561.0,3144.0,0.12828384339809418,0,3.788552209440015,,58,control
1708,547.0,3160.0,547.0,3158.0,0.1443115472793579,1,1.8313311324307064,,58,control
1709,457.0,3190.0,456.81992243487525,3189.7600891618495,0.12163938581943512,1,0.5145680402084251,0.2309000235224892,58,control
1710,547.0,3225.0,547.0,3228.0,0.10166511684656143,0,3.2170932575958253,,58,control
1711,532.0,3290.0,532.0,3296.0,0.13676080107688904,0,6.209978869261483,,58,control
1712,794.0,3301.0,793.0,3300.0,0.31117939949035645,1,1.5514521265324117,,59,control
1713,762.0,3182.0,763.0,3183.0,0.27863356471061707,1,1.3695724806845038,,59,control
1714,750.0,3184.0,750.75999286237,3183.059974843716,0.2589683532714844,1,0.8608614569645915,0.5474519577439096,59,control
1715,798.0,3317.0,792.0,3319.0,0.20228211581707,0,6.695813042060676,,59,control
1716,754.0,3162.0,754.9701416290495,3161.690098121012,0.1979692429304123,1,0.6504731444664541,0.5845893629955059,59,control
1717,778.0,3175.0,778.2699998419766,3174.0100285587146,0.19455179572105408,1,0.7984903361260182,1.1326645431769253,59,control
1718,735.0,3181.0,735.4500765087931,3180.2900451797414,0.17983181774616241,1,0.5289773326316469,0.7510730925841113,59,control
1719,780.0,3298.0,779.230344867235,3293.6798019520024,0.168880432844162,0,4.268202870270103,5.565177384059835,59,check
1720,752.0,3312.0,749.8500914161467,3312.1299812574507,0.16859321296215057,1,2.4977318315413135,0.6440979115292595,59,check
1721,767.0,3165.0,766.9300599874306,3164.429990707737,0.1602867692708969,1,0.5489225668869555,0.3567686545879555,59,control
1722,695.0,3220.0,693.2499264025138,3220.6097114930217,0.14382342994213104,1,2.230220854342446,1.1222372712882276,59,check
1723,784.0,3156.0,783.8801182447985,3155.9401950942224,0.13676054775714874,1,0.46912570659844965,0.3263708540660761,59,control
1724,680.0,3219.0,680.7802837821675,3217.3701793047835,0.13195911049842834,1,1.5023877584074832,1.1036795331744342,59,control
1725,813.0,3291.0,814.6504913214243,3290.3700532651796,0.13044261932373047,1,1.3941476814262381,0.7434676907330742,59,control
1726,687.0,3199.0,688.0,3199.0,0.12949717044830322,1,0.6981623804878174,,59,control
1727,679.0,3283.0,677.0,3278.0,0.12235060334205627,0,5.337115117404842,,59,control
1728,668.0,3271.0,668.9600886126987,3270.159992978756,0.12229844182729721,1,0.9009275775291818,0.7409873478404377,59,control
1729,678.0,3247.0,678.999389926264,3245.67970195193,0.12071087211370468,1,1.308151510847162,1.34160827154718,59,check
1730,731.0,3303.0,727.0,3299.0,0.11907625943422318,0,5.761072204807735,,59,control
1731,748.0,3230.0,749.9401890716151,3228.2400934540615,0.11722605675458908,1,2.2463959249033927,3.8370377949512213,59,control
1732,813.0,3302.0,814.5401145766514,3301.0905822715295,0.11611834168434143,1,1.4090960444118703,0.9380227785660304,59,control
1733,687.0,3183.0,688.7101154079076,3182.930071450716,0.11181756108999252,1,1.3855021920371282,1.2037708672647962,59,control
1734,686.0,3171.0,686.7400192082587,3169.8099718988005,0.11097315698862076,1,1.075111074934543,0.4919942500218796,59,control
1735,747.0,3287.0,746.0,3288.0,0.10835970938205719,1,1.7864296570590341,,59,control
1736,742.0,3310.0,750.0,3313.0,0.10591135919094086,0,8.312577311921597,,59,control
1737,721.0,3233.0,720.4897527716781,3232.4503768705163,0.10567305237054825,1,0.9105453788355887,0.8106778275388836,59,check
1738,685.0,3240.0,682.7199210456093,3240.7700786301493,0.1056051179766655,1,2.7825136404433115,0.5064525963658234,59,control
1739,678.0,3231.0,679.0,3230.0,0.10550897568464279,1,1.046373091831881,,59,control
1740,721.0,3279.0,856.7398525471737,3284.2294483752644,0.10260926932096481,0,135.52258198275996,2.718499777864878,59,control
1741,431.0,3426.0,429.5597614057684,3428.1496437193123,0.3376350402832031,0,2.944709111651002,1.1727120135603233,61,control
1742,430.0,3441.0,433.0,3440.0,0.2852134704589844,1,2.788349193798322,,61,control
1743,394.0,3468.0,394.56005136070416,3467.4999518502605,0.2449699193239212,1,0.3746039284230391,0.4472601162687434,61,control
1744,273.0,3371.0,272.2299806919109,3371.1900249317064,0.24486322700977325,1,1.1708652331239013,0.2710210263836443,61,control
1745,369.0,3514.0,369.31992695183055,3513.6699303877044,0.2394113838672638,1,0.12232783413311658,0.4398355226402645,61,control
1746,265.0,3343.0,265.0,3343.0,0.23749275505542755,1,0.39170896796149174,,61,check
1747,228.0,3426.0,228.0298669811215,3426.260007362373,0.232175812125206,1,0.5579641458500794,0.17159216343086875,61,control
1748,383.0,3501.0,382.640119242771,3500.859958172525,0.2311713546514511,1,0.6895757343733516,0.2567517431134715,61,control
1749,242.0,3426.0,238.49017806567878,3427.330046211157,0.22698619961738586,0,4.137139019951598,0.7019059658257375,61,control
1750,241.0,3350.0,238.19986210614957,3351.2799197396184,0.22308200597763062,0,3.4679180460973296,0.6911045034494552,61,control
1751,347.0,3532.0,346.8399129929497,3531.850091574336,0.22298648953437805,1,0.48970929578406963,0.46897054752882045,61,control
1752,241.0,3403.0,240.14996758953447,3403.2799111294476,0.22098150849342346,1,1.278076350163665,0.26061231674815866,61,control
1753,278.0,3426.0,276.30997129145675,3427.2499279335802,0.21973612904548645,1,2.4914504262954864,0.9552547367379135,61,control
1754,329.0,3533.0,328.8400142585385,3532.8599826301615,0.21835967898368835,1,0.49115459651692545,0.41714469771528806,61,check
1755,299.0,3532.0,298.8699192735768,3531.759988794569,0.21550671756267548,1,0.45775606330138563,0.2973177520116853,61,control
1756,428.0,3355.0,428.33024847678433,3354.690132827246,0.21405766904354095,1,0.10538084675534927,0.593588930256599,61,check
1757,312.0,3428.0,312.57994894698186,3427.469957191108,0.2103210836648941,1,0.4080634184475127,0.2965800189354098,61,control
1758,295.0,3486.0,294.63002216989616,3485.810065927095,0.2078288495540619,1,0.6981045028164184,0.42990931397461185,61,control
1759,314.0,3531.0,313.83994965398983,3530.4398789104484,0.19994613528251648,1,0.5997622052122654,0.8516220491373038,61,control
1760,383.0,3425.0,382.2004380555803,3421.860007353348,0.1964598000049591,1,3.1428983790027685,0.9298807269785582,61,control
1761,255.0,3506.0,255.0,3506.0,0.19541975855827332,1,0.3896690813500624,,61,control
1762,286.0,3418.0,285.68983341466003,3417.6301839722323,0.19279898703098297,1,0.6597596785347571,0.9923935627919678,61,control
1763,225.0,3339.0,224.43019038580059,3339.179933723249,0.19271360337734222,1,0.9824985885142579,0.7465701627702046,61,control
1764,347.0,3510.0,347.38994123561736,3509.6001488497886,0.19117216765880585,1,0.2016603451999384,0.15770260667948588,61,check
1765,285.0,3405.0,284.1899911237805,3405.0900203729475,0.18830643594264984,1,1.1784388271257937,0.6076674979844248,61,control
1766,332.0,3442.0,332.0,3443.0,0.18716470897197723,1,1.2517940712719329,,61,check
1767,263.0,3356.0,262.19989939994775,3355.9901300741285,0.18705761432647705,1,1.1488426257281332,0.4283681304880962,61,control
1768,292.0,3504.0,291.5001210480803,3503.8700490646033,0.18684515357017517,1,0.8311655972617362,0.5888987231438191,61,control
1769,248.0,3417.0,244.60001467458184,3417.8800629905395,0.18640445172786713,0,3.8860681185024424,0.4923611633842328,61,control
1770,410.0,3435.0,409.0,3435.0,0.1848110556602478,1,1.3435566588259376,,61,check
1771,275.0,3492.0,273.3599800680119,3492.200038699453,0.18142558634281158,1,2.0102430251646486,0.48253800382930895,61,control
1772,286.0,3387.0,285.0,3387.0,0.18019390106201172,1,1.3466111650938482,,61,control
1773,275.0,3451.0,275.3699376831916,3450.569935337425,0.17999212443828583,1,0.22442175767330336,0.3915291536271793,61,control
1774,347.0,3457.0,347.2800285588806,3457.7701344663374,0.17798443138599396,1,0.9790543162749747,0.5223255546537754,61,control
1775,398.0,3390.0,397.5400091924324,3389.9300568179374,0.17732304334640503,1,0.8005025695454336,0.5118298504184887,61,control
1776,393.0,3349.0,394.15007957828965,3348.219907602104,0.17684713006019592,1,1.0015050523020486,0.6148637376453064,61,control
1777,290.0,3538.0,289.75013033198246,3537.7900752108308,0.17366981506347656,1,0.576516306592608,1.1701067247919759,61,control
1778,333.0,3501.0,332.59015198600474,3500.5800576080546,0.1727268397808075,1,0.7665692997156283,0.5803196730542703,61,control
1779,421.0,3422.0,423.78994890567657,3420.540190910035,0.1723085343837738,1,2.763231052078389,1.3354019303765678,61,control
1780,251.0,3440.0,245.85023721282795,3438.7499766652486,0.17148619890213013,0,5.577203903023288,0.8599612985571782,61,check
1781,292.0,3440.0,290.3901803204744,3440.4003528284247,0.1701195389032364,1,2.032315716676795,0.6749292768340059,61,control
1782,360.0,3434.0,364.0,3431.0,0.16922394931316376,0,4.613235128925928,,61,check
1783,253.0,3325.0,253.5599509934236,3324.449955011559,0.16878825426101685,1,0.41055388224676986,0.7147640222103359,61,control
1784,445.0,3430.0,445.110055303925,3429.4800098910796,0.24817703664302826,1,0.38266967273191344,0.622398995455102,62,check
1785,502.0,3361.0,500.0999073609715,3360.8800134933376,0.23604226112365723,1,2.229987338878206,0.6303145601406052,62,control
1786,496.0,3331.0,493.62989628848146,3331.9699641374377,0.21239982545375824,0,2.9429349656677504,0.613214612678495,62,control
1787,467.0,3328.0,467.4500439155543,3327.6301519609224,0.19476452469825745,1,0.20563384009923957,0.8752427237076312,62,control
1788,521.0,3387.0,522.029991647849,3386.0800034357076,0.19383181631565094,1,1.0040967864836108,0.40524158064999144,62,check
1789,486.0,3377.0,485.76993177697034,3376.6700835798697,0.19303938746452332,1,0.5723829206611625,0.44822119720140247,62,control
1790,537.0,3361.0,536.1597208769203,3360.710237221521,0.19230131804943085,1,1.1714887324676173,0.5063545517061129,62,control
1791,514.0,3349.0,514.7399549200891,3348.4500796782863,0.19080333411693573,1,0.5386577655743955,0.8456046750089128,62,control
1792,503.0,3349.0,505.0,3348.0,0.19034551084041595,1,1.851890261706011,,62,check
1793,459.0,3367.0,459.0,3367.0,0.18899334967136383,1,0.38681686377729896,,62,control
1794,523.0,3395.0,524.0600204313066,3393.8401114563258,0.18509843945503235,1,1.2055194031544139,0.7335983492944717,62,control
1795,492.0,3399.0,492.0898252372539,3398.7202265316314,0.1806114763021469,1,0.24964961629973206,2.3288864918006533,62,control
1796,557.0,3334.0,557.0,3334.0,0.17823509871959686,1,0.38499611318160143,,62,check
1797,526.0,3328.0,525.7799221435785,3327.7299791862592,0.17622074484825134,1,0.5531508474840998,0.49453799880867755,62,control
1798,466.0,3390.0,462.0,3392.0,0.16926690936088562,0,4.856992089704833,,62,control
1799,457.0,3355.0,457.1598533628712,3354.3298100302427,0.16483266651630402,1,0.4961496410490954,0.7968744670504019,62,control
1800,452.0,3378.0,451.76982084471285,3377.720087073936,0.16117148101329803,1,0.5638300779933575,0.5989866794565614,62,control
1801,498.0,3431.0,498.8199182088845,3429.8000892949567,0.1561671942472458,1,1.1116250492255952,0.6194752262431977,62,control
1802,513.0,3423.0,513.9201009993742,3423.009882603844,0.1541762501001358,1,0.6305462711593133,0.4676401891231956,62,control
1803,501.0,3386.0,495.33965037417886,3387.3200469688277,0.1530647575855255,0,6.178836949165017,0.8604211495307942,62,control
1804,544.0,3350.0,544.3598397120086,3350.5601488748707,0.14829294383525848,1,0.7624158612841729,0.6682006881965596,62,control
1805,567.0,3533.0,566.3699905080762,3533.0699336735834,0.1397746354341507,1,0.9917284620994989,1.3532678556058053,62,control
1806,554.0,3369.0,554.8801423860558,3368.680088579256,0.1373036950826645,1,0.5651849750754422,0.7624131455557503,62,control
1807,559.0,3384.0,558.0,3384.0,0.13711538910865784,1,1.342310793717396,,62,check
1808,663.0,3419.0,663.0600054821494,3417.950006172602,0.13689328730106354,1,0.8907628157927283,0.5254927848746175,62,control
1809,548.0,3359.0,548.4699096487118,3358.8700525504755,0.13687936961650848,1,0.15915083140691724,1.0117500435760778,62,control
1810,485.0,3431.0,487.420017245092,3430.8500438737506,0.13672411441802979,1,2.093910286399618,1.5819183795306115,62,control
1811,478.0,3358.0,475.739899083901,3358.0101871915576,0.13511741161346436,1,2.59762312764009,0.7656081796349079,62,check
1812,446.0,3419.0,446.10986317953484,3418.3301216970613,0.13476507365703583,1,0.5134926621566345,0.6740190772844266,62,control
1813,545.0,3334.0,543.0,3339.0,0.13136634230613708,0,5.698841050262574,,62,control
1814,490.0,3420.0,489.7799846351317,3420.170082972526,0.11792575567960739,1,0.662612177790316,0.742571641787644,62,control
1815,473.0,3400.0,473.4100428841388,3399.6702535178083,0.1178516373038292,1,0.15033050740421477,0.6070761437179565,62,control
1816,449.0,3329.0,449.19016349109353,3328.4901206984246,0.11457592993974686,1,0.3365500703533384,0.5949784519837865,62,control
1817,446.0,3385.0,463.54045487626826,3464.6799370255176,0.11365308612585068,0,81.71860522442685,1.5250450003931408,62,check
1818,472.0,3441.0,470.59978557277253,3441.0801759612104,0.11179345846176147,1,1.7502883912758436,0.7657548247450917,62,control
1819,632.0,3540.0,633.0,3544.0,0.11011847108602524,0,4.256152799620453,,62,control
1820,581.0,3432.0,724.0,3450.0,0.11002077162265778,0,143.83252797834217,,62,control
1821,758.0,3383.0,752.2202349581984,3383.719804356295,0.27805396914482117,0,6.17288547667567,1.3743631749119967,63,control
1822,753.0,3429.0,748.9598431888555,3429.4197891997806,0.2695269286632538,0,4.407204715003629,0.5793254148805741,63,control
1823,823.0,3494.0,821.9399978455332,3494.050099477167,0.23886898159980774,1,1.4029702848503065,0.28146309348998855,63,check
1824,699.0,3476.0,696.0,3478.0,0.2352026104927063,0,3.985030718551809,,63,control
1825,806.0,3384.0,805.5999606350101,3383.3599589380583,0.23329439759254456,1,0.849560700179889,1.0985329357282216,63,control
1826,807.0,3325.0,808.1600204476958,3323.779910522104,0.2239968329668045,1,1.3220023889050547,0.9283984438646447,63,control
1827,831.0,3447.0,828.6999129508138,3447.719653751694,0.2182353138923645,1,2.7774676570491517,1.044382981384039,63,control
1828,796.0,3365.0,796.0599241318273,3364.7200087349174,0.20113718509674072,1,0.2777824082938055,0.35870556820264926,63,control
1829,788.0,3320.0,792.0,3319.0,0.19710418581962585,0,3.7613617294481747,,63,check
1830,781.0,3343.0,779.0,3344.0,0.1897345334291458,1,2.614758419439283,,63,control
1831,699.0,3535.0,702.0,3535.0,0.18870705366134644,1,2.6858641220666177,,63,control
1832,805.0,3494.0,802.0,3494.0,0.1870088428258896,0,3.3271983659798754,,63,control
1833,750.0,3411.0,751.180303497441,3411.0697979673105,0.18490563333034515,1,0.8969826080220311,0.9123552623963465,63,control
1834,820.0,3384.0,821.0,3384.0,0.18272081017494202,1,0.7038215387211181,,63,check
1835,715.0,3430.0,713.0,3431.0,0.1803416907787323,1,2.6148303812120033,,63,check
1836,802.0,3339.0,798.0,3339.0,0.18026027083396912,0,4.329596921418325,,63,control
1837,745.0,3382.0,744.0,3381.0,0.17853233218193054,1,1.549138356165071,,63,control
1838,802.0,3515.0,798.5801812182842,3513.2398441206064,0.17839869856834412,0,4.054053312191258,2.6025982126392253,63,control
1839,806.0,3467.0,804.6300348478684,3466.6900655277727,0.17557741701602936,1,1.6957409029711346,0.44106807410014476,63,control
1840,685.0,3428.0,687.0,3425.0,0.17536625266075134,0,3.263856008898038,,63,control
1841,756.0,3391.0,758.2400996856871,3385.1904452595977,0.17498193681240082,0,5.930616145810935,1.2730146610266475,63,control
1842,805.0,3429.0,806.4798091565185,3428.789951018672,0.16628406941890717,1,1.156999457970731,0.5880782267734275,63,control
1843,756.0,3467.0,758.0,3460.0,0.16601864993572235,0,7.005990475534569,,63,check
1844,757.0,3361.0,756.0,3363.0,0.16300144791603088,1,2.5653391234166385,,63,control
1845,785.0,3376.0,784.5900454379275,3375.6201667186133,0.16222597658634186,1,0.7570647412280759,0.31284691230120376,63,check
1846,811.0,3401.0,818.4501684749213,3398.640782565131,0.15488065779209137,0,7.447907385957258,2.510702177015856,63,check
1847,813.0,3457.0,812.8401277783599,3456.88029631834,0.1531621366739273,1,0.48805859903696047,0.5042042105569112,63,control
1848,833.0,3505.0,831.099931818608,3504.68011847757,0.15277354419231415,1,2.2242256189481755,0.3987618386364535,63,control
1849,698.0,3394.0,695.599760216828,3393.320176759854,0.1525982767343521,1,2.7675625515392768,1.6193369302694225,63,control
1850,765.0,3487.0,761.2800516436403,3488.5200279846476,0.14943593740463257,0,4.391923502556458,0.6799656078547197,63,check
1851,871.0,3403.0,864.0,3630.0,0.14919452369213104,0,227.3150681895155,,63,control
1852,733.0,3425.0,734.5100749118378,3424.37026308448,0.14095816016197205,1,1.2623500733682866,0.9977589718662394,63,control
1853,768.0,3333.0,771.0,3333.0,0.1375599205493927,1,2.681488558638912,,63,control
1854,809.0,3508.0,812.8798826458135,3508.1702025149543,0.13406457006931305,0,3.577901423309465,1.5671322384876187,63,control
1855,707.0,3526.0,711.0,3532.0,0.13365092873573303,0,7.208903954502907,,63,control
1856,761.0,3507.0,760.5600133267873,3506.859953048226,0.13083136081695557,1,0.7637647999706627,0.754441426283079,63,control
1857,734.0,3529.0,733.2600388991143,3529.6400262709744,0.1301446259021759,1,1.3530266307818581,0.5051597225649724,63,control
1858,763.0,3532.0,762.3700415363443,3531.650143575495,0.1295737475156784,1,0.9628528862221898,0.8908492540416071,63,control
1859,671.0,3402.0,669.4000893367604,3402.23025099713,0.1287156343460083,1,1.972470662991626,0.5086025606199951,63,control
1860,728.0,3328.0,727.7399042082,3326.9300812755737,0.12811683118343353,1,1.0517651733937534,0.3360076834807117,63,control
1861,766.0,3346.0,766.4800077780843,3345.9099447626286,0.12742263078689575,1,0.18748111505456277,0.40886909205052924,63,control
1862,709.0,3533.0,711.6901597142569,3530.5100679400934,0.12700800597667694,0,3.2947036610030866,1.7822878684565924,63,control
1863,676.0,3536.0,676.7805003641942,3535.320172483034,0.12616883218288422,1,0.6632578311015853,0.6934241571681393,63,control
1864,729.0,3469.0,728.8095180793621,3463.650312349575,0.12496883422136307,0,5.176714396215602,1.1204738560019674,63,control
1865,315.0,3551.0,315.86014939860695,3550.5498747341235,0.26627010107040405,1,0.5857673375197275,1.1836993197176533,65,control
1866,332.0,3583.0,330.8702182624232,3582.929979377227,0.2647729218006134,1,1.461505616549423,0.9924206880135297,65,control
1867,297.0,3606.0,297.1799329831307,3605.6400211466753,0.2553635537624359,1,0.20800512572818206,0.29245731732132796,65,control
1868,224.0,3620.0,220.8897670462735,3620.1698899498274,0.2358730435371399,0,3.45697560408857,1.7281694635375584,65,control
1869,335.0,3562.0,334.9400017551449,3561.9498878448608,0.2338028997182846,1,0.4170853993989774,0.2185664420611734,65,control
1870,281.0,3579.0,280.8300112139581,3578.9200874230937,0.2334706336259842,1,0.5127487380068213,0.277734693054608,65,control
1871,299.0,3578.0,298.429992978922,3578.0800456956154,0.22879888117313385,1,0.9414938635782503,0.23711428929017458,65,control
1872,360.0,3625.0,360.0,3625.0,0.21921542286872864,1,0.38554133895515624,,65,control
1873,305.0,3560.0,304.53989826017494,3559.9800603120043,0.20698730647563934,1,0.8086892766427702,0.36813746152095306,65,control
1874,241.0,3588.0,241.31978765232498,3587.020040529845,0.20610269904136658,1,0.7680424272337472,0.6314904577769084,65,control
1875,330.0,3628.0,328.6602196766052,3627.909957124222,0.2016456574201584,1,1.6680841934839492,0.6765367852482013,65,control
1876,285.0,3568.0,286.0,3565.0,0.1959911733865738,1,2.869688845941977,,65,check
1877,228.0,3580.0,226.93001878402063,3580.819992005533,0.19577930867671967,1,1.7364526381621133,0.3043474681733213,65,check
1878,345.0,3570.0,344.3200019631666,3569.95992802505,0.19407010078430176,1,1.0193128310329798,0.16108570654220042,65,check
1879,313.0,3613.0,314.9500380257222,3612.6700992691453,0.18896864354610443,1,1.6299154105243716,0.43386682513399194,65,control
1880,381.0,3597.0,381.72998446874755,3596.1700776900375,0.18794550001621246,1,0.7421375971090042,0.5069985569587339,65,control
1881,270.0,3545.0,269.1601138940611,3544.990224842542,0.18724331259727478,1,1.1837955157165838,0.1962770239283747,65,check
1882,229.0,3638.0,224.0900467853898,3639.5600080442987,0.18177543580532074,0,5.527033344946283,1.0194934062514038,65,check
1883,237.0,3621.0,235.25017483766052,3621.289809422567,0.18059785664081573,1,2.135042865096462,0.6716078059891283,65,check
1884,323.0,3575.0,321.30053062002673,3575.05022652244,0.17880843579769135,1,2.0414472417526635,0.8578319561382445,65,control
1885,305.0,3548.0,304.7501369873477,3547.790286510369,0.17561858892440796,1,0.5760791189775076,1.263576443769177,65,control
1886,336.0,3546.0,337.0,3549.0,0.17044609785079956,0,3.279192149827333,,65,control
1887,241.0,3676.0,240.16991197808957,3675.8701265053137,0.16858041286468506,1,1.156972896656444,0.2741701176073304,65,control
1888,346.0,3591.0,347.6999552615503,3589.540392701094,0.16300012171268463,1,1.8586308916539447,1.479659852146607,65,control
1889,342.0,3601.0,341.23998040880866,3601.129814489005,0.15587860345840454,1,1.1363761274727155,0.8118361184230571,65,control
1890,318.0,3592.0,310.3599968137855,3594.009932417425,0.15190017223358154,0,8.268686487941782,1.3680669717073375,65,control
1891,292.0,3618.0,290.8700991945632,3618.1201946367073,0.1461014300584793,1,1.4918264148901672,0.4227546751974911,65,control
1892,357.0,3608.0,364.88005955549636,3603.590514206523,0.1449543684720993,0,8.644964697016368,1.4595397455512582,65,control
1893,254.0,3555.0,251.4001471277543,3555.6200376677057,0.14458097517490387,0,3.042329723691242,0.3729066515640273,65,control
1894,230.0,3565.0,228.32002731911118,3565.719927226406,0.13734544813632965,1,2.212537980317746,0.4230355294036747,65,control
1895,272.0,3646.0,269.86973470286,3646.5702061172124,0.13091298937797546,1,2.5761212402206417,0.7113308683967028,65,check
1896,317.0,3568.0,315.8196639093202,3568.270308813871,0.13063155114650726,1,1.5806230558501406,0.7936357510123089,65,control
1897,269.0,3607.0,269.0798097802513,3607.7398029426113,0.12464688718318939,1,0.9824624037646777,0.7785025287561514,65,control
1898,240.0,3542.0,239.6097822783668,3542.080071367939,0.12242494523525238,1,0.7743435819869056,0.3602755012714332,65,control
1899,402.0,3596.0,398.0,3598.0,0.11832769215106964,0,4.8550897988026875,,65,control
1900,411.0,3597.0,407.0,3598.0,0.11452189832925797,0,4.489309064803095,,65,control
1901,590.0,3726.0,590.1300132687605,3725.9101190847477,0.2631502151489258,1,0.220785744805337,0.30884142004641857,66,control
1902,619.0,3705.0,619.0700035606204,3705.000113045253,0.25105708837509155,1,0.321672139811693,0.10401694012894308,66,control
1903,591.0,3714.0,590.9899925712393,3714.06999917644,0.24598537385463715,1,0.4284810283642868,0.23051715016138652,66,control
1904,629.0,3699.0,630.3200739631991,3698.310031511825,0.22411693632602692,1,1.1133258788358955,0.5099845189666375,66,control
1905,607.0,3727.0,606.739999292992,3727.0300782806594,0.21166802942752838,1,0.6239659142448115,0.3096204153418275,66,control
1906,622.0,3744.0,620.5400451133539,3744.5900556865254,0.19234442710876465,1,1.9470073932041816,0.6773763641191122,66,control
1907,630.0,3713.0,631.0,3712.0,0.18876740336418152,1,1.048126045207855,,66,control
1908,602.0,3690.0,601.4799720153524,3690.2800516436405,0.17350515723228455,1,0.9689033056677181,0.3798910790966283,66,check
1909,645.0,3725.0,645.4800355634032,3724.7101553966304,0.17295566201210022,1,0.1837707781354183,0.6666667797273196,66,control
1910,656.0,3701.0,655.7799908159283,3701.079977023265,0.17206962406635284,1,0.6080992257342307,0.10871437174172902,66,control
1911,650.0,3585.0,652.1800079944667,3583.930018784021,0.1680336594581604,1,2.051696559937608,0.6428530823496105,66,control
1912,599.0,3704.0,600.4901027379638,3703.9798370746125,0.16708125174045563,1,1.1858085650787573,1.0479436702090696,66,control
1913,612.0,3690.0,612.3500986788555,3690.1402454151503,0.16096699237823486,1,0.3458139266202672,0.6025693770473332,66,control
1914,640.0,3755.0,641.0,3754.0,0.1521323323249817,1,1.0486641812075248,,66,control
1915,534.0,3719.0,534.5499733047878,3718.270059005847,0.149485781788826,1,0.5721381046020212,0.821242210477784,66,control
1916,570.0,3611.0,569.8498707663189,3611.2500939619067,0.14691059291362762,1,0.6547636881613625,0.26798552934975445,66,control
1917,657.0,3690.0,656.5999882621396,3690.13006382246,0.14676602184772491,1,0.7918693363923918,0.15659556207571093,66,control
1918,635.0,3671.0,634.7299948755349,3671.0399716076695,0.14122909307479858,1,0.6373952601593316,0.3656000024221792,66,control
1919,630.0,3658.0,630.0,3658.0,0.13882257044315338,1,0.3787004139915549,,66,check
1920,515.0,3702.0,516.0,3708.0,0.13833260536193848,0,6.243908941310325,,66,control
1921,544.0,3726.0,546.4101008333223,3725.0901459379834,0.1357921063899994,1,2.206424165830503,0.5901847055759961,66,control
1922,586.0,3659.0,584.5302236281867,3659.900049006244,0.13331784307956696,1,2.103155198376639,2.2577384061536656,66,control
1923,615.0,3756.0,615.2500031031055,3756.010132095488,0.129154771566391,1,0.22531604914415923,0.5170879902983774,66,check
1924,660.0,3619.0,658.60000183842,3618.969957640262,0.12897989153862,1,1.7286704566086666,0.7474402130184497,66,control
1925,542.0,3702.0,543.0,3701.0,0.1246948093175888,1,1.0457116899262537,,66,check
1926,495.0,3697.0,491.2598014526841,3698.7295049769855,0.1231158897280693,0,4.49865153649486,2.0731686473339948,66,control
1927,660.0,3559.0,661.5691864387517,3566.7501916596775,0.12181644141674042,0,8.048936791058145,0.8691854854490731,66,check
1928,634.0,3607.0,633.5899056638534,3606.879959611955,0.12151744216680527,1,0.7354335063310338,0.4672499575221037,66,check
1929,466.0,3747.0,464.4798758740625,3748.1900546718316,0.12103483080863953,1,2.310747676169565,0.7442918364789884,66,control
1930,586.0,3741.0,585.3099863988035,3741.1701389669033,0.11988870799541473,1,1.0757227683852884,0.5613960313345329,66,control
1931,714.0,3680.0,714.0,3680.0,0.13298964500427246,1,0.37641272264545683,,67,control
1932,672.0,3742.0,672.0001118305656,3741.909890723057,0.16612228751182556,1,0.336431812532024,0.22904098577461612,67,control
1933,695.0,3662.0,695.1000798864741,3662.310219568414,0.13745899498462677,1,0.5566828937207872,0.5043790446648269,67,control
1934,707.0,3583.0,704.0,3582.0,0.11733058840036392,0,3.415301394805027,,67,check
1935,734.0,3735.0,705.0,3863.0,0.11008735746145248,0,131.5125878275599,,67,control
1936,830.0,3556.0,827.7398563494248,3557.319871273832,0.14978158473968506,0,2.9926848703158977,1.1259101597869725,67,control
1937,678.0,3687.0,678.009909332665,3686.890109667904,0.16668018698692322,1,0.32188904583127403,0.46987261255685897,67,control
1938,761.0,3578.0,762.0,3577.0,0.10793688148260117,1,1.0507517037452556,,67,control
1939,686.0,3727.0,687.869970301845,3726.34019869648,0.19757607579231262,1,1.6187327966976228,1.1307415102573688,67,check
1940,757.0,3544.0,755.0599611092464,3544.3700075702286,0.17095620930194855,1,2.3312212301142106,0.4637378418539904,67,control
1941,741.0,3716.0,751.0,3759.0,0.1048780232667923,0,44.273806313918,,67,control
1942,696.0,3736.0,695.0,3737.0,0.1269858479499817,1,1.7833591805128959,,67,control
1943,746.0,3543.0,745.2401064484129,3543.000022028262,0.20407429337501526,1,1.0989451319073873,0.5074698340215618,67,control
1944,691.0,3621.0,688.6700506702516,3622.509963505012,0.10538838803768158,0,3.154234486217858,0.7260914855911259,67,check
1945,816.0,3551.0,814.879585611773,3555.950106116143,0.10700658708810806,0,5.345297909440996,0.9034858580858178,67,control
1946,800.0,3545.0,803.3000648627348,3543.4903469471196,0.14954693615436554,0,3.2559628832376863,1.2600447093656404,67,control
1947,706.0,3716.0,704.7998862892106,3716.0699824306666,0.15555500984191895,1,1.5414764994823986,0.6850104940849429,67,check
1948,717.0,3707.0,720.0,3708.0,0.10433145612478256,0,2.9397127072619025,,67,control
1949,736.0,3576.0,739.0,3574.0,0.1050841361284256,0,3.2284310384679475,,67,check
1950,791.0,3554.0,793.3400974308914,3553.12013864233,0.10763411223888397,1,2.132041204611975,1.0294542665008288,67,check
1951,784.0,3563.0,782.0,3565.0,0.15585754811763763,0,3.196096397882547,,67,control
1952,687.0,3548.0,687.0,3547.0,0.1764020323753357,1,0.86166156138294,,67,control
1953,700.0,3691.0,693.3002139362696,3688.889707724213,0.1127186045050621,0,7.272516072741431,3.898603192822728,67,control
1954,675.0,3586.0,674.8301265303959,3585.860189545519,0.15782640874385834,1,0.4944079383447257,0.38318206290306,67,control
1955,776.0,3560.0,775.0,3560.0,0.10167761892080307,1,1.3349301818113086,,67,control
1956,666.0,3587.0,665.7499105804629,3586.8700821324105,0.12477432191371918,1,0.5753479729624007,0.33594763944496236,67,control
1957,689.0,3708.0,691.8899966226513,3707.0600942279552,0.1710677146911621,1,2.6761011699711106,1.1039346893626352,67,control
1958,688.0,3672.0,688.0,3672.0,0.18035781383514404,1,0.37713732635208336,,67,control
1959,721.0,3584.0,717.0,3584.0,0.11387938261032104,0,4.324852914205227,,67,control
1960,672.0,3704.0,678.0,3701.0,0.10505151748657227,0,6.333394657752481,,67,control
1961,392.0,3901.0,391.3901461961693,3901.6601423940842,0.14055876433849335,1,1.2724298814227168,0.36243513912999403,69,control
1962,403.0,3849.0,403.39000536559746,3848.929935320703,0.11353477835655212,1,0.15864013314008454,0.6064403878156094,69,control
1963,317.0,3951.0,314.6594130942989,3951.4496652656417,0.17641596496105194,1,2.738620499773627,1.7489219022071572,69,control
1964,270.0,3978.0,266.41981635234134,3979.719944446748,0.25046199560165405,0,4.350865080064003,1.3243162551339989,69,control
1965,371.0,3866.0,365.0,3863.0,0.1030990332365036,0,6.905447236170715,,69,check
1966,417.0,3961.0,417.60003686103335,3960.670062291726,0.14039498567581177,1,0.3086169131526128,0.3925548385152167,69,control
1967,294.0,3961.0,288.8202378531161,3960.67976196328,0.14340278506278992,0,5.497090039564497,1.6438689630742362,69,control
1968,308.0,3947.0,304.0,3948.0,0.1355801373720169,0,4.484161588545562,,69,control
1969,313.0,3971.0,313.0,3971.0,0.15827676653862,1,0.3819976134922185,,69,control
1970,351.0,3956.0,349.2398773466036,3957.2001349989328,0.1052054762840271,1,2.511650947243703,0.5784176232002899,69,check
1971,375.0,3975.0,376.6398896663931,3973.9697538943974,0.1227625161409378,1,1.5565125026357847,0.7733478320808064,69,control
1972,376.0,3942.0,376.69976731232197,3941.129764093495,0.10215964913368225,1,0.7611914562424298,0.37865154706417475,69,check
1973,344.0,3912.0,341.39992705985566,3912.6398330900865,0.10732048749923706,0,3.0391909403121216,0.7027287147189556,69,control
1974,341.0,3882.0,339.0,3882.0,0.15665534138679504,1,2.3274146001049063,,69,check
1975,407.0,3894.0,407.3600149324357,3893.870037601318,0.15780188143253326,1,0.09260170633072395,0.314532942614164,69,control
1976,423.0,3891.0,423.0,3890.0,0.1727442890405655,1,0.8498246556758693,,69,control
1977,389.0,3974.0,391.0599737872187,3973.250007170907,0.13768228888511658,1,1.8259446417985536,0.7940981512694922,69,control
1978,363.0,3948.0,364.2400477082818,3947.4296008600895,0.10184656083583832,1,0.990871950839384,0.9741488342239452,69,control
1979,402.0,3863.0,513.0,4031.0,0.15196184813976288,0,201.3622389983988,,69,control
1980,443.0,3949.0,442.1699454696366,3949.489913941256,0.15911319851875305,1,1.3425689805808292,0.3779150606270816,69,control
1981,343.0,3859.0,342.3199797767151,3859.169928723863,0.10829523950815201,1,1.0690436957771303,1.396635403721742,69,control
1982,353.0,3926.0,353.95011636474084,3924.96020255626,0.135614275932312,1,1.041421869694236,0.7875730930297385,69,control
1983,361.0,3961.0,362.0,3960.0,0.15020380914211273,1,1.042598349240732,,69,control
1984,403.0,3882.0,400.0,3882.0,0.11271552741527557,0,3.3236207621125287,,69,control
1985,425.0,3881.0,425.3499904415225,3880.069931560588,0.13419196009635925,1,0.719757148764073,0.7920536737841833,69,control
1986,332.0,3925.0,332.93007451284814,3924.4505190231357,0.1038757860660553,1,0.6992056109420307,0.7761390766749677,69,control
1987,345.0,3971.0,346.0,3971.0,0.15068577229976654,1,0.7173456677557403,,69,control
1988,427.0,3946.0,427.0,3944.0,0.19509755074977875,1,1.8156969035115988,,69,check
1989,399.0,3932.0,399.4699854001664,3931.089838655345,0.1376463770866394,1,0.7146671713566976,0.7224329513218477,69,control
1990,301.0,3945.0,298.9301544902936,3945.6303049948983,0.10500585287809372,1,2.531699473766345,1.0246950297814057,69,check
1991,443.0,3962.0,441.0,3962.0,0.1358446180820465,1,2.324070580840799,,69,control
1992,435.0,3976.0,432.0,3977.0,0.15888537466526031,0,3.5288604530062617,,69,control
1993,421.0,3921.0,422.0,3921.0,0.17203320562839508,1,0.7163447811700693,,69,check
1994,386.0,3861.0,385.0,3862.0,0.23378533124923706,1,1.790111133184969,,69,control
1995,367.0,3917.0,367.7502627105728,3916.6002825504265,0.14125455915927887,1,0.472332893759096,3.7379283258205347,69,control
1996,408.0,3906.0,408.78993501301704,3905.640085593034,0.11978881806135178,1,0.49636295084621906,0.6511516764491493,69,control
1997,659.0,3893.0,660.1702905206417,3892.350326091409,0.26195192337036133,1,0.9651799784120464,1.2013859231820763,70,check
1998,559.0,3941.0,559.4499528985634,3940.46004907313,0.22178804874420166,1,0.35839843042946884,0.5321915987691749,70,control
1999,662.0,3843.0,661.8900119955482,3842.8197764800043,0.21731795370578766,1,0.4252764213763214,0.36266785035901106,70,control
2000,591.0,3945.0,590.1997664394283,3945.2802400166083,0.20416131615638733,1,1.2155064693616981,1.208025042610135,70,control
2001,637.0,3947.0,636.9199204964586,3946.7499940437806,0.20314297080039978,1,0.39480316873975974,0.46901369199044424,70,control
2002,648.0,3793.0,649.4802655635207,3792.469936643083,0.1958150863647461,1,1.2089606478746702,1.1301090390259112,70,control
2003,480.0,3766.0,479.0,3767.0,0.18972139060497284,1,1.7886101852579137,,70,control
2004,633.0,3924.0,631.1599551030286,3924.4300183348664,0.18642817437648773,1,2.245159030560902,0.5716815172910263,70,control
2005,515.0,3768.0,515.619959063137,3767.4702783664056,0.17564721405506134,1,0.4414488496535236,1.3153063943869014,70,control
2006,622.0,3889.0,620.4599106719327,3889.860051460701,0.17535892128944397,1,2.138886260090485,0.4441766705460817,70,control
2007,654.0,3978.0,653.0800681984458,3978.4202178214637,0.17470118403434753,1,1.3817349951831175,0.5838794436182594,70,control
2008,555.0,3967.0,553.3799256204253,3967.5896195111686,0.17346040904521942,1,2.0914488060855163,0.4444482329919822,70,control
2009,634.0,3774.0,634.0,3774.0,0.17260828614234924,1,0.3769985291184181,,70,control
2010,662.0,3942.0,661.9299944845737,3942.0499927709,0.17150311172008514,1,0.4600163917475275,0.2418488402230085,70,control
2011,597.0,3925.0,597.2701725256687,3924.4703403833905,0.1686723828315735,1,0.3251059513370158,0.3113491380485308,70,control
2012,445.0,3939.0,446.22010125756026,3938.0801258312504,0.16824284195899963,1,1.1495321385854798,0.6331723963908219,70,control
2013,592.0,3831.0,590.0,3831.0,0.1647942215204239,1,2.3249411580708763,,70,check
2014,578.0,3983.0,578.6401633501239,3982.6004855561728,0.16456831991672516,1,0.3794815603008718,1.162128363406886,70,check
2015,547.0,3773.0,547.3900425012062,3772.6100399056136,0.160572811961174,1,0.19695190306513308,0.3878473247775358,70,check
2016,574.0,3924.0,574.6400652031992,3923.3398541200436,0.15955494344234467,1,0.5576527738547499,0.8177400067563586,70,control
2017,594.0,3979.0,593.2399967308426,3979.0701312386514,0.15882979333400726,1,1.107646324862922,1.603869502977771,70,control
2018,598.0,3842.0,596.9099539547288,3842.369780423225,0.15739299356937408,1,1.5189713797948943,0.8546068544736025,70,control
2019,622.0,3844.0,616.6597950718942,3844.739335970632,0.15307220816612244,0,5.733757046106315,1.4501813919801179,70,check
2020,613.0,3769.0,612.0,3769.0,0.15081511437892914,1,1.3328797629008047,,70,check
2021,589.0,3880.0,587.0,3880.0,0.15052245557308197,1,2.323846767830801,,70,control
2022,620.0,3935.0,617.9900209384874,3935.769892528366,0.14815963804721832,1,2.5199193810575142,0.8925622838769294,70,control
2023,562.0,3918.0,559.0,3918.0,0.14804711937904358,0,3.320555582329153,,70,check
2024,506.0,3785.0,503.64990253583176,3785.8798603011724,0.14595983922481537,0,2.8812884435406545,0.4901300683879422,70,control
2025,517.0,3792.0,516.3499619160848,3792.3399324590623,0.14284200966358185,1,1.1119061489598765,0.3742297184263832,70,control
2026,444.0,3973.0,443.75016366534,3973.379756897174,0.14263252913951874,1,0.8172833207347171,0.7709556131815954,70,control
2027,489.0,3783.0,488.40998731350084,3783.069832249805,0.13726967573165894,1,0.949847412834368,0.8366281289998083,70,control
2028,582.0,3948.0,582.0,3951.0,0.13429471850395203,0,3.223365791300801,,70,control
2029,639.0,3960.0,638.4804103037043,3960.099932084158,0.13264194130897522,1,0.8863819455875037,0.36685630034308847,70,control
2030,547.0,3930.0,546.2300928388556,3930.1601271539625,0.13001637160778046,1,1.1448424054732111,0.3415787406818092,70,control
2031,550.0,3821.0,550.2496535605595,3821.350248859717,0.12974457442760468,1,0.5615462030771107,1.7263900604069575,70,control
2032,533.0,3846.0,533.510017702773,3845.8801591318293,0.12943856418132782,1,0.2130299450926427,0.7123821307476091,70,control
2033,597.0,3896.0,595.6299492715555,3896.5000682231957,0.12774930894374847,1,1.8265948980510742,0.6554049138389545,70,control
2034,708.0,3943.0,708.3699843272796,3943.1600396228437,0.25827130675315857,1,0.3696444180086039,0.2618320087482263,71,control
2035,698.0,3976.0,699.0900007740601,3976.0903267572776,0.25120434165000916,1,0.8334456212193404,0.7206942652514459,71,check
2036,683.0,3959.0,680.4798915633384,3960.0099484230795,0.247084379196167,0,3.081567905673833,0.8094615566996313,71,control
2037,725.0,3911.0,724.0,3909.0,0.24333693087100983,1,2.2241652816663944,,71,control
2038,808.0,3957.0,807.8600122120968,3956.8799848097105,0.2096787989139557,1,0.4574975969083523,0.5278160393832436,71,control
2039,673.0,3908.0,674.9001264469546,3907.799985441804,0.19800159335136414,1,1.58730909457595,0.9524833260773915,71,control
2040,688.0,3917.0,689.540026254585,3916.800162035108,0.19446921348571777,1,1.2276128391113672,1.6507774189854925,71,check
2041,727.0,3895.0,726.7801093018592,3894.9900790458605,0.1925225555896759,1,0.5666265966198049,0.36343272302683094,71,control
2042,732.0,3979.0,728.9197171743335,3980.5796831841326,0.19178500771522522,0,3.831629474261622,1.0184998130710823,71,control
2043,682.0,3881.0,681.6098953236196,3881.0100678073186,0.19070138037204742,1,0.7355948036857362,0.24734255108323194,71,control
2044,726.0,3955.0,726.0001121469447,3954.970102222256,0.18611736595630646,1,0.3566819642646402,0.3699925137462489,71,control
2045,698.0,3911.0,698.429965509982,3911.340046560813,0.17984966933727264,1,0.5573801646985453,0.38312296180864014,71,control
2046,698.0,3966.0,698.0,3965.0,0.17283934354782104,1,0.8532702893416766,,71,check
2047,766.0,3916.0,765.9401311224317,3915.8202010338864,0.17222623527050018,1,0.3721060355477405,0.45654982204962435,71,control
2048,768.0,3952.0,768.0,3949.0,0.1654825508594513,1,2.813631058529393,,71,control
2049,723.0,3942.0,723.4799383656158,3941.6301584580983,0.16370980441570282,1,0.2360540978513036,0.27305078523573867,71,control
2050,715.0,3803.0,715.6500444229013,3802.600067341277,0.16361665725708008,1,0.3887131613987717,0.7284259827211137,71,control
2051,773.0,3964.0,770.849912551658,3964.7597753820355,0.15881597995758057,1,2.6422547954535998,0.4867948674705159,71,control
2052,794.0,3975.0,793.1902249261491,3974.940224517968,0.15816985070705414,1,1.1286526907384153,0.5178371265407866,71,control
2053,764.0,3966.0,764.780133601306,3965.7600782804934,0.15805740654468536,1,0.47122107641867617,0.4649036390817273,71,control
2054,741.0,3866.0,741.4100119293267,3865.900042983637,0.15326328575611115,1,0.1416464887631196,0.7742101969043744,71,control
2055,745.0,3960.0,745.0602487929973,3959.710210018131,0.15054430067539215,1,0.26463893995567533,1.0412056189254495,71,control
2056,715.0,3894.0,715.2699977289813,3894.030028625268,0.1484076976776123,1,0.23806055049906755,0.32744425617431466,71,control
2057,736.0,3929.0,737.0,3928.0,0.1483798325061798,1,1.052356247719955,,71,control
2058,684.0,3867.0,682.2200546134724,3867.490021545831,0.147015780210495,1,2.2059036679431525,0.6652848976578407,71,control
2059,708.0,3955.0,705.5202635836326,3956.4899409356276,0.1451207548379898,0,3.2654428136818194,0.6426214843049128,71,check
2060,766.0,3973.0,763.0,3974.0,0.14462104439735413,0,3.5222849442782764,,71,check
2061,809.0,3852.0,802.6601077952106,3852.7793261206916,0.14415772259235382,0,6.724397235470723,1.567622916429226,71,control
2062,691.0,3881.0,691.0,3886.0,0.14385735988616943,0,5.214083586601728,,71,control
2063,677.0,3871.0,682.0,3868.0,0.138231560587883,0,5.456665340698355,,71,control
2064,745.0,3813.0,742.0,3814.0,0.13792206346988678,0,3.5257001413838425,,71,control
2065,755.0,3954.0,752.0797937745964,3955.859697692164,0.13753919303417206,0,3.833765251072869,1.417374377412759,71,control
2066,687.0,3974.0,688.120167325957,3974.4200074202336,0.13689382374286652,1,1.0229268331235422,0.5861019981247965,71,check
2067,783.0,3952.0,780.1297065680512,3951.749917235828,0.13335448503494263,0,3.1810834208928696,0.965685056358034,71,control
2068,714.0,3838.0,713.3398879279697,3838.0399337319423,0.13143092393875122,1,1.0041274481940528,0.2531451863780374,71,control
2069,722.0,3968.0,719.5998320586709,3968.64017449703,0.131323903799057,0,2.8396450298986786,0.47953265038051596,71,control
2070,746.0,3950.0,743.0306176764108,3944.0596664537516,0.13101738691329956,0,6.608000031387377,1.0715383689787428,71,check
2071,699.0,3865.0,700.7998529050241,3864.25956046385,0.12741586565971375,1,1.5800747611756365,1.9614365199948272,71,control
2072,749.0,3943.0,749.3795895467991,3942.9602646240733,0.12372448295354843,1,0.17794896720693068,0.8979058200578107,71,control
2073,706.0,3844.0,706.6196321307821,3843.4699714001463,0.12054610997438431,1,0.44705599888002984,0.9018352124929652,71,check
2074,846.0,3785.0,846.1098799253084,3784.140015415033,0.11967231333255768,1,0.6911121707546386,0.528679446827035,71,control
2075,273.0,4086.0,272.76007331438404,4086.330078064277,0.2816641330718994,1,0.7784212690501331,0.4493356263081433,73,control
2076,270.0,4030.0,271.2897860722572,4029.1604604253034,0.2310856580734253,1,1.1568851133025861,2.2001839259911886,73,control
2077,276.0,4152.0,276.0500431664104,4152.52979241894,0.22269083559513092,1,0.7923914385863721,0.18815035158814114,73,control
2078,286.0,4114.0,287.0,4114.0,0.20542208850383759,1,0.7209439755366063,,73,control
2079,329.0,4134.0,326.68002080521404,4135.729753994062,0.185923233628273,0,3.2731768483401518,0.7859668698447829,73,control
2080,435.0,4019.0,433.21999228010867,4020.0800235091638,0.17657332122325897,1,2.4600802068879304,0.584534356660538,73,control
2081,284.0,4053.0,285.0700785719564,4052.2901106825984,0.17535430192947388,1,0.9026245446534475,0.752384493526566,73,control
2082,292.0,4046.0,293.0,4046.0,0.1724943071603775,1,0.7191327031335559,,73,control
2083,355.0,4200.0,355.9100421186057,4199.630094910047,0.17221827805042267,1,0.6196100052108837,1.0662058201873608,73,control
2084,312.0,4188.0,312.0,4189.0,0.1691439300775528,1,1.2566457410886878,,73,control
2085,326.0,4192.0,327.0,4196.0,0.1688232719898224,0,4.2734659486708155,,73,control
2086,336.0,4152.0,337.0,4150.0,0.1670054942369461,1,1.9118330042651481,,73,control
2087,442.0,4146.0,443.3001048514575,4146.0802399330005,0.1636677235364914,1,1.033000479537143,0.6579466018991598,73,control
2088,293.0,4148.0,294.56003989741913,4147.640057965905,0.16220225393772125,1,1.256438055338499,0.6025411582107293,73,check
2089,293.0,3986.0,292.0099461518946,3986.510002753616,0.16168314218521118,1,1.4938128049275397,0.35269187788950856,73,check
2090,308.0,4026.0,306.0,4029.0,0.1575758010149002,0,3.962115264547658,,73,control
2091,434.0,4144.0,434.76015603758293,4143.610286967883,0.15555895864963531,1,0.483142906660908,0.8478598017924645,73,control
2092,289.0,4165.0,288.82003336713274,4165.710085667783,0.15307070314884186,1,1.0500695922119074,0.3935762802314192,73,check
2093,418.0,4153.0,417.7097252438807,4153.559872230665,0.15197446942329407,1,0.9799303228630422,0.8752642400261712,73,control
2094,263.0,4152.0,263.39007599275317,4152.229827341556,0.15066887438297272,1,0.45500367940294917,0.48820693737341897,73,control
2095,316.0,4114.0,316.810039356463,4113.589872912425,0.15056516230106354,1,0.5340755872088113,0.8783779911713643,73,control
2096,269.0,4007.0,265.01977397604793,4005.140009234236,0.1500905305147171,0,4.599398739277965,0.7622381936728527,73,check
2097,288.0,4094.0,288.02007946206993,4094.280105366833,0.14841794967651367,1,0.5771135090984691,0.6272631050330478,73,control
2098,270.0,4068.0,267.5096787252039,4069.12027556329,0.147798553109169,0,3.10692523653184,0.9818141815711332,73,control
2099,400.0,4151.0,402.42995177551205,4150.470046993411,0.14584656059741974,1,2.14294034845583,1.2467513119784517,73,check
2100,309.0,3993.0,310.83997426981574,3990.2700896442802,0.14518031477928162,1,2.9407553798924115,0.6605034093448863,73,control
2101,282.0,4185.0,283.29002103848404,4184.810030006173,0.14312830567359924,1,0.9795094709071894,0.30345616157216393,73,control
2102,255.0,4102.0,256.6401056664905,4101.020064354723,0.14132244884967804,1,1.5300438810708952,0.9893211769386734,73,check
2103,438.0,4137.0,437.8099815654691,4137.200086241849,0.14058300852775574,1,0.6493316270585497,0.4405025129085913,73,control
2104,410.0,4141.0,410.2600538482715,4141.5301315546985,0.1381615847349167,1,0.746532591752466,0.7914040835800235,73,control
2105,285.0,4084.0,286.7101119220354,4083.899860051347,0.134775772690773,1,1.4016473203024136,1.0485830360982158,73,control
2106,380.0,4002.0,383.0,3998.0,0.13341760635375977,0,4.642219931412655,,73,control
2107,268.0,3985.0,267.0,3978.0,0.12842684984207153,0,6.9103306476199124,,73,control
2108,332.0,4019.0,335.6497676205064,4017.2200760598053,0.12532785534858704,0,3.684284644020449,3.346974825609846,73,control
2109,321.0,4135.0,322.52009412026257,4134.220369291595,0.12474913895130157,1,1.3330854428787795,1.3660320920206495,73,check
2110,425.0,4188.0,426.0,4191.0,0.12426605820655823,0,3.2883526859006698,,73,control
2111,300.0,4070.0,302.0,4069.0,0.12202229350805283,1,1.8596173245417007,,73,control
2112,385.0,4017.0,381.08998413564706,4017.0897985084325,0.12145446240901947,0,4.234722625681334,1.4274472348169978,73,control
2113,606.0,4155.0,606.9399862240585,4155.160099843212,0.3062311112880707,1,0.7327345104762212,0.4768255069824816,74,control
2114,593.0,4168.0,592.7900421430234,4168.4996592004,0.29250553250312805,1,0.8787354612562048,0.5798595111702785,74,control
2115,582.0,4151.0,583.1301485004649,4151.630114825314,0.270731657743454,1,1.1758912028748758,0.5810242822062333,74,check
2116,651.0,4201.0,651.9500739466437,4201.330098137733,0.26903036236763,1,0.8403072351700439,0.29436612258203726,74,control
2117,654.0,4153.0,653.7799719571594,4153.290083371848,0.26631543040275574,1,0.7258367589011591,0.4998355038912949,74,control
2118,570.0,4178.0,571.1500732393035,4178.279907801765,0.256266713142395,1,0.9752592846742719,0.6499007286733806,74,control
2119,577.0,4192.0,575.0,4193.0,0.253722220659256,1,2.6057626865285703,,74,control
2120,635.0,4157.0,634.0,4158.0,0.24913659691810608,1,1.7808923611603382,,74,control
2121,582.0,4136.0,582.1700450967985,4136.610122312433,0.23174118995666504,1,0.8321436819421196,0.6354326361584567,74,control
2122,520.0,4185.0,521.020088072241,4185.230210850218,0.2260914146900177,1,0.8385420277385505,0.7405842171103684,74,control
2123,535.0,4202.0,534.9600157143581,4202.849995274857,0.2247922718524933,1,1.1177499820260308,0.2448918336120235,74,control
2124,626.0,4137.0,626.3000391904111,4137.670136246565,0.22414018213748932,1,0.8795468504675209,0.4744339302083009,74,check
2125,621.0,4151.0,621.5799640543286,4151.390168224431,0.21937601268291473,1,0.6587958240558324,0.31205460141894126,74,control
2126,594.0,4124.0,593.7598769640032,4125.220190003366,0.21476304531097412,1,1.5318299708364507,0.9781427189062648,74,check
2127,654.0,4056.0,650.5697896989328,4059.0401726586097,0.21085713803768158,0,4.953212378560397,0.9005039746017798,74,control
2128,563.0,4190.0,562.9601269629945,4190.860203279989,0.20989163219928741,1,1.1266136056470857,0.29337321567958485,74,control
2129,657.0,3993.0,656.900267119337,3993.500086765586,0.20884686708450317,1,0.8175629926775888,0.2814587671042409,74,control
2130,560.0,4007.0,561.0,4005.0,0.20746983587741852,1,1.9183453220065192,,74,check
2131,642.0,4180.0,642.4001339752134,4180.649720818229,0.20609742403030396,1,0.8643171523689283,0.15071266730505692,74,control
2132,647.0,4014.0,646.0,4016.0,0.19915257394313812,1,2.567112418935801,,74,control
2133,538.0,4163.0,538.3800625413854,4163.4200382168565,0.19864380359649658,1,0.6359462395856941,0.4339282408500348,74,control
2134,623.0,4001.0,623.9100545310279,4000.6706232919996,0.19164395332336426,1,0.6110930328586525,0.8543558238296187,74,control
2135,611.0,4030.0,609.4300003744058,4029.0100454626777,0.18591251969337463,1,2.0365943535554143,0.953197546066098,74,control
2136,520.0,4146.0,519.0,4147.0,0.18273106217384338,1,1.7839528236282478,,74,control
2137,655.0,4129.0,655.9798641198129,4129.380319428514,0.18211276829242706,1,0.8936658555160301,0.7250441282769743,74,control
2138,635.0,4070.0,635.8201749378233,4069.370081208688,0.17943479120731354,1,0.6623389878271654,0.9342310026506495,74,control
2139,662.0,3986.0,662.3000157892725,3985.860031229055,0.17818023264408112,1,0.06755466416682783,0.28162183134122215,74,control
2140,547.0,4143.0,547.4199781546776,4143.220045104993,0.1771191507577896,1,0.4455475748341062,0.5448700553079358,74,control
2141,465.0,4182.0,461.2800576662474,4183.399816285788,0.17639148235321045,0,4.339891547284392,1.3215967016763766,74,control
2142,576.0,4061.0,575.0100424513739,4061.6301054750243,0.17485153675079346,1,1.5478828009194063,0.4898261587223096,74,control
2143,626.0,4108.0,626.2900559029079,4108.480028908038,0.17261894047260284,1,0.6892904934894442,0.25777068499327027,74,control
2144,646.0,4043.0,647.3701770844277,4042.4303508152598,0.17202840745449066,1,1.1203808360843281,1.2285574332438525,74,check
2145,537.0,4176.0,537.0,4175.0,0.1718222200870514,1,0.8460391041656473,,74,control
2146,600.0,4058.0,601.1900205475263,4057.779913691597,0.1671198308467865,1,0.8800123522454634,0.68727285461538,74,check
2147,508.0,4093.0,510.0,4093.0,0.16582819819450378,1,1.7028558014360369,,74,check
2148,609.0,4142.0,615.0,4142.0,0.1657639592885971,0,5.696012208926705,,74,control
2149,489.0,4163.0,489.4199369512676,4163.6100464027895,0.16569136083126068,1,0.8305465950697023,0.27531805676899773,74,control
2150,659.0,4086.0,660.0,4086.0,0.16446860134601593,1,0.7219281389404433,,74,control
2151,503.0,4167.0,508.0,4167.0,0.1624082624912262,0,4.696248705479461,,74,control
2152,640.0,3995.0,639.0,3994.0,0.16239607334136963,1,1.532174678151323,,74,check
2153,674.0,4199.0,674.6900984373908,4199.09006987015,0.27584776282310486,1,0.48699958838057616,0.4606985646810918,75,check
2154,706.0,3995.0,705.8799860243977,3995.160093504226,0.2652638852596283,1,0.5647605456505956,0.30288877915835005,75,control
2155,693.0,4190.0,693.3300433580429,4190.600033533351,0.25609642267227173,1,0.8087964339639035,0.5049861887455075,75,control
2156,773.0,3984.0,770.9501077545698,3985.010097072875,0.2465113252401352,1,2.6536398669305847,0.2650503453541301,75,control
2157,721.0,3994.0,721.1999941683608,3994.0299155800153,0.2408519685268402,1,0.25970686345984595,0.39476108025266693,75,control
2158,683.0,4202.0,685.2100849022495,4202.1398080251065,0.21601557731628418,1,1.9362063453920804,0.46234364128054944,75,control
2159,674.0,4121.0,675.1199510603095,4121.530225741182,0.21518145501613617,1,1.097662141506866,1.1691772895341026,75,control
2160,679.0,4190.0,679.7300642880034,4190.3197579122,0.21140600740909576,1,0.6776715805639589,0.650159280358379,75,control
2161,704.0,4032.0,704.9401033371126,4032.019990399885,0.21048682928085327,1,0.6699994305183036,0.4081688903288133,75,control
2162,777.0,4067.0,776.2400516687225,4067.5501295082563,0.20640185475349426,1,1.307586949348631,0.7334834294222043,75,control
2163,689.0,4159.0,686.9900298650375,4159.78020951095,0.2018776834011078,1,2.518535863351302,0.5014247133920892,75,control
2164,667.0,4181.0,667.1200589812635,4181.540328096546,0.19844576716423035,1,0.7720366302970781,0.8009810583001367,75,control
2165,674.0,4141.0,669.3701634573183,4143.369716716985,0.19633807241916656,0,5.5695965242672605,1.4246703279193043,75,check
2166,703.0,4047.0,700.3499047070201,4048.849828506411,0.19359460473060608,0,3.603466469324597,1.1125247698962815,75,check
2167,675.0,4006.0,674.4401948032577,4006.170040396239,0.19269824028015137,1,0.9482306519095148,0.37249707967156204,75,control
2168,684.0,3996.0,680.8601780822341,3995.3099795852486,0.18871212005615234,0,3.484181649104682,0.9352987002965057,75,control
2169,675.0,4018.0,674.4500798364758,4018.2901508295104,0.1840386688709259,1,0.9932622229089274,0.41819884693800224,75,control
2170,819.0,4162.0,821.1300876981675,4162.300434004168,0.18048620223999023,1,1.8939595302420873,0.6654507347897414,75,control
2171,690.0,4199.0,687.0,4203.0,0.17734098434448242,0,5.351569586367875,,75,control
2172,719.0,4029.0,717.0,4032.0,0.17707568407058716,0,3.9509736299805325,,75,control
2173,712.0,3985.0,712.989918616401,3984.770001505818,0.17688843607902527,1,0.6798919717006469,0.41769958991756057,75,check
2174,731.0,4013.0,731.3801752702592,4012.289823157037,0.15712809562683105,1,0.509836379914382,0.5396980590034005,75,control
2175,678.0,4045.0,678.1701385431638,4044.8204366328714,0.15709470212459564,1,0.14196804460220902,2.1308257805248316,75,control
2176,819.0,4058.0,818.7600298397892,4058.7099736790274,0.15489034354686737,1,1.0650603031898496,1.6811261292577893,75,check
2177,805.0,3987.0,804.3000043259874,3987.0001373447,0.1538502722978592,1,1.0295514546148905,0.2500146593240027,75,check
2178,731.0,4139.0,732.3499821477304,4139.180037576402,0.15362751483917236,1,1.112916392084166,0.3958382399074414,75,control
2179,722.0,4123.0,719.6899660588005,4124.279862530554,0.15327060222625732,0,3.0098708511422076,0.6524179192834116,75,control
2180,768.0,4168.0,768.5000472514315,4168.600157143581,0.14904481172561646,1,0.8296269632135126,0.3456398062456926,75,control
2181,702.0,4202.0,703.9100940451821,4202.170199029082,0.148452028632164,1,1.6488448740939754,0.3780705079780063,75,check
2182,824.0,4155.0,823.0,4155.0,0.14498983323574066,1,1.3209200974568025,,75,control
2183,813.0,4184.0,812.8601350822079,4184.780192448798,0.14063601195812225,1,1.0810761218208438,0.41016387509351243,75,control
2184,696.0,4129.0,694.0,4133.0,0.13908980786800385,0,4.798655821730048,,75,control
2185,695.0,4002.0,700.0,4005.0,0.13541319966316223,0,5.680912073202338,,75,control
2186,816.0,4050.0,815.870039556124,4050.5898792514113,0.13496659696102142,1,0.9061789657904497,0.6559154231109929,75,control
2187,805.0,4054.0,805.9997325478948,4053.4999026694372,0.13281689584255219,1,0.7527954066323098,1.0205775132143575,75,control
2188,744.0,4188.0,745.0199636710636,4188.249685995609,0.12965154647827148,1,0.8483395610839349,0.5076577978940812,75,control
2189,810.0,4078.0,810.439896870909,4077.990049780304,0.12940342724323273,1,0.23531657259176517,0.4138320160282037,75,control
2190,775.0,4077.0,774.0,4078.0,0.12642891705036163,1,1.7780569672596946,,75,control
2191,278.0,4390.0,277.630007537118,4390.98017214257,0.1142660453915596,1,1.3783373548061804,0.4763985791972858,77,control
2192,342.0,4206.0,342.60024953344816,4206.720267102283,0.14971871674060822,1,0.9814394775636359,0.31620561571999517,77,control
2193,277.0,4236.0,279.4399782212312,4236.220047217988,0.1056084930896759,1,2.1750515778961783,0.6002073433274661,77,control
2194,348.0,4381.0,349.5401338591599,4380.750052891272,0.17271141707897186,1,1.2352039371271115,0.7248148912273533,77,check
2195,261.0,4346.0,261.6000282508623,4346.7199568083415,0.11649259179830551,1,0.9853431411056831,0.3156561937449495,77,control
2196,421.0,4355.0,421.8400904845617,4355.170085983829,0.11099492758512497,1,0.6604306833660615,0.549868869422315,77,control
2197,289.0,4407.0,290.04004360770216,4407.6201086112405,0.2327445149421692,1,1.1167239757754115,0.412265934732191,77,check
2198,326.0,4391.0,328.0,4396.0,0.1549784243106842,0,5.488111036118934,,77,control
2199,282.0,4211.0,280.1100682982763,4212.420220990957,0.11049477010965347,1,2.7435789212331803,2.579756058762227,77,control
2200,425.0,4325.0,425.60001240339693,4325.869957307494,0.1110653281211853,1,1.1257239062908702,0.14611716217849388,77,control
2201,284.0,4400.0,284.56002315164557,4400.830164247934,0.197743222117424,1,1.0815007065867812,0.2976523228103463,77,check
2202,292.0,4391.0,294.4498463504862,4390.500158183689,0.10207570344209671,1,2.162191400006935,0.5917282551767915,77,control
2203,316.0,4217.0,314.0,4218.0,0.16366523504257202,1,2.6112035076105737,,77,control
2204,296.0,4240.0,296.7800573752828,4240.449974926825,0.1603194773197174,1,0.8177103545872839,0.3573811036755578,77,control
2205,333.0,4414.0,332.0,4414.0,0.15630817413330078,1,1.3231368049574315,,77,control
2206,433.0,4334.0,433.0,4339.0,0.10442465543746948,0,5.225523727528296,,77,control
2207,271.0,4414.0,272.0,4414.0,0.17346613109111786,1,0.7289889686673151,,77,control
2208,333.0,4404.0,332.0,4406.0,0.12711668014526367,1,2.5750231244395336,,77,control
2209,250.0,4384.0,251.22035133113386,4384.649906445444,0.10484686493873596,1,1.2628407944852804,1.2377361348892697,77,control
2210,270.0,4271.0,270.66995558545943,4271.409966499926,0.11619584262371063,1,0.7258268499414577,0.8139959483977182,77,control
2211,268.0,4423.0,269.0,4423.0,0.10530881583690643,1,0.7292191464761939,,77,check
2212,561.0,4309.0,562.0,4310.0,0.3092719316482544,1,1.3983680378041852,,78,check
2213,596.0,4420.0,597.8699613752949,4420.329881713897,0.29399242997169495,1,1.660169878247598,0.5346079987374383,78,control
2214,615.0,4423.0,615.2299975958739,4424.030024399277,0.26989805698394775,1,1.2452501760565875,0.17969366886277358,78,control
2215,660.0,4243.0,659.8799710752404,4244.2699882205025,0.2663659453392029,1,1.5396374339583259,0.5226413496290828,78,control
2216,478.0,4352.0,479.47008819682145,4353.180046926692,0.25193241238594055,1,1.8184686366025844,0.523273595500605,78,control
2217,528.0,4226.0,528.1900090842412,4226.920019807241,0.24286313354969025,1,1.1389102340135162,0.19346977995917794,78,control
2218,552.0,4422.0,553.2098212523955,4422.7301335931115,0.24213778972625732,1,1.3104536872235506,0.790712319792608,78,control
2219,512.0,4245.0,513.0,4245.0,0.23561091721057892,1,0.7255175647358008,,78,control
2220,632.0,4249.0,631.0,4250.0,0.2253011018037796,1,1.7800973518919792,,78,control
2221,528.0,4251.0,528.8700398725031,4251.65009075061,0.21367725729942322,1,1.0310631347272494,0.30123011531980215,78,control
2222,656.0,4217.0,656.6500380839152,4217.660067540938,0.2106676995754242,1,0.9354613615274346,0.3961379092164716,78,control
2223,641.0,4215.0,642.0799306955565,4214.690116397852,0.2007157802581787,1,0.7806165814515379,0.4194261241665145,78,check
2224,612.0,4364.0,612.9000061644074,4363.970094984962,0.20052319765090942,1,0.6248319465788291,0.4956975906754319,78,control
2225,554.0,4269.0,554.9299754676153,4270.229993369883,0.19922016561031342,1,1.5721224214956737,0.49692084041485235,78,control
2226,609.0,4212.0,609.0700213628916,4212.800006729947,0.19914618134498596,1,1.0379624438404058,0.42297484984229244,78,control
2227,580.0,4208.0,580.6900877142244,4208.159964453318,0.1989251971244812,1,0.5337633204299885,0.49251540516776127,78,control
2228,461.0,4327.0,462.09992426493454,4327.720012960908,0.19866728782653809,1,1.2276867854000322,0.32499598425544707,78,check
2229,528.0,4260.0,528.7900318944255,4260.659871032367,0.19827140867710114,1,0.9983325657071855,0.24403097647775052,78,check
2230,619.0,4409.0,620.2899004395579,4408.919928050132,0.19661442935466766,1,0.9975185420821246,0.4482586173260531,78,control
2231,458.0,4344.0,459.82993377324766,4344.589878353103,0.19187431037425995,1,1.7249370244029558,0.44464911984653394,78,control
2232,515.0,4327.0,515.0,4328.0,0.1905854344367981,1,1.2520615109146918,,78,control
2233,593.0,4389.0,596.0,4384.0,0.18887001276016235,0,5.4947209168912385,,78,control
2234,491.0,4357.0,494.5800769413919,4357.290058914212,0.1871514767408371,0,3.314743708077323,0.7009014454602587,78,check
2235,661.0,4229.0,657.0,4228.0,0.18633529543876648,0,4.377154300965652,,78,control
2236,533.0,4241.0,533.4599550448356,4241.4400500630745,0.1860022395849228,1,0.6707870237074344,0.45653160411442445,78,control
2237,635.0,4401.0,634.0,4401.0,0.1853228509426117,1,1.3185167330937293,,78,control
2238,586.0,4404.0,585.7196537516936,4405.300087049186,0.18216539919376373,1,1.6218493948991315,1.257622305957458,78,control
2239,482.0,4301.0,482.8700303640238,4301.740091050102,0.18215414881706238,1,1.109339995959022,0.3205517339387122,78,control
2240,534.0,4399.0,533.4100404547644,4399.630042085163,0.18191221356391907,1,1.2290369242520636,0.641452364511029,78,control
2241,643.0,4205.0,643.6298036330637,4204.910178564997,0.18156924843788147,1,0.34535260648150584,0.36611600469331773,78,control
2242,567.0,4400.0,567.3000180604573,4400.870136912101,0.17992134392261505,1,1.084224447830581,1.1917394678309394,78,check
2243,601.0,4356.0,602.9500857263079,4356.250203521287,0.17901238799095154,1,1.7111126760788307,2.0011465902801726,78,control
2244,657.0,4397.0,656.0598617984635,4398.31001069825,0.17858853936195374,1,1.96387072978881,0.428151640543976,78,control
2245,642.0,4272.0,642.6500319031186,4272.750173490198,0.17631982266902924,1,1.0211325790031829,0.3294944224801794,78,control
2246,540.0,4308.0,541.6502892648153,4308.440588402327,0.17505593597888947,1,1.4961753592657057,0.8027372449979681,78,control
2247,500.0,4276.0,503.0001301074054,4276.8001016565495,0.17494821548461914,1,2.8787596146951633,0.652219397013745,78,check
2248,567.0,4374.0,565.0,4373.0,0.17487972974777222,1,2.4333378381210156,,78,control
2249,482.0,4270.0,482.0,4272.0,0.17327634990215302,1,2.235654421782476,,78,control
2250,624.0,4210.0,623.9397347776082,4210.540107763097,0.1728680431842804,1,0.8350851169253783,0.3090686966750457,78,control
2251,534.0,4294.0,538.7101620519954,4291.520175736135,0.1721656322479248,0,4.953861206701177,0.4909052801354907,78,control
2252,544.0,4336.0,541.0,4338.0,0.17051824927330017,0,3.9771661877912035,,78,control
2253,556.0,4242.0,556.6699513594687,4242.449966633033,0.16896450519561768,1,0.7556942050690282,0.3365042487435107,78,check
2254,575.0,4421.0,577.5199975044042,4421.040055070987,0.16879484057426453,1,2.2330078502573762,0.5484176810923452,78,control
2255,547.0,4260.0,547.5200026287031,4260.959949155003,0.16786235570907593,1,1.1921849393659536,0.3201770889044572,78,control
2256,822.0,4378.0,820.6699925628786,4379.059965335237,0.34134528040885925,1,2.0644850356733055,0.49046355143266945,79,check
2257,817.0,4424.0,818.3198256862419,4423.6600393318795,0.2614224851131439,1,1.0298397227980527,1.4630073607640388,79,control
2258,833.0,4251.0,834.6901811605898,4251.370278773756,0.25981318950653076,1,1.5025134776282296,0.32269214549864417,79,control
2259,839.0,4302.0,839.0099799598207,4303.190001688758,0.25605508685112,1,1.426270554753926,0.2134549025123895,79,control
2260,666.0,4218.0,666.8299457111012,4218.540089486257,0.25469356775283813,1,0.91484161253227,0.3502240429377026,79,check
2261,803.0,4231.0,803.300037975724,4231.650030530242,0.2541038990020752,1,0.856256537080196,0.1624371783850635,79,control
2262,807.0,4418.0,806.7599907493747,4419.07997491027,0.25379130244255066,1,1.396523866682239,0.48699982549287774,79,control
2263,804.0,4252.0,805.1500059398304,4252.980121430681,0.24726121127605438,1,1.4579857950184467,0.4624471406302959,79,control
2264,818.0,4291.0,819.6499238239751,4290.709965385236,0.24393516778945923,1,1.350829986332937,0.41068620354061514,79,check
2265,831.0,4354.0,829.5799681221298,4355.320062341724,0.23716150224208832,1,2.3001493823570667,0.6192211675395931,79,control
2266,803.0,4217.0,803.4901717266927,4217.390046410818,0.23683953285217285,1,0.6245802397505004,0.5458118461032104,79,control
2267,819.0,4230.0,818.9600253810268,4230.790100724965,0.23118527233600616,1,1.0533775361659645,0.48441563233944834,79,control
2268,822.0,4222.0,820.0,4223.0,0.22523842751979828,1,2.5998136517262225,,79,control
2269,826.0,4273.0,819.0,4272.0,0.21272258460521698,0,7.345145532334984,,79,control
2270,840.0,4272.0,840.4100372852713,4272.6600421849935,0.2125539630651474,1,0.8725962076301457,1.1307769810020025,79,control
2271,829.0,4234.0,829.0099280332444,4234.649897569722,0.20926587283611298,1,0.9043092381390885,0.12815095471230284,79,control
2272,840.0,4257.0,838.0500399969173,4258.55979251877,0.2036961019039154,1,2.8617046566973983,0.7164758128738086,79,check
2273,682.0,4271.0,683.6399547455103,4271.480174862909,0.20362085103988647,1,1.5036815510959893,1.2285928870257912,79,control
2274,677.0,4402.0,678.0299472749459,4402.500004833334,0.2024947553873062,1,1.0187710522088642,0.4767047730829547,79,control
2275,786.0,4407.0,787.2599166617613,4407.860241630285,0.19868122041225433,1,1.4372869361055642,1.1658771845681015,79,control
2276,787.0,4373.0,789.0,4373.0,0.19772832095623016,1,1.7126707864587574,,79,control
2277,810.0,4370.0,811.4699186826224,4370.689735002185,0.19537024199962616,1,1.4746508749171576,0.8826466125856334,79,check
2278,813.0,4345.0,813.6701663030684,4345.5102771266365,0.1907968670129776,1,0.80731073130099,0.6180722837123513,79,control
2279,850.0,4381.0,850.6797770706266,4378.099973180208,0.190710186958313,1,2.719909497161066,0.50371751665881,79,control
2280,666.0,4393.0,667.4300266286585,4393.729938881157,0.189959317445755,1,1.4700314653898738,0.694641215463391,79,control
2281,673.0,4234.0,673.1496686006881,4234.109920546789,0.18783162534236908,1,0.3550692108492059,0.2845180492667237,79,control
2282,809.0,4322.0,809.8903920691666,4322.380293281622,0.18674230575561523,1,0.8321577227103241,0.8609766469098128,79,control
2283,834.0,4211.0,835.1696750062279,4211.0499224601235,0.18346856534481049,1,0.9030295039209691,0.47527114334015447,79,control
2284,804.0,4278.0,802.6996029732509,4278.780086533478,0.18079610168933868,1,1.882081169559391,1.2184147082682335,79,control
2285,774.0,4423.0,771.3794831060825,4428.809739203758,0.18026362359523773,0,6.689814285628427,3.8095834380505393,79,check
2286,794.0,4412.0,798.0198933602869,4412.010005473955,0.18017235398292542,0,3.727327207679919,0.5968674751692484,79,control
2287,696.0,4393.0,696.0,4393.0,0.1760888695716858,1,0.3672646542917271,,79,control
2288,841.0,4347.0,842.8700333753274,4347.679985200672,0.16711577773094177,1,1.8031132165696544,0.48199968507668794,79,control
2289,400.0,4597.0,400.6699958905612,4598.060070985006,0.1578330248594284,1,1.3332260474512363,0.12948551931177407,81,control
2290,293.0,4454.0,292.8299657845574,4455.3500888539975,0.1755465567111969,1,1.641547909509906,0.2359551763429508,81,control
2291,344.0,4629.0,344.70015520516387,4629.4898576304995,0.10266236960887909,1,0.8172775275920177,0.5010556340364506,81,control
2292,435.0,4616.0,436.77011560756847,4615.9300777897015,0.16505396366119385,1,1.479256583553431,0.45507079160984654,81,control
2293,386.0,4534.0,384.0,4535.0,0.1139073446393013,1,2.6046308556701048,,81,control
2294,421.0,4559.0,422.0101082706098,4560.0703149110595,0.17535993456840515,1,1.4724520406585506,0.3691286198474778,81,control
2295,383.0,4552.0,382.0900686554623,4552.289795846286,0.10466307401657104,1,1.3137986376544728,0.898998297385561,81,control
2296,419.0,4638.0,419.0,4632.0,0.11934354901313782,0,5.787116035039268,,81,check
2297,328.0,4603.0,327.7400818580014,4604.280181434667,0.11759485304355621,1,1.603616959676527,0.5337086732097481,81,control
2298,296.0,4444.0,296.8300069879673,4444.960087556201,0.1394471824169159,1,1.2929797196070891,0.5320404485345911,81,check
2299,437.0,4558.0,434.9101889717847,4561.240090284568,0.10250967741012573,0,4.204510745020437,0.40711064643652384,81,control
2300,417.0,4612.0,418.3903627781958,4612.610135572335,0.11788862943649292,1,1.3715789702522463,0.4817379175592886,81,control
2301,364.0,4642.0,365.1000269034,4642.780115482656,0.10172528773546219,1,1.283115185102242,0.330682599103332,81,control
2302,403.0,4559.0,401.11009455252906,4561.140114409437,0.17555563151836395,0,3.219880939322116,0.5982034064755576,81,control
2303,358.0,4625.0,359.0600331092789,4625.720111057004,0.13359937071800232,1,1.2109311710654003,0.22400632532367323,81,control
2304,366.0,4631.0,369.97989729498084,4630.939895365257,0.13309824466705322,0,3.6844965841050983,1.1903850994234308,81,control
2305,311.0,4471.0,311.36000648045416,4471.950037867533,0.10223748534917831,1,1.1726169927795986,0.34349466807482576,81,control
2306,286.0,4630.0,293.0697649503319,4628.290226315415,0.1095924898982048,0,6.931005215197951,1.2959527777206663,81,control
2307,287.0,4470.0,289.35015118736095,4469.58003225211,0.15090340375900269,1,2.055840032307867,1.1573103010015453,81,control
2308,374.0,4605.0,373.0,4605.0,0.10904689878225327,1,1.318263982183566,,81,control
2309,338.0,4639.0,338.0,4640.0,0.17087046802043915,1,1.2587146034845067,,81,control
2310,269.0,4485.0,268.88008095100025,4486.229984759712,0.14198936522006989,1,1.5129468928205805,0.36557546033121496,81,control
2311,381.0,4624.0,386.2501508545927,4622.580021687133,0.11518562585115433,0,5.094242245412286,1.3673355349058247,81,check
2312,421.0,4597.0,419.0,4598.0,0.1220017746090889,1,2.6028534731645974,,81,check
2313,434.0,4582.0,435.1693381416542,4589.2700388250305,0.14363305270671844,0,7.54007215226031,1.6377561551454278,81,check
2314,317.0,4572.0,318.449969960716,4572.3301542903,0.1460886299610138,1,1.2748660514937518,0.6373600379570581,81,control
2315,419.0,4629.0,420.32025583899133,4629.62013153781,0.14499670267105103,1,1.3232413673256864,0.5119303929087711,81,control
2316,272.0,4460.0,274.0,4460.0,0.10402736812829971,1,1.7101523812734998,,81,control
2317,423.0,4585.0,424.72015484797794,4585.6202827751695,0.17556273937225342,1,1.6505926031538898,0.657768202166304,81,control
2318,469.0,4532.0,469.6399874969387,4533.170173831328,0.20375540852546692,1,1.429288708055197,0.6850254769808471,82,control
2319,478.0,4496.0,479.73008377953045,4496.230074562016,0.13376690447330475,1,1.4976229941365464,0.5931140362165015,82,check
2320,619.0,4641.0,619.4500013392676,4641.969941792797,0.2380010485649109,1,1.1957599063030302,0.4285816443956383,82,control
2321,656.0,4489.0,658.2898160779322,4489.750036461877,0.14021438360214233,1,2.211662195214868,0.6421844354406276,82,control
2322,469.0,4549.0,469.80000657175776,4549.8998728875085,0.13348160684108734,1,1.225017421171016,0.5721613649159301,82,control
2323,461.0,4508.0,462.6697963706872,4507.980183023926,0.11325479298830032,1,1.383261564696461,0.6668502075332489,82,check
2324,565.0,4616.0,565.2592333733057,4624.1697343791175,0.1125820130109787,0,8.386726049412719,3.0786418094742123,82,check
2325,597.0,4643.0,596.4201230530506,4643.880146295667,0.17450964450836182,1,1.4032969557198955,0.3311474579272525,82,control
2326,649.0,4616.0,650.1000584401412,4616.4500087347515,0.22020244598388672,1,1.043399670175531,0.5265727164675098,82,control
2327,580.0,4632.0,579.8699773809498,4633.209986964343,0.13029971718788147,1,1.4889833003772852,0.5092421018051965,82,check
2328,504.0,4640.0,504.36001176294263,4640.900037701149,0.11701945960521698,1,1.1204122196749757,0.28155258985013415,82,check
2329,496.0,4530.0,496.6699008057691,4530.960073979921,0.21231719851493835,1,1.2342883422828164,0.4778845513399247,82,control
2330,632.0,4591.0,634.2299597201466,4591.420131346843,0.10473441332578659,1,2.034922947718935,0.7379365515549594,82,control
2331,582.0,4610.0,582.890008244126,4609.95009386191,0.18881314992904663,1,0.6160860954611244,0.8285456794847856,82,control
2332,628.0,4645.0,630.0,4649.0,0.17268791794776917,0,4.547268610301222,,82,control
2333,494.0,4516.0,493.2498731538896,4517.240136188538,0.15621477365493774,1,1.7964997739882647,0.6346837987402605,82,control
2334,602.0,4622.0,602.1500069963281,4622.970121397404,0.16987627744674683,1,1.1950963070626863,0.5335638496021031,82,control
2335,582.0,4598.0,580.7600179019356,4599.759762545874,0.1330290138721466,1,2.5034241206028462,0.9257115622829537,82,control
2336,646.0,4645.0,647.9702581601746,4644.65030595976,0.1438296139240265,1,1.6804912941623715,0.6453944348293544,82,control
2337,560.0,4637.0,555.7000706853487,4636.289860292645,0.10974769294261932,0,4.62278833430605,2.5196172848975746,82,control
2338,614.0,4628.0,614.3999071445891,4628.859939471946,0.2000560164451599,1,1.0807155849821675,0.5438661724388293,82,control
2339,447.0,4599.0,447.0300476422265,4600.550001672036,0.15429635345935822,1,1.7897871657766329,0.5370419185880411,82,control
2340,448.0,4626.0,451.0,4628.0,0.12798626720905304,0,3.496855706866663,,82,control
2341,594.0,4617.0,594.7000477587785,4617.570072523935,0.11605628579854965,1,0.8837086824524611,0.5673700626097217,82,control
2342,639.0,4429.0,637.0,4434.0,0.209544375538826,0,5.697829975989781,,82,control
2343,492.0,4628.0,417.0,4616.0,0.11108709126710892,0,76.2145460898182,,82,control
2344,485.0,4466.0,488.0,4468.0,0.11968272179365158,0,3.4923560423209827,,82,control
2345,635.0,4436.0,637.2098337721783,4435.58002744419,0.24382641911506653,1,1.920636458840422,0.5878098926697203,82,control
2346,664.0,4531.0,662.1198959134111,4532.799381441504,0.11991236358880997,0,2.965506849496979,1.5506521177550627,82,control
2347,450.0,4642.0,455.0,4642.0,0.16355448961257935,0,4.707512293778007,,82,check
2348,631.0,4629.0,623.0,4628.0,0.10847166925668716,0,8.332885197158864,,82,control
2349,606.0,4441.0,606.2601077296538,4442.02012985758,0.19652897119522095,1,1.2344399262385455,0.09977261674294703,82,control
2350,733.0,4540.0,735.6102309735062,4540.7698457260885,0.1028883159160614,1,2.513223091916985,0.8963426856932981,83,control
2351,781.0,4450.0,783.7699918391492,4450.069975933491,0.15675091743469238,1,2.4875024431766635,1.203086018960193,83,control
2352,765.0,4519.0,765.629868977731,4519.260070752234,0.1312931329011917,1,0.5767100315476649,1.4104996415522788,83,control
2353,807.0,4465.0,803.6499070782015,4466.9000716672645,0.171377032995224,0,4.213572366040859,0.4081069322601194,83,control
2354,721.0,4530.0,720.3599048984864,4531.879935312509,0.16355672478675842,1,2.2922179896586456,1.8683422188928411,83,check
2355,678.0,4519.0,676.8600250482585,4520.790090159988,0.17328093945980072,1,2.4656120687590994,0.4909572607327074,83,control
2356,722.0,4561.0,721.4697593096607,4563.2298457765855,0.11282885819673538,1,2.5782392969185652,0.5959960621384364,83,control
2357,675.0,4448.0,676.8798805328181,4448.190202581508,0.12499652802944183,1,1.6306576746311898,0.4524431585429838,83,check
2358,689.0,4496.0,691.7101502723312,4495.600070352581,0.13761280477046967,1,2.419183684177977,0.8529576603310721,83,control
2359,745.0,4644.0,746.400081783087,4644.270145480468,0.1428450495004654,1,1.206938643071104,0.6944503121656355,83,control
2360,677.0,4459.0,678.0900756272065,4459.350218645023,0.12282617390155792,1,0.9703153217478572,1.1228743306475768,83,check
2361,785.0,4598.0,784.0,4595.0,0.10091493278741837,1,3.074670911090084,,83,control
2362,689.0,4436.0,691.6901002340071,4436.009858304396,0.10315918922424316,1,2.4006105453230706,0.9417135368669812,83,check
2363,753.0,4478.0,757.110430095055,4473.0905268590805,0.13666385412216187,0,6.051151886421803,1.9055804769922782,83,control
2364,767.0,4610.0,764.2497037978801,4611.779930013631,0.10183551162481308,0,3.6384439316998005,0.8289819525595469,83,control
2365,702.0,4470.0,700.0,4472.0,0.10905319452285767,0,3.189970617441501,,83,check
2366,725.0,4438.0,727.9501561952741,4437.519989792541,0.14598369598388672,1,2.6645808079417725,1.6548058760421422,83,check
2367,698.0,4560.0,699.0,4561.0,0.16022880375385284,1,1.4020816903950766,,83,control
2368,785.0,4627.0,787.6101114310776,4626.869743736771,0.12856091558933258,1,2.31767364381439,0.7159891885767034,83,control
2369,832.0,4430.0,831.3998760315875,4431.0596231881755,0.2246015965938568,1,1.5536092587546237,0.6487319399809718,83,control
2370,799.0,4641.0,796.0,4640.0,0.14190010726451874,0,3.3865193853732634,,83,control
2371,737.0,4637.0,736.989693582393,4637.900008593781,0.1856166422367096,1,1.1538053458910018,0.5421239672169401,83,control
2372,827.0,4645.0,825.0,4646.0,0.1159304827451706,1,2.593000764296695,,83,control
2373,691.0,4455.0,688.8696416802343,4457.229468765099,0.12489278614521027,0,3.4442387910983427,0.9358044167257648,83,control
2374,771.0,4620.0,772.9300939535461,4620.1400953924785,0.20774315297603607,1,1.6733018164326958,0.884016291821857,83,control
2375,735.0,4552.0,735.0300796535363,4553.31021217293,0.11635777354240417,1,1.5452017087323149,0.4240034357351395,83,control
2376,735.0,4593.0,735.0,4595.0,0.11948281526565552,1,2.232019511030988,,83,check
2377,755.0,4633.0,758.0,4628.0,0.1657961755990982,0,5.499446534022076,,83,control
2378,722.0,4448.0,718.3699414346138,4449.439617955519,0.18511012196540833,0,4.261745881136759,1.4849270153295047,83,control
2379,728.0,4498.0,730.2793348636376,4498.209733297537,0.10148083418607712,1,2.025855146567466,1.6928722047043023,83,control
2380,702.0,4433.0,704.6801047431002,4433.030068613991,0.14759336411952972,1,2.392665947578981,1.5531866357089705,83,control
2381,679.0,4540.0,680.9500561443725,4540.530204453039,0.10661996901035309,1,1.8121904222832734,0.5299315439710467,83,control
2382,705.0,4523.0,706.880068273028,4523.349985159034,0.18979968130588531,1,1.6795558601027745,0.4665127224286937,83,control
2383,726.0,4459.0,727.8199256043683,4458.730089062019,0.17208153009414673,1,1.5223584248770354,0.6006733604836256,83,control
2384,674.0,4529.0,668.0,4532.0,0.1170472502708435,0,7.070048532326899,,83,check
2385,754.0,4623.0,758.0,4628.0,0.12371845543384552,0,6.395346733458853,,83,control
2386,722.0,4472.0,721.0,4471.0,0.11926735937595367,1,1.5193079603692723,,83,control
2387,711.0,4544.0,714.2300751947739,4544.390339218868,0.12917552888393402,1,2.9945483609572356,1.552831949979184,83,control
2388,805.0,4443.0,801.8601062403911,4446.989981848073,0.15277770161628723,0,5.426832363948068,0.8909608272848244,83,control
2389,792.0,4456.0,790.080082831224,4457.250111605988,0.10247593373060226,1,2.6550058787667297,1.441299823856219,83,control
2390,371.0,4834.0,371.92996490263846,4834.329993702651,0.13040868937969208,1,0.843612204395471,0.279401072848083,85,control
2391,290.0,4677.0,291.0298553596469,4677.370007728418,0.15825559198856354,1,0.9421314982276995,0.3178392065521687,85,control
2392,372.0,4848.0,372.1900250898961,4848.800125057689,0.1008000522851944,1,1.0297603427700985,0.4264072061785985,85,control
2393,286.0,4685.0,286.8200173614779,4685.829980417336,0.18918535113334656,1,1.176311919794602,0.18833743195861277,85,control
2394,352.0,4841.0,353.3100850768283,4841.109712840484,0.1545361429452896,1,1.0697049545561033,0.8676670999496556,85,control
2395,285.0,4666.0,286.11997187388425,4667.270013576446,0.12220544368028641,1,1.7049001172256206,0.2903887299223239,85,control
2396,307.0,4680.0,308.45012965005674,4680.850255015099,0.20494069159030914,1,1.5748147892538993,0.7425571004919804,85,control
2397,344.0,4848.0,342.5701730494049,4849.380054829522,0.12836958467960358,1,2.3554366472147654,1.5627601944404432,85,control
2398,336.0,4833.0,331.6798768051491,4835.029547020511,0.1358976811170578,0,5.135972468931033,1.038364090103758,85,control
2399,358.0,4793.0,358.2497450012901,4794.389928715835,0.13846243917942047,1,1.6146440074616082,0.7953435591868155,85,control
2400,337.0,4813.0,335.82003637843627,4814.649979818352,0.13006773591041565,1,2.385428746758039,1.1728272248026401,85,control
2401,357.0,4803.0,356.170155712677,4804.4999073191675,0.1158486157655716,1,2.0585772600137884,0.7024800086626737,85,check
2402,439.0,4671.0,438.02985852914,4672.340007628588,0.13327063620090485,1,2.010328738879211,0.6488725340122566,85,control
2403,399.0,4758.0,399.66993461369515,4758.640072915062,0.16496407985687256,1,0.9404647203907521,0.6932706623498092,85,control
2404,336.0,4652.0,337.65984356342744,4652.469968970772,0.16279736161231995,1,1.5271963444079224,0.33527378066021035,85,check
2405,354.0,4656.0,354.9597378554655,4656.480004026662,0.1275758445262909,1,0.964705398180063,0.8340490055075657,85,control
2406,402.0,4657.0,402.52012866830734,4657.83015669426,0.13866719603538513,1,1.0746880715072094,0.36636017023199335,85,check
2407,386.0,4807.0,387.250030413856,4807.720025480691,0.17463941872119904,1,1.3429464914210283,0.3660815734977591,85,control
2408,358.0,4767.0,360.2200537151642,4767.530127328708,0.10223900526762009,1,2.066702281161727,1.4181392477200456,85,control
2409,296.0,4649.0,297.2900337164564,4649.690029606852,0.1859729140996933,1,1.347738392572315,0.7031125293340609,85,control
2410,327.0,4648.0,327.57003163690393,4648.750165038216,0.15764278173446655,1,1.0102097151845595,0.20665927308421148,85,control
2411,335.0,4767.0,337.0,4766.0,0.10653428733348846,1,1.8722207104761661,,85,check
2412,366.0,4796.0,366.6500106149752,4796.920068406135,0.1026042252779007,1,1.1978112213406626,0.3158550185434483,85,control
2413,415.0,4694.0,413.8201464123856,4695.640082107162,0.10335274785757065,1,2.3761406745605287,0.35352842727811934,85,control
2414,604.0,4659.0,605.130062924152,4659.440117520737,0.27784964442253113,1,1.0619571425440044,0.7312052238257756,86,check
2415,652.0,4721.0,652.500019624302,4721.830052259178,0.27690181136131287,1,1.0662877547851657,1.0037836572598284,86,control
2416,627.0,4724.0,627.0,4725.0,0.2509067952632904,1,1.2515432849313697,,86,control
2417,647.0,4745.0,647.9101488248724,4745.620091549088,0.2410329282283783,1,1.0396926211598232,0.3564701202755668,86,control
2418,612.0,4652.0,612.7501058743461,4652.989970226598,0.2382505238056183,1,1.288945628030191,0.370227362708723,86,control
2419,618.0,4665.0,618.9900585486647,4665.540314362075,0.2379591017961502,1,1.0272618184732014,0.9839234584320278,86,control
2420,653.0,4680.0,656.0,4681.0,0.2268337607383728,0,2.9662572185017764,,86,control
2421,576.0,4718.0,581.1902460561029,4717.740223852432,0.2188088297843933,0,4.896221015748657,1.1809291359486276,86,control
2422,651.0,4762.0,650.3200380422776,4762.650032643237,0.20471233129501343,1,1.3023680254211047,0.22109920272926736,86,control
2423,661.0,4748.0,662.2999270434665,4748.7000340243085,0.20401710271835327,1,1.3617257350091303,0.32297242927075565,86,check
2424,632.0,4662.0,632.0,4666.0,0.1998530626296997,0,4.226094652424574,,86,control
2425,641.0,4680.0,640.8297843833337,4685.1303060768105,0.19086942076683044,0,5.366264381789059,1.8191608255863505,86,control
2426,457.0,4705.0,457.94998821214125,4705.109995083557,0.18078431487083435,1,0.7327289054664875,0.3510326313793872,86,control
2427,575.0,4731.0,573.7298487624746,4732.359764700673,0.1807280033826828,1,2.221681364039726,0.6807246220059153,86,control
2428,617.0,4685.0,617.2101339757119,4685.770123743171,0.16582152247428894,1,0.990131907878385,0.17712760568037997,86,control
2429,658.0,4705.0,662.2902744397402,4706.379916270135,0.16020803153514862,0,4.30347932536118,1.4048084174887712,86,check
2430,652.0,4784.0,652.0,4785.0,0.15505418181419373,1,1.2512586942975108,,86,control
2431,577.0,4676.0,577.9200284174126,4676.760096399144,0.15323667228221893,1,1.1599829868875198,0.316974056589753,86,control
2432,649.0,4697.0,647.0,4701.0,0.14907169342041016,0,4.7994821754713355,,86,check
2433,643.0,4781.0,643.0,4782.0,0.1460881531238556,1,1.2514793906698545,,86,control
2434,622.0,4717.0,619.0,4716.0,0.13859064877033234,0,3.385628959552207,,86,control
2435,637.0,4763.0,635.2398365669333,4766.459713265054,0.13815493881702423,0,4.210790497653529,0.8068647971406819,86,control
2436,664.0,4795.0,667.8600286923202,4795.850407308956,0.1378374546766281,0,3.72488186188723,1.0339748918231226,86,control
2437,578.0,4648.0,578.2700123617594,4648.859922409793,0.13740387558937073,1,1.0771309380696168,0.351120775072816,86,control
2438,491.0,4829.0,344.2397537363738,4554.370138892321,0.12776467204093933,0,311.33106576487006,3.16389240706895,86,check
2439,458.0,4687.0,460.0,4687.0,0.12238430231809616,1,1.7177185388081495,,86,control
2440,472.0,4671.0,472.7597248283357,4671.6601947952295,0.11216587573289871,1,0.9943479379692005,0.3216939176870915,86,control
2441,694.0,4697.0,694.6900403300178,4697.640071700375,0.2790185809135437,1,0.9423252496747745,0.21055158131263796,87,control
2442,682.0,4768.0,682.7399390726237,4768.600080177439,0.265483558177948,1,0.9309286314672898,0.3151398735239887,87,control
2443,703.0,4671.0,702.7000845780082,4672.189965609647,0.2578292787075043,1,1.5244809785140616,0.8583101781375733,87,control
2444,811.0,4835.0,811.8700388160054,4835.660090783887,0.2473272681236267,1,1.0494813889982129,0.2057675186917651,87,check
2445,766.0,4818.0,767.4703037223503,4819.140040138219,0.24656972289085388,1,1.7969350413265748,1.4565718309499691,87,control
2446,738.0,4669.0,738.4700175696657,4669.880154905839,0.24037352204322815,1,1.107568809152664,0.2596515348925621,87,control
2447,777.0,4832.0,778.2200260880347,4832.760022444305,0.23711779713630676,1,1.3476644729876752,0.754361006893012,87,control
2448,795.0,4849.0,792.2898753999923,4851.220140347975,0.2367924302816391,0,3.8622040930128887,0.4835710296587366,87,check
2449,793.0,4751.0,795.0,4751.0,0.22956356406211853,1,1.7224657223900446,,87,control
2450,810.0,4797.0,811.6800184266685,4797.91028284189,0.22771738469600677,1,1.7876597147706152,1.037677725627997,87,control
2451,782.0,4819.0,781.9100881299355,4820.099776197068,0.2253437638282776,1,1.3674327523382448,0.6501050684677786,87,control
2452,735.0,4820.0,735.9200454795651,4820.630201616314,0.22103285789489746,1,1.0544730296890403,0.5682357050847251,87,control
2453,812.0,4851.0,812.0,4853.0,0.22011826932430267,1,2.232382531713677,,87,control
2454,778.0,4789.0,778.45993481319,4789.599944945734,0.21547289192676544,1,0.8312545398985868,0.6630661891248143,87,control
2455,816.0,4728.0,816.7601803370299,4728.380286202517,0.21213959157466888,1,0.7556341516037296,0.6193808048352628,87,control
2456,702.0,4737.0,702.6900265955479,4737.770072132974,0.20545977354049683,1,1.0623328709187485,0.2080190549159363,87,control
2457,709.0,4832.0,710.9201511293342,4829.630198288632,0.20416025817394257,1,2.7013199603670928,4.456132885525093,87,check
2458,790.0,4811.0,789.4899136248771,4812.769843031165,0.20004627108573914,1,2.138632132058643,1.734022093926592,87,control
2459,753.0,4808.0,752.0,4811.0,0.1977979987859726,0,3.463767160596106,,87,control
2460,671.0,4765.0,672.1599152724954,4764.870231098585,0.19777534902095795,1,0.8722672089605975,1.078412375728979,87,control
2461,724.0,4702.0,724.0,4702.0,0.19764094054698944,1,0.36267980305282504,,87,control
2462,753.0,4754.0,753.0,4757.0,0.19556990265846252,0,3.227128801395444,,87,check
2463,695.0,4762.0,696.1399287822221,4762.710122803392,0.19434276223182678,1,1.2554585009136756,0.4360964482529419,87,control
2464,727.0,4668.0,727.539928898608,4668.690059346976,0.1941586136817932,1,0.9365352573815752,0.05658930210485701,87,control
2465,749.0,4673.0,753.0699621990209,4672.3600085934495,0.19281382858753204,0,3.800851575869144,0.8497501890259928,87,control
2466,803.0,4767.0,804.0300699868676,4767.370106722822,0.1903780698776245,1,0.9419187958927695,0.5710292594615863,87,control
2467,804.0,4718.0,806.3000530830707,4718.570241563565,0.1898675113916397,1,2.1556734601515877,1.0914980565494532,87,check
2468,806.0,4808.0,807.18002928261,4808.760123868084,0.18950067460536957,1,1.3195281745442795,1.0210625876703054,87,control
2469,768.0,4777.0,769.2200703027482,4777.309915297079,0.18799647688865662,1,1.0670348242547985,0.47778606904746873,87,control
2470,823.0,4757.0,823.5900430085532,4757.579955285968,0.18472334742546082,1,0.8470468485064395,0.1188573011576621,87,control
2471,766.0,4658.0,766.9498721555849,4658.240104493607,0.18400326371192932,1,0.7973594193406249,0.5593409066087575,87,control
2472,790.0,4772.0,791.0,4773.0,0.1801314353942871,1,1.4055958855200412,,87,check
2473,705.0,4864.0,708.5500558697971,4863.520162159854,0.17813079059123993,0,3.271617308092209,1.3560147321347318,87,control
2474,421.0,5072.0,423.8101519779763,5071.65029238348,0.18315191566944122,1,2.5256719035106587,0.6073489031747329,89,control
2475,423.0,4976.0,424.42978078107575,4976.120158133856,0.18268412351608276,1,1.190966768349565,0.7035596280157372,89,control
2476,379.0,4985.0,380.3800361289432,4985.670039048777,0.1655011624097824,1,1.4108758023627497,0.25137692921700333,89,control
2477,399.0,5025.0,400.46991899900144,5025.749946501384,0.16369037330150604,1,1.5320111110673014,0.4850241937703908,89,check
2478,397.0,5060.0,398.9699079848705,5059.869999725591,0.161249577999115,1,1.6845557221358316,0.16038587302723012,89,control
2479,361.0,4976.0,361.7601249245813,4976.809970684113,0.16030752658843994,1,1.137637913300266,0.8250161753632246,89,control
2480,374.0,5060.0,376.73004770041945,5059.5399699438285,0.15885868668556213,1,2.4527544750547987,0.47363138776735203,89,control
2481,365.0,5000.0,366.26995863856666,5000.400029856511,0.1549006551504135,1,1.1631173078572503,0.18872524286713144,89,control
2482,316.0,4920.0,317.1900694627991,4920.380123660062,0.15403427183628082,1,1.083391940371705,0.6077564119137453,89,control
2483,373.0,5035.0,375.2000800610528,5035.280124383791,0.15172924101352692,1,1.9771252202724097,0.3734328580672112,89,control
2484,434.0,4983.0,432.56003794261323,4983.690163782058,0.14960460364818573,1,1.9565397805796014,1.318125747398365,89,control
2485,357.0,4890.0,357.11001394232557,4890.839905439277,0.14564791321754456,1,1.0807711970442342,0.35743621213802695,89,control
2486,381.0,5004.0,379.3703930336962,5004.259920995112,0.14468984305858612,1,1.9799174530282546,0.6342180903672785,89,check
2487,397.0,4949.0,398.4200119626036,4949.900044040135,0.14067798852920532,1,1.5940188029715399,0.33113532038859,89,control
2488,317.0,5033.0,318.41991825068817,5033.850258500971,0.13968706130981445,1,1.5620435612087415,0.522256380075502,89,control
2489,418.0,4954.0,419.1701181533287,4954.950225765932,0.13741940259933472,1,1.4676647282701507,0.692452207198972,89,control
2490,311.0,4964.0,312.96003050532573,4964.709994808982,0.13652755320072174,1,1.9137661057130275,0.5065829773437259,89,check
2491,333.0,5015.0,333.6999829960403,5016.119863054622,0.1352335661649704,1,1.4082949952829065,1.5287483833798419,89,control
2492,383.0,4969.0,384.0199273264025,4969.720110158696,0.1347503513097763,1,1.1943540225172737,0.5328419441532157,89,control
2493,338.0,4962.0,339.08014939057847,4962.6201095095485,0.13364505767822266,1,1.1573112410506698,0.2839836173374639,89,check
2494,432.0,5032.0,435.52992585402757,5031.7501641399085,0.1325346827507019,0,3.2416754006125283,2.1357589287139627,89,control
2495,392.0,5077.0,396.0,5076.0,0.13116571307182312,0,3.791943107621518,,89,control
2496,301.0,4976.0,304.9699526741525,4976.510209827163,0.12941089272499084,0,3.751906031583454,0.8835363810659826,89,control
2497,357.0,4915.0,354.0,4916.0,0.12815438210964203,0,3.512947158513523,,89,control
2498,314.0,4954.0,314.90992363267486,4954.7199928874525,0.12540188431739807,1,1.1310208178278909,0.22400058545789178,89,control
2499,338.0,5079.0,342.7702666867382,5078.500073031116,0.12257122993469238,0,4.490154871196892,1.783908152233161,89,check
2500,305.0,4869.0,305.66989536509107,4869.979968396705,0.12211450934410095,1,1.2635078504292632,0.3061936713613675,89,control
2501,408.0,5056.0,409.8396870606335,5056.020204445176,0.12167384475469589,1,1.5710387417517424,0.3461664682683537,89,control
2502,372.0,5070.0,374.3499798765456,5070.169931893356,0.12152357399463654,1,2.0996949974182146,0.23713143846951454,89,control
2503,330.0,4899.0,330.3599871471167,4900.069826967317,0.12073680758476257,1,1.2976355899391665,0.5218536433690327,89,control
2504,351.0,5049.0,354.6401771919544,5049.2798505927,0.11885099858045578,0,3.38941781114704,0.569484159386626,89,check
2505,405.0,4994.0,403.3800901685149,4996.190143101258,0.11073295027017593,0,3.079207195985418,0.5724985190605164,89,control
2506,354.0,5000.0,355.08042180879306,5001.009995174528,0.11059758067131042,1,1.46768001587894,0.6037469812842823,89,control
2507,318.0,5018.0,321.36010262174403,5018.040034839341,0.10602205991744995,0,3.08166289518907,0.6687860979578927,89,control
2508,441.0,5058.0,442.8199687625841,5058.28998194807,0.10274133831262589,1,1.6166758254797973,0.21280035235621797,89,check
2509,384.0,4952.0,385.420053324203,4952.540148491938,0.10204524546861649,1,1.3641901527981033,0.4191775383504888,89,control
2510,646.0,5015.0,647.0,5015.0,0.3347085118293762,1,0.7469335484831413,,90,control
2511,657.0,5023.0,659.7898735779615,5023.189981773491,0.3139629662036896,1,2.5373724150558754,0.5609618429112214,90,control
2512,646.0,4993.0,647.910001813504,4993.979990424968,0.25637495517730713,1,2.0184320059510528,0.41212780567736595,90,check
2513,646.0,4960.0,647.5500718754521,4960.400267410301,0.23147618770599365,1,1.4063372494247441,0.6270671643350456,90,control
2514,469.0,4984.0,470.0599242900168,4984.750114484517,0.22996555268764496,1,1.2419989079043114,0.2917574037320798,90,check
2515,469.0,4965.0,470.4197502675554,4965.440263791987,0.22795094549655914,1,1.3106973759602731,0.49402466534478096,90,control
2516,662.0,5061.0,664.2700144747547,5060.83992234324,0.22723332047462463,1,1.9861222051529768,0.3123098695872921,90,control
2517,637.0,5089.0,639.0,5089.0,0.2197698950767517,1,1.729740778241115,,90,control
2518,577.0,5069.0,578.8301052422526,5069.030084461456,0.2197379171848297,1,1.5649041389329796,0.3270459903854617,90,control
2519,627.0,5038.0,629.7502098856883,5038.100284214268,0.21900710463523865,1,2.4852183447382217,0.5451276390176621,90,control
2520,452.0,4997.0,454.08996770625254,4997.340116289661,0.21756775677204132,1,1.887370004470011,0.534406518596659,90,control
2521,637.0,4937.0,640.0398231160639,4935.770327065296,0.2105007916688919,1,2.9314274547039125,0.8451145323739714,90,control
2522,616.0,5059.0,618.019946343361,5059.540109559713,0.20182472467422485,1,1.8941958459911068,0.31974014415016644,90,control
2523,631.0,5047.0,631.1501046178552,5047.919695304261,0.1984257996082306,1,1.1482683046656101,2.4579894134577724,90,control
2524,641.0,5059.0,644.6098763066612,5059.190068406301,0.18981598317623138,0,3.3500363358784475,0.9860171974068861,90,check
2525,455.0,4939.0,455.59989650503,4940.0301724671435,0.18840888142585754,1,1.2913342266304195,0.5646655451912564,90,check
2526,631.0,4987.0,632.6598403939344,4986.499969070603,0.1802741438150406,1,1.4011553742920997,0.8095766387386162,90,control
2527,655.0,5033.0,657.4198968043553,5032.990047667308,0.177840456366539,1,2.1446224628945605,0.3392281798372897,90,control
2528,456.0,4950.0,457.32982799070356,4951.670146071423,0.17180374264717102,1,2.1604387036517343,1.8603341583916184,90,control
2529,606.0,5068.0,608.0,5072.0,0.16685234010219574,0,4.5564127582313745,,90,control
2530,653.0,4893.0,654.0,4896.0,0.16486574709415436,0,3.2957342122879814,,90,check
2531,451.0,4919.0,453.14991492283946,4918.810018542888,0.16008581221103668,1,1.859329096439484,0.2135241170046412,90,control
2532,656.0,4909.0,654.2898051965761,4910.7898252954465,0.15478172898292542,0,2.833310468701315,0.6222374198152099,90,control
2533,665.0,4880.0,667.0,4881.0,0.15435506403446198,1,2.0998993522405485,,90,control
2534,658.0,4980.0,659.4400495885055,4980.449727706366,0.1529354751110077,1,1.3331103967516151,0.584080431495998,90,control
2535,450.0,4906.0,451.0,4906.0,0.14922842383384705,1,0.743088726270187,,90,control
2536,649.0,4931.0,652.6799439972617,4930.519967922469,0.14628000557422638,0,3.401885197245251,0.6529245650971417,90,control
2537,447.0,4976.0,449.60996521065675,4976.380171360647,0.14457684755325317,1,2.3978338606862466,0.5129452514079941,90,control
2538,458.0,4988.0,458.07002241938926,4988.79000669667,0.13971857726573944,1,1.037458250790843,0.6529374812464478,90,control
2539,460.0,4974.0,461.7799707424722,4974.2699776555255,0.1378348171710968,1,1.5702015982138746,0.17361218645584348,90,control
2540,487.0,4988.0,487.03005730889527,4988.490107122144,0.12424179166555405,1,0.7589061102555337,0.8331475924706768,90,control
2541,460.0,5005.0,462.4501245257578,5005.930360931083,0.12405373901128769,1,2.450495608224024,0.5918619767388387,90,check
2542,637.0,4998.0,637.4799984277946,4999.03005081172,0.12320870906114578,1,1.2647182796336454,0.6722189630004287,90,control
2543,515.0,4885.0,517.9705265105879,4885.110297507446,0.12268861383199692,1,2.7000634183959287,1.1392364879816037,90,check
2544,477.0,4939.0,476.0,4941.0,0.12182246148586273,1,2.5702295262132884,,90,control
2545,632.0,4929.0,630.0,4926.0,0.12156250327825546,0,3.6015050186982185,,90,control
2546,444.0,4928.0,442.72997390377066,4929.270078022806,0.12154725193977356,1,2.1604140940001697,0.4654721514206799,90,control
2547,687.0,5048.0,689.0200773490745,5048.300105433386,0.2906608283519745,1,1.8113090055339616,0.540041529116816,91,control
2548,701.0,4878.0,704.0,4879.0,0.28138208389282227,0,2.9717398240815944,,91,control
2549,715.0,5058.0,717.400064879124,5058.430146012897,0.27626487612724304,1,2.2130894123662292,0.46313098485750787,91,control
2550,688.0,5007.0,687.2798486378941,5009.409928624199,0.2756316661834717,0,2.814535930118117,1.0058083615173874,91,control
2551,712.0,5007.0,713.8800082108492,5007.950092805413,0.2752537429332733,1,1.9766372279166224,0.369318652133135,91,control
2552,703.0,5066.0,704.680062325003,5066.399964195464,0.23334763944149017,1,1.5269782993966596,0.29001340293616107,91,control
2553,691.0,5067.0,694.0299185913188,5065.739899982209,0.21841688454151154,1,2.936285840486522,0.5574670732571091,91,control
2554,674.0,5027.0,677.1700933793132,5027.0899092825,0.20977868139743805,1,2.90114737546866,0.6045922116430252,91,control
2555,802.0,4974.0,806.0,4974.0,0.2095278650522232,0,3.7210828442506436,,91,control
2556,778.0,5080.0,779.8299614003771,5080.359983237505,0.20851454138755798,1,1.6512863369473731,0.33580318112927643,91,control
2557,679.0,4982.0,681.0500889121902,4982.160002487235,0.2060459554195404,1,1.8037469766944834,0.18419892453997028,91,control
2558,822.0,4977.0,823.9001611531888,4978.439878594069,0.20099356770515442,1,2.3125528455398285,0.6698935026068026,91,check
2559,682.0,4924.0,683.4298313347754,4923.61005078697,0.19214782118797302,1,1.1548356297486024,0.5912427739159749,91,control
2560,669.0,5000.0,671.0,5004.0,0.18481285870075226,0,4.553874065097476,,91,check
2561,770.0,5000.0,773.0300322693298,4999.790319419987,0.1846565306186676,1,2.745106219011988,0.817705902411856,91,control
2562,705.0,4911.0,706.9099840112327,4911.180096740272,0.18348070979118347,1,1.6699661812109272,0.840612229788573,91,check
2563,672.0,4971.0,674.1599794024754,4971.200017569499,0.17738820612430573,1,1.919317329771729,1.040639638905537,91,control
2564,731.0,4992.0,730.6902042453494,4994.120172292066,0.17658524215221405,1,2.4122651165180096,0.5581809983378329,91,control
2565,686.0,4874.0,695.0201234112334,4877.990527000881,0.17655088007450104,0,9.692110214981358,1.7205114742398442,91,control
2566,680.0,4997.0,685.0,5000.0,0.17301476001739502,0,5.708002375114887,,91,control
2567,768.0,5089.0,769.9900316616539,5088.6999979451975,0.16940626502037048,1,1.7092149838054962,0.32893662667299206,91,control
2568,705.0,5039.0,704.7698009294462,5039.940193455795,0.16709177196025848,1,1.2681377787711996,0.7605393391671909,91,control
2569,794.0,4960.0,794.3706434236487,4953.8899131085045,0.16702818870544434,0,5.895291808248753,1.7681575077159906,91,control
2570,741.0,5058.0,736.2999790774033,5059.049503612469,0.16637229919433594,0,5.142644485683038,1.0855965802963068,91,check
2571,690.0,4891.0,691.8300871236023,4891.169979277563,0.1651839315891266,1,1.5893551873291307,0.7136420787462164,91,control
2572,756.0,4888.0,757.9800971312338,4888.079994825536,0.1645243614912033,1,1.7178486717694723,0.71219954676827,91,check
2573,805.0,5066.0,806.2100748118412,5066.330125606673,0.16410945355892181,1,1.076323276591956,0.23458290483080016,91,control
2574,769.0,4881.0,772.029905755157,4880.829794631932,0.16206464171409607,1,2.742419642941669,0.7139842428217715,91,check
2575,775.0,4989.0,771.0,4992.0,0.1601826250553131,0,5.357990308384141,,91,control
2576,780.0,5062.0,783.0900858758043,5062.190006813056,0.15932990610599518,1,2.8361601931086002,2.0064746089679732,91,control
2577,794.0,4892.0,794.6400560110991,4892.490065918734,0.15313585102558136,1,0.7880683967048767,0.22699231984933851,91,control
2578,770.0,4964.0,773.0201986881194,4964.119995856952,0.1500745564699173,1,2.7549652395629076,1.2813387870662216,91,control
2579,733.0,4873.0,732.8899881706699,4874.14009449417,0.14984768629074097,1,1.4133581515106253,0.2030896011412558,91,control
2580,741.0,5045.0,736.670066783267,5048.199434224585,0.14393101632595062,0,5.7418655833676855,1.4243850354889165,91,control
2581,361.0,5306.0,361.4600050166061,5306.030259998262,0.10033953189849854,1,0.31528408303690714,0.6372933980766464,93,control
2582,331.0,5186.0,332.1100003660451,5186.000011621474,0.14825284481048584,1,0.855521903636184,0.15031008165739385,93,control
2583,371.0,5272.0,371.39989145531325,5272.040045720698,0.138075053691864,1,0.2938646012460989,0.16883981338766949,93,control
2584,405.0,5246.0,405.5300040348567,5246.010161677424,0.14952711760997772,1,0.3431421709143057,0.6610062256419715,93,control
2585,421.0,5218.0,421.660090783887,5218.129961183995,0.12668612599372864,1,0.5190931077094197,0.29817885209907113,93,control
2586,369.0,5284.0,368.83997305512855,5284.249983927958,0.10632431507110596,1,0.653121536050464,0.10028194748040864,93,control
2587,394.0,5233.0,394.2099911903341,5233.090022485943,0.11549977958202362,1,0.3271369949834447,0.18564489708792528,93,check
2588,314.0,5207.0,315.6000250813692,5206.749956908172,0.1489560902118683,1,1.3146151480296353,0.4128946925682917,93,control
2589,428.0,5295.0,427.2299868727075,5295.099918982446,0.11035924404859543,1,1.102131851248327,0.204548854366161,93,control
2590,603.0,5245.0,603.730150655264,5244.660283964775,0.3444211781024933,1,0.4638453951824778,0.40964548950407126,94,control
2591,613.0,5266.0,614.1599551030286,5265.430018334867,0.28932255506515503,1,0.9452576917667515,0.36879085256794336,94,control
2592,602.0,5196.0,602.9500093420951,5195.90999441802,0.2710401713848114,1,0.680885618708464,0.4324588026189137,94,control
2593,644.0,5281.0,644.0902448250265,5280.780319070331,0.2698949873447418,1,0.1894586649121276,0.38377758637423653,94,control
2594,637.0,5221.0,637.8501669020512,5220.510296143595,0.26766204833984375,1,0.6285502811741004,1.0486675327016541,94,control
2595,661.0,5277.0,661.9100157061634,5276.880095741968,0.2673061788082123,1,0.6387872244042349,0.46886658531162173,94,check
2596,638.0,5206.0,640.1399930703917,5206.070015023905,0.26206451654434204,1,1.8812964551998612,0.47733460736318484,94,check
2597,657.0,5222.0,657.8900280012031,5221.699881730452,0.25542575120925903,1,0.614065103523952,0.37584071407144454,94,check
2598,614.0,5190.0,613.9999619660831,5190.360001197966,0.2534307539463043,1,0.6475224319838178,0.20050309987195047,94,control
2599,557.0,5231.0,557.1500089511339,5230.9200155812505,0.25261059403419495,1,0.19580299501093432,0.25686343699858566,94,control
2600,566.0,5242.0,566.5200261880314,5241.8001599221125,0.25192850828170776,1,0.2397154423986588,0.41673021088835144,94,control
2601,476.0,5138.0,478.02992720148984,5137.690005465594,0.248893141746521,1,1.7467470155716698,0.3005437483965516,94,control
2602,619.0,5254.0,619.9599211041345,5253.84031551857,0.23696742951869965,1,0.6822721697192178,0.4864888768692383,94,control
2603,621.0,5241.0,622.0900744125192,5241.330112928701,0.23326334357261658,1,0.9802476472208707,0.641777865381543,94,control
2604,456.0,5109.0,457.0,5108.0,0.22123877704143524,1,1.0532073010518967,,94,control
2605,555.0,5241.0,555.430128685195,5240.89035868498,0.21848328411579132,1,0.18782950757442723,0.4695696173315704,94,control
2606,645.0,5311.0,642.6001425108024,5311.670058964043,0.210995152592659,0,2.823912385122209,0.8831259052149264,94,control
2607,652.0,5269.0,652.9898958480204,5269.080319486707,0.20791785418987274,1,0.7720323463530662,0.49420756118925574,94,control
2608,592.0,5128.0,590.0,5128.0,0.20466290414333344,1,2.2948929431413885,,94,control
2609,525.0,5216.0,524.3700741295831,5216.310036794313,0.2021457850933075,1,1.0580589349896372,0.5510305478392957,94,check
2610,590.0,5183.0,590.8500040432174,5183.020195518627,0.1998409777879715,1,0.6173023614543289,0.5177067115949475,94,control
2611,625.0,5197.0,626.0099737790241,5197.280107638018,0.19748179614543915,1,0.8846998706114397,0.32283967443954903,94,check
2612,547.0,5280.0,546.0,5281.0,0.1974397450685501,1,1.772737852147376,,94,control
2613,662.0,5257.0,663.6699629809433,5256.339966266988,0.19404593110084534,1,1.4572195908641032,0.544811856492917,94,control
2614,522.0,5237.0,522.4401072721389,5237.030148907816,0.19186849892139435,1,0.3005120806736776,0.675213053407197,94,control
2615,626.0,5308.0,622.6901415956066,5308.6499627562,0.19137272238731384,0,3.6939907301632453,0.5872912800269161,94,control
2616,471.0,5153.0,473.39999287909154,5152.080042526122,0.19109852612018585,1,2.226084772047733,0.5712227700467235,94,check
2617,583.0,5198.0,583.0,5197.0,0.18912935256958008,1,0.8262019819348926,,94,control
2618,610.0,5299.0,605.0,5298.0,0.18869148194789886,0,5.336414925218321,,94,control
2619,634.0,5297.0,634.6898306689066,5296.529761040388,0.1868472844362259,1,0.47885301119210966,0.5337370735055879,94,control
2620,587.0,5250.0,587.9601493076356,5249.680308330775,0.18616865575313568,1,0.6857134792215966,0.6914554995351716,94,control
2621,636.0,5238.0,637.7397931177529,5236.949979020041,0.18589910864830017,1,1.677194543556579,0.9120386323342515,94,control
2622,460.0,5256.0,460.8700641719499,5255.420089985243,0.18460115790367126,1,0.6851935399926501,0.8656301089365284,94,check
2623,664.0,5179.0,663.6100845948957,5179.250167600366,0.18378619849681854,1,0.8208063204586452,0.6092900813765015,94,control
2624,632.0,5258.0,628.569949230084,5256.5301676338095,0.18292082846164703,0,3.9143232919178623,1.4438799353655134,94,control
2625,576.0,5225.0,575.7100829728581,5225.300283981496,0.1823950856924057,1,0.7758503833913377,0.41308486902818725,94,control
2626,623.0,5234.0,617.4499320341597,5235.499520957392,0.18177616596221924,0,6.08033493476319,1.204289647224448,94,control
2627,633.0,5171.0,632.2798613158665,5170.289928224877,0.18134820461273193,1,1.1151155513547888,0.9375962853332275,94,control
2628,607.0,5285.0,607.8798643689737,5284.279991581461,0.17667578160762787,1,0.7783028494560996,0.46309380625240226,94,check
2629,612.0,5218.0,606.0,5218.0,0.17256808280944824,0,6.285645622085008,,94,control
2630,593.0,5142.0,591.0,5142.0,0.1710277795791626,1,2.2945547255792844,,94,control
2631,613.0,5226.0,612.9199164286574,5225.820099926487,0.16920943558216095,1,0.36407086671674305,0.4804010281317305,94,control
2632,578.0,5304.0,578.699976075125,5304.280180536359,0.16885124146938324,1,0.6570294955975555,0.7411535615269653,94,control
2633,542.0,5237.0,543.1498799510551,5236.330654171898,0.1590680181980133,1,0.9749850529184573,1.142021802314951,94,control
2634,835.0,5148.0,835.7500183432273,5147.8500787381745,0.32043150067329407,1,0.4742192631221009,0.20433818303443532,95,control
2635,811.0,5156.0,810.9598690193686,5156.270105649935,0.2952462136745453,1,0.5836671030759231,0.8135205579087392,95,check
2636,811.0,5128.0,812.9298636370497,5128.320102646826,0.2608596980571747,1,1.7338886424459758,0.7936901306051001,95,control
2637,797.0,5158.0,797.9499924381321,5158.06999495045,0.2402823120355606,1,0.7285124072759601,0.2421653582273427,95,control
2638,736.0,5214.0,736.0,5214.0,0.23917485773563385,1,0.35625510244188824,,95,control
2639,698.0,5110.0,699.370083796252,5110.250142244422,0.23432491719722748,1,1.1841217589861477,0.6339604147381328,95,check
2640,675.0,5295.0,675.2797855644118,5295.070142120007,0.23368555307388306,1,0.2926944590087683,0.4991733717249631,95,check
2641,769.0,5129.0,770.5599935697103,5129.110165179684,0.23118150234222412,1,1.3196825120467668,0.77711655104872,95,check
2642,740.0,5181.0,743.3200741213886,5180.340137261424,0.23102107644081116,1,3.070923464171594,1.3715660872529798,95,control
2643,696.0,5094.0,698.1799329831307,5093.640021146675,0.22965413331985474,1,1.9015582468898464,0.21545360647995082,95,control
2644,803.0,5131.0,804.7601149923626,5131.03039401528,0.22425682842731476,1,1.4993894301758353,0.9641476620128621,95,control
2645,834.0,5213.0,832.0100023044618,5214.0101067395435,0.22424012422561646,1,2.5798763058110024,1.122847343956982,95,control
2646,756.0,5197.0,756.1198810150829,5197.130016438254,0.22342509031295776,1,0.38445568329468793,0.28026099110033853,95,control
2647,719.0,5174.0,720.1900453215418,5173.640230175029,0.2188873291015625,1,0.9193957269796362,0.6570366851011696,95,control
2648,789.0,5144.0,791.7798805164289,5143.25040351573,0.21539922058582306,1,2.5546433636594026,0.6167000050655285,95,control
2649,673.0,5174.0,673.1297876528233,5174.140443454787,0.2143305242061615,1,0.3922477022438343,0.8916310615319556,95,control
2650,718.0,5228.0,719.8601613364606,5229.500085867277,0.21157512068748474,1,2.336211938816312,2.3886937923547458,95,check
2651,759.0,5156.0,761.6299533393568,5155.429962340489,0.21148405969142914,1,2.374810614974034,0.9557532886414993,95,control
2652,758.0,5144.0,759.0701185606791,5143.88000366848,0.20720171928405762,1,0.7946748050175847,0.34237855587306826,95,control
2653,726.0,5276.0,726.5900220367888,5275.810061701104,0.20696613192558289,1,0.3128049272761496,0.229251463721409,95,control
2654,678.0,5260.0,678.3298998325465,5260.990143808599,0.20693083107471466,1,1.2132349923629768,0.5625277414039179,95,control
2655,772.0,5299.0,771.279925920415,5298.71003194459,0.20649456977844238,1,1.000161593174597,0.2600117564640751,95,control
2656,683.0,5224.0,683.0,5223.0,0.2055320292711258,1,0.8275561065169295,,95,control
2657,831.0,5115.0,832.270087531285,5115.180025796738,0.20535914599895477,1,1.0652515315202897,0.13855685092912234,95,control
2658,701.0,5215.0,702.1001621351044,5215.500111223222,0.20515325665473938,1,1.0916221358657427,0.7824040295299892,95,control
2659,711.0,5218.0,713.2600432832946,5217.630131887467,0.20123009383678436,1,1.985302409034429,0.5277072738926916,95,control
2660,746.0,5304.0,745.3698958978525,5304.060253917296,0.19786489009857178,1,0.9504993479194603,0.400272211810328,95,control
2661,798.0,5271.0,796.3899525407129,5271.429936984545,0.1967337280511856,1,1.9965635694335817,0.5581450985066132,95,control
2662,726.0,5190.0,727.8899806169965,5190.179988977508,0.19075517356395721,1,1.6580956386947765,0.36832301833236986,95,control
2663,694.0,5240.0,694.7899840864794,5240.270401311099,0.18494753539562225,1,0.7084588144571385,0.540575581763317,95,control
2664,730.0,5262.0,729.3799898012343,5262.140146262557,0.18397283554077148,1,0.968833980119023,0.935967883689102,95,control
2665,773.0,5137.0,774.2901076712947,5136.990027277474,0.17983844876289368,1,1.029805382100962,0.5786258548263181,95,control
2666,747.0,5117.0,751.1299245229545,5115.750121880001,0.17751996219158173,0,3.9833960728630493,0.9825356659483259,95,control
2667,774.0,5284.0,767.8297158183443,5285.58967370893,0.177109494805336,0,6.697473103866564,2.054542934223596,95,control
2668,724.0,5252.0,723.5499974460452,5252.009952490881,0.17677748203277588,1,0.7650324790934153,0.23715240495610904,95,check
2669,777.0,5229.0,778.2797535531021,5228.309931619113,0.1766958236694336,1,1.1057321550150754,0.5337166591816485,95,control
2670,721.0,5166.0,721.5998895332858,5165.969749668407,0.17453844845294952,1,0.3705379793366667,0.5385580724700041,95,check
2671,827.0,5176.0,826.4499889776744,5176.150153691317,0.174268901348114,1,0.9077113946766308,0.5834630261617718,95,control
2672,801.0,5148.0,794.9700652448367,5148.349889017744,0.17310501635074615,0,6.336449748773387,3.024352572093207,95,control
2673,796.0,5214.0,797.0,5214.0,0.1727927327156067,1,0.7530147683106416,,95,control
2674,815.0,5191.0,815.0,5195.0,0.1724097579717636,0,4.227155726109983,,95,check
2675,794.0,5295.0,793.5699564673783,5295.430061651272,0.17085610330104828,1,0.9605752425411591,0.37865157398115123,95,control
2676,761.0,5128.0,760.9700823069894,5128.219994234914,0.16846224665641785,1,0.5379936455362347,0.4328762384370776,95,control
2677,394.0,5407.0,393.440110441632,5407.000148807985,0.22564898431301117,1,0.8707821973894274,0.23578097847186447,97,control
2678,365.0,5383.0,364.49006803172944,5383.339943922348,0.20682305097579956,1,0.9753211101415158,0.36235175712704765,97,check
2679,419.0,5525.0,419.73998872801513,5525.130078613428,0.17164216935634613,1,0.5879448692065695,0.24552290367902416,97,check
2680,375.0,5399.0,374.76007754037477,5399.290077931169,0.17808915674686432,1,0.7363161955862351,0.24888637252072127,97,control
2681,434.0,5400.0,434.38989987401794,5399.960044397985,0.15569756925106049,1,0.2196251754376254,0.2915005847121503,97,control
2682,442.0,5391.0,441.0,5387.0,0.11330810189247131,0,3.981794066197592,,97,control
2683,433.0,5497.0,434.28993667685836,5496.640138417919,0.11812924593687057,1,1.021103552922973,0.553341935411857,97,control
2684,373.0,5365.0,376.0,5364.0,0.13172949850559235,1,2.8257619256357933,,97,control
2685,362.0,5429.0,356.69998236328223,5429.999440056224,0.1375347375869751,0,5.71389086216332,1.2930312831718644,97,check
2686,421.0,5406.0,419.6399597116197,5406.369963197326,0.13247187435626984,1,1.745824906519763,0.24029330919308858,97,control
2687,368.0,5340.0,369.16997927756273,5339.169912876398,0.121698759496212,1,1.0716930627961625,0.36700866234775226,97,control
2688,419.0,5396.0,418.5599423832525,5396.499849528174,0.11395857483148575,1,1.02507166491333,0.5495503033714851,97,check
2689,381.0,5341.0,380.19976131512936,5340.360345932592,0.1474536657333374,1,1.1565887908163945,0.8259754091978264,97,control
2690,386.0,5391.0,386.70020971930415,5390.100278931779,0.14540137350559235,1,0.7898684984527571,2.366800951269813,97,control
2691,394.0,5458.0,391.94016735973224,5458.540411401674,0.10023736208677292,1,2.46241073486054,1.2892042420661662,97,control
2692,442.0,5384.0,441.0,5387.0,0.11272626370191574,0,3.4736862882431216,,97,control
2693,412.0,5378.0,412.0,5381.0,0.14591963589191437,0,3.242171502344697,,97,control
2694,387.0,5431.0,388.5200400806909,5430.700265239113,0.12332244217395782,1,1.2427457217635676,1.2529121927364972,97,control
2695,419.0,5490.0,418.61035247074057,5490.6198418992535,0.1270207017660141,1,1.081312057789527,0.8274729550928507,97,control
2696,441.0,5440.0,438.0,5443.0,0.10011845827102661,0,4.602296393515918,,97,control
2697,438.0,5409.0,437.67008886235794,5409.180068056646,0.1815018653869629,1,0.7340720996915073,0.23877486062607411,97,control
2698,420.0,5432.0,420.2999161621105,5431.739822857878,0.11610542237758636,1,0.0364633853253861,0.3498902750030878,97,control
2699,375.0,5414.0,371.0,5414.0,0.11180771887302399,0,4.286063186538313,,97,control
2700,441.0,5520.0,440.0,5520.0,0.14200319349765778,1,1.2971142261290705,,97,control
2701,413.0,5468.0,406.0,5469.0,0.13484226167201996,0,7.381449947161728,,97,control
2702,404.0,5504.0,404.3900056819765,5503.990146819902,0.17341941595077515,1,0.24893684432452412,0.3780041116719565,97,check
2703,387.0,5418.0,386.73021446886503,5417.929858936491,0.1177254319190979,1,0.5724068796569877,0.5748008673400727,97,control
2704,385.0,5351.0,385.2100642468643,5351.4301259394415,0.12051401287317276,1,0.6642778169645792,0.691188687417217,97,control
2705,405.0,5402.0,404.96010900253384,5402.030203845695,0.11728621274232864,1,0.41241060708835653,1.0757444685330455,97,control
2706,390.0,5373.0,398.47026436638566,5371.670570150736,0.16795973479747772,0,8.263194219463095,2.5685833924671964,97,check
2707,484.0,5501.0,484.740026761932,5500.770077415462,0.30693671107292175,1,0.46374970765898516,0.34490167514986403,98,control
2708,555.0,5471.0,555.6301035202183,5471.04006336478,0.28918662667274475,1,0.4438212242186463,0.313136208895569,98,control
2709,595.0,5425.0,594.8699775391393,5425.240092713943,0.2799745798110962,1,0.6187346448751259,0.34289027257186433,98,control
2710,516.0,5497.0,516.2400187591046,5496.830024790239,0.27666932344436646,1,0.06906766747118151,0.42443598459934034,98,control
2711,628.0,5427.0,627.6798910141877,5426.98986383671,0.2755938768386841,1,0.6340557578253114,0.324796784367425,98,control
2712,476.0,5493.0,476.4100078615255,5492.970148866344,0.24882957339286804,1,0.2404399181148032,0.4419131331052856,98,control
2713,592.0,5411.0,592.2299606184548,5411.380025563966,0.2480400949716568,1,0.6078819979280817,0.4054034226888006,98,check
2714,620.0,5397.0,620.0700139674077,5396.870006962885,0.24795638024806976,1,0.2279394998558639,0.29070768754536924,98,control
2715,634.0,5504.0,634.6501340670154,5503.719958763147,0.2415490746498108,1,0.3796372207359159,0.38665029542541046,98,control
2716,583.0,5405.0,582.3898945915295,5405.010044564369,0.24081315100193024,1,0.9184099320470714,0.15758046501610504,98,check
2717,533.0,5529.0,534.8600504042031,5528.550089361344,0.237066388130188,1,1.6004108102397474,0.5112752357295611,98,control
2718,468.0,5457.0,468.72018923783315,5457.199964428236,0.23679158091545105,1,0.6168241915430502,0.8927435683093612,98,control
2719,609.0,5431.0,609.5099944598238,5431.1001598639195,0.23298995196819305,1,0.4010396577648375,0.8398707198282185,98,control
2720,606.0,5409.0,605.8599840030381,5409.210197207383,0.23073898255825043,1,0.6032291362947849,0.26414071407004497,98,control
2721,447.0,5461.0,446.36998115778647,5461.190039722675,0.22647297382354736,1,1.0002980447629692,0.19495902574690413,98,control
2722,654.0,5364.0,652.0,5363.0,0.22361938655376434,1,2.4061457737141434,,98,control
2723,552.0,5492.0,552.179890723223,5492.040022477749,0.2235899120569229,1,0.2846198300677387,0.18633333623209222,98,control
2724,497.0,5445.0,496.84998576637764,5445.129984585134,0.22214776277542114,1,0.558088798618123,0.43315689257414297,98,check
2725,449.0,5489.0,449.1499941601663,5489.060016047127,0.22190219163894653,1,0.3170515257086001,0.13424325377100296,98,control
2726,534.0,5501.0,533.9299976540668,5501.01999267107,0.22106701135635376,1,0.42574819142348375,0.10379513884044826,98,check
2727,539.0,5489.0,539.9700979962652,5489.039887986162,0.21796947717666626,1,0.7442093240888166,0.7564120618749037,98,control
2728,623.0,5446.0,622.4400280348121,5445.780151403577,0.21387572586536407,1,0.8359030206338274,0.1836694280458587,98,control
2729,659.0,5390.0,658.6499417844358,5389.53996481953,0.21235761046409607,1,0.6698102071440863,0.33955804719289295,98,check
2730,458.0,5383.0,457.4899699356338,5383.300052766692,0.21199801564216614,1,0.9503657448035147,0.7881089825465206,98,check
2731,612.0,5420.0,612.2799763159252,5420.169818848103,0.2080797702074051,1,0.39547603668752473,0.4018693012334591,98,control
2732,476.0,5481.0,477.0098986094985,5480.960004251073,0.2078239470720291,1,0.757191279963042,0.5191754134295578,98,control
2733,579.0,5480.0,580.4798669475124,5479.179737689247,0.20664753019809723,1,1.342385958618166,0.8314398499953398,98,control
2734,637.0,5367.0,636.3699728639945,5367.300145738488,0.20473982393741608,1,1.0483475050041773,0.27359215716262697,98,control
2735,511.0,5511.0,511.6900084768976,5510.90996694908,0.20354978740215302,1,0.4370707244430886,0.3361101149469641,98,check
2736,584.0,5467.0,585.6101695384506,5467.3197419065455,0.2011476457118988,1,1.441952361156304,0.8724813067079676,98,control
2737,476.0,5471.0,475.9900888707187,5471.190101897849,0.19989736378192902,1,0.5084631171656764,0.19329522817065437,98,control
2738,640.0,5380.0,639.6900812170487,5380.18985890338,0.19837890565395355,1,0.7186783521471329,0.29829340721812264,98,control
2739,664.0,5399.0,663.4400822325733,5399.330361205658,0.1954285055398941,1,1.0035540864211918,0.39635254789220353,98,control
2740,563.0,5396.0,562.6000223864447,5395.870274256801,0.19523659348487854,1,0.6847312326098517,0.44821049093591697,98,control
2741,603.0,5503.0,607.0999943101612,5502.120222263837,0.19445772469043732,0,3.8806034810484134,1.3945988409252816,98,control
2742,640.0,5338.0,639.2098874953709,5338.039919997473,0.19287186861038208,1,1.10055144925668,0.20623640650466168,98,control
2743,660.0,5483.0,661.3700086267264,5482.930038857477,0.1919500082731247,1,1.1064368369384343,0.40849136609697306,98,control
2744,508.0,5482.0,508.6800107148057,5481.920071575629,0.18988794088363647,1,0.43020198028096607,0.2664223719197978,98,control
2745,719.0,5370.0,718.799988927676,5370.130084952414,0.3362685441970825,1,0.592774444743435,0.29131898256579225,99,control
2746,680.0,5322.0,678.5699872640009,5322.170166435843,0.2782158851623535,1,1.7528637496728419,0.474487903168107,99,control
2747,746.0,5364.0,745.3699788866015,5364.179934039628,0.2699155807495117,1,0.9913958212777083,0.17661112764859238,99,control
2748,811.0,5340.0,811.390000399488,5340.040146986286,0.26045870780944824,1,0.2837729822903402,0.6189209278887797,99,control
2749,705.0,5375.0,704.3799706260863,5375.29004111194,0.2525028884410858,1,1.0329637927408895,0.20242766568219234,99,control
2750,694.0,5358.0,694.2798860898819,5358.1502447083085,0.2370137721300125,1,0.3731249339967747,0.511147501737714,99,control
2751,731.0,5360.0,730.3399629393057,5360.329931369288,0.23139825463294983,1,1.0872184612842954,0.21994539078715952,99,control
2752,734.0,5321.0,733.9099979038922,5321.080202057274,0.22611460089683533,1,0.47549981003448033,0.26057268255774296,99,control
2753,777.0,5359.0,776.5400158477976,5358.930268117476,0.2259359359741211,1,0.7514585745599651,0.2806663452390381,99,check
2754,667.0,5318.0,666.430059380087,5318.419937849576,0.2248990684747696,1,1.0645431171423192,0.3912492555280125,99,check
2755,706.0,5340.0,706.579994534572,5340.070061509804,0.2231890708208084,1,0.4207567648791745,0.6243756885278866,99,check
2756,674.0,5340.0,674.1300279015387,5339.7400128692725,0.2218521237373352,1,0.15235532893136575,0.3617860283798707,99,control
2757,789.0,5384.0,787.6000601039825,5384.450061559636,0.2198815494775772,1,1.8046703336527767,0.3247738939176039,99,control
2758,733.0,5384.0,732.4299896512395,5384.079940045846,0.21245066821575165,1,0.8984132394037243,0.20065161512159096,99,control
2759,763.0,5372.0,761.4101788559618,5372.320037725898,0.21190236508846283,1,1.9427745598527886,0.3652619773573332,99,control
2760,680.0,5376.0,679.3399650523011,5376.309931302734,0.2104901522397995,1,1.078126021204627,0.20958503858951272,99,control
2761,780.0,5332.0,779.9200232931137,5331.8402023151275,0.20694126188755035,1,0.3618348251222472,0.684797747920943,99,control
2762,760.0,5362.0,757.6701184442933,5362.900067124894,0.20279142260551453,0,2.83718125940493,0.5469351775691542,99,control
2763,693.0,5383.0,692.6199715829197,5383.3201722174845,0.19981679320335388,1,0.8522870969610679,0.2739028343470315,99,control
2764,672.0,5409.0,671.700092289871,5409.180176875908,0.1926352083683014,1,0.7037723998424493,0.41043476073992774,99,control
2765,733.0,5372.0,732.7099414021676,5372.640288440591,0.1829943209886551,1,1.0317592661996735,0.6743541753363526,99,check
2766,758.0,5351.0,757.9698953068981,5350.9900001249125,0.17579659819602966,1,0.3723561902653357,0.5290460653742532,99,check
2767,763.0,5329.0,762.3200086185318,5328.9601393245875,0.1752135455608368,1,0.9739815166396207,0.2741201164229812,99,control
2768,729.0,5329.0,729.2802045194263,5329.0098116603085,0.17375074326992035,1,0.2314817132592065,0.8256650986965758,99,control
2769,688.0,5419.0,685.969957956641,5419.460209660779,0.1730635166168213,1,2.405132103932664,0.5272792983083197,99,control
2770,702.0,5323.0,701.14987356124,5323.169914091085,0.166836678981781,1,1.1942838225577632,0.34293820225699656,99,control
2771,681.0,5365.0,680.1298950992087,5365.060228561351,0.16659432649612427,1,1.1817866010948834,0.49154987464784766,99,control
2772,691.0,5437.0,690.620098204453,5437.0900624746655,0.16597798466682434,1,0.7265367274360571,0.10654539842379375,99,control
2773,781.0,5399.0,780.9799217526173,5398.7400003494895,0.16431370377540588,1,0.2977009866374511,0.2487110834348286,99,control
2774,795.0,5353.0,794.1602015833695,5353.160222080565,0.16338138282299042,1,1.1789597188780776,0.41136262664777395,99,control
2775,816.0,5383.0,815.7702914607537,5383.360389514547,0.1624096781015396,1,0.7693296419855031,0.4219112996031394,99,check
2776,387.0,5724.0,388.6000539231859,5723.540167508896,0.1309182345867157,1,1.3469430354687546,0.5853870192939571,101,control
2777,336.0,5714.0,337.0400085850888,5713.920003959776,0.2030314952135086,1,0.7828091089726072,0.15272682084627048,101,control
2778,342.0,5754.0,342.939863512137,5754.289997953724,0.16172771155834198,1,0.8504779221205155,0.3563206723121109,101,check
2779,420.0,5711.0,421.559858919935,5710.289852157043,0.1392725110054016,1,1.373147235553592,0.6342636897988965,101,control
2780,410.0,5713.0,409.75994019567503,5712.5900822571575,0.16807113587856293,1,0.5413958918066287,0.9058617042074337,101,control
2781,363.0,5717.0,363.60004003052643,5716.640062191896,0.12215959280729294,1,0.35040968616455626,0.7925470007918596,101,control
2782,442.0,5727.0,439.0,5726.0,0.11017869412899017,0,3.359902500319217,,101,control
2783,427.0,5749.0,425.8200587230773,5749.470084869139,0.14007903635501862,1,1.6128167833591374,0.8132890038127698,101,control
2784,367.0,5749.0,366.0,5749.0,0.12947149574756622,1,1.2933541622026676,,101,control
2785,333.0,5725.0,334.4200246405759,5724.780043640812,0.19229646027088165,1,1.1474679508709857,0.6905184556740952,101,control
2786,409.0,5702.0,409.37002325950453,5701.759932642001,0.22071170806884766,1,0.0979020273522942,0.4597895340291349,101,control
2787,346.0,5737.0,346.67991668651126,5736.810074537266,0.11628025770187378,1,0.41029321168231975,0.43007242128454987,101,check
2788,605.0,5631.0,607.2199364439206,5630.6401310224355,0.24189521372318268,1,1.952784278246148,0.45675334613620544,102,control
2789,512.0,5707.0,514.0,5707.0,0.2262343317270279,1,1.7445657758987192,,102,control
2790,586.0,5634.0,587.7299242483792,5633.740079586816,0.2196260243654251,1,1.458503970217041,0.3820273841113052,102,check
2791,553.0,5626.0,554.0,5625.0,0.21855291724205017,1,1.05968272818197,,102,control
2792,662.0,5588.0,662.9599363188418,5588.569892021019,0.2115698605775833,1,1.0524265228420584,0.25761956188651935,102,check
2793,575.0,5646.0,576.7098372326359,5645.499868703322,0.21094520390033722,1,1.4635131698560795,0.30942784981208804,102,check
2794,504.0,5711.0,505.7401446659337,5710.780496720133,0.20511193573474884,1,1.4693100282008364,0.8778055406690312,102,control
2795,556.0,5611.0,558.2700135764466,5610.880028126116,0.19803880155086517,1,2.0003306587843963,0.3678793192363424,102,control
2796,534.0,5552.0,532.8999891022548,5552.099989767791,0.1965589076280594,1,1.4133131907254366,0.48073947302378167,102,check
2797,583.0,5624.0,585.1399286240326,5623.680017053792,0.19305779039859772,1,1.8701230671757385,0.6563335517525681,102,control
2798,511.0,5743.0,510.6100501542116,5743.449745666827,0.1928711235523224,1,0.9489679068533627,0.54173928447004,102,control
2799,518.0,5548.0,516.0,5548.0,0.1909903585910797,1,2.2862914584395413,,102,control
2800,602.0,5622.0,601.6099736626383,5622.300171094433,0.18002350628376007,1,0.8470490048039845,1.0221583794074676,102,control
2801,494.0,5699.0,495.5099296970857,5698.649950394607,0.17676739394664764,1,1.2442370200430044,0.4322306743681307,102,control
2802,493.0,5578.0,494.60002751074364,5577.790168340817,0.17154540121555328,1,1.3259148825006581,0.5436021223311787,102,control
2803,621.0,5555.0,621.7700249069566,5554.820186401108,0.17108063399791718,1,0.49901344934649244,0.20326440172083618,102,control
2804,654.0,5572.0,654.8799860243977,5572.160093504226,0.16496457159519196,1,0.720126678413626,0.48273333467543994,102,control
2805,476.0,5752.0,476.0,5751.0,0.1616254448890686,1,0.8131506761559052,,102,check
2806,562.0,5653.0,563.6200357128997,5652.649958688399,0.16107255220413208,1,1.3538055257173702,0.503189336390916,102,control
2807,610.0,5546.0,612.5201823915,5545.290049247543,0.16088269650936127,1,2.2978633382451124,0.6201615963995384,102,control
2808,599.0,5658.0,600.3400224195555,5657.830141004984,0.16018061339855194,1,1.0706455006571254,0.27019665448494334,102,check
2809,486.0,5547.0,486.50000678814024,5546.919946908901,0.15925145149230957,1,0.2704467793978153,0.46782194944573047,102,control
2810,602.0,5559.0,603.659968546534,5559.350176543306,0.15586136281490326,1,1.5021523507312784,0.6048122123938273,102,control
2811,502.0,5540.0,502.0,5540.0,0.15356498956680298,1,0.3584717664248969,,102,control
2812,623.0,5654.0,625.1398109290494,5653.920443779194,0.15272162854671478,1,1.8749221088210417,0.8805038628900891,102,control
2813,547.0,5704.0,548.069807633979,5703.759801952667,0.15262071788311005,1,0.7993312374564474,0.49014105191377605,102,control
2814,543.0,5570.0,545.3500722664132,5569.3902462470705,0.1520194113254547,1,2.110824339125831,0.9067707563799817,102,control
2815,481.0,5566.0,481.57991017294637,5565.90016992155,0.1518622636795044,1,0.3320396904676977,0.3224106479100578,102,control
2816,584.0,5597.0,585.0,5596.0,0.14848735928535461,1,1.0602733964516617,,102,control
2817,663.0,5572.0,663.4900013141854,5571.939840269188,0.14815431833267212,1,0.2738255793763537,0.5486267481169914,102,control
2818,549.0,5545.0,542.7202266389919,5543.719540231872,0.14771343767642975,0,6.638104568931278,1.6914806227071288,102,control
2819,521.0,5729.0,521.4797386875523,5728.520164747419,0.14623402059078217,1,0.3247434841486408,0.4813762964341273,102,control
2820,630.0,5638.0,630.6999843689171,5638.170074520544,0.14599032700061798,1,0.5850798130192357,0.25201856390301447,102,control
2821,646.0,5626.0,646.7498986426092,5625.919870999257,0.14503367245197296,1,0.5008194156271661,0.894881637120551,102,control
2822,570.0,5663.0,572.0,5660.0,0.14429083466529846,1,3.2654979625034595,,102,control
2823,524.0,5688.0,525.9402467044196,5687.599774375038,0.1439986526966095,1,1.677594422998388,0.7977451660343146,102,control
2824,595.0,5685.0,596.7397667053107,5684.199979851962,0.1426476240158081,1,1.5763061916446273,0.4758849715189598,102,control
2825,570.0,5549.0,563.9698629792093,5549.169578124819,0.14248353242874146,0,6.316799082575431,0.7940856514962776,102,control
2826,496.0,5742.0,498.65998951829823,5741.12007012817,0.1421852558851242,1,2.475928999048598,0.7256588336269864,102,check
2827,574.0,5588.0,574.6000475841997,5587.600167708558,0.13809891045093536,1,0.3691065117547198,0.3058268728384472,102,check
2828,768.0,5611.0,769.1100141005151,5610.870011188876,0.3334454894065857,1,0.8452220892371117,0.16703956967867722,103,control
2829,744.0,5748.0,744.489913042948,5747.8701603132395,0.2812179625034332,1,0.24294644574117996,0.2913542107002277,103,control
2830,737.0,5651.0,737.7498979024906,5650.990082531733,0.2801622152328491,1,0.5265610947179095,0.08085768382969621,103,control
2831,775.0,5598.0,775.7399158296745,5597.820080909529,0.267911821603775,1,0.47167350821461823,0.12780429064091067,103,control
2832,724.0,5656.0,724.8599868561522,5656.119985608354,0.26468053460121155,1,0.6842933079223614,0.0891569825040549,103,control
2833,803.0,5736.0,803.0,5736.0,0.2612718343734741,1,0.34877999829132195,,103,control
2834,732.0,5639.0,733.1100764338788,5639.280009225543,0.258718341588974,1,0.9805606190774857,0.22323868480444045,103,check
2835,737.0,5622.0,737.9600095335614,5621.940101224117,0.25546932220458984,1,0.7093367746096683,0.1816002044068946,103,control
2836,743.0,5717.0,744.0,5717.0,0.2513028085231781,1,0.7663407504817823,,103,control
2837,755.0,5686.0,757.2801660617698,5685.500235889949,0.25074052810668945,1,2.030408359652085,0.7701777552007999,103,control
2838,777.0,5583.0,777.8799987023699,5583.040093104904,0.2490384876728058,1,0.6639864565296516,0.14803919143094743,103,control
2839,756.0,5754.0,756.5800316701808,5753.750166094715,0.24653293192386627,1,0.31419492655400527,0.291202766257902,103,check
2840,693.0,5643.0,693.9399955743482,5643.039993794121,0.24275578558444977,1,0.7208290100876499,0.2387740776248846,103,check
2841,758.0,5730.0,760.2000418689464,5729.610019832157,0.23636221885681152,1,1.9397293518077952,1.1636115747745654,103,control
2842,745.0,5591.0,749.0,5589.0,0.22943155467510223,0,4.130300759482687,,103,control
2843,777.0,5623.0,777.7999065208562,5622.910087548006,0.22554916143417358,1,0.546971621264703,0.3078522618354234,103,check
2844,729.0,5626.0,729.9099924632143,5626.100096474058,0.22377468645572662,1,0.7178240294196507,0.14454007014359202,103,control
2845,808.0,5590.0,807.5399945596542,5590.100163033412,0.21598923206329346,1,0.7984101344361985,0.5575903440163915,103,control
2846,707.0,5651.0,706.9200883214019,5651.129883003166,0.2154713124036789,1,0.4991240377825976,0.4296090203894769,103,control
2847,715.0,5644.0,715.8496536023632,5643.400418065731,0.21367381513118744,1,0.6897363055543847,0.784107467451444,103,control
2848,685.0,5622.0,686.1900101407389,5621.910019773964,0.2120601236820221,1,0.9292531177129982,0.18759846134392114,103,control
2849,722.0,5605.0,723.2002127051933,5604.9298029421125,0.21202239394187927,1,0.9422816918011149,0.5025044705866508,103,control
2850,749.0,5673.0,749.50998706434,5673.170160096857,0.21171219646930695,1,0.4633306922253677,0.3533060928470972,103,check
2851,669.0,5632.0,670.5800017718664,5631.969955527266,0.21013407409191132,1,1.3239461875699057,0.29609206637784574,103,control
2852,761.0,5654.0,762.3101929977822,5654.119815195847,0.2095102071762085,1,1.096687543072931,0.4469263486845353,103,control
2853,740.0,5608.0,741.3900984955837,5608.080038141942,0.202779620885849,1,1.160392260343651,0.21972153369266303,103,control
2854,723.0,5637.0,723.8299932534974,5637.0900879887995,0.2019318789243698,1,0.642870879360214,0.2075751688167874,103,control
2855,715.0,5679.0,715.7699877713479,5679.140081816197,0.19390079379081726,1,0.6206412140847206,0.24297493556069982,103,control
2856,715.0,5625.0,715.8700685561301,5625.410195601736,0.1902683973312378,1,0.8740487922875143,0.434455708883507,103,control
2857,401.0,5792.0,401.20001952430545,5791.789914781371,0.16005809605121613,1,0.07461665175164278,0.27207621894836437,105,control
2858,442.0,5794.0,442.8701124544646,5793.89987695531,0.14105670154094696,1,0.6153105559665344,0.3976021800229486,105,control
2859,395.0,5842.0,394.3501238766105,5841.870138866907,0.15939077734947205,1,0.9250762927855066,0.2804021608634314,105,control
2860,439.0,5840.0,438.72992725968277,5839.679973737387,0.10210447013378143,1,0.5452980743752904,0.17247949841728663,105,check
2861,386.0,5798.0,385.8500144500048,5797.890089436259,0.10586550086736679,1,0.4387027437083208,0.2982153385565652,105,control
2862,386.0,5821.0,387.0,5820.0,0.10047059506177902,1,1.0568230901458162,,105,control
2863,355.0,5787.0,355.48993596951817,5786.589948081951,0.1183052808046341,1,0.27947951897327356,0.2189369728963033,105,control
2864,373.0,5828.0,373.4599096154349,5827.870051493977,0.10245834290981293,1,0.2180666446320056,0.35187964762200663,105,check
2865,420.0,5763.0,420.0800185430544,5762.890219385475,0.10306011140346527,1,0.22787944387483663,0.36401522759043714,105,control
2866,400.0,5877.0,399.78998752152256,5876.079872429994,0.10840875655412674,1,0.8342704615349983,0.5364116199002713,105,control
2867,564.0,5833.0,563.870034431825,5832.669985167395,0.40459179878234863,1,0.40908150125757703,0.22536104486749678,106,control
2868,560.0,5854.0,559.4099886863776,5854.120043715728,0.3512083888053894,1,0.9263632889812143,0.20454486452168275,106,control
2869,544.0,5840.0,543.3800835131497,5840.18993180172,0.30428454279899597,1,0.982630486518657,0.1686609466877673,106,control
2870,527.0,5870.0,526.23999340316,5870.070025588882,0.2840600907802582,1,1.0706242710421647,0.21303382985002225,106,control
2871,514.0,5844.0,514.3300327930659,5843.700033866119,0.2666093707084656,1,0.09138531267175762,0.40810346496911054,106,control
2872,552.0,5869.0,550.0,5869.0,0.26328045129776,1,2.2783905111353326,,106,control
2873,490.0,5786.0,488.5199836117447,5786.139949753986,0.26174721121788025,1,1.7886349859685702,0.6806919015615455,106,check
2874,618.0,5958.0,617.7799929289237,5958.059976956712,0.25209349393844604,1,0.5648859074803086,0.22594685435024844,106,control
2875,601.0,5858.0,599.8800969566552,5858.110090010159,0.2515222728252411,1,1.427466766402394,0.23293871826727403,106,check
2876,493.0,5769.0,493.5799140825581,5768.7999582892435,0.24898973107337952,1,0.3120256534592329,0.43712317940251655,106,control
2877,545.0,5821.0,545.9100872316274,5820.139881979945,0.24753710627555847,1,0.8982663524533405,0.4928580572664038,106,check
2878,663.0,5803.0,663.16004596183,5802.570015473059,0.23607417941093445,1,0.22739380116787422,0.3534395015856609,106,control
2879,553.0,5810.0,552.7600171618169,5809.82997407835,0.23424318432807922,1,0.5116256522870117,0.5077625799149695,106,control
2880,615.0,5882.0,615.0800064470112,5881.909902502721,0.23379011452198029,1,0.23300704114149637,1.080776699880475,106,control
2881,664.0,5880.0,665.9900112718187,5878.829787078258,0.23281380534172058,1,1.9647728468663006,0.6598563367584388,106,control
2882,470.0,5796.0,476.21980712746273,5796.990558113883,0.2294108271598816,0,6.0752800137312635,2.521789519445776,106,check
2883,644.0,5872.0,645.0,5871.0,0.22935356199741364,1,1.0639954085787522,,106,control
2884,535.0,5863.0,534.0,5861.0,0.22261536121368408,1,2.1741978825159785,,106,control
2885,510.0,5899.0,508.86998688942896,5899.119986664852,0.22167269885540009,1,1.4404623855523495,0.2480238936060301,106,control
2886,489.0,5815.0,489.0000138926595,5814.900105317,0.2198626846075058,1,0.2999626241687404,0.5911994694830517,106,control
2887,519.0,5890.0,518.7998719728115,5890.300300145341,0.21692249178886414,1,0.7090956123330441,0.7449785804408566,106,control
2888,563.0,5843.0,562.6199164868503,5842.81006819828,0.21634766459465027,1,0.6484116878257774,0.08325147961353184,106,control
2889,585.0,5820.0,582.3600861923495,5821.290352620569,0.2133718580007553,0,3.281327843103914,1.1733069861316245,106,control
2890,578.0,5861.0,577.3098908394428,5860.979824713019,0.21180479228496552,1,0.979607821812445,0.2998425200465703,106,check
2891,599.0,5782.0,599.3500425262883,5781.640141429222,0.210397869348526,1,0.1532295684767382,0.2910518111767399,106,control
2892,641.0,5896.0,641.0,5896.0,0.20644737780094147,1,0.3512104202442241,,106,control
2893,535.0,5810.0,536.0,5808.0,0.2053930163383484,1,1.913193579131925,,106,control
2894,452.0,5930.0,451.0,5931.0,0.20489279925823212,1,1.7693903069818797,,106,control
2895,446.0,5821.0,446.93992584550074,5820.6999959903915,0.20431096851825714,1,0.6741687871643867,0.43799447672247693,106,control
2896,465.0,5809.0,462.45003847487635,5809.650046377707,0.20411598682403564,0,2.9543830668764426,0.8149431786016711,106,control
2897,619.0,5828.0,618.9899663169866,5827.350105757961,0.2035597860813141,1,0.502400600334522,0.3156932957600975,106,control
2898,643.0,5788.0,641.1100954508372,5788.10000862656,0.1977435201406479,1,2.182243337983342,0.326504111067552,106,control
2899,525.0,5824.0,522.9602877088331,5824.370303971511,0.19756752252578735,1,2.3851317281430733,1.0207109173071471,106,check
2900,527.0,5845.0,526.8997443111697,5844.480208987214,0.19676557183265686,1,0.4662514370186736,0.894233983591432,106,control
2901,527.0,5805.0,526.6802832912098,5805.340062990207,0.19391141831874847,1,0.8207502712069931,0.5317261048398064,106,control
2902,632.0,5852.0,631.4099941270556,5852.100149298943,0.1915809065103531,1,0.9175432541178182,0.2174654378263454,106,check
2903,456.0,5792.0,455.9400262127813,5791.749992829094,0.19073913991451263,1,0.32988581905423253,0.18640739793925218,106,control
2904,739.0,5865.0,737.8300249484281,5864.790086990495,0.2007017880678177,1,1.4343331631822926,0.1331394018855163,107,check
2905,714.0,5831.0,712.8900006904526,5830.989988345249,0.15906256437301636,1,1.392590088906711,0.19639611513804744,107,control
2906,726.0,5760.0,726.8100143168975,5759.890085210268,0.2450709491968155,1,0.5555641206443734,0.49943973043492734,107,control
2907,680.0,5767.0,681.0500531494582,5766.5301093682465,0.1368105560541153,1,0.8191524209871138,0.30629006304633305,107,control
2908,742.0,5823.0,742.7098620066513,5822.360185186753,0.18220867216587067,1,0.6064250687115258,0.9529087131046384,107,control
2909,673.0,5839.0,672.8900843119596,5839.230091465979,0.17566555738449097,1,0.5934379757355001,0.2796930141313334,107,control
2910,731.0,5795.0,727.0,5797.0,0.13531261682510376,0,4.812575724491665,,107,control
2911,675.0,5930.0,674.0,5929.0,0.12318060547113419,1,1.479374945841925,,107,control
2912,802.0,5879.0,800.3698969543502,5879.050253884019,0.1006695032119751,1,1.9133779506982556,0.5359774843846757,107,control
2913,720.0,5807.0,721.9799376000826,5805.589999850337,0.13845591247081757,1,2.0822321438688816,0.6080652684899756,107,control
2914,766.0,5839.0,765.709987571687,5839.140075477211,0.15064091980457306,1,0.6650759481592872,0.3261691014618253,107,control
2915,673.0,5808.0,672.8399033262809,5807.909986124228,0.264252245426178,1,0.4486022943984516,0.1724585069108543,107,control
2916,715.0,5877.0,716.0,5874.0,0.13750243186950684,1,2.8672504838106834,,107,control
2917,736.0,5763.0,737.2499363855616,5762.610028442328,0.2058691680431366,1,0.9966315706559573,0.9010909019943002,107,control
2918,673.0,5775.0,674.1201131281957,5774.869797618153,0.1066715195775032,1,0.8585329136426619,0.36571245479300196,107,control
2919,691.0,5829.0,686.5800693877186,5830.32995339755,0.16464699804782867,0,4.9381596582997735,1.2800434860712102,107,control
2920,733.0,5820.0,728.0,5817.0,0.13526666164398193,0,5.9507337868400665,,107,check
2921,796.0,5766.0,793.0,5767.0,0.12058365345001221,0,3.4883152845601053,,107,control
2922,722.0,5780.0,722.1199910490323,5780.1201187270635,0.19970110058784485,1,0.3771692059838587,0.6913683742425127,107,control
2923,678.0,5755.0,676.4401777411051,5756.299935179069,0.10735706239938736,1,2.3822306458159908,2.327945019672889,107,control
2924,723.0,5932.0,720.0,5931.0,0.10186160355806351,0,3.352620473048711,,107,control
2925,760.0,5898.0,759.8300228354327,5897.810087057049,0.12726616859436035,1,0.43480896490818366,0.5313256858862734,107,check
2926,733.0,5895.0,732.9901107407911,5894.919889699836,0.1799553781747818,1,0.3111662643057412,0.3946544491508023,107,control
2927,726.0,5846.0,726.0,5842.0,0.13014020025730133,0,3.781190416985577,,107,check
2928,687.0,5868.0,683.9201918581755,5868.149879742036,0.19603846967220306,0,3.3660809409276693,0.7178877040974815,107,control
2929,675.0,5865.0,670.0,5863.0,0.14861029386520386,0,5.554766434903468,,107,check
2930,754.0,5874.0,753.490010082546,5873.920051502172,0.19333073496818542,1,0.7878188381304913,0.4732505385678562,107,control
2931,762.0,5860.0,759.7102168316858,5860.970068256141,0.10925832390785217,0,2.8206992970219744,0.7804684093263454,107,control
2932,421.0,6038.0,422.229956392464,6038.4200256970735,0.11767677217721939,1,1.1688342723553244,0.6402453234959891,109,check
2933,414.0,5995.0,415.830008044465,5994.950087522924,0.1785281002521515,1,1.5761584948806469,0.378084131419699,109,check
2934,441.0,6005.0,439.90001039039817,6005.930094851854,0.1333659589290619,1,1.7956126147602622,1.0112029236629396,109,control
2935,440.0,6188.0,443.08999834468557,6188.050115324632,0.10300957411527634,1,2.844753249389048,0.295112111813042,109,control
2936,384.0,6001.0,384.5099742281782,6001.26005474658,0.1455955058336258,1,0.5552895189430574,0.39022262166450944,109,control
2937,426.0,6138.0,429.8700545052812,6137.479984535135,0.18235252797603607,0,3.6195733319893515,0.4126035920831383,109,control
2938,415.0,6014.0,418.08986839546964,6013.280119417682,0.11018022894859314,1,2.866124504802731,0.6062801295511105,109,control
2939,433.0,6112.0,438.25994413070123,6109.600240765088,0.10451294481754303,0,5.445259960576998,1.4016157210370876,109,control
2940,399.0,6016.0,402.4000062971825,6016.889830594325,0.12399084866046906,0,3.332056171952769,1.947959262026253,109,control
2941,442.0,6016.0,440.95982253347023,6016.710107114115,0.1217670664191246,1,1.6121121021072127,0.521789298263194,109,control
2942,414.0,5979.0,413.8900883797609,5979.159985583272,0.12349572777748108,1,0.5466733505694897,0.5192396631279967,109,control
2943,413.0,6156.0,416.0,6156.0,0.11828481405973434,1,2.7493322703028946,,109,control
2944,388.0,6108.0,123.0,5936.0,0.10642887651920319,0,316.01957159235036,,109,check
2945,397.0,5989.0,399.78991990567033,5988.719874559711,0.10773162543773651,1,2.524860044991127,0.6975593920446672,109,control
2946,429.0,6189.0,432.519982555247,6189.149949787263,0.1362890750169754,0,3.283062368030087,0.356228143323664,109,control
2947,394.0,6120.0,397.0,6120.0,0.12012829631567001,1,2.7482227372028265,,109,control
2948,443.0,6169.0,444.9100208304624,6168.799989825984,0.19950701296329498,1,1.6500280549481066,0.5509257312986899,109,control
2949,389.0,6022.0,390.289965202296,6022.370137519445,0.1648184210062027,1,1.192326392073953,0.4226200085909352,109,control
2950,526.0,6128.0,528.8500079528292,6127.91998388632,0.39189401268959045,1,2.5943193628363765,0.33229997161627406,110,control
2951,564.0,6144.0,567.1998953321465,6144.060235956836,0.3353983461856842,1,2.9552135460676032,0.26775764448361017,110,control
2952,516.0,6162.0,518.2801956437052,6162.2202349581985,0.3311014771461487,1,2.071615593584078,0.8770850533778501,110,control
2953,510.0,6084.0,512.4500099494387,6083.920047276181,0.32759708166122437,1,2.1939009114917996,0.37413358887898657,110,check
2954,548.0,6142.0,551.0,6144.0,0.32143083214759827,0,3.5368458079382257,,110,control
2955,452.0,6193.0,454.77000346062374,6192.959975567446,0.320789098739624,1,2.5181422462514758,0.1339152731854251,110,control
2956,542.0,6111.0,544.3999222519358,6110.780150505269,0.30980050563812256,1,2.13934628505416,0.39453251200986456,110,check
2957,557.0,6173.0,559.7600446307569,6172.569973213152,0.2898293733596802,1,2.5086025416424076,0.35697101507976986,110,control
2958,537.0,6179.0,540.1999721400989,6179.270022028428,0.2883699834346771,1,2.98431337144898,0.4023863595510621,110,control
2959,546.0,6025.0,547.5199774309481,6025.230055703247,0.288038969039917,1,1.3404524122773185,0.23013683727850837,110,control
2960,521.0,6075.0,523.320009833219,6074.980245040911,0.28015080094337463,1,2.069560605939384,0.4315534552322758,110,control
2961,519.0,6119.0,521.6901325616959,6118.83028030449,0.2634832262992859,1,2.4303297335383793,0.3178774423731373,110,check
2962,490.0,6184.0,492.7500468686649,6183.5800778397,0.26343947649002075,1,2.4971801189537888,0.5006981024319126,110,check
2963,562.0,5997.0,561.7699515340474,5997.419871448411,0.26220929622650146,1,0.8190786427673702,0.8514016006323862,110,control
2964,505.0,6105.0,506.89003872436945,6104.629987147283,0.25632578134536743,1,1.6342319870116435,0.20127564574426482,110,control
2965,529.0,6068.0,531.249895023962,6067.969923990526,0.2501772940158844,1,1.9986521230266594,0.31145179902109416,110,control
2966,461.0,6174.0,464.04988273695096,6174.079903226617,0.24887578189373016,1,2.8079205349965406,0.5189358411224871,110,control
2967,470.0,6151.0,472.8098061868525,6150.860091765802,0.24871312081813812,1,2.5511515102083364,0.28803849421563377,110,control
2968,547.0,5997.0,547.080210509255,5997.010001829894,0.2458232045173645,1,0.3054229445360669,0.30369102763037653,110,control
2969,585.0,6139.0,587.9100072541819,6138.9600960081825,0.24135251343250275,1,2.6577821344277512,0.19888170992297205,110,control
2970,494.0,6106.0,496.3700074120392,6105.909933141154,0.2406933605670929,1,2.113768344820785,0.22206855276917614,110,control
2971,579.0,6102.0,580.4000879638836,6102.1800395312075,0.23646171391010284,1,1.2128716614059862,0.5707450669111843,110,control
2972,650.0,6167.0,653.3400606116618,6166.500245556618,0.23580963909626007,0,3.093582289088066,1.8564532763024655,110,check
2973,472.0,6176.0,475.45992350809445,6175.770156810979,0.23518666625022888,0,3.2000303079033143,0.6670635116141983,110,control
2974,500.0,6057.0,501.5500025703441,6056.929846574897,0.22939252853393555,1,1.2981891769283016,0.4459643218346139,110,control
2975,467.0,6043.0,468.259995582709,6043.050027635324,0.22516168653964996,1,1.0372342328571391,0.45991765040137517,110,control
2976,566.0,6094.0,568.949789116007,6093.899684090801,0.2245834469795227,1,2.6924197813507162,0.360606363379674,110,check
2977,575.0,6168.0,578.0,6167.0,0.2223213165998459,1,2.8456984710779287,,110,control
2978,516.0,5999.0,517.3698610334288,5998.390255015432,0.22225262224674225,1,1.167853918933932,0.8508087453516414,110,control
2979,475.0,6188.0,477.50023683908665,6187.900468435827,0.21910947561264038,1,2.244957324841772,0.8928625927771199,110,control
2980,504.0,6170.0,505.9201503892155,6169.700409821107,0.21524108946323395,1,1.661634461414683,0.29862052264639105,110,control
2981,587.0,6173.0,589.0,6173.0,0.2150905877351761,1,1.7572971497336352,,110,control
2982,452.0,6174.0,455.0500288500113,6173.760110133614,0.21442030370235443,1,2.7898219686515655,0.4549125502155634,110,control
2983,484.0,6029.0,485.0,6030.0,0.21307113766670227,1,1.439151210506165,,110,control
2984,544.0,6007.0,544.700097097791,6007.039859460725,0.21077492833137512,1,0.5159711011236598,0.5263319939117872,110,control
2985,540.0,6044.0,542.8702306240164,6043.749767478706,0.21048521995544434,1,2.6079823330484846,0.8497499639846997,110,check
2986,461.0,6020.0,463.20008185766915,6020.199912818039,0.2088155448436737,1,1.9848498835418122,0.2737436976806051,110,control
2987,502.0,6028.0,503.9200050162738,6027.949991381634,0.20832492411136627,1,1.6672316410644543,0.26528320593862337,110,control
2988,541.0,6171.0,544.0199958405628,6171.040002246103,0.20825698971748352,1,2.774651986051076,0.29429331147173454,110,check
2989,536.0,6128.0,529.0,6128.0,0.20598748326301575,0,7.264256360378878,,110,control
2990,712.0,6033.0,714.9000067463365,6032.8697777028865,0.2798551619052887,1,2.641498134819905,0.6139286833234667,111,control
2991,725.0,6164.0,727.7799645616756,6164.360083604785,0.25910645723342896,1,2.5914732814138093,0.26323804156328756,111,control
2992,744.0,6015.0,745.2299764659201,6015.230025064814,0.23993302881717682,1,1.0730123836402492,0.23479571836535376,111,control
2993,733.0,6016.0,733.8599868561522,6016.119985608354,0.23591811954975128,1,0.6941261047394481,0.34659650560942895,111,control
2994,698.0,6163.0,700.8200419773038,6162.660191151168,0.23503784835338593,1,2.5648528805527864,0.368081058919473,111,check
2995,746.0,6163.0,748.7499938855909,6163.049973753942,0.2282465696334839,1,2.5090144316544913,0.321592266320058,111,control
2996,760.0,6074.0,761.4200100077977,6073.950149856288,0.22582395374774933,1,1.1750788281926972,0.3078840695372388,111,control
2997,678.0,6083.0,680.2200227603521,6082.759916794536,0.22522185742855072,1,1.9604045917587667,0.1833734897669416,111,control
2998,684.0,6144.0,686.6598914222026,6144.080178972514,0.21246877312660217,1,2.422143233229817,0.2909721202033237,111,control
2999,699.0,6192.0,702.7100604700277,6191.45007318111,0.21166355907917023,0,3.467871858306726,1.0269321481467057,111,check
3000,716.0,6095.0,721.8402344846266,6092.87029295738,0.2087836116552353,0,5.895379588009529,1.4228516124913557,111,control
3001,780.0,6012.0,782.3000360209181,6011.700136346395,0.2022179216146469,1,2.0411700235839354,0.8095682046280018,111,control
3002,744.0,6128.0,746.2899101062266,6127.86003350024,0.20210415124893188,1,2.034243110698089,0.18501781255920816,111,check
3003,708.0,6176.0,709.859931019964,6175.680093121626,0.19132447242736816,1,1.6053084623969474,0.4946131916473245,111,control
3004,707.0,6080.0,708.7499045578558,6079.990293831271,0.18922068178653717,1,1.5069652474298587,0.4858152180053125,111,check
3005,675.0,6142.0,677.3500001081912,6142.010037010696,0.18828624486923218,1,2.1058512245011567,0.09161951907460335,111,control
3006,717.0,6023.0,715.0,6023.0,0.1880762279033661,1,2.2723946088820806,,111,control
3007,745.0,6090.0,746.8799659509415,6090.3500941364855,0.1866275519132614,1,1.7222238684533384,0.3786562931933483,111,control
3008,690.0,6186.0,689.110108286999,6186.010113976838,0.1799432337284088,1,1.1724345832853171,0.6372075788743198,111,control
3009,670.0,6098.0,672.2300146580264,6097.900129616448,0.17929311096668243,1,1.9751157267471189,0.21318694722570347,111,control
3010,750.0,6146.0,752.1301051840596,6146.040116189663,0.1749129444360733,1,1.8924654547988946,0.17622657626397215,111,control
3011,695.0,6044.0,697.0001900113947,6044.1698882605715,0.174803227186203,1,1.7854829938247494,0.8558591435916536,111,check
3012,701.0,6126.0,703.5199774309481,6126.230055703247,0.17232051491737366,1,2.3084466206598546,0.27291639193736417,111,control
3013,686.0,6072.0,689.0,6072.0,0.17180337011814117,1,2.750004265748931,,111,control
3014,686.0,6154.0,688.8500091675163,6153.940089602643,0.17053735256195068,1,2.5979857031261657,0.2706434474335309,111,control
3015,742.0,6137.0,744.4801211397162,6136.900152701207,0.1700645387172699,1,2.2264922176470696,0.4440732599263378,111,control
3016,736.0,6156.0,739.509821036013,6155.710059571719,0.1661817878484726,0,3.2532270809067145,0.3741646300525309,111,control
3017,755.0,6086.0,756.5899892853605,6086.120062732685,0.16410379111766815,1,1.3767363726159392,0.3388835963734629,111,control
3018,753.0,6035.0,754.4503837914316,6035.349929746586,0.16347327828407288,1,1.3241675060877973,1.0253869807790057,111,control
3019,731.0,6126.0,732.0,6121.0,0.1633170247077942,0,4.825953199821761,,111,control
3020,733.0,6116.0,734.5604797168373,6116.540255621944,0.16038012504577637,1,1.5137394281127947,1.043706879829457,111,control
3021,782.0,6166.0,784.4699212701863,6165.760052184431,0.15814447402954102,1,2.2136284756707254,0.19372916829097442,111,control
3022,702.0,6096.0,697.6497599086435,6097.229864793544,0.15776674449443817,0,4.835559066153566,0.8054515088909249,111,control
3023,706.0,6044.0,707.4801525182678,6044.539940203704,0.15770259499549866,1,1.443146194408668,0.7966610543289855,111,check
3024,502.0,6199.0,504.9901182944645,6198.879995216498,0.31533876061439514,1,2.7336897342755013,0.4207329376483405,114,control
3025,561.0,6216.0,562.880004724977,6215.919881406044,0.3062751293182373,1,1.629708885856458,0.297883191851278,114,control
3026,540.0,6260.0,541.5700083939547,6259.970165770307,0.28264737129211426,1,1.3293491614193638,0.5933367477314423,114,control
3027,531.0,6210.0,533.6899970136126,6210.0500730647245,0.279151976108551,1,2.448583148809827,0.26446819968065727,114,control
3028,553.0,6220.0,555.5200207473533,6219.820054338897,0.2700611650943756,1,2.262904594014686,0.3405422905969759,114,control
3029,570.0,6267.0,571.8300631405344,6266.460191542129,0.2570640444755554,1,1.6024145249151192,0.4846035946902963,114,control
3030,559.0,6263.0,560.1599836284662,6263.160017436392,0.24724739789962769,1,0.9868211721074808,0.5942220475133341,114,control
3031,488.0,6351.0,487.41992517160344,6350.6899410192345,0.24303144216537476,1,0.8384695759598906,0.37265246585332856,114,control
3032,545.0,6279.0,546.4400218540155,6278.870257352838,0.23559319972991943,1,1.188450048053076,0.5067970041905049,114,check
3033,558.0,6253.0,559.9500021048008,6253.010100400557,0.23409676551818848,1,1.7110086006000977,0.469078079182854,114,control
3034,468.0,6202.0,470.27001177983027,6201.960239691868,0.21973545849323273,1,2.020511990534404,0.5242691829240478,114,control
3035,581.0,6251.0,582.7399927958164,6251.059972730721,0.21761956810951233,1,1.512634239159487,0.2837536370456195,114,control
3036,534.0,6276.0,534.7801008498776,6276.070079312075,0.21727748215198517,1,0.6074071723594161,0.2605796127177131,114,check
3037,591.0,6287.0,594.1199560264189,6287.420014075599,0.20930041372776031,1,2.938608058432995,1.429417440287893,114,control
3038,546.0,6221.0,549.9698818379783,6220.9594717762375,0.20877431333065033,0,3.7172078771781383,0.4695432206849487,114,control
3039,578.0,6323.0,576.0,6323.0,0.2083539515733719,1,2.2675571170374305,,114,control
3040,509.0,6209.0,511.5701944449088,6209.019525382711,0.2040991187095642,1,2.3258401335152543,0.757816023538501,114,control
3041,560.0,6340.0,560.3001172130507,6339.90002803448,0.20186364650726318,1,0.14558041087738954,0.8752955446117858,114,control
3042,585.0,6378.0,583.7099768485206,6378.20997006038,0.19537778198719025,1,1.6073923237540109,0.3080371924018101,114,check
3043,519.0,6200.0,522.5598653097501,6199.450592237856,0.1948990672826767,0,3.3158255864602455,1.0835700235429961,114,control
3044,618.0,6299.0,618.0,6300.0,0.19358256459236145,1,1.2624702199511124,,114,control
3045,598.0,6259.0,599.4999055225514,6258.910055853075,0.1931581348180771,1,1.2521628231479784,0.12940018537350098,114,check
3046,608.0,6243.0,609.9400167043021,6242.839993128585,0.1912459284067154,1,1.68513079888453,0.33273914695203005,114,control
3047,463.0,6299.0,464.0,6298.0,0.18576878309249878,1,1.0626886003177831,,114,check
3048,464.0,6288.0,463.5899477655715,6287.449852531283,0.184666246175766,1,0.7359042997701993,0.680426069126677,114,control
3049,548.0,6267.0,552.0,6266.0,0.1826917976140976,0,3.820097522425788,,114,control
3050,654.0,6202.0,656.0401174043509,6201.890000532263,0.18203656375408173,1,1.7874190551768354,0.31477423344902117,114,control
3051,571.0,6372.0,570.0,6372.0,0.18089012801647186,1,1.2764164672527947,,114,check
3052,599.0,6317.0,599.1703145037096,6317.060113826843,0.17953288555145264,1,0.3090206032115601,0.4165012294379277,114,control
3053,528.0,6254.0,529.3401240015232,6253.900243560009,0.17928220331668854,1,1.091588915227212,0.6535627007265055,114,check
3054,537.0,6244.0,538.6903702736763,6244.580272817204,0.17795304954051971,1,1.6499501808919836,0.41337290634004176,114,control
3055,522.0,6385.0,519.0,6386.0,0.1775771975517273,0,3.482440609765037,,114,control
3056,545.0,6203.0,547.7300622258371,6202.560498259228,0.17687489092350006,1,2.479996138401462,0.6667766465058047,114,control
3057,614.0,6368.0,613.4300829394152,6368.260148616685,0.17607329785823822,1,0.9620502531943623,0.8334648104220719,114,control
3058,562.0,6291.0,562.7899001485932,6290.97008669117,0.1753125786781311,1,0.5728903275855123,0.165668481774639,114,control
3059,505.0,6237.0,506.89000523282243,6237.010199711341,0.1747855246067047,1,1.6508067620634483,0.2928358969497266,114,control
3060,465.0,6228.0,466.239987962482,6228.089920005667,0.17206008732318878,1,1.0349847058070938,0.9078541115325094,114,control
3061,819.0,6304.0,818.0,6304.0,0.11482614278793335,1,1.2737500876745629,,115,control
3062,819.0,6363.0,816.8299624568748,6363.349983204228,0.1166916936635971,1,2.490170824197381,0.36915057747923263,115,control
3063,809.0,6292.0,808.9500241330627,6291.769993952144,0.10471655428409576,1,0.3029106012823862,0.31933195923495883,115,control
3064,717.0,6215.0,718.5700089758839,6214.869848488232,0.2186713069677353,1,1.3180901509510403,1.1547819140764062,115,control
3065,709.0,6203.0,712.9401002184486,6200.270730780188,0.11347046494483948,0,4.449939993508603,5.404780853104183,115,control
3066,754.0,6220.0,755.4102174718079,6219.859719245857,0.10320226848125458,1,1.1585084849329612,0.507710368520415,115,control
3067,717.0,6198.0,721.1601096680704,6197.030224975649,0.2379409223794937,0,3.9727627719056247,0.935290642046446,115,control
3068,781.0,6362.0,779.7099748937147,6362.260075876534,0.10220951586961746,1,1.6186079804669207,0.3541477503423197,115,control
3069,770.0,6354.0,771.8903496510695,6354.750188863095,0.11112330853939056,1,1.9110263193838632,2.3216091647733514,115,check
3070,676.0,6216.0,678.6999959903917,6216.0600741544995,0.24788197875022888,1,2.4612191482061525,0.7006972736322385,115,check
3071,694.0,6288.0,695.3200860592423,6287.290348394578,0.18666884303092957,1,1.1668163387857253,0.5423383751455234,115,control
3072,709.0,6212.0,710.0299276760584,6212.780322714392,0.1753973662853241,1,1.2750875384685072,1.953582181740388,115,check
3073,757.0,6395.0,758.5101127875652,6394.980156136915,0.10695542395114899,1,1.2771897857159484,1.8817533178316739,115,check
3074,710.0,6224.0,711.5100057649194,6223.929947998676,0.17916692793369293,1,1.2647752007462274,0.14529069381016038,115,control
3075,677.0,6263.0,678.7500255805217,6262.749972755637,0.15347568690776825,1,1.4948506782924162,0.5284165181111494,115,control
3076,823.0,6398.0,823.0,6398.0,0.10814221203327179,1,0.34161502899295654,,115,check
3077,768.0,6382.0,766.6500032194914,6381.990068639073,0.13232330977916718,1,1.6168242796920365,0.6400508122018349,115,control
3078,676.0,6236.0,674.0,6235.0,0.10862306505441666,1,2.382408510760854,,115,control
3079,695.0,6204.0,693.0,6204.0,0.14525747299194336,1,2.268552905019029,,115,control
3080,697.0,6272.0,697.0,6272.0,0.13112834095954895,1,0.3460510544901349,,115,control
3081,806.0,6213.0,804.359860632944,6214.109302179261,0.14207099378108978,1,2.32099421104586,0.6104364770689223,115,control
3082,747.0,6199.0,748.53990972346,6198.83995419636,0.13943354785442352,1,1.285973163890467,0.4344954961816376,115,control
3083,693.0,6237.0,695.6902942058426,6236.300275213136,0.21658223867416382,1,2.4787966170831024,0.7699879494051026,115,control
3084,805.0,6363.0,804.0,6363.0,0.1460428684949875,1,1.2726999226285642,,115,control
3085,724.0,6364.0,723.2201157321489,6363.879913866175,0.1079702228307724,1,1.0384565063407132,0.6215906021593601,115,control
3086,702.0,6241.0,703.5900230932865,6240.800061667827,0.15957586467266083,1,1.3349641668968062,0.7008044618311982,115,control
3087,470.0,6479.0,470.139997138193,6478.999909141198,0.2818695902824402,1,0.26705506828837083,0.6827658710828551,118,control
3088,474.0,6500.0,473.6399713330943,6500.259962831281,0.22286079823970795,1,0.7918270574294519,0.4405226961854161,118,control
3089,460.0,6467.0,460.219910771597,6466.81992032188,0.2059696763753891,1,0.070511860932498,0.6386151664139607,118,check
3090,448.0,6534.0,447.9500840370521,6534.139780556166,0.20466305315494537,1,0.48758878381152515,0.3298068002446206,118,control
3091,649.0,6551.0,649.1800134351447,6550.910124367236,0.20324306190013885,1,0.16393632783435633,0.22699720945950827,118,control
3092,449.0,6564.0,450.34019341399176,6564.180029864539,0.2023458331823349,1,1.1690028552223635,0.4100533250807795,118,control
3093,458.0,6441.0,454.4698648012402,6442.199736699304,0.2013639211654663,0,4.049226304505719,1.6332782554382388,118,control
3094,475.0,6542.0,474.1301866925713,6542.300219376948,0.1987634003162384,1,1.2454658278475335,0.4284459379852996,118,control
3095,626.0,6551.0,626.3699769317957,6551.230039855782,0.1976466178894043,1,0.48475766150294736,0.30255556302830183,118,control
3096,664.0,6619.0,666.7499579646694,6618.389974885354,0.19733287394046783,1,2.530559125427097,0.3994455175093997,118,control
3097,645.0,6539.0,644.4900884215646,6539.210154789286,0.19284680485725403,1,0.8816772125969466,0.4659838066754324,118,control
3098,509.0,6444.0,506.7700418109197,6444.660185868679,0.1894020438194275,1,2.6413732372126444,0.5879617887409382,118,control
3099,635.0,6591.0,636.2597631532171,6594.250034956226,0.18718403577804565,0,3.63346985122612,2.140744099671498,118,control
3100,512.0,6474.0,510.8300640388426,6474.420085759252,0.18124055862426758,1,1.5683434389200845,0.44002962040353694,118,control
3101,466.0,6510.0,464.0,6512.0,0.17961116135120392,0,3.178208355802408,,118,control
3102,610.0,6544.0,610.210109676265,6544.000124508538,0.1790231466293335,1,0.24294430834209635,0.4308971013169799,118,control
3103,660.0,6597.0,661.5800315119913,6596.720060345115,0.17685577273368835,1,1.3333474202250053,0.8249795209286791,118,check
3104,498.0,6580.0,498.4600163217017,6579.860048133019,0.17544934153556824,1,0.23408342972829477,0.5405994940692601,118,control
3105,487.0,6556.0,490.0401062574449,6555.090318147107,0.1753113567829132,1,2.868270049155038,1.7132918006210167,118,control
3106,642.0,6566.0,642.8801061487553,6565.959878211469,0.17420972883701324,1,0.6624100027417584,0.5562044634772536,118,control
3107,478.0,6551.0,476.58017957985743,6550.350161435958,0.17400731146335602,1,1.7193895244994237,0.9043157041061243,118,control
3108,611.0,6530.0,610.0297580036698,6530.259905040287,0.17371828854084015,1,1.318082087826337,0.24068995390753345,118,check
3109,462.0,6488.0,458.6100782559096,6488.310167800028,0.17264418303966522,0,3.6841153321903928,0.6654302697240595,118,check
3110,463.0,6530.0,462.11997171569476,6530.239907826847,0.17178168892860413,1,1.2302228070223453,0.34534962767554966,118,check
3111,541.0,6635.0,543.2000178858787,6634.900232096724,0.16619546711444855,1,1.9573739650403397,0.7302889730403743,118,control
3112,461.0,6522.0,458.7299835704394,6523.210183472914,0.1658257097005844,0,2.9104437974309336,0.20847046283858778,118,control
3113,645.0,6620.0,647.5599466092433,6619.459849395066,0.1651567816734314,1,2.3324521558404534,0.6633703010974146,118,control
3114,633.0,6559.0,633.3700013894321,6559.030144840014,0.16161568462848663,1,0.2955106697254821,0.4310070078802395,118,control
3115,638.0,6580.0,637.3100117547481,6580.93013816826,0.15706110000610352,1,1.4992475980910274,0.40200927613680354,118,control
3116,584.0,6572.0,584.2698707910689,6572.199926868888,0.15479908883571625,1,0.44105919037853153,0.485914065584257,118,check
3117,540.0,6430.0,539.0700827979472,6430.250110549491,0.15306177735328674,1,1.280326491821226,0.7842126735884892,118,control
3118,462.0,6503.0,461.08985994348814,6503.360119683896,0.15277621150016785,1,1.3092950809033956,0.3528442512841796,118,check
3119,654.0,6612.0,656.4000352971887,6611.710146944649,0.15268802642822266,1,2.153617839115836,0.48338688474089947,118,control
3120,619.0,6637.0,624.3099112292779,6635.850035579959,0.15190748870372772,0,5.1441361948054976,0.8939785361949744,118,control
3121,450.0,6613.0,449.0,6614.0,0.15174303948879242,1,1.7635166546781866,,118,control
3122,500.0,6619.0,501.0999478242628,6619.560223728017,0.14655877649784088,1,1.1705200605586656,0.8282834749598145,118,control
3123,478.0,6614.0,477.660010648252,6614.920069462633,0.1461889147758484,1,1.3044539395438222,0.5623946144673116,118,check
3124,551.0,6535.0,550.3999791446215,6535.210042958721,0.14544549584388733,1,0.9624476879943911,0.326945132074626,118,control
3125,533.0,6628.0,535.2205683877289,6627.690216872493,0.14340238273143768,1,1.9735911891250206,0.7515923476017863,118,control
3126,660.0,6450.0,658.119972930382,6450.260013543169,0.13909737765789032,1,2.1882230498631157,0.2698371033904422,118,control
3127,470.0,6629.0,472.0,6629.0,0.13901269435882568,1,1.7680518694467302,,118,check
3128,568.0,6639.0,569.0600739963097,6639.269898260009,0.13900969922542572,1,0.9603528813507151,0.21002588500107977,118,control
3129,484.0,6495.0,483.23997438620154,6495.250026187865,0.1374654471874237,1,1.1253605168212701,0.3445693363164274,118,control
3130,586.0,6533.0,585.5599478239305,6533.479955111389,0.13701295852661133,1,0.9971979642216867,0.6099600004463953,118,control
3131,602.0,6610.0,603.5900237260446,6609.920484666225,0.13694597780704498,1,1.3519491758230582,0.7177184321339518,118,control
3132,666.0,6438.0,664.7599729471034,6438.2800812255755,0.1087210401892662,1,1.5782778803861566,0.2116698825459169,119,check
3133,669.0,6550.0,668.8200691298647,6550.339978786771,0.11767347157001495,1,0.7196034957567067,0.3817081488962753,119,control
3134,672.0,6580.0,668.9799926961521,6579.100103869542,0.12487970292568207,0,3.333891289924481,0.385129587452371,119,control
3135,721.0,6611.0,723.2800463611518,6610.570028151032,0.15203331410884857,1,2.042906412242714,0.7465280697522655,119,control
3136,708.0,6639.0,707.0000728983406,6639.309997703899,0.13381651043891907,1,1.3610357789062741,1.1637727265306106,119,check
3137,729.0,6608.0,723.0,6611.0,0.10051313042640686,0,7.035472738698489,,119,control
3138,803.0,6540.0,803.0799475995196,6540.530115865422,0.11658936738967896,1,0.7830212787824229,0.5061341318308357,119,control
3139,772.0,6552.0,770.1302260485359,6553.769689364431,0.13504448533058167,0,2.915994983562095,0.8776972452170128,119,control
3140,742.0,6563.0,742.0,6563.0,0.13217370212078094,1,0.34217940268047053,,119,check
3141,681.0,6555.0,678.0,6557.0,0.16602054238319397,0,3.9445330309277984,,119,check
3142,774.0,6605.0,774.0900552373713,6605.480007778085,0.15150755643844604,1,0.7331288796695475,0.6903099859089665,119,control
3143,710.0,6576.0,710.3199829462081,6576.139928624033,0.16855476796627045,1,0.38448081386810296,0.7181846738255386,119,control
3144,675.0,6636.0,673.0,6637.0,0.11147964745759964,1,2.5653729125711555,,119,control
3145,797.0,6522.0,798.6201353400617,6520.770167059576,0.12271863222122192,1,1.6954052716522277,0.9020555804362618,119,check
3146,734.0,6575.0,734.0,6576.0,0.151846781373024,1,1.2614245021378823,,119,control
3147,696.0,6581.0,688.2302906694738,6579.129592149921,0.11050166934728622,0,8.181587543967762,1.0121625820885323,119,control
3148,683.0,6525.0,681.9800664928008,6525.369995790565,0.1140194684267044,1,1.4067469609616865,0.5354647723485646,119,control
3149,694.0,6522.0,689.0600442561849,6523.51979344216,0.13771410286426544,0,5.478203975182593,3.886828904607083,119,control
3150,697.0,6566.0,691.9195028634919,6570.639795688928,0.1065981388092041,0,7.223644755006167,1.9063337621927,119,control
3151,705.0,6533.0,702.0,6535.0,0.11522669345140457,0,3.944242600528727,,119,check
3152,805.0,6554.0,803.9601373697819,6554.730097197621,0.1626700460910797,1,1.6082330215331089,0.6598316715125132,119,control
3153,829.0,6535.0,826.0,6542.0,0.10246916860342026,0,7.929458290854685,,119,control
3154,697.0,6532.0,695.0,6533.0,0.10375542938709259,1,2.5664759944593385,,119,control
3155,697.0,6474.0,598.0,6397.0,0.11095467209815979,0,125.47326368402399,,119,control
3156,688.0,6590.0,688.9402336027076,6589.850197806034,0.132559671998024,1,0.6987206382435823,0.7508072274516089,119,control
3157,711.0,6508.0,710.2899872305579,6508.130031071032,0.11812328547239304,1,1.0266408094635098,0.7353646268040894,119,control
3158,710.0,6596.0,711.5799290317153,6595.690063572967,0.12186761945486069,1,1.3351628029714997,0.7747826180009727,119,control
3159,680.0,6628.0,677.0,6628.0,0.13610193133354187,0,3.255145974838652,,119,control
3160,681.0,6570.0,679.3303372225903,6570.850130031993,0.1419430524110794,1,2.204775002136934,1.3358160076863774,119,control
3161,668.0,6564.0,667.9398677381278,6564.249997820617,0.16777272522449493,1,0.5775648328910689,0.2901085423371014,119,control
3162,778.0,6565.0,780.0,6565.0,0.1387389600276947,1,1.7691636919991394,,119,control
3163,679.0,6446.0,678.9902645657144,6445.590307873094,0.10680253803730011,1,0.3127011427667766,1.0040489538011912,119,control
3164,738.0,6617.0,741.2700680905868,6616.490449427396,0.12880155444145203,0,3.0364547058711673,1.6447883746100436,119,check
3165,697.0,6615.0,698.8501009246258,6615.039980957959,0.16310642659664154,1,1.6276762635812354,0.7043276425346225,119,control
3166,816.0,6622.0,816.0,6623.0,0.1128181517124176,1,1.2596099210202183,,119,control
3167,816.0,6562.0,819.9101316045303,6559.719880582318,0.11045922338962555,0,4.196151637035164,0.71439865744914,119,control
3168,649.0,6781.0,650.4700225357751,6780.769943240255,0.3593933582305908,1,1.2271233058666715,0.1141140661760227,122,check
3169,661.0,6806.0,662.2700241414235,6805.7800277933475,0.3452489972114563,1,1.0280560903793068,0.1810981047581321,122,control
3170,644.0,6812.0,646.6100919903796,6811.180167367428,0.3186679184436798,1,2.437301058351297,0.5768098452015326,122,check
3171,650.0,6849.0,652.020043382959,6848.590000748645,0.30782487988471985,1,1.7866431419037714,0.378591857151246,122,control
3172,661.0,6823.0,661.9400071958229,6822.929993428076,0.29896238446235657,1,0.7190611142863925,0.30566721207691977,122,control
3173,627.0,6794.0,628.0399326754447,6793.670112105307,0.29638049006462097,1,0.8018125745563993,0.23143523782693193,122,control
3174,607.0,6806.0,608.0,6805.0,0.288985937833786,1,1.070678360919926,,122,control
3175,657.0,6831.0,658.5900153814237,6830.809850401566,0.2878039479255676,1,1.3493825490583748,0.5204407480037259,122,check
3176,612.0,6828.0,612.8299256376451,6827.730090118516,0.2835141122341156,1,0.5882626688869075,0.3754274018857865,122,control
3177,542.0,6808.0,542.7699737204989,6808.209870749597,0.2829255163669586,1,0.6953917512714732,0.39089881801543264,122,control
3178,515.0,6851.0,515.9999082428905,6850.900108644683,0.27344977855682373,1,0.7709239273057388,0.8148120397752653,122,control
3179,620.0,6809.0,621.4200022959349,6808.9599385900265,0.2570836842060089,1,1.1946813957366753,0.15976160833985878,122,control
3180,588.0,6816.0,588.0101271293787,6815.860208562478,0.25622907280921936,1,0.2548320568539737,0.5124382621716818,122,control
3181,482.0,6726.0,482.1501737647736,6726.360010390066,0.24812932312488556,1,0.6126507948049722,0.5135501282722068,122,control
3182,646.0,6823.0,647.4099562513283,6822.490256246508,0.246649831533432,1,1.1982349513591484,0.37029966128890146,122,control
3183,520.0,6841.0,521.1197433540041,6840.369809265042,0.24645273387432098,1,0.9573297815349325,0.4903768964731606,122,control
3184,490.0,6789.0,492.6299295144784,6788.750280354655,0.2431689202785492,1,2.3852146266797605,0.7374122401938799,122,control
3185,572.0,6652.0,572.8799615667613,6652.359988519994,0.24186114966869354,1,0.8734123240768684,0.5036419319250389,122,control
3186,592.0,6795.0,593.4501462376408,6794.630042983471,0.241468608379364,1,1.213464991445268,0.20124443859041521,122,control
3187,522.0,6834.0,523.0,6838.0,0.23956932127475739,0,4.312366803583162,,122,control
3188,508.0,6808.0,511.09004815826654,6807.610219510221,0.23646283149719238,1,2.8496823506811113,0.6561080584293908,122,control
3189,461.0,6804.0,463.21004839939894,6803.580126438594,0.2357257604598999,1,1.972962501067123,0.2740578322866318,122,control
3190,574.0,6825.0,575.5099200304169,6824.709844944498,0.23565992712974548,1,1.2679499901762181,0.5177850054970371,122,control
3191,508.0,6837.0,508.9900061475198,6836.909892994242,0.23239414393901825,1,0.7627181408614989,0.3011136240600452,122,control
3192,556.0,6833.0,557.3701580674693,6832.610351414243,0.2301122397184372,1,1.1366178417296426,0.8208621099604053,122,check
3193,466.0,6732.0,468.719941593634,6731.670395246688,0.22774644196033478,1,2.4749636086547375,1.175454069142335,122,control
3194,465.0,6833.0,466.8300663100275,6832.430191442299,0.2248229682445526,1,1.6186642285474753,0.6132493074638876,122,control
3195,480.0,6799.0,482.44005534556254,6798.49004478878,0.22131569683551788,1,2.211267186557846,0.322318125731895,122,control
3196,563.0,6860.0,563.7700344154358,6859.730186101617,0.2201005071401596,1,0.5285298681564319,0.344456380620532,122,control
3197,469.0,6719.0,471.2202002519641,6719.0799112040295,0.2065761387348175,1,2.000116604599642,0.6355401365529838,122,check
3198,486.0,6859.0,486.4000481333505,6858.620252294926,0.20477893948554993,1,0.2058396921855386,0.5327507827854058,122,check
3199,597.0,6766.0,599.6200242496147,6765.790064804043,0.20437470078468323,1,2.3762987360501002,0.5179938588147551,122,control
3200,502.0,6859.0,503.5196261991463,6858.4597495023545,0.1979045420885086,1,1.31017910093581,0.7151085931549436,122,control
3201,667.0,6797.0,668.3201459632315,6796.6601349986,0.4141184389591217,1,1.0822936560379917,0.37147025488058394,123,control
3202,672.0,6811.0,673.0500170703472,6810.840004750059,0.3645375967025757,1,0.8121710007872337,0.1512855162597279,123,control
3203,708.0,6792.0,709.4599254629003,6791.720050994825,0.3615340292453766,1,1.2186170194277557,0.12162624843380065,123,control
3204,694.0,6799.0,695.2100144332833,6798.870021753853,0.36142849922180176,1,0.9743740190726906,0.12398390574823667,123,control
3205,680.0,6802.0,681.6900486238098,6801.529965684561,0.35650622844696045,1,1.4659759119334557,0.22018135653580007,123,control
3206,714.0,6813.0,714.9300147162194,6812.89009788824,0.3223239481449127,1,0.7009071103781962,0.1715743406573616,123,control
3207,679.0,6781.0,680.7100284587178,6780.689862680217,0.31307217478752136,1,1.4690825343013123,0.2636943680547463,123,control
3208,691.0,6826.0,691.620117379601,6825.940167625282,0.29905182123184204,1,0.4199437646571292,0.41785644667702204,123,control
3209,669.0,6839.0,670.1899122028327,6838.9002343679085,0.2742874026298523,1,0.9592042997178181,0.48232917526069546,123,control
3210,670.0,6856.0,670.7201462378068,6855.670177291785,0.24994947016239166,1,0.48724633850499566,0.4174978208534069,123,control
3211,702.0,6859.0,702.230222629882,6858.900017311314,0.24968384206295013,1,0.14169411368370088,0.20741263017125666,123,control
3212,715.0,6737.0,717.8397155860711,6739.750203546702,0.24590179324150085,0,3.9598410998734823,0.6701044903790735,123,control
3213,742.0,6752.0,744.4401412382546,6751.740253592557,0.2431594282388687,1,2.197743800188021,0.5608757633211408,123,check
3214,722.0,6809.0,723.0701175041814,6808.8900037017565,0.23738186061382294,1,0.8389149467097949,0.2126824832591919,123,check
3215,727.0,6850.0,727.6900401718283,6849.609965950775,0.19035866856575012,1,0.47391223185878895,0.1886061025508387,123,control
3216,744.0,6735.0,750.0,6737.0,0.18364548683166504,0,6.177132695009583,,123,control
3217,731.0,6734.0,733.8901754871401,6733.43030010337,0.1757342517375946,1,2.6676809951814073,0.5518237379790539,123,control
3218,739.0,6812.0,739.349929639225,6811.740250739443,0.17214103043079376,1,0.11064606557915435,0.28594228924702225,123,control
3219,732.0,6830.0,731.3703151692462,6831.060134956797,0.17162759602069855,1,1.5648050984386819,0.600176565560179,123,control
3220,765.0,6764.0,767.0,6764.0,0.17108498513698578,1,1.7741940803545657,,123,check
3221,749.0,6766.0,751.1199433484467,6765.540014474921,0.17045728862285614,1,1.890830492143277,0.3387898098093219,123,control
3222,699.0,6754.0,701.7499546369868,6753.389869235585,0.16968762874603271,1,2.5341431111603563,0.9026705444545012,123,control
3223,820.0,6735.0,824.8298162364539,6735.860410828105,0.16622202098369598,0,4.717303660850537,1.0646869215547479,123,check
3224,641.0,6930.0,640.2300250648138,6929.77002353408,0.31993797421455383,1,1.0095094847698614,0.1069627185430624,126,check
3225,632.0,7055.0,631.1399951833871,7055.050014957352,0.3198026418685913,1,1.1356180598577998,0.596275619544947,126,control
3226,580.0,7063.0,578.5198981936213,7062.980058199008,0.31425920128822327,1,1.731985599256521,0.2550552987055635,126,control
3227,526.0,6966.0,525.4600386663427,6965.680153183805,0.3014664947986603,1,0.7833492378542852,0.3919758403147801,126,control
3228,498.0,7064.0,497.550110491298,7063.9399489302605,0.28971895575523376,1,0.7132676142952142,0.5213953631999545,126,check
3229,589.0,6943.0,588.4600173781994,6942.850048099742,0.28940486907958984,1,0.7855347619868895,0.3010938551621873,126,check
3230,585.0,7014.0,583.6800170537919,7013.860071375967,0.2884775400161743,1,1.5616875971586945,0.13584333284547803,126,control
3231,646.0,6887.0,645.8799731882358,6886.249988153948,0.28832748532295227,1,0.6220659193134227,0.20446222307371575,126,control
3232,602.0,6933.0,601.4400227523237,6932.830151569961,0.2881704568862915,1,0.8033193190702422,0.14014443909198832,126,control
3233,522.0,7015.0,520.6200096168366,7014.960171019518,0.2876749634742737,1,1.6321254595504933,0.3682128860667759,126,control
3234,469.0,7073.0,468.4200100077977,7072.950149856288,0.2843104898929596,1,0.842119766040269,0.17807022032569503,126,control
3235,632.0,6967.0,630.7700080029936,6966.980186933538,0.28384512662887573,1,1.4857143265848798,0.3055313085509875,126,check
3236,623.0,6880.0,622.969913267359,6879.819999559207,0.27799052000045776,1,0.27830487308059587,0.31091971852067146,126,control
3237,563.0,7059.0,562.100015123736,7058.860010099102,0.2775938808917999,1,1.1422868212643613,0.067890796781949,126,control
3238,466.0,6864.0,466.87003670300993,6863.680090850441,0.27668964862823486,1,0.6310407971054874,0.2318532777463239,126,check
3239,646.0,6902.0,646.1400384997925,6901.640013593002,0.2765673100948334,1,0.1537520134813292,0.19820643673535607,126,control
3240,652.0,6933.0,651.2901449650928,6932.7002376119835,0.27373671531677246,1,0.9507551926044436,0.3406406209363992,126,control
3241,619.0,7064.0,618.4600270448681,7063.7901535498495,0.2732391357421875,1,0.7772475361990965,0.5599183587801096,126,control
3242,452.0,6884.0,451.0,6883.0,0.2706223130226135,1,1.4528483645474517,,126,check
3243,633.0,6929.0,632.1701197917555,6928.83990845058,0.267147034406662,1,1.0727223067823586,0.08306179897146586,126,control
3244,595.0,6878.0,595.2500082274045,6877.930026179504,0.26659026741981506,1,0.1744055015680634,0.21451714605853053,126,control
3245,528.0,6982.0,527.8998802829927,6981.129993195304,0.25896507501602173,1,0.70952551056012,0.8721551942232787,126,control
3246,459.0,7058.0,458.270196350547,7058.150022369225,0.25776776671409607,1,1.0476403207989096,0.20755992278648908,126,control
3247,591.0,6951.0,590.4500205144155,6950.820046943413,0.2573338747024536,1,0.7922146098025086,0.1953781855098154,126,control
3248,634.0,7012.0,632.9901178707249,7012.010418248173,0.25565391778945923,1,1.2732661546375315,0.8370082468664172,126,control
3249,651.0,6917.0,650.9898418084487,6916.560215434225,0.2498602569103241,1,0.3178191508968335,0.37082066777201195,126,check
3250,662.0,6887.0,662.730322389819,6886.939961291853,0.2489573210477829,1,0.5230194886053449,0.6154160738486903,126,check
3251,623.0,6900.0,622.1700153566737,6899.860017494585,0.24715378880500793,1,1.07540115389986,0.2319036006659098,126,control
3252,617.0,6957.0,611.8298429144462,6957.44988121491,0.24597418308258057,0,5.453691960221491,1.2426940593283717,126,control
3253,590.0,7029.0,589.0098480557989,7028.470111597961,0.24462610483169556,1,1.2601694884342267,0.5716953850854652,126,control
3254,499.0,6957.0,498.27010549174565,6957.010025231032,0.24447479844093323,1,1.0040244513880021,0.15286320892551603,126,control
3255,655.0,7049.0,654.0000064971757,7048.970105549938,0.2415250837802887,1,1.254899157167668,0.2015074880779065,126,control
3256,485.0,7055.0,484.18001644644824,7054.850018517806,0.24143260717391968,1,1.062935817655571,0.3103477068764411,126,control
3257,650.0,6951.0,649.5297427635481,6950.419958397601,0.23845797777175903,1,0.7847897734313478,0.4716743838732045,126,control
3258,591.0,7064.0,590.010006372263,7063.940000856836,0.23821021616458893,1,1.2408911923615824,0.26778668897691404,126,control
3259,641.0,7040.0,640.4800600210397,7039.510260380863,0.23732012510299683,1,0.7952725796232999,0.786775578029198,126,control
3260,610.0,6980.0,609.1301315965019,6979.790115357743,0.23502179980278015,1,1.1090327469159813,0.2885493572534685,126,control
3261,492.0,7078.0,491.11000052423464,7078.030117371074,0.23285239934921265,1,1.1617457692388198,0.2499734998846017,126,control
3262,638.0,6944.0,637.5800568679358,6943.480059546471,0.232292041182518,1,0.7145388515705412,0.3957011274270082,126,control
3263,561.0,7017.0,559.979989526659,7017.130103969373,0.23222677409648895,1,1.3135347922716591,0.42497552665030247,126,control
3264,520.0,6950.0,519.3701241013537,6949.900246729502,0.2316099852323532,1,0.8826787482054164,0.2275384609595691,126,control
3265,550.0,6990.0,549.0099029936788,6989.9501098675655,0.23124495148658752,1,1.2448539176969393,0.33149053527921024,126,control
3266,696.0,6983.0,694.610030555324,6982.730063547885,0.3146449327468872,1,1.6276641280907769,0.17165739587095052,127,check
3267,683.0,6919.0,682.6500433664036,6918.610067374554,0.27747225761413574,1,0.6073036618095693,0.39831043746517436,127,control
3268,850.0,7048.0,846.6700084103439,7047.909964836085,0.2533652186393738,0,3.5671428764731217,0.4378592192257273,127,control
3269,692.0,6999.0,691.3699145984319,6998.8200418191145,0.23141063749790192,1,0.8695161412306943,0.3154731358125415,127,check
3270,834.0,7056.0,832.6801184775701,7055.900068181392,0.23062804341316223,1,1.5602037902369397,0.23381876099864743,127,control
3271,687.0,6958.0,685.7800182848682,6957.819976158068,0.23010273277759552,1,1.4595288978677452,0.5033433011798205,127,control
3272,806.0,7064.0,806.0,7064.0,0.22593198716640472,1,0.33621622493437525,,127,control
3273,740.0,6889.0,741.0200497219452,6888.530000548984,0.223293274641037,1,0.8138150266063057,0.21024044378505197,127,check
3274,667.0,7054.0,665.8500123370094,7053.910089502812,0.22093120217323303,1,1.3946858899712122,0.3078457553402977,127,control
3275,673.0,6939.0,671.7402327789816,6938.820070926481,0.21896743774414062,1,1.499924744686445,0.3370939211134718,127,check
3276,703.0,6958.0,701.0,6958.0,0.217738077044487,1,2.251104546007666,,127,control
3277,710.0,7077.0,708.0,7079.0,0.21459580957889557,0,3.167036643949274,,127,control
3278,683.0,7027.0,681.5200126117509,7026.960266104311,0.21065653860569,1,1.7286414377416455,0.3099761644566059,127,control
3279,849.0,7058.0,845.0,7059.0,0.20968306064605713,0,4.411681646982992,,127,control
3280,691.0,6865.0,691.2503306173895,6864.910121779672,0.20693086087703705,1,0.15210031310292696,0.9148624802547677,127,control
3281,676.0,6951.0,674.8799882955825,6951.1701991872715,0.1999400407075882,1,1.419985374807994,0.3753073529697695,127,control
3282,793.0,7068.0,793.0098933270101,7068.010004417457,0.1978793889284134,1,0.33711841983395974,0.5637696155084156,127,control
3283,671.0,6896.0,672.5800760430837,6895.330164697088,0.19031378626823425,1,1.4066804156142365,1.953256542458379,127,control
3284,702.0,6923.0,701.1400943359805,6923.079906079731,0.18659140169620514,1,1.14497607328296,0.34443258117453435,127,control
3285,695.0,6904.0,693.0,6904.0,0.172343447804451,1,2.2524635344204063,,127,control
3286,830.0,7078.0,829.079944271837,7077.530010215653,0.17191016674041748,1,1.1760657889298083,0.14747121088534312,127,check
3287,688.0,6879.0,689.4399678144438,6878.350153300356,0.17016811668872833,1,1.267345806379877,0.813420145142674,127,control
3288,693.0,6914.0,692.7299675647845,6914.330078222467,0.16949187219142914,1,0.7660426392423354,0.5020198562656878,127,control
3289,680.0,7011.0,678.8701169968344,7010.920088321402,0.16687029600143433,1,1.37664864425178,0.4088082160566214,127,control
3290,699.0,7066.0,703.5202716118746,7063.540363701088,0.1663648933172226,0,4.823906140105588,1.2042985596562203,127,control
3291,806.0,7043.0,801.2598389046718,7045.469821061095,0.1658298671245575,0,5.665517053693921,0.9166008788934482,127,control
3292,709.0,6916.0,708.26003166182,6915.740132253512,0.1649225652217865,1,0.9790729646133537,0.21789449824775844,127,check
3293,694.0,6932.0,693.5300221535069,6931.870266861317,0.16366837918758392,1,0.7176102655435908,0.5506054389246877,127,control
3294,672.0,7003.0,673.0,6999.0,0.160741925239563,0,3.832877820312386,,127,control
3295,705.0,6971.0,703.9097538529257,6970.390209744221,0.1590512990951538,1,1.377722483830923,0.49521353821695024,127,control
3296,839.0,7003.0,836.2600783059079,7003.330236538931,0.1576860547065735,0,3.0292551097247893,1.1738274839585425,127,control
3297,736.0,7040.0,736.1603558320322,7039.700217222148,0.15609967708587646,1,0.09440221251594309,1.255038475911743,127,control
3298,723.0,6868.0,724.0098718806772,6867.149793583794,0.1550423502922058,1,0.9818793656188931,0.33989668144324353,127,check
3299,724.0,7060.0,723.3899791113447,7060.210041902224,0.15392328798770905,1,0.9591398319070189,0.5883825792527375,127,control
3300,832.0,7020.0,829.6799682967086,7020.289967157102,0.15243680775165558,1,2.609337296684973,0.35622495758308,127,control
3301,602.0,7105.0,601.240021188479,7104.870236222884,0.30373913049697876,1,1.0024860029603662,0.1477879747013443,130,control
3302,529.0,7226.0,531.1200162467873,7224.85001217882,0.3020900785923004,1,2.0901021494040344,0.7306279883077252,130,check
3303,471.0,7112.0,470.5700154730595,7111.83995403817,0.3020001947879791,1,0.6731374429844906,0.29005715242231067,130,control
3304,625.0,7118.0,624.8600473928996,7117.610195210774,0.2902330756187439,1,0.40147670388924467,0.41312751982667356,130,control
3305,619.0,7092.0,618.6200179106286,7091.850065003704,0.28900083899497986,1,0.6232193301644027,0.23417703711808122,130,control
3306,455.0,7087.0,454.7200159722119,7086.839969885636,0.2785050570964813,1,0.5256808652155084,0.29627700493278425,130,control
3307,512.0,7091.0,510.81992560436834,7090.730089062019,0.27362972497940063,1,1.4173470644966197,0.14740450790707105,130,control
3308,518.0,7157.0,519.680040296741,7156.640070643877,0.2714537978172302,1,1.4488608795963673,0.9247133916888536,130,control
3309,531.0,7195.0,532.0,7195.0,0.26868879795074463,1,0.805361853866755,,130,control
3310,508.0,7249.0,509.2300240083162,7248.780023567357,0.2682217061519623,1,0.997226965508518,0.08956646032479913,130,control
3311,456.0,7099.0,455.9300252811963,7098.790097555472,0.2678931951522827,1,0.3102181254331658,0.4152306194305102,130,control
3312,586.0,7111.0,586.0700227357684,7110.850218195869,0.26540473103523254,1,0.1922265256503691,0.4259161224192815,130,control
3313,628.0,7099.0,627.3899062130041,7098.900044198324,0.26341697573661804,1,0.8581029831956474,0.17217349522681819,130,control
3314,579.0,7142.0,579.9800046340057,7143.050315002696,0.2624652087688446,1,1.49673970496097,0.9079384288616872,130,control
3315,444.0,7097.0,443.54000269525676,7096.959951267999,0.2583111822605133,1,0.7288664348543638,0.23079107366432375,130,control
3316,567.0,7157.0,567.3000177440783,7156.809925412902,0.25805312395095825,1,0.08743039222322325,0.12909935280588888,130,check
3317,543.0,7211.0,543.0,7210.0,0.25757014751434326,1,0.7860183513174278,,130,check
3318,664.0,7110.0,664.6900702283323,7109.420282267823,0.2555510401725769,1,0.564913063475396,1.1270285362795018,130,control
3319,504.0,7134.0,505.350037876558,7133.810564594005,0.2550986111164093,1,1.1155258836835784,1.7452703454042957,130,control
3320,532.0,7157.0,532.2498559335476,7157.339925221768,0.2526283264160156,1,0.5892752555673553,0.5490156579248217,130,control
3321,505.0,7240.0,505.92982697600956,7239.730315310714,0.2497590184211731,1,0.6965444987222418,0.12894826980695848,130,check
3322,539.0,7135.0,537.0,7134.0,0.24616661667823792,1,2.3585728983416803,,130,control
3323,508.0,7111.0,507.4400321026134,7110.71004552087,0.2443719357252121,1,0.7976802475587585,0.10453984088751789,130,control
3324,549.0,7157.0,549.5599395301385,7156.590061127204,0.24158839881420135,1,0.36270467006355767,0.3624117759003738,130,control
3325,646.0,7090.0,645.7900100243531,7089.93008323038,0.23795905709266663,1,0.47882725315311353,0.4420332770280102,130,control
3326,528.0,7091.0,524.720094153041,7091.099967423151,0.2377091944217682,0,3.53406539550534,1.222994467886269,130,check
3327,450.0,7113.0,450.36007758217846,7112.340247137185,0.23321297764778137,1,0.42715653713564944,1.886438686339213,130,control
3328,583.0,7151.0,583.5000873983438,7151.220155879061,0.23220671713352203,1,0.5379886192297854,0.3379598397535063,130,control
3329,521.0,7136.0,521.6398825872883,7136.099965626534,0.2317454069852829,1,0.5339610477141687,0.5763807156902332,130,control
3330,624.0,7152.0,624.0399937941212,7152.060004425652,0.23117215931415558,1,0.36316263117818115,0.2523413533098255,130,control
3331,488.0,7128.0,486.0,7129.0,0.2306545078754425,1,2.5620796202417107,,130,control
3332,501.0,7146.0,499.0,7146.0,0.22575078904628754,1,2.2498283026562165,,130,check
3333,556.0,7118.0,554.0,7114.0,0.2231156826019287,0,4.367666512615689,,130,control
3334,464.0,7257.0,466.9700296402944,7256.750101648356,0.22240103781223297,1,2.7364248211472435,0.529192536517085,130,control
3335,698.0,7142.0,696.9500919071045,7142.160097572028,0.2588604986667633,1,1.3458570463448718,0.7864422874725431,131,control
3336,852.0,7087.0,848.6601046765464,7087.030066500995,0.241567000746727,0,3.583142204266362,0.3467079551644006,131,control
3337,669.0,7139.0,668.3500066053668,7138.980142560635,0.21468417346477509,1,0.9123480964807335,0.4278950519012751,131,control
3338,792.0,7092.0,789.5001897204302,7092.22004690161,0.2138414829969406,0,2.7722187795825013,1.0803499778885102,131,control
3339,702.0,7158.0,703.0,7158.0,0.21133698523044586,1,0.8050983767229803,,131,control
3340,758.0,7279.0,759.530064255225,7278.4401597806445,0.20585700869560242,1,1.3381568851673098,0.546288585776812,131,control
3341,712.0,7188.0,714.6101295497278,7186.729848920664,0.19462981820106506,1,2.5894259500056487,1.1175440567194277,131,control
3342,760.0,7124.0,759.0999549033676,7123.430011995881,0.18646018207073212,1,1.1794531402715207,1.0050842861746203,131,check
3343,751.0,7119.0,749.4300553122857,7119.490043732282,0.18645520508289337,1,1.9468349989468274,0.8130426441253663,131,control
3344,798.0,7301.0,800.0,7303.0,0.17902114987373352,0,2.859418338472427,,131,control
3345,757.0,7086.0,756.6800066470045,7085.990177458335,0.17583073675632477,1,0.6011539628850239,0.3388828621954575,131,control
3346,827.0,7148.0,826.4398585206131,7148.289839479071,0.17124326527118683,1,0.9538724611838152,0.7209194617770901,131,control
3347,732.0,7090.0,731.9399839528737,7089.149994160166,0.16773705184459686,1,0.6742430426805242,0.7948749052157419,131,check
3348,773.0,7277.0,774.5798634214979,7276.500700167004,0.1665714979171753,1,1.3743428150221835,1.2664293933003103,131,control
3349,720.0,7102.0,719.3800243492791,7101.749933665223,0.1661929488182068,1,0.8542554223918053,0.08789800292810622,131,control
3350,751.0,7197.0,752.0,7197.0,0.16456176340579987,1,0.8063693478285283,,131,control
3351,828.0,7110.0,827.8500162466212,7109.809877870506,0.16255049407482147,1,0.3861120731663451,0.5577311593269215,131,control
3352,733.0,7190.0,734.2401257817503,7189.880232928478,0.1623850166797638,1,1.015908981147304,0.3614597440361296,131,control
3353,796.0,7212.0,799.0,7212.0,0.16223059594631195,1,2.7800934829549724,,131,control
3354,695.0,7191.0,695.8402009422506,7191.0297652409645,0.15873663127422333,1,0.6672934053521675,0.6184625232743839,131,control
3355,790.0,7141.0,790.0500424262917,7140.600003951416,0.15844058990478516,1,0.2408717563740222,0.2096626130008931,131,control
3356,776.0,7087.0,774.0499319686028,7087.74032469428,0.15798628330230713,1,2.3949011283975588,1.0495265324960716,131,check
3357,800.0,7255.0,802.0,7252.0,0.15746724605560303,0,3.275872419347639,,131,check
3358,785.0,7302.0,786.5200462614874,7301.610159289853,0.1571670025587082,1,1.2996287065137146,1.1853106091385122,131,check
3359,732.0,7164.0,731.7602055347849,7164.110179654273,0.15661071240901947,1,0.5906353542110767,0.44127110436867223,131,control
3360,770.0,7298.0,769.0,7299.0,0.15310634672641754,1,1.7493974209267893,,131,control
3361,784.0,7245.0,786.5801732408713,7244.41016163562,0.1515408754348755,1,2.375538230073506,0.7814737875308577,131,control
3362,763.0,7100.0,762.8200138756057,7099.799769017967,0.1499926745891571,1,0.4159382794979065,0.9907055166281751,131,control
3363,792.0,7113.0,791.0,7113.0,0.14840178191661835,1,1.2566732179103095,,131,control
3364,839.0,7233.0,835.510159115274,7236.510048923135,0.14717073738574982,0,5.2836661508459,1.718856844213346,131,control
3365,783.0,7208.0,781.2196021160819,7217.709824289113,0.14542651176452637,0,10.15478735740177,0.7917688492894801,131,check
3366,736.0,7113.0,735.599929098269,7111.6900656859625,0.14509902894496918,1,1.2404856910798432,1.0377691464677328,131,control
3367,831.0,7297.0,835.1600550465695,7296.610438205243,0.14498566091060638,0,3.934706818157622,1.4484567395415149,131,check
3368,753.0,7153.0,753.5900185509167,7152.779850301736,0.1447998732328415,1,0.3582075716042258,0.25245089999722725,131,check
3369,774.0,7181.0,774.7800244656648,7180.729870208807,0.14396332204341888,1,0.5490284976310238,0.6239580337861251,131,control
3370,688.0,7123.0,687.5001784153346,7122.390258766854,0.14339713752269745,1,0.8196289026098865,0.9048043990730927,131,control
3371,701.0,7179.0,702.5802618284878,7178.540053090767,0.1395205855369568,1,1.3646625327846365,0.6170313339829403,131,control
3372,827.0,7243.0,827.9600614601378,7242.480205343152,0.1357359141111374,1,0.7812651095760375,0.7405037382505492,131,control
3373,797.0,7289.0,798.1799901921955,7289.1301250993265,0.13567975163459778,1,1.0223257533321415,0.7592836256550846,131,control
3374,755.0,7297.0,756.0,7296.0,0.13452495634555817,1,1.0787656972095445,,131,control
3375,716.0,7132.0,717.0,7131.0,0.13391146063804626,1,1.0763132860792037,,131,control
3376,824.0,7098.0,822.1799370509319,7099.569915263968,0.13352930545806885,0,2.7378750125582214,3.3567459363592347,131,control
3377,799.0,7150.0,797.3601110737255,7149.960034573127,0.13274820148944855,1,1.8829358867843407,0.4656831015503731,131,control
3378,663.0,7503.0,663.0,7502.0,0.25193148851394653,1,0.7828315762744915,,134,control
3379,624.0,7496.0,624.3497844244729,7496.019938049569,0.23736397922039032,1,0.2980688596200885,0.4277483444354368,134,control
3380,611.0,7523.0,610.0900080113543,7522.990220774741,0.2326144427061081,1,1.1608284985542654,0.6864303584134553,134,control
3381,641.0,7509.0,640.5197987246489,7508.889955577431,0.2276492863893509,1,0.7194148184313669,0.2866292469180007,134,control
3382,546.0,7500.0,544.8399529816724,7500.439984560217,0.21698656678199768,1,1.5502982270808972,0.8549453316463862,134,control
3383,538.0,7445.0,538.0201387841302,7444.75020925293,0.2160097360610962,1,0.20801139118416218,0.2544530855437545,134,control
3384,621.0,7422.0,621.7800850024123,7421.220079811227,0.20870578289031982,1,0.7653161548491734,1.013742256121608,134,check
3385,557.0,7460.0,557.5600571177612,7459.540268932675,0.19937700033187866,1,0.3919217494960174,0.3145053623048458,134,control
3386,526.0,7434.0,526.5500258132932,7433.709845842807,0.19836391508579254,1,0.3236523597534836,0.3790210249233723,134,check
3387,561.0,7523.0,560.5999988271165,7523.030063489692,0.19789814949035645,1,0.6869753729097956,0.23396657122034628,134,control
3388,588.0,7491.0,587.9599165617647,7490.820104152478,0.19294562935829163,1,0.27603883162081183,0.36036436282303236,134,control
3389,626.0,7457.0,626.1000619260134,7456.48022013412,0.1913626492023468,1,0.2975116146616871,0.5472465806088266,134,check
3390,607.0,7466.0,608.0,7465.0,0.1848934441804886,1,1.0764210052348473,,134,control
3391,572.0,7466.0,571.2199753761456,7466.240024041593,0.18417885899543762,1,1.1209943776085973,0.38674611107719664,134,control
3392,506.0,7438.0,505.0,7438.0,0.18061314523220062,1,1.2545474231208424,,134,control
3393,515.0,7360.0,516.1799203051584,7359.760021545997,0.18034981191158295,1,0.9495189118413895,0.635777156301909,134,control
3394,532.0,7456.0,532.36002216973,7455.769931618781,0.17910321056842804,1,0.13404359221549814,0.25846841011761174,134,control
3395,555.0,7426.0,553.3904489364379,7426.699815594837,0.17785082757472992,1,2.0697685286084777,0.9208375636156871,134,check
3396,588.0,7471.0,585.0,7472.0,0.1776050627231598,0,3.4611760874143243,,134,control
3397,513.0,7431.0,512.0999843271134,7431.11990531453,0.17753802239894867,1,1.1888214494539342,0.8432132150354698,134,control
3398,519.0,7454.0,519.2100313372464,7453.710021221424,0.1771441549062729,1,0.04102754421582577,0.37310454692063283,134,control
3399,640.0,7517.0,639.3300095501168,7516.920034598209,0.175797238945961,1,0.9112982529004637,0.0963136137626588,134,control
3400,630.0,7516.0,629.4000117378604,7515.86993617754,0.1716626137495041,1,0.8340977881159947,0.4350602030402314,134,control
3401,599.0,7316.0,600.3200433247661,7315.600032476853,0.17008669674396515,1,1.0998759171040942,0.12221673037226316,134,control
3402,617.0,7472.0,619.0,7476.0,0.16600286960601807,0,4.606174454520085,,134,control
3403,543.0,7457.0,544.2600367861189,7456.660026337528,0.16576449573040009,1,1.0359657707754277,0.6656927901908516,134,control
3404,665.0,7334.0,667.640011638196,7333.910067316361,0.1617467999458313,1,2.415962378000746,0.36527957756627116,134,check
3405,546.0,7520.0,547.0,7519.0,0.1601470410823822,1,1.0753231107950754,,134,control
3406,561.0,7470.0,560.9001012491996,7470.070091990047,0.15822146832942963,1,0.45932804479026834,0.2701090630527642,134,control
3407,655.0,7502.0,655.3198661495331,7500.340249566559,0.15726056694984436,1,1.4124972695533535,2.0578350402977903,134,control
3408,599.0,7481.0,599.0,7480.0,0.15482600033283234,1,0.7819808886390569,,134,control
3409,658.0,7353.0,660.6999651937691,7352.319969369928,0.15327508747577667,1,2.5085041446653764,1.461136635047726,134,control
3410,456.0,7430.0,457.0302254502176,7429.930207580728,0.14954699575901031,1,0.8217295321258196,0.36895357728056855,134,control
3411,651.0,7344.0,651.6800116131138,7343.879965792752,0.1479073166847229,1,0.46879253344788685,0.20881940455526574,134,check
3412,514.0,7421.0,512.9999340225746,7421.529684814364,0.14651520550251007,1,1.4570841544298083,0.5450831670806369,134,control
3413,664.0,7440.0,662.7699568165359,7440.369871282027,0.14547021687030792,1,1.5829350648155798,0.9220824148775139,134,control
3414,585.0,7519.0,584.3399760918466,7519.300248218764,0.14367200434207916,1,1.0440203441296545,0.41596228899165527,134,check
3415,567.0,7513.0,566.009934214041,7512.5597916204615,0.14314685761928558,1,1.2305546692251583,0.3504727550404445,134,control
3416,828.0,7509.0,826.2599892437229,7509.110027834985,0.2798174023628235,1,1.9950793882649274,0.8526868871178503,135,check
3417,760.0,7508.0,759.8099528818419,7507.439981390724,0.2692122161388397,1,0.5183531497241105,0.44910001847664677,135,control
3418,815.0,7522.0,813.9399955743482,7522.039993794121,0.2527619004249573,1,1.3144928643575897,0.2925059889513467,135,control
3419,761.0,7436.0,760.8399374505861,7435.6501965585685,0.24100333452224731,1,0.39910608125283026,0.7913251678539961,135,control
3420,782.0,7499.0,781.3100129694352,7498.950243884582,0.23745810985565186,1,0.9348882367452092,0.2843581589434401,135,control
3421,768.0,7338.0,768.3301343750338,7337.770136421143,0.23696449398994446,1,0.10345997864323385,0.4592676732013502,135,control
3422,792.0,7485.0,791.5300271196163,7484.760055195734,0.22922244668006897,1,0.6940139077456389,0.1165604497883226,135,control
3423,680.0,7498.0,680.5700622753369,7497.460164073189,0.22854392230510712,1,0.4507284451346207,0.7873660383953139,135,check
3424,747.0,7372.0,748.570032218833,7371.649847756142,0.2258272022008896,1,1.3467210409376167,0.2499469279460621,135,control
3425,832.0,7487.0,830.1802122148999,7487.060223860793,0.22323711216449738,1,2.0660751634058445,0.5914060148832514,135,control
3426,716.0,7520.0,715.5099162789948,7519.840162326404,0.21410591900348663,1,0.7197451591067568,0.36669475432585774,135,control
3427,763.0,7373.0,764.1901083950241,7372.98001667922,0.21384423971176147,1,0.9892403667449319,0.5206490590127285,135,check
3428,735.0,7334.0,736.4803440607288,7333.790145679797,0.2019527703523636,1,1.2524991375330747,0.594723583891953,135,control
3429,761.0,7481.0,759.0,7481.0,0.2008861005306244,1,2.23824454290956,,135,control
3430,726.0,7495.0,723.7499652019637,7495.289868902817,0.19855330884456635,1,2.5325507264526936,0.3676735537909227,135,control
3431,677.0,7509.0,676.920016795938,7508.8700967651885,0.19645820558071136,1,0.3276286040990303,0.6357423496865173,135,control
3432,761.0,7467.0,760.4600110392132,7466.910048299403,0.19205845892429352,1,0.7808628797365863,0.2663106757182252,135,control
3433,753.0,7460.0,752.1100195411931,7459.8501167720915,0.19199447333812714,1,1.1193539150464502,0.1971584467370622,135,control
3434,851.0,7502.0,850.0,7502.0,0.1904599815607071,1,1.2472955093941418,,135,check
3435,798.0,7524.0,797.3399291313796,7523.649932434146,0.18935665488243103,1,0.8890215116436153,0.3870394772000617,135,control
3436,828.0,7472.0,824.4898472237121,7472.429950877204,0.18851108849048615,0,3.794728925297266,0.8567822574569032,135,control
3437,742.0,7448.0,741.9500188505743,7447.8199941185285,0.18732550740242004,1,0.2836886945066724,0.143602834770415,135,control
3438,730.0,7361.0,730.8900281593925,7360.729987480051,0.18684397637844086,1,0.6626446673047586,0.1282081474636954,135,control
3439,796.0,7320.0,798.0,7320.0,0.17876185476779938,1,1.7888646125337835,,135,control
3440,818.0,7509.0,816.920113835536,7508.919987954121,0.17092137038707733,1,1.3135904839329566,0.3338403223836683,135,control
3441,760.0,7351.0,760.7303470056448,7350.7701720256855,0.1692606806755066,1,0.5029452459780734,0.22387797983597507,135,control
3442,740.0,7434.0,740.3900954842802,7434.140143991372,0.16914208233356476,1,0.42101285248535764,0.4875569113837269,135,control
3443,765.0,7459.0,764.7400509031894,7458.509970900495,0.16889779269695282,1,0.5423173497039856,0.3671826527528215,135,control
3444,773.0,7480.0,770.6901049345665,7480.060175420088,0.16612999141216278,1,2.5528653398966292,1.246642509917989,135,check
3445,795.0,7497.0,794.240240781809,7496.760123551705,0.16432517766952515,1,0.9834642969184041,0.22219346426101033,135,control
3446,780.0,7437.0,779.9200210219287,7436.830096632081,0.16424532234668732,1,0.31478376674955344,0.1665062168201983,135,check
3447,712.0,7367.0,712.7300110393793,7366.950182607717,0.16326001286506653,1,0.539608631124636,0.6411053497971779,135,control
3448,740.0,7307.0,739.4898965627245,7307.899737813994,0.16308258473873138,1,1.3634120916516046,1.2857639614375793,135,control
3449,749.0,7494.0,749.0597165837114,7493.589698008377,0.15961173176765442,1,0.23112778263609132,0.39380914130184985,135,control
3450,752.0,7512.0,744.5802669527867,7507.459947174783,0.1589711457490921,0,8.766189358627132,1.1744397754385874,135,control
3451,724.0,7512.0,721.3598962883153,7511.929829829123,0.15838110446929932,1,2.869891593656559,0.577320067025046,135,check
3452,735.0,7487.0,735.0,7489.0,0.15598124265670776,1,2.2595250100224855,,135,control
3453,806.0,7485.0,805.470121530179,7484.769728613035,0.1549224853515625,1,0.7538873028906764,0.26401613257289647,135,control
3454,698.0,7346.0,699.5600412702959,7345.690269431827,0.15134543180465698,1,1.3329533383031082,0.5939055012120777,135,control
3455,645.0,7658.0,644.6099553857985,7657.40996016094,0.28715160489082336,1,0.6985475409296554,0.1612543579259994,138,control
3456,650.0,7542.0,649.3101524271303,7541.630239492041,0.26875320076942444,1,0.9219015032514443,0.9029800825536758,138,control
3457,662.0,7584.0,661.3500444810942,7583.59003561307,0.24650342762470245,1,0.8874612465164721,0.19436487682445114,138,control
3458,610.0,7540.0,608.3599592544372,7539.460250864189,0.2445962280035019,1,1.887044846761288,0.6044791155313497,138,control
3459,620.0,7586.0,619.2100165462787,7585.850021687299,0.23896215856075287,1,1.018817797134254,0.11556593984573113,138,control
3460,653.0,7556.0,652.3201427937385,7555.690135098431,0.2375449687242508,1,0.9057623678296759,0.3654957116025295,138,check
3461,638.0,7558.0,637.3301641151586,7557.520241238992,0.23191097378730774,1,0.9226424730595281,0.6380007111178029,138,control
3462,661.0,7615.0,660.2299775224178,7614.220025031537,0.22813162207603455,1,1.1243256287523067,0.45329386125802523,138,control
3463,619.0,7573.0,618.2499237075892,7572.730028841651,0.2239569127559662,1,0.9742469032717561,0.16802938939581177,138,control
3464,658.0,7593.0,657.250044148326,7592.590025048093,0.21462740004062653,1,0.9858135314920008,0.09920733138466607,138,check
3465,654.0,7602.0,652.7399424003063,7601.6001858272075,0.21383912861347198,1,1.4903074131755552,0.18593546581980966,138,control
3466,459.0,7543.0,458.770154697983,7542.5600765584595,0.2035624086856842,1,0.492319698168298,0.4507356289080417,138,control
3467,648.0,7529.0,647.3601126047918,7529.040351788649,0.20288141071796417,1,0.9123630379709939,0.45151753506427716,138,check
3468,580.0,7539.0,581.1398907483053,7538.070124001357,0.19966982305049896,1,1.1379856923942198,0.6864788784934418,138,check
3469,639.0,7613.0,638.8196495420921,7612.279886248071,0.19827860593795776,1,0.6176166001181589,0.5777789846444078,138,control
3470,633.0,7575.0,632.2800391238575,7574.670134133569,0.1881277859210968,1,0.9469627111090534,0.24957530762193644,138,control
3471,640.0,7699.0,637.9499722064864,7699.229889833109,0.18625769019126892,1,2.3215459496856963,1.3677117963107848,138,check
3472,596.0,7535.0,595.1801574352096,7534.610331340787,0.17305953800678253,1,1.0540565979736696,0.5826051883177198,138,check
3473,659.0,7532.0,658.6098181992883,7531.740070236527,0.17251870036125183,1,0.6147597021336575,0.5693763493522044,138,control
3474,579.0,7711.0,580.8197884178581,7709.060199137606,0.17159242928028107,1,2.3226672279401446,0.7771169049201155,138,control
3475,619.0,7528.0,618.4600143668958,7527.910153949171,0.16817863285541534,1,0.7820120177233255,0.3274348902563471,138,control
3476,540.0,7735.0,538.960265047813,7734.489987421526,0.16360457241535187,1,1.2860773508057655,0.7500060148560473,138,control
3477,652.0,7619.0,651.5201754705847,7618.450366729279,0.16116608679294586,1,0.7627761953550315,0.4309783229280456,138,control
3478,492.0,7697.0,490.13986629066886,7697.2700190171245,0.15989899635314941,1,2.148312867781442,0.9906741185097842,138,control
3479,665.0,7574.0,661.0,7567.0,0.15770013630390167,0,7.96156169045467,,138,control
3480,572.0,7549.0,571.619978820214,7548.220066234947,0.1554482877254486,1,0.8024165551551523,0.5695079560410028,138,control
3481,564.0,7555.0,563.8699997255908,7555.030092015129,0.1552991271018982,1,0.45435479780145177,0.3866703202504004,138,control
3482,621.0,7556.0,617.0,7554.0,0.153890922665596,0,4.571834444329709,,138,control
3483,608.0,7692.0,607.9999843107241,7691.180106248752,0.15361465513706207,1,0.607660686709695,0.42089012444280144,138,control
3484,554.0,7650.0,552.1100657107123,7651.349903808712,0.15124467015266418,0,2.653156617088559,0.8663290459144642,138,control
3485,552.0,7630.0,552.2699702600413,7629.290029490466,0.1508931815624237,1,0.45780115176507374,0.43803273679484606,138,control
3486,543.0,7569.0,542.3499085092712,7568.940251404979,0.150046706199646,1,0.8964420279201656,0.44986562717770096,138,check
3487,636.0,7678.0,636.1299382574246,7677.620121447402,0.14806759357452393,1,0.15623152924051567,0.9312949207926979,138,control
3488,630.0,7593.0,629.470058614886,7592.4600478584425,0.14787186682224274,1,0.8064168346617939,0.3246598551809032,138,control
3489,637.0,7593.0,633.639899914991,7592.8095420624295,0.14551816880702972,0,3.5839576276693608,1.723033172108606,138,control
3490,762.0,7621.0,761.2900654113871,7620.390028608546,0.36722585558891296,1,0.9984158261975907,0.15721909988901864,139,control
3491,720.0,7622.0,719.9000767915632,7621.269987005815,0.32572150230407715,1,0.5774368467448008,0.5571756570656933,139,control
3492,680.0,7586.0,679.2600366279295,7585.629920587929,0.32092395424842834,1,0.9702477312118132,0.22314204012318456,139,control
3493,674.0,7558.0,673.740029931425,7557.740077315631,0.3036322295665741,1,0.4837444167299534,0.27776771014686313,139,control
3494,695.0,7584.0,694.509951301608,7583.540266977869,0.3029184341430664,1,0.7429200230816311,0.5304326876105616,139,control
3495,768.0,7602.0,766.880049414259,7601.560091507617,0.2968699634075165,1,1.3549333380048663,0.16317758845557406,139,control
3496,735.0,7632.0,734.1000522593446,7631.540114684012,0.2939502000808716,1,1.1405363662370283,0.40048208164988325,139,control
3497,681.0,7607.0,680.2201891050581,7606.280228818873,0.28313860297203064,1,1.10638728813524,0.43034344330698077,139,control
3498,707.0,7571.0,706.0200266371854,7570.780107030674,0.28060540556907654,1,1.2033182806593175,0.25988956962250087,139,control
3499,708.0,7587.0,706.799968537841,7587.259874085475,0.27997133135795593,1,1.511281043532302,0.5740465925725496,139,check
3500,735.0,7555.0,733.7098998823786,7554.970078239188,0.26753881573677063,1,1.5289132989148768,0.53799496647712,139,control
3501,747.0,7601.0,745.9900508368019,7600.550103095814,0.2657037079334259,1,1.2478962369468505,0.20430432225560727,139,control
3502,768.0,7668.0,766.5799676475613,7667.229745092926,0.2630016505718231,1,1.7205062968111704,2.98772197496349,139,control
3503,746.0,7544.0,745.4899192237447,7543.78005436398,0.261516809463501,1,0.7337828636842954,0.3253898605520481,139,control
3504,745.0,7614.0,744.2300676411005,7613.430233702205,0.25606048107147217,1,1.041783173752772,0.13985379466399098,139,control
3505,802.0,7646.0,800.4000825232057,7646.199933947993,0.25489431619644165,1,1.8743503926183491,0.738935084775384,139,control
3506,732.0,7647.0,731.1200732976625,7646.3100103818715,0.2540311813354492,1,1.1852748507382715,0.0856306242098603,139,control
3507,833.0,7556.0,831.9500443647083,7555.610099069484,0.251705527305603,1,1.2797559575957267,0.2280244268791434,139,check
3508,720.0,7641.0,719.4401167806182,7640.940148608324,0.2500073313713074,1,0.8039271486325518,0.5472314286181491,139,control
3509,850.0,7652.0,847.0,7651.0,0.24992208182811737,0,3.306010457212867,,139,control
3510,787.0,7694.0,787.399965251962,7693.30993764172,0.24707986414432526,1,0.4762107648494758,0.3219652011450252,139,control
3511,828.0,7665.0,825.2899331909863,7664.6099270185505,0.24463193118572235,0,2.9326890973170574,0.4002465101770871,139,control
3512,695.0,7554.0,693.0803371307883,7553.779892087075,0.24013185501098633,1,2.1434162924612683,0.4409965436624493,139,check
3513,810.0,7681.0,810.3501758031869,7680.410242985942,0.23924145102500916,1,0.36525687933119394,0.38749703714103384,139,check
3514,713.0,7538.0,713.009959462625,7537.5104253526915,0.23920385539531708,1,0.3214504787460441,1.3103230088791025,139,control
3515,786.0,7612.0,785.8900811424666,7611.2600915658095,0.2372642606496811,1,0.5923455441344622,0.20243515499791928,139,control
3516,696.0,7655.0,695.9198681461427,7654.34031295642,0.23639115691184998,1,0.5074023481380575,0.9142086829620102,139,control
3517,749.0,7528.0,748.0099493213877,7527.480002653785,0.22728873789310455,1,1.243554060335467,0.21094368651362816,139,control
3518,717.0,7590.0,716.1900321690009,7589.6699133255515,0.22462645173072815,1,1.0354453532408572,0.1389226069158785,139,control
3519,785.0,7663.0,784.3900689136484,7662.360039073693,0.22386236488819122,1,0.9170677435601071,0.11608001778792881,139,check
3520,685.0,7574.0,685.0295394668375,7572.360017678189,0.21523094177246094,1,1.402822814462303,0.7879466651274221,139,check
3521,796.0,7741.0,792.0602558721021,7739.579998285994,0.2134701907634735,0,4.318998795681609,1.6837828936574923,139,control
3522,676.0,7543.0,675.3699586549559,7542.339828922289,0.2090054452419281,1,0.9472736742366308,0.3727706765066413,139,control
3523,811.0,7639.0,810.1100373434642,7638.650010456786,0.20739461481571198,1,1.1146222604033504,0.4208196197664202,139,control
3524,703.0,7670.0,703.0,7669.0,0.20558284223079681,1,0.7804757107275387,,139,check
3525,772.0,7655.0,769.4801211397162,7653.900152701207,0.20472624897956848,1,2.8689324557470584,0.5594317703616516,139,control
3526,523.0,7941.0,523.5700855182862,7940.240163341098,0.31887590885162354,1,0.6131600227112787,0.11248300285129538,142,check
3527,538.0,7886.0,538.4799952583015,7885.06005091155,0.2796075642108917,1,0.7307224207195123,0.529884657896234,142,check
3528,532.0,7900.0,533.5901495566303,7899.539846175409,0.2782617211341858,1,1.3878224977305214,0.5087227512080585,142,control
3529,527.0,7921.0,527.8501033540003,7920.080192390605,0.2679016590118408,1,0.9155700902831511,0.22120091196023123,142,control
3530,522.0,7888.0,523.259995582709,7887.050027635324,0.2570555806159973,1,1.2509914663679165,0.2141031177440371,142,control
3531,507.0,7882.0,506.89022588265016,7881.890087006884,0.24663333594799042,1,0.3598524135751127,0.3737614203020707,142,control
3532,539.0,7848.0,539.7000012728802,7847.010073988115,0.24112464487552643,1,0.8765989240416424,0.2097502930071713,142,control
3533,493.0,7886.0,494.4499243731258,7884.730049971605,0.23935046792030334,1,1.593609803095644,0.42901332861000235,142,control
3534,527.0,7875.0,527.7598260939245,7873.670085851054,0.2392968088388443,1,1.201017111640418,0.24509063558906213,142,control
3535,512.0,7929.0,513.860005714921,7927.9098792597715,0.23894502222537994,1,1.8415044961430784,0.4804514548763751,142,check
3536,489.0,7920.0,489.8900587978256,7919.4399865150235,0.2341870367527008,1,0.7369101031458969,0.30591121562525475,142,control
3537,562.0,7858.0,562.91999762079,7857.019991614572,0.23316150903701782,1,1.0078370599971138,0.6350047992009421,142,control
3538,553.0,7869.0,553.7098382891336,7868.489868670045,0.2215203493833542,1,0.5533062466157449,0.4028215895021514,142,control
3539,524.0,7845.0,524.5500831805476,7844.230055545057,0.22005204856395721,1,0.6100203879794017,0.5917075356303945,142,control
3540,565.0,7898.0,566.5699711001565,7897.259955435797,0.2154669314622879,1,1.4367014741275215,0.3379052419070081,142,control
3541,487.0,7948.0,487.0,7948.0,0.20997478067874908,1,0.33838974858817267,,142,control
3542,548.0,7858.0,549.2199817151318,7857.180023841932,0.20967914164066315,1,1.1491624925786306,0.31895868944877054,142,control
3543,533.0,7949.0,533.6601564449334,7948.540064870431,0.2071990668773651,1,0.48762036583813984,0.4957359161583517,142,control
3544,519.0,7801.0,519.0,7799.0,0.2070111483335495,1,1.7563377400193585,,142,control
3545,470.0,7937.0,468.0,7936.0,0.20633307099342346,1,2.337112230703896,,142,control
3546,494.0,7796.0,495.0,7795.0,0.2062566578388214,1,1.0764749177040573,,142,control
3547,510.0,7939.0,510.73984171664665,7938.489977489307,0.20502464473247528,1,0.5803413552019676,0.2792011089358757,142,control
3548,508.0,7898.0,507.8000230519812,7897.870295386754,0.20337653160095215,1,0.43696993321028055,2.2673155427226046,142,control
3549,481.0,7937.0,481.95015228566234,7936.620201424847,0.19935207068920135,1,0.7430483309982039,0.48125715364539856,142,control
3550,556.0,7848.0,557.6099405948308,7846.549960626816,0.19846446812152863,1,1.8331345555411136,0.652780710924744,142,control
3551,545.0,7904.0,546.1003975758998,7903.239998052891,0.19811619818210602,1,1.0161705000074677,0.42470362713532195,142,control
3552,474.0,7948.0,474.7900700865319,7947.329975584001,0.19557593762874603,1,0.7047194563172049,0.349640065974778,142,control
3553,546.0,7809.0,546.8398634957477,7808.350198887946,0.19004413485527039,1,0.7346237795440828,0.5184484450389341,142,check
3554,519.0,7825.0,519.8000280180906,7823.760083721171,0.18933546543121338,1,1.1411107240766492,0.27992082042224975,142,control
3555,544.0,7776.0,544.5299827467134,7775.180056593361,0.18837524950504303,1,0.6430595367341557,0.315136605708438,142,check
3556,596.0,7810.0,596.4799708006651,7809.259945927318,0.18209291994571686,1,0.5504275921961816,0.3297714013197286,142,control
3557,555.0,7893.0,555.8001234192618,7891.920292225456,0.18208885192871094,1,1.0078296087252117,0.4403622985563376,142,check
3558,663.0,7911.0,663.6899822226449,7910.1900735306,0.18113973736763,1,0.7300825463302519,0.1270765212494201,142,control
3559,781.0,7902.0,782.3799082927226,7900.880043075273,0.27804431319236755,1,1.4533719547166921,0.1525410300145223,143,check
3560,734.0,7917.0,734.929990258583,7916.089992904008,0.262256920337677,1,0.9711917062181764,0.16251168867129104,143,check
3561,760.0,7757.0,761.0599645951186,7756.4002189695975,0.25797444581985474,1,0.9115713500328282,0.4613664045054645,143,check
3562,755.0,7871.0,755.870117155024,7869.9501940710015,0.25077447295188904,1,1.0318603100748522,0.3036522869776822,143,control
3563,729.0,7935.0,729.7000572672578,7934.480072224444,0.2504345178604126,1,0.5542356628123456,0.4380310673820891,143,control
3564,755.0,7748.0,755.6499872138365,7747.109963388626,0.2436087280511856,1,0.7712969704790057,0.22120128397583122,143,control
3565,719.0,7894.0,720.0899846102157,7893.180115757231,0.24212448298931122,1,1.0422517494476908,0.2556283175422044,143,control
3566,744.0,7934.0,744.4000742294137,7933.310039963807,0.24093513190746307,1,0.47450080763149866,0.25752509701522835,143,control
3567,793.0,7880.0,792.7700342572463,7879.700080352018,0.23822782933712006,1,0.4469104971165836,0.49779071538574576,143,control
3568,746.0,7771.0,747.2798690277293,7770.2801394911385,0.2327708899974823,1,1.1609442275828594,0.563035418479024,143,control
3569,771.0,7757.0,771.4100792287999,7756.199829354721,0.2324487268924713,1,0.5821406003066639,0.28490280539393326,143,check
3570,766.0,7773.0,766.7700383250475,7771.629974469311,0.2313646674156189,1,1.2480303676954334,0.30548761710770167,143,check
3571,693.0,7947.0,693.5100416858409,7946.589946867263,0.22797861695289612,1,0.3342261531258541,0.501158492246192,143,control
3572,794.0,7913.0,794.9500371274141,7911.710205052022,0.22315450012683868,1,1.2724810741751118,0.6961831619001393,143,control
3573,745.0,7927.0,745.5599742363728,7926.229954279469,0.21458519995212555,1,0.6218161076087712,0.19432632276401662,143,control
3574,780.0,7781.0,780.9198361348328,7780.580102455526,0.20650316774845123,1,0.7229695793698149,0.5108473907673459,143,control
3575,742.0,7840.0,742.9201310558781,7838.820198920891,0.20533332228660583,1,1.1643759723026532,1.129718275740809,143,control
3576,800.0,7948.0,800.340064363084,7947.369928174712,0.20527619123458862,1,0.3985744923314807,0.1799805644323807,143,check
3577,777.0,7764.0,777.4400879388014,7763.149938007599,0.20466028153896332,1,0.6393992117328641,0.18546513796913863,143,control
3578,754.0,7889.0,755.1399656014518,7888.3300158891025,0.20286446809768677,1,1.015058164577028,0.31652061177661334,143,control
3579,801.0,7836.0,801.7299939772267,7835.080077390546,0.2025693953037262,1,0.8440038036431141,0.2565835300709122,143,control
3580,801.0,7900.0,801.1699848764302,7899.180124209212,0.20068538188934326,1,0.5697493119664678,0.4569067044576366,143,control
3581,735.0,7893.0,729.2895101173415,7898.519623080482,0.20040905475616455,0,8.27267631488979,1.8216108364726291,143,control
3582,781.0,7861.0,781.9801845549921,7860.4105208448345,0.20037855207920074,1,0.8364292239069381,0.5604242224401814,143,control
3583,696.0,7895.0,696.8298895585342,7894.039985500329,0.1983763724565506,1,0.9358957425530897,0.11038479125439923,143,control
3584,745.0,7858.0,745.8099426332441,7857.600193222692,0.19813449680805206,1,0.6124194636252274,0.5582126165019337,143,control
3585,819.0,7795.0,819.7500963658669,7794.07997052609,0.19657158851623535,1,0.8567506089050908,0.3614800432261776,143,control
3586,745.0,7890.0,746.2799733046216,7889.2299246975335,0.19638694822788239,1,1.1841325330520525,0.3302902936631809,143,control
3587,695.0,7837.0,695.2797888920944,7837.070247769776,0.19444289803504944,1,0.32998143545576314,1.92995051447251,143,control
3588,774.0,7940.0,774.6098592445087,7939.319963189131,0.19379563629627228,1,0.5829269002418105,0.35881414702137304,143,control
3589,790.0,7833.0,790.5402218648472,7831.980261628494,0.19276675581932068,1,0.8342756207158427,0.4709080869669973,143,control
3590,815.0,7845.0,814.5699129927835,7844.809957266022,0.19136591255664825,1,0.647868413137265,0.5975735914286796,143,control
3591,710.0,7802.0,710.0401281275174,7800.820105949094,0.18982288241386414,1,0.9438557185568471,1.0824475827849,143,control
3592,763.0,7950.0,763.2099531564173,7949.4500236839085,0.18546095490455627,1,0.2966296953082773,0.19070156228967772,143,control
3593,684.0,7920.0,684.8098683620267,7919.239984052871,0.18324337899684906,1,0.7806043383323537,0.2781496892683729,143,check
3594,719.0,7875.0,720.3399641539929,7874.35003708561,0.18239185214042664,1,1.1924363159298792,0.4852619230605067,143,control
3595,796.0,7868.0,797.1299750766542,7867.240014533114,0.18117129802703857,1,1.0471230291367406,0.2907315043137719,143,control
3596,818.0,7809.0,818.6700944612254,7808.190279389461,0.17963361740112305,1,0.7207044661962355,0.6166077191431149,143,control
3597,730.0,7876.0,731.4998886185884,7875.070056385505,0.17913572490215302,1,1.4520134912322133,0.566032587914197,143,check
3598,699.0,7903.0,699.770007844804,7901.950081183938,0.1787855476140976,1,0.9700812228224752,0.1284199402826338,143,control
3599,691.0,7845.0,691.760059579914,7844.460078496876,0.17877662181854248,1,0.614300414634822,0.40059107296624885,143,control
3600,598.0,8107.0,597.4200161885943,8106.860043907028,0.3198045790195465,1,0.8001647240414531,0.24185833254890815,146,control
3601,498.0,8078.0,497.8201814349989,8077.340186758626,0.3164388835430145,1,0.5596013827619688,0.3204270154913616,146,control
3602,625.0,8170.0,624.6599384900301,8169.5398602262585,0.3086715638637543,1,0.5849096174691487,0.5369746283372078,146,control
3603,607.0,8121.0,606.38006042839,8120.44003828341,0.302677720785141,1,0.8834472767125973,0.28384465740638964,146,control
3604,499.0,8183.0,498.8299541630828,8182.460089220042,0.29201826453208923,1,0.4708804213062006,0.49177550555336286,146,control
3605,487.0,8176.0,486.45996032732404,8175.39004989669,0.290782630443573,1,0.8272677233577452,0.10749581073479306,146,control
3606,522.0,8066.0,522.0799844187493,8065.150008951134,0.27018168568611145,1,0.6041662003580431,0.33747832500413555,146,control
3607,571.0,8109.0,570.650076117832,8108.300066342972,0.268634170293808,1,0.713249570747092,0.6151246286171147,146,control
3608,480.0,8145.0,479.9000433000161,8144.650199569873,0.26591166853904724,1,0.32365225857551044,0.48842383211381446,146,control
3609,547.0,8093.0,545.7600079697168,8092.98018587704,0.2544154226779938,1,1.471996590889395,0.38601726076002757,146,control
3610,526.0,8099.0,525.6900445560086,8098.600071567267,0.2522597312927246,1,0.5404268757410158,0.17573889764819547,146,check
3611,515.0,7995.0,515.2199340145462,7994.599919589789,0.25182580947875977,1,0.14018740270112776,0.46509200546039847,146,control
3612,622.0,8122.0,621.1899740616279,8121.219915155777,0.2512205243110657,1,1.1459462354453605,0.4200400146909571,146,control
3613,529.0,8090.0,528.820059779575,8089.460084835862,0.24958699941635132,1,0.48155804884673636,0.3785485362203146,146,control
3614,607.0,8179.0,607.070093362924,8178.150110216723,0.2485934942960739,1,0.6060908953541713,0.41838925760041157,146,control
3615,551.0,8138.0,551.0,8139.0,0.24795767664909363,1,1.278434031590456,,146,check
3616,585.0,8163.0,584.8299626150643,8162.380088953828,0.24315671622753143,1,0.5231814687807884,0.47941354120885,146,control
3617,583.0,8155.0,581.7600330092823,8154.679973579197,0.24111951887607574,1,1.4514417949164353,0.2968125393342653,146,control
3618,618.0,8168.0,616.8001495153251,8167.610079894336,0.23712213337421417,1,1.4153548004910945,0.49599107599692166,146,control
3619,539.0,8129.0,538.4499065708545,8128.93015628691,0.2369605153799057,1,0.7851529483245567,0.3794428647797648,146,check
3620,615.0,8104.0,614.0901513786612,8103.570004749893,0.2364218831062317,1,1.1339224005401445,0.2811790529639105,146,control
3621,517.0,8104.0,516.4500310793925,8103.720046610645,0.2328786551952362,1,0.7624998783952247,0.34429149144261567,146,check
3622,501.0,8144.0,501.5299240574113,8143.830375705661,0.23108454048633575,1,0.33159136114831245,1.1147435379412511,146,control
3623,557.0,8115.0,556.0,8114.0,0.23019762337207794,1,1.4194324673672998,,146,control
3624,528.0,8133.0,527.2099386818287,8132.650235648984,0.2286587357521057,1,1.005414427284626,0.7492940990937105,146,control
3625,588.0,8127.0,586.5202471542382,8126.740258716855,0.22317533195018768,1,1.6906233916812625,0.5745368998792402,146,control
3626,585.0,8088.0,584.3100497886649,8087.570136970294,0.2201121747493744,1,0.9177656361474438,0.2510076524991164,146,control
3627,501.0,8164.0,500.36013463305375,8163.800245340236,0.2193557620048523,1,0.8532066973358869,0.20054303129730713,146,control
3628,509.0,8175.0,508.47005317420815,8174.479942275228,0.2158396989107132,1,0.784166419383986,0.1550471025048051,146,control
3629,530.0,8056.0,529.5399415765803,8055.570058947655,0.21210922300815582,1,0.6943933300306533,0.2938324274160709,146,control
3630,516.0,8078.0,515.9099284405947,8077.57967547227,0.20949457585811615,1,0.34235530861832103,0.48798444535024904,146,check
3631,506.0,8057.0,505.35993374030306,8056.670145913234,0.20909486711025238,1,0.8564290632162196,0.4706402429110257,146,check
3632,572.0,8143.0,566.3698338300389,8143.489727099354,0.20775173604488373,0,5.888872026378307,1.7835024659708918,146,control
3633,545.0,8184.0,544.7499716991395,8183.259974452755,0.20587623119354248,1,0.6637193353151742,0.21016676855633842,146,control
3634,757.0,8188.0,756.3300560360152,8187.480033134028,0.2370014786720276,1,0.9159373528262233,0.3356255040829715,147,control
3635,748.0,8173.0,746.7401503721618,8172.600073522073,0.23413565754890442,1,1.4745988353666084,0.19598382560273295,147,control
3636,793.0,7983.0,793.7499709590207,7982.330185985231,0.22042635083198547,1,0.6806722227417017,0.4155177205556197,147,control
3637,738.0,7981.0,737.0,7984.0,0.20515014231204987,0,3.4729603424572995,,147,control
3638,712.0,8089.0,710.1400182681468,8088.799908475662,0.20295707881450653,1,2.0710093695189267,0.6274464669746408,147,control
3639,771.0,7968.0,770.6700691052808,7967.430280188104,0.20265337824821472,1,0.6279017459613376,0.8592327241444676,147,check
3640,787.0,8062.0,786.4800428006976,8061.610049414093,0.20145688951015472,1,0.7424540843124742,0.3016725124202417,147,control
3641,785.0,8030.0,784.5799489469819,8029.469957191108,0.1968887448310852,1,0.6886568495269291,0.13485611017477545,147,control
3642,738.0,8012.0,737.9901712775386,8011.410099302256,0.195321187376976,1,0.40180822154416684,1.1400857112606937,147,check
3643,771.0,8183.0,769.7300404631252,8182.640075926366,0.18696396052837372,1,1.4808339975120166,0.28435371464376036,147,control
3644,736.0,8078.0,731.0,8076.0,0.1828264445066452,0,5.4945339592321,,147,control
3645,776.0,8033.0,774.7099293061245,8032.659971557838,0.17819833755493164,1,1.5033594473022982,0.4027745131679028,147,control
3646,762.0,8126.0,760.0,8128.0,0.17479796707630157,0,3.1569422741714743,,147,control
3647,828.0,8170.0,824.969930171322,8170.659999026778,0.1724833846092224,0,3.3636375829657443,1.5218664941503908,147,check
3648,670.0,8072.0,669.3500161138461,8070.890142261143,0.1701234132051468,1,1.211914589015264,0.5894988432798094,147,control
3649,802.0,8016.0,801.7099557185668,8015.4099707259165,0.1653137058019638,1,0.6036468627471098,0.2512103270150181,147,check
3650,785.0,8050.0,783.8301709032988,8049.4401881478925,0.16223140060901642,1,1.4135911743612737,0.8098831076345014,147,control
3651,811.0,8053.0,810.2399309116067,8052.629921802615,0.16187405586242676,1,0.9769530877315123,0.4869823918817847,147,control
3652,693.0,8111.0,688.7499846934908,8111.200185552632,0.15992328524589539,0,4.483386761933487,1.4970237741848922,147,control
3653,769.0,8017.0,769.6695923084435,8020.880083696754,0.1560729593038559,0,4.1595125146873455,1.881439829890287,147,control
3654,735.0,8141.0,734.020037942281,8140.60989516543,0.15377652645111084,1,1.196153013690078,0.11717120170195244,147,control
3655,826.0,8058.0,824.0,8060.0,0.15162083506584167,0,3.155828941234007,,147,control
3656,805.0,7984.0,805.1800629323466,7983.410017053626,0.15020500123500824,1,0.338700824812338,0.44559563046540784,147,control
3657,785.0,8005.0,783.7501590156096,8004.550180061956,0.14733457565307617,1,1.4743701429201235,0.3865865000551248,147,control
3658,775.0,8131.0,774.169956192803,8130.420019358087,0.14634890854358673,1,1.0880538362532366,0.667217168944536,147,control
3659,789.0,8076.0,788.2999809248487,8075.19003232719,0.14389820396900177,1,1.0659294369545473,0.4329066234773415,147,check
3660,807.0,8116.0,805.0700923064263,8116.16011025,0.14230875670909882,1,2.178130399495774,1.2313907168706373,147,control
3661,724.0,7970.0,724.1599786623567,7969.270229101975,0.14050818979740143,1,0.47815825556862557,0.2567217898409471,147,control
3662,746.0,8150.0,745.2601670517139,8149.490233743677,0.13864324986934662,1,0.9814744269220903,0.4034098063600884,147,control
3663,734.0,8055.0,728.0,8052.0,0.13697130978107452,0,6.790292504992654,,147,check
3664,680.0,8089.0,679.8701370702905,8088.730087689142,0.1360841691493988,1,0.34074273833903096,0.598294441410367,147,check
3665,669.0,8086.0,669.8200751524718,8085.219767087911,0.13577820360660553,1,0.8028592192204608,0.7022198613719447,147,control
3666,747.0,7994.0,747.329974685693,7993.250035696345,0.13567481935024261,1,0.5094853076110049,0.8154298841199953,147,control
3667,750.0,8027.0,747.8300672083357,8027.390085659422,0.1350475400686264,1,2.466981688275753,0.5879157335620564,147,control
3668,806.0,8025.0,806.3999823141146,8024.18004285889,0.1307283490896225,1,0.5975132617632622,0.4404608332497867,147,control
3669,757.0,8058.0,755.5499637963086,8057.360059305339,0.13008779287338257,1,1.704562558877225,0.8350984498989764,147,check
3670,818.0,8029.0,811.6599008798528,8028.769438392549,0.1294306367635727,0,6.550606192880988,2.331807599700992,147,control
3671,838.0,8019.0,835.5100555785003,8018.490052184264,0.12829583883285522,1,2.7126163785959645,0.4595140927309687,147,control
3672,774.0,8153.0,773.2101851621695,8152.380439394682,0.12744922935962677,1,1.0620390066744256,0.40878563336983814,147,control
3673,735.0,8040.0,734.3504776451473,8039.490021969571,0.12469179183244705,1,0.8976101900095955,0.4135331754711445,147,control
3674,597.0,8202.0,596.5400357630642,8201.710161735617,0.2706747055053711,1,0.6695193530350929,0.18171358201017676,150,control
3675,623.0,8317.0,624.2400893862603,8316.12991681109,0.2659550607204437,1,1.2001703824153929,0.5218858285461468,150,control
3676,583.0,8203.0,582.720055220816,8202.500074403992,0.26177290081977844,1,0.5442974087404763,0.18003586909920627,150,control
3677,614.0,8239.0,614.3599812826991,8238.220144415776,0.2521918714046478,1,0.5411115977409501,0.3678255887226047,150,control
3678,602.0,8321.0,602.2498800748049,8320.079818706801,0.24424439668655396,1,0.6597492463213207,0.5206935450692147,150,control
3679,611.0,8305.0,610.8801339340743,8304.76008884547,0.24214768409729004,1,0.32679931235862725,0.38812899403788115,150,control
3680,592.0,8410.0,591.9701502392206,8409.640203604396,0.23600566387176514,1,0.2528931613864815,0.17632136360523074,150,control
3681,518.0,8200.0,517.6799425170244,8199.660390987421,0.23337991535663605,1,0.5355863047347403,0.42551992319535487,150,control
3682,565.0,8232.0,565.3899771565389,8231.260147718376,0.22848373651504517,1,0.5114105459548693,0.36552729944485596,150,control
3683,545.0,8243.0,544.6400646212701,8242.440171402119,0.2281624972820282,1,0.6416322750091596,0.3667450510053068,150,control
3684,515.0,8224.0,515.1400803359604,8223.370435293604,0.22733114659786224,1,0.3732347959809876,0.4620986636074167,150,control
3685,596.0,8238.0,596.2502406568964,8237.730018858603,0.2263682782649994,1,0.04314289732907766,0.6039315943972011,150,control
3686,582.0,8235.0,581.8797486287964,8234.47031249071,0.2250068336725235,1,0.4242160548096198,0.3009443089207756,150,control
3687,550.0,8252.0,550.0300719416734,8251.32000090667,0.21827395260334015,1,0.4541100965245623,0.3159185463197833,150,control
3688,510.0,8364.0,510.55994903861773,8363.500060827711,0.21531088650226593,1,0.4249795187654678,0.3805689428934016,150,control
3689,647.0,8305.0,647.7200532660102,8304.550180220145,0.21528181433677673,1,0.5479935227462511,0.46428788808212473,150,control
3690,617.0,8224.0,616.6899577650084,8223.389968546368,0.21337175369262695,1,0.6251319604612672,0.18461877876215224,150,control
3691,499.0,8245.0,496.92995962015,8245.379993869035,0.21213674545288086,1,2.368237726750761,1.0195910927925842,150,check
3692,629.0,8273.0,628.7699402289519,8272.590083313655,0.21204115450382233,1,0.4616382755714416,0.42398255881336444,150,check
3693,579.0,8349.0,579.3300431998533,8348.569927783752,0.21157890558242798,1,0.20851252873576873,0.11391467673301889,150,control
3694,602.0,8302.0,601.1400271946968,8301.810225458246,0.21052239835262299,1,1.0688081114186339,0.34070211753187063,150,control
3695,635.0,8220.0,635.9403623372364,8219.600087996661,0.2066819816827774,1,0.7456510001724465,0.7864089449375744,150,control
3696,524.0,8266.0,524.3700880222427,8265.210142111315,0.2065664529800415,1,0.5510392202464485,0.29550630400321326,150,check
3697,607.0,8407.0,607.710015938935,8406.839968829137,0.20479334890842438,1,0.5165839980867113,0.44942117249209196,150,control
3698,538.0,8282.0,537.8200585648877,8281.43997911954,0.2043478935956955,1,0.4883548708083517,0.23713084056163006,150,control
3699,583.0,8193.0,582.7600680318956,8192.38007823066,0.2043474167585373,1,0.57515214376796,0.23282694793130532,150,check
3700,633.0,8260.0,632.5400526670272,8259.550161203188,0.20423541963100433,1,0.6933812186782714,0.7726925485865189,150,control
3701,519.0,8279.0,519.1502825840357,8278.330006962553,0.2036120593547821,1,0.4106624106425751,0.5178881140116463,150,check
3702,582.0,8337.0,581.9600465109806,8336.590100059428,0.20320825278759003,1,0.28651993519815194,0.22380205115340016,150,control
3703,528.0,8294.0,530.0,8292.0,0.20257030427455902,1,2.4957990608046914,,150,control
3704,613.0,8258.0,612.9299617331453,8257.359993802482,0.202194944024086,1,0.4697871433566141,0.1714813147667164,150,control
3705,578.0,8399.0,578.4702695980451,8398.399829703878,0.2020370066165924,1,0.4290713839267884,0.4786199693687854,150,control
3706,604.0,8287.0,604.2199584721826,8286.400024574023,0.20106057822704315,1,0.33880322074749925,0.21661582264813403,150,control
3707,535.0,8384.0,534.2999640208856,8384.35003285962,0.1987776905298233,1,1.0940617846965144,1.1875158785028928,150,control
3708,526.0,8321.0,526.9400939868231,8320.140096448977,0.1955074816942215,1,0.9449914576233687,0.26487894113649685,150,control
3709,554.0,8283.0,553.5499820731484,8282.250270238832,0.19473505020141602,1,0.818281904045509,0.738515741484493,150,check
3710,542.0,8221.0,541.9799466339932,8220.409682302048,0.19457536935806274,1,0.400292796644547,0.417539073365941,150,check
3711,603.0,8214.0,602.2900389989449,8213.640029440467,0.19443444907665253,1,0.9238755788387026,0.12097672713146916,150,control
3712,535.0,8221.0,534.730065078951,8220.470286660198,0.192366361618042,1,0.5487246644208413,0.36023550509562263,150,control
3713,557.0,8202.0,556.6500634398598,8201.420066742294,0.19133129715919495,1,0.643625052205262,0.21559685462146816,150,check
3714,566.0,8200.0,565.5598654171107,8199.259957706981,0.1894327700138092,1,0.8068731248520828,0.25907862652037383,150,check
3715,616.0,8277.0,615.7099315773094,8276.670077240884,0.18882495164871216,1,0.5016674793871712,0.24257086027032213,150,control
3716,581.0,8216.0,580.7001000017339,8215.170388142169,0.18830783665180206,1,0.7628508379922658,0.5431337763160498,150,control
3717,578.0,8320.0,578.1100362869665,8319.660010490063,0.18777422606945038,1,0.1235603533643985,0.432419624361494,150,control
3718,554.0,8243.0,554.279958830033,8242.430136662608,0.18628054857254028,1,0.31595928884855945,0.3547549534861552,150,control
3719,551.0,8212.0,551.9699949340601,8211.11020849609,0.18534782528877258,1,0.9864885261991512,0.5324882359670348,150,control
3720,703.0,8383.0,704.070048673642,8382.50990011515,0.2719237208366394,1,0.8968563221101974,0.3988465643657492,151,control
3721,702.0,8215.0,697.1299269015,8215.569593032173,0.2564134895801544,0,5.144450440300725,1.7797756350286744,151,check
3722,668.0,8391.0,668.3000738966454,8390.31002939883,0.21176952123641968,1,0.43957433064475904,0.5716271263339436,151,control
3723,734.0,8192.0,733.7502741738579,8191.460176434782,0.20870202779769897,1,0.5375502637129961,0.7257404187159845,151,control
3724,679.0,8337.0,679.9300242246986,8336.800097588748,0.2045540064573288,1,0.7279466403583864,0.4182491911097301,151,check
3725,730.0,8359.0,726.8999859327618,8357.129989867622,0.19641171395778656,0,3.675262579053201,0.5868432244770937,151,control
3726,749.0,8205.0,748.6199652439336,8204.380172417144,0.19164879620075226,1,0.6901393493694699,0.8485216989923067,151,control
3727,764.0,8203.0,763.3800477504178,8202.560038682732,0.1894272118806839,1,0.8468849799652668,0.14440582598290597,151,control
3728,732.0,8373.0,732.6399977455366,8372.00996199936,0.18774572014808655,1,0.8513556186219646,0.5161822194842871,151,control
3729,725.0,8312.0,725.5199311032392,8311.700162917026,0.17800699174404144,1,0.31796613267718676,1.0675630135667145,151,check
3730,718.0,8352.0,718.110146902845,8351.549795496796,0.1764507293701172,1,0.21247437996800084,0.4385770971158085,151,control
3731,725.0,8194.0,724.3299410359564,8193.600142510802,0.17182323336601257,1,0.8890815431901192,0.20387586270474692,151,control
3732,671.0,8251.0,671.9798236565216,8249.700109193835,0.1692579686641693,1,1.2962816948676443,0.648714761067815,151,control
3733,679.0,8360.0,679.5202089621317,8359.070154165222,0.16885344684123993,1,0.7402674030875488,0.5348992856791082,151,control
3734,710.0,8342.0,709.9499439974278,8341.560102230784,0.16667130589485168,1,0.3116445458641016,0.308606088684053,151,control
3735,823.0,8317.0,819.7600453708756,8316.499761680676,0.15851375460624695,0,3.451907110689965,2.356022851173915,151,control
3736,718.0,8213.0,717.160074645457,8212.330120324184,0.1563132107257843,1,1.125270116721177,0.619568434511572,151,control
3737,722.0,8225.0,721.8600525171985,8224.53008929479,0.15183626115322113,1,0.4064859554586865,0.590007386126229,151,control
3738,720.0,8240.0,719.1298153873134,8239.719913808314,0.15181796252727509,1,1.0768745088836715,0.5939660476838081,151,control
3739,699.0,8402.0,700.0,8401.0,0.15089808404445648,1,1.0873953730636179,,151,control
3740,729.0,8380.0,728.0,8380.0,0.15051689743995667,1,1.2306139186123364,,151,control
3741,776.0,8348.0,773.9298729873394,8348.199996597736,0.14862404763698578,1,2.3189489334664724,0.49908630125913056,151,control
3742,741.0,8342.0,739.9201078129289,8342.040199652982,0.147632896900177,1,1.317964625572053,0.7664597771603809,151,control
3743,679.0,8378.0,679.37001163803,8377.869933008047,0.14727485179901123,1,0.2115918796822054,0.7331685300525489,151,control
3744,689.0,8380.0,693.0,8377.0,0.14353561401367188,0,4.681814423988487,,151,check
3745,789.0,8359.0,790.0,8360.0,0.14165639877319336,1,1.489244144022302,,151,control
3746,731.0,8408.0,731.1999627898092,8407.390128077519,0.1377658098936081,1,0.3500487887749018,0.18611952279701507,151,check
3747,686.0,8270.0,684.3000272525575,8269.71992511341,0.13303184509277344,1,1.906250278840635,0.6072460620248431,151,check
3748,695.0,8267.0,695.2899069367335,8265.89003360007,0.13161316514015198,1,0.8551304119999925,0.749582711598845,151,control
3749,766.0,8245.0,766.0299738455777,8244.280109751013,0.13114984333515167,1,0.49519102035340695,0.40416291673508853,151,control
3750,673.0,8259.0,674.0497835843576,8258.050012104237,0.12750597298145294,1,1.0899306451236117,0.3496377974241269,151,control
3751,675.0,8192.0,672.8502405405105,8192.750082315019,0.1267227828502655,1,2.564630323862857,0.5782843674587591,151,control
3752,682.0,8401.0,682.5599469256224,8400.520060894265,0.12588222324848175,1,0.4187856340562735,0.2567625420419438,151,control
3753,745.0,8376.0,744.5601057166549,8375.080267401941,0.12197258323431015,1,0.9217058933880098,0.5638423396312241,151,control
3754,821.0,8402.0,820.800071650875,8401.41029385602,0.12134408950805664,1,0.5208281815453732,0.4105306031084486,151,control
3755,688.0,8346.0,688.3301529174237,8345.499818573362,0.11965126544237137,1,0.2710775416427547,0.47690890958018345,151,check
3756,654.0,8471.0,653.450019457918,8470.83004697669,0.3094194829463959,1,0.7572935512070867,0.5681674091754828,154,check
3757,640.0,8475.0,640.1800472430708,8474.590123302378,0.2964863181114197,1,0.14857596856387462,0.14885309426892906,154,control
3758,628.0,8493.0,628.0300456874207,8492.60010748819,0.28908154368400574,1,0.21908110434547168,0.22097130570646176,154,control
3759,639.0,8522.0,639.5800762012733,8521.360270446687,0.2712518870830536,1,0.5344006808011761,0.538707861699112,154,control
3760,665.0,8487.0,665.7799508272055,8486.490084037385,0.27013319730758667,1,0.6295461387341353,0.33821238646935314,154,control
3761,616.0,8490.0,616.7900417192837,8489.630082232075,0.26182320713996887,1,0.597930819603201,0.27156938973720735,154,control
3762,576.0,8425.0,576.7101146677888,8425.000282983192,0.2509964108467102,1,0.5711397105034443,0.517557730708784,154,control
3763,476.0,8564.0,476.72006066149396,8563.480179987208,0.24966779351234436,1,0.5764181146122955,0.5366405863292569,154,control
3764,657.0,8568.0,656.1697031079259,8567.910344593323,0.2322828620672226,1,1.0441269134058322,0.7773118857612754,154,control
3765,531.0,8587.0,531.2599311363499,8586.66002966521,0.2312719225883484,1,0.0942686998917057,0.17297036627187512,154,control
3766,570.0,8414.0,570.280064479802,8413.430133334925,0.22300484776496887,1,0.3153251785507833,0.3527473240361635,154,control
3767,534.0,8597.0,534.7999278089995,8596.740192632069,0.2224193811416626,1,0.599938292115216,0.5167542071880248,154,control
3768,621.0,8444.0,620.3401048263753,8444.050138409391,0.21965700387954712,1,0.9176719718322724,0.9598818305774401,154,check
3769,608.0,8429.0,608.5400514523401,8428.530055486865,0.21665240824222565,1,0.39527320495212886,0.36605631369367336,154,control
3770,593.0,8461.0,592.3800912250126,8461.18014306798,0.21262557804584503,1,0.9347365592132526,0.6720785516386708,154,control
3771,512.0,8480.0,512.3200549462406,8479.490032110807,0.21139684319496155,1,0.27045511313290743,0.13640103059389463,154,check
3772,477.0,8528.0,477.1500459285531,8527.570014416562,0.20966921746730804,1,0.17069657455921258,0.2244132934273623,154,control
3773,509.0,8460.0,509.3800287334593,8459.740039281714,0.20691727101802826,1,0.17643425914033348,0.2197758916205512,154,control
3774,634.0,8537.0,633.7400551291801,8536.469970767388,0.2043972760438919,1,0.5316709160363378,0.4221589917038325,154,control
3775,622.0,8464.0,622.3099381162888,8463.690351996836,0.19873814284801483,1,0.11733219377081715,0.28844535486168665,154,control
3776,573.0,8433.0,570.0,8437.0,0.19756293296813965,0,5.3334085167512155,,154,control
3777,539.0,8437.0,539.3099334157295,8436.640034881146,0.190113827586174,1,0.14243198272672672,0.29980763890965123,154,control
3778,576.0,8492.0,576.1502603975842,8491.540007661366,0.18590159714221954,1,0.20208879103083932,0.22195964672912963,154,control
3779,486.0,8511.0,486.35994837308124,8510.500039697758,0.18589764833450317,1,0.2809668161763032,0.13093009847342932,154,check
3780,510.0,8433.0,510.67001823520224,8432.880176035793,0.1828489601612091,1,0.48794739166852685,0.6470660628285388,154,control
3781,520.0,8484.0,520.4100457372529,8483.580041918778,0.18182960152626038,1,0.2580781672237282,0.14697199056312754,154,control
3782,553.0,8490.0,553.4100448389447,8489.620147701655,0.1814357489347458,1,0.23718230944557955,0.25232974819499976,154,control
3783,533.0,8607.0,533.0100489485496,8606.600211024963,0.1803727149963379,1,0.231527762833476,0.183859948018409,154,check
3784,631.0,8607.0,630.6399207793947,8606.770070178169,0.179878830909729,1,0.559761401251316,0.5599715461679897,154,control
3785,483.0,8544.0,483.1999351626797,8543.620023193116,0.17626935243606567,1,0.112415560756067,0.11168013417020102,154,control
3786,614.0,8521.0,614.0799506108232,8520.470010015992,0.17426976561546326,1,0.2921153656969449,0.20055413874243436,154,control
3787,661.0,8612.0,660.7299566834286,8611.369867056035,0.17242780327796936,1,0.5942728936372539,0.24329785945410734,154,check
3788,669.0,8502.0,669.2600283341375,8501.740026603742,0.3448646068572998,1,0.05939941693096123,0.15172963195651387,155,control
3789,711.0,8577.0,711.3900826481183,8576.230038641095,0.31241241097450256,1,0.5425611565064152,0.45251830981163216,155,check
3790,753.0,8491.0,752.690071866759,8490.30996495247,0.30414879322052,1,0.6667787312113691,0.14956362433803616,155,control
3791,718.0,8550.0,718.030061534886,8549.450106989038,0.29751068353652954,1,0.3338283108102717,0.3515237298252452,155,control
3792,762.0,8484.0,761.9100231016473,8483.81009550903,0.29523372650146484,1,0.29830717224971554,0.16787253403005722,155,control
3793,692.0,8498.0,692.0700584985003,8497.480111314859,0.289731502532959,1,0.2890877563475878,0.3270979171175833,155,control
3794,676.0,8455.0,676.4100448389447,8454.620147701655,0.2827340066432953,1,0.23944842481393222,0.48921192897464866,155,check
3795,675.0,8519.0,675.0600554539199,8518.540216107791,0.2800593376159668,1,0.24192851811016405,0.15347729858759734,155,control
3796,752.0,8568.0,752.009801411711,8567.88000731254,0.27853208780288696,1,0.2353844241364845,0.3780939950329499,155,control
3797,696.0,8574.0,695.8699447877109,8573.550093745525,0.2609471082687378,1,0.3782043035903281,0.14052763782226452,155,control
3798,745.0,8576.0,744.6199249388318,8575.730067932065,0.2594093382358551,1,0.5780754912448985,0.27039101510359603,155,control
3799,691.0,8606.0,690.5499447793502,8605.540059904322,0.2549841105937958,1,0.6771250411343803,0.3951425773011245,155,control
3800,688.0,8456.0,688.5800431334658,8455.61005997907,0.25475987792015076,1,0.39968269349239804,0.33021878595799087,155,control
3801,777.0,8534.0,777.3099619411671,8533.37003398267,0.251432865858078,1,0.3861148979265847,0.25831582713612905,155,control
3802,741.0,8599.0,740.430040521318,8598.630044198158,0.2501513361930847,1,0.7749516092853183,0.16706843052202622,155,control
3803,760.0,8502.0,764.7799917650655,8501.260611520862,0.24535836279392242,0,4.605482332716875,3.658135718029974,155,control
3804,776.0,8514.0,775.0500163302286,8513.910216282535,0.24298928678035736,1,1.161607283995797,0.5684133621406182,155,control
3805,697.0,8563.0,696.2499599448897,8562.450239209438,0.23875363171100616,1,0.9914016222905149,0.6157978247608421,155,control
3806,727.0,8558.0,726.9300347896756,8557.70009725598,0.23794706165790558,1,0.27125484175059444,0.2524128779005194,155,control
3807,703.0,8423.0,703.2999335406421,8422.670139574248,0.23296964168548584,1,0.11973446533895822,0.29210104004182846,155,control
3808,678.0,8530.0,678.0200393151578,8529.660106631352,0.2303888350725174,1,0.19573987117054845,0.3376500081286186,155,check
3809,703.0,8471.0,699.7701392742573,8469.579654025936,0.22781744599342346,0,3.6214151490632247,1.7678693818761348,155,control
3810,703.0,8596.0,702.7800172283705,8595.829976191344,0.22617003321647644,1,0.42813890540775784,0.23191999156830576,155,control
3811,804.0,8574.0,803.0,8572.0,0.2253611534833908,1,2.1120424718413346,,155,control
3812,730.0,8567.0,734.0,8567.0,0.22055812180042267,0,3.810714349414909,,155,control
3813,765.0,8465.0,764.8500493144286,8464.560088338123,0.2187250554561615,1,0.3939777049170656,0.17893101200002037,155,control
3814,755.0,8532.0,754.5501455139113,8531.640053581725,0.2181246429681778,1,0.656280396049625,0.19681577172475045,155,control
3815,714.0,8559.0,713.7200540061287,8558.47996868767,0.21741114556789398,1,0.543743213631085,0.20112424063251816,155,control
3816,724.0,8450.0,724.6700967324103,8449.200385072507,0.21338391304016113,1,0.7144407187535607,0.5073700988314722,155,check
3817,823.0,8469.0,823.0,8469.0,0.21283762156963348,1,0.32645997504552204,,155,check
3818,733.0,8628.0,732.7799233582656,8627.750084902582,0.21215365827083588,1,0.41708403201162897,0.5888983070288996,155,control
3819,726.0,8599.0,726.0099393891688,8598.700425984951,0.21033477783203125,1,0.19133029073398725,0.391177338351707,155,check
3820,752.0,8506.0,750.0,8506.0,0.2091691941022873,1,2.21496000564292,,155,check
3821,669.0,8572.0,668.429859860213,8571.340049888495,0.20602281391620636,1,0.8653433474194181,0.2610051711568456,155,control
3822,763.0,8595.0,762.3300530247116,8594.540138983459,0.20570524036884308,1,0.889628431693895,0.30103487611034496,155,control
3823,569.0,8792.0,568.560061027373,8791.440057300368,0.23765921592712402,1,0.6984722099467688,0.21508211530391333,158,control
3824,533.0,8843.0,532.1999962813562,8843.009915513461,0.2339354306459427,1,1.0327391009609719,0.5110708754761878,158,control
3825,610.0,8641.0,608.860024890069,8640.759984410388,0.23114250600337982,1,1.3382594680939977,0.21702608102862292,158,control
3826,543.0,8808.0,542.9902766109285,8807.349884475374,0.21422140300273895,1,0.43217258655507107,0.3743483119803436,158,control
3827,521.0,8834.0,520.4800341905266,8833.659943930708,0.1973646879196167,1,0.7177893625571954,0.3734549959969778,158,control
3828,521.0,8798.0,520.7099504360783,8797.459970892301,0.18429690599441528,1,0.5555034122054209,0.3306297666650667,158,control
3829,593.0,8822.0,593.0200611852301,8821.38989443334,0.17636023461818695,1,0.3833957758695274,0.33658853244710113,158,control
3830,575.0,8757.0,574.5801232691008,8756.819951700432,0.17553114891052246,1,0.6217563962883313,0.2750560991378707,158,check
3831,602.0,8633.0,601.3900329927269,8632.700040205105,0.1737004518508911,1,0.8090157341929365,0.17549914068818878,158,control
3832,518.0,8648.0,515.0,8650.0,0.17148248851299286,0,3.921459090338884,,158,control
3833,548.0,8748.0,547.7001458548742,8747.60996367959,0.1670052856206894,1,0.5107043092236644,0.3009142157287931,158,check
3834,609.0,8846.0,609.0399673816789,8845.310005257572,0.1652991622686386,1,0.44866235772991925,0.5983091949267764,158,check
3835,583.0,8780.0,581.1699943849094,8779.090123909722,0.16453152894973755,1,2.1242695063465966,0.34472646311890853,158,control
3836,604.0,8776.0,603.5996489681914,8775.309968754722,0.16372902691364288,1,0.7298928804422341,0.2555511715321881,158,control
3837,577.0,8749.0,576.4000532576493,8748.540146378942,0.16166912019252777,1,0.8185913533575309,0.18335626150057074,158,control
3838,562.0,8807.0,561.4003693086484,8806.580242178772,0.15896692872047424,1,0.8084012863286708,0.7427818308959314,158,control
3839,524.0,8790.0,523.1998467332528,8789.52023748757,0.1576843559741974,1,1.0175487767827993,0.4399173038755575,158,control
3840,549.0,8850.0,549.0401012913355,8849.20052981269,0.1566700041294098,1,0.5515214385942426,0.6536258710976969,158,control
3841,566.0,8653.0,564.7799361944275,8652.66019025286,0.15362535417079926,1,1.4202286130539405,0.8230603120614631,158,check
3842,566.0,8783.0,564.0400224777484,8782.820109276778,0.1520601212978363,1,2.1569255404811374,0.7254430944891731,158,control
3843,517.0,8719.0,516.2100419022232,8718.610020888655,0.15077856183052063,1,0.9946359269529377,0.16729763818319152,158,control
3844,516.0,8779.0,515.7098734699364,8778.220079071109,0.1497012972831726,1,0.7046183048218032,0.22014873735962476,158,control
3845,536.0,8646.0,535.8899288486097,8645.669990608072,0.14820736646652222,1,0.3151443555832618,0.36715233883266973,158,control
3846,523.0,8845.0,521.739918259049,8844.860292342175,0.14690648019313812,1,1.4600746651926013,2.0187651918887655,158,control
3847,575.0,8841.0,571.0,8840.0,0.14563938975334167,0,4.256855305936526,,158,check
3848,612.0,8821.0,612.5701709364096,8819.400054896076,0.14259813725948334,1,1.3842969600152895,0.7823799546042365,158,control
3849,625.0,8843.0,625.0198891342961,8842.050005607061,0.13994821906089783,1,0.7037756213764177,0.1647058752301393,158,control
3850,586.0,8842.0,584.8002836905317,8841.34007566818,0.13932134211063385,1,1.4470169831582103,1.7581950631251189,158,control
3851,520.0,8752.0,519.0,8752.0,0.13406211137771606,1,1.2263677948691283,,158,control
3852,607.0,8759.0,605.5000176694962,8758.880158075332,0.1325940638780594,1,1.7015747137189876,0.658761507045302,158,control
3853,531.0,8796.0,530.9500514438132,8795.479887337347,0.13040225207805634,1,0.35056635143494197,0.44083949312844317,158,check
3854,525.0,8816.0,524.8798646345238,8815.119462800187,0.12137643992900848,1,0.6870484139727364,0.4078475959470478,158,control
3855,557.0,8786.0,556.3699967397017,8785.200568004797,0.12101507931947708,1,0.9810581259481398,0.7360130346568257,158,control
3856,546.0,8763.0,545.7799348215507,8762.609978786937,0.12019159644842148,1,0.43322352595020547,0.5490656732131628,158,check
3857,585.0,8654.0,583.9999248304745,8653.679896613055,0.12015506625175476,1,1.1993050371299665,0.21909365055641916,158,control
3858,513.0,8640.0,513.1095069816237,8639.670027161752,0.11962384730577469,1,0.1090404780277957,0.5048403373149009,158,control
3859,596.0,8779.0,595.1004806154777,8778.580418455696,0.11931101232767105,1,1.1048417790720402,1.8775910472892299,158,control
3860,567.0,8828.0,564.8702934319488,8827.250082764172,0.119025819003582,1,2.372956711598386,0.958750070500469,158,control
3861,806.0,8655.0,805.0900140339614,8654.870009075881,0.2728639543056488,1,1.112991340947298,0.11901945797106907,159,control
3862,773.0,8670.0,771.6500137844682,8669.890068306306,0.2717204988002777,1,1.5527651619683749,0.2315642375906013,159,control
3863,743.0,8842.0,743.1700058481945,8840.950017794077,0.2602570354938507,1,0.7853543761576581,0.23987745291600437,159,check
3864,741.0,8663.0,740.470041710923,8662.620048390872,0.2587297260761261,1,0.7352255694539546,0.29179244057887327,159,control
3865,795.0,8696.0,793.9800189504048,8695.819997288021,0.2558857798576355,1,1.217132054874908,0.13051855686894553,159,control
3866,748.0,8714.0,747.6800434662341,8713.610070544048,0.25183334946632385,1,0.5298618844510999,0.49929922542107263,159,control
3867,790.0,8686.0,788.5900190254853,8685.870167550534,0.2448122799396515,1,1.6101093410337812,0.28031148568925196,159,control
3868,775.0,8688.0,774.1600163798946,8687.850016404811,0.24356874823570251,1,1.0408918995358696,0.1485571469807562,159,control
3869,736.0,8655.0,734.9500295737407,8654.75009953536,0.24088503420352936,1,1.2461674770912536,0.9131849026061255,159,control
3870,721.0,8648.0,720.2400314370768,8647.710024390917,0.24011419713497162,1,0.9568313765901704,0.11899379823658005,159,control
3871,777.0,8653.0,776.069937899574,8652.590009358817,0.23248840868473053,1,1.1354491485631324,0.3992648605110465,159,control
3872,754.0,8845.0,754.0799326503624,8843.6400105817,0.22774511575698853,1,1.1009461011725516,0.2236033722137308,159,control
3873,797.0,8824.0,796.8700791211071,8823.310195268967,0.22550071775913239,1,0.5338312323594832,0.2460148251283381,159,control
3874,769.0,8795.0,767.0,8795.0,0.21851776540279388,1,2.208117182572532,,159,check
3875,788.0,8676.0,787.1700485826707,8675.640333711803,0.21627755463123322,1,1.0295853309357768,0.4312489918863209,159,control
3876,800.0,8801.0,799.5101983638781,8800.170153441491,0.20897114276885986,1,0.8864646657283675,0.27508602342356564,159,control
3877,701.0,8646.0,700.5901063984146,8645.979953289358,0.20453345775604248,1,0.6537058036767183,0.3840498651121709,159,control
3878,815.0,8706.0,813.6300362207452,8705.740276993694,0.19770404696464539,1,1.5638725327177463,0.19906768495298424,159,control
3879,748.0,8646.0,748.0901379605702,8645.76021668169,0.197578564286232,1,0.10842886917582033,0.593839156221055,159,control
3880,753.0,8834.0,752.6999831542298,8833.149968804222,0.19383779168128967,1,0.7644470571984731,0.11438809014860023,159,control
3881,807.0,8698.0,805.7500246822134,8697.790078538514,0.19364847242832184,1,1.4450999621211709,0.15731292218548132,159,control
3882,752.0,8692.0,750.2999338570212,8691.730351073445,0.1933223158121109,1,1.8951144705833782,0.19968705031323178,159,control
3883,731.0,8729.0,729.8000535322248,8728.550188672127,0.19319479167461395,1,1.406683684013376,0.5407345226236836,159,check
3884,815.0,8801.0,813.5799880373964,8800.099955959866,0.18035778403282166,1,1.7330663361986898,0.4943160456570697,159,control
3885,732.0,8697.0,731.2299351043207,8696.58992061301,0.17725032567977905,1,0.9762976188811603,0.4194393204822507,159,check
3886,773.0,8718.0,772.1401356975799,8717.720010531533,0.17008861899375916,1,1.0541366390078784,0.38273322058653164,159,check
3887,764.0,8689.0,762.4400398144762,8688.700256787131,0.16982495784759521,1,1.7553136161604415,0.22013426527394536,159,check
3888,791.0,8783.0,791.7299913896628,8782.0097602083,0.16934137046337128,1,0.9044151514205138,0.5209962730570624,159,control
3889,706.0,8674.0,705.110055303925,8673.48000989108,0.16738452017307281,1,1.115803558764135,0.43163364750863525,159,control
3890,817.0,8817.0,814.2000631570897,8817.44012491622,0.1601930558681488,0,3.072616122136915,1.329414723869766,159,control
3891,599.0,8996.0,600.150039589567,8994.630014616223,0.31749334931373596,1,1.4600991698256462,0.42418484276764645,162,control
3892,592.0,9004.0,593.7001100921423,9002.980070560601,0.3143158555030823,1,1.686365685249781,0.46963841334065015,162,control
3893,645.0,8905.0,646.8001244757595,8903.910292192179,0.30875587463378906,1,1.8066391665376118,0.896090279969543,162,control
3894,603.0,8985.0,604.0100507451659,8984.51999945921,0.2963087260723114,1,0.8467765811910678,0.6167998774104548,162,control
3895,589.0,8992.0,590.9799006226634,8990.940001015026,0.28031378984451294,1,1.956553988272989,0.3684865584136141,162,control
3896,608.0,8910.0,608.380079603538,8909.290143434027,0.2721770703792572,1,0.4794451279990061,0.307061942552635,162,control
3897,620.0,8883.0,620.5299890856995,8882.1200563937,0.2648080289363861,1,0.6987056097522185,0.09410143724934869,162,control
3898,612.0,9033.0,612.1899404118914,9032.570021970236,0.2535783350467682,1,0.1594850762383025,0.561921260331043,162,control
3899,628.0,8925.0,628.5799829130975,8924.18006187585,0.2515353560447693,1,0.674694774281654,0.1759134627190047,162,control
3900,609.0,8886.0,609.5000724491865,8885.330050595338,0.24679818749427795,1,0.5058114892705029,0.2637839175113403,162,check
3901,622.0,8966.0,622.879968962245,8965.289988287055,0.2431902140378952,1,0.8187065619966083,0.4932775712589205,162,control
3902,611.0,8945.0,611.9299964393796,8943.999886954747,0.2389429807662964,1,1.0395431939401472,0.11052408437706635,162,check
3903,523.0,8902.0,523.5999977706188,8901.040063522969,0.2380080670118332,1,0.800281830548019,0.10924395391866117,162,control
3904,533.0,8898.0,535.0,8898.0,0.2374906986951828,1,1.8274910966253943,,162,check
3905,492.0,8879.0,492.7899052728922,8877.889980775186,0.23257982730865479,1,1.028881885326856,0.33529242170068524,162,control
3906,577.0,8965.0,578.1499909906731,8964.090016146956,0.2266317903995514,1,1.15305938817151,0.150573410124269,162,control
3907,579.0,8926.0,579.5001728164672,8925.380047434039,0.2252398431301117,1,0.46668969489760925,0.3246093306149807,162,control
3908,637.0,8952.0,637.5699837781289,8951.139955036475,0.21950258314609528,1,0.7027096641057927,0.20550790705026678,162,control
3909,556.0,9008.0,557.3500814585134,9007.240034448381,0.21819737553596497,1,1.2589679232663358,0.127239970185445,162,control
3910,565.0,8921.0,564.0,8920.0,0.2175832837820053,1,1.3974321952305855,,162,control
3911,566.0,8996.0,567.329911454021,8994.880143442553,0.21137985587120056,1,1.421252518875553,0.776953219732675,162,control
3912,525.0,8882.0,525.7500826313969,8881.20997095869,0.2077457755804062,1,0.761440585528968,0.27997580654041077,162,control
3913,659.0,8872.0,658.9401163314641,8870.960201499762,0.20495134592056274,1,0.812413291338668,0.4162944612424053,162,control
3914,611.0,8899.0,611.2901766600236,8898.40023661368,0.2038441300392151,1,0.345245500167321,0.21565551487728254,162,check
3915,638.0,8961.0,638.7800711097527,8960.319974494227,0.20285628736019135,1,0.7192557918389775,0.24212819916863934,162,check
3916,525.0,8860.0,525.4201457140707,8858.760462845652,0.20197393000125885,1,0.9951700144004836,0.6668104979610043,162,control
3917,539.0,9059.0,539.8800418605857,9058.599985990955,0.19911859929561615,1,0.7029988965223097,0.30602307448500937,162,control
3918,763.0,8859.0,763.0600496968628,8858.499899025375,0.24027259647846222,1,0.2693181303994802,0.36723590846036025,163,control
3919,776.0,8873.0,776.6102874424523,8872.330161211215,0.23233048617839813,1,0.583690942357019,0.34205183610628803,163,control
3920,783.0,8893.0,783.4000985288606,8892.08003919844,0.22350427508354187,1,0.6883215693141548,0.1923842704225747,163,check
3921,796.0,8900.0,797.0599741035977,8899.310218670105,0.2224748432636261,1,0.9689860345369966,0.5401001743025863,163,control
3922,714.0,8916.0,715.0,8915.0,0.22148646414279938,1,1.0927239940466107,,163,control
3923,694.0,8978.0,694.6099562841066,8977.369854378063,0.21398891508579254,1,0.5556144544823516,0.9454554696963114,163,control
3924,804.0,8873.0,803.8306144741393,8872.210068422026,0.212288036942482,1,0.6371158039824038,1.1456673860246693,163,control
3925,815.0,8871.0,813.1699674978986,8870.249807492843,0.208708256483078,1,2.0777159510057084,0.1953845964211776,163,control
3926,708.0,8966.0,710.0,8965.0,0.20707346498966217,1,1.953743122065727,,163,control
3927,808.0,8893.0,805.9000198988774,8894.840094552363,0.20544973015785217,0,3.109445384719216,0.5402421946268595,163,control
3928,722.0,8894.0,722.3499009555978,8892.980145888318,0.20248909294605255,1,0.7704546277159523,0.22018840391374223,163,check
3929,762.0,8888.0,762.6700046589218,8887.040282217991,0.19900283217430115,1,0.8443373249066818,0.36121183590737205,163,control
3930,740.0,8885.0,740.3102345175712,8884.79002539725,0.19576416909694672,1,0.13204793939230813,0.5000465173203236,163,control
3931,694.0,8874.0,694.7901908436477,8873.250183289641,0.18361634016036987,1,0.7695915200002966,0.6645505824406456,163,control
3932,721.0,8934.0,721.3200665677152,8933.380031744762,0.17255687713623047,1,0.37671795039977723,0.576501274501311,163,control
3933,693.0,8886.0,693.830013485143,8884.93019310614,0.16806283593177795,1,1.026323180910187,0.38773713796287224,163,control
3934,682.0,8987.0,684.0,8987.0,0.159620001912117,1,1.8310979457637873,,163,check
3935,747.0,8875.0,747.4097971439165,8873.869838239634,0.15616737306118011,1,0.8922723462700237,0.2113538903213046,163,control
3936,666.0,8944.0,667.4300442727402,8943.499726816251,0.15061041712760925,1,1.2616851512944809,0.5495703067231954,163,control
3937,770.0,8894.0,770.1704073173169,8893.150005148882,0.14436176419258118,1,0.5854083503423136,0.35260103717894103,163,control
3938,757.0,8896.0,758.2202206417993,8894.950122070968,0.14300242066383362,1,1.2950248221207206,1.1827404667008963,163,control
3939,695.0,9019.0,696.3799568916164,9018.42004154454,0.1351635754108429,1,1.232300887570241,0.2954173254127396,163,control
3940,666.0,8894.0,662.0,8895.0,0.13456843793392181,0,4.378656496065932,,163,check
3941,703.0,8979.0,703.3601605709274,8978.459927259517,0.13258779048919678,1,0.32197581472495196,0.7735605222027583,163,control
3942,686.0,8905.0,683.9100102654854,8904.899990158752,0.1322905719280243,1,2.2867607337223963,0.548468844654069,163,control
3943,690.0,8964.0,690.409949279584,8963.42983344777,0.13195733726024628,1,0.374462981319209,0.4982548519909926,163,check
3944,740.0,8900.0,740.2599607182852,8899.38002873346,0.12976253032684326,1,0.36107811869813194,0.3232266333324474,163,control
3945,804.0,8934.0,802.0,8932.0,0.12768606841564178,1,2.7930636598242167,,163,control
3946,778.0,8880.0,778.3596181638727,8878.720367362203,0.12605957686901093,1,1.029155487062007,0.3759454127879067,163,control
3947,787.0,8932.0,785.9001160401672,8931.930091524171,0.12170486152172089,1,1.3032965690095504,0.851321681765007,163,control
3948,754.0,8914.0,755.3499303793436,8912.670039206967,0.12093843519687653,1,1.5746320978830946,0.498314603936911,163,check
3949,793.0,8874.0,796.8298651008978,8871.239880516097,0.11861429363489151,0,4.413474699239352,1.2231714229708133,163,control
3950,681.0,8940.0,681.6800837713358,8939.260175029127,0.11804170161485672,1,0.6806552984959392,0.3474305074475556,163,control
3951,684.0,8932.0,685.0498761324147,8931.300432207552,0.11495775729417801,1,0.962346438615576,0.5948407890081682,163,check
3952,691.0,8992.0,692.179998644177,8991.050124833111,0.11438611894845963,1,1.2033649159118365,0.3446273673090389,163,control
3953,651.0,9182.0,652.1899712085138,9181.310126754806,0.10021314024925232,1,1.0892785903117341,0.22620901750869496,166,control
3954,546.0,9237.0,546.0299789698767,9236.200003835029,0.12568996846675873,1,0.5475408397835104,0.3752583529988282,166,control
3955,618.0,9093.0,618.9800655944927,9092.410101573441,0.10983309894800186,1,0.8548629687301571,0.31923045076757994,166,control
3956,664.0,9214.0,665.0898783276884,9213.059696086515,0.10549566894769669,1,1.126561981432377,0.6733887791779379,166,check
3957,601.0,9082.0,602.3999694779528,9081.269937508612,0.15655331313610077,1,1.2964759643012458,0.4513181033183915,166,control
3958,527.0,9295.0,526.9001574017667,9294.570195975975,0.13121122121810913,1,0.32210868423826206,0.46204440107524164,166,control
3959,518.0,9112.0,518.4999898841771,9111.07994744133,0.17368070781230927,1,0.7177969220221552,0.47761100270553764,166,control
3960,516.0,9089.0,517.7999896677948,9088.059873419938,0.1218121275305748,1,1.744169554249824,0.18751863320334122,166,control
3961,546.0,9082.0,545.5199806004412,9081.200055603416,0.15339817106723785,1,0.8510523575660605,0.6647154080452076,166,control
3962,728.0,9262.0,727.1399512850527,9261.560333603777,0.2425825595855713,1,1.0550976669772738,0.5239978901596675,167,control
3963,775.0,9254.0,774.0300328512589,9253.690002137912,0.23466478288173676,1,1.1517017469627424,0.3466668626268837,167,check
3964,692.0,9215.0,692.2600654697461,9214.420131188654,0.22815202176570892,1,0.31853222611469106,0.4623758161604106,167,control
3965,727.0,9226.0,726.8899985774573,9225.009988411803,0.22768983244895935,1,0.7770010985817235,0.2788364414465748,167,control
3966,736.0,9214.0,735.6900676407682,9213.349965085577,0.22610162198543549,1,0.6221733129850122,0.1168292595255971,167,control
3967,724.0,9238.0,723.7098755829318,9237.200079004555,0.22608500719070435,1,0.7095224726376781,0.4692369869151385,167,control
3968,738.0,9234.0,736.8300429088888,9233.62008642479,0.2126501500606537,1,1.35638887077807,0.16556184364939144,167,control
3969,690.0,9232.0,690.3800646543808,9231.400038150303,0.21065650880336761,1,0.3836274696398663,0.3847365415128475,167,control
3970,705.0,9229.0,704.4499634635403,9228.360048740362,0.20841223001480103,1,0.8203471353346431,0.24279324429327598,167,check
3971,711.0,9202.0,710.8999512265275,9201.490096715357,0.2069254219532013,1,0.3709752441738338,0.26387237383297363,167,control
3972,710.0,9212.0,709.3101524271303,9211.630239492042,0.20568346977233887,1,0.8783372440470423,0.3242358967434499,167,control
3973,709.0,9246.0,708.4701263889278,9245.850151478326,0.20488905906677246,1,0.7220954197515248,0.4327669575250007,167,control
3974,672.0,9202.0,672.1799636215637,9201.350020181648,0.20385652780532837,1,0.37886634233572397,0.32376877100508833,167,check
3975,687.0,9242.0,687.4900755854028,9241.300049439009,0.20120182633399963,1,0.5276845421890437,0.46343700798616416,167,control
3976,746.0,9253.0,745.439949537604,9252.459942366864,0.1928677260875702,1,0.7891091004499852,0.15663684483722323,167,control
3977,696.0,9242.0,695.4701494736875,9241.600044996636,0.19030223786830902,1,0.7237069371440551,0.6479249216709757,167,control
3978,668.0,9237.0,668.2598665318013,9236.239925945498,0.18561021983623505,1,0.494464377523034,0.28162049889521895,167,control
3979,755.0,9211.0,754.1201324615332,9210.75000851837,0.18437884747982025,1,1.0623531591818307,0.2608509787353837,167,control
3980,741.0,9287.0,740.800013227123,9286.900084187047,0.17765870690345764,1,0.4170892736544785,0.3573466425087884,167,check
3981,671.0,9213.0,671.3499910742805,9212.190354558987,0.1750805824995041,1,0.5635744980850067,0.791003476335189,167,control
3982,676.0,9284.0,675.9800402385481,9283.650102372085,0.17217305302619934,1,0.2159747033647752,0.2677519500138885,167,control
3983,768.0,9282.0,767.479928698947,9281.69005300799,0.17127469182014465,1,0.7016332519672722,0.19891708472210132,167,control
3984,711.0,9292.0,710.7000394649865,9291.68017853975,0.1669752150774002,1,0.4832748196212426,0.3588398940442797,167,check
3985,799.0,9245.0,798.0000445310925,9244.610104351972,0.16554179787635803,1,1.187108339271595,0.43046156349718556,167,control
3986,725.0,9281.0,724.5195856284945,9279.970173798549,0.16001874208450317,1,1.0067426569920048,0.787150784628756,167,control
3987,758.0,9230.0,757.3600431414943,9229.539825203645,0.1580462008714676,1,0.8436225398962338,0.34576938996480483,167,check
3988,730.0,9207.0,730.0099727225264,9206.290107671295,0.15684938430786133,1,0.4728011300783799,0.21082037458919278,167,control
3989,700.0,9193.0,700.3701111070023,9191.960035629625,0.14943474531173706,1,0.7919540726452778,0.6214307111639588,167,control
3990,685.0,9085.0,685.5800209470143,9084.820060677883,0.14725075662136078,1,0.40380720753203797,0.2677539390598197,167,control
3991,745.0,9262.0,744.6502567789371,9261.590060652636,0.14696171879768372,1,0.5490350415167937,0.6242046121614738,167,control
3992,738.0,9207.0,737.739960044388,9206.369973762303,0.145140141248703,1,0.5708435736107254,0.2133808396302712,167,control
3993,570.0,9342.0,569.7600321109741,9341.720079362074,0.19878211617469788,1,0.4213935844475034,0.15639178889547653,170,control
3994,547.0,9376.0,547.4300436908111,9375.600044098328,0.1317817121744156,1,0.2781683172563876,0.33983135177120644,170,check
3995,661.0,9489.0,661.9099923050247,9488.069990724458,0.10706383734941483,1,0.983289108499716,0.26444522218715244,170,check
3996,617.0,9344.0,616.9299089082608,9343.859995466322,0.15859481692314148,1,0.28451646685614507,0.25572662281711767,170,control
3997,630.0,9381.0,630.4800302809148,9380.760155563014,0.11792964488267899,1,0.30231538612298087,0.2621102867655383,170,control
3998,644.0,9504.0,646.0,9503.0,0.13102729618549347,1,1.9621353396589913,,170,control
3999,546.0,9359.0,546.0201858519576,9359.209890506674,0.13676682114601135,1,0.5120592926309265,0.28764537592212647,170,control
4000,570.0,9309.0,570.7400801687456,9308.169758469545,0.12558412551879883,1,0.7871381432882396,0.9199690851537111,170,control
4001,600.0,9357.0,599.9101134858801,9356.859775398425,0.16891072690486908,1,0.3021779856514216,0.780272067219287,170,control
4002,565.0,9493.0,566.0,9492.0,0.10736216604709625,1,1.0946679924107563,,170,control
4003,562.0,9368.0,562.1500555952218,9367.51011986667,0.1583804488182068,1,0.2162053373112854,0.2595274471613891,170,control
4004,660.0,9367.0,659.6799542966885,9366.580496370974,0.11733312904834747,1,0.520618765595892,0.23385664920756458,170,check
4005,579.0,9366.0,579.1700025205118,9365.949912144308,0.1244412362575531,1,0.22561177444797076,0.5516579455064483,170,control
4006,543.0,9392.0,542.9699472334745,9391.530104243948,0.12348134070634842,1,0.2858047439005939,0.22630946633020982,170,control
4007,632.0,9301.0,632.94004961392,9300.560097846603,0.14479875564575195,1,0.77650605759457,0.7325776428381425,170,control
4008,640.0,9314.0,636.6105987928919,9307.319939895353,0.11180230975151062,0,7.334649491094733,2.210057216497166,170,control
4009,550.0,9485.0,548.2195565284917,9488.109719970418,0.14359082281589508,0,3.9128771974221355,1.9968871364733844,170,check
4010,619.0,9386.0,618.9401584331821,9385.53009441909,0.11814748495817184,1,0.30901158604901197,0.5875958519555025,170,control
4011,640.0,9301.0,640.2300578162423,9300.460022502499,0.11169850826263428,1,0.27121203450315723,0.6346511303484351,170,control
4012,530.0,9384.0,529.9500357545373,9383.6599935861,0.18189775943756104,1,0.23931432548613213,0.18615159279973495,170,control
4013,583.0,9339.0,582.7399073776929,9338.900081175743,0.16686581075191498,1,0.4748650598397924,0.5301232160952714,170,control
4014,556.0,9391.0,556.6299945427667,9390.039961042692,0.11094324290752411,1,0.81832403967979,0.4600979521185714,170,check
4015,639.0,9365.0,638.8797587192047,9364.279994909144,0.15611155331134796,1,0.5376708287324384,0.47285456632310063,170,control
4016,551.0,9324.0,550.8299351461244,9323.640089819026,0.1487092524766922,1,0.36209181873609725,0.16230353311665582,170,control
4017,661.0,9314.0,661.1101565695137,9313.489900946905,0.10682502388954163,1,0.24764212521583573,0.407790018126709,170,control
4018,633.0,9344.0,633.6301086445172,9343.959957448795,0.10834579914808273,1,0.5067174071145023,0.3957625165778607,170,control
4019,591.0,9343.0,487.88963921005296,9477.379893976324,0.1497640758752823,0,169.71077544083388,0.625281297105835,170,control
4020,560.0,9301.0,556.05939239711,9313.689813973962,0.10720869153738022,0,13.604917778182434,2.384972409174801,170,control
4021,545.0,9317.0,544.5499382821745,9316.569954354383,0.18047796189785004,1,0.6509581989286032,0.21108296198496201,170,control
4022,644.0,9386.0,643.8899181254433,9385.739885191242,0.13790754973888397,1,0.28982550542678565,0.16967720694793173,170,check
4023,653.0,9377.0,652.9901288594414,9376.77999488373,0.12175571918487549,1,0.1968684810192947,0.34170420702346427,170,control
4024,628.0,9364.0,628.5000501045455,9363.50994554455,0.1128794327378273,1,0.3859159960976855,0.3370084750929824,170,control
4025,590.0,9366.0,589.8102170062646,9365.939973071518,0.10096334666013718,1,0.42830818920416225,0.4706888627346428,170,control
4026,536.0,9298.0,535.8399212867417,9297.739985558523,0.126632958650589,1,0.34333190681745834,0.2760288523269572,170,control
4027,717.0,9416.0,716.8399360777094,9415.599985092647,0.2941616177558899,1,0.3610277764699283,0.20202433537453887,171,check
4028,698.0,9502.0,698.4699971798306,9501.009944038899,0.2723650634288788,1,0.7739009001485857,0.2511481506885759,171,control
4029,708.0,9473.0,708.8799756176103,9472.290199586594,0.2692149877548218,1,0.8277512717186941,0.5130421727120782,171,control
4030,726.0,9392.0,725.2501228037236,9391.940339834406,0.25471940636634827,1,0.9521460287405318,0.3746442314970299,171,control
4031,737.0,9398.0,736.6301445654387,9397.619956317383,0.23358914256095886,1,0.5583733016608441,0.16538191930495488,171,control
4032,684.0,9308.0,683.6600234844138,9307.83017481291,0.23290260136127472,1,0.5307526915578561,0.3847918087265304,171,check
4033,792.0,9323.0,791.9700666177135,9322.400100483666,0.22956915199756622,1,0.3908036767474763,0.4874552623398015,171,control
4034,692.0,9388.0,692.749961292352,9387.390080535122,0.2275126427412033,1,0.6631961117205775,0.674931974889098,171,control
4035,775.0,9485.0,774.0,9485.0,0.22677166759967804,1,1.2064649954307212,,171,check
4036,689.0,9469.0,689.0,9468.0,0.2234988957643509,1,0.7471964340652051,,171,control
4037,690.0,9411.0,689.7599463764717,9410.499976307896,0.22100681066513062,1,0.47578001333291653,0.2677094632665394,171,check
4038,722.0,9452.0,722.1900504458407,9451.560124259046,0.22038616240024567,1,0.16738322204487627,0.3601249955802199,171,control
4039,749.0,9359.0,748.5799130260604,9358.80995832252,0.22032524645328522,1,0.6043273619260144,0.47002625532944997,171,control
4040,714.0,9399.0,714.6599756256387,9398.21996481117,0.21760237216949463,1,0.6997432806789747,0.3005551789082281,171,control
4041,731.0,9504.0,731.6100684310513,9503.339956600319,0.21605369448661804,1,0.5816954551596139,0.37481237463127964,171,control
4042,800.0,9311.0,801.0,9311.0,0.21581856906414032,1,0.8637869040584283,,171,control
4043,726.0,9486.0,726.5100714259656,9485.340051685112,0.21435511112213135,1,0.5109924255252701,0.14540829864525584,171,control
4044,790.0,9492.0,790.4500597630197,9491.48015146177,0.2114357054233551,1,0.3703545721558033,0.7459031932244201,171,control
4045,701.0,9409.0,700.9199629145558,9408.380098462307,0.20651952922344208,1,0.43243368180198505,0.25768760220543535,171,control
4046,774.0,9344.0,773.3101468282629,9343.620028159226,0.2043239176273346,1,0.8755603365808218,0.2155001669510561,171,control
4047,669.0,9361.0,668.6898441378265,9360.560289389063,0.20044419169425964,1,0.517396677029258,0.3791231699378172,171,control
4048,723.0,9337.0,723.0,9335.0,0.19051489233970642,1,1.7377636643296517,,171,control
4049,675.0,9513.0,676.0500499799651,9512.560109468077,0.18904170393943787,1,0.8895759067078258,0.39087657565146583,171,check
4050,700.0,9452.0,700.6500328014267,9451.710067707321,0.188538059592247,1,0.4732273757172631,0.4196675735453131,171,control
4051,719.0,9476.0,719.980067707488,9475.390101506888,0.18657879531383514,1,0.8714033082660433,0.3282779024348567,171,check
4052,696.0,9300.0,694.7500320776973,9299.720078305576,0.18512900173664093,1,1.4308660705424001,0.35209611461104035,171,control
4053,726.0,9464.0,724.9899504695212,9463.500106257112,0.18278725445270538,1,1.2080293743661894,0.5685370791109474,171,check
4054,678.0,9503.0,678.9098783614637,9502.180100067955,0.1807454526424408,1,0.914129757093825,0.28183513220606266,171,check
4055,685.0,9346.0,683.9999622824622,9346.420212697165,0.17827661335468292,1,1.3682932402304988,0.6423564633372452,171,control
4056,683.0,9394.0,683.2100726988458,9394.350125673227,0.17436116933822632,1,0.6241718224046118,0.6076432046840374,171,control
4057,726.0,9408.0,723.410013144014,9407.92014869996,0.1732538342475891,0,2.7745555472160435,0.5737390561048819,171,control
4058,734.0,9323.0,733.0298828285869,9323.11000686322,0.16696421802043915,1,1.2114702337618302,0.7399109859035763,171,control
4059,754.0,9299.0,754.0600721996934,9298.350109825762,0.16658298671245575,1,0.3981032157429547,0.32667382042168075,171,control
4060,687.0,9500.0,688.1999914734364,9499.150232928645,0.16376137733459473,1,1.1744739320788928,0.35353452810514147,171,control
4061,676.0,9486.0,676.8000640972016,9485.450188339359,0.16337516903877258,1,0.6815624139379346,0.212414190896803,171,control
4062,738.0,9299.0,738.1599306453921,9298.629913350635,0.16137534379959106,1,0.10143890214738609,0.3785904632391986,171,control
4063,763.0,9322.0,762.9599398047138,9321.600103420387,0.16116859018802643,1,0.25489539539556777,0.502125909352686,171,control
4064,682.0,9357.0,682.3099100145907,9356.829929863636,0.15970385074615479,1,0.1659153979252489,0.36682036360106796,171,control
4065,737.0,9478.0,738.0700412781582,9477.579900348088,0.15931473672389984,1,0.9060769887556208,0.30195756609965513,171,control
4066,691.0,9402.0,690.790054080877,9401.449870333554,0.15747253596782684,1,0.4770272866922557,0.3815315774635662,171,control
4067,774.0,9493.0,774.0,9485.0,0.15532280504703522,0,7.729824018739773,,171,control
4068,671.0,9444.0,671.3800592137028,9443.419932567087,0.15486469864845276,1,0.366809613532976,0.32752490979559445,171,control
4069,533.0,9662.0,533.9199979371691,9661.080203113772,0.11382214725017548,1,0.9826030417821622,0.2998062379405424,174,control
4070,529.0,9735.0,620.0,9540.0,0.06393736600875854,0,214.86323448769454,,174,control
4071,607.0,9711.0,607.0200945694166,9710.200316400156,0.09013473987579346,1,0.5423335485494863,0.5986537855472293,174,control
4072,646.0,9635.0,547.0,9464.0,0.0865238606929779,0,197.44012554833822,,174,control
4073,630.0,9737.0,630.2800930052397,9736.160132436451,0.09731479734182358,1,0.5715774927548981,0.7815997477381058,174,control
4074,529.0,9648.0,455.0,9517.0,0.06657510995864868,0,150.29997382373705,,174,control
4075,619.0,9577.0,381.0,9842.0,0.05043672025203705,0,356.5142943570544,,174,control
4076,534.0,9629.0,547.0,9464.0,0.05441836267709732,0,165.22077489147065,,174,control
4077,590.0,9710.0,587.0,9710.0,0.09146508574485779,0,3.184483253076551,,174,control
4078,587.0,9723.0,587.0801736900254,9722.39010874418,0.050444651395082474,1,0.3427122446722214,0.3072847370548835,174,control
4079,652.0,9713.0,473.0,9433.0,0.0544249564409256,0,332.1889755101776,,174,check
4080,597.0,9594.0,360.0,9765.0,0.059147730469703674,0,292.55795644020435,,174,check
4081,630.0,9600.0,528.0,9430.0,0.05209299921989441,0,198.10712747450108,,174,control
4082,572.0,9643.0,455.0,9712.0,0.05137334391474724,0,136.1242011943306,,174,check
4083,587.0,9702.0,582.9500491726283,9700.469781654301,0.09448233246803284,0,4.4037657538245005,2.0710259466194705,174,control
4084,611.0,9611.0,528.0,9430.0,0.0537799708545208,0,198.9459678840427,,174,control
4085,592.0,9617.0,514.0,9676.0,0.05103662982583046,0,98.10905536169605,,174,control
4086,641.0,9658.0,442.0,9840.0,0.1009381115436554,0,269.99392542958196,,174,control
4087,741.0,9720.0,726.0,9486.0,0.10766863077878952,0,234.2188203662594,,175,control
4088,701.0,9522.0,702.1900080277435,9520.930019840518,0.22198083996772766,1,1.289369499867495,0.3670928735444409,175,control
4089,710.0,9666.0,710.3300023128224,9665.020140580746,0.1710357964038849,1,0.7214714661663542,0.24750086554585046,175,control
4090,718.0,9561.0,717.0,9562.0,0.11181335896253586,1,1.7329492717798216,,175,check
4091,792.0,9528.0,792.2498421990775,9527.469925654366,0.16556023061275482,1,0.2687221392623187,0.2647015165266541,175,check
4092,702.0,9628.0,702.6500889539939,9627.21017169325,0.10158507525920868,1,0.7015558742850092,0.33718868847788847,175,control
4093,718.0,9630.0,718.680218104732,9629.02027655257,0.1094730943441391,1,0.8683018434449925,0.43887407935648565,175,control
4094,693.0,9534.0,693.9198569484076,9533.31989029079,0.15879493951797485,1,0.8478703835031624,0.22219822835815725,175,check
4095,774.0,9534.0,774.5799799017939,9533.240167725278,0.1254284530878067,1,0.6339736124205704,0.4334214383607565,175,control
4096,701.0,9672.0,701.540039989055,9670.67016160251,0.1156652569770813,1,1.1161183407210502,0.7101682383993168,175,control
4097,668.0,9527.0,669.0100626321906,9526.24947031189,0.10153409838676453,1,0.9602726523509629,0.6631103752488398,175,control
4098,692.0,9713.0,692.2200093422612,9711.950128726334,0.10462360829114914,1,0.7744528128333455,0.328702782398905,175,control
4099,733.0,9528.0,733.8099690456863,9527.350192390772,0.1322232037782669,1,0.738159134003013,0.7911068291821393,175,control
4100,690.0,9556.0,690.899937333868,9555.589991398356,0.10113685578107834,1,0.7377102148573653,0.4430299596881741,175,control
4101,771.0,9664.0,779.6705059133956,9557.390583693574,0.1279708445072174,0,106.67543232267336,7.15047395746047,175,control
4102,590.0,9949.0,590.099957332742,9948.470223428525,0.12289459258317947,1,0.25611351328766374,0.5069188796465304,178,control
4103,657.0,9956.0,657.2300570761237,9955.530234034974,0.10231239348649979,1,0.1996897747045056,0.6285370080912721,178,control
4104,626.0,9749.0,625.760081924555,9748.280183547662,0.14970989525318146,1,0.6024442206259093,0.30528433744791117,178,control
4105,600.0,9922.0,592.220187839542,9921.039382822077,0.10766952484846115,0,7.97570482080458,1.5820193327471357,178,control
4106,644.0,9763.0,644.5199953914088,9762.060055137541,0.11569348722696304,1,0.7480021619859323,0.4335972604933733,178,check
4107,665.0,9945.0,664.589942166704,9944.439641198467,0.10170267522335052,1,0.6399730760671754,0.3914501344818639,178,control
4108,672.0,9911.0,672.0799481814487,9910.429798583347,0.109019435942173,1,0.3028188839886325,0.5508811181836512,179,control
4109,670.0,9899.0,669.5499637963086,9898.360059305338,0.11042730510234833,1,0.7140471293157633,0.21529176525337543,179,control
4110,678.0,9858.0,677.0001565198477,9857.55010082463,0.15200728178024292,1,1.1797338035694032,0.2683636227997274,179,control
4111,691.0,9924.0,690.2399279003032,9923.690027652046,0.15840794146060944,1,0.9262580961442419,0.3003218592418745,179,check
4112,721.0,9781.0,624.0496103187364,9919.690017561637,0.1016814187169075,0,169.5426729889491,2.414322816406859,179,control
4113,795.0,9884.0,792.0,9884.0,0.1299617886543274,0,3.1774647492587365,,179,control
4114,604.0,10040.0,637.0,9952.0,0.05621157959103584,0,93.66249196615148,,182,check
4115,631.0,10094.0,692.0,9908.0,0.06418370455503464,0,195.43004598829296,,182,control
4116,658.0,10159.0,636.0,9924.0,0.05548924207687378,0,235.7633606920885,,182,control
4117,646.0,10057.0,584.3099866643536,9948.009610185629,0.05564208701252937,0,125.07442628087739,1.7688396459539077,182,control
4118,540.0,9993.0,457.0,10119.0,0.050547584891319275,0,151.2111892989294,,182,check
4119,652.0,10071.0,590.0,9972.0,0.07037428021430969,0,116.66055450688766,,182,control
4120,541.0,10068.0,456.0,10078.0,0.05852825939655304,0,85.78389466220297,,182,control
4121,541.0,10068.0,457.0,10119.0,0.05264468118548393,0,98.55954679179993,,182,control
4122,592.0,9971.0,591.9601544319345,9970.600202414791,0.055523429065942764,1,0.23664515384090043,1.0321748690827408,182,control
4123,642.0,9977.0,641.0,9978.0,0.0628553107380867,1,1.7319063550097487,,182,check
4124,582.0,9979.0,582.5700814504848,9978.310269223806,0.054323095828294754,1,0.5735741650204975,1.3612954869747886,182,control
4125,641.0,10044.0,606.6099679055812,9898.259854012018,0.05073244869709015,0,149.50740313865313,1.247933435216454,182,control
4126,584.0,9988.0,584.7702496245856,9987.629967813946,0.08200401067733765,1,0.6110377848808057,0.5770710790643517,182,control
4127,629.0,10143.0,767.0,10153.0,0.050287485122680664,0,138.22371466607675,,182,control
4128,559.0,10045.0,572.0,9946.0,0.06195611134171486,0,99.54786137702935,,182,control
4129,548.0,10035.0,457.0,10119.0,0.05112435296177864,0,124.15825069948622,,182,control
4130,588.0,10001.0,769.0,10222.0,0.06378118693828583,0,285.7787815974433,,182,control
4131,586.0,9963.0,588.0,9948.0,0.05968436598777771,0,14.831327131655012,,182,check
4132,608.0,10003.0,609.5998512338189,10002.490279647647,0.061578165739774704,1,1.4529450406410558,0.9852046140417241,182,control
4133,663.0,10012.0,378.0,10264.0,0.07914960384368896,0,380.74656599332815,,182,control
4134,617.0,10048.0,603.0,9942.0,0.06936758011579514,0,106.66291174490546,,182,control
4135,771.0,10030.0,771.1200502129029,10029.56011686356,0.11056680977344513,1,0.16628985742898306,0.3244718030721012,183,check
4136,743.0,10128.0,743.9600149742394,10126.920206807332,0.13950303196907043,1,1.130578889650186,0.4150525998936999,183,control
4137,812.0,10132.0,812.0,10129.0,0.1211097240447998,1,2.7254177517058524,,183,check
4138,754.0,10086.0,754.8400776483999,10085.259980633551,0.11103667318820953,1,0.8202221313461925,0.28812423730319936,183,control
4139,795.0,10131.0,796.0,10134.0,0.10539189726114273,0,3.3857381243038502,,183,control
4140,786.0,10179.0,787.0300256139645,10177.790108120449,0.19270624220371246,1,1.2742846547706261,0.2881432343899792,183,control
4141,782.0,10112.0,781.8801284933963,10111.779983262255,0.1120515987277031,1,0.2861346931503279,0.7024453357118154,183,control
4142,812.0,10175.0,811.9699828380169,10174.129891613336,0.21548835933208466,1,0.6195510289682411,0.4126359408013072,183,control
4143,751.0,9964.0,750.680040296741,9963.640070643878,0.11898952722549438,1,0.49069686535575147,0.19776450404141505,183,control
4144,804.0,10117.0,802.0,10117.0,0.13860777020454407,1,2.177570115923299,,183,check
4145,813.0,10160.0,812.2599468256258,10159.479923416458,0.1936240941286087,1,0.930092289679672,0.39290655363105,183,control
4146,787.0,10168.0,788.0400150822645,10166.890109509715,0.12831082940101624,1,1.2104730660080738,0.2879780117337282,183,control
4147,706.0,10032.0,706.3000117214712,10031.930137111762,0.11297855526208878,1,0.2514533090404121,0.428536609694525,183,control
4148,731.0,10094.0,731.4600425759544,10093.579941551498,0.11911799758672714,1,0.32986861775135656,0.40389203281459635,183,control
4149,801.0,10171.0,786.1598609165445,10145.289915546904,0.10347411036491394,0,29.52393146857216,3.730320842654935,183,control
4150,684.0,9976.0,684.6398866550895,9975.029859743827,0.11023632436990738,1,0.8376656420990987,0.6884923808355714,183,control
4151,796.0,10003.0,795.0,10005.0,0.11059848219156265,0,2.557530551122181,,183,control
4152,799.0,10051.0,802.0,10117.0,0.1507720798254013,0,66.3401645796391,,183,control
4153,738.0,10235.0,738.1199656930877,10234.360119525707,0.131062850356102,1,0.3594993873901189,0.30236860195998994,187,check
4154,818.0,10202.0,817.349793932952,10201.929937750077,0.10646083205938339,1,0.8343668168878978,0.7233138933358843,187,control
4155,809.0,10204.0,809.3800563605888,10203.510144166117,0.17839664220809937,1,0.30583120391143853,0.30392700170068127,187,control
4156,760.0,10202.0,760.4095917596251,10200.940267727014,0.10915656387805939,1,0.8179830064492342,0.5770388635485737,187,control
4157,745.0,10201.0,745.819896022433,10200.01008999377,0.10106819123029709,1,0.9691704043827012,0.3171890994240072,187,control
4158,681.0,10540.0,680.8399464844967,10539.46987901028,0.1509443074464798,1,0.394279948153054,0.5315370200476525,191,control
4159,780.0,10613.0,781.5698391961348,10611.540065345,0.11402149498462677,1,1.8440504372787931,0.3520186838219945,191,control
4160,832.0,10420.0,839.029933856855,10671.690216765131,0.1024656817317009,0,252.06955695180665,0.8240299600770308,191,control
4161,704.0,10597.0,703.1199655348981,10596.330013776107,0.1022094339132309,1,1.097844744517462,0.8317972261040816,191,control
4162,757.0,10587.0,757.9500022629903,10586.040206150157,0.12263154983520508,1,1.046815427093606,0.4624044699330857,191,check
4163,713.0,10438.0,625.6200897524715,10449.17006274088,0.14696402847766876,0,88.28027570882801,0.9696518249367783,191,control
4164,823.0,10784.0,823.2999863655266,10783.170137910405,0.10122162103652954,1,0.5650158419377186,0.48936446316058047,195,check
4165,737.0,10722.0,591.0,10665.0,0.11600698530673981,0,156.76528345666884,,195,control
4166,764.0,10684.0,693.5801206815369,10832.749634518186,0.05470419302582741,0,164.9007365143614,2.71622719157461,195,control
4167,676.0,10799.0,787.0,10511.0,0.07513824850320816,0,308.3307467810351,,195,control
4168,828.0,10762.0,834.6095041030952,10741.649868620545,0.05063232406973839,0,21.079886040976486,1.6477851571159234,195,control
4169,709.0,10717.0,602.0,10851.0,0.0865594819188118,0,171.7980314583719,,195,control
4170,784.0,10781.0,783.9600199911778,10780.030735422222,0.06250157952308655,1,0.7055657515348499,0.787194905932015,195,control
4171,744.0,10795.0,671.0,10525.0,0.09118642657995224,0,279.4564107438014,,195,control
4172,673.0,10830.0,782.0,10654.0,0.06972330808639526,0,206.6985186247832,,195,control
4173,823.0,10669.0,673.6307262210976,10942.019620733054,0.050860028713941574,0,311.53323737412427,5.050753911065816,195,check
4174,823.0,10669.0,822.0,10670.0,0.0659508928656578,1,1.7221949707768431,,195,control
4175,834.0,10819.0,826.7701034041647,10724.140395437822,0.08102978020906448,0,94.86041251694968,1.3041256986087608,195,control
4176,794.0,10755.0,793.0,10754.0,0.08561385422945023,1,1.347870417094034,,195,control
4177,781.0,10689.0,628.0,10794.0,0.05918443202972412,0,185.84901331953213,,195,control
4178,776.0,10821.0,743.0,10893.0,0.05663051828742027,0,79.52516808404393,,195,control
4179,816.0,10708.0,777.0,10780.0,0.06147943437099457,0,82.20589246044108,,195,control
4180,790.0,10773.0,790.1001988469735,10772.310638839808,0.05265747755765915,1,0.40395599998329423,0.5915223642247824,195,control
4181,800.0,10729.0,801.0,10650.0,0.05691064894199371,0,78.71865473280208,,195,control
4182,804.0,10753.0,804.7999697525281,10752.279979801797,0.09770502150058746,1,0.7858990425372446,0.5536587526803636,195,check
4183,853.0,10810.0,837.9002227464339,10706.920088163213,0.062322113662958145,0,103.91837660322564,1.2990959616027073,195,control
4184,727.0,10820.0,811.5296045205401,10645.760068506464,0.05983716994524002,0,193.34060224477435,2.211434920617149,195,control
4185,854.0,10826.0,851.0,10738.0,0.052981141954660416,0,87.7704781851338,,195,check
4186,762.0,10707.0,578.0,10919.0,0.05422009155154228,0,281.029580295995,,195,control
4187,845.0,10624.0,855.0,10861.0,0.06965404003858566,0,237.49200942409357,,195,control
4188,845.0,10624.0,834.0,10645.0,0.060109756886959076,0,24.026970615312038,,195,control
4189,746.0,10670.0,750.0,10851.0,0.0576786994934082,0,181.33075293693517,,195,control
4190,765.0,10729.0,720.0,10506.0,0.07511415332555771,0,227.24452713627113,,195,control
4191,754.0,10660.0,763.0,10860.0,0.06757640838623047,0,200.48529224958313,,195,control
4192,736.0,10627.0,623.9398740771139,10844.189997620957,0.05076538398861885,0,244.72126887950347,0.7348630583596752,195,check
4193,679.0,10841.0,782.0,10654.0,0.057428061962127686,0,213.1683265956417,,195,check
4194,711.0,10815.0,579.0,10555.0,0.06772693246603012,0,291.398749722133,,195,control
4195,732.0,10662.0,784.0,10529.0,0.06498082727193832,0,142.48421440185845,,195,control
4196,702.0,10681.0,787.0,10635.0,0.07317712903022766,0,96.3834553761547,,195,control
4197,805.0,10636.0,664.0602762111082,10784.22946887246,0.05135106295347214,0,204.84926799615891,1.9773801934665094,195,control
4198,805.0,10636.0,782.0,10654.0,0.051318105310201645,0,29.498572994017398,,195,control
4199,836.0,10633.0,836.7200126953583,10632.06060451634,0.061905376613140106,1,0.8701919199124171,0.8461711141276365,195,control
4200,841.0,10780.0,810.0,10935.0,0.06409979611635208,0,158.38065614150733,,195,check
4201,842.0,10732.0,822.1603518715915,10682.579688573982,0.051523249596357346,0,53.043389127806456,1.89571230040208,195,control
4202,836.0,10793.0,819.1006503443979,10688.689461318454,0.058743443340063095,0,105.41169863573194,4.139891303406778,195,control
4203,725.0,10791.0,551.0,10506.0,0.09757265448570251,0,333.74983779811396,,195,check
4204,725.0,10791.0,657.0,10505.0,0.11436591297388077,0,293.72811720680636,,195,control
4205,743.0,10751.0,703.0,10570.0,0.06579943001270294,0,185.1190316597709,,195,control
4206,704.0,10736.0,766.0,10591.0,0.05098216235637665,0,157.37766342633213,,195,control
4207,731.0,10802.0,657.0,10505.0,0.08683750778436661,0,305.8377029232696,,195,control
4208,722.0,10953.0,723.3800685639925,10952.299826517996,0.12358714640140533,1,1.3054903746947621,0.6372525342594411,199,check
4209,714.0,10975.0,714.5200036852008,10973.949949121727,0.17981183528900146,1,0.8479885240118733,0.45996320869225243,199,control
4210,692.0,10969.0,692.2196970426845,10967.7797155446,0.10891317576169968,1,0.9311130594939447,1.291772137700927,199,control
4211,728.0,10980.0,729.4001279526063,10978.769932517089,0.1197422444820404,1,1.5715263917000404,0.6736864545693121,199,control
4212,712.0,10961.0,713.1601442161151,10959.640012378315,0.12803269922733307,1,1.4768775814723472,1.1436011765275043,199,control
4213,706.0,10986.0,706.0200939366586,10985.079893401758,0.1788587123155594,1,0.6389241283606081,0.6062623049825839,199,control
4214,744.0,11187.0,743.7299262031851,11186.689973770663,0.16096627712249756,1,0.40456520324594725,0.711785027763654,203,control
4215,681.0,11171.0,682.3602784749291,11170.470346564187,0.12559843063354492,1,1.2471555020689284,0.5018182933761862,203,control
4216,687.0,11213.0,688.3500773907122,11212.310140331087,0.18317043781280518,1,1.278133537988354,0.3379567661323397,203,check
4217,806.0,11110.0,806.0399749353522,11110.270110774234,0.12106238305568695,1,0.5697007197806642,0.893324267615001,203,control
4218,697.0,11084.0,696.0,11079.0,0.114738829433918,0,4.84163181106475,,203,control
4219,759.0,11166.0,760.0,11165.0,0.13566583395004272,1,1.1173245579187272,,203,check
4220,726.0,11207.0,728.1799000735127,11205.919916428657,0.16721704602241516,1,2.191580045581161,0.5828542471262175,203,control
4221,692.0,11111.0,693.7501119477821,11111.090498808211,0.10887894779443741,1,1.6587244497140314,1.036480593394392,203,control
4222,679.0,11155.0,676.0,11151.0,0.12507480382919312,0,4.8537611824955,,203,check
4223,789.0,11261.0,789.8798876119229,11259.059990849371,0.10953302681446075,1,1.8081949227378336,0.6900116438606746,203,control
4224,754.0,11223.0,754.3199556354577,11222.430035238829,0.13426774740219116,1,0.3330525360134959,0.46439776166865826,203,check
4225,686.0,11077.0,687.0700877640566,11076.139898883908,0.1004391461610794,1,1.0908671053170496,0.562644107189015,203,control
4226,689.0,11252.0,692.0,11252.0,0.18402118980884552,1,2.88202969363984,,203,control
4227,756.0,11214.0,757.0898658079057,11213.209802235437,0.10057371854782104,1,1.0775321060138403,0.6593807895638116,203,control
4228,722.0,11198.0,726.2802571861213,11202.479704246867,0.13251353800296783,0,6.323442142059771,1.9915178746117093,203,control
4229,693.0,11283.0,693.990071226637,11282.420313962753,0.11434895545244217,1,0.903180952921076,0.4481473627844055,203,check
4230,749.0,11283.0,750.4599358696877,11282.589944912457,0.10191790759563446,1,1.3331554920662418,1.5109102820050015,203,control
4231,746.0,11200.0,746.9000526503058,11199.530093520782,0.14196078479290009,1,0.7861368751152757,0.22591855560325114,203,control
4232,778.0,11271.0,781.6400641467015,11270.34985415332,0.101004458963871,0,3.526418530290135,1.0841199582396197,203,control
4233,710.0,11183.0,711.6000706689595,11182.350061226867,0.2612973749637604,1,1.5078187516537198,0.6161018760709847,203,control
4234,749.0,11274.0,750.3996202517859,11273.670265772042,0.11174806207418442,1,1.2681295582886152,0.584843866970758,203,control
4235,705.0,11112.0,706.2901374114196,11111.740132095321,0.12985973060131073,1,1.1541719033517743,0.7083242808533359,203,control
4236,826.0,11129.0,828.1802546329972,11127.69032827932,0.11645744740962982,1,2.285178284265809,1.0699043997772706,203,control
4237,797.0,11232.0,797.5801699131887,11231.41005598585,0.12182159721851349,1,0.537120101649708,0.39673849232322844,203,control
4238,691.0,11163.0,691.6500477505839,11162.600172991046,0.18767260015010834,1,0.5252035986654574,0.349506264260151,203,control
4239,762.0,11308.0,690.0,11599.0,0.05253605917096138,0,300.0965584782092,,207,control
4240,799.0,11429.0,714.8899262610457,11490.599673425828,0.058983609080314636,0,104.53367180505737,3.679946485081964,207,check
4241,734.0,11320.0,734.9799522328608,11319.419893634862,0.06529323756694794,1,0.8952230613805598,0.3635968133573962,207,check
4242,668.0,11378.0,631.8596051949359,11584.890526402563,0.05553927272558212,0,210.34225220075643,1.845548014436876,207,control
4243,700.0,11377.0,655.0901360057644,11461.810322497844,0.06850174814462662,0,96.29206010356077,2.022812950654274,207,control
4244,763.0,11346.0,703.0,11553.0,0.06770777702331543,0,215.84304197468,,207,control
4245,838.0,11343.0,827.6398202539245,11385.689967589868,0.054520413279533386,0,44.245545409301116,0.7519694630493555,207,control
4246,693.0,11309.0,693.950061426861,11308.480204286654,0.05043170228600502,1,0.8480951044227363,0.6280423791103554,207,control
4247,748.0,11442.0,738.3592267851586,11498.33006242583,0.06103135645389557,0,57.46428115936663,3.4083494305843813,207,control
4248,731.0,11487.0,784.0,11583.0,0.07190830260515213,0,109.85978014724859,,207,control
4249,852.0,11503.0,821.0,11608.0,0.06731347739696503,0,109.80061177647738,,207,control
4250,744.0,11295.0,745.2499460522303,11294.550133892437,0.10244893282651901,1,1.1290493052713688,0.8067570332862813,207,control
4251,851.0,11431.0,840.1099034846366,11420.980226182142,0.06262519210577011,0,14.69562042278869,3.1454178752595654,207,control
4252,851.0,11431.0,848.0,11490.0,0.10351548343896866,0,59.37756889817005,,207,control
4253,759.0,11329.0,784.0,11179.0,0.05071883648633957,0,151.75811009660129,,207,control
4254,829.0,11472.0,830.7005314765312,11471.959951533549,0.06513559818267822,1,1.5949858465095341,0.971212171797439,207,control
4255,808.0,11479.0,807.8599794606683,11478.189985841293,0.056922100484371185,1,0.5788135838275945,0.3356678127697525,207,control
4256,840.0,11482.0,812.0,11589.0,0.05729551985859871,0,110.9218429797332,,207,control
4257,704.0,11463.0,690.0,11576.0,0.059218630194664,0,114.1773008562343,,207,control
4258,827.0,11361.0,808.0,11478.0,0.05456700176000595,0,118.84521311928661,,207,control
4259,836.0,11408.0,833.0,11401.0,0.05849312245845795,0,7.399112217472161,,207,check
4260,716.0,11423.0,685.0,11527.0,0.052608672529459,0,108.84526185208495,,207,check
4261,697.0,11292.0,604.0,11511.0,0.05283736065030098,0,238.25607854838373,,207,control
4262,818.0,11345.0,646.8795125552429,11523.610002662645,0.06117616221308708,0,247.65853626146682,4.25594247921728,207,control
4263,772.0,11456.0,776.0,11545.0,0.05026081204414368,0,89.38173105409642,,207,control
4264,816.0,11309.0,816.8399772811193,11308.20998379485,0.09939225763082504,1,0.8659767189905283,0.45955278539323263,207,check
4265,804.0,11306.0,805.9202203836131,11304.879878843562,0.06861958652734756,1,1.9711787923643473,0.6040744646433248,207,control
4266,750.0,11418.0,701.0,11539.0,0.050183430314064026,0,130.86990093644647,,207,control
4267,688.0,11431.0,646.0,11591.0,0.05685219541192055,0,165.74411340218074,,207,control
4268,837.0,11442.0,828.0,11438.0,0.07360085099935532,0,9.850292426098164,,207,check
4269,842.0,11451.0,828.0,11438.0,0.09066599607467651,0,18.9996427669412,,207,check
4270,768.0,11494.0,700.0,11592.0,0.050458427518606186,0,119.59894411202028,,207,control
4271,847.0,11419.0,809.0,11464.0,0.0692942664027214,0,59.20603020944221,,207,control
4272,855.0,11461.0,853.0,11452.0,0.08215641975402832,0,8.961264508994788,,207,control
4273,831.0,11349.0,685.0,11527.0,0.06578317284584045,0,230.52930829151111,,207,control
4274,774.0,11568.0,685.0,11527.0,0.06637822091579437,0,97.9799175763751,,211,control
4275,761.0,11534.0,647.1300976303862,11518.080010673002,0.05012275278568268,0,115.06226909326328,1.7432269067838104,211,control
4276,845.0,11512.0,828.0,11568.0,0.0641443282365799,0,58.84339111925902,,211,control
4277,814.0,11604.0,812.0,11589.0,0.05078615993261337,0,14.85519467365046,,211,control
4278,816.0,11711.0,817.0,11822.0,0.07753816246986389,0,111.30362999903957,,211,control
4279,824.0,11589.0,824.0,11516.0,0.06361890584230423,0,72.70394489227208,,211,check
4280,669.0,11541.0,665.0,11519.0,0.07986197620630264,0,22.088883752422223,,211,check
4281,819.0,11574.0,813.0,11575.0,0.05263936147093773,0,6.25970686592194,,211,control
4282,667.0,11567.0,664.0,11579.0,0.05408061295747757,0,12.691739724931423,,211,control
4283,667.0,11567.0,685.0,11527.0,0.05683128535747528,0,43.53817820435801,,211,control
4284,734.0,11540.0,654.0,11524.0,0.061040040105581284,0,81.65060408092026,,211,control
4285,831.0,11529.0,812.0,11589.0,0.10193312913179398,0,63.257253967947115,,211,control
4286,716.0,11582.0,568.1702758370346,11618.29969202641,0.06568682938814163,0,152.41603530035601,1.7737686846849026,211,control
4287,715.0,11708.0,654.0,11487.0,0.08769325911998749,0,229.0090315561691,,211,check
4288,827.0,11539.0,826.6899940023089,11538.110178914154,0.07805486023426056,1,0.7355480445446665,0.5865892034454409,211,check
4289,758.0,11593.0,698.0,11678.0,0.09818356484174728,0,104.36018265495193,,211,control
4290,832.0,11564.0,828.0,11568.0,0.06830070167779922,0,5.955465757055061,,211,control
4291,820.0,11623.0,842.0,11471.0,0.05120673403143883,0,153.27370478206691,,211,control
4292,830.0,11575.0,828.0,11568.0,0.06419984996318817,0,7.031690841065115,,211,control
4293,800.0,11718.0,774.0,11717.0,0.05466726794838905,0,26.130226862742212,,211,control
4294,821.0,11611.0,839.0,11481.0,0.056779175996780396,0,130.93043982660723,,211,check
4295,768.0,11678.0,608.8599245736174,11491.930727852161,0.05493796989321709,0,244.69624448916335,2.5790165056860803,211,control
4296,790.0,11591.0,627.0,11581.0,0.060817573219537735,0,163.41402956990288,,211,control
4297,796.0,11620.0,702.0,11703.0,0.053775519132614136,0,125.69049414475005,,211,control
4298,820.0,11686.0,817.0,11622.0,0.05812526494264603,0,63.77883844213553,,211,control
4299,770.0,11592.0,730.0,11680.0,0.05789277330040932,0,96.98853587697783,,211,control
4300,828.0,11877.0,812.0,11738.0,0.07505173981189728,0,139.63437394328116,,215,control
4301,715.0,11836.0,820.0,11895.0,0.06481717526912689,0,120.48764849504934,,215,control
4302,691.0,11869.0,753.0,11881.0,0.07611919939517975,0,63.093921989917156,,215,control
4303,691.0,11869.0,768.0,11852.0,0.07398732006549835,0,78.6748565689138,,215,control
4304,700.0,11766.0,706.0,11664.0,0.05051518604159355,0,101.86878691835967,,215,control
4305,752.0,11797.0,657.0,11672.0,0.07434151321649551,0,156.83751900312478,,215,control
4306,668.0,11761.0,794.0,11690.0,0.06820672750473022,0,144.37479489209713,,215,control
4307,810.0,11801.0,648.0,11792.0,0.05071012303233147,0,162.3536395911592,,215,control
4308,818.0,11854.0,819.0699303459007,11852.629903842155,0.05695877969264984,1,1.4325648453088233,0.8408905522076692,215,control
4309,710.0,11760.0,699.0,11815.0,0.08155170828104019,0,56.409703164324654,,215,control
4310,773.0,11834.0,667.0,11873.0,0.0642148032784462,0,113.16335726239731,,215,control
4311,692.0,11791.0,797.0,11825.0,0.057471875101327896,0,110.34847282834586,,215,control
4312,825.0,11844.0,813.0,11702.0,0.07484857738018036,0,142.21870075124153,,215,control
4313,666.0,11869.0,743.0,11867.0,0.07266590744256973,0,76.90117059359758,,215,control
4314,666.0,11869.0,667.0,11873.0,0.05987171828746796,0,4.39379157778122,,215,control
4315,811.0,11891.0,795.0,11756.0,0.05090184137225151,0,135.66124220507305,,215,control
4316,690.0,11857.0,768.0,11852.0,0.06133231520652771,0,78.02396219182631,,215,control
4317,701.0,11872.0,775.0,11804.0,0.05034535378217697,0,100.20782683522319,,215,control
4318,667.0,11882.0,727.0,11648.0,0.08831606805324554,0,241.24852614867316,,215,check
4319,810.0,11836.0,790.0,11868.0,0.05639724060893059,0,38.05351691081427,,215,control
4320,698.0,11859.0,768.0,11852.0,0.05114401876926422,0,70.20266255581478,,215,control
4321,808.0,11771.0,823.089256999686,11902.130350184163,0.058133434504270554,0,132.2815233584307,3.2908057501033556,215,check
4322,813.0,11732.0,802.8501285009264,11747.589345561888,0.10449600964784622,0,18.918829006104236,1.5108501306544124,215,control
4323,810.0,11749.0,793.270179762963,11723.370234400852,0.0802573710680008,0,30.422928654675378,1.8653125778970474,215,control
4324,714.0,11825.0,828.0,11878.0,0.05939305201172829,0,125.73965115241094,,215,control
4325,817.0,11774.0,820.0,11895.0,0.09400785714387894,0,121.33524776159996,,215,check
4326,810.0,11740.0,820.0,11895.0,0.15360723435878754,0,155.61518272827493,,215,check
4327,831.0,11902.0,817.0,11759.0,0.05060642212629318,0,143.39745270093076,,215,check
4328,822.0,11899.0,792.0,11769.0,0.054612837731838226,0,133.15120387205013,,215,control
4329,818.0,11739.0,820.0,11895.0,0.09441877901554108,0,156.31232151417893,,215,control
4330,723.0,11760.0,728.0,11821.0,0.05551439896225929,0,61.49631468725518,,215,check
