id,src_x,src_y,ref_x,ref_y,score,is_inlier,residual_px,sigma_px,grid_cell,role
0,7.635978698730469,211.18093872070312,69.48087310791016,111.52832794189453,0.3768538236618042,1,1.121053313003777,,0,control
1,15.808218002319336,204.25469970703125,74.58708190917969,109.40198516845703,0.331966370344162,1,0.22522714215022324,,0,control
2,26.70001792907715,70.2696533203125,92.08602164591741,44.298231650498685,0.4954553246498108,1,0.20853227472075556,0.13349470365030977,0,control
3,26.858963012695312,111.1447982788086,88.29698108582954,64.33115221502509,0.3723313510417938,1,0.28012508589092616,0.16136619654117432,0,check
4,36.40012741088867,19.87352180480957,101.30338463856295,20.406306997325416,0.44545724987983704,1,0.09157683729230219,0.12829275783937708,0,control
5,42.49464797973633,100.48180389404297,97.19665963857769,60.65368839133364,0.5266578793525696,1,0.12246529454737648,0.12914641475602895,0,check
6,43.490909576416016,43.19538879394531,102.8072710367391,32.53049743946625,0.6002596020698547,1,0.09783063772597006,0.09538214419551123,0,control
7,44.59986877441406,20.394733428955078,105.32188354975415,21.375700713482757,0.3322640061378479,1,0.18531454371175402,0.14789780142702186,0,control
8,46.72597122192383,36.317989349365234,105.10806805343222,29.50246668126077,0.47076675295829773,1,0.24283069170717378,0.1295537899137808,0,check
9,48.398094177246094,95.33758544921875,100.51949732213382,58.55785213322367,0.5394885540008545,1,0.14955025155208873,0.10787524781971225,0,control
10,48.98269271850586,89.22523498535156,101.37532544724498,55.576921861597896,0.5839859247207642,1,0.19810659452883214,0.10229875759822867,0,control
11,50.4977912902832,124.82853698730469,98.97378168021332,73.30374113194186,0.6362715363502502,1,0.05490473510531537,0.12310963066616239,0,check
12,50.64979934692383,108.80975341796875,100.50676286356969,65.43061912454027,0.4167201817035675,1,0.09919962394824576,0.1331901658133672,0,control
13,55.26873779296875,150.05166625976562,99.04493557676626,86.07939384410261,0.7454844117164612,1,0.2054862082868388,0.09986596265121264,0,control
14,55.617366790771484,28.637388229370117,110.07330667691507,26.444305364202886,0.5425938367843628,1,0.1703370640670823,0.1237730464770981,0,control
15,66.4467544555664,124.69603729248047,106.93978665551539,74.74865769668595,0.6834111213684082,1,0.08100803440619235,0.10440421249410604,0,control
16,67.16999053955078,169.55667114257812,103.26638890210627,96.8275403374043,0.7146819829940796,1,0.07492258003574971,0.11054010940616352,0,control
17,69.90645599365234,196.8922119140625,102.20142751210524,110.54863022681064,0.5629411339759827,1,0.0738505389375987,0.09332907086328025,0,control
18,72.27694702148438,115.41810607910156,110.60011359865129,70.62989061195786,0.6996338367462158,1,0.14257758864019607,0.12238566494253658,0,control
19,75.49803161621094,110.29508972167969,112.63612395001479,68.37999836250204,0.4092384874820709,1,0.21146509840696412,0.1373371805017694,0,control
20,76.25592803955078,94.72683715820312,115.06159973144531,61.74155044555664,0.3051469922065735,1,2.079145317947176,,0,control
21,90.68977355957031,78.36042785644531,122.5392074584961,53.866905212402344,0.2568134665489197,1,1.2590645153595679,,0,control
22,92.25106048583984,204.65283203125,112.51458190265245,116.33006667803372,0.5393893122673035,1,0.29092797802306336,0.13911010370807975,0,control
23,95.72880554199219,172.29791259765625,117.27330768691161,100.79762680450982,0.5607831478118896,1,0.06510304999520238,0.1397563568429194,0,control
24,96.81216430664062,31.695499420166016,130.3366043946195,31.816288466632717,0.3073013424873352,1,0.09091880084295141,0.192022827720682,0,control
25,100.37908935546875,123.6716537475586,123.80212094487491,77.27167486523389,0.41194579005241394,1,0.18362849419344238,0.12464048071289205,0,check
26,104.2757568359375,179.20297241210938,120.84220728230687,104.89073244788345,0.48318445682525635,1,0.19580449969594604,0.12351570659484767,0,control
27,108.0276870727539,77.406005859375,131.81171363265983,55.18116312398857,0.672859787940979,1,0.20356296060980608,0.13298051941427086,0,control
28,113.9131851196289,212.83876037597656,122.75762464341719,122.46949219162246,0.7217904329299927,1,0.18832603873462753,0.1179450958529144,0,control
29,115.05607604980469,156.2670135498047,128.24013840733073,94.65738607344021,0.5859394073486328,1,0.08957446771434634,0.15513888981466267,0,control
30,117.07776641845703,88.2940444946289,135.3586514780643,61.48787947322945,0.6310000419616699,1,0.09030261947866043,0.10156204846019767,0,control
31,118.37792205810547,124.17890167236328,132.8479153157273,79.21542661220913,0.5319812893867493,1,0.12712402747929163,0.11458789729673263,0,control
32,118.61375427246094,55.91781234741211,138.97744426187333,45.710785956554574,0.4180586040019989,1,0.03194077299030727,0.08922831065925368,0,control
33,120.41001892089844,82.30187225341797,137.48535492258486,58.763548431087216,0.4753718674182892,1,0.1229468934650274,0.10801189103079865,0,control
34,130.9080047607422,97.98423767089844,141.45570029733298,67.59690054194681,0.45458295941352844,1,0.34368452453464726,0.1198979761091263,0,control
35,136.77330017089844,178.21131896972656,137.16524516058223,107.43454504080962,0.4635886251926422,1,0.08138837779782813,0.12418968559991735,0,control
36,141.9923858642578,84.68016815185547,147.63673397506872,61.998872423399455,0.3627987802028656,1,0.7424277519213937,0.413645319764942,0,control
37,143.4954376220703,191.26092529296875,139.3464463967658,114.45795449532952,0.6808598041534424,1,0.08359031981259941,0.12049824425405459,0,check
38,148.8753204345703,117.94245147705078,148.3646442832007,78.82109273403532,0.5443718433380127,1,0.28785919462283627,0.16187317584604055,0,check
39,154.5053253173828,102.17314910888672,152.60604033720008,71.6551332897907,0.32983580231666565,1,0.12944397963150786,0.18329216530449316,0,control
40,164.5319366455078,34.082923889160156,163.65231080499132,39.24110484401693,0.4581020176410675,1,0.04023371472619867,0.12081058322775175,0,control
41,167.92665100097656,27.667068481445312,165.67122997944998,36.251196560466184,0.313803106546402,1,0.5186504513194586,0.1416154850240424,0,check
42,176.7891845703125,149.21922302246094,159.5725451677271,96.82976423895568,0.5507392883300781,1,0.06328501053796869,0.10786328764237398,0,control
43,183.11428833007812,72.06507110595703,169.6173476576089,59.52942183987641,0.550029993057251,1,0.2507087407296635,0.15139183603872103,0,control
44,201.2161102294922,88.69710540771484,233.4242706298828,259.5846252441406,0.25497424602508545,0,396.7029585614277,,0,control
45,202.59571838378906,77.06147003173828,178.73303931944835,63.747797654803705,0.5774834752082825,1,0.09393826355778388,0.18036120560446472,0,check
46,202.9808349609375,77.51351165771484,178.89943319428093,64.0514563046882,0.5668749213218689,1,0.1432705971839994,0.18367486195177185,0,control
47,210.33303833007812,73.27445983886719,182.86484903200744,62.58900783947081,0.33846116065979004,1,0.056173088581067926,0.15479332258239709,0,control
48,217.6009521484375,66.94923400878906,186.88469000970485,59.968250470910974,0.3977032005786896,1,0.46298809723472745,0.15949154399559556,1,control
49,223.79058837890625,197.91270446777344,178.54147338867188,125.0904769897461,0.4505961835384369,1,0.23789984781755133,,1,control
50,227.32296752929688,171.50894165039062,182.61129526099418,112.33762139715517,0.7234529852867126,1,0.03389349351101894,0.12449698964595264,1,control
51,230.42604064941406,154.75669860839844,185.76621854874674,104.5934940984705,0.3792538344860077,1,0.5244682895110144,0.23763225112853553,1,control
52,232.27696228027344,53.31809997558594,195.48606866094048,55.00114201630334,0.5456148982048035,1,0.3363288239876919,0.14685717311247679,1,control
53,235.83021545410156,17.774951934814453,200.3827971886001,37.89820540324572,0.5662364959716797,1,0.28120083031998583,0.16169478448051594,1,check
54,237.41534423828125,84.27418518066406,195.2548101535797,70.40642215074398,0.5673570036888123,1,0.1136299734737709,0.08865072728306658,1,check
55,237.44625854492188,184.25778198242188,186.3635916488908,119.28310195126049,0.4838394522666931,1,0.4905728786249332,0.11856510502113679,1,control
56,241.6438446044922,12.752503395080566,203.6477813720703,35.92170333862305,0.4081464111804962,1,0.14468053780301957,,1,control
57,249.40692138671875,131.42236328125,196.2415313720703,93.99366760253906,0.4814583957195282,1,2.063588279649459,,1,check
58,250.8927764892578,46.9283332824707,204.98565376738858,53.225908547392265,0.3601408898830414,1,0.5372968968684001,0.17407434369249522,1,check
59,251.83401489257812,112.45643615722656,199.94632040051513,85.49162164086717,0.4487476050853729,1,0.1913101253578367,0.1059235845447158,1,control
60,258.9845733642578,105.55264282226562,204.16593767628186,82.99024183998259,0.5834906101226807,1,0.39050351491247765,0.13515039236643495,1,control
61,261.19166564941406,103.6850814819336,205.38990911852062,82.25786571325439,0.5485260486602783,1,0.3268751271581661,0.1414473017128735,1,control
62,261.61073303222656,121.60144805908203,203.9690404300542,90.89680411348967,0.3676703870296478,1,0.12458125632328226,0.10698252770534518,1,control
63,266.50677490234375,185.9379119873047,200.68436687200358,122.91671351678525,0.6508047580718994,1,0.05355797960648464,0.10891608343769849,1,control
64,272.6131134033203,86.3785629272461,212.39744749840753,74.46068292508025,0.5158058404922485,1,0.47276459190646875,0.18336978313976623,1,control
65,287.19329833984375,14.238813400268555,226.1422576904297,40.96916198730469,0.2986484169960022,1,0.6261414112724072,,1,control
66,288.03981018066406,28.18506622314453,225.08688275886183,47.500461163166406,0.4027266502380371,1,0.2994847004492174,0.09690347706011004,1,control
67,293.38287353515625,192.01885986328125,213.5454442204056,128.36675993351201,0.41884419322013855,1,0.22067900392758935,0.12841666668392762,1,control
68,294.69264221191406,174.52357482910156,215.54054984403587,119.7324695203641,0.33481737971305847,1,0.3075864129714752,0.14292179533907265,1,control
69,296.16419982910156,113.49540710449219,221.72865746212082,90.05478764137106,0.7681980729103088,1,0.14497149687410013,0.13698871980054947,1,control
70,301.3240509033203,28.46221160888672,231.6586285915892,49.014036098952104,0.5879453420639038,1,0.08272889360575617,0.11692122806969026,1,control
71,304.2373962402344,13.049823760986328,234.53298950195312,41.80616760253906,0.3538280725479126,1,0.3087579105427471,,1,control
72,310.0900573730469,205.4434814453125,220.47220362753868,136.33661187362895,0.7838658690452576,1,0.16716055312572883,0.11035532295990445,1,control
73,313.993896484375,164.8638458251953,225.93877248677268,116.81677312972518,0.36500558257102966,1,0.12188767634431084,0.13432574710024264,1,control
74,327.0604705810547,184.6901092529297,230.5826225617581,127.6531046309367,0.2667209506034851,1,0.28619996670639225,0.1307308198289754,1,check
75,329.44834899902344,196.7678985595703,230.94724688213523,133.99595773799223,0.5959597229957581,1,0.35161184519010635,0.18085515416469644,1,control
76,334.1274871826172,211.76699829101562,231.82619305432607,141.71987905004187,0.5318249464035034,1,0.12173305975872352,0.1085941300523294,1,control
77,347.71173095703125,41.38303756713867,253.28538582972664,59.656191661756544,0.4263373613357544,1,0.2529696487404172,0.17299486314828466,1,control
78,352.5472412109375,106.6152114868164,249.99543734670243,91.93542970864047,0.3834788501262665,1,0.21254028895051416,0.10616320336572757,1,check
79,357.3247985839844,150.23739624023438,248.570731009051,113.62159962258178,0.41228151321411133,1,0.04843848580148505,0.1284034722657211,1,control
80,357.3638000488281,50.248931884765625,257.23847547229246,64.67264400262474,0.552528977394104,1,0.13240888165197834,0.22530649744498055,1,control
81,365.19342041015625,19.89056968688965,263.8999409764499,50.76193209636562,0.273369699716568,1,0.4267869693959414,0.16579056981768167,1,check
82,368.833251953125,112.55372619628906,257.45124921485996,96.13738843230584,0.6786260604858398,1,0.15762033496971273,0.10421105923612309,1,control
83,373.1626892089844,122.23102569580078,258.7564960089688,101.28659963170603,0.5254066586494446,1,0.09016608144492086,0.1065558841740432,1,control
84,373.57672119140625,27.836585998535156,267.27836870292805,55.41168816778741,0.5047228932380676,1,0.3751914649185851,0.10231933533044443,1,control
85,373.8061828613281,82.81196594238281,262.58521814887166,82.24660420137252,0.49301332235336304,1,0.291609959409748,0.14433605515554127,1,control
86,374.9927062988281,182.183349609375,254.5092116803104,130.81350597954008,0.4420775771141052,1,0.05106550812300348,0.137955133750543,1,control
87,378.85247802734375,162.42481994628906,258.14458727582524,121.50276678332486,0.6149826645851135,1,0.10313482480641187,0.10721820989573919,1,control
88,383.44097900390625,95.18600463867188,266.19437143182273,89.03876878209859,0.6212332844734192,1,0.057198416693373534,0.12299642593956103,1,control
89,401.4248352050781,64.27673721313477,277.7016108423728,75.62035308637634,0.5209949612617493,1,0.13704946313428587,0.17884774854887203,1,control
90,401.64312744140625,45.9395866394043,279.3674091465786,66.73968086142669,0.3420593738555908,1,0.18543354143265026,0.11084266017334243,1,check
91,407.4222412109375,135.4626007080078,274.50740223057807,111.00217396956047,0.3670618236064911,1,0.28709365308893076,0.14375856531439707,1,control
92,409.8426818847656,27.799650192260742,377.8601425376284,59.277793154094674,0.270756334066391,0,187.93100079667732,0.7908870383053104,1,control
93,410.4495544433594,65.32395935058594,282.7755889892578,78.00474548339844,0.3250148594379425,1,2.7260651488060903,,1,control
94,412.8352966308594,44.04288101196289,284.92538555004313,66.84825123555001,0.37243738770484924,1,0.24115485740718903,0.13981321449850548,1,check
95,423.6390075683594,154.25140380859375,280.8775509886078,121.54826077924459,0.4747128188610077,1,0.21786702033408215,0.14453773905624417,1,control
96,425.52508544921875,173.9455108642578,280.01440619875774,131.31980226404326,0.7121500968933105,1,0.03658014741711474,0.1146010677987848,1,control
97,428.84339904785156,204.73532104492188,279.05185735874625,146.77709736910964,0.38346120715141296,1,0.27528862720386577,0.14214007672953502,2,control
98,431.54835510253906,184.7827911376953,225.58945005015448,40.9190086095319,0.28317806124687195,0,223.47602806469047,1.3896813763779896,2,control
99,432.88063049316406,38.997581481933594,294.5277862548828,65.53919982910156,0.6986628770828247,1,1.7892833913583495,,2,control
100,433.5549774169922,198.94105529785156,281.7454328267782,144.26647184541733,0.2812831401824951,1,0.08192897339885097,0.12512431229347717,2,control
101,440.25965881347656,165.1446990966797,288.01954327004455,128.33630428810986,0.27330315113067627,1,0.08268449319187851,0.10306877826235265,2,check
102,445.49790954589844,23.124740600585938,302.76374777914265,59.58453832395658,0.6093031167984009,1,0.14177155087177118,0.09729840149564355,2,check
103,458.0136260986328,56.92441940307617,305.95269408489077,77.18278385367076,0.28405457735061646,1,0.1511175934870754,0.2189193299420101,2,control
104,467.4584655761719,179.95347595214844,300.05585142026945,138.0045394383423,0.5329818725585938,1,0.07316948785094848,0.13342531655215997,2,control
105,468.9881591796875,172.68299865722656,301.441667615172,134.62740668968425,0.6155192255973816,1,0.14613080895359676,0.15317348125697886,2,control
106,470.3597869873047,58.76578140258789,311.84215947312225,79.2812664566909,0.2576736807823181,1,0.3229496639441931,0.18545518419496274,2,control
107,476.4759521484375,52.0106315612793,315.22958670648245,76.32583331713283,0.31267809867858887,1,0.36598983871423485,0.1740917751559412,2,control
108,476.7919006347656,146.68612670898438,307.5377409405501,122.60986858699752,0.44178900122642517,1,0.20070671417176097,0.1023017939709787,2,control
109,481.2089385986328,48.21034240722656,318.1694414323989,75.06931953669074,0.2630183696746826,1,0.34356473752695094,0.11548446690204743,2,check
110,482.3135223388672,87.70936584472656,315.17724621455943,94.35473414269018,0.44593048095703125,1,0.1183416080262818,0.121577235306641,2,control
111,483.0652770996094,124.56459045410156,312.41353348150665,112.38863170949041,0.4247352182865143,1,0.10566053247145903,0.18636226429244193,2,check
112,486.6300354003906,165.8023681640625,310.5783013219533,132.7281616207235,0.6125761270523071,1,0.13201670841324273,0.10522332840956924,2,control
113,486.8836212158203,82.88262939453125,317.7823491400684,92.30486429952299,0.47211065888404846,1,0.16045903640075368,0.12180269700865508,2,control
114,507.81288146972656,159.65499877929688,321.7185306749065,131.89008947744844,0.3085232079029083,1,0.6344515813322446,0.18056000611441778,2,check
115,520.5881500244141,75.24771118164062,335.3200805910092,92.14525817255154,0.43055206537246704,1,1.2302425472367942,0.2882048130706536,2,control
116,520.8544464111328,114.79170227050781,331.6283490331907,110.92147574598259,0.3818911910057068,1,0.14127183040922373,0.11871261728208357,2,control
117,522.1776885986328,147.30877685546875,329.2536990146739,126.556135333267,0.539702296257019,1,0.9663233490061438,0.22005989490821776,2,control
118,525.2417449951172,109.94905853271484,334.27542998204166,108.99867315460996,0.5594587326049805,1,0.07079767136119819,0.0955963748706147,2,control
119,532.2297821044922,95.91017150878906,338.7834922562242,102.84357864874933,0.593070387840271,1,0.18053655357983642,0.13581294824337684,2,control
120,534.7168273925781,52.68716812133789,342.45069885253906,81.54129028320312,0.6050384044647217,1,2.7275675461980002,,2,control
121,537.7130889892578,191.7117462158203,333.36602546292943,150.05806553320625,0.6855879426002502,1,0.17005747872477733,0.13482855462423363,2,control
122,539.1655883789062,168.6397247314453,335.95709524819614,138.84319800932235,0.5226480960845947,1,0.13897858859674933,0.16968730316591896,2,control
123,542.5493774414062,88.7830810546875,344.4615032159563,100.2250473739536,0.5373321175575256,1,0.036101762706280786,0.17072433299333722,2,control
124,542.903076171875,134.84255981445312,340.79512744204743,122.79061375521508,0.5635266304016113,1,0.22795165412933127,0.15451324038966935,2,control
125,546.5062561035156,118.52277374267578,343.85499151370635,115.03542775324324,0.4042696952819824,1,0.07784529289232017,0.12790721476392133,2,control
126,553.9825439453125,179.7998046875,341.5087432861328,145.5778350830078,0.3716801404953003,1,1.5981404662984544,,2,control
127,554.1526794433594,55.44246292114258,352.9886169433594,84.70758056640625,0.643420934677124,1,0.7106420034294599,,2,control
128,557.7448425292969,29.250009536743164,356.92627465349204,72.62869233242715,0.4205099940299988,1,0.0457573550768612,0.1232954472943804,2,control
129,557.8015747070312,69.07251739501953,353.642259904239,91.97374124009634,0.5441349744796753,1,0.15777052071179637,0.14041211061686054,2,control
130,563.4025268554688,26.404287338256836,360.00697457487183,71.85210843667522,0.4045649468898773,1,0.2316185737739864,0.1286657532393818,2,control
131,570.6105346679688,18.32973861694336,364.07146777595574,68.4743296819245,0.4307038187980652,1,0.0953434585991258,0.11576991433319668,2,control
132,574.8844299316406,144.26593017578125,355.49980406388744,130.17671171413915,0.4867856502532959,1,0.07137905048932341,0.0793741553728678,2,check
133,587.947265625,204.6771240234375,356.86839294433594,161.0061798095703,0.6555513143539429,1,0.5835038812683434,,2,control
134,591.253662109375,46.92348861694336,371.7210129462727,84.3339392829642,0.6874229907989502,1,0.16183989517014727,0.12713514800569212,2,control
135,592.4015502929688,89.00009155273438,368.69303968591265,104.83229195473199,0.6777459383010864,1,0.059475890515917035,0.12479193533205889,2,control
136,596.6385498046875,183.88491821289062,361.1862487792969,150.8628692626953,0.5338616967201233,0,3.2819024895692936,,2,control
137,600.9370727539062,56.07464599609375,375.7808197964666,89.68542721089949,0.7413194179534912,1,0.3725483297117175,0.16807011332594846,2,control
138,607.4219055175781,146.76597595214844,371.1343282755796,134.31963552935423,0.5567083358764648,1,0.13821720997007578,0.16983862724831608,2,control
139,611.5689086914062,126.5257797241211,374.9409450649767,124.91330151377876,0.27748584747314453,1,0.34724187387706695,0.11077505235054912,2,control
140,619.4939880371094,175.23153686523438,374.6684758469948,149.2026287261591,0.5995723605155945,1,0.1934351196659194,0.10672898635462984,2,check
141,625.6173095703125,118.99321746826172,382.32811677424235,122.34088558540228,0.6256241202354431,1,0.06410989848556643,0.11021572772304347,2,check
142,627.2426147460938,88.61996459960938,385.73100051983175,107.87097953936336,0.5791283249855042,1,0.31047921327757394,0.1312461748068623,2,control
143,627.5465698242188,144.2003631591797,381.1515904245611,134.86183375855754,0.3043297529220581,1,0.162966054801099,0.16144392136129135,2,control
144,630.427734375,19.723648071289062,392.8199667641836,74.47540573808249,0.39551031589508057,1,0.42407817826735206,0.20747391767205542,2,control
145,632.814208984375,36.36566925048828,392.8268694233906,82.86405586336177,0.4256184697151184,1,0.139468352704474,0.09825894132418997,2,check
146,642.994873046875,71.71202850341797,394.8700327220535,101.14240227010832,0.42209476232528687,1,0.5235420177294293,0.15393202035376058,2,control
147,648.775390625,11.635624885559082,402.5714569091797,72.0743637084961,0.4821327030658722,1,0.474517466943118,,3,control
148,654.3650970458984,109.75786590576172,396.7804679088725,120.36942048152268,0.32937607169151306,1,0.508440231640803,0.23135646701455073,3,control
149,657.9994506835938,34.95058059692383,405.0215406206894,84.45182476243117,0.3553906977176666,1,0.10792767466056728,0.10241422381888199,3,control
150,662.3658905029297,145.56732177734375,397.87938399053905,138.54640324218596,0.5600020289421082,1,0.017808278504575923,0.13044214413030827,3,control
151,662.3715209960938,170.00489807128906,395.795956189855,150.46411005280518,0.3970094621181488,1,0.09299214176069932,0.11440870411433786,3,check
152,663.2637023925781,67.02454376220703,405.01811642830233,100.77177272157518,0.36469557881355286,1,0.6341364866402635,0.19814174341562812,3,control
153,670.9375610351562,193.373779296875,398.0296853732009,162.6382428755253,0.5016898512840271,1,0.1422054059379494,0.14897847731415625,3,control
154,671.1997528076172,7.60745906829834,413.95924377441406,72.56681060791016,0.26610270142555237,1,0.5716803439279123,,3,control
155,671.4915161132812,14.212368965148926,413.48268127441406,75.63301849365234,0.5174059867858887,1,0.29827576482723334,,3,control
156,673.2096710205078,187.23887634277344,399.69282228384304,159.90115400895934,0.5789048671722412,1,0.264212472714037,0.14196337788440486,3,control
157,681.6689147949219,134.77618408203125,408.08357357666983,135.09797907992336,0.260990709066391,1,0.21712487146852186,0.10886804445292365,3,control
158,681.9362487792969,61.49899673461914,413.69212341308594,98.93824005126953,0.6387989521026611,1,1.8243370275781345,,3,control
159,694.8532409667969,140.91758728027344,413.8991081368152,139.12857763377343,0.5632573962211609,1,0.2512310666956912,0.1881086368038437,3,control
160,695.1545715332031,36.657752990722656,422.7814715253507,88.51320821175159,0.26788264513015747,1,0.2935376246523441,0.23320547788701546,3,check
161,699.3253173828125,132.824462890625,416.8691899867974,135.66388398055722,0.6375694870948792,1,0.06904972438433307,0.10359318626012512,3,control
162,701.8583679199219,80.8450698852539,422.5315131571009,110.7446265716822,0.48299694061279297,1,0.30823770452433297,0.16004801989632889,3,control
163,702.1978759765625,113.47156524658203,419.88467146911154,126.57372422802356,0.5374440550804138,1,0.17749621970920543,0.10875409029297474,3,control
164,707.636474609375,60.38736343383789,426.9645216932951,101.08944306591208,0.6712633967399597,1,0.26490247476754736,0.19977894361563833,3,control
165,714.4594116210938,70.27442932128906,429.461970634449,106.72303007107669,0.5496618747711182,1,0.23042484630740503,0.12349472968019,3,control
166,717.6483154296875,14.788928031921387,435.6750183105469,80.08242797851562,0.5850507020950317,1,0.2157361560590945,,3,control
167,721.3741607666016,128.37450408935547,427.86728087101955,135.40555959432376,0.6058230400085449,1,0.06956480141569044,0.12689393936439175,3,control
168,723.7461395263672,101.32516479492188,431.2470106874057,122.56941018267493,0.5061678290367126,1,0.17372884995728968,0.12284401218498608,3,control
169,726.5633392333984,44.39548873901367,437.6472625732422,95.91126251220703,0.5535602569580078,1,1.5907290280557405,,3,control
170,734.5280151367188,208.94381713867188,427.56952978903394,175.87807234274078,0.49039456248283386,1,0.29992024311085136,0.14122900753518067,3,check
171,736.6484527587891,32.42017936706543,443.3038892248407,90.3401066470306,0.48205921053886414,1,0.16311466022760088,0.26296000664743735,3,control
172,739.9846801757812,14.007760047912598,447.13377380371094,79.02543640136719,0.42795076966285706,0,5.547409350912785,,3,control
173,740.8896331787109,203.4689483642578,431.028475492996,173.65142165904018,0.6011973023414612,1,0.054738343004941264,0.1406844874130355,3,control
174,742.17333984375,197.17283630371094,432.2017672286554,170.74633656042258,0.6956152319908142,1,0.12120710816207611,0.10466238636878752,3,control
175,745.5372619628906,164.7685089111328,436.5974464118189,155.3701303294144,0.45633941888809204,1,0.30554901974215193,0.14693445188502147,3,check
176,746.8768005371094,192.34716796875,434.860802254432,168.73280866755533,0.4362592101097107,1,0.05073339049705274,0.10464418082854071,3,check
177,752.6197662353516,42.384098052978516,450.14948628063456,96.62474305336684,0.3545343577861786,1,0.22427924577427266,0.14452975853929478,3,check
178,757.6866455078125,73.8486557006836,450.03741155978463,112.40592953037022,0.6068811416625977,1,0.4283720016102199,0.127544549187809,3,control
179,760.5569152832031,58.31241226196289,452.5904422096764,104.92857731056881,0.5917443633079529,1,0.12541454176654515,0.11127719894674801,3,control
180,762.0708312988281,30.16145133972168,455.6716787285318,91.43370171454593,0.5351985096931458,1,0.10245919639477723,0.11211566273617381,3,control
181,764.3629760742188,153.7386932373047,446.4632716407303,151.58356460227813,0.6424362659454346,1,0.1878665142901835,0.1443266615849233,3,control
182,779.2706298828125,119.45562744140625,456.519431184644,136.24600829262704,0.6044710278511047,1,0.14753779723626526,0.1559291870604723,3,check
183,780.9097595214844,158.59494018554688,454.1208354027114,155.41667769802885,0.38094788789749146,1,0.12857455988580524,0.10856540491090753,3,control
184,795.5990600585938,39.516361236572266,471.03563716082175,99.01207253532044,0.3500995934009552,1,0.1420787178152699,0.10440134406282627,3,check
185,798.9488830566406,141.9221954345703,464.1795431444319,148.9129896722663,0.584118664264679,1,0.1301888777545091,0.09884058438946393,3,control
186,801.4217224121094,76.52825164794922,470.73535243966654,117.47454469911929,0.491527259349823,1,0.245562958606133,0.15984963931033014,3,control
187,806.441650390625,188.0098419189453,463.9906116576441,171.9468512719537,0.43583056330680847,1,0.14479716651916633,0.09874995973264718,3,control
188,806.8621826171875,70.5575180053711,473.76694506211345,114.9357651195278,0.392006516456604,1,0.34809362566342245,0.14962562267365118,3,control
189,807.4415283203125,205.3300018310547,463.09959090990395,180.54163334440005,0.30175086855888367,1,0.36733644249624026,0.12284896205028518,3,control
190,807.4516906738281,133.1046142578125,469.14249468539316,145.502441581023,0.3671996593475342,1,0.41738229949055744,0.16301854411454578,3,control
191,810.2993469238281,155.1805419921875,468.4594783694309,156.1919623204007,0.6307523846626282,1,0.29500856723318786,0.1243492716978449,3,control
192,810.9183349609375,167.06858825683594,467.8870101245309,162.15694184046814,0.5037634372711182,1,0.10525924391948725,0.11639225140766642,3,check
193,812.2830810546875,64.66043090820312,476.96937426813673,112.56302902928691,0.659275233745575,1,0.15030375947979982,0.1340735234108533,3,control
194,24.972105026245117,260.1752014160156,74.02950799550037,137.67813548827363,0.5746448040008545,1,0.17130377217123477,0.1284459594143045,4,control
195,31.375507354736328,301.33726501464844,73.54187626426825,158.57901869963507,0.4886176884174347,1,0.20933670933605322,0.14717744246000655,4,control
196,41.699745178222656,406.1144714355469,69.2986747238888,211.40491247168788,0.3800830841064453,1,0.19199610470656087,0.12862780962992754,4,check
197,43.72776412963867,423.1286926269531,69.0621109008789,221.1331787109375,0.28305932879447937,1,2.085516958219754,,4,check
198,46.65324783325195,280.97181701660156,83.12214933804964,150.01306709663857,0.6532174348831177,1,0.17292556013496452,0.12671517456958523,4,check
199,60.167972564697266,292.89292907714844,88.78825423157618,157.12076579062852,0.5473072528839111,1,0.1467768480830987,0.13904377872150384,4,control
200,67.84907531738281,256.86424255371094,95.81485895890424,140.0239082816453,0.776077926158905,1,0.1028612204684601,0.16491595951144156,4,control
201,78.6394271850586,401.64556884765625,88.2786557445339,212.60239558292184,0.352953165769577,1,0.20487599415424654,0.15350177050848857,4,control
202,88.34880065917969,216.9563446044922,109.56254893802738,122.11857125594399,0.48844295740127563,1,0.055532076743106444,0.13403092699114977,4,control
203,90.56755828857422,373.96343994140625,96.69491896195699,199.95329723150454,0.44094493985176086,1,0.15929625450427612,0.1290625418385204,4,control
204,90.57311248779297,422.0024108886719,92.40032004611814,223.77990555499298,0.5783397555351257,1,0.21819559616627782,0.14506540132948045,4,control
205,96.29704284667969,414.678955078125,95.7348521429347,220.5256780197266,0.5712227821350098,1,0.2352246476042391,0.14224256482265382,4,control
206,104.57022857666016,416.1028747558594,99.9414576815263,222.02837401204692,0.6873518228530884,1,0.18398038049283014,0.10423375120465507,4,control
207,105.12998962402344,245.36737060546875,115.38359350378333,137.57699832921486,0.3911721408367157,1,0.1704934258292513,0.10165836629407786,4,control
208,107.92500305175781,267.31951904296875,114.94533155419005,148.80501899816275,0.3157939314842224,1,0.24954779763135457,0.1372709872688613,4,control
209,110.2936782836914,342.4126434326172,109.3552604160388,186.07868525912275,0.3913726210594177,1,0.11788447877341328,0.1485166664593989,4,control
210,116.26734924316406,336.3735046386719,112.70862510710496,183.41398647560487,0.3231004774570465,1,0.41958187228192895,0.1614899156284636,4,check
211,116.61737823486328,396.22320556640625,107.68342865823027,213.22781088173502,0.718407154083252,1,0.07095297975606736,0.1035175952329823,4,control
212,117.18580627441406,300.35272216796875,116.58941837928197,165.93105086178562,0.2844255268573761,1,0.20494988009062587,0.10830753684146517,4,control
213,123.48152923583984,382.4839782714844,112.2668805711999,206.9986005456101,0.5677695870399475,1,0.10026084692262008,0.09931792473491291,4,control
214,131.46469116210938,378.5883483886719,116.59507853410672,205.82241123220695,0.422658771276474,1,0.0758621667360422,0.11212961007268443,4,control
215,132.12625122070312,273.81214904785156,126.41280981819294,154.2000913565677,0.3027842342853546,1,0.2676801992139837,0.1571255974759983,4,control
216,138.65948486328125,326.3171081542969,124.9480165343435,180.65769218076684,0.4545191824436188,1,0.1554318783625935,0.14096242080680343,4,control
217,138.75537109375,266.5492401123047,130.16722741311898,150.96868593889099,0.3634849786758423,1,0.3558618254747295,0.18530224835831147,4,control
218,142.85113525390625,260.3773498535156,132.85121958210212,148.36615334594825,0.43048056960105896,1,0.16483963625488549,0.11889085986396299,4,check
219,143.76324462890625,319.7227325439453,127.93597480649883,177.7477283250618,0.3525591492652893,1,0.19667439192030933,0.136896872175405,4,control
220,144.41397094726562,416.9626159667969,119.62697507307571,225.8180547990993,0.5956284403800964,1,0.2691648718543895,0.17265989445979052,4,control
221,146.10690307617188,370.3074951171875,124.75891267444585,202.98792276588844,0.8134432435035706,1,0.181933108866957,0.12993403327757116,4,control
222,147.95726013183594,425.4576416015625,120.19021606445312,230.83372497558594,0.4629599153995514,1,1.1951144263669924,,4,control
223,153.22877502441406,358.43572998046875,129.33105757225238,197.7960845589832,0.4018303155899048,1,0.11454897046802429,0.11722505315461419,4,check
224,158.5845184326172,350.36309814453125,132.61716022877258,194.20017610352974,0.29323598742485046,1,0.15176433844029524,0.12900144204934239,4,check
225,160.13636779785156,411.5139465332031,127.94577427356285,224.5681366104696,0.7838215231895447,1,0.15739332177925555,0.08908256402454616,4,control
226,165.7903289794922,347.8821716308594,136.46702875720962,193.58879969594176,0.6562826037406921,1,0.17182705657068975,0.08766429025855076,4,control
227,170.735107421875,335.3386993408203,140.0607781707621,187.84792290436482,0.5728847980499268,1,0.14519047449096337,0.13784871957769634,4,control
228,178.80020141601562,215.3002166748047,154.7943482904965,129.49991850892812,0.411747545003891,1,0.19192648927382885,0.1024545019662362,4,control
229,183.4785614013672,276.21435546875,151.71039896866887,159.94725347185977,0.2687610685825348,1,0.20112488818309202,0.1771498643738892,4,control
230,185.22157287597656,422.4117126464844,139.37195740766276,231.96413256126579,0.2834177315235138,1,0.6041599956927841,0.272235654824453,4,check
231,187.46063232421875,383.89239501953125,144.0686147797041,213.37834985823108,0.47554677724838257,1,0.03865161799406381,0.107578578883748,4,control
232,189.0511474609375,271.25982666015625,154.79199259680064,157.8682091743945,0.6470399498939514,1,0.17503610323614982,0.10500045538868799,4,control
233,189.2886199951172,306.5322723388672,151.89080455751701,175.3816019961891,0.3214896619319916,1,0.14143844309834264,0.21171163022209788,4,control
234,192.7744903564453,329.19764709472656,151.84585186817526,187.13150476813726,0.4669457674026489,1,0.8233253065662388,0.2619082987824325,4,control
235,200.4736328125,422.9316101074219,146.85809326171875,234.35682678222656,0.40527036786079407,1,1.1164622059647487,,4,control
236,206.71572875976562,410.69525146484375,151.21754455566406,228.41378784179688,0.4938434362411499,1,0.17979374859581168,,4,control
237,207.20330810546875,301.8153839111328,161.1048626038471,174.56562378902723,0.524789571762085,1,0.1299417040153441,0.12095847674371035,4,check
238,207.99586486816406,338.5334014892578,158.30849218155655,192.82556504740097,0.32492896914482117,1,0.07497626685463017,0.0929919373208604,4,control
239,217.91929626464844,397.9863586425781,157.69350025808734,222.666214233643,0.3292657136917114,1,0.8793780711241543,0.18889187846264724,5,control
240,219.71014404296875,327.90142822265625,165.09526025547177,188.56698734129674,0.4451027512550354,1,0.12812927634163754,0.12661527691471808,5,control
241,221.7957305908203,297.6988830566406,167.28106689453125,172.83535766601562,0.4396114647388458,0,3.5804046880566602,,5,check
242,234.81838989257812,275.6518096923828,177.07994195895333,164.09209391015412,0.6469435691833496,1,0.2352799648414311,0.1412229435325767,5,control
243,238.33702087402344,317.4715270996094,175.3507537841797,185.27993774414062,0.4134828746318817,1,0.46626947110766986,,5,control
244,242.24224853515625,254.856689453125,182.74522510232754,154.67795282124274,0.3258760869503021,1,0.21822365472253727,0.16606955485088953,5,check
245,247.76785278320312,356.5992126464844,176.44800262964483,205.2036035924383,0.4658936560153961,1,0.07710608973066767,0.11867375001652117,5,control
246,251.82664489746094,351.29022216796875,178.9073875184619,202.87344510341015,0.5674172639846802,1,0.19138269445915718,0.11231030563945618,5,control
247,256.1741027832031,346.32879638671875,181.50447436841628,200.82816626149412,0.7200839519500732,1,0.15837532722514425,0.0976833411674123,5,check
248,257.78233337402344,419.898681640625,175.7210157892271,237.24086444966088,0.4513026177883148,1,0.274634364402588,0.1492340605467313,5,control
249,261.34046936035156,256.36122131347656,192.04355408325617,157.01798140110282,0.5603463053703308,1,0.17488484883485284,0.19816458963621664,5,control
250,264.3188018798828,234.61825561523438,195.2602197744185,146.56124669105196,0.7623323202133179,1,0.2464362495177884,0.11834639403179124,5,control
251,265.56288146972656,367.3254699707031,184.42010995072013,212.185017842907,0.38913023471832275,1,0.3164539700207496,0.11333914887084612,5,control
252,269.01722717285156,248.04978942871094,196.34164761445396,153.30680805739397,0.6690874695777893,1,0.7778201281377195,0.18307226206868224,5,control
253,281.9800262451172,374.8217468261719,191.8021187206346,217.27130687825968,0.5874502658843994,1,0.10856229252534048,0.11552824322772505,5,control
254,287.09742736816406,310.0561981201172,199.80943080953526,185.76299334537615,0.4994444251060486,1,0.3644832319934242,0.32748557218114654,5,control
255,289.6377868652344,418.4140625,191.83914797605107,239.50564287597084,0.2682008743286133,1,0.2997457043110748,0.16913995176834556,5,control
256,295.1452941894531,299.01715087890625,204.92508316673658,180.98828718398013,0.45530399680137634,1,0.13246472152200872,0.14576369399396688,5,check
257,299.1257629394531,413.72857666015625,196.88759673654553,237.94369187477398,0.42110195755958557,1,0.11069330305553422,0.11251153511874554,5,control
258,301.34326171875,300.6537170410156,207.97792053222656,182.39260864257812,0.4684138596057892,1,0.23759351745241755,,5,control
259,325.3052520751953,301.8094787597656,219.63689725653748,185.05167417601604,0.4255358576774597,1,0.1266653782619731,0.15321693431097827,5,control
260,326.48280334472656,326.41029357910156,218.13986014842862,197.23784795021635,0.4831904172897339,1,0.2676875699663208,0.13720764925227497,5,control
261,327.6926727294922,332.17169189453125,218.2652234676908,200.3138649799486,0.4599965214729309,1,0.32906817572093117,0.12104678182753395,5,control
262,329.36659240722656,215.0799102783203,229.13204344264128,142.83071131869409,0.41240736842155457,1,0.09903963228495828,0.12636943534764503,5,control
263,329.5662536621094,283.8556213378906,223.32480397451883,176.6222109343316,0.6687873005867004,1,0.13058206419391674,0.11902515219973421,5,check
264,337.16212463378906,255.61195373535156,229.49112004567152,163.52145371558348,0.5264122486114502,1,0.148040541290103,0.10515397887250248,5,check
265,342.0112762451172,287.5008850097656,229.12222868586028,179.524941759375,0.6695635914802551,1,0.08205782196116922,0.10553884243206364,5,control
266,342.20947265625,405.2900085449219,218.89469416591282,237.4879301089855,0.7237762808799744,1,0.08939769953182299,0.10218040470163949,5,check
267,343.59722900390625,361.6289978027344,223.55782595549545,216.28709549415734,0.25257453322410583,1,0.4369326603448575,0.17306988129333886,5,control
268,349.3861999511719,416.1275634765625,221.5096941516371,243.5048581379059,0.6852740049362183,1,0.05073728431500005,0.09936713913551233,5,control
269,349.718017578125,332.5513153076172,228.99067241550873,202.42173150378704,0.6257750391960144,1,0.12386780074563175,0.1216099558706342,5,control
270,352.5402526855469,408.1062927246094,223.72664265879246,239.73310151064712,0.7081072330474854,1,0.18223322510646078,0.09215218570465007,5,control
271,353.4114685058594,279.1156463623047,235.4847516411463,176.41725265519588,0.6399185657501221,1,0.10199328723735751,0.10231730586706346,5,control
272,365.09661865234375,267.53846740722656,242.2694567816804,171.83986373693043,0.2795545756816864,1,0.1768819674532138,0.12845561309183892,5,control
273,374.26593017578125,229.0906524658203,250.1170606743482,153.7717533756733,0.4474710524082184,1,0.14033571670315234,0.10796425250441923,5,control
274,380.23162841796875,341.1556091308594,243.11723258995525,209.12504052162336,0.39298945665359497,1,0.41747407936523323,0.15725122987468168,5,control
275,384.8892517089844,240.22264099121094,254.3925115680679,160.1856677403444,0.27676472067832947,1,0.1812944387391995,0.07522310892053943,5,control
276,389.3854675292969,423.56878662109375,240.65503165005913,250.7313942400494,0.33841773867607117,1,0.21418324879505182,0.10467936529566392,5,control
277,393.8817443847656,379.5261535644531,246.64433979506376,229.3417669483531,0.4982849359512329,1,0.040424495252819055,0.14043100681719828,5,control
278,394.12371826171875,409.942626953125,244.465872469373,244.56062206414063,0.3038361370563507,1,0.8310428354576985,0.16018638757207987,5,check
279,402.1180419921875,258.6455841064453,261.2375495365373,170.74424254562194,0.3045908212661743,1,0.1318398863270441,0.12471621642483448,5,control
280,402.2616271972656,265.16734313964844,260.7058831664091,173.8986825183388,0.3029850721359253,1,0.040748434033360495,0.12113561266971438,5,control
281,403.3570556640625,400.8695373535156,249.3647299551374,240.33589184976066,0.31185343861579895,1,0.7290420030746231,0.22500660997516947,5,control
282,406.8190612792969,331.84173583984375,257.13590261813994,207.01876094731782,0.6057554483413696,1,0.06066412831746684,0.12399025016231552,5,control
283,406.9053955078125,320.3065490722656,258.27666611870586,201.48202565914565,0.33138296008110046,1,0.2534442376082801,0.1550387535036119,5,control
284,412.6526184082031,313.41783142089844,261.6183273241547,198.49620820869487,0.36968889832496643,1,0.026952122082625422,0.13719715390814607,5,control
285,417.1560363769531,298.2816467285156,265.1947398044708,191.48334794102544,0.5111994743347168,1,0.10367342708259314,0.13261615758661224,5,control
286,420.3282470703125,358.708984375,261.3079932919647,221.30568621948214,0.31940358877182007,1,0.4051129050178478,0.17316605465619447,5,check
287,437.24098205566406,300.6440124511719,274.7665686763524,194.36527956041368,0.6608956456184387,1,0.11315747989356595,0.12547312855158418,6,control
288,440.8012237548828,386.36383056640625,269.19777992996,236.8529054609567,0.37894874811172485,1,0.13954873609848636,0.10710912446717645,6,control
289,441.4061584472656,331.736572265625,274.1634883991677,210.02764314842756,0.2980388104915619,1,0.006054759538842456,0.0923033431609104,6,control
290,444.1842498779297,354.5499572753906,273.6109702119113,221.54248664152033,0.28139832615852356,1,0.1709520861819863,0.11610370371047805,6,control
291,445.1681365966797,382.6904602050781,271.5792237450885,235.34283114658066,0.30203431844711304,1,0.11152491919523132,0.09742286241361903,6,control
292,447.18865966796875,301.42042541503906,279.58971792995476,195.62236539538773,0.5184344053268433,1,0.10405607297038205,0.15237409980601066,6,control
293,457.7852783203125,363.63873291015625,279.5463219124499,227.18796365919098,0.4779752194881439,1,0.22151047420838138,0.11131036420645884,6,control
294,458.3734588623047,293.33935546875,285.81835745844205,192.70407232661205,0.40524184703826904,1,0.045866522788143446,0.14212945018697765,6,control
295,462.272705078125,333.8268585205078,284.3316485746292,213.00236365140952,0.7311103940010071,1,0.30963334962150446,0.12052478610231804,6,control
296,463.2670440673828,302.6073760986328,287.3916615982863,197.6379549947384,0.6209916472434998,1,0.05624836183980698,0.15861570213604714,6,control
297,465.5111389160156,232.64744567871094,294.57270027146996,163.63270350616685,0.3010358214378357,1,0.12033603885128906,0.1262875267410109,6,control
298,467.5290069580078,284.4595642089844,291.1343327627297,189.18047554441787,0.4308788776397705,1,0.16263704801223194,0.12137261088350111,6,control
299,470.2629089355469,292.6845703125,291.56261281929244,193.42046369975372,0.28463810682296753,1,0.27364950874124183,0.2199605561112606,6,check
300,471.6884765625,318.64479064941406,290.14027986798607,206.18865044038736,0.45547184348106384,1,0.1530585181222715,0.09774630942905736,6,check
301,473.76397705078125,248.34214782714844,297.3122035824253,172.01991816748603,0.3620592951774597,1,0.16856718043512162,0.33055159424706004,6,control
302,474.3588562011719,310.14097595214844,292.1808701528463,202.23291841545446,0.5254542827606201,1,0.19214297569524091,0.11983799087890472,6,control
303,485.29600524902344,303.8577880859375,297.9591493445547,200.07120268908037,0.452393501996994,1,0.398616834673055,0.1093402356349088,6,control
304,486.31443786621094,223.1085662841797,305.4420518227357,160.65367879687955,0.30253008008003235,1,0.29627465797331276,0.1304227294864465,6,control
305,488.5971984863281,401.3050842285156,291.3685420154089,248.29964067225248,0.46876293420791626,1,0.09422179621502585,0.08483536185463585,6,control
306,490.2839050292969,410.3713684082031,291.42270646419405,253.00352800121615,0.6328832507133484,1,0.186253287416931,0.10394258473737103,6,control
307,497.41221618652344,340.2164764404297,300.9769130184146,219.16822198359003,0.5839124321937561,1,0.1912334511832668,0.14604686439404654,6,control
308,514.1632995605469,339.2919464111328,309.3909454345703,219.97637939453125,0.6991522312164307,1,0.4649282785191644,,6,control
309,516.9217987060547,411.0506591796875,304.46642551174114,255.51379360201986,0.4836329519748688,1,0.1999650499445947,0.11411029627206475,6,control
310,534.6990509033203,373.4496154785156,316.24808728639243,238.58514256169104,0.4472977817058563,1,0.1995052698604027,0.1693768217332645,6,check
311,535.9612274169922,396.53900146484375,315.01192244568716,250.09157718127952,0.4674256443977356,1,0.10532800747894823,0.11762858865099347,6,control
312,537.0465850830078,334.5706787109375,320.8582233314494,219.7142932283796,0.5547966957092285,1,0.18693117133622705,0.19360814020898348,6,control
313,539.1889495849609,264.9969482421875,326.51234436035156,184.5988006591797,0.46407318115234375,0,3.713063655708311,,6,control
314,540.9622192382812,394.1959533691406,318.18507385253906,250.2490692138672,0.5129786729812622,1,2.1007412139570514,,6,check
315,543.7472076416016,373.64508056640625,320.9147022177471,239.79705392623706,0.39052683115005493,1,0.6416559671519535,0.2426908714276037,6,check
316,547.388671875,419.4827880859375,318.6594700162451,262.4160996156703,0.28735318779945374,1,0.203121041428879,0.10333048997442254,6,check
317,548.625,367.4743347167969,323.70973296049584,236.86602584268843,0.567146360874176,1,0.17536518401601583,0.16198350438951556,6,control
318,567.8460083007812,387.6303405761719,331.4470908134271,248.5743055345114,0.4078713655471802,1,0.3045588611197454,0.10169819907878891,6,check
319,572.3083801269531,284.1965637207031,291.5473937988281,382.19146728515625,0.25274917483329773,0,382.34681596732025,,6,control
320,572.7283020019531,261.29783630371094,344.56061036387047,187.03527067556587,0.5444889664649963,1,0.1366393438821767,0.11454868453973528,6,control
321,575.389892578125,271.3276824951172,344.9798844695627,192.22803587979803,0.4910989999771118,1,0.10662672944556952,0.09367246688609383,6,control
322,584.5322265625,247.0366668701172,351.47832863780604,181.13110878243958,0.4803359806537628,1,0.026082095680931176,0.1534815992474954,6,control
323,586.3186950683594,225.78086853027344,354.01129745193305,170.8095226272622,0.5544006824493408,1,0.3303961977236348,0.10865872807957275,6,control
324,590.0902404785156,296.09149169921875,350.092611731197,205.67327381653453,0.2626713812351227,1,0.25078659790703994,0.15399036555170928,6,control
325,594.3794555664062,387.14129638671875,344.4154375438773,250.51870300459987,0.4840150475502014,1,0.1721757807553187,0.17010672873678923,6,control
326,607.280029296875,245.1621551513672,362.53906505912636,181.90480455324973,0.44722917675971985,1,0.7046910569218635,0.3276763636190363,6,check
327,610.7174682617188,420.1653747558594,349.4960609212569,268.11297979220365,0.4396233856678009,1,0.06680387578918412,0.10454100840402505,6,control
328,610.9132385253906,376.8218688964844,353.3922180763143,246.8430585983642,0.4906142055988312,1,0.2644914128828539,0.15457815699793273,6,control
329,613.6305236816406,288.55723571777344,362.00077920042844,203.89134600056104,0.29888245463371277,1,0.2733026717327899,0.2113718049569581,6,control
330,618.11865234375,291.1860809326172,364.6261444091797,206.24668884277344,0.40209531784057617,1,1.644075139135638,,6,control
331,623.5974426269531,236.62290954589844,371.61523465975375,179.85178141546672,0.4072519540786743,1,0.8964442984184909,0.21535899175064793,6,control
332,636.1272888183594,225.61106872558594,378.4471184827902,175.27124678821767,0.6881889700889587,1,0.16004394999887137,0.18129056218797582,6,check
333,638.8590698242188,386.4689636230469,366.17456575939445,254.1179390480714,0.3762349486351013,1,0.20610947667852558,0.12997522463279687,6,control
334,641.0776977539062,305.7093048095703,374.07427736286803,214.8025904950447,0.3474094569683075,1,0.15767806584443242,0.10532846137336195,6,control
335,645.1414642333984,231.5812225341797,382.23849123623734,178.89111799425555,0.4678850769996643,1,0.08259184130711786,0.137732766444695,7,control
336,647.1121520996094,375.6305847167969,371.0514598200911,249.447507408145,0.44523078203201294,1,0.053596938702935804,0.1048827984971706,7,control
337,647.4255523681641,407.5603942871094,368.4024262562485,265.06636287507706,0.5212912559509277,1,0.19404686628561735,0.11527884760964212,7,control
338,649.7612609863281,421.44598388671875,368.5105654393806,272.15628188950956,0.6196977496147156,1,0.160305306208202,0.16087131146373315,7,control
339,651.1593322753906,384.31414794921875,372.30305144144063,254.03489892949207,0.5596098303794861,1,0.097267152469938,0.08416117698634601,7,control
340,651.6586456298828,274.7770080566406,381.8288066606379,200.62073063655055,0.39145907759666443,1,0.14724581146177929,0.1402013531586182,7,control
341,668.4420166015625,226.44447326660156,394.06086738066057,178.53698438204214,0.31965890526771545,1,0.17815609366593332,0.12031894414961647,7,check
342,672.4323577880859,221.2303009033203,396.45633160465167,176.30798952499975,0.5478948354721069,1,0.14400448393620507,0.09828638644783241,7,check
343,677.64453125,427.42596435546875,381.51020729054255,277.434160499888,0.5268453359603882,1,0.0550676796474802,0.15077938455681236,7,check
344,678.5438232421875,377.3841247558594,386.11395400779156,253.03554221239622,0.3437751531600952,1,0.14085358333136305,0.16073021104551735,7,control
345,680.8070220947266,279.9241485595703,395.6092901633408,205.78113168608107,0.40946006774902344,1,0.3787502925865709,0.13501573170030767,7,control
346,696.5750579833984,299.6588897705078,401.55484925818325,216.67447694150718,0.5980288982391357,1,0.14322827575481314,0.1275424245619654,7,control
347,699.3518981933594,231.9686737060547,408.5302414238942,183.84034405329754,0.6127532720565796,1,0.058583633845284505,0.09375672468196651,7,control
348,703.4242401123047,291.7115020751953,405.48070440735773,213.3913147059836,0.31212958693504333,1,0.10656602435331028,0.13227896065199798,7,control
349,705.5393524169922,362.86492919921875,400.48385283230846,248.27508204655257,0.32895568013191223,1,0.09630972879248757,0.11225197869102063,7,control
350,708.6340484619141,271.3297119140625,409.76437366027864,203.89907485118258,0.3401840329170227,1,0.10041940350826135,0.1350951023341387,7,control
351,724.2813568115234,416.8952941894531,405.14293053809246,276.3853021882811,0.5350542664527893,1,0.20226240872633808,0.1394387947296431,7,control
352,728.1727142333984,425.21551513671875,406.2488277406693,280.7674002133555,0.45574620366096497,1,0.11862082919644731,0.12036118819152261,7,control
353,735.6864471435547,280.6831512451172,422.0674035210626,210.80941901902605,0.29185229539871216,1,0.07365011883486351,0.15012665634438022,7,control
354,740.9428100585938,275.4815368652344,424.94357252110194,208.58908547682708,0.36103057861328125,1,0.29901453232831277,0.12956481613562434,7,control
355,741.4506225585938,266.18052673339844,426.00544789135273,204.15361147704678,0.6619877219200134,1,0.1734263616646164,0.11617408502614458,7,control
356,746.1120452880859,245.22628784179688,430.08857249123935,194.4498968644745,0.5762471556663513,1,0.07978888006347912,0.11557160417003312,7,control
357,755.5310974121094,246.3910675048828,434.6012561062413,195.92814545601,0.4243896007537842,1,0.2850448247240095,0.11039439202232969,7,check
358,758.4462127685547,222.04237365722656,437.9279518429821,184.17866190174368,0.31421056389808655,1,0.13119330770178206,0.17555003158880889,7,check
359,758.6045684814453,352.8612365722656,426.99051987137096,247.89161798682522,0.5993767380714417,1,0.28974902945388226,0.11326833252113765,7,control
360,766.7281188964844,244.86610412597656,440.11707653778024,196.02935384933156,0.45572349429130554,1,0.0726949275760824,0.1417717112361983,7,check
361,768.3272094726562,325.7068634033203,434.0473891897897,235.55742056636646,0.2889246344566345,1,0.09943424650422686,0.12186673447069847,7,control
362,769.3253021240234,384.0528259277344,429.5840828462578,264.0719040102323,0.34861883521080017,1,0.2389232154951375,0.11507888523164304,7,control
363,779.7868347167969,403.8729248046875,433.158317373448,274.7899006915193,0.37542468309402466,1,0.2203318289746135,0.10267501343880406,7,control
364,793.0446166992188,350.8525390625,444.2994842529297,250.69119262695312,0.3332800269126892,1,1.6455262692504908,,7,control
365,793.295654296875,366.4615173339844,442.73905341472556,257.6013585828041,0.5379011034965515,1,0.0675712268168622,0.1427938765135518,7,control
366,794.0888671875,403.8803405761719,440.03127699103885,275.9354718184433,0.26051750779151917,1,0.021965215720238553,0.12307806066572313,7,control
367,798.9032287597656,399.2803649902344,442.67232590846834,273.9386843862759,0.3699586093425751,1,0.33864881291305193,0.11782076041658747,7,control
368,803.5047607421875,361.6269836425781,448.2024472667244,256.16439071337004,0.671883225440979,1,0.21449896330615548,0.17249224255914616,7,control
369,809.7231750488281,326.5973358154297,453.5918273925781,238.4632568359375,0.43665266036987305,1,2.406514291171265,,7,control
370,810.661376953125,367.359619140625,451.168366177639,259.61066092915013,0.47640925645828247,1,0.23568901121309904,0.17722838075332686,7,control
371,813.9930419921875,240.9527587890625,463.1922042516944,198.28591833007977,0.48042964935302734,1,0.09939803158450813,0.11021356659497061,7,control
372,817.1902465820312,290.7728729248047,460.6300544615677,222.83634471749542,0.38027745485305786,1,0.142042554443827,0.14043648810851905,7,check
373,820.3859252929688,277.5790710449219,463.8702850341797,217.5067901611328,0.42251962423324585,1,2.1644509337502686,,7,control
374,820.9516296386719,285.5555419921875,462.6007537841797,335.4668884277344,0.26015353202819824,0,231.9764679564904,,7,control
375,822.6946411132812,358.41693115234375,457.5990357977808,256.1016335738333,0.31062668561935425,1,0.2182357061333829,0.15322256523951058,7,check
376,826.971435546875,396.4273681640625,456.60089976437985,275.1553830471994,0.5121772885322571,1,0.14366547292069512,0.13454629474118718,7,control
377,827.6416015625,410.7112121582031,455.69053188130056,282.11596505268295,0.2566550672054291,1,0.03262041268042453,0.10937701225890692,7,control
378,828.5152587890625,325.0316162109375,463.25741786769004,240.4910809654954,0.701422929763794,1,0.13416575466543376,0.11362559867964797,7,control
379,828.8169250488281,394.4919128417969,457.7553777416159,274.458141711772,0.28149446845054626,1,0.41662119432778594,0.1866589558465217,7,control
380,829.5105590820312,228.87538146972656,471.60850888786933,193.6996423672767,0.5554868578910828,1,0.2283927235858641,0.12331880967783636,7,control
381,831.1615905761719,363.0910949707031,461.39537449385637,259.2009497334942,0.49555879831314087,1,0.08114656144831132,0.12945714033677438,7,check
382,836.6163635253906,231.987060546875,474.8206422902009,195.8751693724049,0.7656571865081787,1,0.12035168349860312,0.10347765305910492,7,control
383,837.2868347167969,221.9920196533203,476.0154900443748,191.13949245984733,0.6266230344772339,1,0.13761937119649323,0.13354861812109295,7,control
384,844.0346069335938,294.5581512451172,473.55458068847656,227.21011352539062,0.3088034987449646,1,0.816044258034513,,7,control
385,11.43932819366455,550.6751708984375,41.3284797668457,281.1428985595703,0.2851869761943817,1,1.055649394364938,,8,check
386,21.645843505859375,539.7976226806641,46.37396240234375,275.6002655029297,0.3567888140678406,1,1.8861332871986551,,8,control
387,24.328201293945312,529.7543334960938,49.41806493785745,271.43189680843034,0.5740248560905457,1,0.05849148009269142,0.0988866477677197,8,check
388,35.032833099365234,627.017822265625,45.89663951421442,320.8177849234785,0.7533934116363525,1,0.10490770725722146,0.0901481310238599,8,control
389,40.10308074951172,567.1039123535156,54.007793029103645,291.4587202051365,0.5394318103790283,1,0.19571104359562244,0.17046041267730935,8,control
390,46.42623519897461,494.2220764160156,63.70970776501071,255.69018824325892,0.31127601861953735,1,0.038902404884305006,0.12968710402426875,8,control
391,48.46076583862305,556.4750518798828,59.062514582826864,286.82398670550646,0.4747315049171448,1,0.06459072528272226,0.1778173485676053,8,check
392,65.91670227050781,622.6754455566406,61.71287993270016,321.2545599283153,0.3634776175022125,1,0.34153598821790915,0.1683619969159768,8,control
393,70.44457244873047,471.8493347167969,77.83996240408916,246.79658358403518,0.2936544120311737,1,0.3058488906094132,0.18715143038710688,8,control
394,73.01377868652344,435.08436584472656,82.4424197017125,228.68907525859998,0.6006711721420288,1,0.18440796229959383,0.08760910856913444,8,control
395,73.2145004272461,578.7029418945312,69.61879458239424,300.2036713481646,0.31778597831726074,1,0.3795634958771977,0.14721631986165556,8,control
396,75.44147491455078,487.50575256347656,78.85880537419588,254.87726848238987,0.3802337944507599,1,0.0032414059225800533,0.14163610435104645,8,control
397,75.56035614013672,615.3036499023438,67.35592629001373,318.50552006429047,0.5565429925918579,1,0.061479955466318986,0.10082440203951222,8,control
398,77.40235137939453,598.758544921875,69.7725550876285,310.4228629251602,0.41795289516448975,1,0.07295665490884394,0.10927364142389244,8,control
399,88.476806640625,510.3407287597656,83.49444164731949,267.5038706817929,0.6577271223068237,1,0.42901103831817594,0.16210622720131646,8,check
400,88.64405822753906,592.7488403320312,76.03741868118694,308.440618482689,0.516598105430603,1,0.16509716413214068,0.12453295041171786,8,control
401,96.09405517578125,528.2751617431641,85.52532838592032,276.93612569305463,0.6860772371292114,1,0.01307944341770838,0.08911076607511481,8,control
402,100.54487609863281,557.0901489257812,85.03663050189341,291.4140272395764,0.36782029271125793,1,0.5450333958616035,0.1441936823195625,8,control
403,103.95530700683594,506.186767578125,91.47380527693717,266.6085720473195,0.5733892917633057,1,0.09132194185512195,0.15013116609617524,8,check
404,113.84492492675781,638.0985107421875,84.52267373965392,333.10255647508524,0.45409905910491943,1,0.08672703897324262,0.11004151430419278,8,check
405,119.7253646850586,632.8253784179688,87.96800745179998,331.01471089695195,0.6326658725738525,1,0.030989752155229783,0.1458032505008097,8,control
406,126.19451904296875,619.8905944824219,92.65018454233285,325.4855754737718,0.39690402150154114,1,0.8996657120475111,0.22587552158931573,8,control
407,130.03036499023438,643.8746643066406,92.07014183601373,337.3270640816155,0.6345385313034058,1,0.2026783318046016,0.12226152559809327,8,control
408,130.72174072265625,554.5233917236328,100.55872150202599,293.29356919899277,0.31078335642814636,1,0.594107150880498,0.17689782188235728,8,control
409,131.97915649414062,475.10679626464844,108.24807330720873,253.64280986474623,0.5489006042480469,1,0.058910472199300984,0.09696024740834537,8,control
410,132.09381103515625,538.5027770996094,102.46176125615935,284.98897697215403,0.7458245754241943,1,0.46542552580379093,0.17608854303644234,8,control
411,134.81813049316406,498.1408233642578,107.69237324738894,265.39859603123443,0.463979572057724,1,0.19224906103813405,0.2196630710842127,8,control
412,136.21713256835938,460.7640838623047,111.69508123985815,246.95206562549546,0.5260132551193237,1,0.09004404806737044,0.07910612370024366,8,check
413,139.80056762695312,546.4573516845703,105.61997184757124,289.7256799449892,0.6000428795814514,1,0.3086806745103881,0.2261784397850782,8,control
414,142.82864379882812,447.37945556640625,116.16348479260984,240.84070781906175,0.6359009742736816,1,0.07268115348805045,0.09920051439484445,8,check
415,143.71847534179688,537.3398590087891,108.69791440106133,285.6096850821011,0.4219627380371094,1,0.30712932509728363,0.12856924586486587,8,control
416,155.53221130371094,564.5894775390625,112.07242716496714,300.2330606333076,0.2511284649372101,1,0.20779530214479414,0.1394467037322109,8,control
417,160.48805236816406,526.5720825195312,118.01071228355161,281.6896936913109,0.3638618588447571,1,0.24691917059219132,0.20594344460555386,8,control
418,160.8182373046875,559.7562561035156,115.06119228015476,298.19145802946673,0.3342376947402954,1,0.049614572849399845,0.13329482738321505,8,control
419,167.9736328125,503.8630676269531,123.6009709928391,271.0356672000213,0.5201237201690674,1,0.13216749865230043,0.10494483481633739,8,control
420,169.45545959472656,514.9515686035156,123.39291619638243,276.58974530255637,0.3074142634868622,1,0.23680174926230727,0.15178467197108006,8,control
421,171.7626953125,518.4731140136719,124.26149723287661,278.5629208942657,0.5699924826622009,1,0.1919081965463676,0.1837838513196648,8,control
422,179.71356201171875,464.9180603027344,133.24720764160156,253.74395751953125,0.48145124316215515,1,1.9563950497891858,,8,control
423,187.06344604492188,539.0256805419922,130.04198687174863,290.1606212729332,0.6698832511901855,1,0.04847711922247965,0.13835117636241157,8,control
424,189.0475311279297,490.5615539550781,135.39231809742068,266.339250399111,0.4585852324962616,1,0.09727303639726624,0.12444394309009552,8,check
425,192.9366455078125,450.0090637207031,141.16262817382812,247.38961791992188,0.4980495274066925,1,1.7149484478979848,,8,control
426,195.3780975341797,486.3482971191406,139.00406405345558,264.83597988272624,0.46361106634140015,1,0.27241763603966795,0.13618350824116515,8,control
427,196.71890258789062,496.4246520996094,138.87171464013147,270.05573400725063,0.49198952317237854,1,0.5485730958815167,0.22135629756166628,8,control
428,206.7374725341797,521.8495330810547,141.4231419585207,283.4533794959648,0.26366961002349854,1,0.19290277583163437,0.1308351560624818,8,control
429,208.97402954101562,460.5554504394531,147.99508666992188,253.14849853515625,0.5787081718444824,1,0.13797982341420423,,8,control
430,214.6128387451172,515.2822265625,145.7545276653499,280.793750627035,0.5936235189437866,1,0.25469631301192963,0.18296561701896286,9,control
431,223.13746643066406,532.6566772460938,148.84572855999264,290.35667178832114,0.44793421030044556,1,0.6639496475853539,0.1773960501117359,9,control
432,239.195556640625,457.08056640625,163.37114577335555,253.93690614001997,0.4989798665046692,1,0.39361572899773617,0.13605109043142566,9,control
433,241.826904296875,593.0670166015625,152.5149049164828,321.67298002151443,0.3016611337661743,1,0.12692363364087555,0.12091925768197369,9,control
434,251.34043884277344,566.949462890625,159.6100421096413,309.6555840237277,0.4531366229057312,1,0.1417314593415757,0.11980011223032068,9,control
435,261.56353759765625,621.1087951660156,159.93068878926198,337.3948086759721,0.4248603880405426,1,0.16550291638523237,0.12469897948643613,9,control
436,268.6173400878906,612.4547119140625,164.16515633533666,333.6928403268799,0.43323948979377747,1,0.08632387990886706,0.1290666892764839,9,control
437,274.57395935058594,621.6345825195312,166.35258291876943,338.8209543298669,0.2975289821624756,1,0.2270599272454453,0.13120679020060638,9,check
438,281.2722625732422,495.36521911621094,180.7228477326687,276.694151015037,0.4664139747619629,1,0.1368767870000242,0.14707530128465446,9,control
439,282.19114685058594,462.9733581542969,184.06805128776566,260.7421474448425,0.5588340163230896,1,0.09456487023624288,0.1054613853166439,9,control
440,290.7180633544922,604.5211486816406,175.86794076966004,331.5754271580909,0.5731831789016724,1,0.10356454511075454,0.15266670937207014,9,control
441,298.0080108642578,513.5800933837891,187.65876664919136,287.38020167025206,0.4391643702983856,1,0.5324709693796115,0.1754782189865457,9,check
442,301.65541076660156,618.7791748046875,179.9942880292451,339.5656890404909,0.572053074836731,1,0.11716543080505169,0.09422632507124029,9,control
443,305.4900360107422,505.7388000488281,191.73699539701724,283.87909603627725,0.5208613276481628,1,0.3265478709154812,0.2060914402757969,9,control
444,305.77040100097656,446.0757141113281,197.36397027243433,254.52795558492983,0.6782686710357666,1,0.19541158261430416,0.10877346243409106,9,control
445,306.5178985595703,587.3134765625,185.21160969794627,324.3893601835464,0.5743075013160706,1,0.08524467844839705,0.15503517955576038,9,control
446,311.31898498535156,513.7689514160156,194.10448973591443,288.5051135083197,0.4369799494743347,1,0.18202937797517812,0.19519223139702802,9,control
447,312.4540252685547,433.1207275390625,201.83699605881657,248.68583322125306,0.3529979884624481,1,0.2202184999023849,0.14992425938261986,9,control
448,312.9518737792969,454.3875274658203,200.19985747728745,259.2366723201068,0.7198308706283569,1,0.1959231770902942,0.16420883831393476,9,control
449,313.87403869628906,494.9745788574219,197.04160609539716,279.33262628529104,0.2737730145454407,1,0.10160892467921154,0.13002025826222968,9,check
450,321.3846435546875,636.4161682128906,188.16731342822683,350.0291071236734,0.38905802369117737,1,0.1734428507067672,0.13328185621021893,9,check
451,325.7936096191406,470.43788146972656,205.09918100602025,268.25105446128134,0.4574519693851471,1,0.09018888004005729,0.10831105585664329,9,control
452,333.4602508544922,516.6124267578125,204.85979615866893,291.7774018317336,0.42383629083633423,1,0.1539679223813347,0.15696825996580233,9,control
453,336.17681884765625,482.676513671875,209.27008593596494,275.3262367192466,0.5728194117546082,1,0.3942357892432212,0.1587647788745064,9,control
454,338.75128173828125,613.4423828125,198.97156718831988,340.2194511789127,0.5193619728088379,1,0.21646462618657386,0.11969581369574263,9,check
455,342.7095947265625,467.2502136230469,213.7590777707098,268.25976169645935,0.47518882155418396,1,0.25236539117484114,0.1669319792491997,9,control
456,349.86419677734375,435.74436950683594,219.5530900693525,253.18063904896457,0.3400273025035858,1,0.9003803798332802,0.1742255855643867,9,control
457,351.8817443847656,545.2076568603516,211.3788748124892,307.4912568804242,0.43061351776123047,1,0.06528014074612126,0.11258355460388465,9,control
458,358.0226135253906,582.0675659179688,211.20675489254285,326.25436715603917,0.3335385024547577,1,0.026157620919465992,0.11040230836375801,9,check
459,358.542236328125,610.3732299804688,208.94035356554238,340.2771986647444,0.3243616223335266,1,0.09741433074981427,0.12652314905700265,9,control
460,362.7723388671875,589.2825012207031,212.99725991980634,330.2610555316972,0.348834753036499,1,0.16164597866793734,0.08015179058034383,9,control
461,362.81036376953125,518.5273895263672,219.2661838035221,295.29345173520767,0.273122102022171,1,0.2730372686731136,0.13681776239827953,9,control
462,362.8172302246094,449.0026397705078,225.09584045410156,260.7454528808594,0.6489884257316589,1,0.4052857661198032,,9,check
463,367.1652526855469,576.5035095214844,216.1387582469464,324.2074051969817,0.5680213570594788,1,0.20936645004366164,0.12496016355647786,9,control
464,372.92333984375,624.1325988769531,214.98152852444704,348.33281340381046,0.6035734415054321,1,0.17569664029146173,0.12768496584444708,9,control
465,377.3623962402344,507.33470153808594,227.41488377984618,290.9951743675549,0.640661358833313,1,0.20459462732794884,0.11493640666138435,9,control
466,378.4251403808594,443.58526611328125,233.4754220396775,259.4969961292261,0.591393232345581,1,0.17303114856378732,0.10818639142261374,9,control
467,385.51434326171875,561.1046447753906,226.64882576896912,318.1920310605741,0.7591245770454407,1,0.05512368146669499,0.14041296021070657,9,control
468,392.2406921386719,582.17431640625,228.15928693811688,329.2126951342609,0.36610692739486694,1,0.04931729645312571,0.10487917722687962,9,control
469,399.5174865722656,640.8807067871094,226.63773517864095,358.9114070235242,0.5573345422744751,1,0.08670843625695274,0.09489159740128092,9,control
470,408.5258483886719,528.5428161621094,240.79048048907654,304.0818578642886,0.5947666764259338,1,0.16181559831225553,0.14613542695597256,9,control
471,412.48992919921875,540.1950531005859,241.98933904056665,310.4531890465976,0.39543864130973816,1,0.628665020885093,0.18895880448474187,9,control
472,418.443603515625,461.2871856689453,251.68430160414124,271.79683641025815,0.468414306640625,1,0.13746965729364438,0.1348706875142095,9,check
473,419.69329833984375,587.5669555664062,241.3834539523055,334.33251102011644,0.5487977266311646,1,0.364312334004614,0.15957708040011587,9,control
474,419.8117980957031,598.3735046386719,240.40996104295013,339.5805051931674,0.7710632085800171,1,0.12354759205686712,0.13602068829160402,9,check
475,423.8020935058594,530.9086303710938,248.14148731497542,306.4897411899891,0.4659556448459625,1,0.21457158487481942,0.16758173108844418,9,control
476,424.4399719238281,638.8926086425781,238.95836712983098,360.0940073396339,0.5238825678825378,1,0.2953040794884395,0.16568458662732805,9,control
477,427.520263671875,441.2345428466797,257.77457417461227,262.6621693859121,0.3095858097076416,1,0.13075138964641034,0.17230549604687453,9,control
478,435.4438171386719,641.3286437988281,244.09353637695312,362.50563049316406,0.5182302594184875,1,0.7967718386312023,,10,control
479,447.6770477294922,438.7939910888672,266.36810302734375,261.33734130859375,0.335513710975647,0,4.9433640154675755,,10,control
480,447.75062561035156,464.1212463378906,265.899956929006,275.73743178843614,0.5981181859970093,1,0.19177657798338224,0.14864263689170995,10,control
481,457.8801727294922,440.4621887207031,272.96738545738214,264.9597125888387,0.4411819279193878,1,0.24920183624839115,0.13744696580276244,10,control
482,460.5091552734375,623.994140625,258.23781942000187,355.69542280612484,0.5620182752609253,1,0.07304771068795082,0.12284745525756341,10,control
483,462.6350402832031,596.2125854492188,261.5503956102669,342.0684418960524,0.5773459076881409,1,0.3066787270702491,0.18699851020092442,10,control
484,464.9106140136719,513.1696014404297,270.0379801751963,301.3299502126456,0.6408916711807251,1,0.07362832677278466,0.10298053025223143,10,control
485,466.9810028076172,623.9165649414062,261.5276465971402,356.2751382169206,0.5305599570274353,1,0.25745042748562164,0.15504201311503846,10,control
486,469.8743591308594,482.83270263671875,275.00929125710223,286.688606073785,0.7632931470870972,1,0.3017135606700761,0.14296911474601062,10,control
487,473.6083221435547,474.1539001464844,277.7773604313237,282.8766530628336,0.7422152161598206,1,0.2200962486269246,0.11605951311351681,10,check
488,482.51258850097656,447.5638122558594,284.2987434590433,270.4818013323205,0.3984408676624298,1,0.1563476240220083,0.19044966381578768,10,check
489,483.2713623046875,601.3783569335938,271.17739858158126,346.48232950465933,0.27057668566703796,1,0.44016343486478304,0.2795310726407386,10,control
490,483.98402404785156,530.2036895751953,278.0049995945607,311.4318101522698,0.6891047358512878,1,0.19597357520525735,0.11524815799107366,10,control
491,488.97682189941406,468.31431579589844,285.8839828982425,281.45055372844485,0.5049930810928345,1,0.4118320854714082,0.10069100306610858,10,control
492,490.55519104003906,638.2607727050781,272.1055145263672,364.99696350097656,0.5948536396026611,1,0.9007678177364122,,10,control
493,491.50852966308594,580.5864562988281,277.22386774504395,336.8709100566695,0.4303402304649353,1,0.07985837041839218,0.18224839847223268,10,control
494,497.7254333496094,484.83563232421875,288.73357870576746,290.28609647838596,0.5362151861190796,1,0.31425713267190314,0.16136680762923838,10,check
495,503.43873596191406,486.5884704589844,291.3077416629979,291.5631367213981,0.5748158097267151,1,0.1058923962012539,0.16798341462151167,10,control
496,506.7117156982422,613.3007202148438,282.0028825413616,354.2841205459968,0.7040272951126099,1,0.22387294493664464,0.13555252776629387,10,control
497,507.3005828857422,447.8242645263672,296.4136663624177,272.8343670406446,0.40155911445617676,1,0.17009549991007203,0.16315695900208643,10,check
498,507.5992889404297,447.9001922607422,296.54042677898,272.86173845682276,0.5781735777854919,1,0.19376158499354507,0.16096420157111693,10,check
499,514.9558563232422,541.295654296875,292.4752268588669,319.6951327183393,0.5724782943725586,1,0.6901930457140882,0.19287704174994644,10,control
500,515.1942749023438,552.8845367431641,291.39370892388365,325.3469883312851,0.5421465635299683,1,0.28057158832135665,0.14168780066102885,10,check
501,516.2316131591797,463.6531524658203,299.4353921761997,281.2786044531368,0.5588797330856323,1,0.24283708292450062,0.1362030478972369,10,control
502,526.0641937255859,484.5493621826172,302.53686086299797,292.5268433285172,0.3774911165237427,1,0.05680815159642208,0.12175529031394595,10,control
503,526.5333404541016,626.7098999023438,290.4909675864394,362.63047608856533,0.4810563623905182,1,0.03430064210578626,0.08647303518093523,10,control
504,534.8807525634766,462.6295928955078,308.80723852118035,282.46723206696583,0.6036295890808105,1,0.11317852503211663,0.15160987628190134,10,control
505,543.1393280029297,490.3229675292969,310.48422425405016,296.8679372844892,0.5615857243537903,1,0.18180485529912185,0.151560676537764,10,control
506,547.2749938964844,543.6957702636719,425.0325887534613,336.80746306994894,0.3260333240032196,0,238.07909432078185,1.5886514128314224,10,control
507,556.9237670898438,586.6849060058594,308.87123021427465,345.4141874288419,0.3941318988800049,1,0.0897656864665903,0.10421652979543558,10,control
508,562.6585083007812,438.09303283691406,324.6260935320116,272.9092977394896,0.316931813955307,1,0.3837144067936909,0.14813416366455104,10,control
509,569.2830505371094,432.1311492919922,328.18034358697327,270.321020035792,0.30279049277305603,1,0.26511748024492154,0.14161957421309754,10,check
510,572.3858032226562,583.4493103027344,316.79721184784194,345.1565932969298,0.5991025567054749,1,0.08664833266828059,0.17746495838402265,10,control
511,574.6051330566406,503.52020263671875,324.40838244205486,305.6378925194331,0.4077428877353668,1,0.9300903728467275,0.24229093701861676,10,check
512,574.9317321777344,492.2152404785156,325.72003393277123,300.2693293772949,0.546177089214325,1,0.4471075126074212,0.17443641846974686,10,control
513,580.9518127441406,613.4425354003906,318.4832435525473,360.72572869612605,0.49209803342819214,1,0.22263177828276579,0.1683243090598363,10,control
514,581.3952026367188,545.2914276123047,324.47004482507424,327.1165512141992,0.5258596539497375,1,0.0495217465848629,0.11178888058804938,10,control
515,583.0130615234375,434.02867126464844,334.8366995514255,272.56739357488823,0.43455010652542114,1,0.1279684497921243,0.13556233813794186,10,control
516,584.3881530761719,453.9475860595703,333.88870340928435,282.6243660783165,0.5089273452758789,1,0.43964248830921576,0.18340859670871876,10,control
517,588.5268249511719,518.3835144042969,330.2605275426099,314.4261159112804,0.5979120135307312,1,0.13645974319582466,0.17126683097561882,10,control
518,592.5106811523438,603.5526428222656,324.86128164037103,356.65600110535837,0.44039812684059143,1,0.265590743187458,0.13086117530535946,10,control
519,593.1211547851562,444.72898864746094,338.8016230687923,278.6457478480472,0.30355244874954224,1,0.08002657478229505,0.1309227126429298,10,control
520,605.0159301757812,534.0866546630859,337.01394420958786,323.50115678832213,0.34437018632888794,1,0.25759507638047446,0.17073779290372335,10,control
521,606.6506958007812,437.6576843261719,346.13654851572034,276.44661271997643,0.5650308132171631,1,0.27777261187330415,0.1481427371632744,10,control
522,623.8943176269531,513.1893615722656,347.95526580978753,314.9231681822409,0.43137601017951965,1,0.10354917459929514,0.09994425273559021,10,control
523,630.2668762207031,583.8721618652344,345.1876346141917,350.3678706113986,0.5222352147102356,1,0.29528155374741816,0.12255651450435885,10,check
524,630.8142700195312,440.55059814453125,357.62429644415886,279.9499771680738,0.3841439485549927,1,0.18857548849189057,0.13464921570335542,10,control
525,637.2460327148438,432.29783630371094,361.3033152576503,276.28822828490297,0.34462982416152954,1,0.28117183410232677,0.14902721669160865,10,control
526,645.6031341552734,543.7979125976562,355.9785565851785,331.85420650008876,0.4361315667629242,1,0.03378971114627739,0.10431457213691706,11,check
527,650.4644012451172,494.6653594970703,362.4929393125317,308.02365170086847,0.6285479664802551,1,0.2226611136341107,0.1212557877117604,11,control
528,654.2465515136719,552.1986846923828,359.52247927465964,336.7229590584934,0.5916192531585693,1,0.04763653772618558,0.14661230452451526,11,control
529,660.1611022949219,619.2799987792969,356.6670969776461,370.2229521948936,0.5625706911087036,1,0.02149607224411081,0.17960158561707487,11,control
530,663.3379974365234,496.93896484375,368.6394241315571,310.32386074009906,0.44432327151298523,1,0.013827735784749887,0.17039123532430425,11,control
531,663.7478942871094,505.548828125,368.10986818163104,314.55771909375625,0.6510952115058899,1,0.07150333725912639,0.1314108759385278,11,control
532,665.2402496337891,614.6188354492188,359.59147895064854,368.43936305541894,0.725699245929718,1,0.17238682537991962,0.09629503131786646,11,control
533,666.5427093505859,440.6227722167969,374.897901155694,283.00016776798634,0.6383867859840393,1,0.1815812177401882,0.10844785668932885,11,check
534,675.8113403320312,453.56219482421875,378.5095819642183,290.2186451900956,0.33344173431396484,1,0.3018182794555556,0.16578893387698457,11,control
535,676.8277893066406,497.84434509277344,375.1722181091214,311.9684665134117,0.5917225480079651,1,0.10813949231953401,0.15183718820740258,11,check
536,680.7573394775391,448.6438446044922,381.2563244078562,288.14577177109,0.42284584045410156,1,0.06876181197790136,0.14657826920828881,11,control
537,681.8556976318359,571.9952392578125,371.2498654627376,348.7140305794183,0.691882848739624,1,0.1674819443919817,0.14238915604964267,11,control
538,684.3198394775391,545.4507446289062,374.8160692222248,336.1405609809257,0.31427380442619324,1,0.41838189983851565,0.1888981686884233,11,control
539,689.0247497558594,537.1536407470703,377.67742614746317,332.25816427033044,0.5389702320098877,1,0.15162331522759384,0.16204259624870213,11,control
540,702.0154266357422,642.7457580566406,375.21253331189325,385.4077358128306,0.5047503709793091,1,0.2845924064022878,0.12329658089122537,11,control
541,702.0992279052734,439.7025604248047,392.407422615074,285.5889918903476,0.6914524435997009,1,0.07838935907611921,0.0992370970372711,11,control
542,704.2697601318359,506.64015197753906,387.7671288811591,318.5727637451158,0.3028959631919861,1,0.00426307932298738,0.2002989497495583,11,control
543,705.2337493896484,614.2519836425781,379.1450216787186,371.5051044944175,0.46095550060272217,1,0.09279900487883089,0.1106295948405504,11,control
544,709.3493194580078,515.8724670410156,389.4108045118899,323.4422586480851,0.5126805305480957,1,0.21328090684570805,0.14880233225779035,11,control
545,712.1484680175781,606.4722900390625,383.05530007060133,368.14407679744596,0.3891283869743347,1,0.3483603398006181,0.12619767933567538,11,control
546,717.8999938964844,477.35939025878906,361.06732177734375,276.0545654296875,0.28327420353889465,0,93.33500685215466,,11,control
547,721.0283355712891,505.36082458496094,395.55646775796697,320.4056828044447,0.325942724943161,1,2.2915711323429737,0.7367323682093584,11,control
548,721.9249877929688,540.8598480224609,393.54771631361945,336.98022921278994,0.7103480100631714,1,0.2779751966081912,0.13605690837819698,11,control
549,722.4901123046875,554.7342529296875,392.56261389943165,343.6711603938347,0.7129599452018738,1,0.11674957977955822,0.16212148955296146,11,control
550,727.9421234130859,521.1693725585938,397.75774912502413,327.23893968659456,0.36206749081611633,1,1.1322234031708156,0.6355976650840403,11,control
551,729.2897033691406,616.6875305175781,390.6659851951959,374.76976918064673,0.4746612310409546,1,0.06674741677385676,0.16454381642250276,11,control
552,730.2494964599609,462.16957092285156,404.2093581552946,298.9330051905489,0.6609719395637512,1,0.137848476761618,0.09807275384406913,11,check
553,741.9137420654297,554.3222198486328,402.16301487265025,345.214904188523,0.48927804827690125,1,0.2339761973502444,0.13850019190557455,11,control
554,743.8357391357422,445.97828674316406,412.16151800116904,292.2781091537103,0.5008954405784607,1,0.14606297800680468,0.08806509650042685,11,control
555,745.8245239257812,540.5758361816406,405.18382850996863,338.7436457818498,0.43381091952323914,1,0.12708948897711755,0.2268365633762376,11,check
556,752.3647308349609,510.1487579345703,410.88079336810017,324.4643249637134,0.34188902378082275,1,0.17944622811973093,0.23231834117646916,11,control
557,753.3376159667969,623.0940856933594,401.91004248485507,379.98971426012514,0.6441394090652466,1,0.2509979377359,0.12113866322652708,11,check
558,755.1725616455078,617.4951477050781,403.18524461573423,377.31601933213165,0.5569553375244141,1,0.019962542137043984,0.11060927992268772,11,control
559,756.5473785400391,598.8501281738281,405.35842311553154,368.18964031829785,0.5666157007217407,1,0.19939350711822834,0.14270333736759394,11,control
560,762.0049896240234,517.8741455078125,414.938613532578,329.03215933122925,0.38262006640434265,1,0.13140504661129432,0.14524293726061951,11,control
561,763.8605804443359,446.373046875,421.89378473922585,294.23521577762165,0.4195980727672577,1,0.28894902560799635,0.1519844314083061,11,control
562,771.6939392089844,454.982421875,424.8744162306433,298.95306963566344,0.4036935567855835,1,0.09488759318106336,0.08974401444648919,11,control
563,778.1646423339844,582.1783752441406,417.33295897082866,361.9022262856094,0.5519300699234009,1,0.02266975579209203,0.14087983313082242,11,control
564,778.2109680175781,517.3539886474609,422.8074899198078,329.980236663116,0.5126489400863647,1,0.23315970315568615,0.16973020503116137,11,check
565,781.4288940429688,612.8908386230469,416.3959362528191,377.20806039588854,0.43493422865867615,1,0.14597428326385262,0.13162102708783469,11,control
566,781.9952392578125,486.5960388183594,427.20204959786287,315.1855419260595,0.5238037705421448,1,0.33386139959969463,0.10667812562329751,11,control
567,789.58642578125,501.8343505859375,429.6262013402096,323.32222393034334,0.6041561961174011,1,0.2672358556806102,0.1310259810385035,11,control
568,796.2232360839844,578.4710083007812,426.508878160176,361.53909791420347,0.42014169692993164,1,0.20223010300666977,0.14495638099221708,11,control
569,802.437255859375,488.0090637207031,437.0562889798155,317.7987221865048,0.284176230430603,1,0.07924009840720295,0.11699558021186085,11,control
570,802.9274597167969,574.7620849609375,430.0982350374173,360.2422442405908,0.5249552130699158,1,0.2850356767780537,0.12800281970945293,11,control
571,806.7120971679688,549.9988403320312,433.88000692572433,348.4662535806936,0.5133765935897827,1,0.08524728596194875,0.11708916068834663,11,check
572,807.0867004394531,456.6327819824219,441.88975621829155,302.81047273609596,0.4421847462654114,1,0.035034879080000726,0.10541094877101254,11,control
573,808.5852966308594,554.4614105224609,434.1825640382324,350.37676897274855,0.33907416462898254,1,1.0787632561414535,0.34465174305994284,11,control
574,817.1961975097656,539.2030944824219,439.76536818491587,343.9653454066893,0.44363242387771606,1,0.3625811096963432,0.17476067935268338,11,control
575,819.2810668945312,639.9576721191406,432.4119125886606,393.61111252829284,0.6685580015182495,1,0.20728316694406335,0.14554571854119633,11,check
576,5.931786060333252,815.5111999511719,13.904623985290527,412.5393371582031,0.3106826841831207,1,0.4663393705448114,,12,control
577,11.339442253112793,754.3914947509766,22.095327377319336,382.1018524169922,0.2730127274990082,1,0.9928674112675226,,12,control
578,13.71768569946289,680.5235748291016,30.512744903564453,345.8260040283203,0.36465346813201904,1,0.38406108705389685,,12,control
579,18.017581939697266,706.0479278564453,30.176290969650086,358.86438571634864,0.5434696674346924,1,0.01909435171489213,0.08380519736085369,12,control
580,28.268320083618164,815.2160339355469,25.356895749683027,414.50792760788806,0.3259117007255554,1,0.15738824098178406,0.12492172241629311,12,control
581,34.39167785644531,809.5879821777344,28.8534568233697,412.0635322919025,0.41798514127731323,1,0.31481355787913695,0.16785979514777066,12,check
582,36.93552780151367,646.9049377441406,45.08011645318816,330.9628594889798,0.7664143443107605,1,0.08767988566258218,0.09226867731056171,12,control
583,37.5167236328125,831.8297729492188,28.467981303297343,423.60257914973715,0.6130410432815552,1,0.179329500184387,0.13119525795999462,12,check
584,40.18051528930664,790.5185546875,33.650039632601995,403.1363719557345,0.60884690284729,1,0.15917929871494924,0.20911838442484557,12,control
585,41.8950080871582,705.2167510986328,42.13329972969058,360.29910540365324,0.36056381464004517,1,0.49238798838689996,0.17447516133867536,12,check
586,41.924137115478516,705.3157043457031,42.13518575829305,360.3458287223754,0.48056820034980774,1,0.5051328907190658,0.1747952306637741,12,control
587,42.495941162109375,772.87890625,36.60123874921774,394.6266598398941,0.5006541609764099,1,0.5338391033019606,0.2229136975256574,12,control
588,49.64925765991211,712.151123046875,45.51723678925749,364.4770195168722,0.3884020149707794,1,0.30088579929241566,0.11856500921837576,12,control
589,50.280879974365234,760.5026397705078,41.468169003687855,388.96673420678894,0.2891394793987274,1,0.18966806658697946,0.18313034030490336,12,check
590,56.201873779296875,754.4693298339844,44.82065787494041,386.20050552742674,0.5906776785850525,1,0.49830783658192856,0.18282847713387526,12,control
591,60.15727996826172,819.8152465820312,41.11786696987483,419.46241929814863,0.5222144722938538,1,0.11504182378160153,,12,control
592,64.29290390014648,807.8656616210938,44.24887181707949,413.82853386376536,0.4821494221687317,1,0.07759856780682424,0.09053356605782448,12,control
593,70.94913482666016,648.9418487548828,62.083531778893466,334.97845426957537,0.3732984960079193,1,0.2546580510611727,0.10472884985729318,12,control
594,72.0687026977539,704.7978210449219,57.4953170440233,362.8659543977384,0.5782805681228638,1,0.05106659656262941,0.10211142235354838,12,control
595,73.61433410644531,722.9280700683594,56.63881580618828,372.10464100074,0.31770187616348267,1,0.10345572737215672,0.11193947567952874,12,control
596,77.09591674804688,787.1770935058594,52.765487726598415,404.80494599422065,0.25010523200035095,1,0.7055563294838013,0.22941399464459086,12,control
597,80.74870300292969,688.9508056640625,63.08141622410917,355.4787128273664,0.4084250032901764,1,0.6203403529606081,0.2541997198485671,12,control
598,81.83247375488281,749.4665222167969,58.28445043281007,385.9904706299046,0.39308810234069824,1,0.20206577011621524,0.13826073252276627,12,control
599,90.88552856445312,703.7875061035156,67.14861563720328,364.07565286164834,0.36513954401016235,1,0.27400382222454883,0.17270494869095343,12,check
600,91.12096405029297,682.314453125,68.98743435127594,353.12975527284414,0.5444051623344421,1,0.38058395997239797,0.200149586390591,12,control
601,92.29340362548828,795.3269653320312,59.49092319841148,409.88691259856375,0.627223014831543,1,0.0364573660703982,0.11359587706720282,12,control
602,101.9103012084961,663.8793182373047,76.2524589412867,344.98913550530676,0.42165809869766235,1,0.07171955847274908,0.10090681505888623,12,control
603,111.9726791381836,850.3531799316406,64.89554595947266,439.3714294433594,0.33156618475914,1,1.1162981397053953,,12,check
604,114.03111267089844,665.8972930908203,82.08358128913906,346.9915560468785,0.5175794959068298,1,0.09194519885018311,0.08793456008592854,12,control
605,121.77107238769531,849.52197265625,69.50080108642578,439.3639678955078,0.419872522354126,1,0.3302444503091916,,12,check
606,121.9622573852539,753.136474609375,78.15716530114624,391.36287195650476,0.4971331059932709,1,0.22870033279475843,0.15876206169436402,12,control
607,125.6572494506836,747.4381103515625,80.5818221131867,388.73441366123365,0.5777470469474792,1,0.022210412990872903,0.11106147230540245,12,control
608,125.902587890625,652.4431457519531,89.02483306922448,341.27198761625937,0.4692140221595764,1,0.5222215158925723,0.21125738658696527,12,control
609,130.19187927246094,757.2918090820312,81.97391352105574,393.9738853420332,0.4819374084472656,1,0.1310232754817296,0.1418506352157334,12,check
610,133.8841552734375,750.6439971923828,84.42643293354564,390.99778493764694,0.38402366638183594,1,0.06429183836858658,0.1416186774212605,12,control
611,140.72850036621094,826.0842590332031,81.08993836821892,429.3262214989053,0.3262011706829071,1,0.07672616965775163,0.12832123111288646,12,control
612,145.9011688232422,736.6779937744141,91.72785420752624,385.1489656091843,0.32937175035476685,1,0.1566660133143237,0.09986434930633037,12,control
613,151.73211669921875,717.2960815429688,172.29484644145202,491.62282689472676,0.25889429450035095,0,274.4384080869787,1.9145571372414305,12,control
614,158.00927734375,742.9937896728516,97.25744818416828,389.2913529863829,0.676521897315979,1,0.1033630871867609,0.12573590043160832,12,check
615,158.4956817626953,759.5631256103516,95.88514304300976,397.4585376211579,0.5315045118331909,1,0.2843965928029353,0.15641358806344974,12,control
616,169.14862060546875,668.2573547363281,109.53048843412212,352.92699951916995,0.5068792104721069,1,0.03269219512095583,0.13402582114292183,12,control
617,185.5005340576172,705.5092620849609,114.4487970165526,372.9911490410075,0.2859385311603546,1,0.28679597356804715,0.11963491475902446,12,control
618,200.5101776123047,762.2047729492188,116.88089202556169,402.5773635743232,0.39363938570022583,1,0.33619612473083876,0.10772686618495199,12,control
619,208.41004943847656,670.5605316162109,129.03440811601666,357.59675104210527,0.660339891910553,1,0.41119703723094814,0.14032837884012705,12,control
620,209.02015686035156,713.0028076171875,125.56880985024056,378.7608619021255,0.4293973743915558,1,0.3801841415173431,0.13194261452075773,12,control
621,209.4682159423828,808.1691589355469,117.1964221163575,426.2563349921531,0.3384934067726135,1,0.23094792653501375,0.1161651779956233,12,control
622,212.85447692871094,660.0357513427734,131.97237914070786,352.5175850820038,0.422535240650177,1,0.2687147367520345,0.14793043108573603,12,control
623,214.74063110351562,784.3885192871094,121.99848979375805,414.8009047493661,0.5590131282806396,1,0.23478940961921776,0.13788694083482195,13,control
624,221.2156982421875,777.6527709960938,125.7369211187602,411.8800048890502,0.46086427569389343,1,0.060403320721310355,0.1579554777059942,13,control
625,225.7293701171875,689.3421783447266,135.98850374329567,368.2448324716727,0.5639344453811646,1,0.14305613935168937,0.15264862634534354,13,check
626,231.31704711914062,805.7582702636719,128.3028599594061,426.8167351128318,0.580589234828949,1,0.083801470568343,0.09785032547178364,13,control
627,238.76145935058594,723.7545471191406,139.30316888236146,386.4490604859696,0.47146639227867126,1,0.11970866361063413,0.1210044237755914,13,control
628,240.4008331298828,687.6443786621094,143.3918826999942,368.5948612372155,0.3620811700820923,1,0.08376720544722054,0.20838352298027682,13,check
629,241.70291137695312,655.2869567871094,146.88824432755362,352.25748189005196,0.7378610968589783,1,0.7745774913374012,0.24172882516331456,13,control
630,244.57424926757812,832.26708984375,132.61472865971882,441.1721955717096,0.3384969234466553,1,0.1371415292746365,0.09388467613978671,13,control
631,248.6383514404297,723.6840209960938,144.51127226807233,387.4683084621439,0.4937017261981964,1,0.5724647080173695,0.20529033589851994,13,control
632,249.3590545654297,804.9049072265625,137.42202434021812,427.9800450292843,0.39384377002716064,1,0.24466614221645283,0.11544235996989821,13,control
633,256.37083435058594,750.6399688720703,145.7325121675193,401.3733806827886,0.34652647376060486,1,0.02516604016404771,0.1234704981984032,13,control
634,256.7135925292969,714.3836517333984,149.2223883771249,383.3193454223913,0.29495736956596375,1,0.15192267297512166,0.221542296371979,13,control
635,264.08074951171875,677.6896820068359,156.07376007803188,365.6533887274901,0.630384624004364,1,0.08395512514954401,0.09278391977456135,13,check
636,267.64988708496094,845.2930908203125,142.9202423095703,449.3356018066406,0.3404865860939026,1,0.44460801311763665,,13,control
637,270.8661651611328,761.5998687744141,152.00465730723818,408.05368870916004,0.6567168235778809,1,0.005207739145907003,0.12880780849580947,13,control
638,272.5395202636719,835.3746032714844,146.26779826772446,445.0393832439097,0.5316835045814514,1,0.05609334101866192,0.10768873769766682,13,control
639,277.7973937988281,664.8558654785156,164.1127136958495,360.6146514150512,0.6486228108406067,1,0.29415152848938514,0.12445650578427558,13,check
640,282.7636413574219,792.7263488769531,155.2168125422232,424.6474606577915,0.5394375920295715,1,0.17420507663127294,0.11824048786032346,13,control
641,294.8313903808594,791.1431579589844,161.3756011765131,424.8621970495312,0.44765663146972656,1,0.16444682123199433,0.0850410541272548,13,control
642,296.9769744873047,654.4012298583984,174.45867126801892,356.79224513410105,0.44627514481544495,1,0.2762809993448044,0.15562797065330172,13,check
643,304.79322814941406,761.2362365722656,168.97092347805236,410.71380608913273,0.6744968295097351,1,0.04817886779087913,0.12771149032476173,13,control
644,305.0205078125,719.5003509521484,172.9405913563509,390.13387116682844,0.4891355335712433,1,0.4918177616968867,0.15699879814913154,13,control
645,320.11468505859375,820.7188415527344,171.36646416142167,441.7927942644538,0.43993204832077026,1,0.29821762214807856,0.12332888690619195,13,control
646,325.1210174560547,815.6647338867188,174.21596612575144,439.5730339450606,0.4534894824028015,1,0.07071370627441041,0.10169420841218683,13,control
647,326.2877960205078,709.7856750488281,184.26015501333384,386.97440215845506,0.5589808821678162,1,0.15270270833957392,0.12571283744424389,13,control
648,344.3526306152344,736.8373870849609,190.76787831761345,401.8183124782963,0.5563337802886963,1,0.16614041708477625,0.10201046659785337,13,control
649,345.89727783203125,664.8915557861328,198.0025209303045,366.24912806810494,0.5368046760559082,1,0.19407319399547174,0.1528370029864689,13,control
650,350.591552734375,795.3092041015625,188.68358720892,431.4777579507921,0.481892466545105,1,0.13329356523959857,0.11604177188801765,13,check
651,350.7315368652344,691.9118041992188,198.12360141789205,380.2830738406866,0.4896048307418823,1,0.5331369220434968,0.2245995037028928,13,control
652,354.94232177734375,787.6239013671875,191.51728456571834,427.9432453107284,0.4538002014160156,1,0.26120356153434793,0.10338540784282649,13,check
653,355.189208984375,721.1909637451172,197.2603248803059,395.0471433256707,0.627670168876648,1,0.5897729543940614,0.13968871379557457,13,check
654,358.45257568359375,684.6594390869141,202.40709997508665,377.13225175820804,0.6700687408447266,1,0.04479666163808479,0.15925825881013173,13,control
655,362.384521484375,830.7073059082031,191.39510653510902,450.09723830843734,0.5928547382354736,1,0.17326014372320014,0.16404283328208605,13,control
656,364.3515319824219,728.6551055908203,201.26873390831398,399.2765480797962,0.6797700524330139,1,0.5865448009891779,0.1902678860376113,13,control
657,364.6904602050781,821.7039794921875,193.54615262730147,445.97074694714894,0.4442914128303528,1,0.36198574931878397,0.14224249970772807,13,control
658,365.43975830078125,645.8052978515625,209.2730103920438,358.41782326424646,0.4043757915496826,1,0.08845307510106999,0.09262495592520437,13,control
659,370.8175964355469,816.5965881347656,196.93424422387432,443.7873905742673,0.48841509222984314,1,0.08603407321389285,0.11416607298642045,13,control
660,382.9686279296875,713.2606353759766,212.17678739141743,393.49726457205884,0.3551243543624878,1,0.3045377459933848,0.19050323987372633,13,control
661,384.7596435546875,656.9165954589844,218.03534893737057,365.77577335625483,0.3225729763507843,1,0.4527022257025615,0.17687601816194293,13,control
662,391.5234680175781,711.2845916748047,216.4319419071353,392.7532657408262,0.6549672484397888,1,0.8145685585248167,0.18968546408211803,13,control
663,393.6412658691406,703.4946746826172,218.15405994991357,389.23154176726035,0.5968204736709595,1,0.48500725650969045,0.20732419921263048,13,control
664,396.4023742675781,777.3671875,211.4634552001953,424.9849395751953,0.2899876832962036,0,4.286003818154384,,13,control
665,404.7528991699219,784.0783996582031,216.7960458723475,430.4228664948644,0.6102800965309143,1,0.3521244103548863,0.19150106670142045,13,control
666,408.3776550292969,764.0335540771484,220.24594493178526,420.831230523797,0.5744265913963318,1,0.1603580218057825,0.10007007060399155,13,control
667,412.6270751953125,725.7888488769531,225.87713411054781,402.4441358855876,0.7089682221412659,1,0.7695309959281691,0.19477982716773953,13,check
668,412.70001220703125,780.1672058105469,221.032657113935,428.8914208327856,0.610131561756134,1,0.602215727174455,0.19076273341983926,13,control
669,420.61529541015625,807.175048828125,222.42445222025734,443.1911791117991,0.4711453914642334,1,0.15813479099866096,0.15699356902448003,13,control
670,424.18115234375,663.9299163818359,236.92806984912585,372.44317919475236,0.3776390254497528,1,0.3007450829314339,0.1493465635796235,13,control
671,430.1851348876953,797.3738708496094,228.15050027607163,439.20871754576126,0.4904245436191559,1,0.18185750196632292,0.1782962529027982,14,control
672,433.00958251953125,837.8075256347656,225.93589521967772,459.6028844779917,0.5062462091445923,1,0.1361111582751941,0.09658095350059735,14,control
673,434.7465057373047,732.9627685546875,236.09420481695628,407.64764439719426,0.3387574553489685,1,0.3170387009499391,0.17490378518214555,14,control
674,437.8909912109375,681.3803405761719,242.14019785372952,382.3175354292759,0.6186898350715637,1,0.28067540537046487,0.14989724918047417,14,check
675,444.1768798828125,834.022216796875,231.82453308468067,458.61574344337794,0.4832960069179535,1,0.11366696567081115,0.10417201344893025,14,check
676,444.2552795410156,806.1385498046875,234.33398772161894,444.7706901162225,0.2653789222240448,1,0.18303849269152916,0.1284511029655774,14,control
677,445.22520446777344,658.7549438476562,247.48445393172764,371.64255131567273,0.5258572101593018,1,0.2969509338767233,0.25788144641331373,14,control
678,445.70179748535156,756.6147003173828,239.30539188426877,420.17419197589084,0.559301495552063,1,0.08323408351854605,0.11502465593682575,14,control
679,448.81561279296875,680.3444519042969,247.77288728823797,382.82545839215527,0.4743393063545227,1,0.6295233646207659,0.22824494665811818,14,check
680,449.3920135498047,829.3768005371094,234.7842350266653,456.6296165231913,0.4572209417819977,1,0.13061188385096403,0.10206183727191791,14,control
681,454.34800720214844,714.9055786132812,247.16006817440152,400.1813142124305,0.41303279995918274,1,0.19246714837177822,0.09653164241179824,14,check
682,458.1672668457031,660.6854553222656,254.305419921875,374.84996032714844,0.5819414854049683,1,2.496714179482358,,14,control
683,460.15577697753906,760.5831451416016,246.22577855940483,423.4292286113842,0.666437029838562,1,0.21977794280351204,0.15599061600807934,14,control
684,461.9842834472656,779.9777526855469,245.3470538053369,433.2092536919045,0.2974669337272644,1,0.07289363971135357,0.12470193734757101,14,control
685,481.8365173339844,666.3424835205078,265.1005661456934,378.5224869063041,0.3138764798641205,1,0.1410583686735602,0.12670334169020034,14,control
686,492.339111328125,809.3254089355469,257.88326311773926,450.39566479437383,0.5424721837043762,1,0.31506226016168953,0.10686104742830416,14,control
687,494.7359924316406,699.9182434082031,268.5598661273011,396.2106072576803,0.42955154180526733,1,0.14488437714054134,0.110007990408303,14,control
688,497.2589874267578,801.1772766113281,260.9454852959746,446.68325036353315,0.5325866937637329,1,0.10818611166047333,0.10224604466176536,14,check
689,500.5281219482422,739.8716735839844,267.916875980819,416.51846970684056,0.28290417790412903,1,0.1180598822699776,0.13071959815550904,14,control
690,505.5562438964844,753.6877899169922,269.1480649558723,423.6792635614691,0.553224503993988,1,0.1382055424028143,0.14654220584797262,14,control
691,512.5673980712891,720.7552185058594,275.52758557992576,408.0369727486984,0.556559681892395,1,0.12300444983401403,0.11546077284133396,14,check
692,516.2881774902344,645.1410217285156,225.1099090576172,408.6982116699219,0.2552250325679779,0,138.7910065773923,,14,control
693,523.8507385253906,661.5291290283203,286.02239635536415,379.39074539963514,0.33863624930381775,1,0.5624928016620675,0.36970149071177694,14,control
694,534.1995239257812,753.419677734375,283.31686126014347,425.9469724605732,0.6139624118804932,1,0.10375981292298003,0.13648688554362365,14,control
695,534.4542999267578,783.1491394042969,280.98282298315974,440.8528460785124,0.6942283511161804,1,0.31797673898640366,0.1394274472439997,14,control
696,538.0802459716797,658.4821319580078,293.3982391357422,379.12062072753906,0.6241581439971924,1,0.40605250593248526,,14,control
697,540.0021362304688,780.1968994140625,283.9354600099626,439.7919881297667,0.4236159026622772,1,0.196673447884564,0.14695873256302974,14,control
698,544.70654296875,775.2301330566406,286.59929456187695,437.6138040135258,0.5063929557800293,1,0.14058235435941097,0.13842837825038712,14,control
699,544.9409637451172,715.1575927734375,291.99712212482467,408.0285805483419,0.3228108882904053,1,0.2541651663570649,0.15746894202252198,14,control
700,547.2650909423828,688.1866912841797,295.45517672145775,394.80753828567146,0.47806909680366516,1,0.14750199992697266,0.1224498282299692,14,control
701,549.8089294433594,806.7532043457031,286.4254595622796,453.74128926948447,0.588737428188324,1,0.10030891978236184,0.16364734707828407,14,control
702,574.3585205078125,807.4716186523438,298.348668321532,456.0095095582155,0.558468759059906,1,0.26323949481248154,0.22076945042006918,14,control
703,574.4759216308594,660.3785552978516,311.3755852104892,383.4644589648981,0.5905240774154663,1,0.5234544018858556,0.31805515119441835,14,control
704,576.2885131835938,851.0809326171875,295.7129364013672,477.9001922607422,0.3103701174259186,1,0.25890470160918144,,14,control
705,576.4709777832031,718.8770294189453,307.2861866987028,412.67401700187986,0.3394498825073242,1,0.6520988517792551,0.35133778956404105,14,control
706,579.1361999511719,693.4916381835938,310.7005078001059,400.0539729241558,0.4491349458694458,1,0.2070555286735368,0.1678884425990424,14,control
707,580.7897338867188,764.7057952880859,305.33566105596003,435.596770850717,0.27606087923049927,1,0.3092567706750801,0.26570960835369656,14,check
708,586.063232421875,745.8912811279297,309.42426019775877,426.66016036998116,0.49480438232421875,1,0.2082175497935875,0.2341085797794821,14,control
709,593.435791015625,686.4989166259766,169.3206787109375,243.09394073486328,0.261781245470047,0,428.9326854705097,,14,control
710,594.5403137207031,773.3130187988281,311.3169305857138,440.88257367424006,0.4738789498806,1,0.0721065383397277,0.1620273990209067,14,control
711,599.5054321289062,698.7343902587891,320.07846827834675,404.29522095368634,0.2795754075050354,1,0.20239446227937133,0.27732031472947377,14,control
712,600.7955017089844,826.5279235839844,309.8454806486235,467.8281394287837,0.6521376967430115,1,0.20243431282964722,0.12555381043243977,14,control
713,606.19384765625,750.4795074462891,319.02629675703946,430.5306341011375,0.5535302758216858,1,0.0890108764314908,0.11077290410359192,14,check
714,616.2408752441406,846.4829711914062,315.74940490722656,478.56951904296875,0.46258100867271423,1,0.7236159977992299,,14,control
715,618.8909301757812,791.5836181640625,321.8897110459303,452.0654675019948,0.33438658714294434,1,0.5047956962694325,0.13573852200220046,14,control
716,626.8421630859375,734.1408843994141,330.53870838035533,424.1515877705661,0.3947921097278595,1,0.02901280833680731,0.13978336892949322,14,control
717,629.6798095703125,784.9850158691406,327.5582945738396,449.4238737733336,0.2728002667427063,1,0.23461722388737868,0.12219002838270332,14,control
718,634.7360229492188,807.7366027832031,328.08530534363246,461.22641494714003,0.5264477133750916,1,0.01405991278367499,0.25895396337447235,14,check
719,636.567626953125,714.1022033691406,337.13717859164416,415.0692579310925,0.5462945103645325,1,0.2509168361207127,0.1612461832733024,14,control
720,642.7716979980469,668.3307647705078,344.01227093787367,392.91123235213047,0.5389794707298279,1,0.12448727165002756,0.16141239137866653,14,control
721,648.7638092041016,756.2581024169922,339.5109149558023,436.95898061826995,0.43097060918807983,1,0.2880197702115239,0.17044279865276443,15,control
722,652.7799072265625,681.4317169189453,346.7305456598614,400.09069759807176,0.2673756778240204,1,2.0895868696987163,0.6458248034288011,15,control
723,655.0266876220703,717.8762359619141,346.40570947407355,418.72148694776706,0.3740061819553375,1,1.4564330538657781,0.21345842106739907,15,control
724,658.7592468261719,696.0335540771484,348.40773010253906,405.9300994873047,0.3734607994556427,0,4.574229760998982,,15,control
725,661.1850280761719,836.4595031738281,338.52639014707046,477.5248165767887,0.3907792866230011,1,0.25110233053850933,0.18552140292926367,15,control
726,664.028564453125,827.3681640625,337.9674530029297,473.0453643798828,0.38588306307792664,0,5.668918401974124,,15,control
727,667.2244720458984,757.1247253417969,348.51487980142906,439.01311961664646,0.33288100361824036,1,0.4546983272228191,0.21716761804093593,15,control
728,670.0692901611328,692.1781768798828,355.3397280337794,406.9558407003098,0.3514867126941681,1,0.13013746731149087,0.11390565155657244,15,check
729,685.7382965087891,735.7825927734375,359.44163513183594,429.7091522216797,0.43778666853904724,1,0.4714050789746153,,15,control
730,690.1295928955078,701.0136566162109,364.31131682745166,412.90450439881266,0.5227700471878052,1,0.2756780295156903,0.15340695658553863,15,control
731,692.6181335449219,787.1297607421875,358.2458290619317,455.7398561184383,0.5247867107391357,1,0.09453357855633925,0.12586781966679358,15,control
732,694.8152923583984,692.0494232177734,367.4182292557552,408.93583973298934,0.3339029550552368,1,0.13101409850119553,0.1249642155883456,15,check
733,697.9589385986328,660.6735229492188,371.6106328508227,393.74464950873363,0.25099417567253113,1,0.09697107527544699,0.08788508362552597,15,control
734,708.3375244140625,742.0941314697266,370.327880859375,435.4004821777344,0.40344807505607605,1,1.6340314706795307,,15,control
735,710.0968475341797,742.5203857421875,370.327880859375,435.4004821777344,0.3540954887866974,1,0.6779837016699667,,15,control
736,717.8224182128906,750.0322418212891,373.82434602162346,439.85033744497866,0.38733044266700745,1,0.6861353698629357,0.1775506862403351,15,control
737,720.0599365234375,785.1609191894531,371.82263564603386,457.0639546879664,0.2667587399482727,1,0.0005325114518160369,0.19967953425158322,15,check
738,722.8382568359375,829.5581665039062,369.4948529894183,479.3575595453143,0.4217769503593445,1,0.29064704338192904,0.13494914736821634,15,control
739,727.8405456542969,804.1139526367188,373.82444763183594,466.8826904296875,0.391972154378891,1,0.5388671574079842,,15,control
740,729.3790893554688,738.8996429443359,380.33194460040903,434.970599047082,0.541664183139801,1,0.044502389276536616,0.10244129922977396,15,check
741,734.5699462890625,720.9536590576172,384.4066111068093,426.52872458188335,0.5278742909431458,1,0.08851541604533365,0.1300751791913639,15,control
742,734.9139404296875,787.1732788085938,378.92122195944097,459.18041761943357,0.6817302107810974,1,0.19482406172789368,0.11328398582324169,15,control
743,742.2815856933594,793.4272766113281,381.95794526691935,462.8096561458449,0.6694300174713135,1,0.3283766538117402,0.13378414298656588,15,check
744,749.8191986083984,750.0085906982422,389.5597130868101,442.4510875208235,0.5746026635169983,1,0.7409845517373893,0.1747259150394964,15,control
745,755.7545623779297,737.5328216552734,393.33346597565475,436.53823998197686,0.4048926532268524,1,0.12787321650673059,0.17138818271820624,15,control
746,779.1605224609375,723.645751953125,406.0424752898842,431.6947151412129,0.37474748492240906,1,0.40688237866968346,0.15943231104938294,15,control
747,789.33837890625,752.9313659667969,408.397774100782,446.90002653465814,0.49070242047309875,1,0.12836688817699585,0.11823864839554053,15,control
748,789.8695983886719,839.7276916503906,401.72218322753906,490.12037658691406,0.26777103543281555,1,1.1650092927636206,,15,control
749,794.4319152832031,773.1882019042969,409.227734803406,457.29134623035327,0.305550754070282,1,0.1920862625112756,0.12292093399969622,15,check
750,801.6144104003906,830.6572875976562,407.8225967076636,486.2258068801159,0.5692756772041321,1,0.08230552956957456,0.10572571380996552,15,control
751,803.5775146484375,801.6526794433594,411.2018571022863,472.00040275517154,0.4851733446121216,1,0.09627498126096583,0.08975882751962079,15,control
752,816.2517700195312,666.6492004394531,428.8155893731431,406.6454708898857,0.37669703364372253,1,0.21346125523073534,0.16784326764581606,15,check
753,816.3348388671875,689.8914184570312,426.8068430308953,418.0260036881928,0.5237278342247009,1,0.04135071329555248,0.1109051015036742,15,control
754,822.5707397460938,702.3363952636719,428.7848698944743,424.5742550023943,0.7644444704055786,1,0.16486809691780607,0.12129109247776933,15,control
755,827.8916320800781,764.6941528320312,426.17528302072014,455.7859679115292,0.49026456475257874,1,0.0666144599010224,0.08408094246713921,15,control
756,834.7571105957031,739.4168853759766,431.78766530185254,444.0179931779143,0.4109892249107361,1,0.41374679523926894,0.165150794631057,15,control
757,842.0641479492188,702.8395690917969,438.4798126220703,426.64491271972656,0.6395779848098755,1,0.5667688928954179,,15,control
758,844.5702514648438,723.6281890869141,438.0124053955078,437.1112518310547,0.5980790853500366,1,0.7038544288143922,,15,control
