id,src_x,src_y,ref_x,ref_y,score,is_inlier,residual_px,sigma_px,grid_cell,role
0,28.0,68.0,29.010038068552834,67.02997834540903,0.13434405624866486,1,0.9048140917567585,0.7687103977825991,0,check
1,129.0,70.0,129.48001033247255,69.66997696356408,0.31165722012519836,1,0.09554559084658627,0.15553087834162033,0,control
2,72.0,175.0,71.0,175.0,0.2641480267047882,1,1.4957008787990809,,0,control
3,19.0,66.0,17.0,66.0,0.10448601841926575,1,2.4910928651104145,,0,control
4,58.0,146.0,58.45001057419986,145.72997986108794,0.23354697227478027,1,0.04347357928261852,0.11027345053276706,0,control
5,217.0,56.0,217.15002155661847,55.71002290473793,0.30862823128700256,1,0.3342960390247576,0.20747441035986258,0,control
6,97.0,86.0,98.86016645875105,85.33011838171491,0.15018045902252197,1,1.4479220781020121,1.0869366441906938,0,control
7,130.0,51.0,130.35999501391396,50.83004515388084,0.1890360414981842,1,0.13597641194521837,0.2024406588417874,0,check
8,51.0,70.0,53.0,74.0,0.18550071120262146,0,4.500982097328935,,0,control
9,166.0,99.0,164.0,98.0,0.13637816905975342,1,2.594211012489983,,0,control
10,86.0,198.0,86.27997926119609,197.61994259829282,0.26131942868232727,1,0.24351678170088734,0.24609932556177316,0,control
11,113.0,121.0,115.63001385720582,120.57997025059339,0.3053833246231079,1,2.1598678629588046,1.6782594487267162,0,control
12,122.0,46.0,122.47007132743195,45.74999463301283,0.15162132680416107,1,0.018296189768335983,0.20212643438912647,0,control
13,32.0,135.0,32.63002867673992,134.88007794136217,0.17678025364875793,1,0.1919044181166664,0.6843359315551504,0,control
14,100.0,140.0,101.83997677753997,137.58989184317332,0.35759592056274414,1,2.5661449736959416,1.5721773245650323,0,control
15,113.0,153.0,113.82005650438484,153.1600244629952,0.2821834087371826,1,0.5231223613327685,0.7565279092563933,0,control
16,75.0,56.0,75.32000666291647,55.7699842721547,0.2979899048805237,1,0.15990872323263847,0.32346886137635955,0,check
17,132.0,220.0,130.0,220.0,0.1974274069070816,1,2.486738122943091,,0,control
18,200.0,50.0,200.11999700450366,49.669985077912415,0.19066359102725983,1,0.3724565657564556,0.18634857074828656,0,control
19,42.0,158.0,42.26998807554471,157.6700412589262,0.17019887268543243,1,0.22736263283236566,0.24953082392970488,0,control
20,23.0,91.0,23.440033194632093,90.75001784906499,0.16706404089927673,1,0.04116603352884557,0.1476808652072609,0,control
21,59.0,86.0,59.110016751525734,85.91993499685267,0.2650867998600006,1,0.4008042381258034,0.25489698128782606,0,control
22,127.0,187.0,126.23000333092425,186.76998630074178,0.2130545824766159,1,1.2464393552214803,0.5551584292258637,0,control
23,158.0,46.0,156.0,46.0,0.11759286373853683,1,2.4907525423813976,,0,control
24,50.0,207.0,51.09003178898254,206.61996136314485,0.24693457782268524,1,0.6302843609969994,0.3931666234372836,0,check
25,73.0,71.0,72.9600191439263,70.62986807941952,0.242867112159729,1,0.5365122408826741,0.49187391114016793,0,control
26,124.0,177.0,124.0,176.0,0.297965407371521,1,0.901374326639553,,0,control
27,30.0,175.0,30.149999242160558,174.7199862528235,0.11725543439388275,1,0.32985336933311205,0.06438575555230287,0,control
28,104.0,186.0,104.70003628382902,185.46000125228292,0.24548661708831787,1,0.37771381986082614,0.5800697261707658,0,control
29,86.0,106.0,86.28006113764624,105.60999373248654,0.31710073351860046,1,0.25144022815560135,0.13319451783814307,0,control
30,52.0,214.0,52.879982766396694,213.78989834600623,0.1163015142083168,1,0.40483075622337267,0.21211540200447568,0,control
31,168.0,122.0,168.4900107026939,121.66997673816552,0.12310943007469177,1,0.09706977252421964,0.5462090131756481,0,control
32,48.0,90.0,47.860005467404704,89.82993729982458,0.17387747764587402,1,0.6226344111396753,0.1493920197016701,0,control
33,128.0,135.0,131.26006045397472,132.96991092712452,0.19187031686306,0,3.3113328950239054,2.4624335256635907,0,control
34,188.0,82.0,188.41019240080482,81.64986510162899,0.10671451687812805,1,0.13566098289560585,0.6008118816007939,0,control
35,39.0,120.0,39.03999871933148,119.5200779119086,0.1593344658613205,1,0.5012594206480545,0.08380006593477998,0,check
36,177.0,112.0,179.90000238354767,111.2700122499623,0.14518621563911438,1,2.4723066822500996,1.6589263829336283,0,check
37,160.0,64.0,160.37002699670555,63.590013503313216,0.16659729182720184,1,0.20741068118993486,0.2882463196237798,0,control
38,160.0,128.0,161.0,127.0,0.10333552211523056,1,0.9271518153148459,,0,control
39,155.0,141.0,154.0,143.0,0.16365203261375427,0,2.6784551844897435,,0,control
40,69.0,122.0,69.59003604316969,121.63001002543022,0.2526817321777344,1,0.17441405613112843,0.1531545278098795,0,control
41,168.0,162.0,173.0,161.0,0.1059844046831131,0,4.587552707528383,,0,control
42,82.0,89.0,82.55004521278796,88.45994507126915,0.29502519965171814,1,0.3125463094361396,0.46116504910980277,0,check
43,37.0,85.0,37.71000301289307,84.6100291200612,0.23193113505840302,1,0.276982123157857,0.41272613923871426,0,check
44,56.0,131.0,56.470047885981224,130.7099561299916,0.19599801301956177,1,0.05415704069495898,0.1675026249098231,0,control
45,30.0,48.0,30.240000996362824,47.649981632686924,0.10612422227859497,1,0.2655108060621205,0.36000461366919284,0,control
46,185.0,17.0,254.0,170.0,0.1067192479968071,0,167.8555091729479,,0,check
47,443.0,173.0,443.58001516167894,172.71997656068524,0.24510164558887482,1,0.11699335804959496,0.2518704568213429,1,control
48,233.0,66.0,233.9000294881466,65.8299734203661,0.19366201758384705,1,0.4255587200360964,0.27585194082893505,1,control
49,232.0,46.0,232.60007433712107,45.66998874106063,0.14559821784496307,1,0.1554678703327175,0.5602394907192064,1,control
50,319.0,209.0,322.0,209.0,0.1614786833524704,1,2.5352953732719326,,1,control
51,284.0,74.0,286.28000901380665,73.93999146751204,0.10396379232406616,1,1.8094661384086737,0.343226298577206,1,control
52,329.0,155.0,332.0,154.0,0.178891122341156,1,2.6384163288842224,,1,control
53,328.0,177.0,328.56002253558455,178.07999033945123,0.21121573448181152,1,1.3127011995884121,0.9507577462353628,1,control
54,411.0,135.0,411.04002362671594,135.33995212393967,0.1852749139070511,1,0.7162740233006176,0.9623988363331569,1,control
55,424.0,65.0,424.3200057613222,64.72998279126926,0.26042577624320984,1,0.16399980905398573,0.27587548822462465,1,control
56,429.0,51.0,430.0,49.0,0.10075977444648743,1,1.8479780093214082,,1,control
57,312.0,67.0,312.5200481592981,66.63995241144929,0.15473522245883942,1,0.13646166698023343,0.33234505154214194,1,check
58,438.0,204.0,439.5099651796597,204.2599836481492,0.24428559839725494,1,1.144094059426614,0.5641098467659389,1,check
59,413.0,114.0,413.660016996457,113.66997290638993,0.14567063748836517,1,0.2095207871783257,0.5654157915382491,1,control
60,409.0,60.0,410.9500523013199,59.76000672395955,0.1573248654603958,1,1.4715991053017317,0.7969422054221966,1,control
61,333.0,201.0,333.0,200.0,0.21306708455085754,1,0.9049286497144369,,1,control
62,272.0,63.0,273.4500374534002,62.27994066127036,0.15709826350212097,1,1.087321390811685,1.098213719487135,1,check
63,342.0,129.0,340.0,130.0,0.11720044165849686,0,2.7654267760735682,,1,control
64,262.0,66.0,260.0,64.0,0.13348983228206635,0,3.0452521959652903,,1,check
65,416.0,78.0,418.68000866418595,75.91004090289763,0.10416479408740997,1,2.8839948447692896,2.1079057667220837,1,control
66,364.0,144.0,364.4799999073674,143.85004318954077,0.22584201395511627,1,0.07912924728556947,0.276495555571962,1,control
67,347.0,74.0,347.8901151650919,73.71986493162454,0.11557164788246155,1,0.4148657934727058,0.9529418655443463,1,control
68,330.0,219.0,333.0,218.0,0.13685528934001923,1,2.639853161025778,,1,control
69,415.0,201.0,416.0,201.0,0.24557872116565704,1,0.5723186885913164,,1,control
70,226.0,79.0,227.21002603193224,78.81002525456013,0.2186909168958664,1,0.7325369667438056,0.3252132849139384,1,control
71,439.0,127.0,441.0,127.0,0.12130110710859299,1,1.5400773488176287,,1,check
72,344.0,153.0,337.51974341706637,152.26011866188944,0.2441367357969284,0,6.975451996071139,3.2340027953651536,1,control
73,344.0,209.0,350.0,206.0,0.13446033000946045,0,6.180538276157804,,1,control
74,406.0,95.0,407.0,96.0,0.1663016825914383,1,1.334304044760871,,1,control
75,301.0,63.0,301.84004056533377,62.419996615817595,0.19125182926654816,1,0.5027907642139253,0.44759565587133,1,check
76,430.0,119.0,430.0,119.0,0.19120925664901733,1,0.5283918333243017,,1,control
77,293.0,48.0,293.290009384028,47.93999124211348,0.11468341946601868,1,0.25462687345038254,0.3388114153903439,1,control
78,392.0,180.0,395.0,178.0,0.212224543094635,1,3.0839576057434215,,1,control
79,339.0,45.0,340.02002604185316,44.4799577578358,0.12112032622098923,1,0.6141032658631582,0.4707882948102841,1,control
80,374.0,197.0,378.0,194.0,0.22215604782104492,0,4.483564971662059,,1,control
81,364.0,117.0,365.0,116.0,0.10888464748859406,1,0.9315633371595325,,1,control
82,336.0,177.0,336.6699846271153,176.86000225505362,0.15577222406864166,1,0.21384351815970143,0.7654423007677978,1,control
83,442.0,102.0,443.37003099710853,107.4101034234568,0.22147351503372192,0,5.707325060409739,4.922284182080929,1,check
84,571.0,104.0,571.6300316636924,105.36999949808066,0.22657202184200287,1,1.6011682158443719,0.9168726787402944,2,control
85,636.0,139.0,636.9600224113624,139.0600401450582,0.2621707022190094,1,0.5605863413237204,0.5022176890357143,2,control
86,450.0,44.0,450.280006759821,43.83998776529847,0.1307620257139206,1,0.2095910082422601,0.32347756747271844,2,control
87,589.0,97.0,589.6600194758412,96.77997697882486,0.29436588287353516,1,0.18309141092691442,0.2808357951908864,2,control
88,628.0,103.0,628.2800006740597,102.56997776932181,0.2705768048763275,1,0.285966707994304,0.2987812413841659,2,check
89,604.0,184.0,604.8099889086201,183.81999761858827,0.33400341868400574,1,0.33799285222118186,0.14000090431149426,2,control
90,565.0,62.0,565.6099821803886,61.85000323722365,0.1524302214384079,1,0.15131091140703318,0.21201708565599256,2,control
91,550.0,186.0,553.7601841143161,186.34990566803074,0.2800840437412262,0,3.3351273886465105,2.5097052206018478,2,control
92,593.0,76.0,593.8300468452131,75.42984106531723,0.19002872705459595,1,0.4946865867291841,0.41638147557639804,2,control
93,562.0,159.0,562.5399996493113,158.74003776471446,0.24159814417362213,1,0.07369475520434568,0.15521000339110572,2,control
94,617.0,79.0,620.0600992562534,78.01999133047417,0.22382648289203644,1,2.6915750281227306,1.008231510947611,2,check
95,561.0,168.0,561.8000224049546,167.67997012103137,0.22674959897994995,1,0.3385157492296818,0.15928523676203285,2,check
96,617.0,50.0,618.1100153423632,49.50001603168368,0.12296700477600098,1,0.6902440949664198,0.5475145694442368,2,control
97,455.0,74.0,456.9200742380806,73.1399619065746,0.32135340571403503,1,1.5750889444798541,1.248269844776393,2,check
98,575.0,139.0,575.5299758376392,138.69999948709182,0.31356510519981384,1,0.09335076763922363,0.11054530557859778,2,control
99,499.0,219.0,500.0799975522053,218.75998931149888,0.21959900856018066,1,0.6058551646354694,0.2231960491752018,2,check
100,626.0,199.0,623.0,197.0,0.11736810952425003,0,3.9024989403565566,,2,control
101,506.0,42.0,506.6900533260683,41.5899467285669,0.1173616573214531,1,0.28087472707736205,0.2718254515703077,2,control
102,451.0,137.0,452.74006103753777,137.8499552273294,0.22303520143032074,1,1.660180453705021,2.909040701447691,2,control
103,532.0,220.0,533.1100377135922,219.84996942743896,0.2346508800983429,1,0.6403028516749165,0.20915555871381303,2,control
104,453.0,216.0,451.0,221.0,0.1997212916612625,0,5.783269905173897,,2,control
105,520.0,204.0,521.290007806238,203.86998865056398,0.3076345920562744,1,0.8209768595103464,0.22633979182114036,2,control
106,609.0,139.0,609.769985173749,138.71999481796897,0.31967276334762573,1,0.29959388483793553,0.22193349323339015,2,control
107,493.0,177.0,493.6300221969527,176.94998394878363,0.2537250816822052,1,0.23428199611096737,0.1409336623836891,2,control
108,626.0,51.0,627.0,50.0,0.14300118386745453,1,0.9366875387714945,,2,check
109,639.0,126.0,640.7100637586493,126.01996219728815,0.2550283968448639,1,1.257541416091242,0.8372174383085998,2,control
110,521.0,128.0,522.0200747279431,127.64003772564908,0.21813249588012695,1,0.5601013109907744,0.5116421138402164,2,control
111,582.0,200.0,582.8300121889192,199.82003418992693,0.3426967263221741,1,0.35824603568134195,0.17990785753563407,2,control
112,532.0,73.0,532.7599836765348,72.66999319226075,0.17635412514209747,1,0.3012551518507665,0.16524256515147756,2,control
113,616.0,118.0,613.8700522697304,117.89001334002572,0.27350106835365295,1,2.608745669920502,0.8066531859593867,2,control
114,644.0,170.0,644.4900693630918,169.6299897395594,0.16382509469985962,1,0.14850359241815322,0.4190665023616902,2,check
115,662.0,217.0,664.0500952796549,216.85998563233102,0.12645648419857025,1,1.5784638037398613,0.4886634570364738,2,check
116,525.0,63.0,527.1598941809386,62.9700629025283,0.23027098178863525,1,1.6931311023399078,1.6320799660121597,2,check
117,506.0,94.0,508.1000142959461,93.47001514641818,0.24090276658535004,1,1.6510331043460842,0.40706050403387734,2,control
118,469.0,88.0,470.10001159116337,88.35001070376188,0.26352643966674805,1,0.8482121769843325,0.7879286209469628,2,control
119,476.0,137.0,477.370002428262,136.49997314918522,0.27391913533210754,1,0.9346118580071952,0.2606279968656686,2,control
120,472.0,151.0,472.50004809505106,150.6699539729105,0.22322772443294525,1,0.10638161196602475,0.18367576062626476,2,control
121,517.0,159.0,517.5199623375299,158.76006149581076,0.205939382314682,1,0.04660386896282045,0.1571406876876721,2,control
122,445.0,185.0,445.99007096926744,184.87995070302932,0.2620832026004791,1,0.5257730707879603,0.24321157927409023,2,control
123,514.0,53.0,514.3600404325679,52.55995305605546,0.15834930539131165,1,0.24539862657805223,0.2926283513483904,2,control
124,474.0,47.0,474.82002449778867,46.73997189156239,0.1576954573392868,1,0.34312570950823446,0.1844527557420583,2,control
125,487.0,66.0,487.56007556101844,65.78999408531118,0.23736950755119324,1,0.08348723626283187,0.12921844362192944,2,control
126,499.0,107.0,500.02995529798426,106.61000742502782,0.2198902666568756,1,0.5768428528950875,0.4433883133729519,2,control
127,654.0,99.0,655.4600062110513,98.51997186104084,0.23406678438186646,1,1.0166808950041084,0.3878744181029415,2,control
128,601.0,124.0,601.8200829327881,123.68998452273492,0.29867321252822876,1,0.3546282257704977,0.5369790649082087,2,control
129,550.0,129.0,551.5400617474589,128.20997306326956,0.2699289619922638,1,1.2047692268670047,1.2334919801130817,2,control
130,657.0,79.0,657.1901313991284,78.58994994091798,0.23916569352149963,1,0.3433426648905747,0.33214979730050975,2,control
131,783.0,177.0,783.7299880889786,176.62983624145073,0.12009292840957642,1,0.29707034538423277,0.3127857523428839,3,control
132,751.0,189.0,752.6099801518014,188.75999990523144,0.13261300325393677,1,1.1360345700499834,0.41395406486822584,3,control
133,702.0,132.0,702.7300448326457,131.79001279339204,0.15746992826461792,1,0.25457446256032257,0.5364205796102489,3,control
134,737.0,121.0,738.0200298736287,120.64996405159889,0.2230909913778305,1,0.5595519622008988,0.24956074386651553,3,control
135,690.0,203.0,690.7500658589593,202.69004566251712,0.12174613773822784,1,0.28995276882188076,0.6200487298496539,3,control
136,742.0,188.0,744.0901101158269,187.80992331763773,0.15451039373874664,1,1.616204740895632,0.6762801574003416,3,check
137,670.0,158.0,671.7501401854006,157.0599176968664,0.10707191377878189,1,1.4634757986609506,0.7242904618429904,3,check
138,699.0,161.0,700.4199382926744,160.50011368603336,0.12245871871709824,1,0.9852643942812193,0.6092580181840483,3,check
139,727.0,177.0,727.6299822446356,176.82000167576246,0.15880875289440155,1,0.16060564326048715,0.30931350669720453,3,control
140,811.0,192.0,815.0,319.0,0.10801735520362854,0,127.26759785719742,,3,check
141,678.0,160.0,679.2500528142281,160.2899825615988,0.1734924167394638,1,0.9284820457258034,0.6037012793274574,3,control
142,712.0,205.0,711.510069878136,205.6199889185409,0.15121246874332428,1,1.2789734139550364,0.7833701887620164,3,control
143,668.0,89.0,668.6100358820181,88.59000809374767,0.12779361009597778,1,0.2308705657446444,0.15001092022653265,3,control
144,788.0,194.0,788.9300508846815,193.7300060640926,0.112569160759449,1,0.4590355833089045,0.3819630029326567,3,control
145,768.0,116.0,769.5999964610739,115.50002752701047,0.147308811545372,1,1.158718475088228,0.4867466318585641,3,control
146,674.0,109.0,675.7299526446328,108.6998613728567,0.13159973919391632,1,1.2560724223799555,1.1463891577499399,3,control
147,680.0,174.0,680.8500059420064,173.5100222622677,0.1390722393989563,1,0.46145898522698137,0.37103605419256586,3,control
148,680.0,93.0,681.4801412339535,92.54994192347418,0.14196361601352692,1,1.029202191951779,0.6857106158381663,3,control
149,679.0,129.0,683.340085504805,128.94994540562908,0.16327717900276184,0,3.8680369619101462,1.549378107810061,3,control
150,688.0,108.0,689.5001968597899,107.6998649241487,0.1058945283293724,1,1.0269220221805855,1.1564529224855613,3,control
151,679.0,49.0,680.749980376132,48.539988604781655,0.10227561742067337,1,1.2944394792921505,0.1590174526987753,3,check
152,693.0,143.0,693.2700462851456,142.61005351987737,0.14080412685871124,1,0.26597880536589574,0.5728796484703212,3,control
153,671.0,141.0,672.6600731774707,140.51998183534886,0.19663001596927643,1,1.2123680460183792,0.5225348104870587,3,control
154,709.0,94.0,710.0900270556127,93.40995358849634,0.10434871166944504,1,0.7161867450947045,0.5368271447785943,3,control
155,668.0,131.0,668.9000470692347,130.610002297632,0.14394831657409668,1,0.4564250711978162,0.28208193630650313,3,control
156,748.0,208.0,742.0,207.0,0.10113701224327087,0,6.520537091695854,,3,control
157,669.0,101.0,670.7400422726857,100.66000775511583,0.1467301845550537,1,1.2690256211963056,0.5340597649142154,3,control
158,775.0,193.0,775.849888846609,192.5999966297013,0.11283055692911148,1,0.41717791446748664,0.45284227316864173,3,control
159,158.0,341.0,156.26004033673127,340.7199612335828,0.11799827963113785,1,2.2129904201672668,0.41230522850490364,4,check
160,52.0,225.0,53.130059190702916,224.77000303700675,0.18623897433280945,1,0.6543265497451666,0.19743423900749799,4,control
161,59.0,423.0,56.0,425.0,0.12326065450906754,0,4.129601465889894,,4,check
162,210.0,283.0,208.0,286.0,0.13725510239601135,0,4.0710919760107975,,4,control
163,79.0,364.0,80.0,362.0,0.12099894136190414,1,1.840522814301888,,4,control
164,65.0,372.0,65.43003327520786,371.7700188149063,0.13948993384838104,1,0.042707728216198455,0.23329413278682867,4,control
165,128.0,350.0,128.14001059266457,350.2400057297327,0.17059890925884247,1,0.5802035938300231,0.31199561729171565,4,control
166,78.0,309.0,79.53004920571512,306.6699532967148,0.2227604240179062,1,2.344918037120358,1.0270686932697441,4,control
167,117.0,324.0,120.0,324.0,0.254456490278244,1,2.5378551559512084,,4,control
168,81.0,285.0,78.85990121972547,281.48993276987557,0.2458525151014328,0,4.189441916585699,0.8147674146037238,4,control
169,139.0,267.0,139.7399749903711,266.9600639414695,0.15638847649097443,1,0.3294576303688626,0.4786067982957648,4,check
170,89.0,361.0,90.0,360.0,0.22423620522022247,1,0.9281035990014034,,4,check
171,151.0,280.0,152.00003228876594,279.789969685495,0.10914155095815659,1,0.5265396105461322,0.2647510872796945,4,control
172,142.0,315.0,141.0,318.0,0.11320261657238007,0,3.5547273526158176,,4,control
173,91.0,279.0,94.0,281.0,0.20653009414672852,0,3.373364881524076,,4,control
174,154.0,351.0,154.0,351.0,0.19900451600551605,1,0.5275108032635626,,4,control
175,113.0,223.0,114.19005656511885,222.84016042228515,0.1615203469991684,1,0.7184454871640314,0.49251830820628395,4,check
176,191.0,339.0,191.0,337.0,0.11427473276853561,1,1.8281813022335989,,4,control
177,85.0,345.0,79.09985211914963,347.13024886443816,0.21787208318710327,0,6.798202317153506,1.0050748540323153,4,control
178,73.0,341.0,74.0,341.0,0.2737043499946594,1,0.5778913982142836,,4,control
179,129.0,334.0,132.0,332.0,0.15937471389770508,1,3.0822610030950814,,4,control
180,52.0,278.0,53.33002867140003,277.7300195880065,0.16564980149269104,1,0.8561845224799693,0.1790407493061381,4,control
181,69.0,413.0,68.65986941548216,413.04998055009935,0.12471749633550644,1,0.8605812275340451,0.6896354860599132,4,control
182,101.0,312.0,101.21999980512298,311.6299813430413,0.3729062080383301,1,0.2867058592714517,0.3747300638762657,4,control
183,195.0,227.0,195.0,227.0,0.1297009140253067,1,0.5294492727270962,,4,control
184,123.0,294.0,123.37002632050987,293.5600123926491,0.25007137656211853,1,0.2293862601954551,0.4257432037007804,4,control
185,83.0,241.0,83.67001646508407,240.62997120010593,0.3024297058582306,1,0.23628747156769664,0.921384243310862,4,control
186,123.0,363.0,124.11997852182135,362.84995471976106,0.1497415155172348,1,0.6534679738491288,0.4884694563227637,4,check
187,180.0,242.0,180.0,239.0,0.1369503140449524,1,2.806623189748993,,4,control
188,72.0,252.0,72.62011570607662,251.82997167394876,0.2102186679840088,1,0.15959023239000347,0.6609450016876504,4,control
189,88.0,400.0,88.0,401.0,0.13676908612251282,1,1.3234643887621647,,4,check
190,158.0,245.0,159.0,244.0,0.1524098813533783,1,0.9283706556921002,,4,control
191,210.0,261.0,211.0,261.0,0.1932714432477951,1,0.575079789963013,,4,control
192,88.0,411.0,89.0,409.0,0.10405788570642471,1,1.8409093195519124,,4,control
193,179.0,327.0,177.0,329.0,0.1562124788761139,0,3.33264702162043,,4,control
194,92.0,227.0,92.24991554481608,226.77009049164982,0.17508375644683838,1,0.2257447091820831,0.44643870921443946,4,control
195,65.0,316.0,65.9999930126445,315.6899885231379,0.178371399641037,1,0.5315386014557376,0.27676091240488804,4,control
196,186.0,301.0,183.0,304.0,0.1354253739118576,0,4.745857481732018,,4,control
197,86.0,264.0,86.81989134232198,263.7600032294387,0.24244707822799683,1,0.345215636000498,0.34642557441972377,4,control
198,419.0,437.0,421.18998426895075,435.9899583250701,0.14840398728847504,1,1.8897917603049164,0.616078760320431,5,control
199,401.0,263.0,401.53994268024564,261.56986084255175,0.13024306297302246,1,1.2034344222718707,1.9698337945574735,5,check
200,332.0,288.0,333.0,287.0,0.2127683311700821,1,0.9326924617037572,,5,control
201,442.0,295.0,442.86002327389133,294.61996654731183,0.16936704516410828,1,0.4162599460588702,0.13708468230124407,5,check
202,224.0,290.0,224.0,291.0,0.12243809551000595,1,1.3207789046683462,,5,control
203,434.0,224.0,434.5499759018863,223.6699979256306,0.19153176248073578,1,0.12726478901925803,0.8301132511574908,5,control
204,443.0,313.0,443.94999341552335,312.7899933523443,0.26408275961875916,1,0.4781072588714398,0.4417700646288146,5,control
205,420.0,264.0,421.20002273152954,263.680020667081,0.25828027725219727,1,0.7323208947577294,0.20449317721474564,5,control
206,381.0,402.0,381.4100011475935,402.0200510610938,0.11410235613584518,1,0.2567539911821693,0.21992657831546636,5,control
207,393.0,278.0,393.0,279.0,0.14170795679092407,1,1.3167764437097256,,5,check
208,369.0,224.0,370.50000025378415,223.18995874214178,0.24590234458446503,1,1.1784506397181382,3.2593781302609837,5,control
209,304.0,291.0,305.0799986791981,290.8099911626057,0.21502713859081268,1,0.6081314679312727,0.2736723547082129,5,control
210,423.0,360.0,425.00000225398566,359.1000037022136,0.11687401682138443,1,1.6698931754421542,0.4316215086299733,5,control
211,440.0,379.0,440.409914763172,378.82999252247293,0.21248333156108856,1,0.08395557249015845,0.3541084781006269,5,control
212,242.0,252.0,241.87002516513144,253.33005216962192,0.12736551463603973,1,1.6752659551324551,0.49953291781251175,5,control
213,368.0,264.0,369.5100477890767,263.63995263684785,0.2554812431335449,1,1.0445793433911568,0.7106540827992184,5,control
214,318.0,280.0,319.59002404027456,281.7400736598574,0.22031915187835693,1,2.265035520816911,2.5249882700706245,5,control
215,318.0,269.0,318.5099617986812,269.1099780948288,0.2006853073835373,1,0.34248680513253077,0.24314888489213848,5,control
216,402.0,399.0,401.85999121052396,398.8399972320382,0.18748989701271057,1,0.6141643754148626,0.8158368443131652,5,control
217,282.0,325.0,283.0,324.0,0.18332868814468384,1,0.9319847486643825,,5,check
218,332.0,252.0,332.54992439747116,251.67008002747932,0.19574326276779175,1,0.1252845736268787,0.3981203152406265,5,control
219,431.0,282.0,432.10999821207224,281.73998789486046,0.2320530265569687,1,0.6377957987373072,0.16142815290472046,5,control
220,437.0,346.0,438.08002212064883,345.8500296656269,0.20730292797088623,1,0.6135694954767428,0.11558815723970742,5,control
221,296.0,252.0,296.0,253.0,0.1565169394016266,1,1.319251170795919,,5,control
222,357.0,238.0,358.3500405131436,237.57995402189675,0.24140797555446625,1,0.8961750181339747,0.26083451300826216,5,control
223,353.0,305.0,351.0,306.0,0.11013541370630264,0,2.7617085016283816,,5,control
224,303.0,231.0,305.0,237.0,0.12230288237333298,0,6.414813874465921,,5,check
225,285.0,288.0,285.0,288.0,0.15313346683979034,1,0.5269519383375406,,5,control
226,372.0,431.0,372.400075329212,430.399923691063,0.11502233892679214,1,0.3766947327596835,0.8144808969547073,5,control
227,303.0,239.0,305.0,237.0,0.2295256108045578,1,2.3360273543748686,,5,control
228,409.0,426.0,410.8100178164075,425.45996175076294,0.18084293603897095,1,1.3760712893854896,0.6537531972910187,5,control
229,222.0,305.0,217.0,307.0,0.10283785313367844,0,5.911243281384967,,5,check
230,350.0,327.0,351.0,329.0,0.1145259439945221,1,2.291629930217032,,5,control
231,322.0,305.0,321.0,306.0,0.16023144125938416,1,1.9193035074260125,,5,check
232,346.0,245.0,347.01999330229006,244.66998733189806,0.2755073010921478,1,0.5548924306540316,0.22279541721018084,5,control
233,321.0,246.0,322.2798927632323,245.71005057199022,0.2142249047756195,1,0.8078017010145562,0.4466302729808595,5,check
234,254.0,245.0,255.03003317403144,244.77996863907796,0.10099589079618454,1,0.5556098908888836,1.7274699276204024,5,control
235,436.0,248.0,436.96006895700907,247.8399498983396,0.1965467631816864,1,0.4909184363703334,0.523419877019508,5,control
236,366.0,420.0,368.7801096834944,420.29994844583973,0.11722581833600998,1,2.37023091362892,0.6169531570002078,5,control
237,354.0,435.0,354.5299647363384,434.8500646024044,0.13243387639522552,1,0.10054055639234198,0.4282418236665885,5,control
238,431.0,329.0,431.4300725513293,328.8699999772634,0.12037763744592667,1,0.1065829538174269,0.29834188623477736,5,control
239,434.0,394.0,430.0,393.0,0.19936466217041016,0,4.5364235993759445,,5,control
240,307.0,378.0,368.0,96.0,0.10237311571836472,0,288.1978031939175,,5,control
241,435.0,361.0,435.7799835153832,360.6299912605782,0.22488726675510406,1,0.33996326720744985,0.4315629807844427,5,control
242,664.0,435.0,664.0001008667008,435.18999897662866,0.15484684705734253,1,0.6242613348390744,0.36429342185379004,6,check
243,579.0,439.0,579.630031495065,438.71991587170015,0.13363957405090332,1,0.1705778714116797,0.210524416960811,6,control
244,574.0,361.0,574.8200872153608,360.8799915569407,0.2111908346414566,1,0.36485121280503013,0.3120925439731904,6,check
245,618.0,340.0,619.009988649496,339.47998052309083,0.12324012815952301,1,0.6152250046570429,0.14991296169784674,6,control
246,476.0,393.0,477.0,391.0,0.19162853062152863,1,1.850315510847158,,6,control
247,596.0,436.0,596.0801519519082,436.03990951827103,0.10426807403564453,1,0.469898674617571,0.4826046532201294,6,control
248,474.0,245.0,474.69004301450553,244.48984644222529,0.1603371798992157,1,0.356549462414909,0.6980613387135041,6,control
249,569.0,404.0,570.3400071779606,403.75998345113624,0.10941726714372635,1,0.8705999180005652,0.15627869359108942,6,control
250,461.0,349.0,462.41005941396554,348.31998006588583,0.2822435200214386,1,1.0422126411802013,0.33220166817361435,6,control
251,467.0,383.0,469.0,382.0,0.2336200475692749,1,1.7136519411829454,,6,control
252,573.0,222.0,574.2400030249499,221.73998496467914,0.2785177528858185,1,0.766875883022782,0.23230887049405657,6,control
253,543.0,364.0,543.63001791438,363.75997691457786,0.25769105553627014,1,0.16007376741007692,0.25524993188647016,6,control
254,513.0,399.0,515.1600865611429,397.64987879417026,0.14680446684360504,1,2.0297437533556235,1.069396585832862,6,check
255,502.0,240.0,503.2900205421,240.14984287064172,0.17773672938346863,1,0.8986105381117913,0.29528485105533103,6,control
256,549.0,402.0,549.4900467664643,406.27003597358276,0.11584659665822983,0,4.495528310224193,2.1416107618052216,6,control
257,462.0,260.0,462.6100140183574,259.61997218227594,0.25246042013168335,1,0.20508010215215217,0.1993580292242054,6,check
258,571.0,253.0,571.9499997266831,253.07000371854232,0.2226211130619049,1,0.5603311602830263,0.23916764390480855,6,control
259,592.0,298.0,592.1399691193286,298.39993760900285,0.2683212459087372,1,0.7068118163718208,2.034242690642173,6,control
260,611.0,313.0,611.859936156503,313.039990154186,0.21813026070594788,1,0.46933669002612316,0.2315616761446086,6,control
261,515.0,370.0,520.0,369.0,0.13279768824577332,0,4.595082885192892,,6,control
262,633.0,265.0,635.3900363590649,264.32994386476855,0.13643905520439148,1,1.9687969581092826,0.5068848207573364,6,control
263,525.0,358.0,522.9699051786181,358.77009680280963,0.2621627449989319,1,2.6919434460459746,0.5185189514755825,6,control
264,594.0,267.0,594.7200264305392,266.989983401082,0.1270107477903366,1,0.32687574772973393,0.33776948280993035,6,control
265,532.0,321.0,533.1300776183002,320.65978325645926,0.10705175250768661,1,0.668291221297211,0.5713456384294566,6,check
266,463.0,330.0,464.2100360062403,329.6099582881407,0.22231175005435944,1,0.7560405952255503,0.18770537551647687,6,control
267,640.0,355.0,640.8500003638135,354.6199297505746,0.14212481677532196,1,0.4107250136920936,0.29012077584821555,6,control
268,467.0,417.0,467.85006172899426,416.6999471946248,0.2665157616138458,1,0.3873305992750011,0.30684166350955894,6,check
269,495.0,288.0,496.82001435485324,287.2899552316013,0.1490236073732376,1,1.4315768105625928,0.9769834259746503,6,check
270,627.0,414.0,625.0,416.0,0.16241085529327393,0,3.3227605755489944,,6,control
271,566.0,302.0,563.0,302.0,0.20739884674549103,0,3.4793132227818004,,6,control
272,601.0,317.0,601.850026510047,316.7799726962521,0.3155719041824341,1,0.3784991075730437,0.15269034326125203,6,control
273,541.0,304.0,542.1200021886707,303.89999359300367,0.20157983899116516,1,0.6599209879333777,0.26600988532757774,6,control
274,657.0,345.0,658.4699769972896,344.85000639280355,0.16484344005584717,1,1.0019509093192933,0.3092149743645288,6,control
275,455.0,233.0,455.81997338908565,232.82980459515503,0.15312731266021729,1,0.350503282026335,0.5192222735588774,6,control
276,556.0,324.0,555.5599922754058,322.38002398594847,0.21400220692157745,1,1.6664206918816222,1.941052781457097,6,control
277,575.0,344.0,575.7399867678677,343.83999993682096,0.3408498167991638,1,0.2766495000571422,0.11931241668444185,6,control
278,513.0,282.0,513.7900269935017,281.8999784912998,0.17336095869541168,1,0.3413565967223542,0.2367924094856863,6,control
279,664.0,324.0,665.5099548113257,323.79996661796673,0.16245687007904053,1,1.039047838419801,0.24625757613954666,6,control
280,540.0,343.0,541.2100337522546,342.5099545859271,0.3182440996170044,1,0.7848538271070631,0.5741167005211628,6,control
281,642.0,434.0,643.0,434.0,0.1649717390537262,1,0.5764532170625264,,6,control
282,485.0,358.0,486.29014671021116,357.8198000559033,0.17662765085697174,1,0.8205100170716925,0.6972263193654079,6,control
283,593.0,342.0,594.050098153065,341.6300737013678,0.19889618456363678,1,0.5972010398501323,0.522714632847318,6,control
284,445.0,286.0,445.9000069482901,285.8299363982303,0.23386041820049286,1,0.430992665358548,0.1898060482201302,6,check
285,473.0,321.0,473.70004439817734,320.82001458025184,0.20174293220043182,1,0.23292589683841677,0.11607212731801966,6,control
286,450.0,413.0,448.9699831114364,413.29997476070065,0.19231270253658295,1,1.589954489627103,1.926493443202877,6,control
287,619.0,294.0,619.6800199908854,293.76997615780635,0.16138604283332825,1,0.20808394225513227,0.1371114160298257,6,control
288,554.0,241.0,553.0,248.0,0.1524544358253479,0,7.373499498857291,,6,check
289,551.0,250.0,553.0,248.0,0.19914935529232025,1,2.3413408389939776,,6,control
290,699.0,420.0,700.7200892048826,419.48991981030116,0.1553981751203537,1,1.2841797179056935,0.3205329565221955,7,control
291,722.0,277.0,722.5200043752053,277.339963844665,0.19953368604183197,1,0.5627679220489273,0.5650424373226218,7,control
292,746.0,362.0,746.8699516284282,361.71001473361844,0.1559906154870987,1,0.4060191389288957,0.2753784761616818,7,control
293,796.0,302.0,797.0999985180466,301.7699892309231,0.13271935284137726,1,0.6288851940358837,0.11687607067077349,7,control
294,722.0,346.0,724.1699932206463,345.41997469538563,0.1983686089515686,1,1.73710041688876,0.5726746589772381,7,control
295,683.0,345.0,684.6400047039162,344.800037732057,0.12286345660686493,1,1.1696463028789805,0.2030686978198526,7,control
296,719.0,310.0,719.6100713831352,309.8798997061825,0.18120181560516357,1,0.17155251706525024,0.33408402786782015,7,check
297,749.0,262.0,749.8700154729931,261.90003625010354,0.21681930124759674,1,0.41539557941651595,0.10314602892109197,7,control
298,744.0,308.0,745.2900412219968,307.7099601871658,0.15411148965358734,1,0.8217537294006083,0.3674398802637253,7,check
299,732.0,229.0,732.8299780969647,228.95006154266105,0.12305209785699844,1,0.39536374775621014,0.25522208893354187,7,control
300,712.0,249.0,708.1700288903908,251.35994993420104,0.10042732954025269,0,5.01745713263173,1.5845919911281101,7,check
301,672.0,388.0,673.6499802802955,387.69999678230903,0.10374921560287476,1,1.1829741900786506,0.2222055930392553,7,check
302,676.0,309.0,676.5699193910935,309.1299034386086,0.13867069780826569,1,0.3654120176009324,0.7552886669107578,7,control
303,725.0,380.0,725.8700613424442,379.6499448927209,0.16743125021457672,1,0.42076119998543565,0.2429641735030124,7,control
304,723.0,241.0,723.9500405805945,241.23998747244895,0.14549893140792847,1,0.663137435560564,0.9932844189870296,7,control
305,808.0,230.0,809.0,230.0,0.11639168113470078,1,0.5705689731415239,,7,check
306,701.0,395.0,701.6200182203544,394.7899782506405,0.23237153887748718,1,0.15118558419232117,0.3831354431113072,7,check
307,667.0,285.0,669.0,285.0,0.17125433683395386,1,1.5439768549693764,,7,control
308,700.0,354.0,701.5100211352749,354.0999922068868,0.18196693062782288,1,1.0883273496496686,0.3102188213123407,7,check
309,716.0,233.0,716.9801761423455,232.92004093586422,0.11364917457103729,1,0.5261796082409186,0.9795939479946769,7,check
310,690.0,380.0,691.330004328355,379.6499796040998,0.14774759113788605,1,0.869803412803279,0.26976649793269436,7,control
311,760.0,337.0,760.8799953319451,336.99000233456144,0.11381490528583527,1,0.4602385409515578,0.3352331703536475,7,control
312,796.0,381.0,796.5100792330195,380.7498375852983,0.12115935236215591,1,0.05113769063177289,0.36041398869613145,7,control
313,709.0,428.0,708.8799847949838,427.8799016779985,0.17853455245494843,1,0.5971609606420093,0.8199645099193597,7,check
314,678.0,410.0,679.4700002133417,409.8800445256034,0.17107760906219482,1,1.0062218467314938,0.8539305284404657,7,control
315,695.0,269.0,696.1200057950476,269.05999951654536,0.2648661434650421,1,0.70611708386312,0.11605337415575932,7,control
316,693.0,283.0,693.3401125526327,283.14998983219203,0.18894609808921814,1,0.3942119482969597,0.2892803046685765,7,control
317,712.0,380.0,711.0,376.0,0.1122930645942688,0,4.054366995623256,,7,control
318,754.0,345.0,754.7699214978114,345.18005692786437,0.14704394340515137,1,0.49999060242383564,1.017266230176001,7,control
319,692.0,350.0,693.9600009984988,350.1100049740292,0.19791536033153534,1,1.5260887969590367,0.11359932443171335,7,control
320,749.0,335.0,750.6500217536314,334.54006490303885,0.10787691920995712,1,1.2035467252996273,0.5890067236340462,7,control
321,700.0,325.0,701.1100006914564,324.8499919672954,0.2694272994995117,1,0.6429902103733077,0.10833341672131518,7,control
322,729.0,390.0,729.6999984168701,389.7799390550948,0.15632927417755127,1,0.23069547344727995,0.2678508718828614,7,control
323,785.0,308.0,787.1200521152958,307.8299088996054,0.10374551266431808,1,1.6496886509377575,0.3162258688459982,7,control
324,728.0,307.0,729.5400665376,306.7798975817589,0.2040175497531891,1,1.068736223885015,0.6182773468626774,7,control
325,709.0,399.0,710.119948881067,398.8200727330815,0.16448689997196198,1,0.6521205306499386,0.3772582284717741,7,control
326,760.0,302.0,761.6200179949558,301.7799778804191,0.16408680379390717,1,1.1486811440668099,0.21445368779763116,7,control
327,743.0,419.0,744.4200286224137,418.580012006099,0.13713932037353516,1,0.9721190736854773,0.3709573809837646,7,control
328,735.0,282.0,736.3500273832557,281.64001580521716,0.17468810081481934,1,0.8891271586014712,0.2788854299564525,7,control
329,747.0,274.0,744.1998819125117,275.3600394174312,0.21412132680416107,0,3.6337688750638573,2.9811628344561254,7,control
330,760.0,228.0,758.9399785630227,229.79005313973514,0.1643551141023636,0,2.5277609457877515,0.9251666407642634,7,control
331,756.0,237.0,756.9199699904013,236.79995737662557,0.14985911548137665,1,0.4474660100039279,0.1631143819675032,7,control
332,689.0,252.0,689.6999638741186,251.88996566738624,0.1296892911195755,1,0.25301169974046855,0.255209435964721,7,control
333,696.0,301.0,699.0700344862895,300.1298841111032,0.19719040393829346,1,2.6781828367332934,0.5869132384703291,7,control
334,806.0,363.0,807.3200425580594,362.71995988119147,0.1313023865222931,1,0.8525453626451253,0.22335706269868827,7,control
335,679.0,418.0,680.039929859227,417.75013150671276,0.1326116919517517,1,0.5717934135370507,0.44088076510031543,7,control
336,819.0,312.0,815.0,319.0,0.10423608124256134,0,8.49095563707161,,7,control
337,137.0,499.0,140.0,500.0,0.08781028538942337,0,2.816808778998587,,8,control
338,175.0,458.0,17.0,691.0,0.07522265613079071,0,281.9781069489277,,8,control
339,156.0,491.0,80.0,362.0,0.07137379795312881,0,149.7597850128362,,8,control
340,74.0,448.0,75.0,444.0,0.05964864790439606,0,3.7999360986273003,,8,control
341,119.0,572.0,121.0,572.0,0.10119356960058212,1,1.5510831606241005,,8,check
342,149.0,564.0,156.0,563.0,0.05946973338723183,0,6.577421372713919,,8,check
343,57.0,456.0,56.0,456.0,0.07544111460447311,1,1.4892041154810263,,8,control
344,189.0,488.0,192.01013831582907,488.5498929552145,0.0696026086807251,1,2.6595958967828146,1.6101220402448189,8,control
345,117.0,504.0,169.01991322902845,734.7599391594752,0.054855529218912125,0,236.67954746874236,0.7603306647617172,8,control
346,164.0,612.0,165.40007983718328,611.5999310954902,0.076673723757267,1,0.9485288396800706,0.6348874077437269,8,control
347,38.0,464.0,56.0,425.0,0.05279267951846123,0,42.541715168963414,,8,control
348,77.0,506.0,240.0,718.0,0.06475725769996643,0,267.3229847096859,,8,control
349,109.0,533.0,110.0,532.0,0.08180967718362808,1,0.9304289075533735,,8,check
350,159.0,651.0,158.0,655.0,0.07855010032653809,0,4.482043206367912,,8,control
351,136.0,620.0,120.0,324.0,0.08173903822898865,0,296.2227657224418,,8,control
352,102.0,497.0,105.14005330653563,494.84990918925104,0.09381444752216339,0,3.2857253149389294,1.2404693329239795,8,check
353,186.0,562.0,64.0,423.0,0.07322721183300018,0,185.07888160685033,,8,control
354,186.0,562.0,187.0,561.0,0.10822264850139618,1,0.9324477386209233,,8,control
355,188.0,515.0,187.0,516.0,0.0661296397447586,1,1.9183334861292125,,8,control
356,213.0,481.0,215.0,482.0,0.06330534815788269,1,1.9663917760991307,,8,control
357,95.0,570.0,163.0,398.0,0.05028828978538513,0,184.56276519525395,,8,control
358,173.0,445.0,17.0,691.0,0.06366916000843048,0,291.74478703349826,,8,control
359,220.0,526.0,221.0,527.0,0.0616610087454319,1,1.34378022975578,,8,control
360,95.0,592.0,66.0,473.0,0.05253401771187782,0,122.3641972284322,,8,control
361,191.0,572.0,90.0,506.0,0.056339606642723083,0,120.91601333554475,,8,control
362,110.0,562.0,110.99004927423404,561.5599984179381,0.051538046449422836,1,0.5608488013053163,0.36731389329386344,8,check
363,57.0,506.0,240.0,718.0,0.05685461685061455,0,279.93402025293653,,8,control
364,173.0,660.0,158.0,582.0,0.06163898482918739,0,79.28754736100818,,8,check
365,126.0,657.0,142.20003631221462,385.63995962420336,0.08749784529209137,0,271.58057056463497,1.0099045288611426,8,control
366,205.0,517.0,207.0,519.0,0.12330897152423859,0,2.708985174917053,,8,control
367,125.0,625.0,56.0,444.0,0.05494416132569313,0,193.65220140431367,,8,control
368,186.0,612.0,185.0,384.0,0.050122104585170746,0,227.7704943070872,,8,control
369,203.0,527.0,98.0,433.0,0.07304851710796356,0,141.12269535282624,,8,control
370,32.0,531.0,150.8200286685052,450.6398120432285,0.06758342683315277,0,142.9221605245356,2.777396127854813,8,check
371,181.0,484.0,184.03975782335087,484.7599322839759,0.05421624332666397,0,2.7564863098715335,1.924007962912132,8,control
372,210.0,544.0,211.0,540.0,0.08414046466350555,0,3.8032748813166055,,8,control
373,217.0,508.0,260.48987450350353,685.8401697754825,0.0667910948395729,0,183.1979227265353,1.1833388392694257,8,control
374,136.0,534.0,137.0,539.0,0.0535372756421566,0,5.262965780979584,,8,control
375,338.0,500.0,335.8700012728836,500.270012926158,0.12777937948703766,1,2.6458939496617173,0.8474655771906962,9,check
376,425.0,528.0,426.0200562452608,527.8200073674977,0.14001032710075378,1,0.5551830537019512,0.2775581594493537,9,control
377,410.0,539.0,407.0,538.0,0.17012332379817963,0,3.551462757657871,,9,control
378,414.0,460.0,415.4302128076938,459.8798136039308,0.11251397430896759,1,0.9676133686250258,0.7367937777831332,9,control
379,424.0,569.0,425.0,569.0,0.13863776624202728,1,0.5810306339574881,,9,control
380,420.0,632.0,421.0,633.0,0.17574845254421234,1,1.3409687122942742,,9,control
381,411.0,448.0,409.2899666701569,448.33008778259517,0.17262455821037292,1,2.2496489450717623,0.39031660895809334,9,control
382,430.0,658.0,430.7400585581536,657.7399511548945,0.10075970739126205,1,0.27792608261253343,0.3884465153221399,9,check
383,413.0,641.0,415.5799522754794,637.9298732689264,0.1930326521396637,0,3.5418251528131033,2.1896467089500087,9,control
384,399.0,633.0,401.39010426080404,632.699972045238,0.1305752992630005,1,1.9268207073305077,1.146996353718794,9,check
385,404.0,489.0,407.71008466394466,488.59007988403357,0.12608693540096283,0,3.2470632286505334,1.6943363401872626,9,control
386,394.0,495.0,395.6800516034556,494.5299447326373,0.22452230751514435,1,1.235735580128792,0.5758177870460081,9,check
387,277.0,509.0,275.0,509.0,0.1174030527472496,1,2.4789629707998957,,9,check
388,387.0,481.0,387.9000301643423,480.85997453103016,0.16371285915374756,1,0.44092214721384826,0.21215244866355346,9,control
389,428.0,544.0,428.5699432265702,543.8300259382316,0.12518322467803955,1,0.11893112335690004,0.27436337916448567,9,control
390,269.0,493.0,269.6600895747948,491.89009211766717,0.14010830223560333,1,0.8980082665385735,0.8517326331841827,9,control
391,388.0,446.0,390.99997098035635,443.06986898528567,0.15104836225509644,0,3.7011319922283903,3.240388761871794,9,control
392,375.0,467.0,375.0,469.0,0.1093987300992012,1,2.278643549746669,,9,control
393,304.0,574.0,303.0,576.0,0.10047174990177155,0,2.6706132793698965,,9,control
394,431.0,631.0,433.7099944477476,630.2300150516496,0.10421211272478104,1,2.309719524424583,0.7457431580214716,9,control
395,400.0,456.0,401.2299674357813,455.820010691705,0.17487986385822296,1,0.7626821213404755,0.3705635798734923,9,control
396,434.0,604.0,435.4001352852302,603.0600221699442,0.10104047507047653,1,1.1746287283469732,0.7950161769247582,9,control
397,436.0,510.0,432.50980080733484,504.6097970129385,0.16219288110733032,0,6.504272122274137,2.0167417283652704,9,control
398,434.0,501.0,435.8100471182209,500.76000987953944,0.25365543365478516,1,1.3424396052356804,0.45768803347753173,9,control
399,409.0,663.0,409.7600191208806,662.5999680608547,0.18227167427539825,1,0.34165940025853736,0.2243451665852343,9,check
400,418.0,491.0,419.50003473976454,490.72001538600955,0.24514693021774292,1,1.0333372520604474,0.23993225370915133,9,control
401,277.0,472.0,181.0,638.0,0.12255624681711197,0,192.197048060906,,9,control
402,411.0,554.0,411.0,554.0,0.1917916238307953,1,0.5197855902046684,,9,check
403,385.0,517.0,384.0,515.0,0.11638493835926056,1,2.29932266554856,,9,control
404,375.0,652.0,375.8200193136217,650.5099633764712,0.21341735124588013,1,1.3087656652587647,0.8368618443454693,9,control
405,371.0,506.0,371.0,507.0,0.19553160667419434,1,1.31608537867863,,9,control
406,439.0,646.0,439.0,641.0,0.11106356233358383,0,4.793544060738159,,9,control
407,416.0,482.0,416.99005941716945,482.01001507789925,0.17788834869861603,1,0.5739874229800495,0.4975004658192245,9,control
408,253.0,504.0,256.0,504.0,0.10372356325387955,1,2.5424699988961845,,9,control
409,242.0,513.0,238.0,515.0,0.12170656770467758,0,4.995143618806674,,9,control
410,404.0,503.0,404.88002897310247,502.8399742413846,0.1921343356370926,1,0.418094737766917,0.2742836968190909,9,control
411,368.0,494.0,368.84999377048393,493.9700022703144,0.1617623269557953,1,0.43120708681445297,0.4759465155810333,9,control
412,404.0,513.0,405.2299904264349,512.8400484542835,0.13323862850666046,1,0.7656702676687276,0.697828420688866,9,control
413,573.0,619.0,574.8600241754856,618.6599680281972,0.18852107226848602,1,1.400429431323337,0.26399028220977994,10,check
414,613.0,511.0,613.8300106111293,510.75003159837746,0.16841185092926025,1,0.3641488964134988,0.2855021817836421,10,check
415,511.0,562.0,511.850149804748,561.6798418124769,0.20588044822216034,1,0.3954032887037399,0.2714769764830306,10,control
416,541.0,623.0,542.1300528795431,622.4899926708088,0.25480955839157104,1,0.723639107563979,0.3320754164134744,10,check
417,634.0,560.0,635.2400375677015,559.6299583523877,0.19543392956256866,1,0.788201945930827,0.3506134889588817,10,control
418,620.0,610.0,621.280005182031,609.769985173749,0.18163543939590454,1,0.8156962421720362,0.2338114031208939,10,control
419,561.0,606.0,561.5500174319933,605.8699827902013,0.15950533747673035,1,0.1283645392676885,0.6896752133612905,10,check
420,468.0,542.0,472.09016207103906,541.8298419562317,0.1713436096906662,0,3.624097482846242,1.4581999823640681,10,control
421,604.0,458.0,604.360139045283,457.6499483304705,0.16637274622917175,1,0.165744321898681,0.3711741816390264,10,control
422,555.0,545.0,552.0,546.0,0.12284231185913086,0,3.6765314826188287,,10,control
423,483.0,443.0,481.7599408508075,443.76992285020276,0.20235644280910492,1,1.9785845967506106,0.3144431553817872,10,control
424,444.0,502.0,447.13004746997757,507.2499837854961,0.13210344314575195,0,6.091063744938622,1.2896616312272562,10,control
425,538.0,572.0,538.8600593944328,571.57994252657,0.10761883109807968,1,0.43951553261476867,0.4281033698926528,10,control
426,505.0,449.0,506.9400553688482,448.2699292465193,0.10733156651258469,1,1.5551177932160545,1.10410220792705,10,control
427,628.0,487.0,629.1899969480415,486.909895801307,0.2090502232313156,1,0.7349607301915919,0.597244029440207,10,control
428,531.0,483.0,531.5599832594631,482.98000917709413,0.1471480280160904,1,0.22586157461121648,0.1895797791837377,10,control
429,513.0,606.0,514.0500844605239,605.3799678617058,0.23990985751152039,1,0.7049715913428988,0.26626737963783564,10,control
430,594.0,483.0,594.3100438223992,483.1498794419804,0.11264868080615997,1,0.40626805055868215,0.5812531716118247,10,control
431,471.0,503.0,472.34023235281285,506.1800199074147,0.10999251902103424,0,3.5177156175921223,3.599942902146508,10,control
432,533.0,546.0,534.149974673717,545.6299458986955,0.1401292383670807,1,0.6987110271606901,0.348577820639926,10,control
433,506.0,637.0,505.8399864129071,637.6599910188509,0.20432718098163605,1,1.0848210499654303,0.6735485930491811,10,control
434,613.0,631.0,614.170175062203,630.5600233253226,0.1465514749288559,1,0.7384135486965336,0.6277378909402753,10,control
435,456.0,612.0,457.28000044866116,609.5599773991005,0.21524889767169952,1,2.3570107619686307,1.7250098116869268,10,check
436,496.0,573.0,497.250067521906,572.2999233698279,0.24771437048912048,1,0.9158326443052178,0.4726306781423231,10,check
437,498.0,603.0,499.67011034442936,602.5099586998725,0.26410821080207825,1,1.233460276606975,1.4349521420911389,10,control
438,470.0,472.0,471.990022902602,471.38995510203927,0.15813593566417694,1,1.5691086934911709,0.6944449628310586,10,control
439,467.0,461.0,468.0,461.0,0.16987673938274384,1,0.5781844544993148,,10,control
440,575.0,500.0,573.2300294771577,499.9300292464193,0.14424560964107513,1,2.2425309624244876,0.3442690892468149,10,control
441,501.0,538.0,502.0,539.0,0.11806514859199524,1,1.3380472609607648,,10,check
442,662.0,569.0,661.9800324499174,568.8299716171775,0.13886196911334991,1,0.48806237672302777,0.31891888924446044,10,control
443,525.0,532.0,526.3900894980411,531.7597810983102,0.10979639738798141,1,0.9236185749798151,1.0924641075670682,10,control
444,619.0,588.0,620.3400626827787,587.579991269431,0.1427941620349884,1,0.8967895912092029,0.5436483475207473,10,control
445,528.0,599.0,529.1800091433687,598.1100000152608,0.1895650327205658,1,0.9753839632082104,0.40313522514387556,10,check
446,485.0,622.0,487.0,626.0,0.20499984920024872,0,4.497998565385263,,10,check
447,577.0,637.0,577.8600271056669,636.7899728410749,0.21732580661773682,1,0.39650711115005205,0.1627085597173386,10,control
448,621.0,444.0,622.0700775941865,443.3998715672234,0.14385627210140228,1,0.7096839381721693,0.5641407694884261,10,control
449,603.0,613.0,604.249818960688,612.770098549227,0.11137012392282486,1,0.7855189272699151,0.31954097917112456,10,check
450,617.0,553.0,617.0399073193704,552.750094484577,0.16575464606285095,1,0.4265948748163382,0.36003306513551847,10,control
451,589.0,663.0,589.0,668.0,0.14143434166908264,0,5.245898958937609,,10,control
452,599.0,582.0,599.3199930822315,582.8100453150324,0.1932559460401535,1,1.0450298594473557,0.6093691639000322,10,control
453,530.0,457.0,530.560088916305,456.73993267221215,0.20044611394405365,1,0.09779275665470115,0.5587981071985695,10,control
454,635.0,647.0,636.3000126276595,646.7100790857517,0.18632756173610687,1,0.8392177640594564,0.2655990234306282,10,control
455,456.0,587.0,457.2100014634887,586.7199849004321,0.24209345877170563,1,0.7463103619959831,0.5050453039548194,10,control
456,557.0,556.0,557.6900981803827,555.5800204026172,0.15687619149684906,1,0.2966245602856718,0.40528310286072355,10,control
457,489.0,640.0,490.300096195442,639.4899662991767,0.18989557027816772,1,0.8823982707853169,0.6388270037083073,10,control
458,598.0,536.0,599.9499638315402,535.1200281095056,0.1814987063407898,1,1.6220006341613542,0.4072205499191548,10,control
459,573.0,489.0,573.4499762568469,488.8500068436007,0.21420224010944366,1,0.07716998262601259,0.3179335056648067,10,control
460,638.0,519.0,638.0,519.0,0.12944211065769196,1,0.517343386620147,,10,control
461,538.0,645.0,538.789952498433,644.88002283057,0.19709432125091553,1,0.3431576373756453,0.30132452724893194,10,control
462,641.0,446.0,644.0,448.0,0.16838712990283966,0,3.3694309104174436,,10,control
463,751.0,593.0,751.440104984918,592.6499690671385,0.13484561443328857,1,0.13108875109141008,0.3827710724552083,11,control
464,775.0,635.0,777.110005256199,633.4099161155634,0.1160789430141449,1,2.141771397311664,0.4684401212580307,11,control
465,725.0,550.0,725.9000700598882,549.6300400602105,0.13845069706439972,1,0.4592553992882118,0.31971280129935303,11,check
466,689.0,563.0,689.5100254746188,562.6499159849334,0.13303007185459137,1,0.1351312565178609,0.18425041491511285,11,control
467,820.0,480.0,821.0,480.0,0.10223758965730667,1,0.5764793549185495,,11,control
468,734.0,573.0,735.9500220979122,572.4199571142976,0.21265745162963867,1,1.527862453224609,0.36418020038078075,11,check
469,769.0,599.0,769.3499885579314,598.5600353833028,0.125488743185997,1,0.24710018384203386,0.32755331744067784,11,control
470,671.0,565.0,671.1800389527504,564.7899656283208,0.10222189128398895,1,0.2855034801779863,1.1785501833936765,11,control
471,774.0,562.0,774.9700262193335,561.5699622168208,0.16615568101406097,1,0.5468146122581763,0.3616745195700122,11,control
472,705.0,598.0,705.7700427071542,597.6300059682561,0.1176481544971466,1,0.33951946282755346,0.28682106278623426,11,control
473,762.0,609.0,755.1700763927167,613.1101113070666,0.10244038701057434,0,8.482800314137556,2.4242346647051005,11,control
474,811.0,477.0,812.4900233250136,477.22999747056156,0.12305834889411926,1,1.1174485735813962,0.44989483766299865,11,control
475,735.0,600.0,736.0600701798385,599.729943571919,0.13755130767822266,1,0.5978784058054587,0.28431138683224894,11,control
476,798.0,632.0,799.4999517363216,631.679962400709,0.10773316770792007,1,1.0416003159954816,0.7237090658552227,11,control
477,705.0,571.0,706.2400404978828,570.7599631652654,0.1521923691034317,1,0.775271705426491,0.2311243422915946,11,control
478,718.0,460.0,719.6800432069375,459.8000142906062,0.11385875195264816,1,1.212601306245982,0.2806031187521204,11,control
479,778.0,619.0,778.8599846739655,618.5499864956188,0.1355113387107849,1,0.4580258022265594,0.3420130076031721,11,control
480,772.0,644.0,772.3999942408137,643.730040550073,0.12197475135326385,1,0.07984068853222814,0.4605554931610185,11,control
481,794.0,584.0,795.4500150821711,583.9299872655151,0.10883631557226181,1,0.9970431325370694,0.2801672611142231,11,control
482,786.0,657.0,786.32006154831,656.9199077236264,0.1642063707113266,1,0.20011619642545875,0.20469511626165446,11,control
483,747.0,566.0,747.6900199103096,565.7499751919651,0.15914519131183624,1,0.22691359676204678,0.23509009789397187,11,control
484,707.0,586.0,703.0,583.0,0.12508177757263184,0,5.258216313105904,,11,control
485,697.0,554.0,697.7700165609207,553.4699630225786,0.11996525526046753,1,0.4329452128661539,0.34448740949844536,11,control
486,814.0,563.0,578.0,472.0,0.127870574593544,0,253.29260734913063,,11,check
487,704.0,658.0,704.6800208924795,657.8099776386917,0.14262178540229797,1,0.21959034027648552,0.16075668468060958,11,control
488,724.0,575.0,726.4500633742351,574.4299832367265,0.18378187716007233,1,2.0155710370024296,0.5278842693584196,11,control
489,694.0,589.0,693.9100616963368,588.5999421400198,0.12055967003107071,1,0.5822305716251192,0.772178324391789,11,check
490,670.0,481.0,670.6499802802955,480.69999678230903,0.10041210055351257,1,0.19834115126497434,0.30973018889177467,11,control
491,672.0,452.0,673.1600600759684,451.76000199058967,0.11103252321481705,1,0.6922825838175107,0.38564529616259074,11,check
492,786.0,621.0,786.7400219868149,620.7599744351936,0.12434480339288712,1,0.2772516931440417,0.25638306417072126,11,control
493,793.0,656.0,793.5600211831932,656.0199881181231,0.2030835896730423,1,0.2593780982729448,0.5140603290494125,11,check
494,183.0,848.0,183.6300029262185,847.8097855974286,0.10040909051895142,1,0.17595692608773117,0.45957223150254195,12,control
495,159.0,854.0,158.0,853.0,0.11740381270647049,1,1.647589981103204,,12,check
496,131.0,803.0,131.959993109549,802.7599920162817,0.18098603188991547,1,0.4986190085332062,0.10275067936945813,12,control
497,219.0,786.0,220.0,785.0,0.11348860710859299,1,0.9356487635586127,,12,control
498,132.0,767.0,129.2599984676833,768.7901425111091,0.1172528937458992,0,3.7899286245270813,2.4874302133523987,12,control
499,198.0,786.0,196.0,786.0,0.17395806312561035,1,2.4727947088428652,,12,control
500,180.0,749.0,178.0,747.0,0.11518748849630356,1,3.0293414644980317,,12,control
501,148.0,809.0,148.0,807.0,0.17101845145225525,1,1.82263627411022,,12,control
502,179.0,856.0,180.0300375684604,855.2601425558234,0.12210886925458908,1,0.7608008216685436,0.4547961405848009,12,check
503,164.0,808.0,162.82001046630648,807.7600321939974,0.17034202814102173,1,1.6411431700321961,1.0921421315333042,12,control
504,198.0,793.0,198.0,793.0,0.14416386187076569,1,0.5179715630121962,,12,control
505,177.0,770.0,178.90009220571875,769.9699930857444,0.22923731803894043,1,1.4527284433292968,0.39883754063931537,12,check
506,137.0,714.0,139.24003892009287,713.6899605737159,0.1803588569164276,1,1.7780280018786305,0.8046999205947375,12,control
507,180.0,780.0,180.68000009904048,779.5300268344861,0.21682025492191315,1,0.32010112587070433,0.43878606697235417,12,control
508,157.0,733.0,162.87024408559506,732.8299950035432,0.11653780192136765,0,5.407669869715432,0.3615610760122109,12,control
509,200.0,819.0,201.0,818.0,0.1855393797159195,1,0.935596867431863,,12,control
510,185.0,805.0,186.0299500570461,805.0200821660958,0.11172430962324142,1,0.6237014227336725,0.37432813083414845,12,control
511,202.0,859.0,202.76004323852703,858.6700076745401,0.1326059103012085,1,0.31478556670082875,0.303555958765717,12,control
512,186.0,837.0,186.9700893877027,836.7299826226418,0.2248450368642807,1,0.5108780252451994,0.6026857423258097,12,control
513,196.0,773.0,197.86007765171658,772.3899725145,0.16416384279727936,1,1.4475242668854458,0.6712757927394758,12,control
514,205.0,697.0,201.0,699.0,0.14291203022003174,0,4.991948534532114,,12,control
515,160.0,747.0,162.06003451009408,746.7899683331036,0.12120234966278076,1,1.5976076976434985,0.7377764425274959,12,control
516,139.0,778.0,139.80998890862003,777.8199976185883,0.17166897654533386,1,0.3526269255402762,0.1856135875619789,12,control
517,187.0,866.0,189.0,867.0,0.16882431507110596,1,1.9749061307774627,,12,check
518,239.0,763.0,240.43001298933706,761.8699854949841,0.17506715655326843,1,1.3188751021433849,1.6607728106240087,13,control
519,402.0,817.0,402.6800359941834,816.4800024435227,0.18059870600700378,1,0.36357857767178353,0.8542084183414119,13,control
520,291.0,862.0,292.34020829193764,861.4698970375703,0.20545841753482819,1,0.9294773666344158,1.0083822702962417,13,check
521,344.0,706.0,340.75980961207165,700.5897906375317,0.13220898807048798,0,6.3665167887571,1.3123246980983012,13,control
522,288.0,825.0,288.6800037054175,824.6900327580278,0.1547308713197708,1,0.2327068494709668,0.41949253384991325,13,control
523,302.0,856.0,302.0,859.0,0.15008613467216492,0,3.2655907416911916,,13,control
524,276.0,882.0,277.0,883.0,0.11677839607000351,1,1.3472486299013207,,13,control
525,337.0,691.0,338.3400430731036,690.709959060173,0.13996689021587372,1,0.8786144087477843,0.4150310448721079,13,control
526,349.0,775.0,352.0,775.0,0.1985054612159729,1,2.5492743877230053,,13,control
527,279.0,771.0,279.69001314835265,770.4499640853244,0.1563611924648285,1,0.3904492999124784,0.5201400453884627,13,control
528,434.0,863.0,432.0,862.0,0.1877317577600479,1,2.576614721872716,,13,check
529,401.0,678.0,402.0299970534899,676.8199926598198,0.1544533371925354,1,1.106082206891075,0.569302653234518,13,control
530,373.0,824.0,372.0,826.0,0.1609947234392166,0,2.6664781435671765,,13,control
531,238.0,830.0,239.23006858465178,829.3799267823958,0.13241030275821686,1,0.8608758984134838,0.6863996677415312,13,control
532,268.0,755.0,268.2700000784398,754.559977624499,0.16690610349178314,1,0.28198534524482727,0.17877298278549253,13,control
533,403.0,748.0,406.0,746.0,0.18364469707012177,1,3.094326317712508,,13,control
534,398.0,738.0,396.0,734.0,0.10918162018060684,0,4.50245245536679,,13,control
535,417.0,771.0,416.0,771.0,0.13745078444480896,1,1.4791283295541653,,13,check
536,383.0,845.0,382.0,846.0,0.20549821853637695,1,1.9093389019341784,,13,control
537,244.0,692.0,245.0,692.0,0.12591415643692017,1,0.5851092095160538,,13,check
538,430.0,700.0,434.0,698.0,0.18164877593517303,0,3.9555978231273796,,13,control
539,430.0,667.0,430.46015706114844,666.9998028881121,0.1330243945121765,1,0.2291184655215667,0.6461796407982312,13,control
540,412.0,836.0,413.0,835.0,0.2273353636264801,1,0.9404552645883483,,13,check
541,369.0,866.0,371.5601177673212,866.0199800605459,0.12991641461849213,1,2.1161311873626003,2.613564483525608,13,control
542,257.0,798.0,259.78005784182454,795.9998632949274,0.12844233214855194,1,2.914987379465836,0.9502084120315891,13,control
543,370.0,776.0,373.0,775.0,0.15860746800899506,1,2.652694093462191,,13,control
544,439.0,828.0,441.0,828.0,0.2256494015455246,1,1.5573663607757737,,13,control
545,260.0,749.0,260.0,748.0,0.11944963037967682,1,0.8948943131477297,,13,control
546,320.0,797.0,319.6000143243317,796.6499735183386,0.20904001593589783,1,0.8688321649117191,0.8183189744220116,13,control
547,336.0,844.0,340.0,844.0,0.1884881854057312,0,3.5479752426724547,,13,control
548,263.0,717.0,262.5299886853574,717.2700205897092,0.14236165583133698,1,1.0602395366137722,2.6453622815328033,13,control
549,238.0,780.0,236.0,784.0,0.17349353432655334,0,4.89790029510954,,13,control
550,376.0,810.0,379.0,810.0,0.1526869684457779,1,2.550173397692922,,13,check
551,325.0,825.0,326.83985669519006,824.1899446538885,0.1695467233657837,1,1.4957518452223952,0.6450587057688378,13,control
552,413.0,792.0,418.0,790.0,0.15031857788562775,0,4.872201538670758,,13,control
553,299.0,775.0,296.0,772.0,0.16009636223316193,0,4.431574004147755,,13,control
554,281.0,705.0,282.77990721712604,704.5300326380775,0.10253943502902985,1,1.3378204418978643,1.2092532854283875,13,check
555,316.0,875.0,316.90005259234255,874.5698446706263,0.11616820842027664,1,0.4832233700862839,0.7508206083858244,13,check
556,316.0,724.0,316.0,724.0,0.1002386137843132,1,0.5176817186001219,,13,control
557,400.0,692.0,401.0,691.0,0.19127368927001953,1,0.9386015182816951,,13,control
558,323.0,719.0,321.51994768662325,719.1100374314225,0.20159950852394104,1,1.972695227150721,1.5042397432648993,13,check
559,228.0,701.0,230.51996983245377,702.4499904569565,0.13864710927009583,0,2.6581929612223365,4.713933786943358,13,control
560,360.0,750.0,359.8601014871933,749.090095014123,0.1061420813202858,1,0.9069843685023226,0.4482324422882211,13,control
561,334.0,742.0,332.0,743.0,0.12302560359239578,0,2.753138924744932,,13,control
562,369.0,694.0,366.1599884543099,693.5101343988968,0.16477763652801514,0,3.3133473261731305,0.7812526633662282,13,control
563,322.0,762.0,322.3799698335217,761.6800021276275,0.1495591700077057,1,0.11990090901531059,0.20437834388038087,13,control
564,434.0,730.0,437.0,728.0,0.1841125637292862,1,3.0945275390825975,,13,control
565,223.0,854.0,223.0,854.0,0.13768650591373444,1,0.5163884107139944,,13,control
566,411.0,877.0,411.28003493464155,876.0900340429682,0.10074851661920547,1,0.7025240290044396,0.5209586605221481,13,control
567,658.0,699.0,658.9600576303097,698.9800146434309,0.17660748958587646,1,0.5381433365725168,0.3666170863711236,14,control
568,616.0,750.0,616.970067524042,749.7599467111702,0.20403636991977692,1,0.5093608733869579,0.5509722536019404,14,control
569,647.0,740.0,647.0800284885798,739.4899567756657,0.13531364500522614,1,0.4762999735526046,0.4727850313385048,14,control
570,540.0,854.0,543.5400397151708,851.5898535254173,0.12536288797855377,0,3.7762254269942748,4.333227199619511,14,check
571,560.0,671.0,562.6398597709531,669.9401330745818,0.13908390700817108,1,2.331011982894099,0.8181625546531945,14,control
572,646.0,757.0,647.4499670155056,756.439991664525,0.21541714668273926,1,1.0447134497260502,0.2445877317339544,14,control
573,657.0,858.0,657.9000211483997,857.4599597221759,0.21505339443683624,1,0.5430098037747902,0.18186340509312862,14,control
574,639.0,812.0,639.6000086893675,811.3999642628047,0.24758212268352509,1,0.40082236128739457,0.3228678545823055,14,control
575,605.0,680.0,605.9400247146434,678.9098788964146,0.1399429589509964,1,0.9880226738018174,1.2542096931685516,14,control
576,585.0,834.0,590.0,838.0,0.10981304198503494,0,6.203307797573944,,14,control
577,565.0,881.0,565.5000074665382,880.5099705892252,0.1831878423690796,1,0.2666077710208204,0.31907537329432234,14,control
578,536.0,694.0,537.230104197625,693.9599852773704,0.19232480227947235,1,0.7899240864266494,0.34339500603055945,14,control
579,584.0,730.0,584.2200577893253,729.5599932337711,0.25727444887161255,1,0.3228209772963635,0.15113296998318243,14,control
580,519.0,671.0,523.0,671.0,0.21526940166950226,0,3.5440917964076526,,14,control
581,471.0,713.0,472.0,709.0,0.16608700156211853,0,3.8096884828059454,,14,control
582,633.0,782.0,633.2300170802367,781.3800088842446,0.2618115544319153,1,0.4573284846703549,0.3151051522859084,14,control
583,504.0,859.0,505.0,856.0,0.2705768644809723,1,2.8241998965415065,,14,control
584,554.0,765.0,554.819886158155,764.5299947143475,0.21683622896671295,1,0.4338107228219877,0.2302596559904051,14,control
585,466.0,748.0,469.0,749.0,0.17703533172607422,1,2.820222006633853,,14,check
586,644.0,705.0,643.0,705.0,0.12604597210884094,1,1.479024149644966,,14,control
587,575.0,814.0,575.6900377167962,813.5400044394523,0.1464885175228119,1,0.3282740190679026,0.533833592269921,14,control
588,521.0,847.0,521.6199527979994,845.5299541426059,0.1898820698261261,1,1.2527284279190884,1.1157414779452315,14,check
589,533.0,731.0,533.6000633493626,731.5398873440549,0.13020135462284088,1,0.7792795134128068,1.208784972720066,14,control
590,564.0,779.0,564.6600138408771,778.529967723291,0.17342647910118103,1,0.3149416301341641,0.4798815137067531,14,control
591,486.0,856.0,486.48004262123845,855.4599466490591,0.17548580467700958,1,0.31217383863369996,0.31747855176588624,14,control
592,601.0,862.0,601.7399933611972,861.4899274170812,0.17064253985881805,1,0.4002248301902371,0.2906059390953005,14,control
593,476.0,726.0,475.0,727.0,0.21377092599868774,1,1.9095660305565088,,14,control
594,637.0,884.0,637.6600336759508,883.4100003027704,0.1658884435892105,1,0.4173691499176123,0.2799101379084586,14,control
595,466.0,667.0,467.0,668.0,0.17294089496135712,1,1.3404632862739003,,14,check
596,473.0,878.0,473.68007729889194,877.6699869378721,0.15513302385807037,1,0.24367914954626801,0.2935191938193912,14,check
597,528.0,798.0,529.3900449242103,797.7099579331801,0.1466216892004013,1,0.9320821281416138,1.362740942972412,14,check
598,489.0,787.0,488.0,787.0,0.2006385773420334,1,1.4782230069581708,,14,control
599,565.0,718.0,565.8300280235899,717.8799768492628,0.20104852318763733,1,0.38313524897312606,0.41674207761368665,14,control
600,658.0,791.0,658.2899604157683,790.4099941602379,0.24399921298027039,1,0.40332750119332283,0.22843868083675353,14,control
601,654.0,686.0,648.0497846219755,684.2898921183171,0.11438654363155365,0,6.582567690482559,2.2513739717756875,14,control
602,458.0,786.0,458.0,786.0,0.214763805270195,1,0.5144220055637447,,14,control
603,512.0,722.0,513.7499553568914,720.4299475102109,0.21917185187339783,1,1.860475925321126,0.7872510846590779,14,control
604,450.0,847.0,451.0898762622868,846.290039305266,0.13581281900405884,1,0.7929042858128434,0.7570424570840216,14,check
605,524.0,769.0,526.7800194105262,769.579966869615,0.1799861043691635,1,2.455730962599851,1.1112946971993056,14,check
606,590.0,758.0,591.0100247700375,757.4399565023489,0.2228269875049591,1,0.6429596261587845,0.5580590541728079,14,control
607,511.0,793.0,511.0,793.0,0.19222573935985565,1,0.5135344439954115,,14,check
608,576.0,737.0,576.3200039581337,736.6499798294984,0.21501030027866364,1,0.18808725519218097,0.09822812981633158,14,control
609,626.0,856.0,626.8301321026418,855.5698977528314,0.21650788187980652,1,0.42455274744446625,0.6614784752359942,14,control
610,493.0,708.0,495.2400554309593,707.7799043437159,0.21304947137832642,1,1.7776813763039223,0.9453311266971494,14,control
611,510.0,817.0,509.0,816.0,0.1870943158864975,1,1.6513175743386446,,14,control
612,447.0,816.0,450.0,817.0,0.14898252487182617,0,2.821962480890808,,14,control
613,462.0,734.0,461.0,733.0,0.15889094769954681,1,1.6528538437356295,,14,control
614,506.0,700.0,505.0,701.0,0.20759394764900208,1,1.9094380384767082,,14,check
615,575.0,753.0,575.6500444070302,753.2599354128563,0.22557225823402405,1,0.5214694862310338,0.4532291315370956,14,control
616,600.0,779.0,603.3001546872126,778.79989567419,0.14055925607681274,1,2.839999244485971,2.7796635801280978,14,control
617,794.0,685.0,794.6601373042055,685.0799204658962,0.11107121407985687,1,0.3599238475281785,0.43142740981960515,15,control
618,778.0,734.0,778.6300395526422,733.7200124558282,0.22443172335624695,1,0.17927305041273317,0.3465138483888886,15,control
619,675.0,867.0,676.7899906475616,866.9300021418204,0.1376621127128601,1,1.3410091473301833,0.4299403347952759,15,control
620,789.0,754.0,789.140016735197,753.8699324695502,0.18941573798656464,1,0.33281175196310697,0.3976195946495466,15,control
621,730.0,743.0,730.7200700460045,742.6398883414857,0.15515384078025818,1,0.2937460455408476,0.25403055532781904,15,control
622,694.0,800.0,694.8299840140986,799.5699879122573,0.2899247109889984,1,0.42430128762524194,0.3589050877818359,15,control
623,677.0,698.0,674.5799979746168,696.6000316800212,0.1571427583694458,1,3.1129175110331255,0.5726785863111623,15,control
624,750.0,761.0,751.3500136339433,760.0299932217143,0.24001605808734894,1,1.1625836332229802,0.45055070771817485,15,control
625,695.0,717.0,693.4400219247038,717.2499993379971,0.15241466462612152,1,2.0760379343682507,0.555894659624629,15,check
626,816.0,706.0,816.7201602622016,705.9999531738697,0.11960801482200623,1,0.33971025348073325,0.48015246723124944,15,control
627,772.0,677.0,772.0,678.0,0.13515742123126984,1,1.3055214132029571,,15,check
628,682.0,774.0,683.4400612008253,773.3499805003543,0.22442668676376343,1,1.068745634510282,0.7604623238403927,15,control
629,677.0,793.0,678.1499992421606,792.7199862528236,0.20874901115894318,1,0.6926329751264156,0.6207367092083341,15,check
630,774.0,775.0,774.5700125374719,774.6199730838703,0.2694898843765259,1,0.1932800441995351,0.14372295383859704,15,control
631,701.0,786.0,699.9800177422396,785.8200308089484,0.217397078871727,1,1.4803609923295935,0.1625375016674592,15,control
632,713.0,806.0,713.5100716813246,805.6999918803118,0.2557712495326996,1,0.09238302809996027,0.2730276358291863,15,control
633,827.0,738.0,828.1201996962706,737.449901255896,0.10487943142652512,1,0.7377783344580424,0.9093256646586435,15,control
634,780.0,765.0,780.5300058724196,764.3899654703732,0.20720180869102478,1,0.39518870924517024,0.16929042423349844,15,check
635,720.0,773.0,720.0800178380762,772.660022631421,0.22968247532844543,1,0.39769492171340776,0.1864347880390823,15,control
636,801.0,730.0,802.980009120323,729.080099996696,0.12383020669221878,1,1.6725362483391784,0.5572174767872233,15,control
637,689.0,809.0,692.0999026101142,807.7999983991643,0.18952222168445587,1,2.815460478202537,1.0643752689737112,15,control
638,670.0,683.0,670.0,683.0,0.17162451148033142,1,0.5135518880469581,,15,control
639,696.0,812.0,698.4301971416505,810.4699545709755,0.2197682410478592,1,2.364884868760171,1.0791171302486982,15,control
640,707.0,834.0,707.9001244377135,833.4000460273986,0.16682031750679016,1,0.5805026851828562,0.9264608033134905,15,control
641,732.0,775.0,732.530048754918,774.6499525562721,0.2893171012401581,1,0.1457319360966747,0.19074752763166453,15,control
642,744.0,747.0,742.0,748.0,0.2315111756324768,0,2.7472524735837234,,15,control
643,821.0,715.0,821.6800190892911,714.729974676921,0.1830003261566162,1,0.22463433317016074,0.2111762715013487,15,control
644,733.0,791.0,733.3399893147028,790.610037459808,0.20744863152503967,1,0.20586718683478225,0.1488506199220606,15,check
645,825.0,692.0,825.6000161275202,691.7299764801095,0.3115353286266327,1,0.1472749114580872,0.13090843663893675,15,check
646,683.0,848.0,685.4998920607869,847.960114430748,0.11600375920534134,1,2.0498667302031475,2.766303253976427,15,control
647,716.0,842.0,717.000089822171,841.6999808357821,0.14106185734272003,1,0.5472229139561143,0.6443808328904855,15,control
648,706.0,719.0,709.0,721.0,0.1683047115802765,0,3.3742183483600434,,15,check
649,758.0,744.0,759.0599780469106,743.5700422900825,0.23202627897262573,1,0.6346087188111941,0.35203018942974634,15,control
650,791.0,736.0,791.2700266754705,735.7400213106192,0.24260301887989044,1,0.1946133174689384,0.11208130549634855,15,control
651,831.0,759.0,832.5701558926452,758.4098751497959,0.10291760414838791,1,1.1703477926205599,1.0787542115551723,15,control
652,680.0,722.0,680.3599925345297,721.7200410814459,0.1728261560201645,1,0.11610463195073041,0.21787671128238234,15,control
653,719.0,744.0,719.6800775242905,743.6799873080935,0.17360934615135193,1,0.24006394501321213,0.23257606593879768,15,check
654,753.0,820.0,753.5500111208336,819.5899724240032,0.16421756148338318,1,0.20905177675695769,0.3672632543003324,15,control
655,767.0,759.0,767.8200321045687,758.7200677352477,0.16253502666950226,1,0.36459717356599225,0.44714354117494226,15,control
656,740.0,715.0,738.0,717.0,0.11286599934101105,0,3.315884095180869,,15,check
657,750.0,699.0,751.4400382669429,698.6898594816165,0.11149048805236816,1,0.9823495884785023,0.3096729802694364,15,control
658,697.0,857.0,699.0,854.0,0.17061269283294678,1,3.1759933747752136,,15,control
659,723.0,820.0,723.4000039897232,819.5199732134322,0.17942973971366882,1,0.26397593225755756,0.33301294123446445,15,control
660,776.0,706.0,777.0199894705145,705.4999810381349,0.19961082935333252,1,0.6243831413448033,0.617333264116918,15,control
661,821.0,857.0,827.009951176563,758.4600023225046,0.12069287896156311,0,98.47657295857567,0.8811646271356791,15,control
662,150.0,1015.0,150.2100556159154,1014.4799904973988,0.1450708657503128,1,0.37475710157158526,0.47767579285787864,16,control
663,85.0,995.0,85.0,995.0,0.20792804658412933,1,0.5155539586421285,,16,control
664,151.0,1048.0,150.68992800278022,1047.6000742803499,0.14899495244026184,1,0.7824603493756437,0.06262382927851712,16,control
665,133.0,1064.0,133.25996741945252,1063.7700081644025,0.19374696910381317,1,0.1952055356217452,0.056612776594587966,16,control
666,112.0,1077.0,112.84998971330977,1076.78999560633,0.14653994143009186,1,0.3962510507153322,0.36389783516175883,16,control
667,110.0,1005.0,112.68018971769068,1004.7299215396308,0.2221750169992447,1,2.2238928607639274,2.7270881115460663,16,check
668,162.0,948.0,163.33003610955265,948.0600318053113,0.12152836471796036,1,0.9214381541368954,0.8732403678709036,16,control
669,195.0,1016.0,194.68993775168968,1015.3900069437092,0.10832393169403076,1,0.8523215732374242,0.18777291149721353,16,control
670,177.0,1078.0,177.02000705160253,1078.2800099154008,0.13609327375888824,1,0.675303930947715,0.4418776651935068,16,control
671,168.0,1008.0,166.45998564301078,1008.2500214270565,0.1447022706270218,1,2.054799737960912,0.5221381713891683,16,control
672,108.0,982.0,104.0,980.0,0.14563466608524323,0,4.792657252389262,,16,control
673,130.0,962.0,130.58006999030133,961.509983268316,0.1409616321325302,1,0.2805352191947131,0.747699499380616,16,control
674,124.0,919.0,124.31000584189798,918.7499837571105,0.1476241648197174,1,0.14908692802444837,0.298575256859738,16,check
675,144.0,998.0,141.0,1000.0,0.10812849551439285,0,4.117559040513587,,16,control
676,119.0,999.0,119.3499876563371,998.5200339024174,0.22283710539340973,1,0.2643646368588477,0.7767171839746608,16,control
677,88.0,977.0,89.0,977.0,0.17864172160625458,1,0.5929028350626465,,16,check
678,121.0,1061.0,121.51992154038975,1060.949994485745,0.15636681020259857,1,0.19908271316586276,0.08656711229004106,16,control
679,115.0,965.0,115.48005073558679,964.819959977028,0.19330622255802155,1,0.06224124440532232,0.26961031767748145,16,control
680,119.0,1040.0,121.63013861615444,1041.830008470686,0.17673616111278534,0,3.001009589085881,4.053407408449624,16,control
681,169.0,1023.0,169.4800074022912,1022.5399721506865,0.11676067113876343,1,0.22438990785308874,0.13560949800521727,16,control
682,113.0,958.0,113.75996626407412,957.5400479413753,0.15753033757209778,1,0.37498847740975694,0.34823192446955803,16,control
683,221.0,910.0,221.39993693280715,909.8300297700073,0.1259804517030716,1,0.0876755810060756,0.4756419387589142,16,check
684,112.0,1025.0,112.0,1025.0,0.22056400775909424,1,0.5145639491435867,,16,control
685,130.0,989.0,130.51000586494368,988.7798837756753,0.1893858015537262,1,0.05601049524696133,0.5735060614938285,16,check
686,123.0,1031.0,123.0,1032.0,0.16280695796012878,1,1.3193487706050646,,16,control
687,135.0,1004.0,141.0,1000.0,0.10381253063678741,0,6.699700608327393,,16,control
688,200.0,901.0,200.0,900.0,0.18180006742477417,1,0.8913699335966092,,16,control
689,190.0,888.0,190.899986154851,887.5499855940245,0.11113211512565613,1,0.4901139067608048,0.5140909379042935,16,control
690,90.0,955.0,89.62000875361461,952.3699627013434,0.14601269364356995,1,2.533939044686859,1.2295438912283991,16,check
691,164.0,975.0,164.42000518096305,974.5399735030778,0.13285872340202332,1,0.22619591718339827,0.34978644031134953,16,control
692,342.0,1076.0,343.75001987765205,1075.64997013736,0.22185996174812317,1,1.3013424596235232,0.7367504610054912,17,check
693,304.0,1096.0,304.4300368815849,1095.930024738448,0.18514448404312134,1,0.1656208525192767,0.2600318797431764,17,control
694,405.0,1011.0,406.0,1012.0,0.10602802783250809,1,1.3462499284833087,,17,control
695,428.0,1040.0,429.0,1039.0,0.1592891663312912,1,0.9430762331647782,,17,control
696,299.0,1012.0,299.71001388879534,1011.4499636345272,0.18311762809753418,1,0.40587917060340617,0.4473285168050177,17,control
697,403.0,1027.0,402.0,1027.0,0.19352659583091736,1,1.4732063476379103,,17,control
698,328.0,1008.0,326.5900407765395,1007.8400178000787,0.19030612707138062,1,1.8670673219799785,0.6036142552133693,17,control
699,286.0,1036.0,286.5200045438327,1035.9900474710455,0.18729713559150696,1,0.23337538190892163,0.23772654052518075,17,control
700,388.0,1008.0,389.0500535241493,1007.650000397539,0.25182870030403137,1,0.6062840778702164,0.7110107777802902,17,control
701,386.0,1046.0,386.7200171891981,1045.5799682220063,0.24963316321372986,1,0.3254827056873142,0.7035842394898086,17,control
702,275.0,1044.0,276.06006431947577,1043.4699339461638,0.17066335678100586,1,0.6734425607622365,0.6021665118268786,17,control
703,222.0,894.0,221.9600026330599,893.5399243094196,0.14838847517967224,1,0.5471878189197691,0.9863815323020888,17,control
704,382.0,1077.0,382.41002689980104,1076.5200100101695,0.16309896111488342,1,0.25188517054371695,0.21943631486409573,17,control
705,343.0,990.0,344.0,988.0,0.28311842679977417,1,1.849239682611953,,17,control
706,395.0,897.0,396.0,897.0,0.20147356390953064,1,0.5890357472577522,,17,control
707,230.0,914.0,230.4700104130483,913.6899779294054,0.18034924566745758,1,0.07587000737675367,0.16329898566726206,17,control
708,272.0,1009.0,273.1500111882845,1008.2500058745554,0.19343873858451843,1,0.8647119227412523,0.6019516547659108,17,control
709,330.0,973.0,330.64002256717407,973.9499837233851,0.19318513572216034,1,1.1969691253074488,1.0375319542527213,17,control
710,313.0,959.0,313.0,962.0,0.14936552941799164,0,3.2653344078039996,,17,control
711,367.0,927.0,367.95997288044936,927.2198754402003,0.11623591184616089,1,0.675611446802445,1.4352107181246616,17,control
712,323.0,1101.0,323.0,1101.0,0.21040202677249908,1,0.5099983641034772,0.19221519501636272,17,control
713,368.0,968.0,368.9200408223219,967.2999903699728,0.20219042897224426,1,0.6587933063861725,0.3825578425190737,17,control
714,344.0,1042.0,344.49999952081725,1041.800040887637,0.31447547674179077,1,0.05584629737167166,0.14187593744905477,17,control
715,251.0,1016.0,252.49000777251257,1015.5399719252879,0.15539155900478363,1,1.05847204223943,0.2466825647415261,17,check
716,252.0,922.0,255.0,920.0,0.10803402960300446,1,3.094901630754165,,17,control
717,398.0,965.0,395.9000538862766,971.8402635429716,0.15904740989208221,0,7.519339372343082,1.0851933948769494,17,control
718,275.0,942.0,276.0,941.0,0.1977742463350296,1,0.9386173379556964,,17,check
719,428.0,1058.0,428.50997943654045,1057.2499237159357,0.17125742137432098,1,0.5223299906491484,0.3385119294299833,17,control
720,263.0,1096.0,264.2598825560499,1095.2900354734902,0.16363848745822906,1,0.9356908268275859,0.651655446664497,17,check
721,303.0,951.0,304.07002586437284,948.3899532988507,0.23885151743888855,1,2.4543948766289265,1.6419292948067075,17,control
722,305.0,1063.0,305.52000933397375,1063.559971989535,0.16471391916275024,1,0.796446365233062,0.7948183395137394,17,control
723,354.0,967.0,353.0,966.0,0.22594265639781952,1,1.6465487816562336,,17,control
724,439.0,891.0,437.35000777358056,894.769983595959,0.11953811347484589,0,4.521415106040677,0.6540874977399257,17,check
725,308.0,896.0,308.9300619859823,895.57994094878,0.15030422806739807,1,0.5072977614309255,0.34864081437922634,17,control
726,430.0,1088.0,430.46005134753545,1087.8799626491532,0.17540428042411804,1,0.11097134191622389,0.3044110145989547,17,control
727,282.0,896.0,283.85005586863156,895.4399375688695,0.13379378616809845,1,1.4292447242094293,0.5409499645746677,17,control
728,418.0,944.0,422.0,943.0,0.15529398620128632,0,3.625684756126951,,17,control
729,364.0,912.0,365.31001288602465,911.4199119778135,0.14063718914985657,1,0.9205676240095998,1.0092585676556949,17,control
730,315.0,1024.0,313.1798992607253,1024.5199862297777,0.1810155212879181,1,2.3969116400755026,2.079763576348763,17,check
731,319.0,1052.0,320.1299642979072,1051.5598471738151,0.14601069688796997,1,0.7062796253343935,0.4415847472114565,17,control
732,434.0,1081.0,431.0,1079.0,0.1299109160900116,0,3.8803761878786225,,17,control
733,259.0,952.0,259.56003025590695,951.7799196708182,0.14726698398590088,1,0.1037481065751585,0.1763878453810646,17,control
734,316.0,936.0,320.0,934.0,0.2142186462879181,0,3.958757616008949,,17,check
735,346.0,1100.0,347.9799344566269,1099.4100607095857,0.22231201827526093,1,1.5677740304411765,0.6135041191459917,17,control
736,243.0,1010.0,245.09006807815146,1009.2300209687835,0.2205863744020462,1,1.7194582141482422,0.3903857946699039,17,control
737,413.0,973.0,413.43997363263986,972.7500033667857,0.18654996156692505,1,0.025144220027095217,0.419305980994135,17,control
738,340.0,926.0,341.1400268781324,925.3199491295113,0.2122460901737213,1,0.8161159844014305,1.0483920448772657,17,check
739,361.0,987.0,361.89004309263623,986.4499965994888,0.19904157519340515,1,0.5379446522962668,0.24204080546532072,17,check
740,610.0,1002.0,610.2001145822877,1001.4700048348553,0.2781258225440979,1,0.3965058193669853,0.1902463434062564,18,control
741,572.0,900.0,572.2699991768455,899.5199761436136,0.21210046112537384,1,0.31515353160805903,0.2422416346746717,18,control
742,616.0,976.0,616.8300397443153,975.3999961007735,0.2548121213912964,1,0.5294581493552543,0.8747408201233065,18,control
743,530.0,1038.0,530.0,1038.0,0.2846532166004181,1,0.5083107961787269,,18,check
744,571.0,959.0,571.7800550802706,958.5199421084303,0.2472734898328781,1,0.4112254033345921,0.26419287669784136,18,check
745,538.0,1095.0,538.5300326948487,1094.5800095267148,0.3311976492404938,1,0.20676390107947248,0.2628295248121012,18,control
746,517.0,965.0,518.0899900334769,964.4099761283528,0.1282120794057846,1,0.729920020580521,0.33633805618765245,18,control
747,626.0,1002.0,626.7899603873827,1001.2300357883175,0.227151021361351,1,0.6392031694600617,0.6571736719068242,18,control
748,498.0,1044.0,498.59001463030603,1043.6799748544013,0.2131696194410324,1,0.16351910099547115,0.13631700718882753,18,control
749,519.0,1047.0,520.3500416401364,1046.6299558730036,0.28383731842041016,1,0.9071252910105291,0.8368604502020923,18,control
750,490.0,988.0,492.2699389386576,986.4899605506702,0.19233489036560059,1,2.221048088506116,0.7107140320842202,18,check
751,477.0,948.0,476.0,949.0,0.1910085380077362,1,1.9059196517466672,,18,control
752,558.0,1025.0,558.6500130198585,1024.5099672082467,0.2900351881980896,1,0.32741491006280704,0.2415769031896723,18,control
753,564.0,1063.0,564.659922834942,1062.4200682925612,0.1880236566066742,1,0.4084918740436784,0.36250638225223614,18,control
754,619.0,1052.0,620.0800246568042,1051.3199504819027,0.11668985337018967,1,0.7736771986063296,0.32329297088944803,18,control
755,500.0,1019.0,501.37002299630257,1017.7699235831697,0.2265978455543518,1,1.3565141015519413,0.5788506880961231,18,control
756,568.0,1007.0,568.5200262388661,1006.3099997561367,0.1953221708536148,1,0.46742374891324207,0.2130978172477186,18,control
757,479.0,1019.0,480.55002937811724,1018.4000024119332,0.1864345520734787,1,1.1561904129116163,0.3755143179279278,18,control
758,647.0,1026.0,649.2399942344059,1024.3499705260463,0.16080798208713531,1,2.2846010476252485,0.7366206619059723,18,control
759,501.0,1083.0,501.3600627470257,1082.5499897079699,0.25098681449890137,1,0.23979056836510926,0.1696724916687873,18,control
760,573.0,931.0,573.4500714885835,930.7899965646953,0.23783177137374878,1,0.018000140675248556,0.28914786952526855,18,check
761,549.0,967.0,549.7500146934851,966.4199616222689,0.1692640483379364,1,0.4591576733351784,0.21412822650537672,18,check
762,463.0,921.0,464.0,919.0,0.13355602324008942,1,1.8519089482055742,,18,control
763,472.0,918.0,471.3799397987415,917.9900361443462,0.15824857354164124,1,1.0994868168908725,0.716566147096751,18,control
764,621.0,962.0,621.4100650489296,961.5699893214198,0.28577879071235657,1,0.20936254009235766,0.328571172040517,18,control
765,554.0,1004.0,555.0,1003.0,0.2370542287826538,1,0.9454471097098588,,18,control
766,586.0,1101.0,585.9200207618496,1100.409957420272,0.3374268412590027,1,0.6444185322911515,0.47084750136110654,18,control
767,628.0,885.0,628.8200139040562,884.2699544911586,0.16264402866363525,1,0.6214316436181649,0.5432537473362634,18,control
768,471.0,898.0,471.5600076592793,897.4199659048417,0.14611577987670898,1,0.3654847517887339,0.4193504297692738,18,control
769,649.0,974.0,649.84998182436,973.4399826485825,0.23395849764347076,1,0.5176309887926601,0.28836580385468047,18,control
770,502.0,917.0,502.9500588946495,916.4099342042198,0.13009683787822723,1,0.6112495403004357,0.3104591005604865,18,control
771,536.0,962.0,537.6300488507545,961.4899443787447,0.1540149301290512,1,1.2074693875926787,0.45180242964692047,18,check
772,559.0,976.0,559.9600443885655,975.7499095442116,0.20946931838989258,1,0.5049419306387163,0.33807143151402064,18,check
773,448.0,1074.0,448.7299807626822,1073.5899909066857,0.14725759625434875,1,0.3296362367473953,0.34177730162439496,18,check
774,656.0,900.0,654.0,898.0,0.14009246230125427,1,3.031423219170569,,18,control
775,457.0,1028.0,455.6600291679795,1028.2099928983432,0.1109471321105957,1,1.8478290451328767,0.6101999566435594,18,control
776,624.0,929.0,625.3800368904379,928.3699455710525,0.241482675075531,1,1.0082315057232927,0.34372401468949393,18,check
777,646.0,1059.0,646.1700329475649,1058.5399565981854,0.1691250056028366,1,0.36779607055483,0.2948235358115681,18,control
778,531.0,939.0,531.510085036611,938.6499304672127,0.2095663994550705,1,0.13344230655394274,0.5252969631927557,18,control
779,598.0,886.0,598.0,885.0,0.15759679675102234,1,0.8992118503888104,,18,check
780,662.0,996.0,663.2500415442998,994.7899640505309,0.18182605504989624,1,1.266153264005487,0.7665425491562337,18,control
781,587.0,977.0,587.6700069983443,976.2099556508089,0.2944762110710144,1,0.6029221549783973,0.34171987802599435,18,control
782,644.0,1094.0,643.0,1093.0,0.2718406319618225,1,1.645987246730814,,18,control
783,453.0,963.0,453.6699986018263,962.4800252087778,0.19686275720596313,1,0.36036670853686464,0.3100432344474696,18,control
784,533.0,892.0,533.7499402551875,891.75992270538,0.1956501305103302,1,0.2924440937259818,0.5284958435742938,18,control
785,488.0,1064.0,489.3900446420406,1063.340040819118,0.21493181586265564,1,1.030609925552491,0.3940607469118086,18,control
786,595.0,965.0,595.4899725535653,964.6199974269152,0.31957119703292847,1,0.15742889819933678,0.1680643519699892,18,control
787,601.0,1058.0,602.0,1059.0,0.21161065995693207,1,1.3427861219012243,,18,control
788,470.0,1091.0,469.0,1091.0,0.20189227163791656,1,1.4712057210974832,,18,control
789,510.0,1056.0,510.55001179702924,1055.6199735346675,0.2863987684249878,1,0.1792655460135381,0.16582036554960922,18,control
790,721.0,1062.0,721.4300655639738,1061.5599885004012,0.10106809437274933,1,0.217605470597744,0.351783212034909,19,control
791,690.0,1093.0,690.6599241322483,1092.5498203751904,0.10650566965341568,1,0.3066774464768499,0.8748764060040196,19,control
792,718.0,1039.0,719.0,1039.0,0.14495283365249634,1,0.5904669213136927,,19,check
793,728.0,1065.0,728.6999949791206,1064.2700167579335,0.10309364646673203,1,0.5636145050649182,0.2794514176658261,19,control
794,674.0,1093.0,675.1200613566369,1092.239924078681,0.14303624629974365,1,0.8557370711315839,0.49368671274842474,19,control
795,690.0,1083.0,690.0,1083.0,0.20303720235824585,1,0.505141386618827,,19,control
796,813.0,931.0,811.7600319685988,932.1699891634722,0.11239597201347351,1,2.193224827312027,0.3035488045766505,19,control
797,698.0,1009.0,699.1200154871859,1008.4900154360638,0.10229356586933136,1,0.724540194461701,0.5221192146950253,19,control
798,218.0,1302.0,218.14005257356877,1301.459991334746,0.26125144958496094,1,0.43284133906107003,0.21233024350145435,20,control
799,184.0,1292.0,183.7401138375731,1291.549958602968,0.18799512088298798,1,0.7403049495705192,0.3419771369966747,20,control
800,106.0,1296.0,105.06010280585917,1295.820080510175,0.14346475899219513,1,1.3906236524061708,0.4381671761720547,20,control
801,174.0,1262.0,174.0,1261.0,0.2957315444946289,1,0.8852492945421034,,20,check
802,94.0,1254.0,94.10005605145176,1253.6800003812102,0.12225111573934555,1,0.35956303750142415,0.20858678213093254,20,control
803,135.0,1269.0,134.99002493118905,1268.4799584340315,0.1689458042383194,1,0.5392192795469399,0.16639672559426838,20,check
804,168.0,1244.0,169.86002321712013,1243.260049803471,0.2600758373737335,1,1.4963256049322091,0.3808815145267028,20,control
805,203.0,1201.0,202.09001279873195,1200.42001352071,0.1751171499490738,1,1.404008075934951,0.2064555194840167,20,control
806,86.0,1304.0,85.97014376552798,1303.4999885898299,0.10593786835670471,1,0.5451903819055889,0.38348038276227225,20,control
807,139.0,1304.0,134.99987259303978,1301.989874081092,0.13901065289974213,0,4.788953943194349,0.7412410766266655,20,control
808,202.0,1254.0,206.0,1251.0,0.13349127769470215,0,4.4984563587878315,,20,control
809,90.0,1147.0,90.89004016245491,1148.3199917866111,0.11780798435211182,1,1.6193628978769086,1.401863453064539,20,control
810,179.0,1198.0,179.30000457008236,1197.7099825016237,0.11991320550441742,1,0.1604676238832653,0.22785192242949748,20,control
811,120.0,1220.0,120.24004004708569,1219.7399624248226,0.3043462336063385,1,0.2122712597451323,0.15183071753958333,20,control
812,169.0,1288.0,169.29998129725902,1287.320027624983,0.29402610659599304,1,0.46665225835178115,0.35233419569924057,20,control
813,153.0,1272.0,152.0,1273.0,0.10931592434644699,1,1.9066553180625645,,20,control
814,111.0,1283.0,111.41002757599672,1282.5500111208335,0.2880876660346985,1,0.21440856585033535,0.16767875310107813,20,check
815,115.0,1244.0,116.02007298152576,1242.9199515077191,0.17141757905483246,1,1.0156205522651205,0.5085220481066148,20,control
816,208.0,1279.0,208.76001799388777,1278.549966209748,0.23443977534770966,1,0.3766271091490577,0.24179527574615703,20,control
817,211.0,1212.0,210.96998964799477,1211.58998549712,0.169453963637352,1,0.5114289008050708,0.21820797407118478,20,check
818,193.0,1312.0,193.4100621187483,1311.439984508542,0.3441601097583771,1,0.32493135055427663,0.19407871996036008,20,check
819,189.0,1201.0,189.11999182033668,1200.4399765628211,0.1607762575149536,1,0.4627740359314962,0.13401630381639085,20,control
820,86.0,1108.0,86.43997228024845,1107.6900011454575,0.1062873899936676,1,0.07212619377518933,0.19172371968047916,20,control
821,132.0,1250.0,132.0,1240.0,0.13343435525894165,0,9.771763516541824,,20,control
822,199.0,1263.0,199.05013714701678,1262.3601377496627,0.23789791762828827,1,0.5675076293012399,0.3822713867594109,20,control
823,187.0,1232.0,187.68003914976333,1231.6200076266218,0.19954021275043488,1,0.27011857863349764,0.48167963488639953,20,control
824,143.0,1294.0,143.90005878996,1293.1300215491426,0.20491695404052734,1,0.7757790320900368,0.5616813462920991,20,control
825,218.0,1325.0,218.2000331566347,1324.4999544411044,0.2757303714752197,1,0.3618504314100524,0.3085447058777425,20,check
826,129.0,1242.0,130.9299905897224,1241.3400737273084,0.12850868701934814,1,1.538116335835571,0.3705308561326779,20,control
827,136.0,1287.0,135.96000866204997,1286.4500175615553,0.21725784242153168,1,0.5801375971770526,0.3728387821833339,20,control
828,160.0,1311.0,160.16003325353924,1310.5699579342481,0.30292993783950806,1,0.34675773866020015,0.2554683088634616,20,control
829,185.0,1326.0,185.10001271815617,1325.4000125548687,0.3013439476490021,1,0.5026834907778982,0.216756840462545,20,check
830,150.0,1220.0,150.57997295537618,1219.4899905854504,0.15796929597854614,1,0.3008746989625622,0.48405389539392746,20,control
831,112.0,1188.0,112.509973294008,1187.619996976118,0.2583998441696167,1,0.1525029120717392,0.573890164881802,20,control
832,129.0,1301.0,236.0,1189.0,0.1097908541560173,0,154.4142984978564,,20,control
833,135.0,1214.0,135.31999899936525,1213.4299716846285,0.1741126924753189,1,0.3566385860643415,0.2354063939604325,20,check
834,206.0,1236.0,207.25006819810167,1235.329924480492,0.22641541063785553,1,0.9093731260719047,0.6161921712944982,20,control
835,198.0,1291.0,197.87000871103623,1290.6000251434627,0.2890445291996002,1,0.6016675150824847,0.08385150678212866,20,control
836,122.0,1304.0,122.88998933423551,1303.350074999124,0.18880851566791534,1,0.6025624717824529,1.0108269702243624,20,control
837,70.0,1264.0,69.65999214584369,1263.2100154381997,0.1473541557788849,1,0.9627666963267736,1.2404443215246737,20,control
838,313.0,1275.0,312.43007846846314,1274.4899263468596,0.2435985803604126,1,1.0557812813179726,0.3871559157307838,21,check
839,315.0,1216.0,315.81002300057446,1215.689970265854,0.20472341775894165,1,0.3673188056870425,0.3926755691946917,21,control
840,293.0,1316.0,293.38007481416787,1315.4099245120815,0.28277668356895447,1,0.3615979992394362,0.5657555102606004,21,control
841,438.0,1166.0,440.11011232051715,1165.1600919707084,0.14853686094284058,1,1.7669688567396948,0.2711427370832065,21,control
842,349.0,1259.0,348.7099811492323,1258.6399932085894,0.23463833332061768,1,0.750254610017675,0.22937009126944283,21,control
843,342.0,1207.0,342.54003509365714,1206.6700126333085,0.17484398186206818,1,0.13153524502785363,0.33704172642190217,21,control
844,425.0,1322.0,425.2701235417682,1321.1099303671042,0.12823578715324402,1,0.6818209749553354,0.4874097680653816,21,control
845,314.0,1162.0,295.10005977137115,1124.5598397924336,0.1105547547340393,0,41.93822277271878,3.3824813350363887,21,control
846,334.0,1232.0,333.9299694022573,1231.4000389265007,0.2253347784280777,1,0.6362383758356496,0.22227655668244717,21,control
847,252.0,1256.0,252.15999375201923,1255.4599764016696,0.22404104471206665,1,0.4202668718853574,0.32561478331436466,21,control
848,311.0,1114.0,311.1900399991674,1113.8199665135865,0.13173730671405792,1,0.26854684905025134,0.20985386154382943,21,control
849,267.0,1323.0,267.5700350773284,1322.620010106006,0.2563871741294861,1,0.1888970649986184,0.34867727946044463,21,check
850,441.0,1288.0,441.1099952818909,1287.6099830819828,0.20416375994682312,1,0.373826098458591,0.25807051730756303,21,control
851,403.0,1315.0,403.15001592165436,1314.460013649204,0.2751672565937042,1,0.4282812844789584,0.15890524747486534,21,control
852,381.0,1282.0,381.2700235198905,1281.6000161275201,0.26415008306503296,1,0.24483438234381397,0.1644698365006841,21,control
853,395.0,1122.0,396.37002519351705,1121.5100105415424,0.1043642982840538,1,0.9530240932921836,0.20850608770448653,21,check
854,401.0,1266.0,401.65002541677967,1266.0599875704215,0.19768282771110535,1,0.3545607250365027,0.30573785232306727,21,control
855,292.0,1212.0,291.9600208903436,1211.3499542973495,0.12160878628492355,1,0.6430167088412873,0.39992085136646977,21,control
856,386.0,1192.0,385.73003423891316,1191.3199953929882,0.22629603743553162,1,0.8486696586477477,0.46244036663753785,21,control
857,418.0,1268.0,418.86002118853304,1267.1700464714788,0.22402867674827576,1,0.7258021078542942,0.372665511455558,21,control
858,329.0,1312.0,329.01002837641454,1311.5999624258907,0.34265604615211487,1,0.46859819284018367,0.08270455365362295,21,control
859,306.0,1243.0,305.8599821945814,1242.439982423184,0.2923538386821747,1,0.6739282668654113,0.08911704222289356,21,control
860,226.0,1205.0,226.27007863068266,1204.7599399492133,0.13524973392486572,1,0.1811969583747004,0.31060090733079126,21,control
861,380.0,1304.0,380.7299821150736,1303.6499931280136,0.22839497029781342,1,0.3051270555855132,0.3252847018857256,21,control
862,379.0,1271.0,379.170023424054,1270.7600243050476,0.262084037065506,1,0.2791443049511278,0.229795830634047,21,check
863,359.0,1107.0,361.57991914020425,1106.0301522412447,0.1413911134004593,1,2.2509390472944752,1.0717490901799203,21,check
864,344.0,1287.0,344.2400551487895,1286.4099872296536,0.28866004943847656,1,0.4130298795141779,0.44063764130662525,21,control
865,268.0,1168.0,269.7501968172115,1166.929927366268,0.1234302818775177,1,1.5435797341607111,1.075654714151347,21,control
866,367.0,1144.0,367.76001326051795,1143.3399584350996,0.14453870058059692,1,0.5267786699958666,0.32663079078980306,21,control
867,304.0,1233.0,303.90010386967293,1232.1300955934141,0.12959478795528412,1,0.8405651211183869,0.2679893075916994,21,control
868,230.0,1235.0,229.01995718174857,1234.7100113526399,0.17019686102867126,1,1.4315458271536143,0.32455412131745165,21,control
869,231.0,1213.0,234.81014201101664,1221.970165742731,0.16883312165737152,0,9.799996663573804,1.4596246915116449,21,control
870,354.0,1142.0,355.24000279955135,1141.7299845944578,0.13817134499549866,1,0.7885720430135609,1.0627530788265047,21,control
871,224.0,1266.0,224.27999887087122,1265.4899748075509,0.20800842344760895,1,0.3219434817657028,0.2201454705649482,21,control
872,384.0,1165.0,384.3300602839703,1164.4899881628373,0.24825824797153473,1,0.30324668950752776,0.2716966424602146,21,control
873,330.0,1114.0,332.0,1120.0,0.1398766189813614,0,6.422443658195319,,21,control
874,442.0,1150.0,442.8700064570506,1149.5000214412491,0.28429925441741943,1,0.4973850600755479,0.19254738824057274,21,control
875,270.0,1195.0,270.2702072781781,1194.5399012069097,0.10419726371765137,1,0.28884026834917764,0.6948649635000246,21,check
876,230.0,1317.0,230.6200337728553,1316.4800037959142,0.2660592198371887,1,0.3313501942353269,0.20296309049270908,21,check
877,418.0,1201.0,417.54997094311784,1201.4499897807607,0.1849578619003296,1,1.129446565856051,0.9731219803743123,21,control
878,296.0,1150.0,297.5401129697043,1152.8399738473586,0.12233144044876099,0,3.2610604159601686,1.0726162252041591,21,control
879,301.0,1275.0,300.8700419013964,1274.4299963098433,0.2891533672809601,1,0.669304946085441,0.15245914503212785,21,control
880,295.0,1111.0,294.0,1110.0,0.13741587102413177,1,1.642715604185088,,21,check
881,414.0,1300.0,413.9200112383387,1299.630025127134,0.2471252679824829,1,0.5459616241925754,0.13516706200208384,21,control
882,407.0,1240.0,406.94998530117505,1239.4299800243755,0.22509419918060303,1,0.6033737985031202,0.47962602785100233,21,control
883,415.0,1167.0,415.3400442000964,1166.7599609112797,0.23316317796707153,1,0.11176603775758108,0.23815756745498362,21,control
884,288.0,1246.0,288.1199807190358,1245.5900416781337,0.1747874915599823,1,0.3736131905464762,0.14354015402650797,21,control
885,417.0,1120.0,418.2500956967266,1119.5499696474976,0.1546057015657425,1,0.8269482057844257,0.6884575169058628,21,check
886,277.0,1298.0,276.9100217440196,1297.4699598669986,0.26086047291755676,1,0.6141160173548151,0.29114028960475025,21,control
887,572.0,1135.0,572.0800431962577,1134.4998975838948,0.217398539185524,1,0.4609040680145918,0.41267998904644043,22,control
888,529.0,1287.0,529.1500514227713,1286.7499052616388,0.11466213315725327,1,0.2988286406106857,0.5089849346409132,22,control
889,491.0,1154.0,491.47002844493346,1153.490007547114,0.24153999984264374,1,0.2810478190082486,0.263329416825362,22,control
890,485.0,1306.0,485.000013974711,1305.6200229537242,0.13640588521957397,1,0.4721912083242533,0.10634014756176617,22,control
891,524.0,1269.0,524.0201025087378,1268.2300000067169,0.10525551438331604,1,0.6900106315798663,0.1585002147074919,22,check
892,662.0,1218.0,663.6800294576251,1217.1899917071034,0.16699185967445374,1,1.3623926254344931,1.9042820635780449,22,control
893,446.0,1301.0,446.11999452511947,1300.5599810054775,0.16197220981121063,1,0.3889290082315179,0.13538360481028777,22,check
894,494.0,1132.0,490.1898439575012,1126.049894559704,0.19501502811908722,0,7.133946643050668,1.6708528392461441,22,control
895,523.0,1171.0,521.67997479763,1171.050068625853,0.20167578756809235,1,1.7928514515785652,0.20296579659308983,22,control
896,603.0,1182.0,603.9200399207276,1181.2599888890873,0.14613045752048492,1,0.6955499033510248,0.23316318006570433,22,control
897,529.0,1149.0,529.7900157235733,1148.3999599802319,0.2314085215330124,1,0.5025427423434309,0.3198975502200471,22,control
898,621.0,1165.0,621.5400346428601,1164.6500118928657,0.1783791035413742,1,0.15242606576524156,0.1449205864715265,22,control
899,448.0,1181.0,448.35001994510304,1180.3100035879124,0.19976529479026794,1,0.470269945329016,0.3680663494793537,22,control
900,541.0,1120.0,541.4898782234229,1119.720009186706,0.266927033662796,1,0.06405226757007955,0.19569240237758878,22,control
901,597.0,1134.0,598.1700944813731,1135.2700576686161,0.2462013065814972,1,1.6604476778448631,0.578674058340641,22,control
902,454.0,1214.0,454.5000036347626,1213.339964295462,0.22897905111312866,1,0.43224239679365206,0.32192069683235314,22,control
903,514.0,1205.0,514.259986352932,1204.6100392629967,0.15518158674240112,1,0.24906047903853382,0.4679823722029577,22,control
904,488.0,1254.0,486.3700235021847,1253.7201744623112,0.12355569005012512,1,2.079675248055228,0.7374456628073479,22,control
905,574.0,1171.0,574.4899705249782,1170.529994094923,0.2285178154706955,1,0.24555788123026742,0.616502551226286,22,control
906,505.0,1138.0,505.35994136905555,1137.4499570411976,0.26657745242118835,1,0.33379430332129073,0.17855659537359816,22,control
907,653.0,1123.0,651.0,1123.0,0.1860889196395874,1,2.4620521698275137,,22,control
908,521.0,1128.0,521.5901424880634,1127.710101513752,0.1827663779258728,1,0.15103473434239195,0.7888319959047356,22,control
909,455.0,1153.0,456.0,1153.0,0.2840037941932678,1,0.5947760294898965,,22,check
910,463.0,1115.0,463.0,1115.0,0.18246157467365265,1,0.5077121496772016,,22,check
911,469.0,1278.0,474.5300069443273,1270.5097171827813,0.18572518229484558,0,8.86145435167831,0.5859548391681116,22,control
912,587.0,1137.0,589.0500806287482,1137.2099615679429,0.23807533085346222,1,1.6571827108057522,0.8340071327755508,22,check
913,512.0,1281.0,512.310050978382,1280.109974545223,0.1969304233789444,1,0.6748497605872621,0.33940052560280876,22,control
914,628.0,1130.0,627.0,1130.0,0.22014954686164856,1,1.4691270719229375,,22,control
915,504.0,1308.0,504.93002338605663,1307.509960897087,0.22359564900398254,1,0.5480398085023823,0.39931555008257047,22,check
916,531.0,1322.0,531.9199864444965,1321.5299844027847,0.19480343163013458,1,0.530521216325808,0.09763688914099598,22,control
917,569.0,1108.0,572.0,1109.0,0.14374586939811707,0,2.8279372360653765,,22,control
918,583.0,1192.0,582.0,1189.0,0.11310216784477234,1,3.128958707143103,,22,control
919,664.0,1312.0,667.0900835187962,1310.6298796315175,0.10271285474300385,1,2.880094726483952,1.4746019622288409,22,control
920,447.0,1272.0,447.65993934580837,1271.5100120625611,0.16930028796195984,1,0.334104903302033,0.47360238967257273,22,control
921,474.0,1182.0,472.0,1182.0,0.2128923386335373,1,2.4616850147888503,,22,control
922,642.0,1140.0,644.160075853868,1139.4600279060846,0.20397403836250305,1,1.7373997721166472,0.6722785569197007,22,check
923,461.0,1235.0,461.4599876715979,1234.3400247590487,0.17868898808956146,1,0.42952163321357484,0.3219400783748355,22,control
924,467.0,1174.0,467.7799627787153,1173.7099572002132,0.14951132237911224,1,0.33424078169304045,0.3953813288001253,22,control
925,629.0,1172.0,628.0,1178.0,0.11405564099550247,0,6.393021790813896,,22,check
926,505.0,1263.0,504.9600447825915,1262.4099935408135,0.14996081590652466,1,0.6072767754167251,0.150152931099389,22,control
927,491.0,1285.0,491.7400453147233,1284.0801794505333,0.1296178251504898,1,0.7489444795581747,0.804995706748217,22,control
928,664.0,1186.0,665.2700630781817,1185.0699144039395,0.19799365103244781,1,1.0811237229385813,0.6319394739068308,22,control
929,750.0,1186.0,750.4100784609873,1184.8798446521616,0.14841534197330475,1,0.8976865403296757,1.094476312689567,23,control
930,795.0,1195.0,794.7400104914881,1194.2499555539043,0.20279310643672943,1,0.8841980488174338,0.15681586797489222,23,control
931,812.0,1196.0,812.4499498284437,1195.320046783861,0.1756938099861145,1,0.4580802526208544,0.6436783190683835,23,check
932,738.0,1209.0,738.3000178685977,1208.3000043446839,0.1593705266714096,1,0.4991149261423231,0.27535242631048196,23,check
933,785.0,1272.0,785.4900244520063,1271.2799993216684,0.20095211267471313,1,0.49900280686463727,0.2969442559923929,23,control
934,721.0,1179.0,721.6900323072306,1178.2999955541397,0.2077925205230713,1,0.5330338182492403,0.32423508051489824,23,control
935,683.0,1233.0,683.0700113820935,1232.390012860843,0.18847328424453735,1,0.5400523540473027,0.21682671928611513,23,control
936,796.0,1230.0,796.3799869638127,1229.4400302644508,0.1776319444179535,1,0.34447913958036736,0.5366308816408463,23,control
937,787.0,1207.0,788.4799480089264,1206.1900412947875,0.15469132363796234,1,1.1864259666309893,0.8052660361870692,23,check
938,802.0,1287.0,801.850017719503,1286.3899582576191,0.18259131908416748,1,0.7119050342141059,0.15324357844294478,23,control
939,712.0,1295.0,712.3000562431248,1294.3599840261554,0.1163976639509201,1,0.44066875972640374,0.3256890810207429,23,control
940,784.0,1232.0,782.460072309602,1230.8099970797396,0.18007896840572357,1,2.2112965273088574,1.0188926963012583,23,check
941,810.0,1268.0,810.2500521380324,1267.2599814509347,0.14690735936164856,1,0.5542359231290455,0.30476382685598624,23,control
942,733.0,1172.0,734.9600479381714,1171.5499987239125,0.20089668035507202,1,1.5267047836111822,0.8635200088876419,23,control
943,818.0,1215.0,818.8600952895758,1214.5299181356067,0.13643226027488708,1,0.48037967611892846,0.493681138022215,23,check
944,794.0,1309.0,794.2400546979924,1308.389986489211,0.1253552883863449,1,0.43895076605623273,0.24394410803189345,23,control
945,668.0,1124.0,668.3799325859874,1123.6700242972627,0.19372370839118958,1,0.12701036996978354,0.24988881562396242,23,control
946,669.0,1267.0,670.0,1267.0,0.1153971254825592,1,0.5962160008354177,,23,control
947,798.0,1158.0,798.0,1158.0,0.12558035552501678,1,0.5021038877328179,,23,control
948,741.0,1252.0,740.9601135291538,1251.4601064583276,0.10373754799365997,1,0.5815241716793751,0.5914981770257693,23,control
949,750.0,1260.0,753.0,1261.0,0.1670381873846054,0,2.830192032369464,,23,control
950,709.0,1254.0,709.5299072597044,1253.2999701959582,0.14773164689540863,1,0.4823878881270468,0.3012720756900346,23,control
951,673.0,1163.0,673.6299994316977,1161.9399465564265,0.21059727668762207,1,0.8539557219284035,0.7913780846442693,23,control
952,714.0,1238.0,714.2900328822499,1237.3399464889756,0.17171144485473633,1,0.4636226910528778,0.5924773979236837,23,control
953,719.0,1308.0,720.6600314219651,1307.3099966005568,0.14427244663238525,1,1.2993238402076204,0.6730101097300755,23,control
954,715.0,1123.0,714.0,1123.0,0.1447761356830597,1,1.4686568756330511,,23,control
955,762.0,1119.0,761.9200067303674,1119.430017722707,0.16032861173152924,1,0.8417706668627591,0.37873499004675165,23,check
956,670.0,1200.0,672.0201635366637,1199.009850198006,0.2441166490316391,1,1.746744346098636,0.7091744273998135,23,control
957,757.0,1248.0,758.4900696452617,1246.9999068536217,0.1373516023159027,1,1.2994623423961171,0.727499117179259,23,check
958,868.0,1241.0,854.0,1095.0,0.1161976009607315,0,146.4940728790753,,23,control
959,725.0,1231.0,725.3299954259548,1229.9697982829273,0.13214300572872162,1,0.8147889800334198,1.0438190248081711,23,control
960,856.0,1226.0,804.0,1095.0,0.12080137431621552,0,140.90476777865211,,23,control
961,686.0,1138.0,686.0,1139.0,0.2102266103029251,1,1.3052171329143378,,23,control
962,726.0,1140.0,726.5299005545187,1139.3598758331582,0.14415103197097778,1,0.42376102299320256,0.8086029853949984,23,control
963,727.0,1110.0,724.0,1112.0,0.10429160296916962,0,4.106000699463064,,23,control
964,688.0,1306.0,689.0799927620643,1305.1900647930095,0.16386528313159943,1,0.8616002065368503,0.3893649118586905,23,control
965,668.0,1178.0,669.5200950989707,1177.0799461613326,0.15944929420948029,1,1.2755879048204968,0.6500022733258164,23,control
966,191.0,1509.0,190.77003526900148,1508.2999937509512,0.1718827337026596,1,0.8169842398553839,0.16131336736299998,24,control
967,146.0,1329.0,146.77014549058575,1328.6198413943373,0.16685256361961365,1,0.3514206799012905,0.42136250393990354,24,control
968,159.0,1428.0,160.83008533159654,1427.7799876293286,0.17244881391525269,1,1.384181158223936,1.2453713591566284,24,control
969,110.0,1360.0,110.0,1362.0,0.11044816672801971,1,2.2839452962287696,,24,check
970,180.0,1335.0,180.08998096076314,1334.6500445756576,0.323230117559433,1,0.3753953457940492,0.17252082523174267,24,control
971,164.0,1340.0,163.79002248553033,1339.6999710868727,0.2654125392436981,1,0.6610409689199361,0.0855469442758683,24,control
972,200.0,1434.0,200.5100269956376,1433.3600018326422,0.14571969211101532,1,0.4074385243350257,0.2999690610010817,24,control
973,175.0,1345.0,174.99999594282585,1344.8199933360156,0.3498961925506592,1,0.4517396870032088,0.12706136639298568,24,control
974,134.0,1429.0,134.3600417849592,1428.6199552773835,0.2150077372789383,1,0.16500738225477032,0.20461408266724992,24,control
975,153.0,1398.0,152.0,1399.0,0.24713847041130066,1,1.9046139872802486,,24,check
976,199.0,1459.0,199.29002110475335,1458.4600104936242,0.18896035850048065,1,0.33969381697478174,0.20008628125530267,24,control
977,202.0,1526.0,202.89002460995394,1525.6299662413376,0.17569807171821594,1,0.46566384258473476,0.431061487698742,24,control
978,218.0,1356.0,217.9299897448993,1355.6599889902639,0.2259724885225296,1,0.5277527233899677,0.18321692406709242,24,control
979,185.0,1399.0,185.08005057763918,1398.4699930573588,0.2404215931892395,1,0.46874230075435597,0.26176842668120615,24,control
980,178.0,1419.0,177.9699702637182,1418.7299536580833,0.1608864963054657,1,0.4772842796410362,0.15663233281091649,24,control
981,183.0,1530.0,182.0,1531.0,0.1258876919746399,1,1.9019198040902368,,24,check
982,169.0,1548.0,168.94000859780294,1547.4800191230165,0.14589132368564606,1,0.576297283177273,0.12337986397477618,24,control
983,211.0,1347.0,211.63010227021437,1346.8600321212066,0.26190677285194397,1,0.20653618490912576,0.314697698651224,24,control
984,202.0,1505.0,201.67007151910505,1504.429978277958,0.18297511339187622,1,0.8421967138569421,0.270367934137723,24,control
985,160.0,1441.0,161.84000968573042,1440.0499458954916,0.1290682703256607,1,1.5652961129987462,0.5691065666356431,24,check
986,169.0,1508.0,169.1800159053256,1507.4100111219016,0.18942098319530487,1,0.43946109056193106,0.10322406296442273,24,check
987,195.0,1537.0,196.59011397598803,1536.1598879833211,0.23270651698112488,1,1.2952483791732952,0.9221900846572483,24,check
988,126.0,1328.0,126.31990331683149,1327.469981223091,0.2237970232963562,1,0.3181233680934362,0.37937192228345407,24,control
989,163.0,1498.0,161.86998926998848,1498.3800765605852,0.1509724259376526,1,1.6916026074793238,0.8124608507543863,24,control
990,123.0,1396.0,123.11999790609792,1395.709986558798,0.20609882473945618,1,0.330841806812594,0.13750814207436424,24,control
991,107.0,1426.0,108.31997736110306,1425.4699361433782,0.20139484107494354,1,0.9206310219283828,0.28694946582942626,24,control
992,177.0,1357.0,177.16003325353924,1356.5699579342481,0.27824050188064575,1,0.3459105973619286,0.20982818523251168,24,control
993,181.0,1546.0,180.83000159518667,1545.3500167895231,0.24141281843185425,1,0.7383471674850918,0.08330937493674524,24,control
994,145.0,1362.0,145.76008138765565,1361.7199869857905,0.25018590688705444,1,0.31510100782906675,0.932969479892214,24,control
995,156.0,1356.0,156.91002602659236,1355.6599669012044,0.26392242312431335,1,0.4732549921824848,0.5064475844286518,24,check
996,168.0,1465.0,165.4401304549558,1467.7800109021518,0.10150714963674545,0,4.259310099621732,1.2311390618475149,24,control
997,155.0,1385.0,154.84012092076514,1384.6999619023027,0.22931250929832458,1,0.6100822419763584,1.067000637561645,24,control
998,131.0,1527.0,132.0,1525.0,0.12134063988924026,1,1.846127390118718,,24,control
999,202.0,1364.0,202.0900098685506,1363.2900087078324,0.25112947821617126,1,0.5925677143958982,0.5325139737190235,24,control
1000,103.0,1409.0,102.82001953902024,1408.5199637466926,0.11742270737886429,1,0.6711014888069449,0.7698085018441815,24,control
1001,109.0,1401.0,109.28996582533384,1400.6500030455506,0.23849326372146606,1,0.19175803804400327,0.41016173304806114,24,control
1002,221.0,1402.0,221.7800378932085,1401.3999972277663,0.16592809557914734,1,0.49298053102176737,0.6007155713320103,24,control
1003,197.0,1547.0,197.21999371936172,1546.3599713470646,0.23160913586616516,1,0.4596096217227272,0.30605390582247677,24,check
1004,170.0,1437.0,171.0,1435.0,0.12325838208198547,1,1.8467262070148889,,24,control
1005,122.0,1367.0,124.0,1367.0,0.13373948633670807,1,1.5706896784019242,,24,control
1006,310.0,1334.0,310.0399922395443,1333.58998391933,0.30971330404281616,1,0.4439132291985178,0.10490397786990728,25,control
1007,335.0,1334.0,335.67009676374425,1332.5500197427502,0.16031618416309357,1,1.2361458675168664,0.8772190089530492,25,check
1008,224.0,1383.0,223.74001432326372,1382.4199618476675,0.19916990399360657,1,0.7857711164997998,0.18878252313256122,25,check
1009,298.0,1529.0,298.22004015146604,1528.4200476126643,0.22686947882175446,1,0.4102568522759416,0.3303690744623698,25,control
1010,295.0,1371.0,295.5500004703298,1370.7600382797586,0.2614187002182007,1,0.10317944495339613,0.465659801404608,25,control
1011,238.0,1384.0,237.91005921695253,1383.489938067585,0.2411736696958542,1,0.6024309763189213,0.3070152183692189,25,control
1012,395.0,1443.0,394.81996645681517,1442.4500432569916,0.23876234889030457,1,0.7006731463157748,0.16732735764481993,25,control
1013,232.0,1428.0,231.9600486143671,1427.5799998345765,0.20802070200443268,1,0.5191031245024798,0.09571023273620177,25,control
1014,312.0,1466.0,311.91998419051095,1465.4299807005712,0.2596362233161926,1,0.622402160165377,0.06667568689939046,25,control
1015,435.0,1480.0,435.0799729269906,1479.3100322135301,0.26238030195236206,1,0.5848053208131528,0.13362709569604073,25,control
1016,325.0,1475.0,325.46000260467434,1474.359965937499,0.21730604767799377,1,0.40557731139673897,0.26156516034925476,25,control
1017,418.0,1458.0,418.03997212230087,1457.3400342257885,0.199873685836792,1,0.5884931462583276,0.11287520294140477,25,check
1018,294.0,1471.0,294.5699944488156,1470.4600267223207,0.18748369812965393,1,0.32931911661670454,0.33144470616620986,25,control
1019,383.0,1500.0,382.0999813309845,1500.6500443502591,0.19323578476905823,1,1.6079559291898564,1.2261937117483659,25,check
1020,282.0,1429.0,282.1299790606701,1428.500038120743,0.26374921202659607,1,0.41165484668605906,0.072135804127042,25,check
1021,265.0,1372.0,265.3100354258811,1371.4199489999494,0.3014446794986725,1,0.3704538693767857,0.3189398440100951,25,control
1022,421.0,1510.0,421.0599656499895,1509.0200219279077,0.18024420738220215,1,0.8399064088744337,0.22199904818583505,25,check
1023,334.0,1515.0,334.10997268526324,1514.2500293160062,0.1562870293855667,1,0.613688999569469,0.22045509585559303,25,control
1024,396.0,1396.0,395.81004215945245,1395.5400017346697,0.17374615371227264,1,0.6753072473728625,0.08793135864566973,25,control
1025,268.0,1402.0,267.99000825169526,1401.739931037651,0.2598051428794861,1,0.45690962174992983,0.12556234616570944,25,control
1026,433.0,1341.0,434.1100045232321,1340.0199982610586,0.19181689620018005,1,0.9996977555227894,0.36159342641866965,25,control
1027,371.0,1329.0,371.34003856513226,1328.509951655746,0.15185600519180298,1,0.27857438591637346,0.2663240530515536,25,control
1028,256.0,1466.0,256.4700239369622,1465.290000142687,0.2507306635379791,1,0.47426130411787343,0.1610435392165288,25,control
1029,375.0,1442.0,375.50997171621805,1441.5499943845687,0.14420850574970245,1,0.22614262031290833,0.31993548212439243,25,control
1030,359.0,1374.0,359.9198602763854,1372.860027217523,0.1335076242685318,1,1.022507167726235,0.5408412316048454,25,control
1031,341.0,1486.0,341.05004991777224,1485.4899944739973,0.18878495693206787,1,0.4807507975380109,0.25959409444570886,25,control
1032,278.0,1504.0,277.98987368706605,1503.3400434103582,0.22755993902683258,1,0.6210757245226796,0.5061917486239633,25,check
1033,402.0,1530.0,402.62004887455913,1529.1500286007451,0.22092798352241516,1,0.6418866085869993,0.3669422300845183,25,check
1034,299.0,1456.0,299.21008097409697,1455.3198654498726,0.1387149542570114,1,0.5029603869903296,0.32605819405313796,25,control
1035,327.0,1411.0,327.8200337391298,1410.149987070638,0.1832859367132187,1,0.7203462139888429,0.3746647399910095,25,control
1036,253.0,1344.0,252.0,1340.0,0.24236345291137695,0,4.032793564250232,,25,control
1037,363.0,1435.0,363.7700077703766,1434.0799485839457,0.13723978400230408,1,0.7593686858278171,0.3507597820053589,25,control
1038,233.0,1538.0,233.2800352168113,1537.4599511570304,0.177943155169487,1,0.3439219584321621,0.35986727871257873,25,control
1039,287.0,1387.0,286.9899933186188,1386.7199898592005,0.24496255815029144,1,0.4587586611274473,0.14425334921608204,25,control
1040,261.0,1480.0,262.15992359629445,1478.9899445189865,0.22717303037643433,1,1.0538580577078962,0.6357689722315816,25,control
1041,264.0,1503.0,265.84001594011903,1501.9700395178488,0.23592346906661987,1,1.6059822165036586,1.500358540746188,25,control
1042,328.0,1494.0,327.9799405991593,1493.0399874494033,0.22690673172473907,1,0.8609175729607546,0.4606325765390155,25,control
1043,244.0,1496.0,243.97001038466271,1495.5100195574848,0.27453744411468506,1,0.5374259339256172,0.24848325979340383,25,control
1044,343.0,1459.0,343.26003199698437,1458.3499475353926,0.17851465940475464,1,0.4549185278694619,0.2671586824819761,25,control
1045,386.0,1423.0,386.64984413787636,1422.230106563467,0.20468467473983765,1,0.5744442316145324,0.6341764029062482,25,control
1046,421.0,1418.0,418.0,1419.0,0.14765582978725433,0,3.6590679097372627,,25,check
1047,439.0,1392.0,438.9000077931132,1391.5100211352749,0.229286327958107,1,0.603922297467153,0.14678838659506557,25,control
1048,223.0,1337.0,224.67003449696927,1336.4300008178145,0.35498982667922974,1,1.2666385734609418,0.7402667269044824,25,control
1049,418.0,1381.0,419.3100299595444,1379.8200233707958,0.22763340175151825,1,1.2823797110914474,0.3023716121320236,25,control
1050,339.0,1533.0,340.13006505106557,1532.0300126627621,0.13973920047283173,1,1.0065077298020348,0.48423870105250477,25,check
1051,241.0,1458.0,242.69999390889888,1456.5799316506677,0.26630207896232605,1,1.724892360203782,1.230627530502758,25,control
1052,377.0,1417.0,378.2599762099966,1416.1600226030355,0.155710369348526,1,1.0155917959457617,0.8083424038079957,25,control
1053,406.0,1495.0,406.17004647147877,1494.139978811467,0.18595702946186066,1,0.6841918213834701,0.8246356613537181,25,control
1054,292.0,1329.0,291.980048227817,1328.5299975326727,0.2660830020904541,1,0.5236028465392243,0.3546711940964369,25,control
1055,394.0,1363.0,394.4700370668501,1362.2299383593665,0.16692490875720978,1,0.53789136778407,0.4413902503780393,25,control
1056,516.0,1352.0,516.4099569694748,1351.0599784977078,0.16072820127010345,1,0.71130937559866,0.7916131971642267,26,control
1057,665.0,1400.0,665.0099848744916,1399.6698909731685,0.22551341354846954,1,0.44715211620402123,0.20298471601054774,26,control
1058,462.0,1511.0,462.2499955062215,1510.389971781533,0.1900010108947754,1,0.4248128887633709,0.1821630387760249,26,control
1059,620.0,1355.0,620.1600350567278,1354.649960896019,0.1710294932126999,1,0.3114012781168778,0.2098404728562704,26,check
1060,641.0,1369.0,641.1000833814493,1368.2499619218354,0.1749745011329651,1,0.6272100665726503,0.26730518605803444,26,control
1061,498.0,1396.0,498.21000056189445,1395.6799834195467,0.16045528650283813,1,0.2521135187961899,0.10484346676298226,26,check
1062,464.0,1543.0,464.0200440737383,1542.2799873755444,0.10284759849309921,1,0.6455151916972185,0.1198372374822805,26,control
1063,535.0,1457.0,535.2499798969494,1456.3400294924186,0.1153300330042839,1,0.47209688188027854,0.16169002673486552,26,check
1064,448.0,1489.0,448.1300504001589,1488.3799885983738,0.26757341623306274,1,0.4989528675270075,0.23592084589315843,26,control
1065,657.0,1463.0,657.4100190676224,1462.5299137962627,0.11578670144081116,1,0.24574369149224146,1.1485048101655837,26,control
1066,572.0,1503.0,570.2000225629022,1503.0299370407006,0.15856598317623138,1,2.257581651145985,0.4302030970980161,26,check
1067,494.0,1337.0,495.0000225966276,1336.3599537659766,0.19111362099647522,1,0.6883360849662984,0.39495809984982316,26,control
1068,595.0,1538.0,595.6100643390084,1537.2099714854796,0.14214378595352173,1,0.5862989721902377,0.552478843640551,26,control
1069,588.0,1355.0,588.4600102114543,1354.3400617811844,0.10685691982507706,1,0.43224485970374765,0.305599926504755,26,control
1070,554.0,1533.0,552.0,1534.0,0.14351847767829895,0,2.734052549849697,,26,control
1071,656.0,1530.0,657.300070274607,1529.3399237237204,0.14999675750732422,1,0.96144018877691,0.7164716170095984,26,control
1072,519.0,1532.0,518.8600083975861,1530.9599421127023,0.20219147205352783,1,0.9973800772755888,0.5651393721434829,26,control
1073,457.0,1460.0,452.23005246781133,1459.9500670089978,0.1911712884902954,0,5.2173059258366745,1.374814406992246,26,control
1074,459.0,1344.0,460.609966402489,1343.1499773217286,0.27053624391555786,1,1.3174444897967224,1.3550379054723471,26,control
1075,447.0,1359.0,447.10002990521826,1358.5199574355327,0.21593491733074188,1,0.4266223538583622,0.24471526890552578,26,control
1076,462.0,1422.0,462.51006773769274,1421.239818704009,0.21639381349086761,1,0.532930342152377,0.5230361920553211,26,check
1077,502.0,1362.0,502.9197724828014,1361.2500497137332,0.15653571486473083,1,0.7031265414913802,0.7234681384843036,26,control
1078,464.0,1397.0,464.0799916918426,1396.4999796857435,0.2640077769756317,1,0.4539397523738212,0.09436172109038109,26,control
1079,662.0,1449.0,662.7500122141008,1448.309957549834,0.1237330213189125,1,0.5556480849616047,0.21937285077565938,26,control
1080,529.0,1428.0,528.0,1428.0,0.14643742144107819,1,1.462839599486751,,26,control
1081,571.0,1474.0,571.2100163397939,1473.3800093350417,0.14227791130542755,1,0.45557199957947764,0.4249034147546851,26,check
1082,578.0,1514.0,578.0099985670329,1512.9199968128305,0.2709236145019531,1,0.95481167335149,0.38319060329665167,26,control
1083,507.0,1472.0,506.5300268912572,1471.6799166448004,0.1559264063835144,1,0.9180827043567827,0.2120835086848348,26,control
1084,592.0,1367.0,593.3699976948922,1366.2899653745367,0.17000940442085266,1,1.0422777033012351,0.15551733249406322,26,control
1085,636.0,1518.0,633.6999622395574,1518.460046331996,0.17707999050617218,0,2.827007134246141,1.6206334788988705,26,control
1086,558.0,1391.0,559.0,1390.0,0.10246948152780533,1,0.9498766050373638,,26,control
1087,505.0,1461.0,504.6200500583231,1460.5599471956928,0.19194775819778442,1,0.85021005863714,0.7051876449754939,26,control
1088,651.0,1376.0,651.0500512701636,1375.5499966953255,0.19016602635383606,1,0.4542906977673571,0.2594656452220827,26,control
1089,630.0,1406.0,630.75999252385,1405.4199243747346,0.1493462324142456,1,0.47319419995046674,0.14182103545485614,26,control
1090,480.0,1426.0,480.09997321663616,1425.2900310222901,0.16445188224315643,1,0.5904184333533774,0.2881193716087882,26,control
1091,526.0,1417.0,527.0099852685175,1416.3299749697705,0.11446648836135864,1,0.7163554093320825,0.12869729271774252,26,check
1092,579.0,1368.0,577.0,1367.0,0.17172476649284363,1,2.564877096390672,,26,check
1093,584.0,1387.0,584.6300341430766,1386.4800035705157,0.13032227754592896,1,0.34531255267181166,0.4030204606966531,26,control
1094,490.0,1508.0,490.2600127813352,1507.1399993227362,0.11467289924621582,1,0.6551871277891683,0.44972533616177157,26,control
1095,653.0,1422.0,653.9400065124447,1421.0300990471835,0.11684118956327438,1,0.8934056385530903,0.12981501280235247,26,control
1096,608.0,1495.0,607.0700380358953,1494.9299732908041,0.19075702130794525,1,1.3818001925940508,0.8829390489560409,26,check
1097,540.0,1535.0,540.0,1535.0,0.16661891341209412,1,0.4981846486413461,,26,control
1098,630.0,1462.0,630.6699489573709,1460.9200270162382,0.13320034742355347,1,0.8822564474230533,1.2639233901376257,26,control
1099,508.0,1394.0,509.3099936703755,1393.2099637651572,0.18378685414791107,1,1.029955077229495,0.509810878557365,26,control
1100,480.0,1457.0,480.2201050111676,1456.3699040977167,0.13800637423992157,1,0.4577675859946008,0.598017327438329,26,control
1101,528.0,1374.0,529.2499720647708,1373.3499332785118,0.12579721212387085,1,0.9073387186865618,0.46022651787936275,26,control
1102,647.0,1501.0,649.7900001143013,1499.3500176911173,0.13998331129550934,1,2.745125715804013,0.9576548914483347,26,control
1103,532.0,1520.0,531.9300184272881,1519.289952752217,0.17288483679294586,1,0.7022470703088046,0.5242290250228364,26,control
1104,728.0,1455.0,728.5199883151361,1454.2700208151077,0.20164626836776733,1,0.51090756477814,0.3340682791096625,27,check
1105,697.0,1525.0,697.6800447847274,1524.8700168821558,0.19432048499584198,1,0.25688261740843177,0.8543714341270384,27,control
1106,731.0,1419.0,731.5100344905613,1418.0499307937878,0.20685186982154846,1,0.7283986940580165,0.24578588428812254,27,check
1107,785.0,1521.0,784.9500649236395,1520.3200274563555,0.13595587015151978,1,0.6705971450257049,0.09561357041981522,27,control
1108,782.0,1333.0,785.4999557934957,1331.8599690646934,0.11578720062971115,0,3.1885462982774633,1.8879915281693895,27,control
1109,757.0,1494.0,757.3400577240103,1493.3599831245613,0.233784019947052,1,0.42810791866175524,0.41273692149553476,27,check
1110,730.0,1519.0,731.0701251532837,1518.5099496839298,0.1169288381934166,1,0.681968795069718,2.131588692143829,27,control
1111,756.0,1483.0,759.0,1481.0,0.14464958012104034,1,3.1134970447548427,,27,control
1112,705.0,1452.0,706.0,1451.0,0.17897751927375793,1,0.9537883113212834,,27,control
1113,760.0,1412.0,761.8500341735981,1411.1199852837783,0.1336658000946045,1,1.5513475940812536,1.0918153807300854,27,control
1114,763.0,1401.0,764.1600470596228,1400.5398972615917,0.1421782225370407,1,0.753540279523715,0.7182550238378558,27,control
1115,696.0,1463.0,697.1699645382574,1461.7900109334323,0.18103258311748505,1,1.2235279850203156,0.24993854163399112,27,control
1116,676.0,1386.0,676.2300159532439,1385.330007033138,0.18416784703731537,1,0.493499933904795,0.16340298584482432,27,control
1117,838.0,1430.0,838.3500650815871,1429.6699943760248,0.11444311589002609,1,0.14277415153294862,0.7237953720706176,27,control
1118,826.0,1335.0,826.3600390234053,1334.1400340908865,0.16347035765647888,1,0.6436859057137467,0.39978112980950814,27,control
1119,685.0,1357.0,685.1400200594043,1356.6600212790297,0.15039262175559998,1,0.3265555890052746,0.11276005644825267,27,control
1120,721.0,1365.0,722.360030515031,1364.1199367663157,0.1258150041103363,1,1.1250716669883876,0.34476101987890334,27,control
1121,674.0,1367.0,674.5500435782268,1366.0300257358788,0.16282282769680023,1,0.7514034190598243,0.3473476181616236,27,control
1122,739.0,1423.0,739.7299843690593,1421.7499968302272,0.1554967314004898,1,1.0646440407418412,0.479924125464314,27,check
1123,693.0,1401.0,691.0,1402.0,0.13743117451667786,1,2.734746783104073,,27,check
1124,711.0,1427.0,711.2799972930812,1426.4199722160015,0.19527316093444824,1,0.3909519664043505,0.2929559334834089,27,control
1125,839.0,1351.0,838.3100232543586,1350.879929007996,0.12778793275356293,1,1.1399889235585547,0.8382531424713296,27,control
1126,811.0,1349.0,813.1399623006006,1347.7400097585212,0.15277762711048126,1,1.9867912415469502,0.7128656560699727,27,control
1127,711.0,1482.0,710.7700136307393,1481.3399582097009,0.1208377406001091,1,0.8009293945373787,0.5211963945731778,27,control
1128,823.0,1547.0,823.8200667040915,1545.9699578667971,0.16000445187091827,1,0.8918632848313398,0.411832082123483,27,control
1129,760.0,1461.0,759.7799754010349,1460.2699779326092,0.17085036635398865,1,0.8340555275205019,0.2096167474477685,27,control
1130,815.0,1541.0,816.1800705653206,1539.549934203152,0.12033448368310928,1,1.432462159261391,0.26398773782582124,27,control
1131,769.0,1461.0,769.0900223222428,1460.1999458138478,0.13499730825424194,1,0.6757186457915891,0.33427775256290315,27,check
1132,682.0,1344.0,681.6800030292218,1343.6600316473637,0.10241083800792694,1,0.7746903259293209,0.3773963182335722,27,check
1133,755.0,1350.0,756.0002602819433,1349.0498440721115,0.11175071448087692,1,0.9137869943887403,0.8367272685562278,27,control
1134,704.0,1394.0,703.0,1395.0,0.1390284299850464,1,1.8944482558560234,,27,control
1135,798.0,1490.0,798.0499833684245,1489.1799685148558,0.1492481827735901,1,0.7141210911111289,0.21014344972529078,27,control
1136,805.0,1476.0,805.5299563415065,1475.5498007655153,0.10166482627391815,1,0.2433873564851794,0.9233214955668428,27,check
1137,752.0,1342.0,753.5400833857211,1341.1700086045198,0.14877374470233917,1,1.2507712736048073,0.5596685201997412,27,control
1138,795.0,1334.0,795.0600088146577,1333.6499261278689,0.13616211712360382,1,0.40647234950374367,0.30243524068074806,27,control
1139,723.0,1470.0,723.2101247014185,1469.259937272816,0.14528805017471313,1,0.565222927019271,0.6234190815373938,27,control
1140,672.0,1529.0,668.0,1530.0,0.11050005257129669,0,4.607962784990623,,27,control
1141,729.0,1493.0,730.6299218378202,1492.1399024564384,0.1536613255739212,1,1.3467075925749439,0.6305090219073346,27,control
1142,715.0,1356.0,716.6098492503205,1354.8800349453213,0.10046528279781342,1,1.4684493833558352,0.689161386464172,27,control
1143,696.0,1437.0,696.0,1431.0,0.11251731216907501,0,5.791482314936809,,27,control
1144,207.0,1567.0,206.71003642865182,1566.450000656663,0.20386862754821777,1,0.7961306168163979,0.12595451778253552,28,control
1145,219.0,1572.0,218.8300785696396,1571.4799765226878,0.14918144047260284,1,0.6741896731028431,0.36199605395837386,28,check
1146,159.0,1758.0,158.60995693574932,1758.7299617724316,0.12992964684963226,1,1.2752022196020047,1.9334696761457781,28,control
1147,173.0,1557.0,173.18001725771697,1556.4700133432298,0.16226111352443695,1,0.39228069397973603,0.19506033695191416,28,control
1148,205.0,1582.0,205.46005771546646,1581.5198897591922,0.11604826152324677,1,0.2426993436451967,0.4247360198058437,28,control
1149,210.0,1593.0,209.88000660187336,1592.4900208456293,0.10320913791656494,1,0.6241944413840397,0.5008555976140799,28,control
1150,164.0,1735.0,162.20001056000706,1735.1400006751278,0.10255616158246994,1,2.2704861521827495,0.15811952421058398,28,control
1151,123.0,1724.0,139.0,1872.0,0.12668676674365997,0,149.0556231856868,,28,control
1152,330.0,1549.0,329.5999764006017,1548.6099945773096,0.16340036690235138,1,0.8566500865499138,0.1720492875923338,29,control
1153,395.0,1665.0,395.3200560819733,1664.3199820944728,0.252957284450531,1,0.4619622674682209,0.1895329577544573,29,control
1154,426.0,1596.0,426.2900378410183,1595.5599546338453,0.20532424747943878,1,0.25643658188042423,0.22524232575550285,29,control
1155,354.0,1605.0,353.6699731317885,1604.3499833737644,0.18673743307590485,1,0.8758667748821728,0.30378107920617725,29,control
1156,259.0,1580.0,260.0,1579.0,0.13126777112483978,1,0.9454931033441459,,29,check
1157,398.0,1567.0,398.30999975613673,1566.4799737611338,0.3203383684158325,1,0.31554960299861207,0.39873992261926794,29,control
1158,244.0,1578.0,241.7400605299695,1577.4700377430459,0.22772665321826935,1,2.717841444683809,0.6978536446996425,29,control
1159,355.0,1714.0,354.4599833890251,1713.1500177248429,0.1540350615978241,1,1.155658635308243,0.46458138348923483,29,control
1160,416.0,1737.0,412.0,1736.0,0.13108962774276733,0,4.5032996884743985,,29,control
1161,406.0,1581.0,403.0,1580.0,0.2581638693809509,0,3.525823573599476,,29,control
1162,370.0,1666.0,370.3700085707944,1665.1298998890027,0.17348140478134155,1,0.6395322926004495,0.35802295919660787,29,control
1163,405.0,1644.0,404.0,1643.0,0.2641074061393738,1,1.6312302660046643,,29,control
1164,358.0,1585.0,358.9199941080478,1584.869996990311,0.22674234211444855,1,0.48975523774259844,1.10322726296283,29,control
1165,325.0,1641.0,325.45007154535466,1640.1499133085363,0.19966667890548706,1,0.6148064884861849,0.4679886921503211,29,check
1166,329.0,1686.0,328.98000264053576,1685.1500060041176,0.13037768006324768,1,0.7671334104531053,0.2800571086039644,29,control
1167,441.0,1749.0,441.0100184588777,1748.159946136151,0.17957639694213867,1,0.7423527871934323,0.28373066163822547,29,control
1168,242.0,1639.0,242.30999186718697,1638.1299608033864,0.11897993087768555,1,0.6460009416298392,0.3960197773112748,29,control
1169,329.0,1770.0,330.17004089328583,1769.2498862997738,0.17732027173042297,1,0.895451449147153,0.6138491292857999,29,check
1170,235.0,1643.0,235.58002062801566,1642.3199021898386,0.12421704083681107,1,0.46400372551919844,0.6352567263881113,29,control
1171,346.0,1770.0,346.4600111698198,1769.7399800059106,0.2227390557527542,1,0.03375171514612668,0.2718964803309215,29,control
1172,353.0,1556.0,353.8101107941585,1555.299947769644,0.17185217142105103,1,0.5934731482499913,0.43880135455123315,29,control
1173,323.0,1627.0,323.28004716293526,1625.9899707787624,0.20687758922576904,1,0.7911329084352829,0.2996070505711252,29,control
1174,426.0,1621.0,427.95996082078307,1619.9700223307866,0.22646184265613556,1,1.7159984804115298,0.5294792733587228,29,control
1175,350.0,1672.0,349.05005803212055,1671.850007801966,0.17594613134860992,1,1.391929708892005,0.7672204325169748,29,control
1176,236.0,1558.0,237.1000193114857,1557.0499400351289,0.21338854730129242,1,0.9697155075152957,0.8072915389440759,29,control
1177,403.0,1614.0,403.12002749008104,1613.3799518016365,0.246851846575737,1,0.5023013961863326,0.2751260932369029,29,control
1178,304.0,1555.0,304.3600334452123,1554.2499415791933,0.16579554975032806,1,0.5210503733692678,0.2763465860119694,29,control
1179,315.0,1618.0,315.12005138232894,1617.4399910451004,0.1890433132648468,1,0.45628535917258106,0.36012750884786093,29,control
1180,318.0,1767.0,318.1900521706899,1766.3599865055396,0.16812284290790558,1,0.4736212939707167,0.26546577525195336,29,control
1181,241.0,1756.0,240.61998756614952,1755.4299279005359,0.12462436407804489,1,0.882670216962895,0.5270909998702605,29,control
1182,405.0,1673.0,404.99002064861634,1672.2899513998257,0.20072302222251892,1,0.6548386513350914,0.22027133362327692,29,check
1183,380.0,1649.0,381.25003658553146,1648.5699559056611,0.2801787853240967,1,0.8335636834024959,0.7385418977590615,29,control
1184,309.0,1768.0,317.0,1766.0,0.11331591010093689,0,7.765781394555957,,29,control
1185,273.0,1565.0,273.2200537321511,1564.3799865697868,0.1350880265235901,1,0.44337293175456705,0.20524091505149406,29,control
1186,376.0,1763.0,374.1899921579005,1763.3399712828177,0.18197932839393616,1,2.3193791747720027,0.26464193193048513,29,control
1187,286.0,1662.0,287.0300541928691,1661.069919813505,0.10930050164461136,1,0.9107879651806841,0.5334740286364987,29,check
1188,437.0,1708.0,437.6200299410797,1707.3099975021512,0.1594722867012024,1,0.49196923549120164,0.7613063129620437,29,check
1189,330.0,1587.0,329.0,1587.0,0.12313070148229599,1,1.4605805305273523,,29,control
1190,320.0,1666.0,320.9500198439266,1665.319953412084,0.1296457201242447,1,0.6767865003348401,0.6278473976356804,29,check
1191,222.0,1649.0,222.1100437993535,1648.1199794234155,0.11128691583871841,1,0.7221248108371764,0.5097527230739123,29,check
1192,225.0,1664.0,222.0,1666.0,0.12234270572662354,0,4.103914107071656,,29,control
1193,377.0,1580.0,378.4700246131579,1579.320001253351,0.26997697353363037,1,1.1210788855999814,0.8052164398158179,29,control
1194,330.0,1665.0,330.36996839307875,1663.9899172457601,0.1419427990913391,1,0.7778859926169919,0.3766617835459545,29,control
1195,435.0,1675.0,434.88001697020735,1673.9500378758119,0.12473326921463013,1,0.9900698478676939,0.3911266912472646,29,control
1196,441.0,1733.0,441.1400478401989,1732.2499835600975,0.15967972576618195,1,0.5966357239103749,0.5112138720897538,29,check
1197,341.0,1650.0,342.0299914185258,1648.569983404286,0.23420283198356628,1,1.3327432793782825,0.8784473446970169,29,control
1198,424.0,1558.0,424.2299405565809,1557.2700498915226,0.20060358941555023,1,0.5405951142472305,0.47218462354348745,29,control
1199,374.0,1729.0,374.930042319536,1728.349991995681,0.1693955808877945,1,0.6440907616663406,1.078707715945931,29,control
1200,472.0,1598.0,472.1400286813209,1597.399952091282,0.21420426666736603,1,0.4755834759563458,0.14601368053570163,30,control
1201,560.0,1642.0,559.950063120451,1641.2400244945848,0.13561199605464935,1,0.7215872918142537,0.2260593547476051,30,control
1202,513.0,1697.0,513.6200629628124,1696.489885042151,0.18361884355545044,1,0.3331593929129096,1.611363472791693,30,check
1203,518.0,1765.0,514.0,1765.0,0.12783168256282806,0,4.442549213810231,,30,check
1204,458.0,1551.0,458.07016014683234,1550.4199238120812,0.14500334858894348,1,0.5094467739268802,0.40297886125057375,30,control
1205,445.0,1578.0,444.2199634591829,1577.6600049935619,0.19152812659740448,1,1.2261319286872214,0.2775908707861239,30,check
1206,578.0,1618.0,580.4201733299784,1617.4299162933528,0.10151272267103195,1,2.009433501158406,1.810678906615213,30,control
1207,614.0,1749.0,615.139962075202,1747.7300093883,0.10500559955835342,1,1.2566105384537782,0.40433888803551277,30,check
1208,558.0,1592.0,564.0,1592.0,0.16734711825847626,0,5.5641600172192796,,30,control
1209,596.0,1763.0,595.5599976849712,1762.620032871261,0.1825283169746399,1,0.8891686578629294,0.43009707407965275,30,control
1210,603.0,1679.0,604.3999937900167,1677.7100398096302,0.10518818348646164,1,1.432163054906426,0.5746702964187905,30,control
1211,512.0,1624.0,512.0,1622.0,0.11805075407028198,1,1.8231558112866153,,30,control
1212,575.0,1647.0,576.0099704489834,1646.0298672790018,0.10413756221532822,1,0.9352287139446294,0.5989219148201829,30,control
1213,561.0,1701.0,561.6898070756072,1700.5200423540205,0.1208820715546608,1,0.3549856338346814,1.031930380008293,30,control
1214,572.0,1731.0,572.4100700076981,1730.7899974662896,0.19355912506580353,1,0.033464671630813396,0.4714655478200452,30,control
1215,591.0,1610.0,591.480094294281,1609.109948173591,0.1530417948961258,1,0.6625070173155703,0.5764547572831525,30,control
1216,525.0,1684.0,526.3100159848334,1683.2000004170716,0.1981639415025711,1,1.0410455763837847,0.35280538107752607,30,control
1217,486.0,1639.0,487.2000101092099,1638.119999934685,0.13936680555343628,1,0.999357536293074,0.19540163103579591,30,control
1218,457.0,1619.0,456.3799783986672,1618.0600161960392,0.23393775522708893,1,1.2749309010285896,0.752420202685841,30,check
1219,653.0,1736.0,654.1800294860107,1735.3699500790237,0.1358753740787506,1,0.8452043435972098,0.8791703138403605,30,control
1220,465.0,1651.0,471.0,1652.0,0.12258930504322052,0,5.695373116468084,,30,control
1221,558.0,1614.0,557.0,1613.0,0.10951485484838486,1,1.6331980196402631,,30,control
1222,634.0,1728.0,633.649976899317,1727.5499912289886,0.1564367264509201,1,0.8177056422570795,0.5178202689407881,30,control
1223,578.0,1580.0,578.0999861211255,1579.2199688687485,0.15798714756965637,1,0.6479490972155529,0.18817224949286587,30,control
1224,497.0,1725.0,501.57995464132125,1724.3200438536796,0.14557340741157532,0,4.166607569048976,0.8616761031055752,30,control
1225,595.0,1745.0,595.9600157061767,1744.1199457822584,0.23910988867282867,1,0.8351723196807022,0.4729865288289774,30,control
1226,505.0,1739.0,497.55987918041126,1739.2900882735257,0.1575116068124771,0,7.894586367441801,2.02525828808316,30,control
1227,446.0,1723.0,445.0,1723.0,0.15895669162273407,1,1.456517338628539,,30,control
1228,530.0,1739.0,530.4399965665223,1737.4101243855234,0.18260706961154938,1,1.3591709920771005,0.3837216640473165,30,control
1229,546.0,1652.0,549.7501677407967,1650.6398796077128,0.14548704028129578,0,3.4985593915466087,1.03225609726316,30,control
1230,477.0,1684.0,476.279938914853,1683.8298763286698,0.14341045916080475,1,1.1603483198783369,0.7498808755969502,30,check
1231,503.0,1583.0,506.31012755880903,1580.5798502817859,0.19012637436389923,0,3.6090338732967298,1.3135834561049113,30,control
1232,602.0,1612.0,603.7900437865378,1610.359839375362,0.11385241150856018,1,1.953349897827733,0.6278128466097986,30,control
1233,584.0,1702.0,579.5597552112007,1696.7898846517787,0.16287803649902344,0,6.971710335692595,1.7670786853700438,30,control
1234,585.0,1735.0,585.4600400776072,1734.3799441380854,0.1830039620399475,1,0.39137926720506994,0.5838847786046666,30,check
1235,535.0,1683.0,535.9700521969395,1682.0799215361178,0.18532654643058777,1,0.8707870564098015,0.6321394572574355,30,control
1236,547.0,1592.0,546.6600307457694,1591.2799954898928,0.18541008234024048,1,0.9217811647920081,0.4149964722117473,30,control
1237,472.0,1612.0,472.4300583512197,1611.2399766533179,0.21244707703590393,1,0.5284568469425412,0.36593320379721095,30,check
1238,555.0,1654.0,553.0,1655.0,0.106730617582798,0,2.731598066854085,,30,control
1239,477.0,1697.0,476.8299815347144,1696.4599838398224,0.1424587219953537,1,0.681945039680757,0.44656737661966595,30,control
1240,502.0,1568.0,502.0300223549003,1567.2999508684527,0.19321157038211823,1,0.624046495233888,0.27350695912078654,30,control
1241,543.0,1607.0,545.0,1607.0,0.17262667417526245,1,1.576577831393017,,30,control
1242,476.0,1757.0,474.5100145987165,1756.8099814704674,0.234567329287529,1,1.9273165580097604,0.4628473788452459,30,control
1243,459.0,1758.0,458.61999184872224,1757.6199349347417,0.177606001496315,1,0.8301314529221546,0.2087667933451108,30,control
1244,656.0,1755.0,656.6199947789036,1753.7499397476192,0.12920363247394562,1,1.0387458906775366,0.6952969237546748,30,control
1245,626.0,1665.0,488.0,1857.0,0.11173474043607712,0,236.89087291009503,,30,check
1246,592.0,1598.0,592.7399890218533,1596.9400036390346,0.1392790973186493,1,0.8836690563746022,0.31370337720325187,30,control
1247,469.0,1677.0,468.0,1676.0,0.10937899351119995,1,1.6309948056679358,,30,control
1248,709.0,1552.0,709.3800145192088,1551.0199921752971,0.11241581290960312,1,0.7568026884603759,0.19705466866441962,31,control
1249,720.0,1588.0,720.7400364123231,1587.3999981293605,0.10906757414340973,1,0.4797765170512746,0.1591375323573521,31,control
1250,787.0,1770.0,787.1799868289107,1769.1199633633464,0.10874919593334198,1,0.7034988955087068,0.24069163769397936,31,control
1251,769.0,1643.0,546.0099508943933,1864.0900852084424,0.11436215788125992,0,314.48566107423676,1.0681152383507508,31,control
1252,824.0,1723.0,824.2500067761497,1722.889990292601,0.1184702068567276,1,0.2182512839893304,0.44248557323773763,31,control
1253,693.0,1751.0,695.1500658482795,1749.3899289558058,0.13979966938495636,1,2.202446048115374,0.8543599109210208,31,control
1254,703.0,1560.0,703.3101125121902,1558.8400756156536,0.1256546825170517,1,0.9431866713623575,0.4489859571919535,31,control
1255,698.0,1570.0,699.0,1565.0,0.1209777295589447,0,4.80667219040176,,31,control
1256,703.0,1588.0,701.0,1588.0,0.12470939010381699,1,2.4506172945312894,,31,control
1257,801.0,1567.0,801.069970077385,1566.2000283664936,0.19333212077617645,1,0.685208786105479,0.13658245961071097,31,control
1258,827.0,1601.0,827.6799954224418,1599.6799358036783,0.13376973569393158,1,1.1231699210045816,0.5363846091195148,31,control
1259,729.0,1620.0,732.0,1618.0,0.12195982784032822,1,3.1155066738020447,,31,control
1260,678.0,1556.0,676.3399631684694,1556.4499945141306,0.1059824600815773,1,2.2072899547501326,0.6003519560838533,31,control
1261,668.0,1724.0,668.0,1724.0,0.1291782557964325,1,0.49255753406874336,,31,check
1262,742.0,1571.0,742.2200140052325,1570.2600046669868,0.111118845641613,1,0.5602493418558001,0.2680021486157489,31,control
1263,731.0,1561.0,731.0,1566.0,0.11347091197967529,0,5.243739927650355,,31,control
1264,759.0,1601.0,757.4099906106321,1600.909950404531,0.12394978851079941,1,2.034124461628971,1.5904763044612307,31,control
1265,694.0,1740.0,693.0,1738.0,0.110889732837677,1,2.2821245427243415,,31,control
1266,809.0,1769.0,808.9099989787646,1768.4599224746414,0.12608127295970917,1,0.613119691339564,0.26582071453158884,31,check
1267,670.0,1574.0,671.7700624303716,1573.2198716651958,0.1368289440870285,1,1.4400294359835837,1.037680814955671,31,check
1268,681.0,1569.0,679.2200349672991,1569.1900390975732,0.20480558276176453,1,2.2593985249815853,0.5103327482015755,31,check
1269,154.0,1945.0,152.46992166109888,1944.6800822008893,0.1803969144821167,1,1.9651242148771157,3.362871079619318,32,control
1270,115.0,1911.0,116.65005640992536,1911.149871778429,0.17696435749530792,1,1.2770865612897633,1.0905790341424868,32,check
1271,158.0,1955.0,157.4300100591557,1954.7399806821063,0.25719448924064636,1,1.0033622896080363,0.4758530644661523,32,control
1272,191.0,1936.0,190.56001036406207,1935.539970347498,0.2670060098171234,1,0.9008780195359232,0.23239989986287257,32,control
1273,140.0,1957.0,142.84002681602132,1952.8099740323148,0.11386016756296158,0,4.6246821525189645,0.6545582978704176,32,control
1274,191.0,1851.0,189.95999761752032,1850.9599994207088,0.14199665188789368,1,1.489016285070668,0.44651257526081883,32,control
1275,211.0,1932.0,161.1701905596189,1942.3197987318974,0.10128858685493469,0,51.36065242734571,2.2267693688208596,32,check
1276,166.0,1925.0,168.42995472296502,1926.570056490192,0.2018321305513382,1,2.6947382130671667,1.5503206178857052,32,control
1277,210.0,1880.0,208.59003418320998,1881.1900903198184,0.10231293737888336,1,2.3335945908315905,1.6539062305210406,32,control
1278,131.0,1973.0,131.34000041600368,1972.4599723444956,0.10324215143918991,1,0.3128308799230697,0.47959508281099,32,control
1279,211.0,1908.0,210.929985236928,1907.4599815858367,0.15101218223571777,1,0.5871280122217042,0.6748468520783298,32,control
1280,187.0,1964.0,187.26989673235485,1964.2599745754355,0.10884315520524979,1,0.5257609566841169,0.38066413024635526,32,control
1281,169.0,1982.0,168.31001170226065,1982.0099933828658,0.15757408738136292,1,1.1500624091294285,0.38521780061635563,32,control
1282,133.0,1903.0,134.0,1902.0,0.16464844346046448,1,0.9464929627319915,,32,control
1283,201.0,1973.0,199.85005023366745,1973.1899283133355,0.12497134506702423,1,1.6397923331429582,0.6345926798075021,32,control
1284,207.0,1956.0,210.1799675564904,1954.5500984068492,0.10614413768053055,1,3.001896704188766,0.6199410192540262,32,control
1285,218.0,1957.0,212.72010644702965,1956.540114829664,0.12107618153095245,0,5.717093636958319,1.027549649214199,32,control
1286,166.0,1967.0,161.0,1970.0,0.11312317103147507,0,6.325862203719335,,32,control
1287,159.0,1967.0,161.0,1970.0,0.16548705101013184,0,3.5996313408773406,,32,check
1288,153.0,1912.0,154.2199526400518,1914.1799872229367,0.12239150702953339,1,2.544858417651491,0.8196459605512262,32,control
1289,184.0,1907.0,187.0,1901.0,0.1504211574792862,0,6.305845355146456,,32,control
1290,130.0,1926.0,131.0,1928.0,0.16551968455314636,1,2.3115239122420355,,32,check
1291,353.0,1949.0,349.0,1949.0,0.18289224803447723,0,4.4389064874218365,,33,control
1292,319.0,1796.0,318.2700409323512,1795.7299613784057,0.1858903169631958,1,1.1669371003340896,0.19309896168262783,33,check
1293,352.0,1806.0,351.7800684355571,1805.4698806953313,0.19095297157764435,1,0.7192514738388273,0.24884217037821837,33,control
1294,335.0,1850.0,334.3400478064734,1849.9199668348215,0.2577081322669983,1,1.106093198946135,0.26918834507430417,33,control
1295,243.0,1919.0,241.54999844174273,1918.6700349477665,0.12961792945861816,1,1.8859863186132202,1.2367497982460736,33,control
1296,377.0,1958.0,376.3200777770067,1957.639934379564,0.19095654785633087,1,1.119227032443741,0.6373012006139849,33,control
1297,228.0,1954.0,227.07991404119403,1953.3400188419148,0.14696857333183289,1,1.417065053764572,0.5235880936206303,33,control
1298,402.0,1950.0,401.0,1952.0,0.18694669008255005,0,2.654299407220389,,33,control
1299,418.0,1855.0,418.020012010371,1854.5000180602708,0.16702553629875183,1,0.49271977641750464,0.2422524205697037,33,control
1300,365.0,1774.0,364.3900467273989,1773.789960894951,0.2516164183616638,1,1.0471015483781205,0.3153380380363793,33,control
1301,366.0,1989.0,365.9099639284447,1989.1900316026492,0.13941426575183868,1,0.6732632888023552,1.04890981715835,33,control
1302,438.0,1967.0,437.8300542265946,1966.3999365387813,0.2472497671842575,1,0.7045281181114821,0.6591514714591438,33,check
1303,292.0,1803.0,295.479975789721,1804.7800035758555,0.13236406445503235,0,3.651124509108434,0.6296304590621027,33,control
1304,323.0,1956.0,323.0700113820935,1955.390012860843,0.1711149364709854,1,0.5204834869449071,0.3989641154289984,33,control
1305,392.0,1905.0,390.0,1904.0,0.17760521173477173,1,2.551070908884474,,33,check
1306,407.0,1853.0,407.2899825048276,1852.390030441931,0.2265835553407669,1,0.40277099040149894,0.3385110848845209,33,control
1307,314.0,1862.0,313.40005656435994,1862.2099762188495,0.16841334104537964,1,1.1270128587529624,0.933493350932326,33,check
1308,386.0,1932.0,385.7700007262499,1931.4100203632427,0.19201885163784027,1,0.7520183478097897,0.24920312086530882,33,control
1309,322.0,1777.0,319.25995023239045,1777.6500632837385,0.19359159469604492,0,3.2982215799759373,2.452579160931285,33,control
1310,356.0,1884.0,353.8799251194492,1884.1600537080374,0.2668483257293701,1,2.584726182253933,0.7484845476099959,33,control
1311,352.0,1933.0,353.6800607312544,1932.2201264240314,0.1731128692626953,1,1.3605862753005158,0.9062152003736789,33,control
1312,366.0,1886.0,365.459993306562,1885.5900340145827,0.1759290099143982,1,0.9896695953897809,0.15579073715721498,33,check
1313,382.0,1836.0,382.99000661713416,1835.3100117022607,0.17339274287223816,1,0.7176638527746766,0.24721377994818702,33,control
1314,276.0,1855.0,275.89999043742375,1854.7399926282303,0.1421784609556198,1,0.5356864891426013,0.3135285379115082,33,control
1315,307.0,1882.0,307.9800702050201,1881.2198669318261,0.1812097281217575,1,0.7701215302087998,0.6812561406133448,33,control
1316,392.0,1799.0,392.6600199266383,1798.7999777192676,0.2575177550315857,1,0.22648614631053987,0.5016485333276588,33,control
1317,366.0,1876.0,364.97000706045543,1875.7199307480055,0.17577461898326874,1,1.465043163158413,0.37721431434354075,33,control
1318,361.0,1822.0,362.0599469419086,1821.1899911995351,0.21446263790130615,1,0.8486326492470417,0.42961666798385184,33,control
1319,420.0,1801.0,419.44996926949136,1800.5399953667386,0.15935030579566956,1,1.0116820441458236,0.26190861265418414,33,control
1320,263.0,1966.0,261.8600347692181,1966.129985428601,0.13606980443000793,1,1.6149975235094265,0.363707838056992,33,control
1321,339.0,1792.0,340.96007492922797,1791.3901264066346,0.14479650557041168,1,1.5688823468796516,1.1346511105569652,33,control
1322,294.0,1902.0,294.28997326348644,1900.9800152628554,0.16134251654148102,1,0.7960637142792385,0.2765926796013459,33,control
1323,300.0,1779.0,300.7499995350101,1778.390020073597,0.21142452955245972,1,0.4873446089353901,1.6425634967513854,33,control
1324,311.0,1920.0,311.62003084267394,1919.3499989830366,0.18411631882190704,1,0.4534452835713869,0.18238075475382248,33,control
1325,437.0,1932.0,437.20001061677823,1931.4999174189686,0.2852153778076172,1,0.3537423323501541,0.3630319545741265,33,control
1326,407.0,1861.0,407.4401559817648,1860.2699694810062,0.15650931000709534,1,0.49591035963264346,0.5669613099441057,33,control
1327,294.0,1826.0,294.5700371059155,1825.7100134379982,0.23431001603603363,1,0.1443613903925227,0.2168578953935362,33,control
1328,392.0,1967.0,388.3200173134202,1966.5999184163993,0.2359306514263153,0,4.115357772149842,1.184813335927041,33,control
1329,423.0,1902.0,424.0,1901.0,0.1866389960050583,1,0.9527859274054433,,33,check
1330,325.0,1942.0,325.0099324684822,1941.6299715941318,0.13716934621334076,1,0.4435575814506302,0.4403749865554479,33,control
1331,288.0,1855.0,286.0,1856.0,0.17278869450092316,1,2.7313498859067793,,33,check
1332,392.0,1776.0,391.0,1773.0,0.13990455865859985,0,3.116691613395963,,33,check
1333,324.0,1840.0,323.67991687019895,1839.4799734789642,0.20004333555698395,1,0.8070647567758755,0.4198168983776877,33,control
1334,323.0,1879.0,321.0,1880.0,0.19550499320030212,1,2.730367790345573,,33,control
1335,327.0,1890.0,326.67999604186633,1889.3500201705017,0.17550820112228394,1,0.8602148788534973,0.2874800211836336,33,check
1336,234.0,1907.0,233.45003559344053,1904.8400209556587,0.13264939188957214,1,2.1587726758947428,1.2436118617157284,33,control
1337,541.0,1937.0,540.9800089516956,1936.4300163703156,0.2700606882572174,1,0.5650814674236105,0.20728886871063973,34,check
1338,618.0,1825.0,618.0,1824.0,0.11509201675653458,1,0.8852104022731788,,34,control
1339,517.0,1900.0,516.510009189151,1899.5699725851548,0.233086958527565,1,0.9443034513411572,0.17491438624457004,34,control
1340,592.0,1884.0,591.6400152976488,1883.2700551324608,0.16932819783687592,1,0.9378729808478894,0.5807856740539595,34,control
1341,476.0,1906.0,475.3900230605496,1905.7399220217085,0.23437821865081787,1,1.0435711598653328,0.23270665460238021,34,control
1342,499.0,1966.0,499.71001011379093,1965.639874084605,0.21046581864356995,1,0.3062835183674729,0.5023580266685942,34,control
1343,634.0,1782.0,634.080051704632,1781.5199949084656,0.15700101852416992,1,0.43567989894381093,0.5413572528014271,34,control
1344,565.0,1906.0,564.540027880903,1905.350000786225,0.17497219145298004,1,0.9865372872796132,0.3524486907115707,34,control
1345,602.0,1980.0,599.0099572623243,1979.7300123184812,0.19168581068515778,0,3.421260657654005,0.6092220436364103,34,control
1346,511.0,1876.0,510.2400046027399,1875.8099875562286,0.24495431780815125,1,1.1945615614217013,0.6662506680464145,34,control
1347,557.0,1943.0,557.3901074731551,1942.199893972178,0.1668199896812439,1,0.5708607357010695,0.47274596534481256,34,control
1348,655.0,1942.0,653.4100278581665,1941.9199282348957,0.1254722625017166,1,2.0271190236602874,0.49348405060218015,34,control
1349,614.0,1950.0,614.3900785653676,1949.5599298400034,0.13255199790000916,1,0.21471185412432747,1.0713204620949384,34,control
1350,583.0,1947.0,583.4600041824642,1946.4299685290487,0.19774360954761505,1,0.34102820524021266,0.44393945527681794,34,check
1351,473.0,1812.0,474.29011757702517,1810.1698355535073,0.17095090448856354,1,1.8119866731815366,0.7318713196760177,34,check
1352,592.0,1926.0,592.3700771487293,1925.5299291801364,0.1751665621995926,1,0.24813221590789536,1.0643720931315628,34,check
1353,447.0,1915.0,446.9200214380453,1914.439958530936,0.19911327958106995,1,0.6082598087592348,0.17059095888659478,34,control
1354,554.0,1888.0,557.5901259788832,1886.049824348894,0.12355352938175201,0,3.5946920513043588,1.6856061309221397,34,control
1355,632.0,1975.0,631.7002062928041,1974.7898637481696,0.1142294704914093,1,0.7310253946237367,0.35246635411295646,34,check
1356,548.0,1920.0,548.2901175770252,1919.1698355535073,0.19455966353416443,1,0.615953735425154,0.5919303241942573,34,control
1357,665.0,1878.0,664.0,1875.0,0.1314055174589157,1,3.120681185432063,,34,control
1358,454.0,1941.0,453.43995109278336,1940.74996634465,0.24297606945037842,1,0.9926484562644355,0.18457956159666636,34,control
1359,574.0,1931.0,572.0,1931.0,0.2198864221572876,1,2.4431567145147124,,34,control
1360,630.0,1855.0,630.1100325294252,1854.6199609123478,0.10286516696214676,1,0.3575045135122114,1.2427484611226545,34,control
1361,459.0,1883.0,458.6400327101095,1882.4000003833462,0.26125848293304443,1,0.8745682704210482,0.24396525625994406,34,control
1362,518.0,1985.0,513.0,1984.0,0.114778071641922,0,5.485216832897976,,34,control
1363,509.0,1855.0,508.51993038770496,1854.6999256682188,0.2028748244047165,1,0.9169847389389203,0.35307960646658776,34,control
1364,621.0,1802.0,622.8697790282126,1800.979981282757,0.11225020885467529,1,1.6383112905044903,0.7980404497176113,34,control
1365,492.0,1938.0,486.3198031830976,1934.6699001009674,0.2639818489551544,0,6.852742521027648,1.746272957512525,34,check
1366,475.0,1869.0,475.0,1871.0,0.19326120615005493,1,2.2743505660915737,,34,control
1367,521.0,1840.0,522.0400026078783,1839.0500009495124,0.11772356182336807,1,0.9396587198932242,0.4389934821001662,34,control
1368,570.0,1779.0,565.7400126319314,1782.6301257684363,0.12127567827701569,0,6.078825041018083,1.679134707890743,34,control
1369,533.0,1772.0,534.4201707938231,1770.959995477077,0.11063852906227112,1,1.2739331852405185,1.3869510358585577,34,control
1370,655.0,1828.0,655.0800336727468,1827.719965290757,0.13184505701065063,1,0.35825643312579397,0.7586563048996137,34,control
1371,662.0,1920.0,658.7899841110032,1919.639991405401,0.1820063292980194,0,3.6446327448199236,0.7159401185884473,34,control
1372,488.0,1873.0,488.3800244367456,1872.460008465037,0.1869824379682541,1,0.3124680115708984,0.5091334911695196,34,control
1373,617.0,1883.0,615.0,1880.0,0.18801552057266235,0,3.6876548864825613,,34,check
1374,635.0,1803.0,636.3400342808734,1801.890278016398,0.12577013671398163,1,1.2631520432186158,1.968986928261604,34,check
1375,446.0,1816.0,446.16994453455635,1815.2598947275724,0.15011076629161835,1,0.5724119534519966,0.6216836242145046,34,control
1376,507.0,1958.0,505.0,1953.0,0.15292133390903473,0,5.352318961696641,,34,control
1377,489.0,1858.0,488.85004409113503,1857.560001573518,0.2633878290653229,1,0.6201813503899672,0.34885555120523964,34,control
1378,562.0,1878.0,560.0,1880.0,0.11251948028802872,0,3.3011105933898963,,34,control
1379,525.0,1913.0,525.5500590188716,1912.4298843986128,0.24218955636024475,1,0.3583542858357418,0.4333944514268108,34,control
1380,643.0,1898.0,640.2000748553692,1898.3500229320555,0.19892588257789612,0,3.2841221846768245,1.0596677699257733,34,control
1381,470.0,1793.0,470.0,1795.0,0.13692837953567505,1,2.2745595774441996,,34,control
1382,660.0,1817.0,659.9700108354599,1816.5300202979276,0.11477163434028625,1,0.5240357402032839,0.8198957376253995,34,control
1383,541.0,1796.0,542.1799903785167,1795.9200525430472,0.11707273125648499,1,0.7594173404204206,0.92044066583059,34,check
1384,501.0,1799.0,500.9300436719274,1798.4099942170092,0.20014606416225433,1,0.6198147117453406,0.5982293870651658,34,control
1385,652.0,1785.0,652.0,1785.0,0.1129586324095726,1,0.4915713884633028,,34,control
1386,783.0,1877.0,784.3700245740926,1875.839926174719,0.12571732699871063,1,1.3238727002530273,0.6075339966593417,35,control
1387,781.0,1845.0,778.9800247295951,1846.1300422858105,0.11347910016775131,0,2.8028982779601055,1.0162541393577298,35,control
1388,803.0,1805.0,804.0,1804.0,0.18004007637500763,1,0.9599512030638735,,35,control
1389,706.0,1967.0,707.4700645087038,1966.0900667825313,0.13495032489299774,1,1.2433496785075693,0.6229215996572711,35,check
1390,668.0,1893.0,668.070022708793,1892.2499481157517,0.17720626294612885,1,0.635839436932667,0.509566924046565,35,control
1391,711.0,1954.0,710.7399247815763,1953.6602315208056,0.12908050417900085,1,0.7004150479191094,0.4114954257013854,35,control
1392,726.0,1948.0,726.5800939393204,1947.9299392556209,0.11642824858427048,1,0.21603164791795693,1.0881234713509111,35,check
1393,767.0,1798.0,765.0,1799.0,0.11837627738714218,0,2.7256844311748583,,35,control
1394,666.0,1903.0,666.3300776964309,1902.6199334137227,0.11023268103599548,1,0.18342130364592926,1.3580317961128363,35,control
1395,712.0,1989.0,712.0200377625785,1988.9999770093464,0.2320382446050644,1,0.4689968127808151,0.44757856527646506,35,check
1396,669.0,1844.0,666.1499355679091,1845.609714967861,0.1369236707687378,0,3.7631874053806933,1.2708339399051656,35,control
1397,719.0,1917.0,720.1901005195251,1916.219899220592,0.11755383759737015,1,0.9385086692288139,0.5141605245040435,35,control
1398,732.0,1867.0,732.0,1868.0,0.1306702047586441,1,1.3005394515572486,,35,control
1399,698.0,1960.0,698.5300246372716,1959.5799129425868,0.13480637967586517,1,0.21658359900022267,0.444397537293916,35,control
1400,861.0,1939.0,731.9100473826849,1820.2500853283925,0.10313725471496582,0,175.56894253653945,0.635426133964981,35,control
1401,819.0,1847.0,815.0,1845.0,0.1268012374639511,0,4.77592772488927,,35,check
1402,695.0,1922.0,694.3800398206191,1921.4999503839301,0.13061273097991943,1,1.0867844318348383,0.5493419999239962,35,control
1403,809.0,1870.0,809.9200306793864,1868.8499737100117,0.13606534898281097,1,1.0460030310792168,0.6765218922487443,35,check
1404,731.0,1923.0,731.0400592396892,1922.9200106189141,0.1736622303724289,1,0.4183229031675709,0.5389810583989284,35,control
1405,708.0,1799.0,706.0,1799.0,0.16153325140476227,1,2.4455323058458482,,35,control
1406,799.0,1776.0,797.1399971255219,1774.999900260292,0.11321691423654556,1,2.422820804530787,0.92006390352491,35,control
1407,774.0,1836.0,772.5900796018639,1836.9199982219932,0.11525998264551163,1,2.170447569397258,0.9565088305191217,35,control
1408,785.0,1795.0,785.4800318021073,1793.9799288784338,0.1481393575668335,1,0.7966649014577053,0.7201363516601827,35,control
1409,693.0,1933.0,691.8599790390015,1932.299977240085,0.14334873855113983,1,1.6413238245121706,1.4331924714392077,35,control
1410,811.0,1781.0,810.7900516187163,1780.3499355892686,0.11294255405664444,1,0.7730326155543424,0.8021181758456258,35,control
1411,841.0,1814.0,842.4299963098432,1813.1299580986035,0.11675789952278137,1,1.187373265833797,0.4766633853742682,35,control
1412,779.0,1934.0,780.8501185862037,1933.5799572342478,0.11392442882061005,1,1.4319680648847521,1.0656159565188283,35,check
1413,683.0,1871.0,676.1697804994864,1868.9098753451226,0.1240987777709961,0,7.4986131827215505,2.1029879041680912,35,control
1414,743.0,1942.0,743.2299718869814,1941.6601013522913,0.13773168623447418,1,0.23126985512467732,0.9279669543999846,35,control
1415,699.0,1913.0,699.3500450778861,1912.1398781701648,0.14150762557983398,1,0.6382246159940737,0.5642660004073347,35,control
1416,684.0,1883.0,684.0,1885.0,0.19341883063316345,1,2.2691855645023082,,35,control
1417,681.0,1933.0,672.3499379000255,1926.6698688273382,0.10210644453763962,0,10.94170866814756,2.8586994726692536,35,control
1418,738.0,1991.0,738.2799981946755,1990.459973696887,0.17278389632701874,1,0.3476128954479287,0.5636602463279904,35,control
1419,719.0,1881.0,719.4100257728082,1880.4700081590627,0.1300666630268097,1,0.3042457390630672,0.9199844558016119,35,control
1420,795.0,1972.0,795.0,1972.0,0.1246686801314354,1,0.48576708199591717,,35,check
1421,740.0,1977.0,736.0,1979.0,0.13348476588726044,0,4.958525679276945,,35,control
1422,728.0,1968.0,727.4700350382631,1968.1399350273741,0.14522725343704224,1,1.0283577418371088,0.592345998689217,35,control
1423,680.0,1952.0,679.909950855328,1951.6100101298107,0.14500153064727783,1,0.5460594203273834,1.1208934717018653,35,control
1424,668.0,1803.0,667.8700667520097,1802.8899537780335,0.12906788289546967,1,0.5770808653508334,0.8679075802718138,35,control
1425,758.0,1978.0,756.0,1980.0,0.10943145304918289,0,3.295803719408251,,35,control
1426,855.0,1987.0,854.0,1984.0,0.1074204072356224,1,3.122918033983624,,35,control
1427,745.0,1958.0,743.0,1956.0,0.14693011343479156,1,3.009310576166022,,35,control
1428,817.0,1861.0,814.1299465465056,1860.7000680650267,0.11510033905506134,0,3.304032862542004,0.6242898160764228,35,check
1429,729.0,1852.0,729.7000533590349,1851.2897792504073,0.1071622371673584,1,0.5524440823575016,1.1983117774305552,35,control
1430,301.0,2084.0,296.58982765966744,2085.240167848072,0.114387646317482,0,5.0602777634055185,1.2855044061960668,37,check
1431,273.0,2206.0,273.08999927481807,2205.8199913074286,0.2857409417629242,1,0.3417157130871824,0.3688210170689009,37,control
1432,342.0,2212.0,343.1700398781492,2212.490051331207,0.19195391237735748,1,1.040118432966807,0.38904874949100193,37,check
1433,248.0,2191.0,247.82003013275278,2190.9899811470964,0.3113989233970642,1,0.6488977145625517,0.12594765843093875,37,control
1434,239.0,2129.0,238.7200449132215,2128.8100137592332,0.21091686189174652,1,0.7103087267032051,0.13808278140859806,37,check
1435,440.0,2127.0,439.38001361761445,2126.9799906944118,0.14080031216144562,1,1.069644049448417,0.14704508585426604,37,control
1436,389.0,2104.0,389.37999017616374,2103.9399521913906,0.12283218652009964,1,0.18206166445058308,0.4282284643746449,37,control
1437,334.0,2118.0,338.0,2117.0,0.1230286955833435,0,3.6520676665217593,,37,control
1438,344.0,2188.0,343.7100437532621,2188.060179386286,0.12212780863046646,1,0.7758977608004848,0.5613540179225831,37,control
1439,230.0,2173.0,231.0800465772362,2172.6499031372155,0.23104529082775116,1,0.661738409108529,0.48107761563692064,37,control
1440,417.0,2088.0,417.6100934721945,2087.859935987876,0.2235695719718933,1,0.20434223101070428,0.46109229541176516,37,control
1441,403.0,2030.0,399.0,2031.0,0.18934322893619537,0,4.599355545479298,,37,control
1442,383.0,2054.0,382.4199604952761,2054.199983455408,0.1723490208387375,1,1.099856294988194,0.21189140164158565,37,control
1443,330.0,2103.0,332.91988011314527,2095.1697264021445,0.1109185442328453,0,7.991523914486532,1.4410663733985787,37,control
1444,270.0,2169.0,268.6400408244578,2169.760013711315,0.13434438407421112,1,2.047554476577488,0.7868465843190574,37,control
1445,289.0,2211.0,288.80003254788994,2211.1299867809926,0.23594403266906738,1,0.7266693126569338,0.21007468869936985,37,control
1446,330.0,2127.0,329.70003972157866,2126.969923549444,0.1001274362206459,1,0.7571482281412265,0.4409298163864244,37,control
1447,415.0,2074.0,414.7199963957589,2074.3000174178005,0.24381780624389648,1,0.888335075368356,0.5854463887519964,37,check
1448,343.0,2092.0,342.0,2092.0,0.1773412823677063,1,1.4486196401664095,,37,control
1449,384.0,2212.0,384.26004732408677,2212.029972710445,0.14226952195167542,1,0.3135334902958639,0.47799881007325773,37,control
1450,370.0,2040.0,370.2500381633214,2039.6399584972105,0.12883727252483368,1,0.2190213845688017,0.5053252975515884,37,control
1451,317.0,2012.0,317.600142127004,2011.7498500389904,0.13403818011283875,1,0.16944574873562046,1.3849799931875681,37,control
1452,397.0,1992.0,397.0,1986.0,0.1054222509264946,0,5.7812706480298255,,37,control
1453,368.0,2203.0,367.66000685352157,2203.219956246429,0.18857060372829437,1,0.8919226215745151,0.5068127799409691,37,check
1454,434.0,2138.0,434.0000597873908,2138.0100148525007,0.12634602189064026,1,0.49262506640576204,0.8234992079058366,37,control
1455,252.0,2129.0,251.0,2129.0,0.1984565556049347,1,1.4484389550522567,,37,control
1456,363.0,2007.0,362.7000642900222,2007.0599639035722,0.14406873285770416,1,0.7886522065152414,0.35764964020108514,37,control
1457,311.0,2074.0,309.0,2073.0,0.17745283246040344,1,2.5466406950739904,,37,control
1458,369.0,2129.0,368.4000822597963,2128.3500184240843,0.14592066407203674,1,1.1082979547574605,0.4844466808265167,37,control
1459,272.0,2073.0,271.6600969010912,2072.929937452432,0.1206245869398117,1,0.7879468542160473,1.2170122233367136,37,control
1460,432.0,2080.0,431.880014040026,2079.8200330629343,0.301543653011322,1,0.5518153353233912,0.2746663655353222,37,control
1461,435.0,2113.0,435.1199968358763,2113.019901451532,0.115932896733284,1,0.3996583468161981,0.6550518900862486,37,control
1462,263.0,2091.0,262.91997472377125,2091.009965151274,0.15362770855426788,1,0.5668635848706947,0.18754877834782796,37,control
1463,240.0,2070.0,237.0,2071.0,0.11945817619562149,0,3.6470002314633265,,37,control
1464,342.0,1995.0,341.6598780373988,1994.7899113623519,0.10220782458782196,1,0.7721081541148702,0.41853254161970266,37,check
1465,308.0,2184.0,307.72000952564684,2184.2399556344803,0.16612909734249115,1,0.8532884038282976,0.33149261945610786,37,control
1466,223.0,2079.0,224.5700089310949,2078.4599671603287,0.20321045815944672,1,1.1790567236517187,1.4729735217546593,37,check
1467,431.0,2037.0,431.8700115844464,2036.3701132124995,0.21460731327533722,1,0.5916139452444797,0.9797636023959612,37,control
1468,244.0,2151.0,243.98999112140436,2150.9799029008277,0.23372392356395721,1,0.4898224668928271,0.3150266526179316,37,control
1469,292.0,2165.0,290.71003163851077,2165.8800761381735,0.13067921996116638,1,2.0494382908425837,0.7156400865679294,37,control
1470,416.0,2139.0,409.82994135699875,2138.3200011965796,0.11476714164018631,0,6.612837441094997,1.5653557891745737,37,control
1471,298.0,2045.0,297.88000299549634,2045.3300149220877,0.11933576315641403,1,0.7906168568444997,0.4777770310146215,37,control
1472,329.0,2022.0,323.0,2024.0,0.12354551255702972,0,6.8087977798641095,,37,check
1473,349.0,2197.0,349.000019158878,2196.8500314688154,0.10531719774007797,1,0.4353135431483979,0.5327717446605951,37,control
1474,274.0,2154.0,273.0,2152.0,0.14520838856697083,1,2.2675973055956713,,37,control
1475,245.0,2060.0,245.0,2057.0,0.103782057762146,1,2.794515330242417,,37,control
1476,380.0,2096.0,383.0,2091.0,0.14642564952373505,0,5.413825424622686,,37,check
1477,416.0,2048.0,416.65006057895573,2047.6200453249533,0.22318454086780548,1,0.2637445199108989,0.6671533474075281,37,control
1478,500.0,2085.0,500.6300052920604,2085.1999561821817,0.13471710681915283,1,0.4771573896486534,0.2442495204865912,38,control
1479,523.0,2171.0,519.189990748738,2168.9200523176487,0.10063648223876953,0,4.621931195195278,1.5947288620883422,38,control
1480,514.0,2037.0,513.9000175420226,2037.299953798634,0.1962628960609436,1,0.7509586183737433,0.6598025556029282,38,control
1481,543.0,2142.0,543.88001522379,2142.229951657882,0.11202883720397949,1,0.6467429443426871,0.5755479405787918,38,control
1482,665.0,2038.0,664.6900160217627,2037.2200521543612,0.16032376885414124,1,0.9223266152035712,0.6790546793980432,38,control
1483,513.0,2140.0,513.0,2141.0,0.15491418540477753,1,1.3045717095636478,,38,control
1484,492.0,2015.0,491.73000758511137,2014.7800349630272,0.20382583141326904,1,0.7006218786529324,0.1530835280166098,38,control
1485,485.0,2168.0,486.0,2168.0,0.1002800464630127,1,0.618878893501745,,38,check
1486,662.0,2207.0,661.1599553207209,2207.040079976357,0.15166465938091278,1,1.2935975924706091,0.2334716182340229,38,check
1487,453.0,1998.0,452.9300533640657,1997.8400101365276,0.20092660188674927,1,0.5063838706693058,0.2050068434688798,38,check
1488,564.0,2118.0,563.8700768949451,2118.3399704379945,0.21193622052669525,1,0.7983008828176371,0.5091829943393328,38,check
1489,469.0,2067.0,468.76024175957747,2066.5500837008576,0.16665947437286377,1,0.7032528976627263,0.8026535034327591,38,check
1490,568.0,2137.0,561.0,2135.0,0.12732993066310883,0,7.634999744481626,,38,control
1491,625.0,2113.0,627.1898892626127,2113.0599689741966,0.15090224146842957,1,1.785909159704026,1.037856750763488,38,control
1492,557.0,2001.0,557.0300279898645,2000.5499601239867,0.20436640083789825,1,0.45656813025015125,0.1894055851527581,38,check
1493,480.0,2086.0,482.08007120245094,2085.099860235184,0.15291611850261688,1,1.7808630988487062,1.5320481989866594,38,control
1494,501.0,2127.0,502.1002781842665,2126.6798651420713,0.1213960126042366,1,0.6781778648934959,0.9694752096927715,38,check
1495,450.0,2105.0,449.65007579420194,2105.009903617466,0.10855423659086227,1,0.8157083288933542,0.31868395072333167,38,control
1496,588.0,2113.0,588.1600899421213,2112.7998843474907,0.19613708555698395,1,0.26942169126247073,0.6865917870185908,38,control
1497,553.0,2014.0,552.8099837244531,2013.5899891034971,0.2558802664279938,1,0.6456083288017189,0.22133197655719933,38,control
1498,547.0,2112.0,546.700023886908,2111.9099808901083,0.1924159824848175,1,0.74157524125489,0.23855594964795493,38,control
1499,479.0,2044.0,471.8497905711487,2045.8101686080472,0.2450912594795227,0,7.850639367633529,1.338084888504887,38,check
1500,487.0,2180.0,487.69006053882237,2179.9099585756503,0.11999314278364182,1,0.3000001127608675,1.1703738119656648,38,control
1501,595.0,1998.0,593.9699966353503,1997.899996973982,0.23023343086242676,1,1.4663436594723696,0.5319638374828917,38,control
1502,500.0,2176.0,500.5898769668681,2176.4999987878505,0.10152799636125565,1,0.7509953829172887,0.7451713388431734,38,control
1503,664.0,2180.0,663.710069619012,2180.2799718230435,0.13571631908416748,1,0.878326031215859,0.24965816326278192,38,control
1504,450.0,2090.0,450.05005442574355,2089.6900018784245,0.22404922544956207,1,0.38634358387016865,0.3161864210523821,38,control
1505,637.0,2004.0,636.3801309384105,2003.9000166971996,0.11025067418813705,1,1.0580336551295122,0.8964358994034193,38,control
1506,552.0,2060.0,552.12997776505,2059.799952643256,0.24111004173755646,1,0.30085260530634794,0.5198062644040446,38,check
1507,650.0,2157.0,650.8101450547404,2156.8200040432903,0.13340720534324646,1,0.38682205730408464,0.13817804033077774,38,control
1508,549.0,2161.0,549.2999847350087,2162.8299499221444,0.1107233315706253,1,2.065620540836854,2.275681259542666,38,check
1509,641.0,2129.0,635.0,2128.0,0.126968115568161,0,6.473247422318088,,38,control
1510,653.0,2076.0,652.9200658983337,2075.7699482083844,0.12051503360271454,1,0.5083809377873607,0.3024173573944241,38,control
1511,451.0,2140.0,451.2800785501069,2139.7399389833718,0.14509490132331848,1,0.1498016135238125,0.7762108332388913,38,control
1512,455.0,2042.0,451.9899109913716,2042.709937984564,0.1558508276939392,0,3.5671478485808996,0.5335221447170309,38,control
1513,620.0,2098.0,622.0,2097.0,0.15303519368171692,1,1.7505188053931373,,38,control
1514,558.0,2040.0,558.5797735895027,2039.9298298220885,0.136876180768013,1,0.22008205368144382,1.6525592175798922,38,control
1515,497.0,2107.0,497.089934640515,2106.8801351925977,0.1021042913198471,1,0.35668238891954096,0.27144854218550546,38,control
1516,595.0,2040.0,595.5000367115805,2039.4501019741608,0.12832331657409668,1,0.32737013756558936,0.6596319415629789,38,control
1517,600.0,2070.0,599.7400317357244,2069.549907098553,0.1915949583053589,1,0.7230030735485471,0.752875311680734,38,control
1518,535.0,2040.0,536.0900670079299,2039.5399358615175,0.23857621848583221,1,0.6987036790725889,0.6203800543332445,38,control
1519,624.0,2065.0,621.1599700851699,2065.4099375284272,0.20266008377075195,0,3.3308315407873006,1.01968182129612,38,control
1520,566.0,2207.0,563.0,2205.0,0.15241242945194244,0,3.855138629113345,,38,control
1521,633.0,2177.0,629.0,2175.0,0.10621218383312225,0,4.766946769927739,,38,control
1522,623.0,2036.0,622.9899948964088,2035.78999245075,0.1556033045053482,1,0.4399671554467043,0.45516510154913925,38,control
1523,579.0,2073.0,578.5500185589862,2072.919984641308,0.17792607843875885,1,0.8915974646734028,0.33973571334495883,38,control
1524,569.0,2184.0,566.0,2187.0,0.10754486173391342,0,4.7095774407071955,,38,control
1525,566.0,2096.0,565.9699547112173,2096.03992811281,0.16524584591388702,1,0.5324678425531796,0.2512375946449907,38,control
1526,515.0,2074.0,513.8398245750515,2074.050058594774,0.207808256149292,1,1.614058210427602,1.6633095466745464,38,control
1527,587.0,2197.0,587.0500206159588,2197.1899463452205,0.11054695397615433,1,0.5642094011189211,0.380114700369383,38,control
1528,728.0,2202.0,727.4901100483759,2202.1498898670857,0.17763158679008484,1,1.008302201723999,0.7166303044243852,39,check
1529,797.0,2180.0,797.5400953318451,2180.700028226252,0.15549065172672272,1,0.9328983929616792,0.5054786830288099,39,control
1530,709.0,2169.0,708.3400193494831,2169.3000034430897,0.2479102611541748,1,1.207469440778257,0.35496865879104966,39,control
1531,829.0,2150.0,829.399972377153,2150.7600046386015,0.1375640630722046,1,0.9852509977440946,0.5438369267696709,39,control
1532,813.0,2195.0,813.0,2195.0,0.10731470584869385,1,0.4810655920251889,,39,control
1533,756.0,2195.0,753.2000593028682,2194.659997386782,0.15898770093917847,0,3.2271060501684605,0.4552100295163714,39,check
1534,809.0,2154.0,808.5899785097645,2154.719998875143,0.1805362105369568,1,1.2620176933481642,0.2849607989716508,39,control
1535,735.0,2180.0,733.5300616026361,2180.2199736588896,0.15603455901145935,1,1.947610856962687,0.9817271694378349,39,check
1536,670.0,2091.0,667.9600005477016,2091.0900042335866,0.22975879907608032,1,2.4885003748558394,0.6730745574117044,39,control
1537,787.0,2148.0,787.1102070463717,2148.1498308126615,0.11981502920389175,1,0.4909600947378125,0.8057381502122024,39,control
1538,786.0,2114.0,570.3800841122802,2022.179856434998,0.12618592381477356,0,234.66189148109433,0.8442005408612311,39,control
1539,768.0,2017.0,767.4900731948675,2016.7999960333225,0.11540883034467697,1,0.9397560335748151,0.29625101632296674,39,check
1540,720.0,2168.0,719.7600114573294,2168.259955473329,0.18740269541740417,1,0.8253618056130582,0.30538780201068627,39,control
1541,759.0,2163.0,757.3700100918132,2163.8399857367112,0.1568230837583542,1,2.316161031326148,0.3148935315307067,39,control
1542,707.0,2037.0,707.0,2037.0,0.16183486580848694,1,0.4857537201608793,,39,control
1543,712.0,2136.0,711.6300578666971,2135.889959187599,0.17324575781822205,1,0.8053538432070622,0.499105791011721,39,control
1544,686.0,2171.0,683.1700180144884,2171.520015419735,0.246047705411911,0,3.3409228044425445,0.4510492560180354,39,control
1545,761.0,2180.0,760.639968640146,2180.1999784966397,0.20856837928295135,1,0.8939338037522727,0.18599346009299972,39,control
1546,727.0,1995.0,727.8000899126678,1994.389914304899,0.13929016888141632,1,0.5326734193264321,0.5749339793222431,39,control
1547,784.0,2127.0,784.0399956205227,2126.7399894726504,0.20278559625148773,1,0.38823321108720216,0.3895559839811422,39,control
1548,737.0,2018.0,736.4100463408488,2017.739958593047,0.19599758088588715,1,1.020059532502648,0.8074701148908874,39,control
1549,772.0,2121.0,769.0,2123.0,0.14724092185497284,0,4.0865363887059,,39,control
1550,805.0,2106.0,800.4198703341641,2107.7701687617227,0.10380569845438004,0,5.390287307718097,2.7747498624032403,39,control
1551,728.0,2148.0,727.7299909056176,2148.0400075666466,0.22929587960243225,1,0.7459867078033922,0.3085855529577601,39,control
1552,701.0,2060.0,699.5000128761038,2059.7499794745377,0.17415109276771545,1,1.928784381628718,1.7732725592164138,39,control
1553,799.0,2210.0,793.6899006160115,2212.670195995884,0.11743440479040146,0,6.424538261884021,1.1424917364613705,39,check
1554,816.0,2124.0,811.0,2125.0,0.10731318593025208,0,5.563277729199477,,39,control
1555,666.0,2127.0,658.6399470018837,2127.2399429553893,0.14676369726657867,0,7.801328264358798,1.2757759087876395,39,control
1556,677.0,2153.0,676.7199894084034,2152.9900059409383,0.16240859031677246,1,0.7395454060085049,0.23577142640382603,39,control
1557,689.0,2050.0,686.0,2053.0,0.20539288222789764,0,4.709303031100555,,39,control
1558,763.0,2135.0,763.479990948196,2134.8099451245275,0.20054860413074493,1,0.06461246155853008,0.3032508960874829,39,control
1559,704.0,2119.0,705.1600075013317,2118.0699989851723,0.12311302125453949,1,1.0149053340749725,0.6751553286052242,39,control
1560,698.0,2081.0,698.0500185306006,2080.7400262693877,0.17700453102588654,1,0.3795047429973131,0.18641088331624178,39,control
1561,685.0,2040.0,682.0,2035.0,0.11149623990058899,0,5.876354448146065,,39,control
1562,673.0,2009.0,672.8800301000953,2008.8899760924915,0.15510407090187073,1,0.5625308950258253,0.2451126019131644,39,control
1563,726.0,2072.0,726.4000372919396,2071.6401112623525,0.12391384690999985,1,0.13572901478534366,0.5025700498996133,39,control
1564,694.0,2009.0,693.7299839182621,2008.7299960897847,0.2012592852115631,1,0.701227456516495,0.5626315325000113,39,check
1565,735.0,2099.0,732.1899822403636,2100.8999549930777,0.14184367656707764,0,3.8737793682847297,0.47876809209078064,39,check
1566,732.0,2128.0,731.3300207824502,2128.380006630259,0.17343397438526154,1,1.253721336098999,0.6824807733556975,39,control
1567,723.0,2054.0,723.8000061762579,2053.9599434650936,0.19164399802684784,1,0.415750460141634,0.6070767262883032,39,check
1568,786.0,2070.0,783.4599477192808,2072.2100424860273,0.10121377557516098,0,3.8396279697846434,1.400794271725121,39,control
1569,804.0,2076.0,801.0,2075.0,0.11301787942647934,0,3.514375302903095,,39,check
1570,763.0,2091.0,762.4500676000367,2091.2600735270917,0.20192362368106842,1,1.0919216680148223,0.9410726744775277,39,control
1571,742.0,2041.0,739.6599311746888,2041.7900819907513,0.1632348746061325,0,2.949809744292091,1.258564279824802,39,control
1572,712.0,2058.0,712.1300676990772,2057.7901003615775,0.1785224825143814,1,0.2991173165702905,0.5129506811433879,39,control
1573,240.0,2269.0,239.79999394796423,2269.0600067292994,0.38874882459640503,1,0.6933531865782947,0.11518916606443576,41,control
1574,441.0,2339.0,440.8700069646189,2338.8799389255328,0.19131949543952942,1,0.564618706859187,0.11642587681989514,41,control
1575,401.0,2386.0,400.33004366124766,2386.109877510298,0.1609189212322235,1,1.1452861976383097,0.9461973123528868,41,control
1576,241.0,2301.0,241.24998558868467,2300.9499554917934,0.24603354930877686,1,0.25775501512097415,0.22635266734966691,41,control
1577,253.0,2263.0,253.12000218867064,2262.8999935930037,0.3791942596435547,1,0.3356202448044213,0.28261845634169236,41,control
1578,336.0,2225.0,336.4499879775722,2225.3700260951114,0.15679660439491272,1,0.6077014904506525,0.3829994036833278,41,control
1579,395.0,2411.0,391.0,2411.0,0.1725298911333084,0,4.427533287430721,,41,control
1580,275.0,2386.0,274.66002466000816,2386.0099854939162,0.11507347971200943,1,0.8019397767901613,0.17516563572895688,41,check
1581,260.0,2240.0,259.73003175952897,2240.2099913205534,0.3107090890407562,1,0.8281719653576528,0.09816374259967652,41,check
1582,432.0,2298.0,431.4100600901612,2298.34998117655,0.134724423289299,1,1.1704992591200356,0.9796866722245814,41,check
1583,281.0,2378.0,281.4699557530533,2377.550054848155,0.13459911942481995,1,0.21614763710572382,0.5986389755466063,41,check
1584,412.0,2332.0,411.15998924404795,2332.2599689972426,0.20410023629665375,1,1.3568690901138265,0.42290497329518945,41,control
1585,293.0,2300.0,293.21007578993,2300.0898569347814,0.12226864695549011,1,0.3920617099790546,1.1953182204713255,41,control
1586,356.0,2374.0,355.0,2374.0,0.10366170108318329,1,1.4419006996388486,,41,check
1587,399.0,2359.0,398.3200687042929,2358.880002826869,0.20942337810993195,1,1.1084914491059035,0.10038217065254292,41,control
1588,356.0,2355.0,357.0,2353.0,0.10917271673679352,1,1.8549480998905146,,41,control
1589,306.0,2372.0,305.50001535548796,2371.8599835469727,0.138700470328331,1,0.9276984853360842,0.27997944588939994,41,control
1590,256.0,2352.0,257.6999814552066,2351.669994544652,0.13712787628173828,1,1.280041359591799,0.5691514134839346,41,control
1591,397.0,2214.0,99.37995625283669,2467.7200631705055,0.11247193068265915,0,391.5687211079448,1.4378424114762667,41,control
1592,272.0,2342.0,272.29998789058857,2341.969955105243,0.1705070585012436,1,0.24279790436977117,0.33289792409630026,41,check
1593,233.0,2337.0,233.57007035304684,2335.8999013482194,0.1542109102010727,1,0.8723732277467605,1.4738052700769122,41,control
1594,353.0,2395.0,352.0,2395.0,0.1299380660057068,1,1.4414304948797898,,41,control
1595,251.0,2316.0,250.87003130766388,2315.9599789094395,0.23606298863887787,1,0.5888603052028142,0.09839619690351739,41,control
1596,284.0,2309.0,284.77003076103017,2309.099986346524,0.17429064214229584,1,0.48418251357270903,0.5272184222975488,41,check
1597,236.0,2407.0,237.5101489379472,2407.1998687275386,0.16978730261325836,1,1.1739258061952877,1.8033354835777664,41,control
1598,283.0,2241.0,282.0,2244.0,0.1984666883945465,0,3.538510127232895,,41,control
1599,368.0,2240.0,371.0,2236.0,0.1097550094127655,0,4.559880175291953,,41,control
1600,341.0,2431.0,340.6100223581043,2430.989985880466,0.1186370700597763,1,0.84227874800789,0.5775363109202395,41,check
1601,249.0,2376.0,249.61005999966457,2375.660047707433,0.15283598005771637,1,0.21252406695652948,0.4391415225426185,41,control
1602,322.0,2427.0,322.8100745049896,2426.6898881640054,0.10112254321575165,1,0.3955818158436509,0.6000931265683818,41,control
1603,437.0,2385.0,438.3300500842637,2384.6800547590356,0.12543798983097076,1,0.912304521482349,0.5206401695147153,41,control
1604,441.0,2411.0,444.0,2411.0,0.14605197310447693,1,2.5896874166174952,,41,control
1605,378.0,2223.0,377.0,2223.0,0.14095379412174225,1,1.4452795354768433,,41,control
1606,290.0,2372.0,283.68009392161457,2380.050097590412,0.11128317564725876,0,10.684938893763984,1.0184281558869215,41,control
1607,297.0,2400.0,296.7200295861191,2400.129988584181,0.19419020414352417,1,0.7927843991547125,0.3222909645399652,41,control
1608,235.0,2226.0,229.0,2232.0,0.12586016952991486,0,8.957187896296285,,41,control
1609,282.0,2284.0,281.700110496728,2284.1100397989503,0.20887070894241333,1,0.8041656017881272,0.6346609383488465,41,control
1610,342.0,2259.0,341.0,2259.0,0.11538287252187729,1,1.444706170094309,,41,control
1611,384.0,2403.0,384.1000779718837,2403.009953036523,0.129579558968544,1,0.40508459866269,0.5573229524568779,41,control
1612,231.0,2416.0,232.64003248471093,2415.390000013125,0.14397750794887543,1,1.2731807315176962,1.4271863988427276,41,check
1613,375.0,2263.0,378.7500113125066,2263.2699560689484,0.11331834644079208,0,3.3634710306571294,2.4911271875544903,41,control
1614,356.0,2230.0,411.0,2139.0,0.11382871121168137,0,105.90750898899768,,41,control
1615,289.0,2226.0,289.0,2231.0,0.18101879954338074,0,5.255668023155388,,41,control
1616,292.0,2245.0,293.0400263314987,2244.459956566596,0.2500133216381073,1,0.6844848696780765,0.5185202366978341,41,control
1617,342.0,2241.0,339.0,2243.0,0.13276776671409607,0,4.0913438230769925,,41,control
1618,398.0,2280.0,396.5299111482512,2280.829893233562,0.10002588480710983,1,2.173694282186095,2.252472567910283,41,control
1619,302.0,2425.0,299.51994475644193,2425.980032618545,0.22973747551441193,0,3.1468625597693505,0.7023570366173658,41,control
1620,227.0,2255.0,223.0,2258.0,0.23581232130527496,0,5.484854798008602,,41,control
1621,438.0,2372.0,437.94005193109854,2371.7600069493583,0.2073836624622345,1,0.48197001039429777,0.3979000040995021,41,control
1622,602.0,2421.0,786.0099976654386,2316.8799953319453,0.1080842986702919,0,210.94636782567085,0.35152344912330397,42,check
1623,651.0,2273.0,651.0,2273.0,0.14451873302459717,1,0.4819041036148486,,42,control
1624,583.0,2262.0,581.939960756536,2262.000023892248,0.20305132865905762,1,1.5021219759592248,0.6979292705580579,42,control
1625,494.0,2353.0,493.870028152084,2352.8199737263403,0.20883485674858093,1,0.5548446650388701,0.3692618151545182,42,control
1626,633.0,2237.0,631.8800298179256,2237.520058978429,0.162953719496727,1,1.7170499573329685,1.0211816793228476,42,control
1627,555.0,2325.0,554.280023946883,2324.9599326459625,0.14443624019622803,1,1.1587444215329699,0.25401245498136144,42,control
1628,537.0,2314.0,536.099997841851,2313.739988120259,0.2174331396818161,1,1.323345598872292,0.30171796140617446,42,check
1629,625.0,2399.0,623.8000327732885,2399.139987151214,0.3287064731121063,1,1.6625068332993451,0.28076408113166634,42,control
1630,574.0,2292.0,573.600061489403,2292.099967638443,0.1749836802482605,1,0.8876636323163675,0.3244799821238533,42,control
1631,634.0,2336.0,634.1100027200436,2335.9399952992876,0.15512831509113312,1,0.35560954645728854,0.34787121775672436,42,control
1632,511.0,2330.0,510.4000531833815,2330.059970665529,0.28051531314849854,1,1.0639292624915744,0.5413072504489792,42,control
1633,563.0,2263.0,563.0,2264.0,0.23136748373508453,1,1.302798685172082,,42,control
1634,492.0,2246.0,492.31001756262333,2246.270003008621,0.11865473538637161,1,0.5164074710364761,0.4569054849326787,42,control
1635,483.0,2311.0,482.69001647255993,2311.2400528948037,0.1734299212694168,1,0.8731523645544537,0.2079658382452779,42,control
1636,467.0,2426.0,462.6899960180617,2427.689935948501,0.16483059525489807,0,5.107140696310875,1.0192386206557404,42,control
1637,663.0,2362.0,663.0,2364.0,0.2478167861700058,1,2.269198279261116,,42,control
1638,600.0,2230.0,598.550009317645,2230.509969462232,0.18006078898906708,1,2.0159020993086196,0.8282712093643297,42,check
1639,565.0,2430.0,564.0399994522984,2429.9099957664134,0.21604134142398834,1,1.3874506967203295,0.3085869072394467,42,control
1640,498.0,2282.0,498.48003698627434,2282.2099373935253,0.1557970494031906,1,0.44691955631822544,0.6338358548916827,42,control
1641,591.0,2392.0,590.8300641441315,2391.839952828521,0.29001063108444214,1,0.595209158268484,0.15118160585063753,42,control
1642,456.0,2392.0,453.79998194506913,2393.1700703637266,0.13150499761104584,0,2.9742207287149993,0.8175773819026367,42,control
1643,502.0,2434.0,501.0500036542953,2434.080001834778,0.24618664383888245,1,1.4057501172997644,0.2517971671269525,42,control
1644,447.0,2349.0,446.34996855423026,2349.029919177443,0.15541070699691772,1,1.1047785351757968,0.1833454007151486,42,check
1645,581.0,2394.0,580.6500895435144,2393.6199262009686,0.24754592776298523,1,0.7849830375603136,0.2678011148969229,42,control
1646,660.0,2421.0,659.8100074480735,2420.9999447205805,0.21784467995166779,1,0.6518967480696789,0.19683037520234423,42,check
1647,544.0,2373.0,544.0,2373.0,0.2219507098197937,1,0.4815277293187322,,42,check
1648,486.0,2412.0,484.83004678844196,2412.0699243214763,0.22036992013454437,1,1.6196189727693389,0.8405260476971275,42,check
1649,527.0,2231.0,525.540008271228,2231.4799685769667,0.131177619099617,1,2.015280812765821,0.8217368945045154,42,control
1650,525.0,2365.0,523.0,2367.0,0.2428010106086731,0,3.294260158595681,,42,control
1651,511.0,2257.0,511.4500229711209,2257.2800002232625,0.22560390830039978,1,0.5136778286104782,0.4865778007485762,42,control
1652,557.0,2379.0,553.269972579815,2380.3399324574934,0.20128437876701355,0,4.439208570564686,0.768723569737381,42,control
1653,519.0,2304.0,519.1599684506089,2303.980018193037,0.293127179145813,1,0.3387656694249402,0.21005468633531119,42,control
1654,535.0,2267.0,535.7600202478734,2266.6499699119618,0.24220387637615204,1,0.35578775193129775,0.45884863180256025,42,control
1655,632.0,2409.0,632.100040949748,2409.009975576379,0.31269511580467224,1,0.40065327142904217,0.21451421215947414,42,control
1656,548.0,2213.0,549.0,2213.0,0.14750711619853973,1,0.6195902104163699,,42,check
1657,553.0,2284.0,550.8299722933733,2284.049968660747,0.2347656935453415,1,2.6090604079184656,0.461056150709748,42,control
1658,545.0,2432.0,542.0,2437.0,0.20303545892238617,0,6.251427807286814,,42,control
1659,603.0,2351.0,605.1300562605215,2350.639998224129,0.20637084543704987,1,1.7130019876540987,0.9262834223737945,42,control
1660,632.0,2286.0,631.7100258349193,2285.9799832562594,0.2619054317474365,1,0.7436906500323262,0.3434956127829005,42,check
1661,503.0,2382.0,505.5201024252671,2381.1197914960976,0.1769731342792511,1,2.195922768701159,1.3953024992576253,42,control
1662,606.0,2308.0,602.730021785221,2307.410058286973,0.14566466212272644,0,3.710356106539254,0.4102200299484706,42,control
1663,468.0,2359.0,465.0,2360.0,0.17201067507266998,0,3.63805985819251,,42,control
1664,623.0,2240.0,621.9000252055739,2239.6399663861603,0.1074056401848793,1,1.5300452035479895,0.7903493473640963,42,control
1665,452.0,2321.0,449.93001775109246,2321.259951641553,0.179989293217659,1,2.5417810778783023,1.2258535034632436,42,control
1666,604.0,2278.0,604.0,2279.0,0.19565322995185852,1,1.301736704482602,,42,control
1667,627.0,2375.0,627.1999520682365,2374.8300713001145,0.20576170086860657,1,0.2294676848399301,0.8392806447928293,42,control
1668,616.0,2230.0,616.0400179349806,2229.730026124565,0.11730390042066574,1,0.38683442280170405,1.0563961879717418,42,control
1669,524.0,2296.0,524.090038325541,2295.909972099564,0.2696795165538788,1,0.36280563375956715,0.39897345702030756,42,check
1670,632.0,2297.0,631.9599942365419,2296.8099938673886,0.24094536900520325,1,0.46487874758014136,0.4596893540052717,42,control
1671,547.0,2339.0,545.9900750264416,2339.059957367014,0.1460849493741989,1,1.4618838098115714,0.5983022927370257,42,control
1672,731.0,2338.0,730.8500283132355,2337.859975658023,0.16665183007717133,1,0.5784679896916026,0.1850691496225326,43,control
1673,766.0,2292.0,767.4500425240249,2291.79011568868,0.13224294781684875,1,1.0274215460589486,0.40901919301276884,43,check
1674,825.0,2394.0,824.5799821967173,2393.900005764526,0.2408050000667572,1,0.8494649221129367,0.16472098658133993,43,control
1675,724.0,2321.0,723.7499882650818,2320.890001562529,0.2691028118133545,1,0.6825161302677024,0.1345017688315281,43,check
1676,804.0,2401.0,803.2900472509868,2400.6200534393015,0.1464136391878128,1,1.1403101110695866,0.1637052147770152,43,control
1677,794.0,2231.0,794.3399979366195,2231.3499682720603,0.11634517461061478,1,0.5821302770326734,0.3267178570144172,43,control
1678,674.0,2382.0,674.3099902326259,2381.700041467996,0.22447292506694794,1,0.13139103737548793,0.3722856790415656,43,check
1679,774.0,2414.0,774.1799631052903,2413.710007746263,0.1646445393562317,1,0.24788560335793758,0.26194319881729716,43,control
1680,674.0,2414.0,673.8799908239738,2413.789994930134,0.3452533185482025,1,0.5404889865541249,0.08018908379933559,43,control
1681,789.0,2318.0,787.7900791173413,2317.569980756274,0.1514977365732193,1,1.644619618194859,0.419116605970817,43,control
1682,811.0,2433.0,809.6299969523135,2432.8299424839915,0.14566268026828766,1,1.7900591001922896,0.4614383757470208,43,control
1683,790.0,2393.0,789.6399900530096,2393.1500136676686,0.21455560624599457,1,0.8664238845534066,0.3406181442903937,43,control
1684,806.0,2409.0,805.6400234687684,2408.9899852042704,0.12303172796964645,1,0.809212816302723,0.12237278649898871,43,control
1685,721.0,2379.0,721.0100001448228,2378.98999940438,0.23193813860416412,1,0.465234851945212,0.11452458627208201,43,control
1686,812.0,2346.0,812.1899998214517,2345.6799838703437,0.15897686779499054,1,0.24965504801225608,0.2859642742662599,43,control
1687,710.0,2233.0,707.8300736108712,2233.259968377818,0.11670158058404922,1,2.6398545371534485,0.7319450986588322,43,control
1688,779.0,2377.0,778.7999964273484,2377.1700108017344,0.15166182816028595,1,0.7367339564089583,0.406224193647441,43,control
1689,771.0,2384.0,770.7200235003579,2383.8599785882043,0.18826128542423248,1,0.705881567993866,0.1651492005207975,43,control
1690,783.0,2338.0,782.9699850832523,2337.030061348852,0.12444237619638443,1,0.8696846481297749,0.4531735992806701,43,control
1691,832.0,2381.0,831.73004573424,2380.8300142742773,0.2339663952589035,1,0.6925551069500403,0.06626539937898812,43,control
1692,765.0,2331.0,768.0501681969337,2326.8099387015113,0.12421071529388428,0,4.75534925501948,1.4767068602625393,43,control
1693,737.0,2410.0,735.0,2410.0,0.1317179948091507,1,2.4307250242792438,,43,check
1694,711.0,2421.0,710.7601283840994,2420.5198974795144,0.14485692977905273,1,0.7059523356990107,0.8094245043160125,43,control
1695,712.0,2215.0,711.6200231791228,2215.00998639551,0.1512204110622406,1,0.839265407168381,0.16852986999147526,43,check
1696,812.0,2309.0,813.7800711403398,2307.5898851379875,0.12101175636053085,1,1.8017414459379042,1.2725343626454793,43,control
1697,747.0,2226.0,746.7000295218721,2226.159990145642,0.22004656493663788,1,0.821388189243717,0.1887885363352652,43,check
1698,802.0,2273.0,802.3499885579314,2273.560035383303,0.18878725171089172,1,0.7894320314486256,0.9135677262156535,43,control
1699,723.0,2370.0,722.8800555701331,2370.020017927505,0.26504194736480713,1,0.5952261110852003,0.2689436416532863,43,control
1700,762.0,2237.0,760.0,2235.0,0.15646423399448395,1,3.0034158990807542,,43,control
1701,721.0,2213.0,720.5800205712445,2212.959985445998,0.1720661073923111,1,0.8654485125343789,0.1608811196591785,43,control
1702,681.0,2357.0,680.6400239195655,2357.009985944713,0.17323699593544006,1,0.817267290394142,0.491430972148349,43,control
1703,691.0,2330.0,690.0,2329.0,0.19344034790992737,1,1.617710462533917,,43,control
1704,742.0,2286.0,741.800012656045,2285.890037457672,0.14106684923171997,1,0.6339818966300403,0.5666123588870401,43,control
1705,811.0,2265.0,811.1200866580474,2264.719882287314,0.11928558349609375,1,0.308013179421287,1.2467714518199124,43,control
1706,847.0,2426.0,838.0,2441.0,0.12152581661939621,0,17.903580611036666,,43,control
1707,669.0,2287.0,666.0,2287.0,0.14804522693157196,0,3.430921181103228,,43,control
1708,695.0,2338.0,694.70996869554,2337.730056102574,0.19099272787570953,1,0.713119100834238,0.29134762637162925,43,control
1709,767.0,2353.0,768.1500584101268,2352.0599167385008,0.25234144926071167,1,1.0195180071399028,0.6652354340570171,43,check
1710,822.0,2352.0,822.9100835599975,2351.5699780514915,0.1099495217204094,1,0.529918728150317,0.8222650061970085,43,control
1711,762.0,2316.0,762.4300118623443,2315.819983643877,0.22088530659675598,1,0.04775970231742308,0.4316441832810199,43,control
1712,690.0,2269.0,690.0,2270.0,0.14751869440078735,1,1.2996927303270491,,43,control
1713,766.0,2248.0,766.030064955229,2248.1900208402894,0.172742560505867,1,0.5734036064175446,0.34617773124740936,43,control
1714,793.0,2357.0,793.4600046332614,2356.4499692694912,0.19419442117214203,1,0.3258415174600603,0.6938056859671029,43,check
1715,798.0,2304.0,798.6399979419593,2303.500026625416,0.1456831842660904,1,0.34973438350254915,0.7271634782227775,43,control
1716,818.0,2255.0,818.2600680607547,2254.95000677081,0.10570007562637329,1,0.23983974461768312,0.583705943321322,43,control
1717,777.0,2228.0,776.520082870677,2228.180009425538,0.1549793779850006,1,0.991364040400879,0.4788194343541931,43,check
1718,806.0,2298.0,802.0,2295.0,0.1334325075149536,0,5.220498159462574,,43,control
1719,799.0,2345.0,801.0,2341.0,0.12280984967947006,0,4.090574575977755,,43,control
1720,696.0,2240.0,695.9299974084505,2240.00000157779,0.16485802829265594,1,0.544539449646361,0.6650054508825209,43,control
1721,314.0,2567.0,312.5200599367946,2567.519888406801,0.21670451760292053,1,2.0437408056591826,0.5256810937511279,45,control
1722,241.0,2494.0,239.41002650577508,2494.8599260135675,0.11669270694255829,1,2.2912554199988175,0.6403114807528301,45,control
1723,376.0,2655.0,375.6000174799116,2654.7899787014376,0.22752200067043304,1,0.8157730505394218,0.10556650989150064,45,control
1724,245.0,2655.0,248.0,2659.0,0.12655030190944672,0,4.966300352105655,,45,control
1725,424.0,2614.0,423.7899971841199,2614.2200128782397,0.17617419362068176,1,0.7748699597874357,0.22263435399616788,45,control
1726,403.0,2625.0,402.8999938184022,2624.8899981815507,0.15479810535907745,1,0.5313592444522126,0.3709091654621447,45,control
1727,300.0,2539.0,300.0,2539.0,0.22786879539489746,1,0.4819719994116308,,45,control
1728,330.0,2474.0,329.26004416850685,2473.889967527346,0.1554492861032486,1,1.1669219622601403,0.18747889711740748,45,control
1729,375.0,2510.0,374.4201103302365,2509.9199795139125,0.10618945956230164,1,1.0110541183362352,0.5247850270703034,45,check
1730,306.0,2499.0,307.00003341575876,2497.8399715366018,0.14182600378990173,1,1.0888617631676345,0.302938284435523,45,control
1731,440.0,2458.0,437.329884584946,2458.979866272718,0.17549125850200653,0,3.3204421494716407,0.9602910269194863,45,control
1732,279.0,2495.0,278.47997511352526,2494.7500024651913,0.19330093264579773,1,0.9396550711768006,0.44609853971530017,45,check
1733,388.0,2454.0,263.0,2677.0,0.10433932393789291,0,256.057301624967,,45,control
1734,388.0,2454.0,388.0,2461.0,0.10104024410247803,0,7.248968209281715,,45,control
1735,273.0,2465.0,272.2400075329212,2464.939992369106,0.15609677135944366,1,1.1939040443028661,0.5258140891772329,45,control
1736,355.0,2499.0,354.7199900845991,2499.0200070516025,0.13225221633911133,1,0.7451971891013682,0.2786203888884508,45,check
1737,383.0,2526.0,381.0,2527.0,0.18116644024848938,1,2.716504896734691,,45,control
1738,359.0,2617.0,359.8900627590826,2616.679945552588,0.1933218091726303,1,0.48080554590042984,0.626323153996588,45,control
1739,371.0,2601.0,366.0,2603.0,0.1482904702425003,0,5.860687009378159,,45,control
1740,328.0,2653.0,327.669950985958,2653.0100303482304,0.255264550447464,1,0.7860581136291075,0.17234311673061758,45,control
1741,396.0,2526.0,395.48007011986334,2525.6799918160646,0.13678152859210968,1,0.9420045354618646,0.6340210862847092,45,check
1742,280.0,2452.0,278.35004659890484,2452.8499640178734,0.17908407747745514,1,2.3396507122217622,0.5461571922377351,45,control
1743,382.0,2581.0,381.4400106547756,2580.749980826929,0.19155927002429962,1,0.9771742093805172,0.258000960057951,45,control
1744,373.0,2559.0,370.66001632026126,2558.639971795726,0.12753435969352722,1,2.7603829582352537,1.3076037724805722,45,control
1745,428.0,2439.0,427.60007523871536,2439.709990221946,0.2107039839029312,1,1.2519252756817478,0.9336181078738865,45,check
1746,262.0,2648.0,262.97002503556945,2648.1600436218732,0.19180984795093536,1,0.6837532747507882,0.4200294309221305,45,control
1747,267.0,2638.0,267.8700656250169,2637.8399519269265,0.17577847838401794,1,0.46099556194751756,0.49669011127206986,45,check
1748,441.0,2514.0,441.52003080360856,2513.869923904405,0.22201097011566162,1,0.1464785757476692,0.6052827546928801,45,control
1749,330.0,2612.0,329.99999661902154,2611.84999444668,0.21037384867668152,1,0.4258818010551049,0.262208854192327,45,control
1750,225.0,2520.0,225.95002705668065,2519.6399652591676,0.13798874616622925,1,0.5440638336197801,0.742968720841802,45,control
1751,333.0,2575.0,335.0,2574.0,0.19396035373210907,1,1.7562480641458307,,45,control
1752,416.0,2548.0,415.9100316615565,2547.9099761567386,0.19439488649368286,1,0.5284328150802224,0.2583401192965049,45,control
1753,399.0,2497.0,398.0,2497.0,0.1564968377351761,1,1.4386880251191476,,45,control
1754,271.0,2451.0,268.86008570929374,2452.390069098628,0.1252584308385849,0,3.035206718595768,0.6097972092909268,45,control
1755,295.0,2479.0,294.5800307141799,2478.410002105959,0.11303306370973587,1,0.9102246159439267,0.39705283373629235,45,control
1756,345.0,2545.0,342.0,2546.0,0.23362018167972565,0,3.6354570268373916,,45,control
1757,263.0,2562.0,263.4500464693428,2561.6799554701247,0.12457882612943649,1,0.08604507373692082,0.6778144067014821,45,control
1758,397.0,2482.0,396.0000101997066,2481.809933403802,0.18587934970855713,1,1.4202193316654341,0.6705084212720794,45,check
1759,401.0,2588.0,400.0,2586.0,0.15966886281967163,1,2.261853192671154,,45,control
1760,426.0,2592.0,425.35997253082866,2593.189924875586,0.1481529325246811,1,1.7750562679633202,0.3918068524509529,45,control
1761,353.0,2635.0,354.61998970659283,2633.810098115068,0.16447626054286957,1,1.534764775553589,2.198795241905182,45,control
1762,329.0,2639.0,327.8699414854928,2639.2599980736572,0.24097968637943268,1,1.6244353574770605,0.4747002451860115,45,control
1763,327.0,2619.0,327.1699997572047,2618.709985431805,0.21503512561321259,1,0.25163081345204846,0.30285027864689834,45,control
1764,429.0,2629.0,428.87999781132936,2629.1000064069963,0.11946208775043488,1,0.6326149893052672,0.2575434919321495,45,control
1765,320.0,2529.0,319.78000830922537,2528.7300319849273,0.19421637058258057,1,0.6393513600507473,0.13951214986106728,45,control
1766,302.0,2581.0,300.6700297635994,2581.219993043166,0.26146790385246277,1,1.8067215631905174,0.38285930279215113,45,control
1767,244.0,2454.0,243.8100324673142,2454.109985815151,0.1457447111606598,1,0.7039817067027793,0.5620923190077796,45,check
1768,257.0,2520.0,254.7399831614906,2520.679994013279,0.2367199957370758,0,2.8326894178445223,0.8645524142880562,45,control
1769,287.0,2559.0,286.50994872556447,2558.52995662199,0.2505488395690918,1,0.9368190452077854,0.5895064840497444,45,check
1770,645.0,2493.0,643.3099935568331,2494.4901302774756,0.172158345580101,0,2.7213966584574023,1.232295274928885,46,control
1771,662.0,2439.0,661.8700060062534,2438.4800207008066,0.2562653124332428,1,0.6213580010394478,0.12338801681560468,46,control
1772,563.0,2621.0,563.1099966342823,2620.669985303311,0.1681080162525177,1,0.3204846122808143,0.2745851749816666,46,control
1773,456.0,2563.0,455.39001511482866,2563.02999232012,0.2640638053417206,1,1.0610109338384333,0.23818764028563344,46,control
1774,514.0,2479.0,512.990052035788,2479.0399196044355,0.26918908953666687,1,1.4550375558559376,0.1720725600993082,46,check
1775,587.0,2584.0,587.1100297678713,2585.140039725851,0.2343195080757141,1,1.4061684667758638,0.5840704869939923,46,control
1776,493.0,2531.0,491.17000403977744,2530.8999924660106,0.25011369585990906,1,2.2519411799312796,0.18531838678111387,46,control
1777,482.0,2615.0,482.2899658253338,2614.6500030455504,0.16742072999477386,1,0.17051922423244403,0.5486686774083754,46,control
1778,634.0,2438.0,634.1199502334584,2437.88007495441,0.2857266366481781,1,0.3195443073073959,0.33342002492857625,46,control
1779,534.0,2564.0,533.7900502095538,2563.9300166240996,0.21959292888641357,1,0.647914650903555,0.4895696318285508,46,control
1780,574.0,2458.0,573.6200333220581,2457.4600030554716,0.2857111990451813,1,0.8565779168016188,0.45469085810908066,46,control
1781,521.0,2451.0,521.1500364896949,2450.7299640831884,0.2809980809688568,1,0.2721979816315299,0.49524799013464355,46,control
1782,557.0,2567.0,557.0800045395608,2567.070000788361,0.11356532573699951,1,0.45306970937284385,0.4068384088942906,46,check
1783,456.0,2464.0,454.0,2464.0,0.2616833746433258,1,2.4310934866806115,,46,check
1784,601.0,2585.0,600.4400262072766,2585.440006372203,0.22364994883537292,1,1.1851505874695867,0.38243907502331514,46,control
1785,499.0,2651.0,497.83995660352537,2650.980025405791,0.16982443630695343,1,1.5895960561212312,1.120606357341258,46,control
1786,504.0,2597.0,504.5400419123853,2596.32994048379,0.25699225068092346,1,0.4528641400796135,0.5219933878718699,46,control
1787,561.0,2489.0,560.1100691007639,2488.5999376320487,0.25988849997520447,1,1.319298266440669,0.2852190260057042,46,check
1788,606.0,2457.0,607.7401203741315,2456.839969339387,0.1966734379529953,1,1.3227371045898875,0.8190417511426722,46,control
1789,534.0,2469.0,533.7200476180043,2468.9300182018897,0.27512046694755554,1,0.718046387799536,0.24270815020791403,46,check
1790,452.0,2622.0,451.1100045232321,2622.0199982610584,0.12330837547779083,1,1.3306646453074387,0.9001868489549942,46,control
1791,536.0,2530.0,535.3500192689073,2529.280002477248,0.21034303307533264,1,1.1734144686194228,0.8719014055043729,46,check
1792,519.0,2528.0,519.1000096193475,2527.6199241156105,0.36318132281303406,1,0.3499195234765354,0.3009395607186645,46,control
1793,486.0,2466.0,485.51001955748495,2466.0299896153374,0.24483031034469604,1,0.9471650088964376,0.157189662829043,46,control
1794,529.0,2510.0,527.8500052658108,2510.4800211516035,0.3539295792579651,1,1.7229946471671838,0.5324205990425263,46,control
1795,515.0,2567.0,513.489948886716,2566.5699585536727,0.21921950578689575,1,1.9369595360560776,0.5350012673338216,46,control
1796,566.0,2506.0,565.3800479349675,2505.859963711899,0.26197901368141174,1,1.0423398645942277,0.3543812167987862,46,control
1797,494.0,2508.0,493.80001654459187,2507.419960495276,0.23226778209209442,1,0.7085118455788412,0.6297798249621143,46,control
1798,477.0,2448.0,477.21005471432113,2448.439989016513,0.24236898124217987,1,0.7064697173324653,1.0007784977107157,46,control
1799,462.0,2511.0,460.0,2509.0,0.17020444571971893,1,2.993990392067432,,46,control
1800,601.0,2567.0,599.0,2561.0,0.13903369009494781,0,6.253856186071536,,46,control
1801,530.0,2609.0,531.0,2608.0,0.16259267926216125,1,0.9634251047673764,,46,control
1802,615.0,2590.0,614.710038908036,2590.5600047290977,0.16516655683517456,1,1.0607787290776,0.4778038857683073,46,check
1803,488.0,2567.0,488.8299887474685,2566.7799956869057,0.2278747260570526,1,0.4131935993309398,1.4150396312679494,46,control
1804,660.0,2485.0,662.510039561186,2487.5601058211973,0.1080915704369545,0,3.4872410971287855,2.477882187953035,46,control
1805,486.0,2583.0,486.13002391498446,2582.4901117947934,0.1901041865348816,1,0.3972761559353602,0.4513969336163663,46,control
1806,446.0,2440.0,443.0,2440.0,0.20305344462394714,0,3.428404581034887,,46,control
1807,519.0,2516.0,516.3900530385587,2517.069971261149,0.30923017859458923,0,3.296888216105063,0.4905409996018828,46,control
1808,526.0,2645.0,526.4900309885647,2644.5700100580875,0.1845400333404541,1,0.20978443045764045,0.487329529048481,46,check
1809,644.0,2505.0,643.4000407296893,2505.1500335595138,0.14757290482521057,1,1.0868396746605617,0.27399362826094414,46,control
1810,469.0,2582.0,469.7499809955566,2581.210072971605,0.18501445651054382,1,0.6470832300306896,0.6739177916988023,46,control
1811,601.0,2499.0,601.0200159556889,2498.3898578417156,0.13312892615795135,1,0.5494036928105505,0.485780881237067,46,control
1812,542.0,2583.0,541.5299751614435,2582.669998376428,0.12164412438869476,1,0.8917429619063202,0.31839566262993063,46,check
1813,622.0,2471.0,622.839952828521,2471.1699358558685,0.16290339827537537,1,0.5814701558129668,0.4638259318194662,46,control
1814,591.0,2472.0,591.4201367586397,2471.449939573652,0.26811090111732483,1,0.31819726922307456,0.9475111574507201,46,control
1815,548.0,2638.0,544.8799680019476,2638.420040793936,0.19368423521518707,0,3.5950601702779537,0.7993521877911041,46,control
1816,654.0,2506.0,655.7001376013269,2507.670000969354,0.1368347406387329,1,2.2925458712604776,1.692382106436634,46,control
1817,562.0,2519.0,566.0,2516.0,0.21247242391109467,0,4.526460522527517,,46,control
1818,653.0,2565.0,783.8500127039633,2629.8100333689085,0.11560846120119095,0,145.75097440747834,0.7879302926830675,46,control
1819,675.0,2462.0,674.3300848524138,2461.5800285169653,0.22551558911800385,1,1.1053512154677554,0.5214472881818473,47,check
1820,711.0,2469.0,710.1599479961106,2469.429901246734,0.10042653977870941,1,1.420700890538027,0.6061887985798203,47,control
1821,805.0,2540.0,802.8499378148687,2540.129993711577,0.10812003910541534,1,2.5913395916926003,0.603548476182789,47,check
1822,683.0,2495.0,680.0,2502.0,0.1147870272397995,0,7.997035895669156,,47,check
1823,781.0,2441.0,780.659987863271,2441.020008403994,0.17742080986499786,1,0.7983061554804138,0.08592981157020478,47,check
1824,708.0,2452.0,711.0,2450.0,0.11214209347963333,1,3.130162378509158,,47,control
1825,774.0,2600.0,771.0,2601.0,0.11489956080913544,0,3.629254578406921,,47,control
1826,861.0,2518.0,857.0,2739.0,0.14738236367702484,0,221.2703308580285,,47,control
1827,700.0,2506.0,700.8901036697652,2506.2098460503353,0.17045673727989197,1,0.6449534199888018,1.6297297089803826,47,control
1828,791.0,2532.0,789.2599572765171,2532.3199915044415,0.1129908412694931,1,2.225200431429875,0.7702404247686109,47,control
1829,849.0,2488.0,837.7800315252775,2509.7600701177275,0.10083089768886566,0,24.875900287970882,0.6948673931578362,47,control
1830,697.0,2457.0,696.3100606705203,2456.5399904647415,0.12736140191555023,1,1.1326928450238216,0.28014177781761834,47,control
1831,724.0,2486.0,725.2200038622972,2485.809988007026,0.1081598773598671,1,0.8027537404566896,0.7623914956625552,47,control
1832,697.0,2489.0,697.8899142197423,2488.660034971571,0.10166337341070175,1,0.4845054088375437,0.9397113081622533,47,control
1833,747.0,2462.0,747.5000318663543,2460.9499273169727,0.1354914903640747,1,0.8260664292694626,1.0720693952622884,47,control
1834,707.0,2492.0,709.0,2493.0,0.14320974051952362,1,2.0032836816247146,,47,control
1835,806.0,2453.0,805.6000601370115,2453.039965417115,0.12242333590984344,1,0.8609288303365183,0.4944237721834565,47,control
1836,814.0,2578.0,813.0,2578.0,0.12939976155757904,1,1.4336748072095515,,47,control
1837,791.0,2560.0,792.7102234543754,2563.8200578016913,0.11885414272546768,0,4.249226358156849,1.0621763887330444,47,control
1838,754.0,2612.0,755.0,2610.0,0.12207172811031342,1,1.8656997329829577,,47,control
1839,723.0,2468.0,723.2899933239587,2467.8700482125564,0.14261649549007416,1,0.16212501487923006,0.4644256791708407,47,control
1840,720.0,2585.0,605.0,2372.0,0.10866115242242813,0,242.05922859514203,,47,control
1841,427.0,2676.0,429.0,2672.0,0.12779922783374786,0,4.083712711862651,,49,control
1842,224.0,2688.0,224.36004787072045,2687.8899652733603,0.17501121759414673,1,0.1426024828315601,0.2943666198131888,49,control
1843,292.0,2813.0,291.4300172719098,2813.05999252919,0.17765849828720093,1,1.02667560836447,0.20602951174652037,49,control
1844,273.0,2857.0,271.9399439084149,2857.609912869487,0.24799516797065735,1,1.6992321589368187,0.4590882129024292,49,control
1845,288.0,2679.0,287.3500167895231,2679.169998404813,0.24886934459209442,1,1.1412282179500346,0.15744451444537236,49,control
1846,268.0,2830.0,268.23998178071366,2829.440033420031,0.23717691004276276,1,0.36209525010429283,0.3876405440277175,49,control
1847,245.0,2742.0,245.81006610847152,2741.959957721974,0.17700138688087463,1,0.44455873088811976,0.794002146891219,49,check
1848,390.0,2842.0,387.0100160913497,2843.3401089462554,0.16215798258781433,0,3.749069947611928,1.0211437350289645,49,control
1849,301.0,2706.0,301.9299197010307,2705.4801239901203,0.1569482833147049,1,0.5867488375241985,0.5439412283259699,49,check
1850,362.0,2715.0,360.5200377341929,2714.820018637426,0.16496555507183075,1,1.8947697160881916,1.2417648624944604,49,control
1851,398.0,2814.0,397.58001110450476,2813.5399698967008,0.17958703637123108,1,0.8605368679248979,0.6791866492671131,49,control
1852,317.0,2864.0,316.3099852738574,2864.480033323126,0.16784784197807312,1,1.315060935128878,0.9375648877411159,49,control
1853,350.0,2811.0,349.87998789379253,2810.6599901172567,0.1661897897720337,1,0.5411341375348383,0.3489062898035558,49,control
1854,226.0,2669.0,226.660079263232,2668.7899918313256,0.21931961178779602,1,0.24658250681967453,1.0123066689880635,49,check
1855,309.0,2687.0,310.7800607152347,2686.769951363964,0.24055758118629456,1,1.365322296949721,1.0394625109942577,49,control
1856,340.0,2820.0,341.0000056349641,2819.2500092555338,0.1474735587835312,1,0.7792943000439009,0.28939402305544343,49,control
1857,296.0,2749.0,296.1199890587827,2748.960055376324,0.15375418961048126,1,0.3550850203512468,0.40910680570553654,49,control
1858,384.0,2704.0,385.0300404435567,2703.4598972300023,0.1822677105665207,1,0.6861576777816264,0.6177309369812767,49,control
1859,261.0,2739.0,260.50001941266214,2739.039990210957,0.15435771644115448,1,0.9558615696996412,0.24758728257566645,49,control
1860,396.0,2658.0,395.9499782570484,2657.7600518036725,0.28317275643348694,1,0.46520116372968634,0.260691805984136,49,control
1861,382.0,2807.0,383.3201723893188,2806.9098397338357,0.14030291140079498,1,0.9205674703733616,1.308336366105472,49,control
1862,322.0,2678.0,322.0300140151534,2677.9299371702627,0.23170305788516998,1,0.42044509897045945,0.25585843080899656,49,control
1863,382.0,2858.0,383.02006886758045,2857.380028099894,0.130949929356575,1,0.7193065287116194,0.7344528219290293,49,check
1864,224.0,2845.0,223.27998776957037,2845.6400399228637,0.19807292520999908,1,1.4345744883322997,0.24207751731616867,49,check
1865,402.0,2709.0,401.3600315852526,2708.8100218735817,0.14382082223892212,1,1.054939781095512,0.4886972296094499,49,control
1866,335.0,2690.0,335.96997905426224,2689.119968096716,0.22285395860671997,1,0.8482295244958786,0.425574858522924,49,control
1867,278.0,2748.0,278.32010054226174,2747.649971771921,0.2024165689945221,1,0.1438811010311869,0.62892710864097,49,check
1868,345.0,2675.0,346.4398904037983,2674.699950011264,0.18403129279613495,1,1.0267953124255293,0.513673224523347,49,control
1869,224.0,2777.0,223.84002929540554,2776.9199781047496,0.3348267078399658,1,0.5952975242854137,0.17036406071552912,49,control
1870,261.0,2689.0,260.5699655977993,2689.179979333987,0.2195560783147812,1,0.9438709394763698,0.4450139798293228,49,control
1871,349.0,2869.0,349.2800721821759,2869.100011873333,0.13510960340499878,1,0.363315066373974,0.629496796703669,49,control
1872,355.0,2858.0,352.7399307554813,2858.6400746342424,0.18570029735565186,0,2.8114884049003024,1.5184880658741342,49,control
1873,363.0,2656.0,362.6100092282163,2656.0500476637867,0.1590481847524643,1,0.8553269882165461,0.1685196783420543,49,control
1874,428.0,2793.0,428.75021282050955,2792.6399536519843,0.10521069914102554,1,0.36012619649823074,0.9921657805450639,49,control
1875,294.0,2858.0,295.6400128750358,2856.5199678038666,0.2050720602273941,1,1.7457850067427112,0.5479431995806276,49,control
1876,434.0,2723.0,435.520066473353,2722.8098991432203,0.122624970972538,1,1.1075997213883098,1.884909121470884,49,control
1877,316.0,2849.0,316.749947636569,2848.730018178844,0.2143498808145523,1,0.3404788600339826,0.5881652045955239,49,control
1878,398.0,2740.0,396.0,2742.0,0.12067463248968124,0,3.290899717400491,,49,control
1879,274.0,2815.0,272.1799915055094,2815.970054394154,0.2434275597333908,1,2.539130029099623,0.9051906035866158,49,check
1880,247.0,2735.0,246.72003296709758,2730.2799941375015,0.15703566372394562,0,4.532233053677425,2.016923601984535,49,control
1881,406.0,2797.0,402.7901876475932,2797.099992320429,0.12857340276241302,0,3.6372644212989473,0.8833266510844962,49,control
1882,321.0,2802.0,321.8600853152678,2801.729985102026,0.13027217984199524,1,0.4491877656245444,0.5109474278688151,49,control
1883,306.0,2724.0,304.0,2719.0,0.1015223041176796,0,5.337342997958718,,49,check
1884,363.0,2723.0,361.0,2728.0,0.10196933895349503,0,5.767698399637874,,49,control
1885,362.0,2816.0,364.0,2814.0,0.1488974690437317,1,2.371870815156598,,49,check
1886,277.0,2797.0,275.19998097602394,2797.470035432289,0.2311002016067505,1,2.3236026548234743,0.4849642084886612,49,control
1887,433.0,2769.0,431.0,2763.0,0.11097776144742966,0,6.247733945865765,,49,check
1888,252.0,2782.0,250.28992243526707,2783.010098475368,0.1619526594877243,1,2.4641346565443913,0.7640066292645041,49,control
1889,306.0,2768.0,306.20003355066063,2768.160038437706,0.17289933562278748,1,0.4530075035396298,0.2822588891268952,49,control
1890,430.0,2761.0,428.42988546883447,2762.1400260883943,0.142106831073761,1,2.413853582078411,0.7777172694084844,49,control
1891,554.0,2699.0,552.8200328375356,2699.109985589753,0.21279841661453247,1,1.6301898182558925,0.3898421674924955,50,control
1892,470.0,2789.0,469.0900906747791,2789.5899747347603,0.12160816043615341,1,1.5584793631325398,0.46780435760225564,50,control
1893,526.0,2705.0,525.490086156128,2705.0898506236217,0.11883176863193512,1,0.9787082527174745,0.6674278369016169,50,control
1894,474.0,2767.0,474.34003180317535,2767.209940549105,0.10610881447792053,1,0.45153579952322315,0.4271119907235944,50,control
1895,568.0,2690.0,568.5701053465956,2689.809875476371,0.12921454012393951,1,0.16216576506079713,0.9695010314763919,50,control
1896,474.0,2776.0,474.430026119225,2775.8099237116635,0.10412614792585373,1,0.049160766915667786,0.6275365066876639,50,control
1897,652.0,2824.0,652.2700802084727,2823.8299425407627,0.18983525037765503,1,0.15305622952452994,0.5847376162687269,50,control
1898,486.0,2682.0,486.0299556369252,2682.339841282931,0.15303732454776764,1,0.6916276290136035,0.867639111547027,50,control
1899,626.0,2867.0,624.0,2868.0,0.14092697203159332,1,2.70617774325145,,50,control
1900,629.0,2758.0,628.6000201846944,2757.909983144094,0.12753432989120483,1,0.82418990977678,0.14766985182035613,50,control
1901,612.0,2757.0,613.0,2757.0,0.12020665407180786,1,0.6322783633297268,,50,control
1902,502.0,2662.0,499.46993124138095,2662.819931237868,0.1025015339255333,0,3.1279342145252484,0.796113633717308,50,control
1903,652.0,2742.0,651.0,2742.0,0.12048294395208359,1,1.4310280402028035,,50,control
1904,662.0,2865.0,662.6300447368092,2864.9500209709195,0.14080911874771118,1,0.2859343841495008,0.4264141301452912,50,control
1905,461.0,2686.0,461.7000872806758,2686.0800016661506,0.10571977496147156,1,0.4259570012768394,0.7320542355700674,50,check
1906,449.0,2746.0,451.0,2745.0,0.13155131042003632,1,1.7613443178493433,,50,control
1907,508.0,2690.0,507.5800061457364,2689.3199617518308,0.19397050142288208,1,0.9454495730280891,0.39247600316451065,50,check
1908,550.0,2676.0,549.1198424361734,2675.7399812447597,0.16009823977947235,1,1.2946077020299718,0.3468166937025985,50,check
1909,534.0,2675.0,534.0400272330929,2674.4999580474814,0.21173883974552155,1,0.45916718130204837,0.32851095223662174,50,control
1910,536.0,2658.0,535.260030644593,2658.2899453140644,0.2421681135892868,1,1.2679057207521482,0.7703475609691138,50,check
1911,542.0,2738.0,543.0099977222097,2737.239912075786,0.13007603585720062,1,0.7959431163944933,0.542821910332394,50,control
1912,524.0,2720.0,524.1998679378007,2719.740016463707,0.11265920102596283,1,0.2148581325378034,0.5360900424365009,50,check
1913,464.0,2672.0,464.0,2673.0,0.11432965099811554,1,1.3033844903761718,,50,control
1914,652.0,2867.0,652.3400096573448,2866.869987523571,0.18965278565883636,1,0.1230499832240444,0.2471481989723196,50,check
1915,548.0,2763.0,547.9000324183279,2762.959978233244,0.132358580827713,1,0.5475295418323061,0.4521689852387341,50,control
1916,559.0,2762.0,562.0,2762.0,0.1067369133234024,1,2.5984939412516974,,50,control
1917,457.0,2716.0,458.0,2715.0,0.15136736631393433,1,0.9631305453626751,,50,control
1918,552.0,2751.0,552.3199878980644,2750.5800367999414,0.1322622299194336,1,0.20779075537106387,0.5598972848833507,50,control
1919,653.0,2768.0,652.5000126507052,2767.7399791043163,0.10045412182807922,1,0.9119992108479881,0.6688115283637921,50,control
1920,485.0,2765.0,484.7799965885,2765.210012733417,0.10783381015062332,1,0.7734492592155598,0.6521683713577383,50,control
1921,513.0,2674.0,513.6400123674675,2673.140050319583,0.15254728496074677,1,0.6649161508178206,0.8017518198018735,50,control
1922,580.0,2762.0,578.0,2764.0,0.11762230843305588,0,3.28706064236174,,50,control
1923,647.0,2842.0,646.6899855929565,2841.870002174478,0.18638072907924652,1,0.7269613341986383,0.43758789851693286,50,control
1924,569.0,2699.0,568.8800432299832,2698.829914309171,0.15949775278568268,1,0.5372277737430098,1.0197189444036934,50,control
1925,529.0,2733.0,529.0701453256121,2732.6901495161705,0.11410538107156754,1,0.35094122306196984,1.2765686648723678,50,check
1926,596.0,2684.0,719.0,2960.0,0.11307647079229355,0,302.212557387964,,50,control
1927,699.0,2875.0,698.6301113996993,2874.9798804177426,0.10849791765213013,1,0.8066426394498923,0.49856212610647227,51,control
1928,776.0,2844.0,775.3200102692934,2843.9299901956965,0.1331891119480133,1,1.1007540095554538,0.19667132555595648,51,control
1929,729.0,2825.0,728.320051574002,2825.1199746900456,0.20382501184940338,1,1.1445922605194285,0.23442788898347552,51,control
1930,715.0,2793.0,715.0600158020133,2792.959937604731,0.12310433387756348,1,0.3988416905415509,0.29590259031290794,51,control
1931,739.0,2867.0,738.9500105458143,2866.5500214891676,0.25438669323921204,1,0.5089726885848564,0.4499935343835314,51,control
1932,669.0,2755.0,668.2900116380137,2755.039994944327,0.119107685983181,1,1.154076131551781,0.20461990782038028,51,check
1933,680.0,2876.0,679.5799835491088,2875.960007985854,0.24254925549030304,1,0.8506053919509408,0.19591057678014648,51,check
1934,723.0,2871.0,722.9100554970331,2870.6100986563615,0.1803743541240692,1,0.5237216314968731,0.6026317749829582,51,control
1935,776.0,2700.0,774.8499897133098,2699.7899956063297,0.10877547413110733,1,1.5628973057837594,0.19006407091610525,51,check
1936,795.0,2750.0,794.7999887637973,2749.829998214208,0.11730379611253738,1,0.6142348180228345,0.14290789579883598,51,control
1937,690.0,2764.0,690.1299454195128,2763.6500662139197,0.12034206092357635,1,0.30586097081494684,0.2291591852868384,51,control
1938,728.0,2780.0,727.8800282969067,2779.8099731307207,0.1129172220826149,1,0.5324456880250663,0.3123171940214487,51,control
1939,675.0,2777.0,674.6700230016424,2776.9199819365253,0.13481903076171875,1,0.7564445271913867,0.39028713769971374,51,check
1940,686.0,2864.0,685.5600028691382,2863.850041386352,0.22940534353256226,1,0.8529540468913795,0.1770821671534176,51,control
1941,759.0,2833.0,758.8999864370207,2832.9199027080867,0.1539151519536972,1,0.5309353447312097,0.22160580075185107,51,control
1942,789.0,2723.0,790.0600288183588,2722.180042333729,0.12555520236492157,1,0.8776185398311971,0.48586440403760944,51,check
1943,727.0,2770.0,726.5400148077863,2769.769979313386,0.11126771569252014,1,0.8712329071661744,0.3596269321897009,51,control
1944,735.0,2853.0,734.0,2849.0,0.17411507666110992,0,4.025034070407364,,51,control
1945,755.0,2869.0,754.3700839106862,2868.829940286777,0.19162867963314056,1,1.0403357644117701,0.22691276045347838,51,control
1946,692.0,2814.0,686.1997684234913,2810.6100197084065,0.16584470868110657,0,6.967961004264478,0.5505238915427296,51,control
1947,714.0,2811.0,713.6499868168539,2810.9900075187284,0.16862784326076508,1,0.7915229979656185,0.1831783474279922,51,control
1948,740.0,2819.0,739.6599885394667,2819.050009514658,0.16996373236179352,1,0.8004000772936536,0.13466317882211645,51,control
1949,742.0,2748.0,740.4899901914246,2748.759943048022,0.11176151782274246,1,2.161357244248557,0.40892052201375145,51,control
1950,710.0,2860.0,709.510037983396,2859.490103229648,0.1902228146791458,1,0.9415289223048904,0.56832767975043,51,control
1951,824.0,2697.0,823.0,2697.0,0.11575334519147873,1,1.4308017541848506,,51,control
1952,729.0,2746.0,729.430045278103,2745.6599551804793,0.13688082993030548,1,0.11204996169393969,0.5790916052611838,51,check
1953,746.0,2833.0,745.2500997539007,2832.729976311482,0.13735146820545197,1,1.1602552163764321,0.5375123472766877,51,control
1954,864.0,2707.0,858.0,2725.0,0.13185244798660278,0,19.321209011453274,,51,control
1955,666.0,2827.0,666.2902933328206,2827.0398741874674,0.10030127316713333,1,0.2964659691062152,0.8039623515534193,51,control
1956,777.0,2863.0,776.4799784945037,2862.900008018512,0.2324414849281311,1,0.9377005026464055,0.11025434592117818,51,control
1957,696.0,2826.0,695.920147831555,2826.119916086419,0.19808921217918396,1,0.6023252321887255,0.9259665784120824,51,control
1958,673.0,2767.0,678.0,2762.0,0.1325671225786209,0,6.618049084327581,,51,control
1959,788.0,2810.0,788.2300432832413,2808.899968573763,0.1327681839466095,1,0.8901469005765382,0.4978704306847482,51,control
1960,709.0,2767.0,709.6299755394498,2766.8799073129626,0.1118430644273758,1,0.24469177463475933,1.1944975819132055,51,check
1961,685.0,2834.0,684.9200498382644,2833.7000051788273,0.21261291205883026,1,0.4946390907244432,0.4266559850154108,51,control
1962,793.0,2769.0,792.3800124906217,2768.929988843305,0.14160121977329254,1,1.0430580510967193,0.4415862568082878,51,control
1963,801.0,2713.0,803.3200134248734,2711.0699953787953,0.1487569510936737,1,2.5568143113244584,1.013185546296595,51,control
1964,693.0,2696.0,596.1098647176647,2690.0301853748338,0.12471967935562134,0,97.47279385579058,1.6336040729888266,51,control
1965,666.0,2795.0,666.9500473993227,2794.8999153229306,0.12886416912078857,1,0.5549078476383952,0.8958694187099443,51,control
1966,260.0,2879.0,259.00994576699753,2879.219993437192,0.3201160728931427,1,1.4743850571363477,0.13351960392290324,53,control
1967,239.0,2905.0,239.61001153897317,2904.509968109841,0.2168598473072052,1,0.31880058842951475,0.41558853487673103,53,control
1968,395.0,3057.0,394.2700598658306,3057.5699924769997,0.1794920563697815,1,1.3939781245247498,0.5278485459707659,53,control
1969,245.0,3027.0,244.8500190151232,3027.0900437351065,0.23639529943466187,1,0.6483575738981201,0.10754009410239167,53,control
1970,310.0,2916.0,309.46003957003893,2916.000026653802,0.29357999563217163,1,0.9791079617263061,0.32783495947397895,53,control
1971,294.0,2933.0,292.5500250955445,2933.2099953777274,0.20654550194740295,1,1.912686281016128,0.42855922748600783,53,control
1972,290.0,2877.0,290.280051445508,2877.179977812968,0.28843599557876587,1,0.4403260171271491,0.6084211568016397,53,check
1973,326.0,2996.0,324.4800696690662,2996.659991075622,0.10377755016088486,1,2.1270053466249066,1.1392076665660609,53,control
1974,319.0,2973.0,317.0,2975.0,0.11687905341386795,0,3.2888263832075237,,53,control
1975,242.0,3014.0,240.95006909435605,3014.2198676080216,0.20388200879096985,1,1.5285321478736345,0.37231787061585997,53,control
1976,235.0,3041.0,236.01002905261024,3040.629963536555,0.22420498728752136,1,0.616930271698939,0.4758705327169738,53,control
1977,244.0,2949.0,243.08005779039325,2948.7900049044424,0.21785694360733032,1,1.328951778879965,0.346153544182157,53,control
1978,260.0,2978.0,257.0,2976.0,0.1357167363166809,0,3.8347038673263953,,53,control
1979,246.0,3045.0,246.21008503127115,3044.4998721138572,0.163853719830513,1,0.323942356320215,0.9904241009898177,53,check
1980,412.0,2994.0,411.4600542777168,2994.009967462031,0.11831867694854736,1,0.9788239797509932,0.8847765611345295,53,control
1981,386.0,3039.0,386.1599944849861,3038.8498942561746,0.11849931627511978,1,0.2614605658176243,0.8065338299484464,53,control
1982,295.0,3033.0,295.84005031424323,3032.209929279177,0.16209422051906586,1,0.6995904607045397,0.5967660232759996,53,check
1983,250.0,3052.0,252.5299187550312,3050.8099890772473,0.20686586201190948,1,2.325707544009415,1.7548292120893938,53,check
1984,227.0,2985.0,226.51999265447998,2984.8199445931546,0.14833855628967285,1,0.8900116723454425,0.5362269272154707,53,control
1985,393.0,2914.0,390.72996768956546,2915.009969433847,0.15359963476657867,0,2.9555170807815054,0.6061614458697511,53,control
1986,339.0,2898.0,338.0699608360439,2897.790013187418,0.11794246733188629,1,1.3398901684682694,0.28272764953390567,53,control
1987,415.0,3080.0,414.78000785842823,3079.710031244485,0.23270283639431,1,0.6269284338951557,0.23089616574026955,53,control
1988,323.0,3080.0,322.5900626969715,3080.169970455391,0.10179879516363144,1,0.9126432200686496,0.19402312738144714,53,control
1989,252.0,2943.0,253.0,2943.0,0.20960399508476257,1,0.6388119345183396,,53,control
1990,408.0,2930.0,409.0,2929.0,0.1413753777742386,1,0.9646561553454248,,53,control
1991,360.0,2948.0,358.9399957500848,2947.909998020399,0.1870538890361786,1,1.4757968797682037,0.23262110638406802,53,control
1992,278.0,3056.0,277.600003279802,3056.159955377492,0.17292094230651855,1,0.9003911310024351,0.4035291066134738,53,check
1993,342.0,2917.0,342.2499851378875,2915.9299547513506,0.21339210867881775,1,0.8455975500308213,0.4342782555830658,53,check
1994,290.0,3007.0,289.8999951707936,3006.9500004028787,0.22359447181224823,1,0.5418743705691524,0.35663882218348497,53,control
1995,333.0,3017.0,332.3399785523429,3016.4899364330236,0.12472289055585861,1,1.1002899931429226,0.48282607935778676,53,control
1996,340.0,3059.0,340.0,3059.0,0.1475825160741806,1,0.47133254196458324,,53,control
1997,276.0,3012.0,276.2499636682527,3011.6200028364806,0.22710783779621124,1,0.20936067600050992,1.0559108505582266,53,check
1998,376.0,2951.0,373.0,2951.0,0.13830310106277466,0,3.4164644476572805,,53,control
1999,354.0,3095.0,354.6300438919861,3094.269936233875,0.24509389698505402,1,0.5395056600870326,0.8463853597038914,53,control
2000,391.0,2931.0,387.6900063863957,2932.149952978684,0.12609869241714478,0,3.969261566605598,0.9193406415118469,53,control
2001,285.0,2979.0,285.34998923412707,2978.5900364939666,0.2749725878238678,1,0.178409413268391,0.4809353897650395,53,control
2002,376.0,2994.0,372.0,2998.0,0.14758890867233276,0,6.1148487684380655,,53,control
2003,356.0,2961.0,357.3800718839865,2960.2799196992037,0.1554315835237503,1,1.084515661167938,1.0457486151512385,53,control
2004,360.0,3063.0,357.5300697169845,3064.5799869868583,0.2099006026983261,0,3.4027532536021043,2.3149069626743772,53,control
2005,372.0,2919.0,371.039982547406,2919.1599679998117,0.15886341035366058,1,1.4258159474744245,0.8332305031252245,53,check
2006,353.0,2892.0,351.7500184684895,2892.230051172191,0.11124322563409805,1,1.7246650717168936,0.4579509858105193,53,control
2007,306.0,2891.0,305.66996118566453,2890.8199637520324,0.2341884821653366,1,0.742303971473368,0.4640508651372352,53,check
2008,390.0,2957.0,390.9601425504835,2956.8199040781838,0.12458193302154541,1,0.5553295921097597,0.7987251057478504,53,check
2009,227.0,3067.0,225.7000159979582,3067.559967932361,0.15294116735458374,1,1.8852877495789584,0.606924422957914,53,control
2010,398.0,2997.0,395.5700390777314,2999.4401000261496,0.10289487987756729,0,3.9016109177987564,1.3519186992409473,53,control
2011,403.0,3043.0,400.309911680383,3043.5000791432817,0.1476450115442276,0,3.182736761938767,1.4602068311783194,53,control
2012,338.0,2952.0,340.0,2952.0,0.12937520444393158,1,1.6097564617948479,,53,control
2013,246.0,2881.0,244.2499929700661,2880.9200509652574,0.3179987072944641,1,2.1663362404759257,1.3105290119614639,53,control
2014,287.0,3056.0,289.05008586968637,3053.7998868268746,0.11855091899633408,1,2.5573723356561393,1.4148237279580576,53,control
2015,431.0,3058.0,430.0199625913141,3057.9500202379527,0.1965300291776657,1,1.3980123671890161,0.5202459504688182,53,control
2016,506.0,2954.0,505.19004721192147,2954.13997836067,0.14676159620285034,1,1.274145325150146,0.48955433284603633,54,check
2017,559.0,3044.0,558.5599611704038,3043.9999728954012,0.12930119037628174,1,0.8771831535351313,0.1902506292232782,54,control
2018,466.0,3098.0,465.8499691452692,3097.5200451723454,0.11050444841384888,1,0.6050606436509092,0.33845007795753257,54,control
2019,522.0,3039.0,521.6000217624843,3038.9799857356434,0.12150256335735321,1,0.8337541968497549,0.28565886374193983,54,control
2020,663.0,2931.0,663.1400180875884,2930.9299346908783,0.15409016609191895,1,0.3126002427796217,0.29252381871620525,54,control
2021,594.0,2928.0,593.2400495138254,2928.1599779741196,0.11970456689596176,1,1.2323101154240275,0.14980081387807778,54,control
2022,533.0,2945.0,533.0,2940.0,0.11140584945678711,0,4.78243853902944,,54,control
2023,567.0,3000.0,567.0700202294087,2999.139944043317,0.16292573511600494,1,0.7103017417561488,0.8568654676793791,54,control
2024,593.0,2984.0,595.8999582622001,2980.669856430417,0.14926785230636597,0,3.9756268905329653,1.596112063305806,54,control
2025,492.0,3089.0,493.1101564435508,3088.1899143953956,0.17507685720920563,1,0.9095170901250492,0.5616394554273972,54,check
2026,649.0,3022.0,649.4200810284232,3021.6199313851357,0.10640973597764969,1,0.1483659312038272,0.891924588527192,54,control
2027,497.0,2937.0,496.91999568583776,2936.9399995818603,0.23438726365566254,1,0.5187168955385164,0.4340678158334331,54,check
2028,570.0,2902.0,566.189853875038,2897.4899108494437,0.1787181943655014,0,6.0069577927394695,2.333322658774031,54,control
2029,568.0,2926.0,567.0,2925.0,0.22764168679714203,1,1.6028639424084627,,54,control
2030,496.0,2925.0,493.3600158073531,2926.1099959580865,0.10767444223165512,0,3.3321615466306214,0.36066151736165614,54,control
2031,541.0,2951.0,543.5101807191448,2951.60992092875,0.13250385224819183,1,2.266028099459687,5.054164710406287,54,control
2032,500.0,2944.0,499.73998947265045,2943.960004379477,0.23790596425533295,1,0.6959397714666608,0.4616671484286905,54,control
2033,579.0,2883.0,577.1399198688993,2883.5000234130653,0.10333684086799622,1,2.3847690191560935,0.7446491262460156,54,control
2034,550.0,3034.0,549.5200188007135,3033.979987538832,0.191978320479393,1,0.911126930958182,0.35342046353471596,54,control
2035,482.0,2984.0,481.4199785271612,2984.000013073117,0.11440540850162506,1,1.0148454864264822,0.2771987999239002,54,control
2036,625.0,2889.0,627.0,2888.0,0.11648575961589813,1,1.7666990693236901,,54,control
2037,527.0,3066.0,526.970071130419,3065.919952634712,0.1078878715634346,1,0.4616583808666756,0.5051850411164066,54,check
2038,615.0,2982.0,617.0,2986.0,0.14507752656936646,0,4.523136484311161,,54,control
2039,530.0,2926.0,532.3499953766595,2926.2199632337843,0.17236076295375824,1,1.9944377081483151,0.585222385108687,54,control
2040,639.0,2948.0,639.6200644838312,2947.1999708898597,0.16149067878723145,1,0.6062148167063229,0.81696848995806,54,control
2041,565.0,2951.0,563.0,2958.0,0.11152315884828568,0,7.624309536035373,,54,check
2042,599.0,3002.0,599.5900597667902,3002.039965642514,0.22383347153663635,1,0.3296818030138175,0.7134732136788822,54,control
2043,534.0,2936.0,534.7799671748304,2935.619797722101,0.19732831418514252,1,0.39943306108389426,1.8983967769990742,54,control
2044,639.0,2977.0,638.620099871406,2976.7700290146126,0.11837194859981537,1,0.7864182653073769,0.2659535899281953,54,control
2045,665.0,2886.0,665.9300010148276,2885.1600075013316,0.1258973628282547,1,0.8012632877222712,0.42077694914656216,54,check
2046,501.0,3046.0,502.6499346930143,3044.320005253754,0.10836787521839142,1,1.9062584890629997,1.1045426670823548,54,control
2047,589.0,2943.0,589.9499255137843,2942.4199651718745,0.1235884577035904,1,0.6435945297885689,0.8647461834461257,54,control
2048,631.0,2969.0,630.6100126091948,2969.200053217107,0.1562429517507553,1,0.9066600219406021,0.559351575512041,54,control
2049,525.0,2939.0,526.0000519552123,2938.019918638594,0.1701597273349762,1,0.9516399597037806,1.265297928920798,54,control
2050,575.0,3002.0,572.3900442463286,3008.250290217374,0.16691172122955322,0,7.151596970888923,3.062825717953888,54,control
2051,511.0,3063.0,509.0,3064.0,0.11635308712720871,1,2.7038937594151546,,54,check
2052,565.0,2976.0,562.0,2976.0,0.15055207908153534,0,3.414863195204111,,54,control
2053,503.0,3056.0,501.0,3056.0,0.1262257993221283,1,2.4166452927480906,,54,control
2054,460.0,3033.0,454.6698770535426,3039.300242310483,0.10835812240839005,0,8.697004442914885,1.2416065139709807,54,control
2055,575.0,3045.0,572.1299653113576,3045.8900155372403,0.11679332703351974,0,3.4627468507457033,0.4825141067514822,54,check
2056,714.0,2885.0,713.5399820682233,2884.9600088874486,0.1748173087835312,1,0.889124252648785,0.19338720082112293,55,control
2057,745.0,2940.0,744.3899898134182,2939.550034111487,0.10644353926181793,1,1.0406042456465248,0.38243153145770964,55,control
2058,693.0,2922.0,693.460043627213,2922.180033317786,0.2632851004600525,1,0.41435920207521154,0.5644845672561349,55,control
2059,668.0,2977.0,667.9500297614634,2976.7599697018236,0.18479721248149872,1,0.45645260665575593,0.4985389287106908,55,control
2060,740.0,2877.0,736.0,2880.0,0.20050722360610962,0,5.465048648031639,,55,control
2061,728.0,2913.0,728.5298425135452,2913.0699471985877,0.12466124445199966,1,0.3239493164721841,0.6442481292040844,55,control
2062,790.0,2975.0,789.8699877489697,2974.6699907128764,0.11278494447469711,1,0.5454966378714957,0.34408879265869774,55,control
2063,730.0,2895.0,729.8100293117343,2894.9699806320523,0.33969932794570923,1,0.6307010555302783,0.0961028851145838,55,control
2064,742.0,2912.0,741.000034317353,2911.8799730174874,0.21665896475315094,1,1.4119677346244277,0.3061025576369383,55,check
2065,695.0,2943.0,694.5199840325633,2943.080013780902,0.23607362806797028,1,0.9401043535323983,0.1905706458662444,55,control
2066,695.0,2903.0,693.0,2909.0,0.1267060935497284,0,6.680062413245862,,55,control
2067,731.0,2933.0,729.4900255789992,2933.330001172775,0.16982366144657135,1,1.9973775616300773,0.6906915538694162,55,control
2068,799.0,2983.0,798.0,2984.0,0.11924917250871658,1,1.8670310733847992,,55,control
2069,687.0,2890.0,687.1598091489086,2889.8400065852356,0.18625766038894653,1,0.2586009346031703,0.44865212390744014,55,control
2070,685.0,2951.0,682.2899748412764,2952.050017854405,0.12244510650634766,0,3.370100185981797,0.7241321274818778,55,control
2071,670.0,2950.0,671.3500824940478,2949.79993962691,0.15890012681484222,1,0.9435570293008954,0.902414712668007,55,control
2072,676.0,2889.0,675.5799235363194,2888.939992763132,0.27644243836402893,1,0.8461235291582921,0.15763327291244614,55,control
2073,670.0,3025.0,668.1899725482255,3026.4699390735595,0.11207903921604156,1,2.793524620160402,1.532887933212567,55,check
2074,761.0,2880.0,760.4399526705733,2879.8199689361995,0.205605149269104,1,0.9697356992562912,0.14182525066172746,55,control
2075,713.0,2922.0,712.8200285549628,2921.919978555547,0.27573466300964355,1,0.6065263042866725,0.2992518332110203,55,control
2076,686.0,2935.0,686.3101121749355,2934.5399083628927,0.16221179068088531,1,0.24868114806756672,0.5528000748580031,55,control
2077,790.0,2943.0,785.7099414223137,2943.5200113057895,0.12293846905231476,0,4.756174094849325,1.098181244189865,55,check
2078,708.0,2963.0,709.0,2965.0,0.114622563123703,1,2.308363721551272,,55,control
2079,686.0,3046.0,685.3399843559345,3046.390029314938,0.30192771553993225,1,1.2328771865150923,0.6166216384393723,55,control
2080,671.0,2990.0,671.4000421388519,2989.569952524683,0.2372051626443863,1,0.19835854215238524,0.3455081500853759,55,control
2081,706.0,2950.0,705.7599308764994,2949.9699898166223,0.18744833767414093,1,0.6774356438950546,0.6116338539569394,55,check
2082,701.0,2989.0,698.0,2987.0,0.11340682208538055,0,3.837982025511557,,55,control
2083,714.0,2974.0,830.0,2981.0,0.10247558355331421,0,115.82003100199752,,55,check
2084,289.0,3145.0,287.54998249521583,3145.319925405891,0.10951640456914902,1,1.9368988333315076,0.32152861978102243,57,control
2085,223.0,3170.0,221.0,3172.0,0.12758685648441315,0,3.2876442768843916,,57,control
2086,364.0,3132.0,363.0,3135.0,0.23997890949249268,0,3.530824238253968,,57,control
2087,303.0,3115.0,295.7700058536457,3116.2801121344933,0.10968382656574249,0,7.784481431635096,1.245116214266525,57,check
2088,349.0,3146.0,348.2800072106181,3145.859988505741,0.24798592925071716,1,1.1278886071994363,0.7815103762495829,57,control
2089,277.0,3314.0,276.4099580964676,3314.1099803488146,0.1343296766281128,1,1.050558390233936,0.30363999031051364,57,control
2090,370.0,3113.0,370.29006224083446,3112.9999113615927,0.22921374440193176,1,0.2652737202849088,0.43051543906093215,57,control
2091,345.0,3122.0,340.7201146181492,3123.2600449014735,0.14557458460330963,0,4.9183366241005935,1.3777608310306688,57,control
2092,277.0,3192.0,274.7799073857534,3193.180116264458,0.17322422564029694,0,2.9834859493983155,1.0906008230728272,57,control
2093,440.0,3118.0,441.040075525157,3117.9999540186927,0.15235748887062073,1,0.6792858761875614,0.5714654114843055,57,control
2094,236.0,3314.0,234.2799887279358,3315.03995814759,0.1342250108718872,1,2.4780681436822305,0.7526922737969702,57,control
2095,267.0,3283.0,266.48006358330497,3283.389981079645,0.17346909642219543,1,1.1168173665773926,0.6046368620979607,57,control
2096,348.0,3113.0,347.890005451076,3112.779934772522,0.25848618149757385,1,0.514628629258613,0.4330356938500372,57,check
2097,349.0,3160.0,348.9300272178322,3159.67996719085,0.1941666156053543,1,0.4797465150126656,0.7444101203134279,57,control
2098,273.0,3139.0,270.7500293443918,3140.069985686657,0.16749407351016998,0,2.9604658506121475,1.0094376973268875,57,control
2099,380.0,3136.0,377.30993140360044,3134.0899448402215,0.20654535293579102,0,3.5159242135312057,0.866562753029959,57,control
2100,234.0,3152.0,233.0,3152.0,0.1976170390844345,1,1.4245891334987733,,57,control
2101,358.0,3159.0,358.240038187126,3158.300042719211,0.26738590002059937,1,0.4879764258058666,0.6895909396552481,57,control
2102,395.0,3122.0,391.6600462982704,3122.9700210351666,0.1165790781378746,0,3.9341975173889523,0.8933156154514359,57,control
2103,363.0,3177.0,363.9600583632766,3176.3699324979357,0.12647438049316406,1,0.6803746581553441,0.3495341385467633,57,control
2104,254.0,3238.0,255.0701615559949,3237.8398427772504,0.11594109982252121,1,0.673727153933856,0.8343755821481945,57,control
2105,356.0,3170.0,356.5100823318283,3169.5299260245565,0.14487141370773315,1,0.25374380171695265,1.0687712380718677,57,check
2106,293.0,3187.0,294.0,3192.0,0.10642006993293762,0,5.2756624189705095,,57,control
2107,308.0,3295.0,306.2599893398845,3296.0999608197153,0.1460309773683548,1,2.525789561355793,0.5578525917466804,57,check
2108,261.0,3252.0,261.0,3254.0,0.11217522621154785,1,2.2783337222201627,,57,check
2109,431.0,3104.0,432.0,3113.0,0.10927247256040573,0,9.25727672077545,,57,control
2110,390.0,3139.0,391.0,3136.0,0.2115919589996338,1,2.824549386773418,,57,control
2111,415.0,3317.0,417.4399988772791,3315.8700448315776,0.11126075685024261,1,2.226892829303285,0.881674845139843,57,check
2112,443.0,3153.0,444.52007233371563,3152.0699087689754,0.17466863989830017,1,1.3141987940835573,1.928438085364426,57,check
2113,325.0,3166.0,323.2798995819604,3167.369978422472,0.2517051696777344,1,2.665058022933395,1.7285151922596846,57,check
2114,434.0,3244.0,435.2699750591991,3243.4499365299284,0.1265130490064621,1,0.9234001284787484,0.7030698361138317,57,control
2115,244.0,3241.0,235.40990360510003,3241.6201408939446,0.1127731129527092,0,9.032965932077122,2.64007487986376,57,check
2116,229.0,3296.0,226.0,3294.0,0.1343178153038025,0,3.8270361341762706,,57,control
2117,227.0,3106.0,226.880099410997,3105.67992323813,0.11114724725484848,1,0.5303769960279437,0.7692431569543388,57,control
2118,363.0,3168.0,363.41996584807043,3167.08007559688,0.1695856899023056,1,0.6802044930535388,0.731252818222018,57,control
2119,253.0,3185.0,253.1900706533722,3185.180016863691,0.17821970582008362,1,0.47322538681490295,0.27626407873667885,57,control
2120,228.0,3237.0,227.47001965438946,3237.099993108481,0.22106610238552094,1,0.9929321952171489,0.24272339764612053,57,control
2121,247.0,3296.0,247.42000067299176,3295.3399660986506,0.1716117113828659,1,0.4172788383327593,0.5494657164722896,57,control
2122,325.0,3175.0,325.7399852468489,3167.1299140891124,0.1116856038570404,0,7.636670288736363,1.5482738975378436,57,control
2123,284.0,3247.0,283.4600471217339,3246.0498723587884,0.10021357238292694,1,1.1777168301942402,1.017901101234917,57,control
2124,275.0,3300.0,276.0,3299.0,0.11405456811189651,1,0.9663281343226917,,57,control
2125,228.0,3226.0,228.02003753717995,3225.989976639125,0.22443632781505585,1,0.4475682151232994,0.2714777073078276,57,control
2126,269.0,3167.0,269.25010178248783,3166.819979643474,0.1932191699743271,1,0.16526282894738153,0.6521348827959285,57,control
2127,328.0,3156.0,327.0,3152.0,0.17642733454704285,0,4.0126350221752585,,57,control
2128,300.0,3157.0,297.0,3161.0,0.10073250532150269,0,5.438080445012495,,57,control
2129,229.0,3206.0,229.4100341125551,3205.840021857253,0.16432204842567444,1,0.08371501672806797,0.736997816635558,57,control
2130,449.0,3211.0,446.55006324467314,3212.2599746889778,0.15297532081604004,0,3.2209630287771573,1.279284065445057,58,check
2131,538.0,3208.0,538.5300478533237,3207.6099510753866,0.10758714377880096,1,0.20095000973583227,0.5875259181347057,58,check
2132,547.0,3140.0,547.7000026994428,3138.9699460893007,0.1525297909975052,1,0.8484418825732793,0.8244371926532114,58,control
2133,512.0,3148.0,512.0900100939491,3147.300009078054,0.13395296037197113,1,0.5593850409951086,0.5338066468844215,58,check
2134,505.0,3140.0,505.20003991859164,3139.799965547745,0.1913577765226364,1,0.20620507966833382,0.35341426686362776,58,control
2135,534.0,3182.0,533.9599915317591,3181.689989424732,0.11707467585802078,1,0.44808337601621495,0.26025754802814416,58,control
2136,471.0,3244.0,470.61005667545726,3243.8699588979534,0.13054770231246948,1,0.7978288899696,0.26787967259192236,58,control
2137,460.0,3206.0,460.10000122282935,3205.8899936735793,0.12053044140338898,1,0.3274930977066259,0.5752339058661405,58,control
2138,498.0,3287.0,496.72000828511165,3299.4701202956917,0.16249898076057434,0,12.817741189824678,1.5569706555057132,58,control
2139,516.0,3217.0,515.1599705359671,3217.4299382688696,0.13385744392871857,1,1.4086858850861401,0.6500857101643549,58,control
2140,498.0,3144.0,497.75005757598353,3143.6799487081676,0.11125875264406204,1,0.6582067587885119,1.0480527058057938,58,control
2141,582.0,3134.0,580.0,3135.0,0.10371842980384827,1,2.7014505869620256,,58,control
2142,523.0,3128.0,524.3400999870843,3126.949885843637,0.1511826068162918,1,1.2412369886442094,0.8895214072890193,58,control
2143,481.0,3284.0,481.41003180179825,3283.3801014111987,0.10402864217758179,1,0.38256555312480256,1.9176486387084497,58,control
2144,549.0,3176.0,548.0900040081879,3176.029999082077,0.13953463733196259,1,1.33856135421604,0.506015941892942,58,control
2145,530.0,3312.0,527.0,3311.0,0.14015592634677887,0,3.4834708177013907,,58,control
2146,482.0,3160.0,481.56002304315285,3159.4599078237347,0.10785568505525589,1,0.8954460758742672,0.4262515325043461,58,control
2147,498.0,3179.0,497.0,3182.0,0.12127023935317993,0,3.5273318466403887,,58,check
2148,603.0,3304.0,598.99984357171,3303.6300764612356,0.17472580075263977,0,4.400916807025922,2.161289771018706,58,control
2149,564.0,3137.0,564.8100793502157,3136.190062821194,0.10037780553102493,1,0.7045985801467388,0.8148583280206758,58,control
2150,511.0,3243.0,510.0,3243.0,0.13251842558383942,1,1.4203324118921963,,58,control
2151,506.0,3226.0,504.98993713760507,3226.8699809302416,0.1291290670633316,1,1.793190516324133,1.497394519197352,58,control
2152,524.0,3286.0,522.3000442970009,3285.8299644044237,0.12384539842605591,1,2.1003996355336714,0.6566905775547166,58,control
2153,624.0,3130.0,624.3999906344367,3129.570034626531,0.10161229968070984,1,0.1965537551436389,0.6873300372330796,58,control
2154,591.0,3305.0,591.5300148883621,3304.7899802792276,0.17927607893943787,1,0.1336640011594958,0.3520742311805297,58,check
2155,497.0,3312.0,496.470050590764,3311.829960572648,0.1760285645723343,1,0.9312263765727954,0.5381188194508927,58,control
2156,486.0,3303.0,485.0101731958354,3303.740033595684,0.11426085233688354,1,1.6984066082156968,1.817099394244556,58,check
2157,526.0,3189.0,526.0099958622501,3188.799992370174,0.1919991672039032,1,0.39340485042796014,0.49049738865140396,58,control
2158,510.0,3105.0,508.0,3106.0,0.18303556740283966,1,2.7030659694956847,,58,control
2159,447.0,3196.0,447.62002086836594,3195.550065949456,0.15744704008102417,1,0.30416348723337344,0.5091896860078953,58,check
2160,487.0,3214.0,483.0,3214.0,0.1628381609916687,0,4.407673080052493,,58,control
2161,502.0,3257.0,494.1798601532313,3261.070088693801,0.13288438320159912,0,9.280303895139102,1.6246037328922154,58,control
2162,484.0,3262.0,485.8400136861334,3262.870035815635,0.12107305228710175,1,1.8164732297292259,1.0944456994939218,58,control
2163,499.0,3297.0,498.8900304703166,3296.8899758670927,0.19974833726882935,1,0.5247936767213104,0.21329356399860705,58,check
2164,495.0,3169.0,495.120073753558,3168.789944440856,0.11823423951864243,1,0.28352967389418565,0.6066953606452165,58,control
2165,564.0,3146.0,561.0,3144.0,0.12828384339809418,0,3.833219842027025,,58,control
2166,547.0,3160.0,547.0,3158.0,0.1443115472793579,1,1.8098826620176258,,58,control
2167,457.0,3190.0,456.82004748844224,3189.760009654141,0.12163938581943512,1,0.5819293357773891,0.23090536187079966,58,control
2168,547.0,3225.0,547.0,3228.0,0.10166511684656143,0,3.260393757118154,,58,control
2169,532.0,3290.0,532.0,3296.0,0.13676080107688904,0,6.249044489648454,,58,control
2170,721.0,3233.0,720.4901844299022,3232.4500120401335,0.10567305237054825,1,0.9639451178349455,0.8106518047243958,59,check
2171,784.0,3156.0,783.8800457093674,3155.939918381606,0.13676054775714874,1,0.5484408812916394,0.32639569970316074,59,control
2172,680.0,3219.0,680.7800066195791,3217.369862510838,0.13195911049842834,1,1.448370462901687,1.1037077181229757,59,control
2173,752.0,3312.0,749.8499748370045,3312.12997117172,0.16859321296215057,1,2.573402574261221,0.644054675203738,59,check
2174,747.0,3287.0,746.0,3288.0,0.10835970938205719,1,1.863154856890365,,59,check
2175,687.0,3199.0,688.0,3199.0,0.12949717044830322,1,0.6424864407246689,,59,control
2176,686.0,3171.0,686.739986091672,3169.809998826157,0.11097315698862076,1,1.0159443514080178,0.4921083918345782,59,control
2177,787.0,3271.0,785.4099003376639,3271.189968828306,0.10062093287706375,1,2.032760084819794,0.4346065011052522,59,control
2178,721.0,3279.0,856.7398329875892,3284.230164096872,0.10260926932096481,0,135.4516355189214,2.7194882053817957,59,control
2179,767.0,3165.0,766.9299845607324,3164.4299804751727,0.1602867692708969,1,0.5812571870919121,0.3567494699428788,59,control
2180,813.0,3302.0,814.5401845913628,3301.0898414390517,0.11611834168434143,1,1.329690940650744,0.9380914226314254,59,control
2181,813.0,3291.0,814.6499197048528,3290.3698139366047,0.13044261932373047,1,1.314300319263326,0.7432535196096467,59,control
2182,678.0,3231.0,679.0,3230.0,0.10550897568464279,1,0.9741081392447045,,59,control
2183,687.0,3183.0,688.7000015724501,3182.9199442381937,0.11181756108999252,1,1.307562671779512,1.2035769581050153,59,control
2184,679.0,3283.0,677.0,3278.0,0.12235060334205627,0,5.336912018208417,,59,control
2185,762.0,3182.0,763.0,3183.0,0.27863356471061707,1,1.368304954791892,,59,control
2186,742.0,3310.0,750.0,3313.0,0.10591135919094086,0,8.260226067600838,,59,control
2187,685.0,3240.0,682.7200440116272,3240.770012278348,0.1056051179766655,0,2.8612152156321895,0.5064027627498514,59,control
2188,735.0,3181.0,735.4500006566631,3180.2899635713484,0.17983181774616241,1,0.4816097669908464,0.7511834216485386,59,check
2189,778.0,3175.0,778.2700102213752,3174.00999428446,0.19455179572105408,1,0.7714045755193624,1.1327833157240714,59,control
2190,754.0,3162.0,754.9700063842597,3161.6899296373413,0.1979692429304123,1,0.5739849227083011,0.5845295617989178,59,control
2191,678.0,3247.0,679.0000169599774,3245.6802779053005,0.12071087211370468,1,1.241878890543863,1.3420831502975135,59,check
2192,748.0,3230.0,749.9399951306602,3228.239913653576,0.11722605675458908,1,2.1703920773070697,3.837926844312801,59,control
2193,695.0,3220.0,693.249911938439,3220.610084568108,0.14382342994213104,1,2.309480892794933,1.1219992630564541,59,control
2194,780.0,3298.0,779.2298596384962,3293.679916982055,0.168880432844162,0,4.253464622231158,5.564789312297221,59,check
2195,731.0,3303.0,727.0,3299.0,0.11907625943422318,0,5.791945415028298,,59,control
2196,668.0,3271.0,668.9599795856351,3270.1599698030004,0.12229844182729721,1,0.8264911141315213,0.7411012993337759,59,control
2197,794.0,3301.0,793.0,3300.0,0.31117939949035645,1,1.5961223655045298,,59,control
2198,750.0,3184.0,750.7599924670787,3183.060007630894,0.2589683532714844,1,0.7950725936431328,0.5475431103998449,59,control
2199,798.0,3317.0,792.0,3319.0,0.20228211581707,0,6.775134263050348,,59,control
2200,410.0,3435.0,409.0,3435.0,0.1848110556602478,1,1.4166032567599771,,61,control
2201,383.0,3425.0,382.1999140894214,3421.859842220387,0.1964598000049591,1,3.136977857222372,0.9298047333028442,61,control
2202,255.0,3506.0,255.0,3506.0,0.19541975855827332,1,0.4641676302946025,,61,check
2203,384.0,3377.0,384.7400125200752,3376.3399588858965,0.13071309030056,1,0.5417418707453373,0.2881283053520178,61,check
2204,373.0,3450.0,372.5999838387543,3449.9400067946144,0.14857622981071472,1,0.816206426377204,0.18759206891349287,61,control
2205,275.0,3451.0,275.36998952377263,3450.570035302727,0.17999212443828583,1,0.1886978232810031,0.39151687151419245,61,control
2206,240.0,3469.0,239.1600086283245,3469.1200008362794,0.12324591726064682,1,1.2884352251365316,0.23182868936387707,61,control
2207,425.0,3496.0,424.7399966854045,3495.2800162265607,0.11308538913726807,1,0.8119713932591115,0.5666924771872567,61,control
2208,265.0,3343.0,265.0,3343.0,0.23749275505542755,1,0.4670927435759521,,61,control
2209,251.0,3462.0,246.77009618338514,3462.3600104545585,0.15865573287010193,0,4.665228065448897,1.044905406149766,61,control
2210,393.0,3349.0,394.1499509500965,3348.219990281612,0.17684713006019592,1,0.9255897426180641,0.6148765358613271,61,control
2211,385.0,3338.0,388.0,3339.0,0.10753370821475983,1,2.8818185252599013,,61,control
2212,292.0,3440.0,290.39008944126994,3440.399864354469,0.1701195389032364,1,2.106751514058455,0.6750583259494642,61,control
2213,312.0,3428.0,312.5799950444355,3427.4700268671436,0.2103210836648941,1,0.34126650332158065,0.2966022308536523,61,control
2214,431.0,3426.0,429.5599211045443,3428.150157134698,0.3376350402832031,0,3.013543412845571,1.1725791591411274,61,control
2215,321.0,3333.0,319.2699831167763,3333.450033114056,0.14103710651397705,1,2.2385095689177574,0.6965496805686049,61,check
2216,286.0,3387.0,285.0,3387.0,0.18019390106201172,1,1.418683022446989,,61,control
2217,299.0,3532.0,298.8700123174133,3531.7600310670045,0.21550671756267548,1,0.5241928067962941,0.29730979844679245,61,control
2218,381.0,3475.0,379.2399537745205,3474.8400707687415,0.1377129852771759,1,2.15685403420945,0.7232289799715651,61,check
2219,347.0,3457.0,347.2800422041668,3457.7699626338926,0.17798443138599396,1,1.0179454553578307,0.5223448017738884,61,control
2220,307.0,3392.0,305.0,3395.0,0.12665419280529022,0,4.032345003306394,,61,control
2221,382.0,3357.0,381.18012714036036,3357.0600271287126,0.10426808893680573,1,1.2544878859800246,1.229139194910686,61,control
2222,383.0,3501.0,382.63996097659475,3500.8599659091137,0.2311713546514511,1,0.7613684704296821,0.25674926259953496,61,control
2223,329.0,3533.0,328.8399909208784,3532.859998423278,0.21835967898368835,1,0.5633992999925924,0.4170210267256992,61,control
2224,394.0,3468.0,394.55997244033205,3467.499991406469,0.2449699193239212,1,0.3074863107065654,0.4471883766242951,61,check
2225,369.0,3514.0,369.3199899266515,3513.6700401319335,0.2394113838672638,1,0.11593675759408124,0.4399287930158296,61,control
2226,232.0,3499.0,226.0,3502.0,0.10236087441444397,0,7.171133209080219,,61,check
2227,295.0,3486.0,294.6300190413728,3485.8099787656847,0.2078288495540619,1,0.7671298384368067,0.43003125528230424,61,control
2228,402.0,3335.0,403.3000865033037,3334.0599503796584,0.16444219648838043,1,1.1416120064828472,0.7074121800712362,61,check
2229,313.0,3466.0,312.8799703127045,3465.8799612399907,0.1523846983909607,1,0.5300635865034626,0.39132685534120815,61,control
2230,333.0,3383.0,333.8400329017826,3382.0799840282916,0.12948237359523773,1,0.8100090411384033,0.4642533382462168,61,check
2231,408.0,3497.0,409.54994772706567,3496.4199516479607,0.10095532238483429,1,1.2042937423615314,0.9512553836523023,61,check
2232,289.0,3325.0,291.0,3325.0,0.10097136348485947,1,1.6189597214877443,,61,control
2233,428.0,3355.0,428.32999717237215,3354.6898845008573,0.21405766904354095,1,0.09841166215202625,0.593716958727269,61,control
2234,398.0,3390.0,397.54001841416334,3389.929985236928,0.17732304334640503,1,0.8739556184302798,0.5118967918773486,61,control
2235,290.0,3362.0,287.04002114733174,3362.229948051505,0.162726491689682,0,3.3914242053912,0.9449882812752385,61,check
2236,420.0,3398.0,420.5200003180312,3397.1599571806805,0.14986637234687805,1,0.6131273624354631,0.5596422689230098,61,control
2237,228.0,3426.0,228.03002951088322,3426.2600459716955,0.232175812125206,1,0.6236369541946826,0.17158899225584875,61,control
2238,269.0,3514.0,266.4800354084844,3514.139934801976,0.10801416635513306,0,2.9398277797137107,0.7071892183702013,61,control
2239,347.0,3510.0,347.3900649846826,3509.599990882881,0.19117216765880585,1,0.15851248848569466,0.1576962942714084,61,control
2240,332.0,3442.0,332.0,3443.0,0.18716470897197723,1,1.3033870484734549,,61,control
2241,337.0,3366.0,337.0,3370.0,0.10716298222541809,0,4.259944510336568,,61,control
2242,247.0,3377.0,243.4299445800296,3372.120039830231,0.1503855139017105,0,6.102753816289743,0.37708801964404387,61,control
2243,260.0,3376.0,260.0,3383.0,0.13926264643669128,0,7.254160982087904,,61,control
2244,273.0,3371.0,272.23001279766396,3371.1900018500387,0.24486322700977325,1,1.2458279315577403,0.27096783313714445,61,control
2245,430.0,3441.0,433.0,3440.0,0.2852134704589844,1,2.712903751655143,,61,control
2246,348.0,3468.0,353.0,3468.0,0.15662899613380432,0,4.610759128505155,,61,control
2247,278.0,3426.0,276.30998008969044,3427.250024808035,0.21973612904548645,1,2.565941049019501,0.9554723506524847,61,control
2248,347.0,3532.0,346.84005025747206,3531.850012535336,0.22298648953437805,1,0.5615049106615917,0.468901484252666,61,control
2249,225.0,3339.0,224.42993787484383,3339.179945467431,0.19271360337734222,1,1.0578677481305165,0.7465073998185264,61,control
2250,473.0,3400.0,473.4100817851946,3399.669933461641,0.1178516373038292,1,0.09293224626236875,0.6071898060739325,62,control
2251,478.0,3358.0,475.74008718377127,3358.009998173007,0.13511741161346436,1,2.6692467227921024,0.7654904047108574,62,control
2252,490.0,3420.0,489.7800327090415,3420.169988712675,0.11792575567960739,1,0.7388936776994152,0.7427612665610298,62,control
2253,537.0,3361.0,536.1601410508243,3360.710051643898,0.19230131804943085,1,1.238531880782069,0.506314211926384,62,control
2254,514.0,3349.0,514.7400375393158,3348.4499999804675,0.19080333411693573,1,0.46378593012369834,0.8457025569322354,62,control
2255,501.0,3386.0,495.3400874198496,3387.3201152499396,0.1530647575855255,0,6.254002661932522,0.8602366868098212,62,control
2256,502.0,3361.0,500.10002353728726,3360.880030325494,0.23604226112365723,1,2.300611631680401,0.6303719760531477,62,control
2257,496.0,3331.0,493.63000816547054,3331.9700442512185,0.21239982545375824,0,3.0202042954244535,0.6131028113603232,62,control
2258,513.0,3423.0,513.9199377016355,3423.0099876911304,0.1541762501001358,1,0.5792459635699407,0.46767463720765595,62,check
2259,467.0,3328.0,467.45004534235,3327.6299536190177,0.19476452469825745,1,0.1417477676464713,0.8756058074269967,62,check
2260,485.0,3431.0,487.4200121683186,3430.84998497994,0.13672411441802979,1,2.025937640128014,1.5821396937994119,62,control
2261,503.0,3349.0,505.0,3348.0,0.19034551084041595,1,1.774420844973222,,62,control
2262,544.0,3350.0,544.3600855122808,3350.560027100327,0.14829294383525848,1,0.7970981943798678,0.6682747321848157,62,control
2263,581.0,3432.0,724.0,3450.0,0.11002077162265778,0,143.76611046078366,,62,control
2264,457.0,3355.0,457.15996185727926,3354.3300907127764,0.16483266651630402,1,0.49285718532430123,0.7965712046812751,62,control
2265,526.0,3328.0,525.7800083092253,3327.7300319849273,0.17622074484825134,1,0.6192515754715894,0.49451000927374034,62,check
2266,554.0,3369.0,554.8800028268689,3368.679931295707,0.1373036950826645,1,0.49001628215840026,0.7624144008565911,62,control
2267,446.0,3419.0,446.11007107257984,3418.3300242202,0.13476507365703583,1,0.5175873590701342,0.6738286817966238,62,check
2268,463.0,3471.0,783.0,3660.0,0.10960142314434052,0,371.4290446363171,,62,control
2269,466.0,3390.0,462.0,3392.0,0.16926690936088562,0,4.933958565703991,,62,control
2270,521.0,3387.0,522.0300029138526,3386.080002285575,0.19383181631565094,1,0.9313667426813672,0.4052131973786457,62,control
2271,567.0,3533.0,566.3699782538445,3533.070016791659,0.1397746354341507,1,1.0680902918294972,1.352852541476856,62,control
2272,449.0,3329.0,449.1900100211583,3328.4899172741457,0.11457592993974686,1,0.342512134548636,0.5950770553462287,62,control
2273,445.0,3430.0,445.1099923517096,3429.4799782691052,0.24817703664302826,1,0.40116295317747375,0.6224289193659446,62,control
2274,526.0,3524.0,525.0,3524.0,0.10163138806819916,1,1.4136277803011008,,62,check
2275,477.0,3416.0,475.0,3418.0,0.1095370501279831,0,3.278963823988793,,62,control
2276,498.0,3431.0,498.8200483900365,3429.800011135026,0.1561671942472458,1,1.0517040906784532,0.6196626339217777,62,control
2277,523.0,3395.0,524.0600356370869,3393.8399701842104,0.18509843945503235,1,1.1367671106887856,0.7335732154138471,62,check
2278,545.0,3334.0,543.0,3339.0,0.13136634230613708,0,5.75916755793737,,62,control
2279,569.0,3326.0,571.0,3324.0,0.10721921920776367,1,2.3831020672085192,,62,control
2280,459.0,3367.0,459.0,3367.0,0.18899334967136383,1,0.46359009529867845,,62,check
2281,456.0,3499.0,448.0,3527.0,0.10613840818405151,0,29.460246258576223,,62,control
2282,446.0,3385.0,463.5398855976376,3464.6798504327076,0.11365308612585068,0,81.73672324754541,1.5254241907149595,62,control
2283,452.0,3378.0,451.7700672755977,3377.720046322384,0.16117148101329803,1,0.6287029929538127,0.5990463171203941,62,control
2284,486.0,3377.0,485.7700436087484,3376.6700074491414,0.19303938746452332,1,0.634016806463662,0.4483185132270549,62,control
2285,632.0,3540.0,633.0,3544.0,0.11011847108602524,0,4.278041487097522,,62,control
2286,492.0,3399.0,492.09011614481693,3398.7200165697736,0.1806114763021469,1,0.30954203278380127,2.3280618999344114,62,control
2287,653.0,3508.0,651.3999505134922,3508.7899687271297,0.10445910692214966,1,2.2412023441279945,0.7837570968275371,62,control
2288,663.0,3419.0,663.0600010943353,3417.9499967965016,0.13689328730106354,1,0.8827793485516117,0.5253950875670393,62,control
2289,472.0,3441.0,470.6001061183187,3441.0800409422723,0.11179345846176147,1,1.8236857181785782,0.765485580175047,62,check
2290,557.0,3334.0,557.0,3334.0,0.17823509871959686,1,0.4626935818125118,,62,control
2291,559.0,3384.0,558.0,3384.0,0.13711538910865784,1,1.4166592587324554,,62,control
2292,823.0,3494.0,821.9400359278004,3494.0499806636417,0.23886898159980774,1,1.4799079884026758,0.28144953671076084,63,check
2293,806.0,3384.0,805.599993305494,3383.3600223439116,0.23329439759254456,1,0.8954084783828025,1.0985174981266073,63,control
2294,733.0,3425.0,734.5100787254512,3424.369920101015,0.14095816016197205,1,1.1838365494694292,0.9976529836070076,63,control
2295,671.0,3402.0,669.4000714974364,3402.2299173973,0.1287156343460083,1,2.049001208844488,0.5085688524335672,63,control
2296,770.0,3440.0,767.2300830669311,3441.379867220404,0.11700904369354248,0,3.5510582954877914,1.0690150364421436,63,control
2297,785.0,3376.0,784.5900503000504,3375.6199500932166,0.16222597658634186,1,0.8199758447406583,0.31280466002565094,63,control
2298,796.0,3365.0,796.0600184500248,3364.720025303546,0.20113718509674072,1,0.34014036241235246,0.35880929292361313,63,control
2299,745.0,3382.0,744.0,3381.0,0.17853233218193054,1,1.5938283987501105,,63,control
2300,728.0,3328.0,727.740048358447,3326.9300177510927,0.12811683118343353,1,1.06549836449176,0.33602553507506955,63,control
2301,787.0,3492.0,791.0,3492.0,0.10001152753829956,0,3.6139753661114016,,63,control
2302,813.0,3457.0,812.8400798982263,3456.8798945220155,0.1531621366739273,1,0.5648876294995172,0.5042166865808789,63,control
2303,802.0,3459.0,801.7400787872532,3458.2800677309756,0.10601349174976349,1,0.8170650021077683,0.36205232167303536,63,control
2304,806.0,3467.0,804.6300163365901,3466.6899743230283,0.17557741701602936,1,1.7657490034332184,0.44115044958589145,63,control
2305,734.0,3529.0,733.2600015114069,3529.6399808116685,0.1301446259021759,1,1.429580167158313,0.505164884585329,63,check
2306,781.0,3343.0,779.0,3344.0,0.1897345334291458,1,2.6944025388089,,63,check
2307,728.0,3448.0,724.0,3450.0,0.11082908511161804,0,4.929052819638776,,63,control
2308,765.0,3487.0,761.2799993216684,3488.5099755479937,0.14943593740463257,0,4.466982979115659,0.6799902285662971,63,control
2309,757.0,3361.0,756.0,3363.0,0.16300144791603088,1,2.6321702685180943,,63,control
2310,802.0,3339.0,798.0,3339.0,0.18026027083396912,0,4.403110331533853,,63,control
2311,699.0,3476.0,696.0,3478.0,0.2352026104927063,0,4.062731802113384,,63,control
2312,834.0,3387.0,832.0,3387.0,0.12488682568073273,1,2.406755497223898,,63,check
2313,831.0,3447.0,828.6998940556485,3447.7201010374642,0.2182353138923645,0,2.8569128835600544,1.0444361254528478,63,control
2314,809.0,3508.0,812.8800959732473,3508.1700009409687,0.13406457006931305,0,3.510064373081495,1.5674484125325856,63,control
2315,685.0,3428.0,687.0,3425.0,0.17536625266075134,0,3.1986227904957723,,63,check
2316,715.0,3430.0,713.0,3431.0,0.1803416907787323,1,2.693605494544325,,63,control
2317,743.0,3352.0,743.8197783608699,3351.3899010046975,0.10619348287582397,1,0.5676452924040578,1.207209025961877,63,control
2318,768.0,3333.0,771.0,3333.0,0.1375599205493927,1,2.6128494583154502,,63,control
2319,676.0,3536.0,676.7799604128734,3535.31978661546,0.12616883218288422,1,0.5910852754672239,0.6933753769980828,63,control
2320,753.0,3429.0,748.9599564814392,3429.42009855274,0.2695269286632538,0,4.482722208689092,0.5793088926711519,63,control
2321,758.0,3383.0,752.2198827097255,3383.719955710475,0.27805396914482117,0,6.249107643364784,1.3744366181847165,63,check
2322,820.0,3384.0,821.0,3384.0,0.18272081017494202,1,0.6462243738797291,,63,control
2323,698.0,3394.0,695.6001115278842,3393.3200498275846,0.1525982767343521,1,2.8315872854792974,1.6194253107419074,63,check
2324,805.0,3429.0,806.4800210948325,3428.7900779903484,0.16628406941890717,1,1.0853277521152744,0.5881022231641285,63,control
2325,837.0,3340.0,836.810024803763,3339.769973227625,0.1171606034040451,1,0.5869190848984739,0.3462058228342336,63,check
2326,808.0,3362.0,803.7597781681288,3361.479905689081,0.11455579847097397,0,4.645826883669943,1.5039081811063835,63,control
2327,699.0,3535.0,702.0,3535.0,0.18870705366134644,1,2.617724636383024,,63,control
2328,692.0,3437.0,694.0,3432.0,0.10755952447652817,0,5.030042392703409,,63,control
2329,674.0,3508.0,672.2600419145213,3508.7899638251324,0.10142596065998077,1,2.366223838231332,0.6186549628046709,63,check
2330,802.0,3515.0,798.5799077584198,3513.2399668476373,0.17839869856834412,0,4.108258542615579,2.6026105543481624,63,control
2331,763.0,3532.0,762.3700428313763,3531.6499561626492,0.1295737475156784,1,1.0293339603348552,0.8909216738300805,63,control
2332,807.0,3325.0,808.1599639426375,3323.7800107886096,0.2239968329668045,1,1.2498890886934386,0.9283685071705451,63,control
2333,805.0,3494.0,802.0,3494.0,0.1870088428258896,0,3.4011191858015986,,63,control
2334,833.0,3505.0,831.1000560514517,3504.68000038121,0.15277354419231415,1,2.2946597641141464,0.39874463611269817,63,control
2335,729.0,3469.0,728.8102088425342,3463.650108815935,0.12496883422136307,0,5.151026673112957,1.1201000054657089,63,control
2336,778.0,3467.0,778.9400372801919,3466.1099828849697,0.11126983165740967,1,0.8558915385264634,0.4631328568658758,63,control
2337,871.0,3403.0,864.0,3630.0,0.14919452369213104,0,227.349519874298,,63,control
2338,744.0,3517.0,743.4499911331521,3517.51003127821,0.10627086460590363,1,1.1998574857472208,0.5809476179433418,63,control
2339,345.0,3570.0,344.3199739233534,3569.960013846217,0.19407010078430176,1,1.0919491900551581,0.16109057615069428,65,control
2340,237.0,3621.0,235.24989666810782,3621.2899761368967,0.18059785664081573,1,2.2080584205061915,0.6715439136424285,65,control
2341,241.0,3588.0,241.32005715219495,3587.010067201739,0.20610269904136658,1,0.7490709114293288,0.631440297694504,65,control
2342,270.0,3545.0,269.1600572025583,3544.9899139215527,0.18724331259727478,1,1.2558251070556543,0.19630431395482253,65,control
2343,269.0,3607.0,269.0799681368496,3607.7401076950405,0.12464688718318939,1,1.0323607130363537,0.7787330209260124,65,check
2344,360.0,3625.0,360.0,3625.0,0.21921542286872864,1,0.4602546025149963,,65,check
2345,241.0,3676.0,240.170062925574,3675.870005837626,0.16858041286468506,1,1.226213843419332,0.2741748131818536,65,control
2346,381.0,3597.0,381.7300308579347,3596.169989839668,0.18794550001621246,1,0.6789226463500923,0.5069142973186589,65,check
2347,297.0,3606.0,297.1800210894926,3605.6400196369927,0.2553635537624359,1,0.24240213432457397,0.2924343929650892,65,control
2348,323.0,3575.0,321.29997357862277,3575.049764898758,0.17880843579769135,1,2.1133839186804573,0.8577760858190906,65,control
2349,229.0,3638.0,224.08999341445536,3639.559981681673,0.18177543580532074,0,5.600681651690418,1.0195443397741635,65,control
2350,317.0,3568.0,315.8201781077536,3568.270057499989,0.13063155114650726,1,1.6544785682602527,0.7936817653902517,65,control
2351,224.0,3620.0,220.89000781691783,3620.170105357275,0.2358730435371399,0,3.526832825036792,1.7287117111188628,65,check
2352,313.0,3613.0,314.9500277328764,3612.6699663698314,0.18896864354610443,1,1.560307155997141,0.4337896427146945,65,control
2353,330.0,3628.0,328.6599403041738,3627.9099302872874,0.2016456574201584,1,1.7384942116963966,0.6764991412194985,65,control
2354,254.0,3555.0,251.3999837038524,3555.61993989351,0.14458097517490387,0,3.1159852455686377,0.3728706362546631,65,control
2355,228.0,3580.0,226.92999335127632,3580.8199949138057,0.19577930867671967,1,1.8096527476336088,0.3043711477316431,65,control
2356,305.0,3560.0,304.54004208101264,3559.9800241101707,0.20698730647563934,1,0.8820519317644304,0.3681215601545216,65,control
2357,272.0,3646.0,269.870127158825,3646.5700529973574,0.13091298937797546,1,2.6495127417828392,0.711157264216388,65,control
2358,299.0,3578.0,298.4300177227069,3578.0799932696327,0.22879888117313385,1,1.0157722089777135,0.23709036042160092,65,control
2359,285.0,3568.0,286.0,3565.0,0.1959911733865738,1,2.822684995362578,,65,control
2360,411.0,3597.0,407.0,3598.0,0.11452189832925797,0,4.563989423569879,,65,control
2361,240.0,3542.0,239.61006946640427,3542.0800632567298,0.12242494523525238,1,0.8485356651848098,0.3602646696053184,65,control
2362,230.0,3565.0,228.31996851378787,3565.7200049609046,0.13734544813632965,1,2.2870585193386117,0.422974073885386,65,control
2363,402.0,3596.0,398.0,3598.0,0.11832769215106964,0,4.930731958581951,,65,control
2364,305.0,3548.0,304.7500745376471,3547.7898932186104,0.17561858892440796,1,0.6445370819770477,1.2635234483280022,65,check
2365,281.0,3579.0,280.8300289251842,3578.9199783301483,0.2334706336259842,1,0.5863155376923866,0.2777278982783985,65,control
2366,315.0,3551.0,315.8599251119733,3550.5499720133394,0.26627010107040405,1,0.5103566891915818,1.1841396005961353,65,control
2367,292.0,3618.0,290.8700493963202,3618.119925270989,0.1461014300584793,1,1.5648166106313053,0.42274358007636026,65,check
2368,346.0,3591.0,347.7001491534249,3589.5399365944845,0.16300012171268463,1,1.787098278111886,1.4794783373574902,65,check
2369,342.0,3601.0,341.2399375458238,3601.1200441128035,0.15587860345840454,1,1.2079590486154312,0.8120996297865452,65,control
2370,332.0,3583.0,330.8699485296195,3582.9299262943605,0.2647729218006134,1,1.5325846844586464,0.9924156177678594,65,control
2371,335.0,3562.0,334.93995962954324,3561.950022041141,0.2338028997182846,1,0.4923801013889012,0.2186031755925281,65,control
2372,336.0,3546.0,337.0,3549.0,0.17044609785079956,0,3.2981740008642686,,65,control
2373,357.0,3608.0,364.88017142668144,3603.589874826425,0.1449543684720993,0,8.570138747545764,1.4591574580864468,65,control
2374,503.0,3726.0,502.869981888607,3726.409981087121,0.11651041358709335,1,0.8304651182269869,0.6963471597801845,66,check
2375,656.0,3701.0,655.7799936583186,3701.080007920539,0.17206962406635284,1,0.6853307964865856,0.10869526791573449,66,control
2376,586.0,3636.0,586.380015420803,3636.0599936561825,0.10769249498844147,1,0.2963684853966851,0.8489273767478179,66,control
2377,622.0,3744.0,620.5400107506122,3744.5899726494017,0.19234442710876465,1,2.0239315028601252,0.6772795415981862,66,control
2378,466.0,3747.0,464.48004459305434,3748.1900332372106,0.12103483080863953,1,2.3843786269830094,0.7443478195345492,66,control
2379,607.0,3727.0,606.7400280725761,3727.0299844311703,0.21166802942752838,1,0.7007448472382548,0.3096195672022362,66,check
2380,570.0,3611.0,569.850059643636,3611.250027118792,0.14691059291362762,1,0.7277558984651542,0.26793202307842745,66,control
2381,460.0,3710.0,454.45993126518556,3712.4800154598684,0.10071607679128647,0,6.523288343628617,1.3996616550252239,66,control
2382,629.0,3699.0,630.3199962945824,3698.309967241972,0.22411693632602692,1,1.0361539627165213,0.5099273042860145,66,check
2383,650.0,3585.0,652.1800050861945,3583.929993351276,0.1680336594581604,1,1.973945711657112,0.6427446347258179,66,control
2384,630.0,3658.0,630.0,3658.0,0.13882257044315338,1,0.45536764664777807,,66,control
2385,495.0,3697.0,491.2598635090281,3698.7301708872146,0.1231158897280693,0,4.574920614283053,2.073293086623269,66,control
2386,619.0,3705.0,619.0700396136853,3704.9999758823537,0.25105708837509155,1,0.3963984423229591,0.10399697054816746,66,control
2387,635.0,3671.0,634.7299909056176,3671.0400075666466,0.14122909307479858,1,0.7146823182139274,0.3655846184021639,66,check
2388,657.0,3690.0,656.6000251434629,3690.129991288964,0.14676602184772491,1,0.8692102499448241,0.15660058503075075,66,control
2389,602.0,3690.0,601.480024081785,3690.279999547067,0.17350515723228455,1,1.0454377334473055,0.37990304199678815,66,control
2390,645.0,3725.0,645.4800482562026,3724.7099559045932,0.17295566201210022,1,0.10701223437593307,0.6666942614041759,66,control
2391,586.0,3659.0,584.5299722880334,3659.899910307391,0.13331784307956696,1,2.1796485885616392,2.2575576794615846,66,check
2392,630.0,3713.0,631.0,3712.0,0.18876740336418152,1,0.9790124144720753,,66,control
2393,601.0,3594.0,601.0,3594.0,0.10898828506469727,1,0.457040790493064,,66,control
2394,599.0,3744.0,599.0,3740.0,0.11901918798685074,0,3.7836981008064203,,66,check
2395,534.0,3719.0,534.5500264479359,3718.2699975990554,0.149485781788826,1,0.5179875915142285,0.8212240436500696,66,control
2396,538.0,3657.0,538.0,3658.0,0.11728475242853165,1,1.2975240235472572,,66,control
2397,493.0,3719.0,495.0,3715.0,0.10708043724298477,0,4.091777256602011,,66,control
2398,615.0,3756.0,615.2500465030683,3756.0099721954007,0.129154771566391,1,0.28173854725237163,0.517038995845145,66,control
2399,634.0,3607.0,633.590004655998,3606.8800418208207,0.12151744216680527,1,0.8093609637022315,0.4671579733229159,66,control
2400,660.0,3559.0,661.5702328086408,3566.7502515339775,0.12181644141674042,0,8.070813433457838,0.8690161648154646,66,control
2401,591.0,3714.0,590.9900012075686,3714.070002816948,0.24598537385463715,1,0.5028044480370158,0.23052307888201462,66,check
2402,586.0,3741.0,585.3100523307735,3741.169976766551,0.11988870799541473,1,1.1521232387633331,0.5614628803944848,66,control
2403,590.0,3726.0,590.1300398064263,3725.9099711979698,0.2631502151489258,1,0.2969598668251375,0.30883709235101015,66,control
2404,589.0,3675.0,587.0,3677.0,0.102672278881073,0,3.2728241167258885,,66,check
2405,542.0,3702.0,543.0,3701.0,0.1246948093175888,1,0.9770011747997884,,66,control
2406,599.0,3704.0,600.4899211059213,3703.9799962726047,0.16708125174045563,1,1.1220161918657376,1.0483721871491143,66,control
2407,544.0,3726.0,546.4100316899421,3725.089934528659,0.1357921063899994,1,2.130399745503885,0.590196407575408,66,control
2408,612.0,3690.0,612.3500676177425,3690.1399151923006,0.16096699237823486,1,0.37769466781815064,0.6026607040738986,66,control
2409,660.0,3619.0,658.5999845149499,3618.9700079052786,0.12897989153862,1,1.802412478311083,0.7475165136372723,66,control
2410,640.0,3755.0,641.0,3754.0,0.1521323323249817,1,0.9797475228611298,,66,control
2411,607.0,3760.0,606.0,3758.0,0.11619117110967636,1,2.24422219216144,,66,control
2412,663.0,3726.0,663.2600988285019,3726.0298906085964,0.10121279954910278,1,0.2938855209515531,0.4158596833068219,66,control
2413,515.0,3702.0,516.0,3708.0,0.13833260536193848,0,6.268001351970267,,66,control
2414,714.0,3680.0,714.0,3680.0,0.13298964500427246,1,0.4536329136615599,,67,control
2415,672.0,3742.0,671.9999384094207,3741.9099821857285,0.16612228751182556,1,0.4138203585723514,0.22903905972127597,67,control
2416,695.0,3662.0,695.1000621939842,3662.3099271210276,0.13745899498462677,1,0.6158524270478603,0.5044344243684681,67,control
2417,707.0,3583.0,704.0,3582.0,0.11733058840036392,0,3.47713309708385,,67,check
2418,734.0,3735.0,705.0,3863.0,0.11008735746145248,0,131.55776085861473,,67,control
2419,830.0,3556.0,827.7399831047195,3557.3200772694386,0.14978158473968506,0,3.0715159030719197,1.1259081081996,67,control
2420,678.0,3687.0,678.0100574528294,3686.8900101844456,0.16668018698692322,1,0.3988029547390072,0.46983745445598485,67,control
2421,761.0,3578.0,762.0,3577.0,0.10793688148260117,1,0.9801368886631823,,67,control
2422,686.0,3727.0,687.8700768949451,3726.3399704379945,0.19757607579231262,1,1.542038164535095,1.131044546741678,67,check
2423,757.0,3544.0,755.060010561075,3544.370012345799,0.17095620930194855,1,2.408614829261272,0.46370969475353196,67,control
2424,741.0,3716.0,751.0,3759.0,0.1048780232667923,0,44.28846386338662,,67,control
2425,696.0,3736.0,695.0,3737.0,0.1269858479499817,1,1.8569841206913282,,67,control
2426,746.0,3543.0,745.2399863454561,3542.9999575682987,0.20407429337501526,1,1.17543705583598,0.5073694189437842,67,control
2427,691.0,3621.0,688.6699767381655,3622.509989297306,0.10538838803768158,0,3.2313957684051444,0.7257112707698409,67,check
2428,816.0,3551.0,814.8801216119125,3555.9501264023625,0.10700658708810806,0,5.396485157936017,0.9034662913246849,67,control
2429,800.0,3545.0,803.3001106777212,3543.4899067371844,0.14954693615436554,1,3.1770698982710006,1.2602322974462588,67,control
2430,706.0,3716.0,704.8000167132193,3716.070044121657,0.15555500984191895,1,1.6169834656412663,0.6853868258815125,67,check
2431,717.0,3707.0,720.0,3708.0,0.10433145612478256,1,2.888131634471493,,67,control
2432,736.0,3576.0,739.0,3574.0,0.1050841361284256,0,3.15100539613067,,67,check
2433,791.0,3554.0,793.3400297745883,3553.1199372171127,0.10763411223888397,1,2.053466985705161,1.029536362478875,67,check
2434,784.0,3563.0,782.0,3565.0,0.15585754811763763,0,3.2707835327580503,,67,control
2435,687.0,3548.0,687.0,3547.0,0.1764020323753357,1,0.8611969477890886,,67,control
2436,700.0,3691.0,693.2998524811362,3688.889982740906,0.1127186045050621,0,7.333178546751705,3.897732690263429,67,control
2437,675.0,3586.0,674.8300420550721,3585.8599165468277,0.15782640874385834,1,0.5692554149278014,0.38318705624438065,67,control
2438,776.0,3560.0,775.0,3560.0,0.10167761892080307,1,1.41088271682658,,67,control
2439,666.0,3587.0,665.7500473762769,3586.870015304366,0.12477432191371918,1,0.6498728476456926,0.33595494079248217,67,control
2440,689.0,3708.0,691.8900343020922,3707.0599821608557,0.1710677146911621,1,2.5992890941069273,1.103984805940091,67,control
2441,688.0,3672.0,688.0,3672.0,0.18035781383514404,1,0.45419217536136997,,67,control
2442,721.0,3584.0,717.0,3584.0,0.11387938261032104,0,4.397582781769145,,67,control
2443,672.0,3704.0,678.0,3701.0,0.10505151748657227,0,6.255909746329392,,67,control
2444,392.0,3901.0,391.39002125736107,3901.6599190599377,0.14055876433849335,1,1.3427357880261819,0.3624440354340681,69,control
2445,403.0,3849.0,403.38997583870724,3848.930011157763,0.11353477835655212,1,0.17147240142610476,0.6064635094616955,69,control
2446,317.0,3951.0,314.65999918828425,3951.4502770537606,0.17641596496105194,0,2.8109770252808572,1.7482958776609725,69,control
2447,270.0,3978.0,266.4200172957144,3979.7200767511904,0.25046199560165405,0,4.4238798097553955,1.3241188163255035,69,control
2448,371.0,3866.0,365.0,3863.0,0.1030990332365036,0,6.955843680396255,,69,check
2449,417.0,3961.0,417.60001477512884,3960.669974258781,0.14039498567581177,1,0.2341043971271587,0.3924894344137421,69,control
2450,294.0,3961.0,288.819866999277,3960.6799632455322,0.14340278506278992,0,5.564412663291955,1.6438736502705973,69,control
2451,308.0,3947.0,304.0,3948.0,0.1355801373720169,0,4.557158144907865,,69,control
2452,313.0,3971.0,313.0,3971.0,0.15827676653862,1,0.45451584690236024,,69,control
2453,351.0,3956.0,349.2400729552761,3957.2000164771407,0.1052054762840271,1,2.5840913687027744,0.5783792657858658,69,control
2454,375.0,3975.0,376.6399344914203,3973.970089105533,0.1227625161409378,1,1.4830870217936256,0.7732675597001786,69,control
2455,376.0,3942.0,376.69996285898196,3941.130130698819,0.10215964913368225,1,0.7025629007635733,0.3787845349530503,69,control
2456,344.0,3912.0,341.3999551900909,3912.6400597579373,0.10732048749923706,0,3.1127290716382054,0.7026563900861523,69,control
2457,341.0,3882.0,339.0,3882.0,0.15665534138679504,1,2.397862882232707,,69,check
2458,407.0,3894.0,407.36001039778756,3893.869987072774,0.15780188143253326,1,0.11422973240562358,0.3145465017044562,69,control
2459,423.0,3891.0,423.0,3890.0,0.1727442890405655,1,0.8509887413931586,,69,control
2460,389.0,3974.0,391.06000785629226,3973.2500079031424,0.13768228888511658,1,1.752121492107156,0.7939445332591514,69,check
2461,363.0,3948.0,364.2398479490513,3947.430063647243,0.10184656083583832,1,0.9164331455623606,0.9742260103535354,69,control
2462,402.0,3863.0,513.0,4031.0,0.15196184813976288,0,201.34796822523333,,69,control
2463,443.0,3949.0,442.16998031615697,3949.4900368489275,0.15911319851875305,1,1.416606546327218,0.3778918326451396,69,control
2464,343.0,3859.0,342.31997865672326,3859.1700216208656,0.10829523950815201,1,1.1432645320907417,1.3969786796291246,69,control
2465,353.0,3926.0,353.95004875171406,3924.9599175442586,0.135614275932312,1,0.977474650669392,0.7874196802481114,69,check
2466,361.0,3961.0,362.0,3960.0,0.15020380914211273,1,0.976399823306684,,69,control
2467,403.0,3882.0,400.0,3882.0,0.11271552741527557,0,3.393899115740067,,69,control
2468,425.0,3881.0,425.33997714318036,3880.070017467855,0.13419196009635925,1,0.6904742061313002,0.7919070464508282,69,control
2469,332.0,3925.0,332.9301701222083,3924.449868516333,0.1038757860660553,1,0.6259729087958278,0.7760595533499628,69,control
2470,345.0,3971.0,346.0,3971.0,0.15068577229976654,1,0.6629327528246527,,69,control
2471,427.0,3946.0,427.0,3944.0,0.19509755074977875,1,1.8001787592784113,,69,check
2472,399.0,3932.0,399.4699453847193,3931.0900378179726,0.1376463770866394,1,0.673646677929021,0.72200772048748,69,control
2473,301.0,3945.0,298.9300775952545,3945.6298832378943,0.10500585287809372,1,2.6050803260454387,1.024943552764452,69,check
2474,443.0,3962.0,441.0,3962.0,0.1358446180820465,1,2.3953330641676915,,69,control
2475,435.0,3976.0,432.0,3977.0,0.15888537466526031,0,3.6033640386248647,,69,control
2476,421.0,3921.0,422.0,3921.0,0.17203320562839508,1,0.6613079710761404,,69,control
2477,386.0,3861.0,385.0,3862.0,0.23378533124923706,1,1.8608790846689942,,69,control
2478,367.0,3917.0,367.7500477152179,3916.599849162269,0.14125455915927887,1,0.3980273696409467,3.7413360227340746,69,control
2479,408.0,3906.0,408.7900436729954,3905.64000588768,0.11978881806135178,1,0.42233137417220884,0.6510637069500864,69,check
2480,547.0,3930.0,546.2300266037475,3930.1599411773823,0.13001637160778046,1,1.220341804380357,0.3415649123302623,70,control
2481,480.0,3766.0,479.0,3767.0,0.18972139060497284,1,1.8605967579081015,,70,control
2482,633.0,3924.0,631.16001561568,3924.4300123131416,0.18642817437648773,1,2.3210496699664116,0.5715428898045064,70,control
2483,489.0,3783.0,488.40994271259405,3783.070038429921,0.13726967573165894,1,1.0251627599411168,0.8366657589767178,70,check
2484,547.0,3773.0,547.390005648089,3772.609976770823,0.160572811961174,1,0.15241649459158083,0.3879103134693189,70,control
2485,637.0,3947.0,636.9200139431215,3946.7500295697905,0.20314297080039978,1,0.463048566270622,0.4690801477430614,70,control
2486,517.0,3792.0,516.3499833737644,3792.3300268682115,0.14284200966358185,1,1.1826637635931765,0.3741512816611603,70,control
2487,589.0,3818.0,596.4202222982382,3823.959913375228,0.11002674698829651,0,9.374291249735702,1.3799372984789409,70,control
2488,662.0,3843.0,661.8899178261194,3842.820040895113,0.21731795370578766,1,0.49843989663786636,0.3626749084439219,70,check
2489,659.0,3893.0,660.1700576295508,3892.349830439995,0.26195192337036133,1,0.8887312793697784,1.2009703115652324,70,control
2490,622.0,3844.0,616.6598044990094,3844.740207321206,0.15307220816612244,0,5.808269351557169,1.4501575148439163,70,control
2491,598.0,3788.0,598.6698689976516,3787.729812331497,0.10385610908269882,1,0.28500347042287677,0.9617449742482415,70,control
2492,611.0,3968.0,610.4699399751538,3967.85002893266,0.10717392712831497,1,0.9166155761920859,0.3698273656183468,70,check
2493,624.0,3834.0,628.0,3833.0,0.11823321133852005,0,3.6942284690453517,,70,control
2494,534.0,3815.0,535.5499500378226,3813.8798720940154,0.12632626295089722,1,1.4600477739073896,0.9099731646288268,70,check
2495,450.0,3867.0,452.61013844005123,3865.5698431496076,0.11045385152101517,1,2.5228630214661902,3.1813023948003223,70,control
2496,559.0,3941.0,559.450027028295,3940.460006887247,0.22178804874420166,1,0.3093393611909281,0.5321835730754364,70,control
2497,574.0,3924.0,574.6399347735901,3923.340006219595,0.15955494344234467,1,0.49414298573671206,0.8176709411602554,70,control
2498,648.0,3772.0,649.0298899874856,3771.640150199533,0.1269940882921219,1,0.6547919313141279,0.3820400642431303,70,control
2499,545.0,3978.0,543.7299657728346,3979.2101329843945,0.12703874707221985,1,2.197489488885229,0.5409949921186493,70,control
2500,592.0,3831.0,590.0,3831.0,0.1647942215204239,1,2.3975696823739097,,70,check
2501,662.0,3942.0,661.9299985354434,3942.0500034288966,0.17150311172008514,1,0.5353323800935078,0.24185492514118234,70,control
2502,594.0,3979.0,593.2400474852383,3979.0699746421274,0.15882979333400726,1,1.1827737248078636,1.6037710110005767,70,control
2503,533.0,3846.0,533.5100531986423,3845.8799615221606,0.12943856418132782,1,0.17157019380860702,0.7124230223328173,70,control
2504,654.0,3978.0,653.0800639329257,3978.4199316442596,0.17470118403434753,1,1.4577620489462766,0.5839772523410713,70,check
2505,550.0,3821.0,550.2501588083247,3821.350073309478,0.12974457442760468,1,0.6033507975531349,1.7250955229191807,70,control
2506,597.0,3925.0,597.2700865764036,3924.4698696508017,0.1686723828315735,1,0.3143585411293887,0.31137707351531485,70,check
2507,648.0,3793.0,649.4799237226525,3792.469918054722,0.1958150863647461,1,1.1324160186241774,1.1301088277848268,70,control
2508,445.0,3939.0,446.22002443033773,3938.07993844101,0.16824284195899963,1,1.0774468336595344,0.6329449682571108,70,check
2509,589.0,3880.0,587.0,3880.0,0.15052245557308197,1,2.396415450220285,,70,control
2510,634.0,3774.0,634.0,3774.0,0.17260828614234924,1,0.45310067988696817,,70,check
2511,515.0,3768.0,515.6201075917282,3767.4699583459796,0.17564721405506134,1,0.37295167118280875,1.315517040344191,70,control
2512,582.0,3772.0,582.0,3772.0,0.12617138028144836,1,0.45395920035210396,,70,control
2513,568.0,3865.0,569.1099905485211,3864.3999753073344,0.12737801671028137,1,0.8105126670370043,0.5591439439206534,70,control
2514,567.0,3790.0,566.4100966047287,3789.97004115241,0.1031564474105835,1,0.9985839243264502,0.41560946168849966,70,control
2515,466.0,3950.0,467.55005428550174,3949.2198766239644,0.1014372929930687,1,1.2855256035930431,0.49258042407674474,70,control
2516,496.0,3798.0,499.4501193298504,3797.269991795464,0.12620043754577637,1,3.10224466791407,1.8395183106605169,70,control
2517,449.0,3835.0,448.0,3834.0,0.10169896483421326,1,1.580813178990392,,70,control
2518,622.0,3889.0,620.4600364144591,3889.8600214707026,0.17535892128944397,1,2.2146436253232293,0.44422194134910675,70,control
2519,468.0,3816.0,469.0,3815.0,0.10375776141881943,1,0.9768493291282504,,70,control
2520,444.0,3973.0,443.74988018562703,3973.379990738817,0.14263252913951874,1,0.8866768973929645,0.771200188939791,70,control
2521,664.0,3819.0,666.1799979852966,3817.9001483867323,0.10686871409416199,1,1.9917249254288725,1.6108197821699106,70,control
2522,562.0,3918.0,559.0,3918.0,0.14804711937904358,0,3.392186441526619,,70,control
2523,545.0,3832.0,545.0199980356599,3831.8799951065466,0.12573747336864471,1,0.384509714630678,0.37871246436532224,70,control
2524,613.0,3769.0,612.0,3769.0,0.15081511437892914,1,1.4072177501132717,,70,control
2525,598.0,3842.0,596.9099309634831,3842.37006080649,0.15739299356937408,1,1.5954813026784402,0.8544749137155522,70,control
2526,555.0,3967.0,553.3798792783838,3967.5901034373405,0.17346040904521942,1,2.167288243782813,0.4443950531583813,70,control
2527,591.0,3945.0,590.2001328395714,3945.280034822785,0.20416131615638733,1,1.291065690743836,1.2081909727158675,70,control
2528,698.0,3911.0,698.4300235830696,3911.340002895388,0.17984966933727264,1,0.576327429396472,0.3831545585876712,71,control
2529,755.0,3954.0,752.0699334492751,3955.860134902952,0.13753919303417206,0,3.9183757886915784,1.417335362759963,71,check
2530,794.0,3975.0,793.1900346463731,3974.9398743721144,0.15816985070705414,1,1.2039517394463837,0.5178437557616562,71,control
2531,684.0,3867.0,682.2199966495431,3867.489976159942,0.147015780210495,1,2.282704825159549,0.6654424097943911,71,control
2532,730.0,3846.0,730.8999007838801,3845.6900954188286,0.10175270587205887,1,0.5205700706719124,0.580415541797624,71,check
2533,708.0,3943.0,708.3700173045672,3943.159997583795,0.25827130675315857,1,0.3945164945269105,0.26180478681295405,71,control
2534,698.0,3966.0,698.0,3965.0,0.17283934354782104,1,0.8554723157191441,,71,check
2535,708.0,3955.0,705.529926249955,3956.499918038393,0.1451207548379898,0,3.3383231163298484,0.6424144406756647,71,control
2536,809.0,3852.0,802.6597377810342,3852.780097735684,0.14415772259235382,0,6.80050020948433,1.5671838349535823,71,control
2537,677.0,3871.0,682.0,3868.0,0.138231560587883,0,5.380404180509728,,71,control
2538,745.0,3960.0,745.0600246493284,3959.709868787205,0.15054430067539215,1,0.3270669435104351,1.0413685335642155,71,control
2539,814.0,3813.0,766.759930651101,3815.959989446401,0.10380543023347855,0,47.73252301093546,2.1903356471851443,71,control
2540,814.0,3813.0,813.070040289881,3814.0299769930175,0.1089470162987709,1,1.8223968730714883,0.526072893377052,71,control
2541,691.0,3881.0,691.0,3886.0,0.14385735988616943,0,5.248609681938596,,71,control
2542,673.0,3908.0,674.8999692499586,3907.7999578274225,0.19800159335136414,1,1.5167049457974981,0.952786916860515,71,control
2543,707.0,3866.0,707.2801339981538,3865.200030057826,0.10937931388616562,1,0.5754683471535743,0.6452716249211093,71,control
2544,699.0,3865.0,700.7998729072489,3864.2601413152884,0.12741586565971375,1,1.502853717050341,1.9616958386375367,71,control
2545,732.0,3979.0,728.9199441246515,3980.580164939868,0.19178500771522522,0,3.9082914005126446,1.0187153056922233,71,check
2546,808.0,3957.0,807.8599921121182,3956.8799987129237,0.2096787989139557,1,0.5338653630361927,0.5277577526740548,71,check
2547,727.0,3895.0,726.7800061120108,3894.989945026555,0.1925225555896759,1,0.6438729281167024,0.3633565782469504,71,control
2548,751.0,3866.0,751.7799953496509,3865.8698439997706,0.11314266920089722,1,0.4087266594743569,0.9767752584399737,71,control
2549,741.0,3866.0,741.41001292509,3865.8999870564453,0.15326328575611115,1,0.13564845654841487,0.7740100942893375,71,control
2550,687.0,3974.0,688.1199688296831,3974.4199388002426,0.13689382374286652,1,0.9866354293159539,0.5861920846683553,71,control
2551,723.0,3942.0,723.4800689928705,3941.629989964958,0.16370980441570282,1,0.16733758895520265,0.2730460230606815,71,control
2552,783.0,3952.0,780.1300297753471,3951.7501214205486,0.13335448503494263,0,3.2522319205079655,0.9657182798037914,71,control
2553,766.0,3973.0,763.0,3974.0,0.14462104439735413,0,3.599534607634875,,71,control
2554,683.0,3959.0,680.4800035137445,3960.0100491130825,0.247084379196167,0,3.1581702423223534,0.8093413393466482,71,control
2555,698.0,3976.0,699.0901164269867,3976.0899336838356,0.25120434165000916,1,0.7790456824311376,0.7204111365558735,71,control
2556,750.0,3931.0,749.0,3931.0,0.10240279883146286,1,1.4023730804880026,,71,check
2557,715.0,3894.0,715.2700106721724,3894.0299950249027,0.1484076976776123,1,0.28746958564528263,0.3273969246813114,71,check
2558,746.0,3950.0,743.0297561575093,3944.0598470318873,0.13101738691329956,0,6.618710988155411,1.0715900886093428,71,control
2559,854.0,3962.0,857.9799687188948,3814.3597835883743,0.11522702127695084,0,147.45383806622525,2.1234600010833713,71,control
2560,773.0,3964.0,770.849937532699,3964.7600765975144,0.15881597995758057,1,2.7197308233170547,0.4869292077181408,71,control
2561,682.0,3881.0,681.6100453487578,3881.010023643045,0.19070138037204742,1,0.8120201382412716,0.24735933752125494,71,control
2562,846.0,3785.0,846.1100297678713,3784.140039725851,0.11967231333255768,1,0.6874342924120479,0.5284970706270676,71,control
2563,766.0,3916.0,765.9400452259127,3915.819912586558,0.17222623527050018,1,0.4462242187748987,0.4564772923064244,71,control
2564,714.0,3838.0,713.3399990068411,3838.0400533793263,0.13143092393875122,1,1.080515486889798,0.2531112190066378,71,check
2565,688.0,3917.0,689.5400525061178,3916.799957884194,0.19446921348571777,1,1.1571760492460732,1.6504877904217115,71,control
2566,715.0,3803.0,715.6400149036228,3802.609971135859,0.16361665725708008,1,0.298227223264085,0.7284817929447551,71,control
2567,706.0,3844.0,706.6200641448903,3843.4701370319567,0.12054610997438431,1,0.3778002907363686,0.9018284512233694,71,control
2568,725.0,3911.0,724.0,3909.0,0.24333693087100983,1,2.2435213394608433,,71,control
2569,746.0,3855.0,752.4700243877593,3861.3100008831298,0.1091461181640625,0,8.935517528596751,2.1500074145327366,71,control
2570,745.0,3813.0,742.0,3814.0,0.13792206346988678,0,3.603251558909498,,71,control
2571,736.0,3929.0,737.0,3928.0,0.1483798325061798,1,0.983959623584691,,71,control
2572,276.0,4152.0,276.0499172131027,4152.5300265523165,0.22269083559513092,1,0.8426197521116113,0.1881615642766221,73,control
2573,293.0,3986.0,292.01001186554817,3986.5100186558907,0.16168314218521118,1,1.5668247245588842,0.3527010714724347,73,control
2574,263.0,4152.0,263.3899230386719,4152.230007782125,0.15066887438297272,1,0.47605475311995316,0.4882589282882623,73,control
2575,434.0,4144.0,434.76007085069426,4143.609886329227,0.15555895864963531,1,0.40915255917540705,0.8472575763940395,73,control
2576,330.0,4078.0,328.4399987086517,4080.2199612051973,0.11961051821708679,0,3.136535049843877,1.1864676891812969,73,control
2577,286.0,4114.0,287.0,4114.0,0.20542208850383759,1,0.6666981947586926,,73,control
2578,312.0,4188.0,312.0,4189.0,0.1691439300775528,1,1.3010294493296282,,73,control
2579,438.0,4137.0,437.8100344959013,4137.199989147143,0.14058300852775574,1,0.7201744727826753,0.4405044044464245,73,check
2580,289.0,4165.0,288.82002382159294,4165.709970780898,0.15307070314884186,1,1.1067241350155648,0.3935584481438322,73,control
2581,374.0,3985.0,374.87001598056145,3983.279953734387,0.11104296147823334,1,1.5556771375153882,0.6349643856205895,73,control
2582,273.0,4086.0,272.76001303511936,4086.329958064878,0.2816641330718994,1,0.8464238486583924,0.4493684713889729,73,check
2583,425.0,4188.0,426.0,4191.0,0.12426605820655823,0,3.3012897645874895,,73,control
2584,316.0,4114.0,316.8099467023173,4113.590011643353,0.15056516230106354,1,0.460760711587605,0.878163513815651,73,check
2585,293.0,4148.0,294.5600126180477,4147.639974049712,0.16220225393772125,1,1.186401153312343,0.6024597004115426,73,check
2586,268.0,3985.0,267.0,3978.0,0.12842684984207153,0,6.895002004476264,,73,control
2587,338.0,4183.0,339.9999128826117,4182.420023606875,0.11753790825605392,1,1.656141995234214,0.9979139686008065,73,control
2588,418.0,4171.0,416.0,4168.0,0.10586319863796234,0,3.641595238202505,,73,control
2589,269.0,4007.0,265.02004897573556,4005.1400787765733,0.1500905305147171,0,4.651897585212938,0.7623928724228591,73,control
2590,255.0,4102.0,256.64000160510756,4101.019949292799,0.14132244884967804,1,1.4578794765953933,0.989548310423519,73,control
2591,282.0,4185.0,283.2900064538467,4184.809986429236,0.14312830567359924,1,0.9133769397714124,0.303462896763317,73,control
2592,288.0,4094.0,288.02002153388185,4094.279950353409,0.14841794967651367,1,0.6369049816130201,0.6272817064161091,73,control
2593,355.0,4200.0,355.91002535039667,4199.62996579054,0.17221827805042267,1,0.5470822472608236,1.0662554280201735,73,control
2594,292.0,4046.0,293.0,4046.0,0.1724943071603775,1,0.665031555249346,,73,control
2595,329.0,4134.0,326.67990802288375,4135.73004229649,0.185923233628273,0,3.344422525811425,0.7858497933699089,73,control
2596,405.0,4173.0,406.34003856513226,4173.509951655746,0.11409219354391098,1,1.2212416262563954,0.4845017903110189,73,check
2597,287.0,4138.0,289.0,4136.0,0.11369405686855316,1,2.3885613880878034,,73,control
2598,270.0,4068.0,267.510163249913,4069.1200589340237,0.147798553109169,0,3.179256348667165,0.9819583458025284,73,check
2599,336.0,4152.0,337.0,4150.0,0.1670054942369461,1,1.8624658940856404,,73,control
2600,313.0,4172.0,314.0,4169.0,0.10521192103624344,1,2.82445365013176,,73,control
2601,308.0,4026.0,306.0,4029.0,0.1575758010149002,0,4.024986692181434,,73,control
2602,380.0,4002.0,383.0,3998.0,0.13341760635375977,0,4.579342548124068,,73,control
2603,385.0,4017.0,381.08993131630774,4017.090046383118,0.12145446240901947,0,4.304996783011023,1.4273579181143923,73,check
2604,284.0,4053.0,285.0700236103872,4052.289949596637,0.17535430192947388,1,0.8308056005219238,0.7524437541334613,73,control
2605,300.0,4070.0,302.0,4069.0,0.12202229350805283,1,1.786451906513193,,73,control
2606,309.0,3993.0,310.8400371843553,3990.2699910624974,0.14518031477928162,1,2.881384419874142,0.6604642812107667,73,control
2607,394.0,3999.0,394.5500006957284,3998.77003864998,0.11490229517221451,1,0.1679870040760512,0.6116766195376812,73,control
2608,442.0,4146.0,443.30006441424433,4146.079914097965,0.1636677235364914,1,0.9758330444012052,0.6578962688034296,73,check
2609,270.0,4030.0,271.2902075110525,4029.159983271829,0.2310856580734253,1,1.0854718283519271,2.1989118800472025,73,control
2610,418.0,4153.0,417.7100099434774,4153.560123853083,0.15197446942329407,1,1.0443553661148446,0.8754736947196583,73,control
2611,435.0,4019.0,433.210009577837,4020.079998228401,0.17657332122325897,1,2.5421475599099304,0.5844781749816688,73,control
2612,410.0,4141.0,410.26003605415855,4141.529954199377,0.1381615847349167,1,0.7813549499972197,0.7910820423383401,73,control
2613,400.0,4151.0,402.4400268834723,4150.470007482867,0.14584656059741974,1,2.081246715998181,1.2467365849522953,73,control
2614,353.0,4137.0,351.9399424992523,4138.189993904318,0.12064804136753082,1,2.031504760382526,0.5493248659525345,73,control
2615,276.0,4019.0,277.6899400624465,4018.8499273897637,0.11663346737623215,1,1.3109990091407868,0.75470460676864,73,control
2616,458.0,4165.0,456.47999635776154,4166.04995400984,0.1538798063993454,1,2.2957016365077987,0.47254909723407373,74,control
2617,657.0,3993.0,656.899976970281,3993.4998871587895,0.20884686708450317,1,0.8792988754480109,0.28146151368683325,74,check
2618,635.0,4157.0,634.0,4158.0,0.24913659691810608,1,1.8514906337046653,,74,control
2619,570.0,4178.0,571.1499523024879,4178.27999250294,0.256266713142395,1,0.9303859777306729,0.6499888535068813,74,control
2620,576.0,4061.0,575.0100290526102,4061.629963536555,0.17485153675079346,1,1.6220128318515414,0.48987766882306716,74,control
2621,659.0,4086.0,660.0,4086.0,0.16446860134601593,1,0.6639868799099555,,74,control
2622,654.0,4056.0,650.5701041060604,4059.0400401375823,0.21085713803768158,0,5.0248562199287345,0.9006219635554553,74,control
2623,594.0,4124.0,593.7600926575839,4125.220005496858,0.21476304531097412,1,1.5835791100802368,0.9783717517998712,74,control
2624,547.0,4143.0,547.4200205080655,4143.21999867813,0.1771191507577896,1,0.4608469849656395,0.544990520999529,74,control
2625,520.0,4146.0,519.0,4147.0,0.18273106217384338,1,1.85384740889085,,74,control
2626,607.0,4011.0,607.9901170641169,4010.639859715868,0.15036125481128693,1,0.621046624009278,1.1169728787226685,74,control
2627,520.0,4185.0,521.0200574290247,4185.229925962445,0.2260914146900177,1,0.7959550496771363,0.7406147968342248,74,check
2628,459.0,4141.0,458.76995947831256,4141.579952612734,0.11157248914241791,1,1.0221436196940727,0.3846409635603135,74,check
2629,606.0,4155.0,606.9400384071847,4155.159984736077,0.3062311112880707,1,0.6885221329064758,0.47670628205964444,74,control
2630,654.0,4153.0,653.7800354138243,4153.289993155331,0.26631543040275574,1,0.7964684549597669,0.4999869406791741,74,control
2631,611.0,4030.0,609.430016144917,4029.009990678083,0.18591251969337463,1,2.091193772273783,0.9530464534610256,74,control
2632,549.0,4091.0,545.0,4092.0,0.10230335593223572,0,4.5514807172455365,,74,control
2633,502.0,4106.0,502.0,4110.0,0.1412196010351181,0,4.256889018950022,,74,control
2634,538.0,4163.0,538.3800009952948,4163.419969962016,0.19864380359649658,1,0.6592300619644705,0.4339265017920327,74,check
2635,624.0,4048.0,623.9699801812551,4048.169969947823,0.15456946194171906,1,0.577831737394669,0.18964427454181718,74,control
2636,622.0,4091.0,564.6500884732927,4189.929841093703,0.12500730156898499,0,114.74676040478751,2.1322502183131546,74,control
2637,626.0,4108.0,626.289999015694,4108.479974211931,0.17261894047260284,1,0.7223850953479982,0.2576946579753045,74,control
2638,560.0,4007.0,561.0,4005.0,0.20746983587741852,1,1.867206183712891,,74,control
2639,474.0,4137.0,473.7700612466076,4137.809953070248,0.16171295940876007,1,1.2142885470477565,0.5158407509396592,74,control
2640,626.0,4137.0,626.3000406906239,4137.669958480882,0.22414018213748932,1,0.9103417734855115,0.4744693705379784,74,control
2641,600.0,4058.0,601.1899650533016,4057.780010112414,0.1671198308467865,1,0.8098773436590627,0.6873822269568639,74,control
2642,637.0,4125.0,636.2000674739877,4125.379927458592,0.10590403527021408,1,1.330025946674313,0.8369932856110854,74,control
2643,635.0,4070.0,635.8199936181853,4069.3699211712365,0.17943479120731354,1,0.5904106083810259,0.9341734935082409,74,check
2644,489.0,4163.0,489.42002929860945,4163.610013116763,0.16569136083126068,1,0.8514984247223302,0.2753097568634669,74,control
2645,491.0,4116.0,489.68000145143185,4116.590029055814,0.11917579174041748,1,1.8912484587323874,1.5414882265379062,74,control
2646,651.0,4201.0,651.9500200693252,4201.329953782305,0.26903036236763,1,0.8061219918690289,0.294351651072394,74,control
2647,503.0,4167.0,508.0,4167.0,0.1624082624912262,0,4.628282692652408,,74,control
2648,561.0,4138.0,559.4998985973454,4136.250125167167,0.10772943496704102,1,2.4110159906688806,3.1480005866080685,74,control
2649,647.0,4014.0,646.0,4016.0,0.19915257394313812,1,2.6282439941284372,,74,control
2650,600.0,3999.0,600.7399529013118,3997.9800276597766,0.1499355286359787,1,0.8608997769216071,0.7908864689579732,74,check
2651,593.0,4190.0,591.6602046416051,4190.710114418242,0.10643382370471954,1,1.9612837735193982,1.2317611662628665,74,control
2652,655.0,4129.0,655.9801414309666,4129.379983921775,0.18211276829242706,1,0.8613596558663695,0.7249141329726417,74,control
2653,623.0,4001.0,623.9102113626699,4000.6698545721433,0.19164395332336426,1,0.5368421296370472,0.8543583824709391,74,control
2654,582.0,4136.0,582.1700345253548,4136.609959189735,0.23174118995666504,1,0.8732780126348321,0.635408343211812,74,check
2655,600.0,4023.0,600.9400528326928,4022.8000084302435,0.14066161215305328,1,0.5601635242209287,0.8923258012596224,74,check
2656,535.0,4202.0,534.9599951381362,4202.849995348274,0.2247922718524933,1,1.1665470761633083,0.24488642624488624,74,control
2657,613.0,4197.0,619.0,4200.0,0.11438160389661789,0,6.488602124969734,,74,control
2658,471.0,4172.0,471.3300853032109,4172.600029257408,0.1593107134103775,1,0.8423155927457733,0.5284894562651099,74,control
2659,508.0,4093.0,510.0,4093.0,0.16582819819450378,1,1.6378909515520805,,74,control
2660,582.0,4151.0,583.1300109554101,4151.629923809636,0.270731657743454,1,1.1484560394205376,0.5809947329915697,74,check
2661,609.0,4142.0,615.0,4142.0,0.1657639592885971,0,5.626837439152289,,74,control
2662,533.0,4101.0,534.759977365375,4100.389982826063,0.11343275755643845,1,1.4294604957308255,0.6359915105806226,74,control
2663,640.0,3995.0,639.0,3994.0,0.16239607334136963,1,1.5787592659341514,,74,control
2664,465.0,4182.0,461.2799227980126,4183.400016555272,0.17639148235321045,0,4.4142392644409965,1.3216110832353172,74,control
2665,689.0,4159.0,686.9900687152818,4159.779947000816,0.2018776834011078,1,2.5944333523344567,0.5014451974036055,75,control
2666,805.0,3987.0,804.3000481287766,3986.9999706981866,0.1538502722978592,1,1.105852544220533,0.25000595123071206,75,check
2667,768.0,4168.0,768.5000465172611,4168.599951381361,0.14904481172561646,1,0.8426493893898185,0.3456242299807306,75,control
2668,787.0,4189.0,787.2801411541367,4189.160125161068,0.11574134230613708,1,0.4050066134169129,0.5627640814426755,75,check
2669,810.0,4078.0,810.440038378799,4077.9800263641564,0.12940342724323273,1,0.22092891671899545,0.41376121170853125,75,control
2670,675.0,4018.0,674.4500376787988,4018.2899410314917,0.1840386688709259,1,1.0689427557669495,0.41813174628815286,75,control
2671,777.0,4067.0,776.240035764513,4067.549955390617,0.20640185475349426,1,1.3825154647996876,0.7335090130330774,75,control
2672,712.0,4125.0,710.0,4124.0,0.12579484283924103,1,2.4982963017605733,,75,control
2673,704.0,4032.0,704.9399756896125,4032.019965070698,0.21048682928085327,1,0.6146914807843744,0.4080916513211177,75,control
2674,773.0,3984.0,770.9500128565711,3985.009941935222,0.2465113252401352,0,2.7306737818932643,0.2650773656376331,75,control
2675,827.0,4042.0,825.9799660691971,4042.1700292844166,0.12475546449422836,1,1.4564094226766786,0.5628037714425098,75,control
2676,674.0,4141.0,669.3698658918169,4143.369998933741,0.19633807241916656,0,5.645526892963971,1.4245566196318347,75,control
2677,813.0,4184.0,812.8600413625477,4184.779912908862,0.14063601195812225,1,1.1366159745327096,0.41018458169901645,75,control
2678,798.0,4044.0,793.4500475963356,4044.7299573212313,0.11928734183311462,0,5.022943788908854,0.7421318585149701,75,check
2679,754.0,4071.0,754.8600302612468,4070.929978024174,0.12090057134628296,1,0.507718233878231,0.5667853355680273,75,check
2680,674.0,4121.0,675.1200904330518,4121.529971837236,0.21518145501613617,1,1.06601490174775,1.1695886544179281,75,check
2681,728.0,4171.0,724.0,4177.0,0.11629068106412888,0,7.617735311728072,,75,control
2682,684.0,3996.0,680.8599567245435,3995.3099405881703,0.18871212005615234,0,3.550811556432548,0.9351552786420091,75,control
2683,770.0,4114.0,771.0,4118.0,0.12526141107082367,0,4.278839632342721,,75,check
2684,675.0,4006.0,674.4399750418024,4006.1699223319547,0.19269824028015137,1,1.0248396671757813,0.37241861957863504,75,control
2685,789.0,4069.0,790.3601419186931,4068.4200363995074,0.1162966787815094,1,1.0404486127179289,0.7856845825670631,75,control
2686,816.0,4050.0,815.8699489236454,4050.5900102909623,0.13496659696102142,1,0.9672917058169851,0.6560053456743823,75,control
2687,731.0,4139.0,732.3500170149217,4139.179998775035,0.15362751483917236,1,1.0568508858281314,0.3958662845160511,75,control
2688,744.0,4188.0,745.0198953089995,4188.250076424306,0.12965154647827148,1,0.8052886435080051,0.5076198322527935,75,control
2689,686.0,4048.0,687.2599643206438,4047.9899197251443,0.11530481278896332,1,0.9081100150913618,0.8253409146789291,75,control
2690,775.0,4077.0,774.0,4078.0,0.12642891705036163,1,1.8500968018967152,,75,control
2691,722.0,4123.0,719.689957812162,4124.28003989341,0.15327060222625732,0,3.0856423062035305,0.6522967651890841,75,control
2692,761.0,4188.0,757.0,4196.0,0.10393184423446655,0,9.324793173940142,,75,control
2693,811.0,4165.0,811.2602301240089,4165.569939565108,0.10481080412864685,1,0.8109803896612434,1.3466099452239724,75,control
2694,702.0,4202.0,703.910052229597,4202.179926590723,0.148452028632164,1,1.588902354688467,0.3781038127416827,75,control
2695,674.0,4199.0,674.6900050340043,4199.089950757356,0.27584776282310486,1,0.45224983013208175,0.46050018356879274,75,control
2696,703.0,4047.0,700.349958072354,4048.8500686595785,0.19359460473060608,0,3.6781827758489922,1.1124741013911992,75,control
2697,721.0,3994.0,721.1999710584871,3994.0300191425495,0.2408519685268402,1,0.32049878926842107,0.39473246173285975,75,control
2698,792.0,4088.0,789.140041472268,4090.610056450059,0.1249350756406784,0,4.309500268476093,0.9144837786270049,75,check
2699,824.0,4155.0,823.0,4155.0,0.14498983323574066,1,1.3965549051091422,,75,control
2700,819.0,4162.0,821.1301371235213,4162.299880994898,0.18048620223999023,1,1.8322134906442067,0.6654761029109943,75,control
2701,783.0,4087.0,784.6398687868957,4090.340147883436,0.11819212138652802,0,3.789132847786296,2.242876864793503,75,control
2702,678.0,4045.0,678.1701277852756,4044.819862322678,0.15709470212459564,1,0.21733288633453318,2.130867946979654,75,check
2703,819.0,4058.0,818.7599845781291,4058.709994673146,0.15489034354686737,1,1.1274683829110195,1.680394236283844,75,control
2704,731.0,4013.0,731.3799014809855,4012.2899732067153,0.15712809562683105,1,0.4760246333120605,0.5396166820762167,75,control
2705,696.0,4129.0,694.0,4133.0,0.13908980786800385,0,4.857321298643232,,75,control
2706,805.0,4054.0,805.9900189572841,4053.5001153205944,0.13281689584255219,1,0.666443718223357,1.0208938223322133,75,control
2707,706.0,3995.0,705.8800361858565,3995.159986088468,0.2652638852596283,1,0.638012119809963,0.3029111534030619,75,control
2708,679.0,4190.0,679.7299006326493,4190.3200259904215,0.21140600740909576,1,0.6586120592365389,0.6502225199529127,75,control
2709,278.0,4390.0,277.6300598952842,4390.979962519591,0.1142660453915596,1,1.434043646424249,0.4763580473909047,77,control
2710,342.0,4206.0,342.60004486668026,4206.719856985904,0.14971871674060822,1,0.9893837624614111,0.31625606547338453,77,control
2711,277.0,4236.0,279.4400212485082,4236.219998227333,0.1056084930896759,1,2.1148832410610825,0.6338666394898433,77,control
2712,348.0,4381.0,349.5399918171327,4380.749941550808,0.17271141707897186,1,1.166703838233122,0.7249448366976191,77,check
2713,261.0,4346.0,261.5999788799859,4346.719998649744,0.11649259179830551,1,0.9926295785556636,0.3156393478078903,77,control
2714,421.0,4355.0,421.8400123905132,4355.169950338148,0.11099492758512497,1,0.6227651094157122,0.5499042032277284,77,control
2715,289.0,4407.0,290.0400299378758,4407.619962490137,0.2327445149421692,1,1.093319339957961,0.4121974816866346,77,check
2716,326.0,4391.0,328.0,4396.0,0.1549784243106842,0,5.491768925898449,,77,control
2717,282.0,4211.0,280.1100652689883,4212.429931338285,0.11049477010965347,0,2.819544631475869,2.5806460986961244,77,control
2718,425.0,4325.0,425.59998226096434,4325.870004203065,0.1110653281211853,1,1.1352434120514472,0.1461137379856751,77,check
2719,284.0,4400.0,284.5600539227562,4400.829958544061,0.197743222117424,1,1.092390145177469,0.2976141469620165,77,check
2720,292.0,4391.0,294.45008749188156,4390.500022850411,0.10207570344209671,1,2.0922950007012826,0.5917027178103692,77,control
2721,316.0,4217.0,314.0,4218.0,0.16366523504257202,1,2.683630800730701,,77,control
2722,296.0,4240.0,296.7799794582091,4240.449984596594,0.1603194773197174,1,0.8037799437098534,0.35740018545778984,77,control
2723,333.0,4414.0,332.0,4414.0,0.15630817413330078,1,1.3942815467142302,,77,control
2724,433.0,4334.0,433.0,4339.0,0.10442465543746948,0,5.255785774383051,,77,control
2725,271.0,4414.0,272.0,4414.0,0.17346613109111786,1,0.6739880151247137,,77,control
2726,333.0,4404.0,332.0,4406.0,0.12711668014526367,1,2.631579087179607,,77,control
2727,250.0,4384.0,251.21989561421492,4384.649893556933,0.10484686493873596,1,1.2332116256619334,1.237327607754506,77,control
2728,270.0,4271.0,270.6699970240363,4271.410022617229,0.11619584262371063,1,0.7189469968424481,0.8138211130936053,77,control
2729,268.0,4423.0,269.0,4423.0,0.10530881583690643,1,0.6742209659709104,,77,control
2730,482.0,4301.0,482.87002634889546,4301.73997076457,0.18215414881706238,1,1.0990085091921986,0.32053199979385943,78,control
2731,590.0,4308.0,590.8799989383222,4309.150008258103,0.16755256056785583,1,1.4777730839034209,0.3998181067049141,78,control
2732,569.0,4273.0,569.3199962378113,4273.9500504981315,0.14432451128959656,1,1.1902276683025923,0.2846551105112237,78,control
2733,484.0,4231.0,484.6499985375793,4231.510026770239,0.13589945435523987,1,0.7991162139910968,0.22270563893758477,78,control
2734,656.0,4217.0,656.6500164008371,4217.659972761567,0.2106676995754242,1,0.9374290322061447,0.39607192090329796,78,control
2735,485.0,4409.0,485.44997986322386,4410.010012767142,0.12492822110652924,1,1.253870835435813,0.37836788316444503,78,control
2736,642.0,4272.0,642.65005545156,4272.749953553703,0.17631982266902924,1,1.0246999750589605,0.32948893966779313,78,control
2737,642.0,4414.0,640.4699806036666,4416.010012316346,0.14227712154388428,0,2.944056440938287,1.0549631028268898,78,control
2738,615.0,4423.0,615.230009191287,4424.029995926497,0.26989805698394775,1,1.276161122441218,0.17972615135129905,78,check
2739,611.0,4291.0,611.7700321134216,4292.159988567852,0.11524813622236252,1,1.4527935176967146,0.3347879160993956,78,control
2740,500.0,4276.0,503.000009974308,4276.799933033581,0.17494821548461914,1,2.8234284845759716,0.6521527240551479,78,check
2741,567.0,4374.0,565.0,4373.0,0.17487972974777222,1,2.4916534335523575,,78,control
2742,512.0,4245.0,513.0,4245.0,0.23561091721057892,1,0.6686017165625753,,78,check
2743,554.0,4269.0,554.9300025926175,4270.2300100928815,0.19922016561031342,1,1.5704880218629012,0.49691508732140693,78,control
2744,580.0,4208.0,580.6899695896585,4208.159975888761,0.1989251971244812,1,0.5067971251136681,0.49258282443634005,78,control
2745,446.0,4383.0,446.53003810441425,4383.820018412028,0.12548454105854034,1,1.07387316530238,0.14568458087275393,78,control
2746,461.0,4327.0,462.1000199309102,4327.720024401952,0.19866728782653809,1,1.204891738018693,0.3249870527236077,78,control
2747,521.0,4376.0,524.0,4376.0,0.1568988412618637,1,2.6381857502427746,,78,check
2748,482.0,4270.0,482.0,4272.0,0.17327634990215302,1,2.272260976462945,,78,control
2749,528.0,4251.0,528.8700243203084,4251.649967432578,0.21367725729942322,1,1.0178171886360778,0.3011914136602137,78,check
2750,639.0,4289.0,639.9000092022758,4289.929940100444,0.10197941958904266,1,1.2800355511751162,0.7291557848392481,78,check
2751,518.0,4412.0,518.0,4417.0,0.157859206199646,0,5.253840713287457,,78,control
2752,465.0,4217.0,466.0,4217.0,0.15403220057487488,1,0.6681829817140745,,78,control
2753,609.0,4212.0,609.0699980835782,4212.799991017783,0.19914618134498596,1,1.0820093417769536,0.4228724455433086,78,control
2754,568.0,4343.0,564.6500834577531,4346.349916204992,0.104389987885952,0,5.171568134027819,0.9516156318885556,78,control
2755,534.0,4399.0,533.4100068393287,4399.629977060468,0.18191221356391907,1,1.2973168748581891,0.6414193789599867,78,control
2756,567.0,4400.0,567.3000451985952,4400.869965885309,0.17992134392261505,1,1.1117055107393368,1.1915515403110195,78,check
2757,561.0,4309.0,562.0,4310.0,0.3092719316482544,1,1.3882318297824796,,78,control
2758,516.0,4356.0,517.1298654030223,4357.099934785338,0.12713176012039185,1,1.5391962109915824,0.6701930526740473,78,control
2759,515.0,4211.0,517.0,4211.0,0.1538565754890442,1,1.640801200183131,,78,control
2760,660.0,4243.0,659.880001643105,4244.270012700759,0.2663659453392029,1,1.5859897346112317,0.522544154649593,78,control
2761,612.0,4378.0,610.6998290273197,4379.1201609260315,0.14553453028202057,1,2.1547214124173264,2.0779897207308378,78,control
2762,657.0,4397.0,656.0600317485402,4398.310047146607,0.17858853936195374,1,2.028478139016144,0.42813469311278785,78,control
2763,618.0,4341.0,618.9999907586589,4341.589984820925,0.11719388514757156,1,1.0383671516938486,0.5050108294948819,78,control
2764,596.0,4420.0,597.8699656031392,4420.330037687343,0.29399242997169495,1,1.6028341717480843,0.5345155663870902,78,control
2765,458.0,4344.0,459.82996998261643,4344.590048214693,0.19187431037425995,1,1.6770476764941045,0.4447276844155029,78,control
2766,528.0,4226.0,528.1900052310173,4226.9199927556565,0.24286313354969025,1,1.1746120789764436,0.19349123645580607,78,control
2767,589.0,4337.0,593.0,4337.0,0.16574473679065704,0,3.6343467859017164,,78,control
2768,601.0,4356.0,602.9500552882724,4356.249928280678,0.17901238799095154,1,1.6509366845576718,2.0019661044187056,78,control
2769,556.0,4242.0,556.6699979256306,4242.450024098113,0.16896450519561768,1,0.749241313996775,0.3365044617519138,78,control
2770,540.0,4308.0,541.6401513282118,4308.449778468764,0.17505593597888947,1,1.4413802889900702,0.8028218041942673,78,control
2771,478.0,4352.0,479.4699989177215,4353.179959048116,0.25193241238594055,1,1.7951317654390804,0.5232363186383827,78,control
2772,612.0,4364.0,612.9000326437265,4363.969978603465,0.20052319765090942,1,0.5668666682017757,0.4956373035983969,78,control
2773,632.0,4249.0,631.0,4250.0,0.2253011018037796,1,1.850099660370925,,78,control
2774,462.0,4303.0,463.48017262112523,4303.299910128084,0.1432798057794571,1,1.230899836439607,1.0047643358811498,78,check
2775,457.0,4240.0,462.1300619522569,4237.2499242235035,0.1297253668308258,0,5.37502355119361,1.5095921021311567,78,control
2776,544.0,4336.0,541.0,4338.0,0.17051824927330017,0,4.049486548670724,,78,control
2777,515.0,4327.0,515.0,4328.0,0.1905854344367981,1,1.2955740780648388,,78,check
2778,786.0,4407.0,787.2601030543034,4407.859980898961,0.19868122041225433,1,1.4097276345037748,1.1656984144089577,79,control
2779,831.0,4354.0,829.5800286855929,4355.319998773966,0.23716150224208832,1,2.3713213435421645,0.6192645791307666,79,control
2780,833.0,4251.0,834.6900628495792,4251.369879021705,0.25981318950653076,1,1.4466613377303505,0.3226701919625931,79,control
2781,829.0,4234.0,829.0099779989923,4234.650046378846,0.20926587283611298,1,0.9550354277877708,0.12814056932617288,79,control
2782,863.0,4270.0,863.059998164154,4270.819991983624,0.11752863973379135,1,1.0976259099503956,0.12138182196358226,79,check
2783,841.0,4347.0,842.8699879743683,4347.679991083098,0.16711577773094177,1,1.753740498297642,0.4821272494368433,79,control
2784,856.0,4340.0,856.3300151474862,4341.1299973747255,0.12202061712741852,1,1.3627976242441848,0.3741092058224938,79,check
2785,666.0,4218.0,666.8300428998951,4218.540001283873,0.25469356775283813,1,0.899292913827984,0.350172886934098,79,control
2786,677.0,4402.0,678.0300123805923,4402.500017834872,0.2024947553873062,1,0.988076343875545,0.4766667428461624,79,control
2787,767.0,4400.0,772.0,4399.0,0.12288933992385864,0,4.691555686559452,,79,control
2788,845.0,4407.0,589.0000032123511,4456.49992192694,0.13838200271129608,0,261.1510014346098,0.31560601350599143,79,control
2789,819.0,4230.0,818.960031033279,4230.7999709573105,0.23118527233600616,1,1.112984849654241,0.48426318946383323,79,control
2790,679.0,4417.0,679.8601825755915,4417.7599781551135,0.15160901844501495,1,1.1101834063638252,0.402239198294056,79,control
2791,750.0,4277.0,751.0,4279.0,0.12408781796693802,1,2.3204270009618213,,79,control
2792,790.0,4341.0,789.4100283089635,4342.939928975338,0.13803231716156006,1,2.377314321085306,0.915579746068361,79,control
2793,682.0,4271.0,683.6400715354338,4271.47998080526,0.20362085103988647,1,1.4538850085877792,1.2285829875817145,79,control
2794,762.0,4385.0,761.7700065866126,4386.670029988998,0.14390480518341064,1,1.9974124737326424,0.7385408221646504,79,check
2795,673.0,4234.0,673.1500386301382,4234.11013429772,0.18783162534236908,1,0.41339103975738367,0.2845073413877282,79,control
2796,672.0,4370.0,675.0500680064285,4369.649940835547,0.10891728848218918,1,2.6800696549666903,0.8245524197321098,79,control
2797,804.0,4252.0,805.150042124659,4252.979973338723,0.24726121127605438,1,1.439622703011527,0.4624118987494156,79,control
2798,803.0,4231.0,803.3000032176909,4231.6499802802955,0.2541038990020752,1,0.8862241000925596,0.16242706662612738,79,control
2799,840.0,4257.0,838.0499178892984,4258.56002766298,0.2036961019039154,0,2.9353325080978343,0.7163848682205813,79,control
2800,799.0,4367.0,800.0400678048346,4367.300024687326,0.12342988699674606,1,0.8550268538802105,0.36673056206234755,79,control
2801,822.0,4378.0,820.6699891350866,4379.060009659481,0.34134528040885925,1,2.137260309392987,0.49042933503392255,79,control
2802,717.0,4401.0,718.0,4401.0,0.11921370029449463,1,0.671273457400162,,79,control
2803,785.0,4301.0,786.9301421160152,4300.849905865044,0.1115625873208046,1,1.5587115936593043,1.377435204966601,79,control
2804,666.0,4393.0,667.4299728116214,4393.730002851741,0.189959317445755,1,1.433395893850098,0.6947139777541252,79,control
2805,706.0,4404.0,704.1401112339668,4407.42000433614,0.13743935525417328,0,4.283172111459244,0.8989317018819485,79,control
2806,850.0,4381.0,850.6800354866151,4378.100084959239,0.190710186958313,1,2.6852814681647734,0.50374284883271,79,control
2807,769.0,4226.0,769.6400347386966,4226.490003715338,0.1464386135339737,1,0.7706517904181347,0.3868056625835743,79,control
2808,759.0,4330.0,759.0,4331.0,0.15763285756111145,1,1.2896098770928381,,79,control
2809,834.0,4211.0,835.1700380181895,4211.050131625595,0.18346856534481049,1,0.843025116633659,0.47507195055569096,79,control
2810,787.0,4373.0,789.0,4373.0,0.19772832095623016,1,1.6448095443989597,,79,control
2811,774.0,4423.0,771.3800114187138,4428.810237130897,0.18026362359523773,0,6.74409784936551,3.8078491098366003,79,control
2812,809.0,4322.0,809.890025399692,4322.379800839683,0.18674230575561523,1,0.8018876419312124,0.8610050582766883,79,check
2813,742.0,4415.0,741.0997580728631,4409.029844343433,0.11305861920118332,0,5.874208615250399,1.529594988150629,79,control
2814,817.0,4424.0,818.3200492632452,4423.660054243991,0.2614224851131439,1,0.9554483218358507,1.4627102139001327,79,check
2815,716.0,4211.0,716.7600238542504,4211.809975835503,0.10508199036121368,1,1.1133453337254178,0.4957178290801117,79,check
2816,804.0,4278.0,802.7001111161525,4278.7801241657735,0.18079610168933868,1,1.9568591081212474,1.2185398048686025,79,check
2817,688.0,4252.0,687.0,4259.0,0.10075247287750244,0,7.365467559512275,,79,control
2818,839.0,4302.0,839.0100046527941,4303.190006808807,0.25605508685112,1,1.4681250102600565,0.21342885947104187,79,control
2819,840.0,4272.0,840.4100075155245,4272.659978171133,0.2125539630651474,1,0.892979014549586,1.1307759599617233,79,control
2820,696.0,4393.0,696.0,4393.0,0.1760888695716858,1,0.44046447417800966,,79,control
2821,826.0,4273.0,819.0,4272.0,0.21272258460521698,0,7.414063267682751,,79,check
2822,400.0,4597.0,400.67002615722237,4598.059987119625,0.1578330248594284,1,1.3387277981787853,0.1294862879329874,81,control
2823,293.0,4454.0,292.8300386173225,4455.349994249666,0.1755465567111969,1,1.685685560574939,0.23593753231767423,81,control
2824,344.0,4629.0,344.69991783604024,4629.489973398388,0.10266236960887909,1,0.8073586293808953,0.5010218664296561,81,control
2825,435.0,4616.0,436.77000438939814,4615.9299430306255,0.16505396366119385,1,1.413421918344829,0.4550815034072561,81,check
2826,386.0,4534.0,384.0,4535.0,0.1139073446393013,1,2.6762951080098425,,81,control
2827,421.0,4559.0,422.01009047456216,4560.069897724446,0.17535993456840515,1,1.4616799865967212,0.369164308961509,81,check
2828,383.0,4552.0,382.08991328442255,4552.29001676541,0.10466307401657104,1,1.386266608094345,0.8990170207064186,81,control
2829,419.0,4638.0,419.0,4632.0,0.11934354901313782,0,5.767824418434329,,81,control
2830,328.0,4603.0,327.7400481898196,4604.279934124712,0.11759485304355621,1,1.6500480619299263,0.5336735863066814,81,check
2831,296.0,4444.0,296.83002982677846,4444.959979811034,0.1394471824169159,1,1.290211709084121,0.532067384025276,81,control
2832,437.0,4558.0,434.91999439021754,4561.239914104373,0.10250967741012573,0,4.257675774362992,0.40702537830421603,81,control
2833,417.0,4612.0,418.3899750506553,4612.60984316456,0.11788862943649292,1,1.3320590966746921,0.4818611574468179,81,control
2834,364.0,4642.0,365.1000357655809,4642.779967061288,0.10172528773546219,1,1.260377693565018,0.330669505296412,81,control
2835,403.0,4559.0,401.1100219356927,4561.149943511944,0.17555563151836395,0,3.291328017766955,0.5981146334942551,81,control
2836,358.0,4625.0,359.0600329323041,4625.719965741554,0.13359937071800232,1,1.188119498021121,0.2240070383786951,81,control
2837,366.0,4631.0,369.9799834248866,4630.940057791461,0.13309824466705322,0,3.617599849854993,1.1904467452324845,81,control
2838,311.0,4471.0,311.36001220097603,4471.9499900345445,0.10223748534917831,1,1.1959501833575978,0.3435167119153435,81,control
2839,286.0,4630.0,293.0701282520924,4628.290038123188,0.1095924898982048,0,6.86048118643721,1.2957189529008586,81,control
2840,287.0,4470.0,289.34998095115134,4469.579939539617,0.15090340375900269,1,1.9862339757078182,1.157383782021855,81,control
2841,374.0,4605.0,373.0,4605.0,0.10904689878225327,1,1.38949380837371,,81,control
2842,338.0,4639.0,338.0,4640.0,0.17087046802043915,1,1.2987982008742722,,81,control
2843,269.0,4485.0,268.87997820165424,4486.229974197739,0.14198936522006989,1,1.556457374667614,0.36553812195377733,81,control
2844,381.0,4624.0,386.24997724893774,4622.579941793603,0.11518562585115433,0,5.022200485944676,1.3675031600891996,81,control
2845,421.0,4597.0,419.0,4598.0,0.1220017746090889,1,2.674531099752186,,81,check
2846,434.0,4582.0,435.1701476186631,4589.270228297016,0.14363305270671844,0,7.556245596873809,1.6375819567008705,81,control
2847,317.0,4572.0,318.45006112024953,4572.329979534513,0.1460886299610138,1,1.225203106758967,0.6375380475796235,81,control
2848,419.0,4629.0,420.31999522436087,4629.619882134706,0.14499670267105103,1,1.2861678084067918,0.51189764723481,81,control
2849,272.0,4460.0,274.0,4460.0,0.10402736812829971,1,1.6469540023040303,,81,check
2850,423.0,4585.0,424.7200695952074,4585.619887601043,0.17556273937225342,1,1.604224223477827,0.6575999965543234,81,control
2851,469.0,4532.0,469.64006454807827,4533.169969328398,0.20375540852546692,1,1.4379865613197722,0.6851265746412184,82,control
2852,478.0,4496.0,479.73000967046966,4496.229955038861,0.13376690447330475,1,1.4395221080518472,0.5931031584531352,82,control
2853,619.0,4641.0,619.4499789616297,4641.970011286257,0.2380010485649109,1,1.2119309928505007,0.4285952530440117,82,control
2854,656.0,4489.0,658.2900501811682,4489.750058252179,0.14021438360214233,1,2.159557713976362,0.642183530901957,82,control
2855,469.0,4549.0,469.7999533194514,4549.9000233456145,0.13348160684108734,1,1.2210240682460172,0.5722071408857808,82,control
2856,461.0,4508.0,462.67010645588255,4507.980035662268,0.11325479298830032,1,1.319196756208791,0.6668844106910782,82,control
2857,565.0,4616.0,565.2600601701188,4624.17032720792,0.1125820130109787,0,8.411263218828001,3.0793706458647234,82,control
2858,597.0,4643.0,596.4200273267936,4643.879926528612,0.17450964450836182,1,1.465648092620962,0.33108857141083214,82,control
2859,649.0,4616.0,650.0999913052925,4616.44997738384,0.22020244598388672,1,1.005781578233285,0.5266271655125881,82,check
2860,580.0,4632.0,579.8699999204922,4633.21001070483,0.13029971718788147,1,1.5325385637345141,0.5091914816535195,82,check
2861,504.0,4640.0,504.36001107398323,4640.899988183438,0.11701945960521698,1,1.1418136544131887,0.28158880295770294,82,control
2862,496.0,4530.0,496.67004644309316,4530.9600204395465,0.21231719851493835,1,1.2387311691767318,0.4778753037542199,82,control
2863,632.0,4591.0,634.2300550039668,4591.419987825274,0.10473441332578659,1,1.9758611427826853,0.7376713902892705,82,control
2864,582.0,4610.0,582.890031822708,4609.949978088421,0.18881314992904663,1,0.5565152004194279,0.8284417271012945,82,control
2865,628.0,4645.0,630.0,4649.0,0.17268791794776917,0,4.542903540800043,,82,control
2866,494.0,4516.0,493.2500742270918,4517.240017732628,0.15621477365493774,1,1.8569589679634628,0.6347383787230928,82,control
2867,602.0,4622.0,602.1500418992605,4622.969972968501,0.16987627744674683,1,1.2285457697912887,0.5336226181552283,82,control
2868,582.0,4598.0,580.7599116608503,4599.760041603966,0.1330290138721466,1,2.565634072556689,0.9256786462832503,82,control
2869,646.0,4645.0,647.9700569870806,4644.649846054607,0.1438296139240265,1,1.6081642037919097,0.6453299922041533,82,control
2870,560.0,4637.0,555.6999358679254,4636.290003016097,0.10974769294261932,0,4.689942183640627,2.518710933528196,82,check
2871,614.0,4628.0,614.3899968007737,4628.860045588349,0.2000560164451599,1,1.0993808171385537,0.543795641408442,82,check
2872,447.0,4599.0,447.0299909677287,4600.549982663843,0.15429635345935822,1,1.8245482108216695,0.5370538731910874,82,control
2873,448.0,4626.0,451.0,4628.0,0.12798626720905304,0,3.4589789338957067,,82,control
2874,594.0,4617.0,594.7000162233568,4617.569968302582,0.11605628579854965,1,0.8754488672815919,0.5675000848131796,82,control
2875,639.0,4429.0,637.0,4434.0,0.209544375538826,0,5.749460431366943,,82,control
2876,492.0,4628.0,417.0,4616.0,0.11108709126710892,0,76.27869718428107,,82,check
2877,485.0,4466.0,488.0,4468.0,0.11968272179365158,0,3.455149658965235,,82,control
2878,635.0,4436.0,637.2100433876217,4435.580053761605,0.24382641911506653,1,1.8481126360559192,0.5876844933803584,82,check
2879,664.0,4531.0,662.1198003417268,4532.800162152064,0.11991236358880997,0,3.0346065920270515,1.5499040709498517,82,control
2880,450.0,4642.0,455.0,4642.0,0.16355448961257935,0,4.639822171034723,,82,control
2881,631.0,4629.0,623.0,4628.0,0.10847166925668716,0,8.40083366820726,,82,control
2882,606.0,4441.0,606.2600245588318,4442.019935318088,0.19652897119522095,1,1.2634128093546741,0.09978575245188206,82,control
2883,733.0,4540.0,735.6098982753514,4540.769948771038,0.1028883159160614,1,2.4571580369428916,0.8963711574254506,83,control
2884,781.0,4450.0,783.7699930626987,4450.0700077757165,0.15675091743469238,1,2.419164902736403,1.2028055018759107,83,control
2885,765.0,4519.0,765.6300517241647,4519.260032447782,0.1312931329011917,1,0.5599126195422136,1.4104146104577764,83,control
2886,807.0,4465.0,803.6500443502591,4466.9000186690155,0.171377032995224,0,4.288161385467289,0.40810062599101765,83,control
2887,721.0,4530.0,720.3599961409068,4531.880047004987,0.16355672478675842,1,2.34411963411877,1.868847247160996,83,check
2888,678.0,4519.0,676.8600271056669,4520.789972841075,0.17328093945980072,1,2.526934553765139,0.49086599759978955,83,check
2889,722.0,4561.0,721.4699936200121,4563.230117045343,0.11282885819673538,1,2.6245765696589265,0.5959194142891351,83,control
2890,675.0,4448.0,676.8800964240445,4448.190001681412,0.12499652802944183,1,1.568822482962696,0.4524728203105252,83,control
2891,689.0,4496.0,691.7099947299173,4495.599932165712,0.13761280477046967,1,2.3464226994173614,0.8528799473834918,83,control
2892,745.0,4644.0,746.4000353768948,4644.2699414180415,0.1428450495004654,1,1.151640574621198,0.6942831496323446,83,control
2893,677.0,4459.0,678.090062725357,4459.3499288273115,0.12282617390155792,1,0.9287568614368479,1.1234490209852306,83,control
2894,785.0,4598.0,784.0,4595.0,0.10091493278741837,1,3.0844069752107997,,83,control
2895,689.0,4436.0,691.6899291865442,4436.009992875298,0.10315918922424316,1,2.332272069148689,0.9417126830300658,83,check
2896,753.0,4478.0,757.110101052275,4473.089740064783,0.13666385412216187,0,5.9874222366551235,1.906481976140403,83,control
2897,767.0,4610.0,764.2500348941992,4611.78011982643,0.10183551162481308,0,3.7111263197633293,0.8289602879232579,83,control
2898,702.0,4470.0,700.0,4472.0,0.10905319452285767,0,3.2584665513639326,,83,check
2899,725.0,4438.0,727.9499647899056,4437.5199463342315,0.14598369598388672,1,2.590968943433176,1.6536150421420572,83,check
2900,698.0,4560.0,699.0,4561.0,0.16022880375385284,1,1.3890561006137256,,83,control
2901,785.0,4627.0,787.6098860470577,4626.870012035243,0.12856091558933258,1,2.246617649173837,0.7161182904102548,83,control
2902,832.0,4430.0,831.399890612559,4431.060120386947,0.2246015965938568,1,1.6168215412362332,0.6488984299418085,83,control
2903,799.0,4641.0,796.0,4640.0,0.14190010726451874,0,3.451288310683524,,83,control
2904,737.0,4637.0,736.9900649953624,4637.900107589592,0.1856166422367096,1,1.1966889507841314,0.542259886303434,83,control
2905,827.0,4645.0,825.0,4646.0,0.1159304827451706,1,2.667683142431992,,83,control
2906,691.0,4455.0,688.8698828801798,4457.230235210962,0.12489278614521027,0,3.5124260047249036,0.9358655625086866,83,control
2907,771.0,4620.0,772.9300150463097,4620.139947198897,0.20774315297603607,1,1.6084372154261166,0.8840741393165588,83,control
2908,735.0,4552.0,735.0200592322133,4553.309928924216,0.11635777354240417,1,1.584402455868993,0.42393118499708204,83,control
2909,735.0,4593.0,735.0,4595.0,0.11948281526565552,1,2.26588167754049,,83,check
2910,755.0,4633.0,758.0,4628.0,0.1657961755990982,0,5.444152730316791,,83,control
2911,722.0,4448.0,718.3698755271839,4449.440098109419,0.18511012196540833,0,4.337316625166022,1.484806215490209,83,control
2912,728.0,4498.0,730.2800392722993,4498.2102912158725,0.10148083418607712,1,1.96234878593286,1.6918334828556036,83,check
2913,702.0,4433.0,704.6800033113916,4433.029948761426,0.14759336411952972,1,2.324541501358607,1.5533038704328792,83,control
2914,679.0,4540.0,680.9500615994323,4540.529938646876,0.10661996901035309,1,1.7580293338853639,0.5298359592346021,83,control
2915,705.0,4523.0,706.879980906437,4523.3499786403945,0.18979968130588531,1,1.6212228070231804,0.4665878216078605,83,control
2916,726.0,4459.0,727.8200468122466,4458.730008543477,0.17208153009414673,1,1.4504176002882123,0.6007205585147953,83,control
2917,674.0,4529.0,668.0,4532.0,0.1170472502708435,0,7.1441038742400025,,83,control
2918,754.0,4623.0,758.0,4628.0,0.12371845543384552,0,6.373277040690362,,83,control
2919,722.0,4472.0,721.0,4471.0,0.11926735937595367,1,1.568463012632244,,83,control
2920,711.0,4544.0,714.2201054619647,4544.389904838159,0.12917552888393402,1,2.9200554058290917,1.5530008444704047,83,check
2921,805.0,4443.0,801.859972051646,4446.989965763223,0.15277770161628723,0,5.49193030997415,0.8909764670528363,83,control
2922,792.0,4456.0,790.0800230790143,4457.249947890353,0.10247593373060226,0,2.728719548804989,1.4410465041422251,83,control
2923,371.0,4834.0,371.93000484660314,4834.330013795095,0.13040868937969208,1,0.8086675728113092,0.279425393094351,85,control
2924,290.0,4677.0,291.03003199026745,4677.37005004413,0.15825559198856354,1,0.9063679420079832,0.31782405442983375,85,control
2925,372.0,4848.0,372.1900395483703,4848.799965773143,0.1008000522851944,1,1.059758923470027,0.4263913787352799,85,control
2926,286.0,4685.0,286.81998950423997,4685.8299977634115,0.18918535113334656,1,1.168996368065564,0.18834121739130166,85,control
2927,352.0,4841.0,353.3098803499825,4841.110027682513,0.1545361429452896,1,1.0125620313397412,0.8676449416104867,85,control
2928,285.0,4666.0,286.12001052841754,4667.270007291194,0.12220544368028641,1,1.6940252217011424,0.2903926439929804,85,control
2929,307.0,4680.0,308.45006478339775,4680.849902201896,0.20494069159030914,1,1.5419233453215475,0.742742432583964,85,control
2930,344.0,4848.0,342.5699845880499,4849.379927176422,0.12836958467960358,1,2.419962254446588,1.5631699328773891,85,control
2931,336.0,4833.0,331.6798632804256,4835.03013550498,0.1358976811170578,0,5.206640865868111,1.0382009621987365,85,control
2932,358.0,4793.0,358.2500261036551,4794.390105387797,0.13846243917942047,1,1.6399392354489908,0.7951238975419918,85,control
2933,337.0,4813.0,335.8199854470658,4814.649991099426,0.13006773591041565,1,2.4447937592692512,1.1727640141763767,85,control
2934,357.0,4803.0,356.1699354618426,4804.499963174877,0.1158486157655716,1,2.1146362849535567,0.7025227721544044,85,check
2935,439.0,4671.0,438.0300313140717,4672.340048933466,0.13327063620090485,1,2.071764759338743,0.6488771059635728,85,control
2936,399.0,4758.0,399.6700392303391,4758.640008592463,0.16496407985687256,1,0.936260220360059,0.6934016670603017,85,control
2937,336.0,4652.0,337.66002054606287,4652.47006208609,0.16279736161231995,1,1.4782651847085289,0.335247463671644,85,check
2938,354.0,4656.0,354.9600544179586,4656.480092716491,0.1275758445262909,1,0.9374118796574561,0.8338826307636282,85,control
2939,402.0,4657.0,402.5200299020143,4657.82992242352,0.13866719603538513,1,1.0852125537363015,0.36643071953859946,85,check
2940,386.0,4807.0,387.25000294437416,4807.719983998838,0.17463941872119904,1,1.3110799800692876,0.36608718677961244,85,control
2941,358.0,4767.0,360.2200345732731,4767.529955100971,0.10223900526762009,1,2.0117852037518493,1.4178070891625867,85,control
2942,296.0,4649.0,297.2900037490639,4649.689981986579,0.1859729140996933,1,1.3152195939011329,0.7028925527430662,85,control
2943,327.0,4648.0,327.5700524897891,4648.749955356891,0.15764278173446655,1,1.0166216379326682,0.20662084167254463,85,control
2944,335.0,4767.0,337.0,4766.0,0.10653428733348846,1,1.801297560877177,,85,check
2945,366.0,4796.0,366.65002226119975,4796.919982387322,0.1026042252779007,1,1.2005074102273698,0.31582329142594995,85,control
2946,415.0,4694.0,413.81999970394656,4695.639931167213,0.10335274785757065,1,2.436846643872915,0.3535356672622924,85,control
2947,617.0,4685.0,617.2100170727608,4685.769927189546,0.16582152247428894,1,1.0209586941790445,0.1771374290755126,86,control
2948,647.0,4745.0,647.9100025851417,4745.619928398183,0.2410329282283783,1,1.0178759701997526,0.3563828008201245,86,check
2949,577.0,4676.0,577.9200286507994,4676.75997037802,0.15323667228221893,1,1.143677617101553,0.3169686201673331,86,control
2950,578.0,4648.0,578.269969818261,4648.860011270996,0.13740387558937073,1,1.1042222005872446,0.3510580794866765,86,control
2951,661.0,4748.0,662.3000268845402,4748.700019153538,0.20401710271835327,1,1.3259619343532705,0.32301229746904436,86,check
2952,447.0,4861.0,445.56995815964666,4861.849967116682,0.11062813550233841,1,2.0989171945632115,0.608352305300382,86,control
2953,622.0,4717.0,619.0,4716.0,0.13859064877033234,0,3.449086380939028,,86,control
2954,649.0,4697.0,647.0,4701.0,0.14907169342041016,0,4.853422789011367,,86,check
2955,651.0,4762.0,650.3200039581337,4762.649979829498,0.20471233129501343,1,1.3701660279619743,0.2210709251377376,86,check
2956,509.0,4720.0,509.9100646265181,4720.729946952897,0.10123950242996216,1,1.1145953455286672,0.2688983395846338,86,control
2957,627.0,4724.0,627.0,4725.0,0.2509067952632904,1,1.291448314126941,,86,check
2958,457.0,4705.0,457.95000062827745,4705.110005199428,0.18078431487083435,1,0.6833478158355285,0.35104186066221793,86,control
2959,637.0,4763.0,635.2399307270957,4766.460116262322,0.13815493881702423,0,4.265065608710687,0.8068832927861009,86,control
2960,632.0,4662.0,632.0,4666.0,0.1998530626296997,0,4.25449752553763,,86,control
2961,447.0,4713.0,449.2000315220736,4713.070035105714,0.1035352498292923,1,1.8617741328175004,0.4777301303755645,86,control
2962,458.0,4687.0,460.0,4687.0,0.12238430231809616,1,1.6525417331540788,,86,check
2963,658.0,4705.0,662.2899146598596,4706.379919005302,0.16020803153514862,0,4.246091105437901,1.4048589551859936,86,control
2964,664.0,4836.0,664.8399875398999,4836.709992869957,0.10861420631408691,1,1.0626455395699432,0.2090785915629525,86,control
2965,491.0,4829.0,344.2400993269082,4554.37005979304,0.12776467204093933,0,311.34195433256207,3.1642514978085687,86,control
2966,643.0,4781.0,643.0,4782.0,0.1460881531238556,1,1.290863418993268,,86,control
2967,576.0,4718.0,581.1900301384018,4717.739866967688,0.2188088297843933,0,4.825827667427085,1.1805122739680212,86,control
2968,612.0,4739.0,614.0,4739.0,0.10723511874675751,1,1.6538249086890893,,86,control
2969,604.0,4659.0,605.1300292126938,4659.439953797566,0.27784964442253113,1,1.022705233202885,0.731353868496351,86,control
2970,644.0,4807.0,642.329933665062,4807.800030237133,0.10806809365749359,1,2.2821610200560385,0.5731481762980919,86,control
2971,653.0,4680.0,656.0,4681.0,0.2268337607383728,1,2.911559176874087,,86,control
2972,612.0,4652.0,612.7499679792111,4652.989968242607,0.2382505238056183,1,1.2878374506915917,0.3702492299986862,86,control
2973,664.0,4795.0,667.8601395244657,4795.849907442834,0.1378374546766281,0,3.663490771492187,1.033846746820407,86,control
2974,652.0,4721.0,652.5000146792922,4721.8299824363085,0.27690181136131287,1,1.0771040648268222,1.0039461439580695,86,control
2975,575.0,4731.0,573.7299466139566,4732.360101515579,0.1807280033826828,1,2.2872684220406665,0.6807609497697154,86,control
2976,652.0,4784.0,652.0,4785.0,0.15505418181419373,1,1.2906333828166812,,86,control
2977,641.0,4680.0,640.8301527825386,4685.130015069355,0.19086942076683044,0,5.395211046692953,1.8187773945650343,86,control
2978,646.0,4815.0,646.0,4816.0,0.11106960475444794,1,1.2906750685877557,,86,check
2979,472.0,4671.0,472.7601251149772,4671.660058808734,0.11216587573289871,1,0.9851291137390938,0.32165310484471443,86,control
2980,618.0,4665.0,618.990100327852,4665.539915575647,0.2379591017961502,1,0.9985684293403115,0.9835953986665757,86,control
2981,485.0,4661.0,479.0998445123696,4664.150153020752,0.10260636359453201,0,7.125576243482603,1.0102490039451646,86,control
2982,582.0,4708.0,583.9601632303803,4707.380021394708,0.1108572855591774,1,1.6402708664850518,1.0849069142228114,86,control
2983,811.0,4835.0,811.8700245457069,4835.659967802799,0.2473272681236267,1,1.0298343234946927,0.20577028002022948,87,control
2984,795.0,4849.0,792.2900752571801,4851.22001609059,0.2367924302816391,0,3.9313590754316543,0.48358275646633,87,check
2985,684.0,4857.0,682.9898197032667,4862.230121439772,0.12842752039432526,0,5.637500302701982,2.299832602395131,87,control
2986,803.0,4767.0,804.0300239326903,4767.369953460002,0.1903780698776245,1,0.9010325705992487,0.5710827409218436,87,control
2987,813.0,4754.0,813.5600304813055,4754.789920041039,0.1769743263721466,1,1.0434607629773511,0.30209917685065585,87,control
2988,694.0,4721.0,695.4200509936428,4720.929965401854,0.1752949208021164,1,1.0694792367579145,0.5881397897789092,87,control
2989,768.0,4777.0,769.2199555702331,4777.3099920358145,0.18799647688865662,1,1.016771360314174,0.4778340287591706,87,control
2990,816.0,4728.0,816.7600656665272,4728.379877814136,0.21213959157466888,1,0.7314471505929869,0.619509679168032,87,control
2991,683.0,4810.0,683.1500931215058,4810.59997375259,0.1753048598766327,1,0.8643119012014453,0.24378093876952306,87,control
2992,705.0,4864.0,708.5500465651794,4863.519947292597,0.17813079059123993,0,3.199017612702495,1.3558974204624135,87,check
2993,807.0,4661.0,804.0,4663.0,0.1419840157032013,0,4.039189379796214,,87,control
2994,753.0,4754.0,753.0,4757.0,0.19556990265846252,0,3.256417604310174,,87,control
2995,709.0,4832.0,710.9200402028973,4829.62990600315,0.20416025817394257,1,2.6417118705091664,4.451270996490061,87,check
2996,804.0,4718.0,806.300075458774,4718.569932238812,0.1898675113916397,1,2.0971721941811974,1.0913856043644703,87,control
2997,766.0,4658.0,766.950063120451,4658.240024494585,0.18400326371192932,1,0.753894689480639,0.5592425980936356,87,control
2998,695.0,4762.0,696.1400582085329,4762.71000059028,0.19434276223182678,1,1.225610457066195,0.4361207216149627,87,check
2999,817.0,4776.0,817.5301226305621,4776.9998238501785,0.10886881500482559,1,1.245883932947925,1.440796877844965,87,control
3000,719.0,4797.0,718.9000578315946,4797.730103324417,0.12413767725229263,1,1.0718013922743908,0.3444108886503955,87,check
3001,823.0,4757.0,823.5899753541846,4757.579993692044,0.18472334742546082,1,0.8456314891669334,0.11886322106515018,87,control
3002,694.0,4697.0,694.6900174309253,4697.63997111953,0.2790185809135437,1,0.9358418923637428,0.21055917179939976,87,check
3003,730.0,4844.0,730.580051056822,4844.669952169722,0.1641112118959427,1,0.9331442517195221,0.44213903170034663,87,control
3004,702.0,4737.0,702.6900203611067,4737.769975932408,0.20545977354049683,1,1.0589502409675153,0.20801054519539725,87,control
3005,677.0,4672.0,675.0,4671.0,0.1706225574016571,1,2.4848466937646547,,87,check
3006,703.0,4671.0,702.6999706360755,4672.189976774027,0.2578292787075043,1,1.5743722798998754,0.8584816015741166,87,control
3007,839.0,4867.0,836.0,4870.0,0.11336319148540497,0,4.663608229820059,,87,control
3008,733.0,4732.0,735.3599480742413,4731.390051403998,0.10868602246046066,1,2.0312187781711097,0.5441532132487041,87,control
3009,753.0,4808.0,752.0,4811.0,0.1977979987859726,0,3.5110435823809643,,87,check
3010,810.0,4797.0,811.6800971907368,4797.909936261192,0.22771738469600677,1,1.7462547414552398,1.0378777086720337,87,control
3011,862.0,4836.0,855.0,4866.0,0.14863577485084534,0,31.11692306642988,,87,control
3012,793.0,4751.0,795.0,4751.0,0.22956356406211853,1,1.6541328174839323,,87,control
3013,680.0,4743.0,681.5199993596657,4743.760038955954,0.1616726517677307,1,1.5277007800079871,0.6754584538485728,87,control
3014,812.0,4702.0,812.4800355771118,4702.790018428356,0.157327339053154,1,1.031106738181724,0.25905639761905314,87,control
3015,798.0,4676.0,800.0,4679.0,0.1447456330060959,0,3.6247311345451756,,87,control
3016,735.0,4820.0,735.9200627427538,4820.629943025286,0.22103285789489746,1,1.0313137232891674,0.5680659658504598,87,control
3017,738.0,4669.0,738.4800518625797,4669.869961828134,0.24037352204322815,1,1.112144891181931,0.2597357306293152,87,control
3018,782.0,4819.0,781.9099023378654,4820.1000137883775,0.2253437638282776,1,1.4098197711317806,0.6501977808069964,87,control
3019,734.0,4778.0,734.5000433616812,4778.459946198262,0.15343865752220154,1,0.7101392185007394,0.6612807680807686,87,control
3020,778.0,4789.0,778.4599935319605,4789.600034384804,0.21547289192676544,1,0.8414417230243187,0.6630851605839314,87,control
3021,746.0,4719.0,746.2500286398105,4719.860026204073,0.1557174175977707,1,1.1020837521265747,0.6024480304538706,87,control
3022,760.0,4686.0,762.9899618746759,4685.61010491075,0.1369500607252121,1,2.6301158347765887,0.9718051382504269,87,control
3023,790.0,4811.0,789.4899614522644,4812.770062542228,0.20004627108573914,1,2.1865894729846245,1.7344642218383304,87,control
3024,812.0,4851.0,812.0,4853.0,0.22011826932430267,1,2.263890539822554,,87,check
3025,682.0,4768.0,682.7400409202944,4768.600005533788,0.265483558177948,1,0.9189917102633233,0.31504136610492095,87,control
3026,781.0,4666.0,782.0,4670.0,0.1281147450208664,0,4.2825253331760464,,87,control
3027,766.0,4818.0,767.4699529364143,4819.139883522959,0.24656972289085388,1,1.7671157139711402,1.4565343983199726,87,control
3028,724.0,4702.0,724.0,4702.0,0.19764094054698944,1,0.4342699823892548,,87,control
3029,777.0,4832.0,778.2200027353043,4832.759986155919,0.23711779713630676,1,1.3152866032714072,0.7544001922026985,87,control
3030,333.0,5015.0,333.69995457600623,5016.12003374447,0.1352335661649704,1,1.4095028501459843,1.5288507169880952,89,control
3031,373.0,5035.0,375.2000281978663,5035.279946296235,0.15172924101352692,1,1.9164795493119908,0.373389744460899,89,control
3032,423.0,4976.0,424.4301007261499,4976.120046254933,0.18268412351608276,1,1.1320567743268715,0.703545110906077,89,control
3033,434.0,4983.0,432.56005076717634,4983.689953360962,0.14960460364818573,1,2.026677067687141,1.3179459681437944,89,control
3034,405.0,4994.0,403.3800328332636,4996.189938907068,0.11073295027017593,0,3.1375671266304446,0.5725098870398357,89,control
3035,357.0,4890.0,357.10996344392214,4890.84001413693,0.14564791321754456,1,1.1149052049851103,0.35748343226437534,89,control
3036,311.0,4964.0,312.9599919825562,4964.7099901651745,0.13652755320072174,1,1.865381643717784,0.5065483276431264,89,check
3037,330.0,4899.0,330.35994086148725,4900.070039556914,0.12073680758476257,1,1.3170267715736554,0.5219750004027206,89,control
3038,384.0,4952.0,385.42004220309883,4952.539950963222,0.10204524546861649,1,1.320151145222382,0.41912834459601905,89,control
3039,372.0,5070.0,374.34997976738737,5070.17002094467,0.12152357399463654,1,2.036642175828706,0.23714104068114747,89,check
3040,397.0,4949.0,398.4200132953114,4949.899986831047,0.14067798852920532,1,1.561216936851558,0.3311408311899377,89,control
3041,317.0,5033.0,318.4201087524466,5033.849976922363,0.13968706130981445,1,1.5278126860496453,0.5221890841654993,89,check
3042,328.0,4979.0,329.76016991420653,4978.719882344085,0.10018634051084518,1,1.4017723277835872,0.6183062455945257,89,control
3043,414.0,4985.0,411.3701750284775,4986.230006600046,0.1002049595117569,0,3.3324932017541555,1.9373340196872775,89,control
3044,379.0,4985.0,380.38000663025895,4985.66997921755,0.1655011624097824,1,1.3721421044822513,0.2513778013227982,89,control
3045,338.0,4962.0,339.0800088789047,4962.6199245664075,0.13364505767822266,1,1.1274784115710461,0.2839967442472635,89,control
3046,408.0,5056.0,409.84013619109635,5056.020070333514,0.12167384475469589,1,1.5071307926727686,0.34618928247323044,89,control
3047,383.0,4969.0,384.0200539912752,4969.720003665284,0.1347503513097763,1,1.170587086043088,0.5328118317990888,89,control
3048,432.0,5032.0,435.5300735487601,5031.749993280621,0.1325346827507019,1,3.1729705611453074,2.135248204185162,89,control
3049,354.0,5000.0,355.07991325314214,5001.019850848711,0.11059758067131042,1,1.4578129529393116,0.6037495564774669,89,control
3050,399.0,5025.0,400.4699972831604,5025.750039712726,0.16369037330150604,1,1.4931421760030414,0.48506636908696743,89,check
3051,316.0,4920.0,317.20003045185194,4920.379949998448,0.15403427183628082,1,1.0482243778660825,0.6076757473376825,89,control
3052,441.0,5058.0,442.81999987257393,5058.290014793593,0.10274133831262589,1,1.5582259937784935,0.21280079853944234,89,check
3053,397.0,5060.0,398.9700184990111,5059.870032885454,0.161249577999115,1,1.6176246536540722,0.16036169274000658,89,control
3054,318.0,5018.0,321.35999168970665,5018.039956344402,0.10602205991744995,1,3.0158818358169333,0.6688557005351202,89,control
3055,338.0,5065.0,341.15000036915336,5064.769988103931,0.10014168173074722,1,2.793412383182702,0.6744591688154136,89,control
3056,374.0,5060.0,376.72997963568935,5059.539989055579,0.15885868668556213,1,2.3829295192770554,0.4736659708126786,89,control
3057,365.0,5000.0,366.27001901191926,5000.400008723093,0.1549006551504135,1,1.1178080069263558,0.18868875944340222,89,control
3058,392.0,5077.0,396.0,5076.0,0.13116571307182312,0,3.7210192474529475,,89,control
3059,338.0,5079.0,342.7699721574034,5078.499890088971,0.12257122993469238,0,4.420904236965908,1.7835385766922025,89,control
3060,305.0,4869.0,305.67000987175453,4869.9800437198455,0.12211450934410095,1,1.2656941024214063,0.30619249060572634,89,control
3061,418.0,4954.0,419.17005667118536,4954.949912215269,0.13741940259933472,1,1.4441628287856048,0.6924685197377388,89,control
3062,421.0,5072.0,423.8100736033953,5071.64988668312,0.18315191566944122,1,2.456134112478821,0.6073878275384661,89,control
3063,351.0,5049.0,354.6399108813422,5049.279966976132,0.11885099858045578,0,3.3249537926190476,0.5693831588157058,89,control
3064,381.0,5004.0,379.3698923769913,5004.259875737322,0.14468984305858612,1,2.05148049329932,0.6343301473568662,89,control
3065,361.0,4976.0,361.7599642922582,4976.809961353224,0.16030752658843994,1,1.1300917809247755,0.8245229275899486,89,control
3066,357.0,4915.0,354.0,4916.0,0.12815438210964203,0,3.5839634547402865,,89,check
3067,314.0,4954.0,314.9100128967044,4954.720028684525,0.12540188431739807,1,1.1132748078876669,0.22399118453436548,89,control
3068,301.0,4976.0,304.9700844289343,4976.509974477772,0.12941089272499084,0,3.689825995781199,0.883480294397386,89,check
3069,451.0,4919.0,453.1500238106041,4918.810026606951,0.16008581221103668,1,1.791041431235139,0.2135476183673162,90,control
3070,662.0,5061.0,664.2699693674639,5060.840010530554,0.22723332047462463,1,1.916043460769447,0.3122406645133909,90,control
3071,646.0,4960.0,647.5500808825324,4960.399920310085,0.23147618770599365,1,1.3526533091592592,0.6270723881360875,90,control
3072,444.0,4928.0,442.73003311192036,4929.269993541881,0.12154725193977356,1,2.2245597487966964,0.46551073252678515,90,control
3073,637.0,5089.0,639.0,5089.0,0.2197698950767517,1,1.6624580117326688,,90,control
3074,577.0,5069.0,578.8300088647119,5069.029945380447,0.2197379171848297,1,1.4991141351604043,0.3270339865157367,90,control
3075,657.0,5023.0,659.7900190477807,5023.190048789711,0.3139629662036896,1,2.4711125990979945,0.5610290460385136,90,control
3076,641.0,4874.0,640.0000615905793,4875.090017814272,0.11144283413887024,1,1.901881730382925,0.4467262469542568,90,control
3077,469.0,4965.0,470.4201445908184,4965.440035787558,0.22795094549655914,1,1.2627419217189482,0.49393075665105185,90,control
3078,486.0,4921.0,486.6700042367904,4921.730034464312,0.11787194013595581,1,1.0215828567137584,0.3367541456269659,90,control
3079,606.0,5068.0,608.0,5072.0,0.16685234010219574,0,4.548519484811339,,90,control
3080,459.0,4926.0,460.2600396605356,4926.689960122919,0.10628189146518707,1,1.2972838050472688,0.19986197325796368,90,control
3081,487.0,4988.0,487.03002663747304,4988.489957902659,0.12424179166555405,1,0.8034221498479848,0.8335001727276281,90,check
3082,477.0,4939.0,476.0,4941.0,0.12182246148586273,1,2.623168679835343,,90,control
3083,621.0,5003.0,623.0,5004.0,0.11324077844619751,1,2.0584561462211184,,90,check
3084,627.0,5038.0,629.7500589851461,5038.099867673337,0.21900710463523865,1,2.41783848931108,0.5450573730101859,90,control
3085,616.0,5059.0,618.0200499341009,5059.5399970012995,0.20182472467422485,1,1.8382235998634842,0.319789620368728,90,control
3086,665.0,4880.0,667.0,4881.0,0.15435506403446198,1,2.0552737024599814,,90,check
3087,469.0,4984.0,470.0600561483563,4984.750003874354,0.22996555268764496,1,1.2167635827336152,0.2917694145841703,90,control
3088,649.0,4931.0,652.6799998736419,4930.520026464264,0.14628000557422638,0,3.329919212816485,0.6529904276322017,90,control
3089,456.0,4950.0,457.3300868810009,4951.6700318489575,0.17180374264717102,1,2.146357187119851,1.8609151562270294,90,control
3090,637.0,4998.0,637.4800184468208,4999.029990291533,0.12320870906114578,1,1.275768406396168,0.6722836348736353,90,control
3091,485.0,4962.0,488.0,4964.0,0.10661732405424118,0,3.46552468164192,,90,control
3092,455.0,4939.0,455.6000824514694,4940.030002069029,0.18840888142585754,1,1.2966350884278248,0.5647136194466977,90,control
3093,458.0,4988.0,458.06999785817965,4988.789990647561,0.13971857726573944,1,1.0735544232694245,0.6530827529032697,90,control
3094,641.0,4921.0,643.9900603187638,4920.050016558785,0.10262010246515274,1,2.725246838158442,0.45196114663434866,90,control
3095,632.0,4929.0,630.0,4926.0,0.12156250327825546,0,3.6309349570928533,,90,check
3096,646.0,4993.0,647.9099962172106,4993.980001288144,0.25637495517730713,1,1.9744245717946423,0.41205707826707594,90,control
3097,641.0,5059.0,644.610049405932,5059.190030307029,0.18981598317623138,0,3.2826403442950736,0.986106517252394,90,check
3098,447.0,5075.0,449.6299842732227,5074.910005007755,0.11018126457929611,1,2.2792379306957637,0.7113184254975872,90,control
3099,637.0,4937.0,640.0401524428387,4935.769997008017,0.2105007916688919,1,2.858513798034235,0.8448283941552991,90,check
3100,515.0,4885.0,517.9699997358451,4885.109752018382,0.12268861383199692,1,2.6332592177787206,1.1387591687450358,90,control
3101,606.0,4991.0,603.1496998544094,4979.649911249878,0.10838153958320618,0,11.563393943811986,3.039965992916644,90,control
3102,634.0,4953.0,640.0,4950.0,0.11211685836315155,0,6.28074746229966,,90,control
3103,450.0,4906.0,451.0,4906.0,0.14922842383384705,1,0.6848465193277741,,90,control
3104,584.0,4949.0,587.0,4950.0,0.10691788792610168,1,2.9184025104323736,,90,check
3105,460.0,4974.0,461.77999794089135,4974.270014954745,0.1378348171710968,1,1.5116741976510797,0.1736340067105095,90,control
3106,447.0,4976.0,449.6100681707841,4976.379977779243,0.14457684755325317,1,2.336613971550037,0.5129895474774169,90,control
3107,460.0,5005.0,462.45010360872203,5005.92988262381,0.12405373901128769,1,2.3993220139798175,0.5918499464093793,90,control
3108,646.0,5015.0,647.0,5015.0,0.3347085118293762,1,0.686447534623506,,90,control
3109,656.0,4909.0,654.2899770384909,4910.790104812778,0.15478172898292542,0,2.89822971314622,0.6222116238515901,90,control
3110,452.0,4997.0,454.0900480176792,4997.339988019083,0.21756775677204132,1,1.8280648656153902,0.5343620874571756,90,control
3111,653.0,4893.0,654.0,4896.0,0.16486574709415436,0,3.3017698724804743,,90,check
3112,712.0,5007.0,713.8800314524867,5007.94997831382,0.2752537429332733,1,1.9318182176797958,0.36925271308476837,91,check
3113,679.0,4982.0,681.0499829176274,4982.159967774413,0.2060459554195404,1,1.738874623342532,0.18422502392649504,91,control
3114,768.0,5089.0,769.9899928678217,5088.699989118758,0.16940626502037048,1,1.6366962735421762,0.3289274373340813,91,control
3115,691.0,5067.0,694.029980768022,5065.740049260041,0.21841688454151154,1,2.8629706081011457,0.5573723339431972,91,control
3116,687.0,5048.0,689.0200219846789,5048.299951093852,0.2906608283519745,1,1.7492540319517575,0.5401924129367424,91,control
3117,727.0,4967.0,726.9699826038681,4967.920057276417,0.1396806836128235,1,1.2207882144407722,0.5441399927980091,91,control
3118,775.0,4943.0,776.7502348527977,4943.2600731898365,0.12366434931755066,1,1.4780238298077464,0.49703029245268515,91,control
3119,688.0,4979.0,689.2600005530416,4979.240062586942,0.134898841381073,1,1.0215632693915964,0.28806082790108917,91,control
3120,705.0,4911.0,706.9100377473177,4911.179986152715,0.18348070979118347,1,1.6062617455589112,0.8404926456653751,91,control
3121,801.0,4956.0,803.5100238400577,4956.219996649543,0.13845185935497284,1,2.2000989454068876,1.5929580412850763,91,control
3122,778.0,5080.0,779.8300018205853,5080.3600171597445,0.20851454138755798,1,1.591417453782534,0.3357955516581726,91,control
3123,671.0,4948.0,671.9800292943376,4948.689966434079,0.13508431613445282,1,1.1176885915854666,0.15644934800193683,91,check
3124,799.0,4923.0,799.9700420540041,4923.629904876157,0.13262894749641418,1,1.0598066886222055,0.24488986570433532,91,check
3125,822.0,4977.0,823.8999241134745,4978.43996703931,0.20099356770515442,1,2.2774694393466848,0.6700053243370474,91,control
3126,733.0,4873.0,732.8900361052807,4874.139985122627,0.14984768629074097,1,1.4550056582042887,0.20306872715797333,91,check
3127,794.0,4960.0,794.3698389575314,4953.88978799486,0.16702818870544434,0,5.874364784871937,1.7680213653319665,91,control
3128,755.0,4930.0,758.340024927676,4929.190095954783,0.11645673960447311,1,3.0361872274554758,0.57762197798253,91,control
3129,794.0,4892.0,794.64001219884,4892.489966693202,0.15313585102558136,1,0.7780377618664958,0.22700963718768072,91,check
3130,682.0,4924.0,683.4300522086872,4923.6100499135,0.19214782118797302,1,1.0818592923457913,0.5912663016663199,91,check
3131,768.0,5069.0,767.0,5067.0,0.13868294656276703,1,2.2236377647212633,,91,control
3132,853.0,4961.0,851.0800160916588,4929.9399364134915,0.12286368757486343,0,30.90973638107337,0.5943157379790451,91,control
3133,753.0,4982.0,752.8599244925488,4982.879887646516,0.11235638707876205,1,1.2225488410206153,1.0210039572954517,91,control
3134,770.0,5000.0,773.0301074437016,4999.789923929587,0.1846565306186676,1,2.6735678851751477,0.8177316216741448,91,check
3135,741.0,5058.0,736.2998271229546,5059.050107788432,0.16637229919433594,0,5.216964414050868,1.0856672775427498,91,control
3136,703.0,5066.0,704.6799746290027,5066.3999849994725,0.23334763944149017,1,1.4705062207432271,0.2900345404264908,91,control
3137,802.0,4974.0,806.0,4974.0,0.2095278650522232,0,3.650432898153135,,91,control
3138,741.0,5045.0,736.6697846401311,5048.2000905197265,0.14393101632595062,0,5.81161119560202,1.4243524991448109,91,control
3139,780.0,5062.0,783.0899850747085,5062.189967983483,0.15932990610599518,1,2.767928459966166,2.0066294262861772,91,control
3140,756.0,4888.0,757.9799785228894,4888.079966390432,0.1645243614912033,1,1.6511417135414566,0.7120573048255061,91,control
3141,726.0,4983.0,728.0,4980.0,0.10485611855983734,1,3.2139405170901294,,91,control
3142,828.0,5077.0,829.4499867387232,5077.029857361465,0.11534935981035233,1,1.127074397617729,0.9294454614544959,91,check
3143,770.0,4964.0,773.0199583655126,4964.1199299475875,0.1500745564699173,1,2.686158987978758,1.2813775966145098,91,control
3144,733.0,4900.0,735.9100554970331,4900.6100986563615,0.12619882822036743,1,2.687838479658917,0.9201976431918664,91,control
3145,731.0,4992.0,730.6900201924793,4994.119892306027,0.17658524215221405,1,2.449976460671667,0.5582082750689851,91,control
3146,688.0,5007.0,687.2800051252599,5009.410068429908,0.2756316661834717,0,2.85923030862951,1.0056846693260144,91,control
3147,686.0,4874.0,695.0201630858666,4877.989849457564,0.17655088007450104,0,9.637144141992788,1.7202460117950398,91,control
3148,831.0,4921.0,828.9900267911488,4920.9198781396435,0.14012764394283295,1,2.3734183735628505,2.201029479887682,91,control
3149,705.0,4946.0,711.0,4945.0,0.10062946379184723,0,5.693014380804505,,91,control
3150,701.0,4878.0,704.0,4879.0,0.28138208389282227,1,2.9158945187537624,,91,control
3151,836.0,5003.0,832.0,5005.0,0.14165054261684418,0,4.896264572123719,,91,control
3152,696.0,5004.0,699.0,5010.0,0.1097094938158989,0,6.775292778137435,,91,control
3153,674.0,5027.0,677.1699487603579,5027.089985017938,0.20977868139743805,1,2.83276510323989,0.6046603847374356,91,check
3154,672.0,4971.0,674.160010431513,4971.20000379805,0.17738820612430573,1,1.854947932288488,1.0409673603454914,91,control
3155,764.0,4918.0,765.239965552017,4918.720006764093,0.11889640241861343,1,1.3005643492239956,0.24659207054825072,91,control
3156,805.0,5066.0,806.2100296950805,5066.329947921943,0.16410945355892181,1,1.025411950696338,0.2345707722889068,91,control
3157,715.0,5058.0,717.4000389832719,5058.429947341583,0.27626487612724304,1,2.15097423644694,0.4632398440814051,91,control
3158,361.0,5306.0,361.4600917506497,5306.029945662617,0.10033953189849854,1,0.2984170389250419,0.6373879266698761,93,control
3159,331.0,5186.0,332.11000407243495,5185.999997520616,0.14825284481048584,1,0.7959028883133302,0.15030420024468094,93,control
3160,371.0,5272.0,371.40003825030504,5272.040029487079,0.138075053691864,1,0.2914303167701931,0.16886216927357547,93,control
3161,405.0,5246.0,405.53005686926633,5246.009965884241,0.14952711760997772,1,0.3121409421164778,0.660943978310014,93,control
3162,421.0,5218.0,421.6599678027987,5218.129975454293,0.12668612599372864,1,0.4855467170143695,0.29817046997668967,93,control
3163,369.0,5284.0,368.83999971142237,5284.250012861911,0.10632431507110596,1,0.7132771291398317,0.10026849135991671,93,control
3164,394.0,5233.0,394.2100098032356,5233.0899985986225,0.11549977958202362,1,0.36548220285629907,0.18562950960691954,93,check
3165,314.0,5207.0,315.59997955618155,5206.749999760409,0.1489560902118683,1,1.246710970534683,0.4128747064472054,93,control
3166,428.0,5295.0,427.2299737469411,5295.100021057903,0.11035924404859543,1,1.172952080415624,0.20453518033707432,93,control
3167,614.0,5190.0,614.0000081143484,5190.360013327969,0.2534307539463043,1,0.6968998254182504,0.20050352419279371,94,control
3168,542.0,5105.0,543.8300327569598,5105.089984623912,0.13932502269744873,1,1.5121155448022223,0.3591510872942561,94,control
3169,485.0,5259.0,484.2700199702847,5258.79992694782,0.11478739231824875,1,1.0822850104535227,0.629753470231957,94,control
3170,627.0,5136.0,628.3100184642176,5136.310004489506,0.11670954525470734,1,1.1033438166112162,0.2601864617395534,94,control
3171,644.0,5281.0,644.0900643599182,5280.779848162702,0.2698949873447418,1,0.2610255253056378,0.3837890080883272,94,control
3172,613.0,5266.0,614.16001561568,5265.430012313142,0.28932255506515503,1,0.8734271913647899,0.36883156817428775,94,control
3173,590.0,5183.0,590.8500689417483,5183.019959041708,0.1998409777879715,1,0.5618362759237795,0.5176509651072398,94,control
3174,637.0,5221.0,637.8500719287008,5220.509880598427,0.26766204833984375,1,0.55726346780314,1.048698225797723,94,control
3175,578.0,5304.0,578.7000692487907,5304.279972048442,0.16885124146938324,1,0.6288446914319837,0.7411329499483466,94,control
3176,610.0,5299.0,605.0,5298.0,0.18869148194789886,0,5.403470234960325,,94,control
3177,525.0,5216.0,524.3699981456892,5216.309966114979,0.2021457850933075,1,1.1274270516262643,0.5511020887537621,94,control
3178,576.0,5225.0,575.7100845520885,5225.299913001494,0.1823950856924057,1,0.8400939884008779,0.4130954894779625,94,check
3179,662.0,5247.0,668.0,5244.0,0.13165298104286194,0,6.287116962777695,,94,control
3180,535.0,5196.0,534.0799596284753,5196.72001037047,0.12452095746994019,1,1.5960859414026223,0.5961087318537913,94,control
3181,533.0,5184.0,532.4099751699873,5184.510091741797,0.10720892250537872,1,1.2069072600740498,0.839297875261248,94,control
3182,512.0,5196.0,513.8100124068419,5195.21995286545,0.1515142023563385,1,1.5527923624848878,0.6551902032800477,94,control
3183,460.0,5256.0,460.87001913614137,5255.419958917486,0.18460115790367126,1,0.6172504180419206,0.8656905883704809,94,control
3184,545.0,5290.0,544.0499881017944,5290.389976289504,0.12262792140245438,1,1.4463651979556515,0.7796416809389375,94,control
3185,494.0,5260.0,493.1001007939099,5260.379907172721,0.10464520752429962,1,1.3982868304485592,0.8163993494520823,94,check
3186,657.0,5222.0,657.8899521434723,5221.7000139126,0.25542575120925903,1,0.5415959040526045,0.3757776716716098,94,control
3187,456.0,5109.0,457.0,5108.0,0.22123877704143524,1,0.9931593578019468,,94,control
3188,547.0,5218.0,547.7601806765664,5224.83998337087,0.11790451407432556,0,7.094588882392709,1.6851097085605913,94,check
3189,522.0,5267.0,522.6600774032723,5266.350072125714,0.11066661030054092,1,0.5104665720731324,1.2087844540841843,94,control
3190,603.0,5245.0,603.7300708670231,5244.6598888565295,0.3444211781024933,1,0.39137601447508086,0.40960245606107926,94,check
3191,547.0,5280.0,546.0,5281.0,0.1974397450685501,1,1.835616734646967,,94,check
3192,462.0,5219.0,393.0,5374.0,0.1086493730545044,0,170.03221475546763,,94,check
3193,619.0,5254.0,619.9601285190014,5253.839964380619,0.23696742951869965,1,0.6144881085335321,0.4864833248398049,94,control
3194,609.0,5119.0,611.0,5117.0,0.10084889084100723,1,2.40881167235957,,94,control
3195,615.0,5091.0,615.7799867277344,5091.1299131875185,0.14609159529209137,1,0.5638874840081585,0.8126237880737326,94,control
3196,457.0,5092.0,469.9802512017537,5093.679830824718,0.13559693098068237,0,12.770561723024626,5.048799124824864,94,control
3197,522.0,5237.0,522.4400314482148,5237.029931631135,0.19186849892139435,1,0.28733317184408036,0.6751882863330768,94,control
3198,521.0,5196.0,523.0,5195.0,0.11749632656574249,1,1.8126661346418276,,94,control
3199,476.0,5138.0,478.03001666316504,5137.690024869078,0.248893141746521,1,1.6769363897366525,0.3005186759785019,94,control
3200,583.0,5198.0,583.0,5197.0,0.18912935256958008,1,0.8360701690653537,,94,control
3201,592.0,5128.0,590.0,5128.0,0.20466290414333344,1,2.366553773945528,,94,control
3202,577.0,5094.0,583.0,5098.0,0.10889285802841187,0,7.060957071357951,,94,control
3203,575.0,5201.0,571.0,5201.0,0.14440736174583435,0,4.359222991751873,,94,control
3204,656.0,5113.0,658.0,5111.0,0.10530179738998413,1,2.4096807197106695,,94,control
3205,626.0,5308.0,622.6899580943317,5308.649957007472,0.19137272238731384,0,3.766686458581272,0.5872189321072251,94,control
3206,557.0,5231.0,557.1500037501319,5230.91999365725,0.25261059403419495,1,0.2591855170914948,0.25684293683908604,94,control
3207,471.0,5153.0,473.4000166120428,5152.079993945828,0.19109852612018585,1,2.154641114533098,0.5712698754243932,94,control
3208,492.0,5157.0,493.8399494475425,5157.019930302548,0.13381175696849823,1,1.509350496083222,0.2882806049374829,94,control
3209,625.0,5197.0,626.010043703517,5197.279987600943,0.19748179614543915,1,0.8389190705634465,0.3228097637665784,94,check
3210,664.0,5179.0,663.6100427007462,5179.249935944229,0.18378619849681854,1,0.8896189388817287,0.6092321037371462,94,control
3211,444.0,5295.0,444.0,5295.0,0.13513988256454468,1,0.42813058406447885,,94,control
3212,472.0,5187.0,473.22004449081,5186.969971390711,0.13998331129550934,1,0.8930061847578967,0.3135133896074732,94,control
3213,494.0,5213.0,494.75002573801476,5212.909979763115,0.12138877063989639,1,0.4263676127721392,0.31977791579354975,94,check
3214,566.0,5279.0,566.3400727138579,5278.739841046852,0.13794521987438202,1,0.02048288620860555,0.6937409337868886,94,control
3215,633.0,5171.0,632.2800024204771,5170.290063987251,0.18134820461273193,1,1.1711719343771094,0.9376548900176565,94,check
3216,794.0,5295.0,793.5700307947557,5295.4300030718005,0.17085610330104828,1,1.0258803009481352,0.3786487127395931,95,control
3217,761.0,5128.0,760.9699813082478,5128.21997179893,0.16846224665641785,1,0.5968655794949751,0.43278341611196736,95,control
3218,831.0,5115.0,832.2699915132944,5115.179963556087,0.20535914599895477,1,1.0061413431514368,0.13855595134317267,95,control
3219,696.0,5094.0,698.1800210894926,5093.640019636992,0.22965413331985474,1,1.8293944719638886,0.2155152641386975,95,control
3220,834.0,5213.0,832.0100376177558,5214.0099776049665,0.22424012422561646,1,2.652045681177314,1.1226305407810906,95,control
3221,678.0,5260.0,678.3300715538985,5260.990006673906,0.20693083107471466,1,1.2299763340642114,0.5625051543086411,95,control
3222,798.0,5104.0,799.4499618313387,5104.209983149433,0.14739066362380981,1,1.1833090308077554,0.16938276055182228,95,control
3223,736.0,5214.0,736.0,5214.0,0.23917485773563385,1,0.42468363268985054,,95,control
3224,746.0,5304.0,745.3701116347097,5304.059985824004,0.19786489009857178,1,1.0236628420566918,0.4002695479225524,95,control
3225,835.0,5148.0,835.7500243856234,5147.849977541788,0.32043150067329407,1,0.4062961041919482,0.20431427867478635,95,control
3226,740.0,5181.0,743.320033992914,5180.33994581278,0.23102107644081116,1,2.997534142918038,1.3714023483825113,95,control
3227,772.0,5299.0,771.2800263694961,5298.710019974556,0.20649456977844238,1,1.0706361556588977,0.26001826648673343,95,control
3228,683.0,5224.0,683.0,5223.0,0.2055320292711258,1,0.8377802380237191,,95,check
3229,675.0,5295.0,675.2800940458367,5295.070047784805,0.23368555307388306,1,0.3177860424856807,0.49915259728656364,95,control
3230,796.0,5214.0,797.0,5214.0,0.1727927327156067,1,0.69049202183622,,95,control
3231,674.0,5158.0,672.0299514094374,5160.080084387424,0.13606390357017517,0,3.2829877155654095,1.2648612047581502,95,check
3232,694.0,5240.0,694.7901463996559,5240.2699245699205,0.18494753539562225,1,0.6723884548841962,0.5405959819683965,95,control
3233,827.0,5176.0,826.4500570630754,5176.1499728705285,0.174268901348114,1,0.9811717000922457,0.5834307586583772,95,control
3234,797.0,5158.0,797.9499997266831,5158.0700037185425,0.2402823120355606,1,0.67133737647259,0.24214714436168808,95,check
3235,682.0,5109.0,682.1299791174413,5109.859954864583,0.143938809633255,1,1.1217752558215537,0.7471541285971857,95,control
3236,811.0,5128.0,812.9300641831968,5128.3200279071525,0.2608596980571747,1,1.6718568582761835,0.7936496655446351,95,control
3237,726.0,5276.0,726.5900175604874,5275.809979667279,0.20696613192558289,1,0.24479773032398844,0.22926424467455772,95,control
3238,780.0,5160.0,779.0,5154.0,0.10561221837997437,0,5.919711084961121,,95,control
3239,756.0,5112.0,750.0,5115.0,0.1558564156293869,0,7.131208973242952,,95,control
3240,798.0,5271.0,796.3899871086354,5271.430029668831,0.1967337280511856,1,2.070351937119087,0.5579885794859195,95,control
3241,724.0,5252.0,723.5499835654375,5252.010010513157,0.17677748203277588,1,0.8384372115890021,0.2371570853346673,95,control
3242,759.0,5156.0,761.629995993948,5155.430024259265,0.21148405969142914,1,2.3012426815929077,0.955412483783629,95,check
3243,695.0,5293.0,695.1799675564904,5292.550098406849,0.1504518687725067,1,0.27039701109266867,1.0699737941915595,95,control
3244,777.0,5276.0,774.0,5276.0,0.12365511804819107,0,3.358337656677764,,95,control
3245,811.0,5236.0,810.0,5239.0,0.10721587389707565,0,3.507044811234999,,95,control
3246,823.0,5311.0,817.0,5311.0,0.1524311602115631,0,6.3533258827601085,,95,control
3247,774.0,5284.0,767.8299410180579,5285.590167338677,0.177109494805336,0,6.771157734366964,2.053877826620798,95,control
3248,777.0,5229.0,778.2800254111306,5228.31010174983,0.1766958236694336,1,1.0333659503881032,0.5337812643906021,95,control
3249,747.0,5117.0,751.1300587399057,5115.750002296564,0.17751996219158173,0,3.9095239446110597,0.9824847551013485,95,control
3250,719.0,5174.0,720.1900729641291,5173.639937309746,0.2188873291015625,1,0.8462360493866051,0.6568764807213888,95,control
3251,820.0,5238.0,828.0,5080.0,0.10561850666999817,0,157.94965301308866,,95,control
3252,769.0,5129.0,770.560060233916,5129.109968910258,0.23118150234222412,1,1.2554547131440685,0.7773809781884555,95,check
3253,803.0,5131.0,804.7601173395698,5131.029879338668,0.22425682842731476,1,1.4317138622598813,0.9640155081796113,95,check
3254,782.0,5199.0,785.3999772223791,5196.260179295789,0.15566933155059814,0,3.9440510059994462,0.9670192135575119,95,control
3255,765.0,5213.0,769.660063259934,5208.079965545609,0.1296943724155426,0,6.363184296590224,1.4136415937053146,95,control
3256,783.0,5285.0,781.0,5292.0,0.11038297414779663,0,7.609220140512531,,95,control
3257,811.0,5156.0,810.960064166868,5156.27002537985,0.2952462136745453,1,0.6406431911091709,0.8137475698214035,95,check
3258,746.0,5152.0,747.1400387674852,5151.4900520074025,0.15754681825637817,1,0.832728800819009,0.7012156811707565,95,control
3259,718.0,5228.0,719.8599980292521,5229.499925082519,0.21157512068748474,1,2.301958684511257,2.3889506387262838,95,check
3260,698.0,5110.0,699.3700338154337,5110.249941353794,0.23432491719722748,1,1.12722918296788,0.6340688914875304,95,control
3261,840.0,5256.0,836.7199749828952,5255.349982246771,0.11487344652414322,0,3.6537731510576488,0.4037864971990864,95,check
3262,841.0,5133.0,839.5099317639009,5131.420012111547,0.14144383370876312,1,2.2815851692972036,1.5179625171695128,95,control
3263,821.0,5228.0,822.2200653393342,5227.180172333616,0.12240277230739594,1,1.0469152805695208,0.9059213053039064,95,control
3264,673.0,5174.0,673.1302011367136,5174.139986137763,0.2143305242061615,1,0.44003897557039595,0.8916390216030596,95,control
3265,394.0,5407.0,393.44003099741764,5407.009930890692,0.22564898431301117,1,0.9437952458459485,0.23586763710742567,97,control
3266,365.0,5383.0,364.4899662424055,5383.339987060717,0.20682305097579956,1,1.040757260769725,0.3623448436308808,97,control
3267,419.0,5525.0,419.7400303265618,5525.129988133383,0.17164216935634613,1,0.5459978937986429,0.24551736072098365,97,check
3268,375.0,5399.0,374.7600121335251,5399.2899565839925,0.17808915674686432,1,0.7970126774725654,0.2488791747965969,97,control
3269,434.0,5400.0,434.39003607689517,5399.960026750707,0.15569756925106049,1,0.21049125624717366,0.2915307197260157,97,check
3270,442.0,5391.0,441.0,5387.0,0.11330810189247131,0,3.9887885350436374,,97,control
3271,433.0,5497.0,434.2900621840633,5496.639994617752,0.11812924593687057,1,0.951078523025166,0.553281911646606,97,control
3272,373.0,5365.0,376.0,5364.0,0.13172949850559235,1,2.7555123130894286,,97,check
3273,362.0,5429.0,356.69980378268036,5430.00011946124,0.1375347375869751,0,5.784192199240061,1.2930347017557353,97,control
3274,421.0,5406.0,419.639995011778,5406.370021812539,0.13247187435626984,1,1.8159369603812296,0.24033337063151977,97,control
3275,368.0,5340.0,369.1699731034029,5339.170025001844,0.121698759496212,1,1.0058546086444806,0.3670044222618619,97,control
3276,419.0,5396.0,418.55995795805273,5396.500050968461,0.11395857483148575,1,1.0857981836923252,0.5495734470539513,97,check
3277,381.0,5341.0,380.2001716648958,5340.3600152447,0.1474536657333374,1,1.214803709797254,0.8258101298592292,97,control
3278,386.0,5391.0,386.7000571340393,5390.099868800329,0.14540137350559235,1,0.7413843081484508,2.366936606049119,97,control
3279,394.0,5458.0,391.94011295902453,5458.539857140648,0.10023736208677292,1,2.532254971079143,1.2893932832038932,97,control
3280,442.0,5384.0,441.0,5387.0,0.11272626370191574,0,3.5149717990353695,,97,control
3281,412.0,5378.0,412.0,5381.0,0.14591963589191437,0,3.2653967222467353,,97,control
3282,387.0,5431.0,388.52008653382524,5430.699932092921,0.12332244217395782,1,1.1737225211660494,1.2528424817493518,97,control
3283,419.0,5490.0,418.6098723545164,5490.619906195581,0.1270207017660141,1,1.1372350932219393,0.8272014325206888,97,control
3284,441.0,5440.0,438.0,5443.0,0.10011845827102661,0,4.662769077237405,,97,control
3285,438.0,5409.0,437.67000632214865,5409.1799545401445,0.1815018653869629,1,0.800710807406302,0.23878992930072823,97,check
3286,420.0,5432.0,420.29995374186296,5431.740065714136,0.11610542237758636,1,0.049257773081324494,0.34985404052157354,97,control
3287,375.0,5414.0,371.0,5414.0,0.11180771887302399,0,4.355071506023896,,97,check
3288,441.0,5520.0,440.0,5520.0,0.14200319349765778,1,1.3675853710830086,,97,control
3289,413.0,5468.0,406.0,5469.0,0.13484226167201996,0,7.451658470044052,,97,control
3290,404.0,5504.0,404.39005123537015,5503.989968299378,0.17341941595077515,1,0.24143458195770612,0.37797308287686876,97,control
3291,387.0,5418.0,386.7299063243847,5417.929951989797,0.1177254319190979,1,0.6429222217018505,0.5748136548851475,97,control
3292,385.0,5351.0,385.2100319490661,5351.429951624156,0.12051401287317276,1,0.6914365914127403,0.6910576546517827,97,control
3293,405.0,5402.0,404.96005069972534,5402.029919910409,0.11728621274232864,1,0.47677865741267117,1.0758572482936473,97,control
3294,390.0,5373.0,398.47014999321715,5371.669790445409,0.16795973479747772,0,8.193120659026155,2.568301031522629,97,control
3295,449.0,5489.0,449.15000690571173,5489.05999884035,0.22190219163894653,1,0.3635090907579432,0.13424148694282229,98,control
3296,552.0,5492.0,552.1800298800366,5492.030034075626,0.2235899120569229,1,0.31984496989285705,0.18631620944266092,98,control
3297,447.0,5419.0,446.7599728574037,5419.189975421636,0.18976731598377228,1,0.7317183632013237,0.23833797920926286,98,control
3298,511.0,5511.0,511.68998649455085,5510.910003655364,0.20354978740215302,1,0.37798274350150707,0.33609988986596445,98,check
3299,585.0,5388.0,583.8599531749377,5388.509851408469,0.13975445926189423,1,1.667338300222015,0.42307316910555925,98,check
3300,596.0,5323.0,595.6300565143057,5322.829956966271,0.1649238020181656,1,0.722965351830312,0.4789571929569702,98,control
3301,637.0,5367.0,636.370057482283,5367.299980227037,0.20473982393741608,1,1.117871468469181,0.27361155763160844,98,control
3302,560.0,5522.0,560.0900329159754,5521.669963214252,0.16261540353298187,1,0.2689336142311841,0.3180777110217584,98,control
3303,449.0,5330.0,446.09986643280155,5330.480105676065,0.11998289823532104,0,3.3299782744974613,1.5563117370552795,98,check
3304,476.0,5471.0,475.9900183946307,5471.189947697612,0.19989736378192902,1,0.5625844584768019,0.19328981439971965,98,control
3305,628.0,5530.0,628.5600270435558,5530.279997743878,0.1864149421453476,1,0.5648220581637654,0.2903464279811018,98,control
3306,660.0,5483.0,661.3700121204002,5482.929989068703,0.1919500082731247,1,1.0388968897086237,0.4085106715965163,98,control
3307,528.0,5447.0,527.9100025283705,5447.260011654343,0.17427030205726624,1,0.6669459865313728,0.22525462098792684,98,check
3308,554.0,5405.0,553.6000280736441,5405.259996101841,0.16632772982120514,1,0.9012129895025452,0.4063201236305969,98,control
3309,468.0,5457.0,468.7199490620603,5457.199939671315,0.23679158091545105,1,0.5812974807453334,0.8926040296602819,98,check
3310,579.0,5480.0,580.4799333012485,5479.180100486558,0.20664753019809723,1,1.2725579441098687,0.8314422784750757,98,control
3311,636.0,5476.0,635.7400677994947,5476.14996633397,0.1680213063955307,1,0.7210643286441172,0.24987884251146866,98,control
3312,620.0,5397.0,620.0699996613681,5396.869993609333,0.24795638024806976,1,0.2991697398228992,0.2907327199813237,98,control
3313,518.0,5449.0,518.0299995328742,5448.929996732255,0.13929203152656555,1,0.36147607918873065,0.2997059796070358,98,control
3314,516.0,5497.0,516.240005053537,5496.829988296671,0.27666932344436646,1,0.12917583519494044,0.42458337297536125,98,control
3315,595.0,5425.0,594.8700376188236,5425.2399892756375,0.2799745798110962,1,0.6783457160802339,0.3428787486075737,98,control
3316,533.0,5529.0,534.8600216961014,5528.549963955762,0.237066388130188,1,1.5293008862277744,0.511293419258698,98,control
3317,634.0,5504.0,634.6499581912362,5503.719960500616,0.2415490746498108,1,0.30747895662127617,0.38666536017640596,98,control
3318,628.0,5427.0,627.6799734452387,5426.990066404525,0.2755938768386841,1,0.7059060840484059,0.3248516713448703,98,check
3319,649.0,5447.0,648.7600656097561,5447.019961070296,0.1855328232049942,1,0.6416860245979247,0.3767440982427072,98,control
3320,625.0,5329.0,624.6200676394112,5329.339976072959,0.18607747554779053,1,0.9324848228804763,0.28744028299317764,98,control
3321,458.0,5383.0,457.4900249028035,5383.300000062111,0.21199801564216614,1,1.0171544805372592,0.7882469222303263,98,control
3322,612.0,5393.0,612.0200245776056,5393.129788653968,0.16045543551445007,1,0.49546674978215666,0.4171700685279451,98,control
3323,533.0,5470.0,532.8900472633528,5470.349836751155,0.1488332599401474,1,0.7488022238691066,0.4746167733306563,98,control
3324,603.0,5503.0,607.1000804512679,5502.119957108957,0.19445772469043732,0,3.8088211665348553,1.3946414179037967,98,control
3325,456.0,5390.0,458.5000713678744,5391.059908849551,0.15220920741558075,1,2.5168897419589333,0.698263144856345,98,check
3326,659.0,5390.0,658.6499994391735,5389.550028251125,0.21235761046409607,1,0.7282764292655595,0.33958166442321713,98,control
3327,592.0,5411.0,592.2300170802367,5411.3800088842445,0.2480400949716568,1,0.6333985127313121,0.40535292549077473,98,control
3328,452.0,5448.0,451.9000448720202,5447.869915339259,0.1725156158208847,1,0.4616391716366546,0.6040268077523082,98,control
3329,498.0,5509.0,493.0,5506.0,0.1503525972366333,0,6.013439182369977,,98,control
3330,573.0,5321.0,573.6899420342625,5320.580013977915,0.1028364896774292,1,0.3838443848425484,0.449898979101277,98,control
3331,466.0,5372.0,465.97007947016584,5372.289966332902,0.1318003237247467,1,0.6556986593892764,0.3585716777529359,98,control
3332,664.0,5399.0,663.4401122544433,5399.329897658063,0.1954285055398941,1,1.0717072837206558,0.39630128265663417,98,control
3333,576.0,5386.0,574.0200084039939,5386.3400121367295,0.14915145933628082,1,2.3997928673685776,0.6282652135347665,98,control
3334,640.0,5338.0,639.2099941939634,5338.040056309508,0.19287186861038208,1,1.173079656007196,0.2062209030571051,98,control
3335,484.0,5501.0,484.7400222122135,5500.769974805415,0.30693671107292175,1,0.3948347924447851,0.3448934515242141,98,control
3336,555.0,5471.0,555.6300016856833,5471.03995025864,0.28918662667274475,1,0.4013144921302687,0.3131055325632884,98,control
3337,538.0,5378.0,536.940044943743,5378.449995472496,0.1285351663827896,1,1.5698108649899438,0.684826921892284,98,check
3338,590.0,5345.0,588.9899739911134,5345.219874764005,0.15546424686908722,1,1.4353688267062101,0.8838366373563342,98,control
3339,455.0,5370.0,454.43005744962545,5370.1999751724325,0.17949841916561127,1,1.0210969190629646,0.33372035310699333,98,check
3340,576.0,5437.0,585.0,5443.0,0.10135144740343094,0,10.670246131667598,,98,control
3341,666.0,5449.0,664.3800562747143,5449.229977410089,0.13907751441001892,1,2.021623278157656,0.5272754519703806,99,control
3342,731.0,5360.0,730.339983003543,5360.33002709361,0.23139825463294983,1,1.1575047000710563,0.21993301663658252,99,control
3343,830.0,5400.0,826.0,5401.0,0.1345079392194748,0,4.519197420557612,,99,control
3344,731.0,5399.0,730.2099757112811,5399.220025951357,0.15462902188301086,1,1.226269585187679,0.6934552163284281,99,control
3345,702.0,5323.0,701.1499949028166,5323.170062474777,0.166836678981781,1,1.2670520615006013,0.3429232164053753,99,control
3346,828.0,5462.0,827.0,5462.0,0.12890967726707458,1,1.3658985700151411,,99,control
3347,823.0,5471.0,824.0,5471.0,0.1257430464029312,1,0.6965682029415305,,99,check
3348,669.0,5504.0,669.6300404542365,5503.760013936713,0.13101604580879211,1,0.2852948341805108,0.25518290392326515,99,control
3349,833.0,5323.0,822.1898022019956,5314.839909324912,0.15647269785404205,0,13.686013225791408,1.4122899682245162,99,check
3350,671.0,5481.0,670.1400013513235,5480.829990550657,0.11832786351442337,1,1.20737977483717,0.6999691506524149,99,control
3351,714.0,5471.0,712.320027624983,5471.700018702741,0.1128101721405983,1,2.232746520456496,0.9954333685036135,99,control
3352,680.0,5376.0,679.3399825527459,5376.310026353168,0.2104901522397995,1,1.1482491837131734,0.20958246534948008,99,control
3353,674.0,5340.0,674.1299989525149,5339.739987444063,0.2218521237373352,1,0.21963064419174655,0.3617633924395888,99,control
3354,763.0,5329.0,762.320047967625,5328.959968766504,0.1752135455608368,1,1.0475058574912022,0.2741402972566448,99,control
3355,760.0,5362.0,757.6700000109888,5362.899944173947,0.20279142260551453,1,2.909709222245606,0.5469202715665739,99,check
3356,789.0,5384.0,787.6000098163604,5384.449966113912,0.2198815494775772,1,1.877632403777583,0.32483900997477677,99,control
3357,816.0,5383.0,815.7700800682309,5383.359817286303,0.1624096781015396,1,0.8301041672951267,0.4219222607238148,99,control
3358,681.0,5365.0,680.1301027493971,5365.059991233569,0.16659432649612427,1,1.254421381670044,0.4915292701641638,99,check
3359,694.0,5358.0,694.2801103313045,5358.149991184583,0.2370137721300125,1,0.3956546970161371,0.511225959079654,99,control
3360,781.0,5399.0,780.9800159390511,5398.740027847178,0.16431370377540588,1,0.36756213204926275,0.24871452476590059,99,control
3361,777.0,5359.0,776.540092458435,5358.929940157215,0.2259359359741211,1,0.8250255088288183,0.2806898483140318,99,control
3362,746.0,5364.0,745.3699807332287,5364.180020864094,0.2699155807495117,1,1.0637078359069412,0.17660416211752866,99,control
3363,780.0,5332.0,779.9200674761237,5331.839950799934,0.20694126188755035,1,0.4354336263399649,0.6849030532018764,99,check
3364,828.0,5440.0,823.0,5440.0,0.12720254063606262,0,5.350997158849545,,99,control
3365,719.0,5370.0,718.8000325478899,5370.129986780992,0.3362685441970825,1,0.6605935465134325,0.2912816927202354,99,control
3366,806.0,5403.0,812.0,5403.0,0.10941822081804276,0,5.658275266001598,,99,control
3367,758.0,5514.0,758.6399819386612,5513.7900003397,0.10237890481948853,1,0.29719423958927954,0.36964318107859107,99,control
3368,763.0,5372.0,761.4099773121168,5372.319928561471,0.21190236508846283,1,2.016419554157328,0.36524510812126537,99,control
3369,691.0,5437.0,690.6200024424548,5437.089952335145,0.16597798466682434,1,0.7977852380291718,0.10654359477811098,99,check
3370,696.0,5464.0,697.8400826030091,5463.999898964672,0.1274360567331314,1,1.5136079765945167,0.5169313947235391,99,control
3371,827.0,5349.0,826.0,5354.0,0.13067665696144104,0,5.40720921553209,,99,control
3372,733.0,5372.0,732.7101147554961,5372.639962611156,0.1829943209886551,1,1.0857676873959774,0.674431812294568,99,control
3373,680.0,5322.0,678.5700619565288,5322.169970906189,0.2782158851623535,1,1.8257119258733656,0.47450460787250465,99,check
3374,733.0,5384.0,732.4299807005712,5384.080015809489,0.21245066821575165,1,0.9713155137535846,0.20064490654755898,99,control
3375,734.0,5321.0,733.9100725154678,5321.079959910645,0.22611460089683533,1,0.5423566165228283,0.26052988245108916,99,control
3376,776.0,5491.0,776.4200105905286,5490.779982388391,0.11196798086166382,1,0.07750258565459384,0.33806166630820894,99,control
3377,795.0,5353.0,794.1600384944774,5353.159883193181,0.16338138282299042,1,1.2525753988131778,0.411340069628731,99,control
3378,812.0,5368.0,811.1101861961613,5368.509963264615,0.15531620383262634,1,1.4453061770197078,0.9317438184419086,99,control
3379,811.0,5340.0,811.390052362363,5340.039970150485,0.26045870780944824,1,0.2799477494019639,0.618976684107325,99,check
3380,809.0,5330.0,812.0,5327.0,0.15734267234802246,0,3.829571981159176,,99,control
3381,695.0,5405.0,694.910002753769,5404.270012024564,0.1495407372713089,1,0.6566706541172086,0.7864059252773592,99,control
3382,779.0,5343.0,779.2098928764656,5342.830056592436,0.11071155220270157,1,0.15405278052888646,0.43385186280052673,99,control
3383,672.0,5409.0,671.7000444549485,5409.179931324093,0.1926352083683014,1,0.7716019636308828,0.41053089018548694,99,control
3384,387.0,5724.0,388.6000488670833,5723.539946906048,0.1309182345867157,1,1.2772869978216819,0.5853308396557999,101,control
3385,336.0,5714.0,337.0399996776969,5713.919996136635,0.2030314952135086,1,0.7194936587920612,0.1527233541168027,101,control
3386,342.0,5754.0,342.94002685508667,5754.290049110947,0.16172771155834198,1,0.8072486764627154,0.35630720838192725,101,check
3387,420.0,5711.0,421.55997576453933,5710.290080215948,0.1392725110054016,1,1.3040461789702418,0.6341551994408502,101,control
3388,410.0,5713.0,409.7600414353385,5712.590004712769,0.16807113587856293,1,0.602730780747386,0.9058994786754812,101,control
3389,363.0,5717.0,363.6000140989331,5716.639973148117,0.12215959280729294,1,0.2820766978147847,0.7923204237371525,101,control
3390,442.0,5727.0,439.0,5726.0,0.11017869412899017,0,3.4239128104260512,,101,control
3391,427.0,5749.0,425.8200184120274,5749.469961895586,0.14007903635501862,1,1.680561614678151,0.8132218557835938,101,control
3392,367.0,5749.0,366.0,5749.0,0.12947149574756622,1,1.3628308242952651,,101,control
3393,333.0,5725.0,334.4200105905286,5724.779982388391,0.19229646027088165,1,1.0798605387330535,0.6904278580194851,101,control
3394,409.0,5702.0,409.3699712664889,5701.760005314797,0.22071170806884766,1,0.03018401833589549,0.4597732620946543,101,control
3395,346.0,5737.0,346.68004343233605,5736.810014660828,0.11628025770187378,1,0.34500888468307683,0.4300615676713131,101,check
3396,560.0,5723.0,561.6199642933262,5722.039973023895,0.1006845161318779,1,1.4666454851667141,0.6911105622353249,102,control
3397,665.0,5539.0,666.850038906968,5538.329993058427,0.1183202862739563,1,1.566012172093552,0.25205615538798304,102,control
3398,524.0,5570.0,523.6800163277371,5570.250053490424,0.1268138736486435,1,0.8277543556630782,0.42448327268684155,102,control
3399,630.0,5638.0,630.7000297472706,5638.169990515864,0.14599032700061798,1,0.5463198912016821,0.252024355577101,102,check
3400,511.0,5743.0,510.6098991201744,5743.450033508082,0.1928711235523224,1,1.0080785055530177,0.5415027671362658,102,control
3401,543.0,5570.0,545.360073622928,5569.389924222436,0.1520194113254547,1,2.049412321397101,0.9070423251180328,102,check
3402,455.0,5566.0,455.63002400014125,5566.029986910555,0.1082802340388298,1,0.39769546729231914,0.3088977186183694,102,control
3403,621.0,5555.0,621.7700614720062,5554.819953440469,0.17108063399791718,1,0.4308991922114972,0.20326808381676884,102,control
3404,609.0,5734.0,610.0200014166384,5734.030000659867,0.12035360187292099,1,0.733428125715409,0.2673005511153795,102,control
3405,609.0,5656.0,611.2999608427608,5655.76991067868,0.11572826653718948,1,1.958754037353398,0.4445273308445342,102,check
3406,662.0,5588.0,662.959974344697,5588.570044544068,0.2115698605775833,1,1.0195056299719731,0.25763130911531806,102,control
3407,584.0,5597.0,585.0,5596.0,0.14848735928535461,1,1.002263339273942,,102,control
3408,595.0,5685.0,596.7400399619289,5684.200087309061,0.1426476240158081,1,1.5060592923701686,0.4759101215372704,102,check
3409,461.0,5693.0,462.839987990697,5692.7299936104,0.13009709119796753,1,1.499288874027608,0.4259739267632187,102,control
3410,551.0,5748.0,548.0,5749.0,0.10241853445768356,0,3.563655052563584,,102,control
3411,476.0,5752.0,476.0,5751.0,0.1616254448890686,1,0.8264156552214217,,102,control
3412,586.0,5634.0,587.7300437056529,5633.740010942285,0.2196260243654251,1,1.388272552123458,0.3820385015315286,102,check
3413,445.0,5540.0,442.74991038903465,5540.720040348479,0.10481032729148865,0,2.7689428483284084,1.1524938896844594,102,control
3414,586.0,5567.0,586.8999907195935,5567.109909742293,0.11744546890258789,1,0.6590301049144829,0.3052152475342595,102,control
3415,570.0,5549.0,563.9698771724248,5549.170134151521,0.14248353242874146,0,6.387557670950845,0.7941549604712539,102,control
3416,539.0,5685.0,539.350070998721,5685.289920745621,0.10046602040529251,1,0.5347190573703416,0.4691641169865979,102,control
3417,452.0,5717.0,453.16999863021186,5716.659983580698,0.13607622683048248,1,0.8348712969404942,0.28368882401283646,102,control
3418,623.0,5654.0,625.1401965481665,5653.919977767495,0.15272162854671478,1,1.806276343145774,0.8802097959237103,102,control
3419,535.0,5670.0,533.519999867234,5670.139956440238,0.12727248668670654,1,1.8613790114225397,0.5654661781001056,102,control
3420,462.0,5683.0,463.4600899474612,5682.949942700846,0.11203973740339279,1,1.136094972391812,0.38106537961917414,102,control
3421,610.0,5546.0,612.519980708356,5545.289924971423,0.16088269650936127,1,2.2257243342981194,0.62011025728117,102,control
3422,553.0,5626.0,554.0,5625.0,0.21855291724205017,1,1.0020045908355049,,102,control
3423,534.0,5552.0,532.8999985517721,5552.100005956199,0.1965589076280594,1,1.4845627578502172,0.48076273741303144,102,control
3424,468.0,5739.0,465.8500782949457,5739.720141103324,0.12550584971904755,1,2.6707925591216726,0.6120764806013546,102,control
3425,524.0,5688.0,525.9398696387448,5687.599957578978,0.1439986526966095,1,1.6065836943624539,0.7975787533444878,102,control
3426,486.0,5547.0,486.4999796857436,5546.920008308158,0.15925145149230957,1,0.2271897650184898,0.4677380755170324,102,control
3427,646.0,5626.0,646.7499744589982,5625.9200622351855,0.14503367245197296,1,0.4390817710851696,0.8949196817793105,102,check
3428,605.0,5631.0,607.2200595925138,5630.639996195542,0.24189521372318268,1,1.8818326730193944,0.4566941883592397,102,check
3429,575.0,5646.0,576.7099860512295,5645.500084609618,0.21094520390033722,1,1.3921498101231775,0.30940024727697596,102,control
3430,494.0,5699.0,495.50999651006015,5698.650035108918,0.17676739394664764,1,1.1740040749496716,0.4322131074851964,102,control
3431,527.0,5631.0,528.5199822293748,5631.000010819131,0.10519356280565262,1,1.2030011767746298,0.5584145039421595,102,control
3432,518.0,5548.0,516.0,5548.0,0.1909903585910797,1,2.356967740800329,,102,control
3433,493.0,5578.0,494.6000545020474,5577.789956161581,0.17154540121555328,1,1.256980887061797,0.5433687223670651,102,control
3434,562.0,5653.0,563.6199780426386,5652.649995607398,0.16107255220413208,1,1.2828681366186634,0.5032897886470782,102,control
3435,599.0,5658.0,600.3400457778863,5657.829963502829,0.16018061339855194,1,1.0014791291521572,0.2701987024117867,102,control
3436,556.0,5611.0,558.2700072911939,5610.879989471582,0.19803880155086517,1,1.9314555907022095,0.36784960335298894,102,control
3437,616.0,5616.0,618.9600799464537,5615.399717900487,0.10975701361894608,1,2.6422067246792995,1.903746927403921,102,control
3438,512.0,5707.0,514.0,5707.0,0.2262343317270279,1,1.6776976225422497,,102,check
3439,502.0,5540.0,502.0,5540.0,0.15356498956680298,1,0.4227695986533642,,102,control
3440,547.0,5704.0,548.0699682174253,5703.760108660882,0.15262071788311005,1,0.7296778434001217,0.4902707075435208,102,control
3441,570.0,5663.0,572.0,5660.0,0.14429083466529846,0,3.216800063860868,,102,check
3442,732.0,5639.0,733.1099878437383,5639.279970864678,0.258718341588974,1,0.9280106727899211,0.22324236284714186,103,control
3443,804.0,5748.0,801.8700428029907,5748.4699977907285,0.16373997926712036,1,2.567940640691098,0.25040086449800897,103,control
3444,755.0,5563.0,754.3699949901094,5563.16996093188,0.17099420726299286,1,1.0554611157616751,1.3025571662528752,103,control
3445,793.0,5622.0,793.7200290785509,5621.7500710998975,0.1727934628725052,1,0.3787871286801867,0.17931776310215938,103,control
3446,795.0,5716.0,795.3600322614483,5715.8400229842455,0.12924301624298096,1,0.08133887531930266,0.14798576786348575,103,control
3447,707.0,5651.0,706.9199404064183,5651.129992133787,0.2154713124036789,1,0.56086939476822,0.42961649166524285,103,control
3448,745.0,5591.0,749.0,5589.0,0.22943155467510223,0,4.059359057172832,,103,control
3449,722.0,5572.0,723.4799469954759,5571.859872931363,0.15302911400794983,1,1.1414172490927337,0.4346378282489799,103,control
3450,756.0,5635.0,756.0,5633.0,0.17749126255512238,1,1.7935266586994811,,103,control
3451,709.0,5751.0,708.0,5753.0,0.16003194451332092,1,2.610182189896269,,103,control
3452,715.0,5679.0,715.7700316626244,5679.13998782741,0.19390079379081726,1,0.5738954487796628,0.24300825080653038,103,check
3453,779.0,5683.0,780.5700395852997,5682.820017510433,0.11516547203063965,1,1.2314677268280338,0.28695315513484937,103,control
3454,805.0,5682.0,805.5099944814731,5681.560031776926,0.17274467647075653,1,0.2638784312115149,0.37367276788457016,103,control
3455,796.0,5698.0,793.0,5700.0,0.10509619116783142,0,4.0203987501953184,,103,control
3456,803.0,5736.0,803.0,5736.0,0.2612718343734741,1,0.41414594900302915,,103,control
3457,679.0,5582.0,681.35006620858,5581.719996227132,0.15884165465831757,1,2.0076447779855804,0.6138338628146339,103,check
3458,755.0,5686.0,757.2800506006848,5685.499893075924,0.25074052810668945,1,1.957492171311086,0.7701220030662506,103,control
3459,668.0,5554.0,669.9900307915517,5553.739968059786,0.1190212145447731,1,1.6466138397793617,0.3272030603818385,103,control
3460,671.0,5654.0,672.2300214195806,5653.929932662291,0.1668921262025833,1,0.905301099190214,0.4521589912704684,103,control
3461,793.0,5551.0,794.8200175104331,5551.4299604147,0.13607250154018402,1,1.6209140979242072,0.6246293045562036,103,control
3462,784.0,5750.0,780.0,5752.0,0.14514599740505219,0,4.8820375966604015,,103,control
3463,725.0,5543.0,725.529992517133,5543.4400268834725,0.17050319910049438,1,0.7047909204255509,0.2865226334444236,103,control
3464,768.0,5611.0,769.1100011422536,5610.869992707738,0.3334454894065857,1,0.775897209061525,0.16698795499823396,103,control
3465,777.0,5583.0,777.8800334810737,5583.039981645812,0.2490384876728058,1,0.6054699615091709,0.14802626329836568,103,control
3466,744.0,5748.0,744.4900747726574,5747.869998624872,0.2812179625034332,1,0.18722857836471543,0.29134102530388806,103,control
3467,820.0,5533.0,822.0,5527.0,0.12041951715946198,0,5.996068277262794,,103,check
3468,675.0,5615.0,676.5999949400551,5614.789941679302,0.15989728271961212,1,1.2583653030429935,0.23320099316710127,103,check
3469,743.0,5717.0,744.0,5717.0,0.2513028085231781,1,0.7029071988202468,,103,control
3470,777.0,5623.0,777.800050128978,5622.910015658258,0.22554916143417358,1,0.48210258789200156,0.30787431884284816,103,check
3471,737.0,5651.0,737.7500500810597,5650.990019747022,0.2801622152328491,1,0.46924605566630406,0.08085613273915936,103,control
3472,714.0,5568.0,715.7100172697739,5567.599969187848,0.11951589584350586,1,1.3763303388170849,0.36648889030196663,103,control
3473,695.0,5702.0,692.799955573437,5703.000027047828,0.16812078654766083,0,2.826846832624838,1.0208107315238428,103,control
3474,816.0,5551.0,817.0,5551.0,0.1688699573278427,1,0.698536160398118,,103,control
3475,749.0,5673.0,749.5100597352007,5673.16997225858,0.21171219646930695,1,0.44330030381923113,0.3533031484749497,103,check
3476,808.0,5590.0,807.5400592680747,5590.099968990835,0.21598923206329346,1,0.8703148870127428,0.5577961384015578,103,control
3477,756.0,5754.0,756.5800528600104,5753.749955131493,0.24653293192386627,1,0.24194138937120532,0.29115285276934083,103,control
3478,809.0,5601.0,807.0,5599.0,0.1471988558769226,0,2.930820252865297,,103,control
3479,712.0,5724.0,713.4499681424985,5723.489993515632,0.13662497699260712,1,1.1429433211634232,0.5684464462714262,103,control
3480,789.0,5727.0,781.419890621721,5720.099868686787,0.12005259841680527,0,10.34818074551354,2.062146410895556,103,control
3481,693.0,5643.0,693.9399986802661,5643.040002833277,0.24275578558444977,1,0.661311777918192,0.23879235124264386,103,check
3482,817.0,5650.0,818.0,5648.0,0.10031352937221527,1,1.8815123111383143,,103,check
3483,818.0,5618.0,814.0,5621.0,0.11291362345218658,0,5.415783621784907,,103,control
3484,715.0,5625.0,715.8700559328786,5625.409936007408,0.1902683973312378,1,0.837808504459458,0.4345214254049401,103,control
3485,761.0,5654.0,762.3098950576604,5654.119968490742,0.2095102071762085,1,1.0335521732939146,0.4468899157899379,103,check
3486,810.0,5623.0,814.0,5621.0,0.1004660353064537,0,4.060911575756676,,103,control
3487,401.0,5792.0,401.19996564892153,5791.790010257237,0.16005809605121613,1,0.1439599806779502,0.2720788601824357,105,control
3488,442.0,5794.0,442.86993337114444,5793.899984745688,0.14105670154094696,1,0.5515233583816237,0.3977069128815259,105,control
3489,395.0,5842.0,394.35002473524406,5841.879928106402,0.15939077734947205,1,0.9958225500585404,0.28042498619144396,105,control
3490,439.0,5840.0,438.7300053311257,5839.680031260814,0.10210447013378143,1,0.6116587238016361,0.17247258477297453,105,check
3491,386.0,5798.0,385.8500289894312,5797.889976768687,0.10586550086736679,1,0.5079106260153877,0.2982337340580777,105,control
3492,386.0,5821.0,387.0,5820.0,0.10047059506177902,1,1.0011487409300939,,105,control
3493,355.0,5787.0,355.48999441722606,5786.590033338387,0.1183052808046341,1,0.220302778499896,0.21893008505589606,105,control
3494,373.0,5828.0,373.4600366398576,5827.870021840924,0.10245834290981293,1,0.17072921472527275,0.3519371051198277,105,check
3495,420.0,5763.0,420.0800745266582,5762.889949044664,0.10306011140346527,1,0.29362333523245315,0.3639901328896901,105,control
3496,400.0,5877.0,399.7899570064042,5876.080030234997,0.10840875655412674,1,0.8656281993727828,0.5363027229810758,105,control
3497,601.0,5858.0,599.8800125190072,5858.1099472152255,0.2515222728252411,1,1.4987024354579332,0.23294016668744424,106,control
3498,636.0,5910.0,635.2300696548734,5910.070011889662,0.14260882139205933,1,1.148421435783011,0.26876881736319874,106,control
3499,602.0,5803.0,601.0401125472928,5802.9999314788365,0.1767394244670868,1,1.3202427667664678,0.9783316577033678,106,check
3500,446.0,5821.0,446.9400135565714,5820.700027267886,0.20431096851825714,1,0.6044821302828441,0.4379173017055405,106,control
3501,597.0,5963.0,597.0100030750041,5963.120004217258,0.16150599718093872,1,0.4874130630792657,0.10236918829650599,106,control
3502,585.0,5820.0,582.3601083910781,5821.289897980366,0.2133718580007553,0,3.349191513313784,1.1733031068157103,106,control
3503,492.0,5905.0,490.9000181614472,5904.9700381654575,0.14143036305904388,1,1.4518516387032518,0.15740171457525431,106,control
3504,446.0,5762.0,446.4200121683186,5761.84998497994,0.17632047832012177,1,0.12640647646738418,0.19958378427935958,106,control
3505,527.0,5870.0,526.2400104631025,5870.069997181984,0.2840600907802582,1,1.1408660625557703,0.21303982016026252,106,control
3506,641.0,5896.0,641.0,5896.0,0.20644737780094147,1,0.4140775974752864,,106,check
3507,446.0,5967.0,446.2000290426894,5966.960031033279,0.12436369806528091,1,0.24757765011001454,0.3124174638728761,106,control
3508,560.0,5854.0,559.4200182540798,5854.119994975917,0.3512083888053894,1,0.9865173934295323,0.2045778877166944,106,control
3509,510.0,5899.0,508.86999789190514,5899.120007372838,0.22167269885540009,1,1.510746739793524,0.24803495535281345,106,check
3510,663.0,5803.0,663.1599962314034,5802.569980474104,0.23607417941093445,1,0.2584701216383852,0.35349458882347795,106,check
3511,619.0,5828.0,618.9900445408642,5827.34999064329,0.2035597860813141,1,0.5346263824783712,0.3157133350733051,106,control
3512,540.0,5774.0,538.3400505112562,5775.039971277478,0.15985232591629028,1,2.3760314854066675,1.0692547273457143,106,check
3513,552.0,5869.0,550.0,5869.0,0.26328045129776,1,2.3490905315585495,,106,control
3514,599.0,5782.0,599.350041865535,5781.639956243225,0.210397869348526,1,0.11704125689254721,0.29104317722473766,106,control
3515,632.0,5852.0,631.4100544551972,5852.099971921016,0.1915809065103531,1,0.9878103538241496,0.21748230913669334,106,control
3516,618.0,5958.0,617.7799932075216,5958.060007180096,0.25209349393844604,1,0.6317023670559331,0.225931390461068,106,control
3517,553.0,5810.0,552.7599872829118,5809.829999115803,0.23424318432807922,1,0.5825404528948794,0.5079144262263205,106,control
3518,470.0,5796.0,476.22023810986315,5796.989956015999,0.2294108271598816,0,6.010535616158496,2.522748004154712,106,control
3519,544.0,5840.0,543.3799587889921,5840.189983986781,0.30428454279899597,1,1.0513235566479209,0.1686845157129849,106,control
3520,505.0,5940.0,505.62002408071703,5940.049987876396,0.1881263256072998,1,0.4114539298858294,0.3025634049821994,106,control
3521,461.0,5907.0,459.0,5907.0,0.17159363627433777,1,2.348741804012246,,106,control
3522,559.0,5940.0,555.0,5940.0,0.11460565030574799,0,4.341449352649994,,106,control
3523,557.0,5908.0,557.8299896490628,5907.819997167791,0.17754681408405304,1,0.49895883060094043,0.3999095922595235,106,control
3524,579.0,5761.0,580.679941664041,5760.580014203313,0.13305781781673431,1,1.3526398853998685,0.6509588822381954,106,control
3525,514.0,5844.0,514.3300054553479,5843.699981455206,0.2666093707084656,1,0.054571233457534896,0.4079489877586012,106,check
3526,545.0,5821.0,545.9099402615955,5820.139992729407,0.24753710627555847,1,0.8401775288131845,0.4928448607076402,106,control
3527,664.0,5880.0,665.9899217537314,5878.830039011348,0.23281380534172058,1,1.8966440667198066,0.6598955106414427,106,control
3528,522.0,5762.0,521.900132608833,5763.1199760992085,0.16422340273857117,1,1.4341824308714834,3.4149711242843583,106,control
3529,489.0,5815.0,489.00003476815016,5814.89997375793,0.2198626846075058,1,0.36812901945525334,0.5912247758715721,106,check
3530,564.0,5833.0,563.8699875235711,5832.659990342655,0.40459179878234863,1,0.4767500960886857,0.22537671349497573,106,control
3531,593.0,5891.0,595.0,5889.0,0.1388922780752182,1,2.419375449687672,,106,check
3532,664.0,5817.0,663.9601496496953,5816.420082437586,0.18683448433876038,1,0.5061698370995975,0.4804699708874357,106,control
3533,562.0,5872.0,562.6200462816325,5871.320191040629,0.14998987317085266,1,0.5194264245163993,0.822193792705893,106,check
3534,490.0,5786.0,488.51998538495474,5786.14001600223,0.26174721121788025,1,1.8591095834619802,0.6804342153174137,106,control
3535,487.0,5953.0,486.0,5951.0,0.1795077919960022,1,2.203173019032306,,106,control
3536,619.0,5797.0,618.440084981217,5797.119852861279,0.18216459453105927,1,0.9683213948367342,0.9229533337252802,106,control
3537,575.0,5968.0,577.0,5967.0,0.1370241492986679,1,1.8293713982195305,,106,control
3538,527.0,5805.0,526.6799652190341,5805.339886194017,0.19391141831874847,1,0.8806322093781568,0.5317731186846638,106,control
3539,533.0,5968.0,534.2300599627351,5967.639995970143,0.13896191120147705,1,0.9033831561002379,0.9893924980066391,106,control
3540,452.0,5930.0,451.0,5931.0,0.20489279925823212,1,1.8274088551305565,,106,control
3541,615.0,5882.0,615.079963911048,5881.910017404676,0.23379011452198029,1,0.2983312132865953,1.0805621973650485,106,control
3542,664.0,5779.0,664.900020472204,5778.429958611512,0.19058582186698914,1,0.6507029952142188,0.5933791650025345,106,control
3543,638.0,5948.0,637.9500125744014,5947.640024821159,0.10772634297609329,1,0.40136426306152323,0.5212342711358151,106,control
3544,739.0,5865.0,737.8300259950029,5864.7899735172705,0.2007017880678177,1,1.5059754056844274,0.13312572938524136,107,check
3545,714.0,5831.0,712.8899957021665,5830.990002109163,0.15906256437301636,1,1.4649405061296168,0.19637238463770876,107,control
3546,726.0,5760.0,726.8100275085458,5759.889977670281,0.2450709491968155,1,0.4894244649538193,0.499433960971317,107,control
3547,680.0,5767.0,681.0400281346872,5766.539959528367,0.1368105560541153,1,0.7349603697929538,0.3062863773621463,107,control
3548,742.0,5823.0,742.7100939620569,5822.36001180695,0.18220867216587067,1,0.5469972846329356,0.9530209841285245,107,control
3549,673.0,5839.0,672.8900155940114,5839.229951432483,0.17566555738449097,1,0.6497267626336773,0.27967400513206603,107,control
3550,731.0,5795.0,727.0,5797.0,0.13531261682510376,0,4.881899426901264,,107,control
3551,675.0,5930.0,674.0,5929.0,0.12318060547113419,1,1.5344702570164546,,107,control
3552,802.0,5879.0,800.3701114093111,5879.049985453783,0.1006695032119751,1,1.9861510587601985,0.5360646129921266,107,control
3553,720.0,5807.0,721.9800125580726,5805.590022293857,0.13845591247081757,1,2.0164507588763176,0.6079612640362935,107,control
3554,766.0,5839.0,765.7100294412963,5839.139989179801,0.15064091980457306,1,0.7323341874437879,0.32616480420737737,107,control
3555,673.0,5808.0,672.8400145877276,5807.91003729652,0.264252245426178,1,0.5199933292650537,0.17244774179536415,107,control
3556,715.0,5877.0,716.0,5874.0,0.13750243186950684,1,2.8377975664955795,,107,control
3557,736.0,5763.0,737.2500230048464,5762.610016948539,0.2058691680431366,1,0.9240606671322102,0.9010843868293149,107,control
3558,673.0,5775.0,674.119904928347,5774.870000539917,0.1066715195775032,1,0.7897356677648695,0.3656452689265048,107,control
3559,691.0,5829.0,686.5799693489992,5830.329984661908,0.16464699804782867,0,5.009659506898485,1.280128346081489,107,control
3560,733.0,5820.0,728.0,5817.0,0.13526666164398193,0,6.00805991554417,,107,check
3561,796.0,5766.0,793.0,5767.0,0.12058365345001221,0,3.5603545706582973,,107,control
3562,722.0,5780.0,722.1200441695748,5780.119979198017,0.19970110058784485,1,0.42123818588789314,0.6913005517691843,107,control
3563,678.0,5755.0,676.4399409498479,5756.299949684689,0.10735706239938736,1,2.4456536615119884,2.3283321469455602,107,control
3564,723.0,5932.0,720.0,5931.0,0.10186160355806351,0,3.419398073036345,,107,control
3565,760.0,5898.0,759.8300264458,5897.809974257713,0.12726616859436035,1,0.507259248076402,0.5313171401572298,107,check
3566,733.0,5895.0,732.9999386348193,5894.91998255595,0.1799553781747818,1,0.37159618519101867,0.39471195198802006,107,control
3567,726.0,5846.0,726.0,5842.0,0.13014020025730133,0,3.774283282267971,,107,check
3568,687.0,5868.0,683.9299186875802,5868.149955626695,0.19603846967220306,0,3.428348248846158,0.717578099065542,107,check
3569,675.0,5865.0,670.0,5863.0,0.14861029386520386,0,5.618065057193162,,107,control
3570,754.0,5874.0,753.4900163376581,5873.9199859937,0.19333073496818542,1,0.8604342192539514,0.4732972050846426,107,control
3571,762.0,5860.0,759.7099805298078,5860.9699088417665,0.10925832390785217,0,2.891064964879919,0.780165448715696,107,control
3572,421.0,6038.0,422.23001798183094,6038.42001036513,0.11767677217721939,1,1.1192595091125368,0.6402797435550822,109,check
3573,414.0,5995.0,415.83002960137986,5994.949979440812,0.1785281002521515,1,1.5095039877569676,0.3780332390088891,109,check
3574,441.0,6005.0,439.9000317421322,6005.92997712258,0.1333659589290619,1,1.855440419297892,1.0111406881517493,109,control
3575,440.0,6188.0,443.0900414811208,6188.049977282663,0.10300957411527634,1,2.777300002006501,0.2950896844079092,109,control
3576,384.0,6001.0,384.51002474165193,6001.259998130428,0.1455955058336258,1,0.5392941052762803,0.39028210797612795,109,control
3577,426.0,6138.0,429.869983466397,6137.479983678671,0.18235252797603607,0,3.550192479744482,0.4126648583557587,109,control
3578,415.0,6014.0,418.0900692051443,6013.28002281989,0.11018022894859314,1,2.796812441514193,0.6062633828922872,109,control
3579,433.0,6112.0,438.2500968237194,6109.599971498605,0.10451294481754303,0,5.369138199194335,1.4003761174022067,109,control
3580,399.0,6016.0,402.3999382851985,6016.8900319913355,0.12399084866046906,0,3.2715310600222116,1.948241944082319,109,control
3581,442.0,6016.0,440.96007408440494,6016.71004166959,0.1217670664191246,1,1.6743721038990658,0.5217073307726926,109,control
3582,414.0,5979.0,413.88997699408566,5979.15997138079,0.12349572777748108,1,0.6036084652345122,0.5191457004155061,109,control
3583,413.0,6156.0,416.0,6156.0,0.11828481405973434,1,2.6818765203068513,,109,control
3584,388.0,6108.0,123.0,5936.0,0.10642887651920319,0,316.06860146856815,,109,check
3585,397.0,5989.0,399.78997143191236,5988.720053929164,0.10773162543773651,1,2.4562765458981137,0.6974250266801493,109,control
3586,429.0,6189.0,432.5199856103533,6189.150016372451,0.1362890750169754,1,3.2159738204960924,0.3563157184911625,109,control
3587,394.0,6120.0,397.0,6120.0,0.12012829631567001,1,2.6809648804250092,,109,control
3588,443.0,6169.0,444.9099921600365,6168.79999462416,0.19950701296329498,1,1.5814132171186508,0.5508404852932881,109,control
3589,389.0,6022.0,390.29005609830205,6022.369984621775,0.1648184210062027,1,1.1400050253424423,0.42260638001605755,109,control
3590,470.0,6151.0,472.810071912063,6150.860050603889,0.24871312081813812,1,2.482757090709228,0.2879620009914139,110,control
3591,452.0,6193.0,454.76999035791596,6192.9500033330605,0.320789098739624,1,2.4493502627010013,0.13391918675946876,110,control
3592,502.0,6028.0,503.9199959112363,6027.949999952082,0.20832492411136627,1,1.5995957463152795,0.26529958696624756,110,control
3593,585.0,6139.0,587.9100327885493,6138.959978007845,0.24135251343250275,1,2.5886308601346344,0.19885769322835836,110,control
3594,547.0,5997.0,547.0799581074565,5997.009924522761,0.2458232045173645,1,0.35976075648058053,0.30368771054364313,110,check
3595,548.0,6142.0,551.0,6144.0,0.32143083214759827,0,3.489439660665841,,110,control
3596,567.0,5989.0,568.0299625107383,5988.930019272111,0.1680496633052826,1,0.7183617291292791,0.5477990255008547,110,control
3597,505.0,6105.0,506.88998758781815,6104.629988781194,0.25632578134536743,1,1.5641573698031643,0.20127840236210318,110,control
3598,540.0,6044.0,542.8698704281737,6043.7499647100885,0.21048521995544434,1,2.537844931580827,0.8496766401721144,110,check
3599,556.0,6025.0,556.99004048369,6025.1699839793055,0.1965758204460144,1,0.7778733531229693,0.31150452080050484,110,control
3600,579.0,6102.0,580.399996326172,6102.1799606259065,0.23646171391010284,1,1.1509423353576609,0.5708752234449167,110,control
3601,546.0,6025.0,547.5200244356776,6025.229996794365,0.288038969039917,1,1.279307917974872,0.2301768960236885,110,control
3602,529.0,6068.0,531.2499940970589,6067.970052816364,0.2501772940158844,1,1.9306743342933543,0.31144875893748947,110,control
3603,516.0,6162.0,518.2800442895251,6162.219882709725,0.3311014771461487,1,2.0058967206804517,0.8770798087924445,110,control
3604,463.0,6088.0,464.63997286594747,6088.030068787005,0.18664687871932983,1,1.337955406623646,0.8777823139378144,110,control
3605,567.0,6009.0,567.8300961507276,6009.260005399954,0.20409606397151947,1,0.7089046090818477,0.49350068177546813,110,control
3606,490.0,6184.0,492.7500182998621,6183.57996754581,0.26343947649002075,1,2.4273492397233776,0.5006921838120514,110,check
3607,664.0,6106.0,667.5701432135544,6106.489937673559,0.13780376315116882,0,3.321982480128577,0.6201795466823871,110,check
3608,461.0,6062.0,464.71005068553256,6061.439940724449,0.16734573245048523,0,3.3925641597236122,1.4560089109867513,110,control
3609,557.0,6173.0,559.7599814225491,6172.569989490047,0.2898293733596802,1,2.438112117341573,0.35696203841372953,110,control
3610,484.0,6029.0,485.0,6030.0,0.21307113766670227,1,1.4146312272457193,,110,control
3611,537.0,6179.0,540.2000134901884,6179.270005488005,0.2883699834346771,1,2.9173638954870236,0.4024547876077666,110,control
3612,563.0,6037.0,566.1598919837243,6037.229975944156,0.12443549931049347,1,2.867455772219573,0.4349831549281437,110,control
3613,557.0,6062.0,561.0,6065.0,0.16477809846401215,0,4.8981569738685895,,110,check
3614,582.0,6008.0,582.8999978755763,6008.070004845536,0.11619700491428375,1,0.6487511342417145,0.36148782430946447,110,control
3615,594.0,6156.0,596.0,6157.0,0.202675923705101,1,2.0837721567177176,,110,control
3616,627.0,6149.0,629.7200593955008,6148.8099541972415,0.14741629362106323,1,2.3915197249320808,0.39185556244617037,110,control
3617,611.0,6195.0,612.9399901151206,6194.659988764865,0.17141379415988922,1,1.6147078070928738,0.32760246225074835,110,check
3618,510.0,6084.0,512.4500148567726,6083.919986895294,0.32759708166122437,1,2.125411552745955,0.3739636698392097,110,check
3619,564.0,6144.0,567.2001053409466,6144.05998965578,0.3353983461856842,1,2.8868411979792366,0.26774861705030883,110,control
3620,461.0,6020.0,463.1999523504062,6020.199988414177,0.2088155448436737,1,1.9200048823784304,0.27376325014822683,110,check
3621,573.0,6075.0,572.549955841414,6075.77996497593,0.13378214836120605,1,1.2889717582251972,1.7757636775175283,110,control
3622,559.0,6073.0,563.6599178761736,6073.200060147691,0.16603952646255493,0,4.351555614180491,1.5099936816526114,110,control
3623,578.0,5995.0,578.8300271219956,5994.839975368377,0.1909218430519104,1,0.5041256676197529,0.40904079118706294,110,check
3624,465.0,5985.0,465.5300787329271,5984.980001795712,0.16343261301517487,1,0.300583406987967,0.9160086415826315,110,control
3625,526.0,6128.0,528.8499926434911,6127.920000419208,0.39189401268959045,1,2.5254660377038882,0.33226039693601644,110,control
3626,483.0,6043.0,484.5099815769837,6042.630093930467,0.1396334022283554,1,1.1840753558740007,0.5085667992826018,110,control
3627,562.0,5997.0,561.7699639295128,5997.4200432733205,0.26220929622650146,1,0.8716581810139196,0.8512099481756711,110,control
3628,622.0,6125.0,624.3600564926371,6124.629896085613,0.11487241834402084,1,2.034193110230717,0.6261071121780741,110,control
3629,656.0,6078.0,658.6498960930886,6078.250025202061,0.11603779345750809,1,2.3709999113234,0.45638453782043353,110,control
3630,542.0,6111.0,544.4000694120781,6110.779997321467,0.30980050563812256,1,2.0698464227481517,0.3945009389375275,110,control
3631,467.0,6043.0,468.26001075274814,6043.049995990744,0.22516168653964996,1,0.974303563692383,0.45976897393610705,110,control
3632,500.0,6057.0,501.5499447401132,6056.930030091243,0.22939252853393555,1,1.2308826575383944,0.4459205576853515,110,control
3633,594.0,6105.0,597.3799075667467,6104.559983202692,0.1399955451488495,1,3.0558000373607084,0.7050427025598606,110,control
3634,473.0,6114.0,474.920074406708,6113.790045532955,0.18349739909172058,1,1.589960871766008,0.24338220310478165,110,control
3635,494.0,6106.0,496.36997464746736,6105.910010868118,0.2406933605670929,1,2.045351964370493,0.2220413269894868,110,control
3636,651.0,6137.0,651.0,6138.0,0.10817062854766846,1,1.2864944386231107,,110,control
3637,650.0,6167.0,653.3400753618695,6166.499928745668,0.23580963909626007,1,3.02233512570921,1.856850458536253,110,control
3638,536.0,6128.0,529.0,6128.0,0.20598748326301575,0,7.334169012780425,,110,control
3639,780.0,6189.0,781.3501627359368,6188.360071425714,0.1077708899974823,1,1.0977216783892865,0.3222855949858591,111,control
3640,675.0,6142.0,677.3500131831461,6142.009992481271,0.18828624486923218,1,2.036640507275359,0.09159192696881971,111,control
3641,688.0,6025.0,690.0899904275028,6025.070060124955,0.1565641164779663,1,1.7855639304156201,0.5387748648699703,111,check
3642,735.0,6073.0,738.0,6073.0,0.11768807470798492,1,2.6802691828031655,,111,check
3643,725.0,6164.0,727.7800369916142,6164.3599957468805,0.25910645723342896,1,2.5244091707752228,0.2632545205020723,111,control
3644,733.0,6016.0,733.8599975216838,6016.120007598236,0.23591811954975128,1,0.6396959894055211,0.3466354627685036,111,control
3645,678.0,6083.0,680.2199657131686,6082.7600086957755,0.22522185742855072,1,1.8893856257053359,0.18337292948729306,111,check
3646,745.0,6090.0,746.8800404684292,6090.349993122674,0.1866275519132614,1,1.6587789421691976,0.37866336629528685,111,control
3647,695.0,6044.0,696.9999217299269,6044.169954789348,0.174803227186203,1,1.7186030758375395,0.856007366095426,111,control
3648,744.0,6128.0,746.290030120696,6127.860025302479,0.20210415124893188,1,1.963400970163745,0.18501897208777335,111,control
3649,672.0,6182.0,674.2199923101991,6181.940052381896,0.12024838477373123,1,1.900664892613081,0.37318581861367384,111,control
3650,707.0,6080.0,708.7501241253314,6079.989974667309,0.18922068178653717,1,1.4384071887783396,0.48570983140279766,111,control
3651,698.0,6163.0,700.820059716736,6162.659946389935,0.23503784835338593,1,2.4934105233059984,0.3680586004407582,111,control
3652,782.0,6166.0,784.4700345306948,6165.760017543091,0.15814447402954102,1,2.1418533265369417,0.19370943868468543,111,control
3653,684.0,6144.0,686.6600857997904,6144.0800025677445,0.21246877312660217,1,2.3532648063955364,0.29101695060471205,111,control
3654,670.0,6098.0,672.2300432832413,6097.899968573763,0.17929311096668243,1,1.905170946586957,0.21317588780421437,111,check
3655,775.0,6080.0,779.0,6073.0,0.14973050355911255,0,7.691519496119281,,111,check
3656,719.0,6007.0,723.0,6012.0,0.10303456336259842,0,6.397305362253176,,111,control
3657,690.0,6186.0,689.1100187801128,6186.009938328845,0.1799432337284088,1,1.2439712964597238,0.6371747079006429,111,control
3658,760.0,6074.0,761.42005144444,6073.949966142297,0.22582395374774933,1,1.1061041866289854,0.3079099376310617,111,control
3659,804.0,6193.0,806.1499832388624,6193.0099599671075,0.1337670385837555,1,1.839611129418777,0.8378885778972428,111,control
3660,716.0,6095.0,721.8400571329713,6092.869857129658,0.2087836116552353,0,5.824497787947594,1.4227583599529032,111,check
3661,750.0,6146.0,752.1300201967513,6146.039938988712,0.1749129444360733,1,1.8230473509417588,0.1762262626925499,111,control
3662,701.0,6126.0,703.5200244356776,6126.229996794365,0.17232051491737366,1,2.2409231835704935,0.2728530636560728,111,control
3663,731.0,6126.0,732.0,6121.0,0.1633170247077942,0,4.805425031600607,,111,control
3664,758.0,6100.0,757.8400038253677,6100.789936269736,0.111658476293087,1,1.141294166651711,0.4510058938781992,111,control
3665,712.0,6033.0,714.8999193233335,6032.870042520821,0.2798551619052887,1,2.5706742191450584,0.6140313211429531,111,control
3666,744.0,6015.0,745.2300136992582,6015.230003330924,0.23993302881717682,1,1.0139878365648354,0.2347709680977131,111,control
3667,778.0,6155.0,779.0,6154.0,0.13925038278102875,1,1.0137445531103075,,111,control
3668,699.0,6192.0,702.7100138887954,6191.449963634527,0.21166355907917023,0,3.396112885973402,1.0265876861879977,111,control
3669,753.0,6035.0,754.4498973673492,6035.349877266125,0.16347327828407288,1,1.2647905708864353,1.0256701669431616,111,control
3670,749.0,6190.0,750.0,6191.0,0.13386207818984985,1,1.411763694197819,,111,check
3671,757.0,6130.0,759.0,6129.0,0.12027490884065628,1,1.8351616891781555,,111,control
3672,750.0,6052.0,752.0,6056.0,0.11540376394987106,0,4.557475054235019,,111,control
3673,746.0,6163.0,748.7499918714589,6163.050007486071,0.2282465696334839,1,2.4390778316852564,0.3215837760774346,111,control
3674,735.0,6045.0,737.6299179492735,6044.609979418835,0.1246437206864357,1,2.303426167895515,0.8069874946795927,111,control
3675,710.0,6128.0,713.2000186175842,6128.1400972592555,0.1470855325460434,1,2.8959898648846716,0.9121085671141705,111,check
3676,706.0,6044.0,707.4799478402989,6044.539957668407,0.15770259499549866,1,1.389403498877004,0.7965722682377475,111,control
3677,686.0,6072.0,689.0,6072.0,0.17180337011814117,1,2.6801765766108248,,111,control
3678,780.0,6012.0,782.3000413668195,6011.699959591546,0.2022179216146469,1,1.9690100635187688,0.8093904699318992,111,control
3679,717.0,6023.0,715.0,6023.0,0.1880762279033661,1,2.344402014744047,,111,control
3680,737.0,5992.0,741.0,5993.0,0.13698190450668335,0,3.871694283156912,,111,control
3681,742.0,6007.0,743.1201444719361,6006.570143946521,0.11705642938613892,1,0.8102696462219927,0.7369172480031904,111,control
3682,797.0,6136.0,795.3098044457512,6137.670153056614,0.10627690702676773,0,2.7794841762784563,1.7964223352669961,111,control
3683,547.0,6367.0,545.9501272471857,6366.799963125132,0.14427544176578522,1,1.3748112847300153,0.5497428883852633,114,control
3684,598.0,6259.0,599.5000390223373,6258.910022420216,0.1931581348180771,1,1.1837009626650514,0.12939705902407414,114,control
3685,505.0,6237.0,506.8900701972352,6237.009957769893,0.1747855246067047,1,1.5836939678978552,0.2928176997095136,114,check
3686,562.0,6291.0,562.790051111148,6290.970018104985,0.1753125786781311,1,0.5120729928757684,0.16567356205019265,114,control
3687,531.0,6210.0,533.6900266722665,6210.049986298606,0.279151976108551,1,2.380588117313724,0.26450015684836936,114,control
3688,581.0,6251.0,582.739991726636,6251.060008081691,0.21761956810951233,1,1.4458528965753616,0.2837554788359811,114,control
3689,470.0,6260.0,471.41011379179076,6260.089986033074,0.11466722190380096,1,1.1347489049460153,0.28851604159522987,114,control
3690,498.0,6217.0,496.0,6216.0,0.117731474339962,1,2.44653518229223,,114,control
3691,486.0,6396.0,486.5098388429211,6396.939942836507,0.15186747908592224,1,1.203015410556355,0.9187906397639473,114,control
3692,540.0,6260.0,541.5700574485575,6259.969963501761,0.28264737129211426,1,1.262042591973952,0.5932355279897673,114,control
3693,654.0,6202.0,656.0399764616448,6201.889958003835,0.18203656375408173,1,1.7174252541850625,0.3147673822884492,114,control
3694,623.0,6360.0,622.720013976847,6360.0800462950665,0.12473685294389725,1,0.6859716367006151,0.6971727168043993,114,control
3695,465.0,6228.0,466.2399738917639,6228.090020462283,0.17206008732318878,1,0.9729415524383551,0.9076538298692326,114,check
3696,524.0,6403.0,522.910031886955,6402.9199765269595,0.1501627266407013,1,1.42321813001562,0.2170410972100557,114,control
3697,508.0,6324.0,507.9700684256362,6323.799948192056,0.12489224970340729,1,0.3584457169603846,0.3889730031380962,114,control
3698,531.0,6303.0,530.0,6302.0,0.16459119319915771,1,1.5246090780497545,,114,control
3699,510.0,6359.0,510.2399630726328,6358.610002691658,0.17036345601081848,1,0.16536332427726502,0.47345787241056625,114,control
3700,502.0,6199.0,504.9899743851394,6198.879958760606,0.31533876061439514,1,2.664639692876822,0.42075771467400475,114,control
3701,447.0,6309.0,448.0,6310.0,0.14450286328792572,1,1.41948597857441,,114,control
3702,561.0,6216.0,562.8799567320194,6215.920022282869,0.3062751293182373,1,1.5610602472741122,0.297855045708016,114,control
3703,472.0,6396.0,472.0999250381145,6396.50986853876,0.13145264983177185,1,0.7910925911758605,0.7735865294892911,114,control
3704,537.0,6244.0,538.6900225032362,6244.579812752082,0.17795304954051971,1,1.5939394781209661,0.41341182240325336,114,control
3705,453.0,6417.0,453.5300103803908,6416.5899728748,0.1092790737748146,1,0.261790276147322,0.7807072245703408,114,control
3706,573.0,6399.0,571.9900014329671,6399.0800031871695,0.1328449249267578,1,1.3726483378705467,0.2654815700231795,114,control
3707,585.0,6378.0,583.7099939969505,6378.210014311207,0.19537778198719025,1,1.6769572684183494,0.3080391861016864,114,control
3708,608.0,6243.0,609.9399941722949,6242.83999542885,0.1912459284067154,1,1.615302566318457,0.3327005255778545,114,control
3709,578.0,6323.0,576.0,6323.0,0.2083539515733719,1,2.33808635305802,,114,check
3710,604.0,6340.0,603.0,6337.0,0.16529330611228943,0,3.056454350254864,,114,control
3711,618.0,6299.0,618.0,6300.0,0.19358256459236145,1,1.2868621329251588,,114,control
3712,570.0,6267.0,571.8300555789859,6266.459938760109,0.2570640444755554,1,1.5320469886549073,0.4846476948089764,114,control
3713,560.0,6340.0,560.2999863127986,6339.899952513693,0.20186364650726318,1,0.1485945522506793,0.875102675853773,114,control
3714,488.0,6351.0,487.4199940796622,6350.690038618391,0.24303144216537476,1,0.9068388100077105,0.37262940831223795,114,check
3715,627.0,6265.0,632.0898605411585,6260.949930133612,0.1075175330042839,0,6.096935126865279,1.7101789280421502,114,control
3716,468.0,6202.0,470.27008313865394,6201.95994735364,0.21973545849323273,1,1.9527846766997123,0.5242110154219226,114,control
3717,633.0,6241.0,633.769992780529,6240.700090661654,0.13260474801063538,1,0.44655837574188717,0.5468061783688601,114,control
3718,621.0,6330.0,622.6100401645908,6328.780015127953,0.10290658473968506,1,1.6132143565561814,1.512947261092958,114,control
3719,476.0,6322.0,478.0,6321.0,0.13030683994293213,1,1.8354020176669466,,114,control
3720,614.0,6368.0,613.4300362621603,6368.259940371625,0.17607329785823822,1,1.0267694738699722,0.83346803784892,114,control
3721,620.0,6386.0,622.0,6388.0,0.11919429153203964,1,2.802186280002668,,114,control
3722,516.0,6276.0,515.920022114241,6276.4699596416,0.1208759993314743,1,0.8245091328438957,0.8155935341696514,114,control
3723,571.0,6372.0,570.0,6372.0,0.18089012801647186,1,1.3466643828144291,,114,check
3724,619.0,6210.0,622.3701787483969,6209.10984601127,0.162069633603096,0,3.110208290516211,0.9456026275524858,114,check
3725,652.0,6317.0,653.0,6320.0,0.14282682538032532,0,3.31373107500033,,114,check
3726,653.0,6278.0,654.0,6278.0,0.13941185176372528,1,0.7169078754874559,,114,control
3727,479.0,6276.0,477.24005289480385,6276.30998352744,0.10819419473409653,1,2.1599520776372,1.6025751316999213,114,control
3728,520.0,6340.0,523.0,6342.0,0.1087380051612854,0,3.4939591227083406,,114,check
3729,591.0,6287.0,594.1200141347946,6287.4300132147355,0.20930041372776031,1,2.87462499019204,1.4293921178904223,114,control
3730,522.0,6385.0,519.0,6386.0,0.1775771975517273,0,3.5502483903570794,,114,check
3731,463.0,6299.0,464.0,6298.0,0.18576878309249878,1,1.0091993209614223,,114,control
3732,819.0,6304.0,818.0,6304.0,0.11482614278793335,1,1.3462795174540216,,115,control
3733,819.0,6363.0,816.8200012249653,6363.350017014922,0.1166916936635971,1,2.5719263698082946,0.36926759410997884,115,check
3734,809.0,6292.0,808.9499929647262,6291.769992611901,0.10471655428409576,1,0.3751675130249835,0.3193594787385744,115,control
3735,717.0,6215.0,718.5699441281645,6214.870027419117,0.2186713069677353,1,1.2477856142776644,1.1548299792253787,115,control
3736,709.0,6203.0,712.9302401093057,6200.269816772636,0.11347046494483948,0,4.3781740695272084,5.403913836576053,115,check
3737,754.0,6220.0,755.4098558773754,6219.859979150858,0.10320226848125458,1,1.0876224660944736,0.5076818780314453,115,control
3738,717.0,6198.0,721.1600581041525,6197.029915402439,0.2379409223794937,0,3.9009361169950973,0.9353454307525033,115,control
3739,781.0,6362.0,779.7100321460791,6362.259993622457,0.10220951586961746,1,1.6894547077865867,0.3541699564793291,115,control
3740,770.0,6354.0,771.8899967173031,6354.74983707773,0.11112330853939056,1,1.8537026274857658,2.321152884217175,115,control
3741,676.0,6216.0,678.7000272678864,6216.059986443429,0.24788197875022888,1,2.3919883526166212,0.7007136065388069,115,control
3742,694.0,6288.0,695.3201069101927,6287.28989888196,0.18666884303092957,1,1.098760956030107,0.542400307663789,115,control
3743,709.0,6212.0,710.0301297581594,6212.779960581501,0.1753973662853241,1,1.2406847693166074,1.9533368357894572,115,check
3744,757.0,6395.0,758.5100329127714,6394.979928202239,0.10695542395114899,1,1.207899847957383,1.8812641044205003,115,control
3745,710.0,6224.0,711.5099802813635,6223.9300084529805,0.17916692793369293,1,1.1954614986909995,0.1452816796288416,115,control
3746,677.0,6263.0,678.749985109502,6262.74999637943,0.15347568690776825,1,1.4238046033745988,0.528483072320702,115,control
3747,823.0,6398.0,823.0,6398.0,0.10814221203327179,1,0.40212176022034596,,115,control
3748,768.0,6382.0,766.6500238389897,6381.989984978872,0.13232330977916718,1,1.6889102874792195,0.6401121792165534,115,control
3749,676.0,6236.0,674.0,6235.0,0.10862306505441666,1,2.446802046892945,,115,control
3750,695.0,6204.0,693.0,6204.0,0.14525747299194336,1,2.340211371866664,,115,check
3751,697.0,6272.0,697.0,6272.0,0.13112834095954895,1,0.4065165417183753,,115,control
3752,806.0,6213.0,804.3597791922591,6214.110190759217,0.14207099378108978,1,2.3860265381625383,0.6104484186387238,115,control
3753,747.0,6199.0,748.540001903297,6198.840041466928,0.13943354785442352,1,1.2152346565938104,0.434361004343689,115,control
3754,693.0,6237.0,695.6900387319328,6236.29983940802,0.21658223867416382,1,2.4070913040999034,0.7700737559185067,115,control
3755,805.0,6363.0,804.0,6363.0,0.1460428684949875,1,1.3450118214809847,,115,check
3756,724.0,6364.0,723.2199458780948,6363.879976116296,0.1079702228307724,1,1.1104169864531208,0.6214860426353179,115,control
3757,702.0,6241.0,703.5900173350889,6240.799979297058,0.15957586467266083,1,1.264096582150145,0.7007099341060784,115,control
3758,568.0,6639.0,569.0599487450971,6639.269994161306,0.13900969922542572,1,0.9050417055890276,0.21002685723653683,118,control
3759,475.0,6542.0,474.13004053939324,6542.299889052475,0.1987634003162384,1,1.3107201288042947,0.42866629600576,118,control
3760,500.0,6619.0,501.1000903688048,6619.559973398697,0.14655877649784088,1,1.1251348340571465,0.8283217987604875,118,control
3761,648.0,6493.0,647.2799954331216,6492.98005251039,0.12360824644565582,1,1.0647514578732264,0.30724036236906144,118,check
3762,660.0,6450.0,658.120010303019,6450.260006920973,0.13909737765789032,1,2.258765362812595,0.26981241793313565,118,control
3763,551.0,6500.0,549.5400112014094,6500.6099733898445,0.11846822500228882,1,1.9764911216122525,0.2775516265875828,118,control
3764,635.0,6504.0,633.0,6505.0,0.1283346265554428,1,2.6335294369137268,,118,control
3765,551.0,6535.0,550.4000195422242,6535.209998758706,0.14544549584388733,1,1.0274721547407981,0.327005664961794,118,control
3766,449.0,6564.0,450.3399715649874,6564.179924956162,0.2023458331823349,1,1.1072085797025393,0.4100909929291044,118,control
3767,635.0,6591.0,636.2600603404323,6594.250077439443,0.18718403577804565,0,3.6203521601042947,2.1403241287487016,118,control
3768,512.0,6602.0,510.0,6604.0,0.10740907490253448,0,3.229890500023798,,118,control
3769,629.0,6512.0,627.0,6512.0,0.12461358308792114,1,2.333258566419624,,118,control
3770,626.0,6551.0,626.3700188823573,6551.230000175345,0.1976466178894043,1,0.4784066248032087,0.3025056429553838,118,control
3771,642.0,6520.0,640.0,6521.0,0.1089264303445816,1,2.6331097428754915,,118,check
3772,561.0,6505.0,563.4299924780677,6504.959951804841,0.10286885499954224,1,2.1194270309107823,1.2238970662637367,118,control
3773,540.0,6430.0,539.070022708793,6430.249948115752,0.15306177735328674,1,1.3477185885732044,0.7843884782294145,118,check
3774,478.0,6614.0,477.6600226314211,6614.919982161924,0.1461889147758484,1,1.3420974400834265,0.5623259562130889,118,control
3775,642.0,6566.0,642.8799350937572,6565.959986741618,0.17420972883701324,1,0.59741059935765,0.5562057429062613,118,control
3776,660.0,6597.0,661.580015161679,6596.719976560686,0.17685577273368835,1,1.2623912485764424,0.8247483292439047,118,control
3777,524.0,6552.0,525.0,6552.0,0.12371807545423508,1,0.7241664709019846,,118,control
3778,599.0,6523.0,599.4600163539868,6522.969988521002,0.10660554468631744,1,0.2575562308578449,0.47780379610898877,118,control
3779,566.0,6572.0,567.1400027037148,6571.889992771985,0.10287827998399734,1,0.8323375546643318,0.37571509543800546,118,control
3780,509.0,6444.0,506.77005786562916,6444.659947516928,0.1894020438194275,1,2.7090876109806956,0.5880122103252868,118,control
3781,517.0,6583.0,513.4699970577618,6585.740039342504,0.12848341464996338,0,4.8729938177502,2.7369049140842403,118,control
3782,610.0,6544.0,610.2100222569278,6543.999935704638,0.1790231466293335,1,0.26931114533379413,0.4308287230939725,118,check
3783,458.0,6441.0,454.4699333818242,6442.200101452399,0.2013639211654663,0,4.116385624961173,1.6331480161975527,118,check
3784,659.0,6517.0,654.8899727115129,6517.969964346585,0.10307829827070236,0,4.593639244543912,1.1177304789428133,118,control
3785,620.0,6475.0,619.1599537997021,6475.329994128649,0.12679681181907654,1,1.2961007623043952,0.5726637178709684,118,check
3786,512.0,6474.0,510.830017655256,6474.419959819081,0.18124055862426758,1,1.6344543978310087,0.44002689543295886,118,check
3787,498.0,6580.0,498.47001447022245,6579.86998459339,0.17544934153556824,1,0.19213413940526186,0.5406136540778675,118,check
3788,649.0,6551.0,649.1800416575331,6550.909970070978,0.20324306190013885,1,0.2084456317932114,0.22700137556340474,118,control
3789,633.0,6559.0,633.3700513965217,6559.02997023106,0.16161568462848663,1,0.28020843610999374,0.4310039814766967,118,control
3790,466.0,6510.0,464.0,6512.0,0.17961116135120392,0,3.232171528935573,,118,control
3791,589.0,6618.0,589.38997093671,6618.069919756734,0.12224426120519638,1,0.3248846503697025,0.6744406050895985,118,control
3792,542.0,6479.0,537.0,6481.0,0.10558066517114639,0,5.7765907222829656,,118,control
3793,460.0,6467.0,460.2199896054164,6466.820047939239,0.2059696763753891,1,0.123446504014663,0.6388088129510247,118,control
3794,648.0,6461.0,645.6099701774934,6461.960066871651,0.12407371401786804,0,2.9671791543949166,0.50482524789111,118,control
3795,584.0,6572.0,584.2700000216687,6572.200060880658,0.15479908883571625,1,0.449555758903727,0.48594485929670467,118,control
3796,541.0,6635.0,543.2000791947131,6634.899946710102,0.16619546711444855,1,1.888283165193705,0.7303396654034146,118,control
3797,602.0,6610.0,603.5901681284147,6609.919893580288,0.13694597780704498,1,1.2830052211469052,0.7175118841335048,118,control
3798,474.0,6500.0,473.6399925323938,6500.260017740104,0.22286079823970795,1,0.8504844147166148,0.44055844028725866,118,control
3799,476.0,6438.0,471.0,6439.0,0.13635998964309692,0,5.46724764283892,,118,control
3800,589.0,6487.0,587.0,6487.0,0.10991513729095459,1,2.3341018651636873,,118,control
3801,470.0,6479.0,470.13996816096324,6479.000019384276,0.2818695902824402,1,0.3084795758642505,0.682860437780386,118,control
3802,487.0,6527.0,484.0,6531.0,0.1037236750125885,0,5.392562370429561,,118,control
3803,619.0,6637.0,624.3100306357401,6635.8500244814595,0.15190748870372772,0,5.073905256539155,0.8942435614385811,118,check
3804,450.0,6613.0,449.0,6614.0,0.15174303948879242,1,1.8170011224196927,,118,control
3805,448.0,6534.0,447.9499047203451,6534.140014367669,0.20466305315494537,1,0.537947764230681,0.3297655038513136,118,control
3806,466.0,6607.0,468.0,6604.0,0.10546328872442245,0,3.223472596485056,,118,control
3807,666.0,6438.0,664.760034447983,6438.279993235907,0.1087210401892662,1,1.6475985357882423,0.21168459565235379,119,check
3808,669.0,6550.0,668.8199784597103,6550.339979622565,0.11767347157001495,1,0.7688039420886793,0.3817680799273458,119,control
3809,672.0,6580.0,668.9800385356787,6579.099981613154,0.12487970292568207,0,3.4021685852356676,0.38510427992741153,119,control
3810,721.0,6611.0,723.2800006740597,6610.569977769322,0.15203331410884857,1,1.971289671003984,0.7463505405318152,119,control
3811,708.0,6639.0,706.9999844474991,6639.309974454726,0.13381651043891907,1,1.4287210265267571,1.16368140293062,119,check
3812,729.0,6608.0,723.0,6611.0,0.10051313042640686,0,7.101554164529588,,119,control
3813,803.0,6540.0,803.0800519300305,6540.529995278687,0.11658936738967896,1,0.8075140738282411,0.5060231459966427,119,control
3814,772.0,6552.0,770.1298434825903,6553.769982130026,0.13504448533058167,0,2.9732686754572457,0.8780037994339128,119,control
3815,742.0,6563.0,742.0,6563.0,0.13217370212078094,1,0.40068811393435216,,119,check
3816,681.0,6555.0,678.0,6557.0,0.16602054238319397,0,4.006689741351831,,119,check
3817,774.0,6605.0,774.0899916112669,6605.479978719903,0.15150755643844604,1,0.7572658867951649,0.6903164522687751,119,control
3818,710.0,6576.0,710.3199779805276,6576.140020510202,0.16855476796627045,1,0.3837803632041427,0.7182879644549481,119,control
3819,675.0,6636.0,673.0,6637.0,0.11147964745759964,1,2.6303283615651525,,119,control
3820,797.0,6522.0,798.6200322518365,6520.769917948205,0.12271863222122192,1,1.6336929709129016,0.902184202950005,119,check
3821,734.0,6575.0,734.0,6576.0,0.151846781373024,1,1.2832933889863556,,119,control
3822,696.0,6581.0,688.2297957371601,6579.1299787217295,0.11050166934728622,0,8.250403244677534,1.012236152072463,119,control
3823,683.0,6525.0,681.9799850594477,6525.369977126851,0.1140194684267044,1,1.4738843594566327,0.5354383570622345,119,control
3824,694.0,6522.0,689.0599173579254,6523.520025956696,0.13771410286426544,0,5.54782986787489,3.8870453686635917,119,control
3825,697.0,6566.0,691.9200275788916,6570.640218665611,0.1065981388092041,0,7.280273575814342,1.9071840656362054,119,control
3826,705.0,6533.0,702.0,6535.0,0.11522669345140457,0,4.0066903804690766,,119,check
3827,805.0,6554.0,803.9600069156327,6554.729931343625,0.1626700460910797,1,1.6701215619489946,0.6596919719881449,119,control
3828,829.0,6535.0,826.0,6542.0,0.10246916860342026,0,7.9651820798428155,,119,control
3829,697.0,6532.0,695.0,6533.0,0.10375542938709259,1,2.6320631017791944,,119,control
3830,697.0,6474.0,598.0,6397.0,0.11095467209815979,0,125.52409967970888,,119,control
3831,688.0,6590.0,688.940023362252,6589.849876675086,0.132559671998024,1,0.6289401829674144,0.7508033433319188,119,control
3832,711.0,6508.0,710.2900136666008,6508.129998276319,0.11812328547239304,1,1.095709007879985,0.7354728367359897,119,control
3833,710.0,6596.0,711.5800370253397,6595.690012472157,0.12186761945486069,1,1.2638173310716758,0.7744732909285779,119,control
3834,680.0,6628.0,677.0,6628.0,0.13610193133354187,0,3.326307598802087,,119,control
3835,681.0,6570.0,679.3299782388927,6570.849853402263,0.1419430524110794,1,2.2699155602695322,1.3358798890096624,119,control
3836,668.0,6564.0,667.9400259534924,6564.250047630061,0.16777272522449493,1,0.6231789120506824,0.29009472664348057,119,control
3837,778.0,6565.0,780.0,6565.0,0.1387389600276947,1,1.6988704208057261,,119,control
3838,679.0,6446.0,678.9900563751319,6445.589843382482,0.10680253803730011,1,0.3709463235094063,1.003654317981701,119,control
3839,738.0,6617.0,741.270146589193,6616.489884873524,0.12880155444145203,1,2.964850798201273,1.644171727708729,119,check
3840,697.0,6615.0,698.8499728084174,6615.039967839728,0.16310642659664154,1,1.5585651388106188,0.7041629769667114,119,control
3841,816.0,6622.0,816.0,6623.0,0.1128181517124176,1,1.2811618840847492,,119,control
3842,816.0,6562.0,819.9099307948558,6559.71997718011,0.11045922338962555,0,4.129928937966345,0.7142792660596328,119,control
3843,489.0,6676.0,492.4100716422592,6675.21991680168,0.122526153922081,1,3.138454889004532,0.43048719556812987,122,control
3844,493.0,6705.0,495.0999978418509,6704.739988120259,0.19168353080749512,1,1.7839552705168007,0.18650739329337787,122,control
3845,663.0,6751.0,663.8400455241022,6751.640004760688,0.1639709323644638,1,1.0298280719364707,0.5012593190636322,122,control
3846,649.0,6781.0,650.469975194101,6780.770003431033,0.3593933582305908,1,1.15642654956635,0.11411320577282609,122,control
3847,460.0,6845.0,461.1200033156635,6844.949995444111,0.14491288363933563,1,0.8318282601145729,0.5436154644515709,122,control
3848,601.0,6734.0,604.5700163692476,6733.789979377633,0.17290736734867096,1,3.255254920710242,0.4620581513266787,122,control
3849,487.0,6830.0,488.1400192145812,6829.979936541985,0.1868695318698883,1,0.858372189913261,0.30899543732592344,122,control
3850,629.0,6770.0,630.2401129643645,6769.689915494003,0.1247631087899208,1,0.928297476211924,0.21651426936055007,122,check
3851,650.0,6849.0,652.0199914991016,6848.589984370127,0.30782487988471985,1,1.7158346574974885,0.37862137690841335,122,control
3852,592.0,6795.0,593.4499857803578,6794.629939136738,0.241468608379364,1,1.1430605452196356,0.2012232862456769,122,control
3853,612.0,6655.0,611.0,6657.0,0.137976735830307,1,2.603968312938971,,122,control
3854,482.0,6726.0,482.14996858795575,6726.3599359027185,0.24812932312488556,1,0.6318929877863311,0.513569902478077,122,control
3855,599.0,6693.0,602.2900567744978,6693.39998573244,0.16024526953697205,1,3.043612754713067,1.316993711049776,122,control
3856,607.0,6806.0,608.0,6805.0,0.288985937833786,1,1.0190963872712022,,122,control
3857,476.0,6778.0,478.01005767822795,6777.9000105546675,0.18316586315631866,1,1.7023431790003976,0.21630492136148344,122,control
3858,515.0,6851.0,516.0000573080066,6850.900010780066,0.27344977855682373,1,0.7036889137424756,0.814674994874386,122,control
3859,526.0,6707.0,528.4000198243939,6706.579915872768,0.11187520623207092,1,2.091148746034179,0.38953245050971025,122,control
3860,536.0,6683.0,538.1600837995888,6683.1699576076735,0.1869431436061859,1,1.890497308772339,0.7416191293402643,122,control
3861,486.0,6859.0,486.4000802879804,6858.619931835933,0.20477893948554993,1,0.1566918670335081,0.5326711317151416,122,control
3862,563.0,6662.0,566.0,6662.0,0.15141400694847107,1,2.6945378862078293,,122,control
3863,455.0,6764.0,457.09001646188017,6763.939936188092,0.1586613953113556,1,1.7854472216824628,0.3271762904095561,122,control
3864,461.0,6804.0,463.2100353300446,6803.579957177477,0.2357257604598999,1,1.9038131096498545,0.27408878490255656,122,control
3865,574.0,6825.0,575.5099608403158,6824.710059870103,0.23565992712974548,1,1.1978405166697412,0.5178060574259239,122,control
3866,538.0,6703.0,546.1601599859899,6700.979749347634,0.16250982880592346,0,8.041844204782715,4.735458056152991,122,control
3867,624.0,6848.0,625.0398634234215,6848.159939035253,0.16255217790603638,1,0.8337156143243283,0.3715015057567132,122,control
3868,596.0,6750.0,597.2200092150915,6749.690080148497,0.17110101878643036,1,0.9075740788966764,0.8304251393907858,122,check
3869,574.0,6786.0,575.0,6786.0,0.14008647203445435,1,0.7295740265400991,,122,control
3870,465.0,6833.0,466.83005490279027,6832.4299376494455,0.2248229682445526,1,1.550263135951796,0.6133706416309518,122,control
3871,597.0,6766.0,599.6200182203544,6765.78997825064,0.20437470078468323,1,2.3061094777638567,0.5178379939723635,122,control
3872,508.0,6808.0,511.09006858571973,6807.609938453067,0.23646283149719238,1,2.7801204610406773,0.6561468153133191,122,check
3873,466.0,6732.0,468.72015282404897,6731.6699409565645,0.22774644196033478,1,2.4059664107107577,1.175431814995765,122,check
3874,601.0,6852.0,601.3300855853806,6851.9699463714705,0.1913086175918579,1,0.21809934487987234,0.267281425770601,122,check
3875,542.0,6808.0,542.7699591961428,6808.210035498672,0.2829255163669586,1,0.6472154655046359,0.3909629816093573,122,control
3876,572.0,6652.0,572.8800036716921,6652.360016032751,0.24186114966869354,1,0.8281476280991961,0.503616545490933,122,check
3877,594.0,6702.0,596.6799831941481,6701.779999067884,0.1715843826532364,1,2.3643572957965207,0.7132688252111842,122,control
3878,490.0,6789.0,492.6301142731095,6788.749968486779,0.2431689202785492,1,2.3160813999173895,0.737470961525174,122,control
3879,633.0,6741.0,634.6300246763369,6741.0599880212185,0.19338929653167725,1,1.3505069436301604,0.3199084400259257,122,control
3880,612.0,6828.0,612.8300471824679,6827.730008318078,0.2835141122341156,1,0.51790726583222,0.3754036612876334,122,control
3881,574.0,6697.0,577.9001370049481,6696.029816621096,0.12240259349346161,0,3.656297671987491,1.445135766308345,122,control
3882,470.0,6708.0,469.0,6707.0,0.11872653663158417,1,1.5147534834206735,,122,control
3883,540.0,6665.0,538.5000137209269,6665.430064211582,0.1649940013885498,1,1.9393628652744956,0.9420747254325521,122,check
3884,554.0,6846.0,555.1899911427639,6845.580136314251,0.16348186135292053,1,0.8941424793652505,0.37806214630021795,122,control
3885,640.0,6741.0,641.70001233481,6741.040045264978,0.1012844443321228,1,1.4145805815451031,0.36523304767968323,122,control
3886,453.0,6715.0,458.0,6712.0,0.1519441306591034,0,5.431377172488183,,122,check
3887,661.0,6806.0,662.2700050372082,6805.779985769369,0.3452489972114563,1,0.9573451813404101,0.18108299487950605,122,control
3888,516.0,6793.0,517.0,6793.0,0.11586804687976837,1,0.7300285931046869,,122,check
3889,611.0,6685.0,613.5600695320284,6684.879900833175,0.18152697384357452,1,2.247495956603864,0.8009989464917889,122,control
3890,723.0,6775.0,724.5602648974989,6774.619971676394,0.16487638652324677,1,1.2541085721157976,0.2973575750013397,123,control
3891,672.0,6811.0,673.0499982447297,6810.839992949465,0.3645375967025757,1,0.7420969522700961,0.1512785929438686,123,control
3892,820.0,6735.0,824.8301837189131,6735.859982533522,0.16622202098369598,0,4.648454003309824,1.0647604398264099,123,control
3893,727.0,6850.0,727.6899797325939,6849.609992548722,0.19035866856575012,1,0.40536425253165786,0.18862270844620335,123,control
3894,714.0,6813.0,714.9300319512021,6812.889974965498,0.3223239481449127,1,0.6318641029819414,0.17155541661132104,123,control
3895,722.0,6809.0,723.0699775723089,6808.889957327639,0.23738186061382294,1,0.7690731302913155,0.21266445946987825,123,check
3896,749.0,6766.0,751.1200166141788,6765.5400172871705,0.17045728862285614,1,1.8192816628585498,0.3388441468135265,123,control
3897,670.0,6856.0,670.7200337000644,6855.669911992006,0.24994947016239166,1,0.41689927661626164,0.4175023523896629,123,control
3898,739.0,6812.0,739.3501036815129,6811.739974427718,0.17214103043079376,1,0.0408402885549989,0.2858824937778809,123,control
3899,708.0,6792.0,709.4600332588791,6791.720016287603,0.3615340292453766,1,1.1474013745138143,0.12162811405178552,123,control
3900,674.0,6698.0,676.5000435870797,6697.4699465684835,0.11976480484008789,1,2.2029638830095437,0.36694886985226255,123,control
3901,667.0,6797.0,668.3200186658115,6796.659920637728,0.4141184389591217,1,1.0112374172204326,0.371477926726044,123,control
3902,742.0,6752.0,744.4400619337922,6751.739898354859,0.2431594282388687,1,2.1260979095275925,0.5609460369301998,123,control
3903,765.0,6746.0,768.0,6746.0,0.13989263772964478,1,2.696882937545345,,123,control
3904,764.0,6778.0,764.9500187169338,6777.2699515609775,0.1536296308040619,1,0.8015247148483537,1.5861213223855999,123,check
3905,765.0,6815.0,762.4499676349302,6814.110076031348,0.11428841203451157,0,2.9345912280515396,1.013715312542534,123,control
3906,742.0,6724.0,745.6200500583232,6723.559947195693,0.16075730323791504,0,3.311181583821814,0.8785533566056375,123,control
3907,842.0,6742.0,844.5200721650883,6741.419825142595,0.13567133247852325,1,2.232060953983937,1.2898527554795327,123,control
3908,708.0,6714.0,710.0,6714.0,0.15718847513198853,1,1.7025397364247008,,123,control
3909,766.0,6850.0,767.0,6850.0,0.11581031233072281,1,0.7301974483012086,,123,control
3910,669.0,6839.0,670.1901013643482,6838.899983957636,0.2742874026298523,1,0.8899344669491789,0.4823726568259784,123,control
3911,754.0,6724.0,756.6900169801282,6723.619970379087,0.13050390779972076,1,2.3792868286690654,0.8114758222375636,123,check
3912,702.0,6859.0,702.2299611813927,6858.899917069348,0.24968384206295013,1,0.16629046031677244,0.20740950661807553,123,control
3913,694.0,6799.0,695.2100048444672,6798.8699904537525,0.36142849922180176,1,0.9042807514662031,0.12400137417314436,123,control
3914,680.0,6802.0,681.6899779294054,6801.529989586952,0.35650622844696045,1,1.3951588322045057,0.22016965510769995,123,control
3915,724.0,6728.0,727.2300513975897,6727.259981901731,0.13503913581371307,1,2.9572774319570114,0.523829431146096,123,control
3916,683.0,6752.0,684.7700849134569,6751.859991943491,0.13276921212673187,1,1.4596263415505637,0.18155508250154784,123,check
3917,696.0,6738.0,698.879960563795,6737.090028576631,0.13446171581745148,1,2.65028851030166,0.8834269971061179,123,check
3918,731.0,6734.0,733.8900716063978,6733.429876735062,0.1757342517375946,1,2.59615519503936,0.5519412981680073,123,control
3919,839.0,6718.0,838.3499662434734,6719.569998731388,0.1156516894698143,1,2.0519591160755044,0.6885497360799191,123,control
3920,765.0,6764.0,767.0,6764.0,0.17108498513698578,1,1.703777245912356,,123,control
3921,691.0,6826.0,691.6200360836121,6825.939924241969,0.29905182123184204,1,0.35898980669091934,0.4178941937435246,123,check
3922,699.0,6754.0,701.7499625128743,6753.390042613453,0.16968762874603271,1,2.463068063742891,0.9030099926829559,123,control
3923,715.0,6737.0,717.8401301053351,6739.750060337537,0.24590179324150085,0,3.9172184643189065,0.6700439111960766,123,control
3924,744.0,6735.0,750.0,6737.0,0.18364548683166504,0,6.1122101371856195,,123,control
3925,725.0,6645.0,649.0,6934.0,0.12226413190364838,0,299.14338885643133,,123,control
3926,674.0,6644.0,672.0599946145481,6644.019902803923,0.11096584051847458,1,2.272408359835879,1.0798045347430698,123,check
3927,747.0,6800.0,747.569959512038,6799.90996933801,0.13525497913360596,1,0.2995158322127428,0.5438087026235466,123,control
3928,646.0,6902.0,646.1399970687506,6901.639983516451,0.2765673100948334,1,0.20502461629077376,0.19819834301560382,126,control
3929,561.0,7017.0,559.9800392118744,7017.129982723818,0.23222677409648895,1,1.3811942223915559,0.42501324154601816,126,control
3930,472.0,6931.0,472.1500153022298,6930.78992928238,0.1688702553510666,1,0.16572043336562417,0.4060544234709798,126,control
3931,569.0,6950.0,568.3000231095358,6949.889929603616,0.21200385689735413,1,1.0192589921676407,0.17188265225785682,126,control
3932,623.0,6900.0,622.1700031381832,6899.8599909851255,0.24715378880500793,1,1.1458648048921338,0.23191526845663984,126,control
3933,466.0,6922.0,465.8600864422606,6921.779986953133,0.20022809505462646,1,0.45185862712088953,0.2800749513335707,126,control
3934,499.0,6957.0,498.2699876815188,6957.009957262324,0.24447479844093323,1,1.0719925982625067,0.15286325726384023,126,control
3935,577.0,6868.0,576.1499906770151,6868.339972184412,0.17037472128868103,1,1.3021470705737535,0.5040315627661736,126,control
3936,636.0,6987.0,634.5499170728609,6988.059901297856,0.1939951330423355,1,2.1912091622604986,0.5526212695061496,126,control
3937,633.0,6929.0,632.1699431253938,6928.839975762404,0.267147034406662,1,1.1434764797039172,0.08306295789306697,126,control
3938,641.0,6930.0,640.2300033309242,6929.769986300742,0.31993797421455383,1,1.080186454161391,0.10696244695341633,126,control
3939,469.0,7073.0,468.42005144444,7072.949966142297,0.2843104898929596,1,0.9097119977810006,0.1780660076208721,126,check
3940,521.0,7031.0,520.1700896361469,7030.769883011428,0.2023392915725708,1,1.1381133319250678,0.2886458632158356,126,control
3941,632.0,7055.0,631.1400063100918,7055.0499986955265,0.3198026418685913,1,1.2043312486657816,0.5963084606245257,126,control
3942,550.0,7047.0,551.6899659265102,7047.640053221379,0.21424223482608795,1,1.6438364931395724,1.067319914355079,126,control
3943,525.0,6865.0,526.4100422836746,6864.559951929063,0.14701546728610992,1,1.1144294627194193,1.0572617897401633,126,control
3944,589.0,6943.0,588.460013649204,6942.849984078346,0.28940486907958984,1,0.8555494511382361,0.3010417777739333,126,check
3945,619.0,7064.0,618.4600493189483,7063.789959317161,0.2732391357421875,1,0.8476589190084896,0.5599867069453398,126,control
3946,466.0,6864.0,466.87002499650407,6863.679968543242,0.27668964862823486,1,0.5620162177379092,0.23184303203618922,126,control
3947,503.0,6978.0,501.5100529164725,6977.510044408098,0.1854722499847412,1,1.8152325284977318,0.5096955127965057,126,check
3948,650.0,6951.0,649.5300371460488,6950.420100187301,0.23845797777175903,1,0.847758390431945,0.47170723953475696,126,control
3949,452.0,7015.0,451.4000473230188,7014.799961039774,0.18834209442138672,1,0.9100837219079938,0.6282079940308873,126,control
3950,457.0,6981.0,455.1700291157893,6981.369950304423,0.1776208132505417,1,2.2278529133680474,0.5341430800019146,126,control
3951,654.0,7071.0,652.7700398337439,7070.859917899219,0.1996355503797531,1,1.5402443132660435,0.21548866873598904,126,control
3952,658.0,7024.0,656.8199874756529,7023.739994431419,0.20682010054588318,1,1.487779972770627,0.21887780289572126,126,control
3953,526.0,6966.0,525.4600468395641,6965.679955244726,0.3014664947986603,1,0.8524606521972456,0.39202796468118667,126,control
3954,498.0,7064.0,497.549959447791,7063.9399708994715,0.28971895575523376,1,0.7809761415180653,0.5212913971025473,126,check
3955,547.0,6944.0,546.7699779609949,6943.3999829708855,0.13727286458015442,1,0.644093794443529,0.7426295684051812,126,control
3956,571.0,6979.0,568.8500231290685,6978.6299671429315,0.22900810837745667,1,2.462095755938739,0.8034024645120681,126,control
3957,528.0,6982.0,527.9000217678242,6981.130044088999,0.25896507501602173,1,0.743098146828266,0.8721969151118704,126,check
3958,489.0,6890.0,489.2600771334685,6889.709938323505,0.17010466754436493,1,0.065079002035743,0.26323433954077224,126,check
3959,494.0,7021.0,489.0,7018.0,0.10925006866455078,0,5.978130933517031,,126,check
3960,579.0,6929.0,578.4899532260599,6929.119882331719,0.164621964097023,1,0.8991576753593522,0.25285251357678035,126,control
3961,602.0,6902.0,601.4800326469305,6901.660013615478,0.22713884711265564,1,0.835975369619047,0.6440215890455693,126,check
3962,646.0,6887.0,645.8800011923079,6886.250011960316,0.28832748532295227,1,0.6628737911898271,0.20448193012679178,126,control
3963,541.0,6971.0,540.7600848804904,6970.16015942165,0.20645391941070557,1,0.8065392471418306,1.016942976779765,126,check
3964,610.0,6980.0,609.1300145617871,6979.789929733178,0.23502179980278015,1,1.1795371144501545,0.288523098391886,126,control
3965,534.0,7072.0,535.0,7073.0,0.1992761194705963,1,1.4291213252049713,,126,control
3966,535.0,6887.0,535.0399933665371,6886.639985770437,0.13289354741573334,1,0.29326043192997087,0.44615508913466856,126,check
3967,655.0,7049.0,654.0000363459401,7048.969976349479,0.2415250837802887,1,1.3249258664979555,0.20149756918295575,126,control
3968,499.0,6881.0,500.8899882640139,6880.6599898918585,0.1752806454896927,1,1.5807943433257756,0.6968789813971011,126,control
3969,632.0,6967.0,630.7700650783833,6966.979959364011,0.28384512662887573,1,1.555780652913816,0.3054708813118753,126,control
3970,513.0,6899.0,514.2698940843433,6899.49988687662,0.14236919581890106,1,1.2169148978542028,1.0776445118053741,126,control
3971,461.0,7043.0,460.020056302032,7043.179924111339,0.19408223032951355,1,1.3582409434169762,0.40025086650508107,126,control
3972,595.0,6878.0,595.250007677744,6877.929991773486,0.26659026741981506,1,0.1879814007499808,0.21451222488084934,126,control
3973,634.0,7012.0,632.9901254038639,7012.009873414058,0.25565391778945923,1,1.3427948084369974,0.8370697447278281,126,control
3974,522.0,7015.0,520.6200590742657,7014.959962004547,0.2876749634742737,1,1.7013548404174874,0.3681688670948852,126,control
3975,580.0,7063.0,578.52004134057,7062.980024560968,0.31425920128822327,1,1.801572836379078,0.25507553611241,126,control
3976,590.0,7029.0,589.0100705259462,7028.470031657284,0.24462610483169556,1,1.327971308836278,0.5717624320510195,126,control
3977,591.0,7064.0,590.0099987924314,7063.929997183052,0.23821021616458893,1,1.3091876612341549,0.2677567446413303,126,control
3978,740.0,6889.0,741.0199901467101,6888.529982148799,0.223293274641037,1,0.7443867719365431,0.2102542778336931,127,control
3979,692.0,6999.0,691.3700321808725,6998.820022018404,0.23141063749790192,1,0.9404612456915085,0.31544785033989486,127,control
3980,676.0,6951.0,674.8800734333909,6951.169963918833,0.1999400407075882,1,1.4886288419164124,0.3753035475332995,127,control
3981,670.0,7047.0,668.6001386324832,7046.880010997988,0.12150280177593231,1,1.7116416648578776,0.21647868501836634,127,control
3982,733.0,6870.0,733.8400030924008,6869.400018415231,0.14931747317314148,1,0.6373298589587344,0.27366114556537696,127,control
3983,680.0,7011.0,678.8800082364345,7010.919940181019,0.16687029600143433,1,1.4375528831272029,0.40876327227129344,127,control
3984,779.0,6926.0,778.0,6926.0,0.14896932244300842,1,1.3320755637946669,,127,control
3985,693.0,6914.0,692.7300344643118,6914.32999576321,0.16949187219142914,1,0.8171494232518663,0.5020475258214895,127,control
3986,733.0,6937.0,732.1099982120722,6936.739987894861,0.10089302062988281,1,1.1996608410082408,0.23780734810248144,127,control
3987,683.0,7027.0,681.5200923941879,7026.959941718676,0.21065653860569,1,1.79928211312558,0.3099742507148991,127,control
3988,796.0,7051.0,794.9299503001505,7051.909924201526,0.13511094450950623,1,1.7958631258594722,0.6191358464606074,127,control
3989,834.0,7056.0,832.6800003812102,7055.899943948548,0.23062804341316223,1,1.6325152393941027,0.23381960460071075,127,check
3990,830.0,7078.0,829.0800149078948,7077.5300178185435,0.17191016674041748,1,1.2466592346797996,0.14745622338703376,127,control
3991,722.0,7025.0,715.0797908032642,7023.800066469531,0.13316872715950012,0,7.290482834998183,1.001973169374809,127,control
3992,818.0,7027.0,816.2100034920758,7026.809988232424,0.1369902491569519,1,2.0977191515588465,0.5427617374823264,127,check
3993,839.0,7003.0,836.260068568323,7003.329924255094,0.1576860547065735,0,3.100733977310472,1.1740051508997875,127,check
3994,713.0,7056.0,710.0,7057.0,0.1418207436800003,0,3.5334910746758053,,127,control
3995,785.0,6878.0,786.2199486396488,6877.359897302793,0.13850481808185577,1,0.9920816452071325,1.3817834724945701,127,control
3996,724.0,7060.0,723.3900191720028,7060.2099989841045,0.15392328798770905,1,1.023362180062177,0.5883175751219073,127,check
3997,667.0,7054.0,665.8500294402284,7053.90997750913,0.22093120217323303,1,1.4652954646576155,0.3078167936733911,127,control
3998,793.0,7068.0,793.0100231354764,7068.010037166959,0.1978793889284134,1,0.3898338091058219,0.5638379652476352,127,control
3999,695.0,6904.0,693.0,6904.0,0.172343447804451,1,2.323490227691317,,127,control
4000,703.0,6958.0,701.0,6958.0,0.217738077044487,1,2.3221513401838605,,127,control
4001,696.0,6983.0,694.6100164977415,6982.729976254711,0.3146449327468872,1,1.6987311404918781,0.17167254166524093,127,control
4002,718.0,7044.0,718.0,7048.0,0.14128540456295013,0,4.256348325003566,,127,control
4003,752.0,6883.0,750.8100293117343,6882.969980632052,0.14322836697101593,1,1.5159345431857636,0.31369241927416974,127,control
4004,713.0,7014.0,712.0499696191121,7013.569945931353,0.14649152755737305,1,1.2712851979598019,0.39625526397192085,127,control
4005,723.0,6868.0,724.0099522467847,6867.150087429771,0.1550423502922058,1,0.9244961819781284,0.3399172357634478,127,control
4006,806.0,7043.0,801.2599687150728,7045.470093641889,0.1658298671245575,0,5.729850279569155,0.9166560729995142,127,control
4007,840.0,6925.0,840.0,6932.0,0.1424170881509781,0,7.248476675351413,,127,control
4008,683.0,6919.0,682.6500152738442,6918.60997091046,0.27747225761413574,1,0.6757645407283416,0.3983567479553068,127,control
4009,702.0,6923.0,701.1399474242953,6923.079985323911,0.18659140169620514,1,1.2144126235944763,0.344386293765833,127,control
4010,839.0,7075.0,838.0,7084.0,0.11152268201112747,0,9.33422923693384,,127,control
4011,832.0,7020.0,829.6799946894749,7020.2900179491735,0.15243680775165558,1,2.680589774317446,0.3561522978344909,127,control
4012,850.0,7048.0,846.6699857541081,7047.91000410616,0.2533652186393738,0,3.639629020469096,0.4378498057388536,127,control
4013,784.0,7018.0,783.0200328038101,7017.779968864476,0.1492074429988861,1,1.2875808005322114,0.4308780870860132,127,control
4014,849.0,7058.0,845.0,7059.0,0.20968306064605713,0,4.481760993164592,,127,control
4015,671.0,6896.0,672.5800433932707,6895.329939582196,0.19031378626823425,1,1.3382797756368612,1.9528887560689963,127,control
4016,691.0,6865.0,691.2499766295133,6864.90985742678,0.20693086087703705,1,0.16686020071051066,0.9145645928012295,127,check
4017,756.0,7015.0,754.8201025992344,7014.919933475834,0.12143641710281372,1,1.4965010828986174,0.392421076854427,127,check
4018,736.0,7040.0,736.160005586287,7039.699829140862,0.15609967708587646,1,0.1571087564731248,1.2546107607984107,127,check
4019,729.0,6915.0,727.6399012442889,6918.780201195312,0.1089564710855484,0,4.357527921798941,1.8577815749922326,127,control
4020,835.0,7029.0,833.7599904384917,7028.970004298902,0.12764199078083038,1,1.5614628827005606,0.19263539746180483,127,check
4021,699.0,7066.0,703.520074869871,7063.539829585251,0.1663648933172226,0,4.760000896776742,1.204327628491751,127,check
4022,687.0,6958.0,685.779987797956,6957.8199982947835,0.23010273277759552,1,1.5306358629287262,0.5034002503016299,127,control
4023,712.0,6995.0,708.0,6992.0,0.10214028507471085,0,5.113681135585946,,127,control
4024,705.0,6897.0,702.0,6903.0,0.10739227384328842,0,7.068316222095652,,127,control
4025,806.0,7064.0,806.0,7064.0,0.22593198716640472,1,0.39100858482802325,,127,control
4026,650.0,7125.0,650.2600265874188,7125.10993865008,0.18934902548789978,1,0.3599920592660224,0.6029959349834201,130,check
4027,624.0,7152.0,624.0400028332768,7152.060001319734,0.23117215931415558,1,0.40606428584041393,0.25235874166289085,130,control
4028,471.0,7112.0,470.56998047410457,7111.840003768597,0.3020001947879791,1,0.7419179224431258,0.2900359200108981,130,check
4029,539.0,7135.0,537.0,7134.0,0.24616661667823792,1,2.4243767704699266,,130,control
4030,579.0,7303.0,580.0700750580311,7302.929950750948,0.13644030690193176,1,0.7895778151367583,0.48312215138484277,130,control
4031,516.0,7293.0,515.6099761513985,7292.939909985088,0.12836939096450806,1,0.7175596756194544,1.0830845950808436,130,control
4032,585.0,7206.0,585.780082804294,7205.749987645658,0.16442231833934784,1,0.47656080374522053,0.5018779213352851,130,control
4033,489.0,7247.0,490.3100261277688,7246.650017077032,0.1957341581583023,1,1.011956559717062,0.36810882571236775,130,control
4034,579.0,7142.0,579.9801114529574,7143.049934682334,0.2624652087688446,1,1.4638494421036288,0.9079328065728189,130,control
4035,625.0,7118.0,624.8600600706285,7117.609943637234,0.2902330756187439,1,0.4676372292067084,0.4131287981829114,130,check
4036,491.0,7256.0,491.9599949695087,7256.199911721893,0.13999034464359283,1,0.7974540086838171,0.5274147247475783,130,control
4037,616.0,7205.0,618.1800202446695,7203.959934899948,0.13510094583034515,1,2.0367768712092142,1.273678236555171,130,control
4038,464.0,7221.0,465.9200067871386,7219.7899344665475,0.1984756886959076,1,1.8789744776019,0.6376854688632406,130,check
4039,589.0,7175.0,589.1800642541608,7175.269923836954,0.19514043629169464,1,0.5334527685019276,0.7763906757694391,130,control
4040,583.0,7151.0,583.5000379521156,7151.21993731295,0.23220671713352203,1,0.5078624274866049,0.3379479120386652,130,control
4041,505.0,7240.0,505.93014746880954,7239.729998006515,0.2497590184211731,1,0.6274495477972905,0.12893782415666266,130,control
4042,496.0,7219.0,496.7100362600244,7218.799917030283,0.18652237951755524,1,0.40972255788724776,0.30176890259666284,130,control
4043,531.0,7174.0,531.6299669743044,7174.499893244551,0.1994093358516693,1,0.8177351124881382,0.5002751730291357,130,check
4044,576.0,7249.0,578.1000246642801,7248.9300321766,0.14550995826721191,1,1.80646171961706,0.5033973567774438,130,control
4045,619.0,7092.0,618.6200195727457,7091.849980471969,0.28900083899497986,1,0.6931034499104505,0.23420325834232067,130,control
4046,464.0,7257.0,466.9700302765076,7256.749968880806,0.22240103781223297,1,2.6673243320706965,0.5291635456020092,130,check
4047,569.0,7207.0,570.5099606716884,7207.059976243722,0.10769741982221603,1,1.245462070664357,0.7849954283147677,130,check
4048,508.0,7249.0,509.2300035563228,7248.779986670963,0.2682217061519623,1,0.9277751352059065,0.0895571968694574,130,control
4049,544.0,7255.0,546.1298802793276,7254.759959219948,0.1978750377893448,1,1.827438506734347,0.42687241617935007,130,control
4050,578.0,7228.0,580.0,7228.0,0.11408452689647675,1,1.7152111340725857,,130,control
4051,455.0,7087.0,454.71998602742497,7086.840000387618,0.2785050570964813,1,0.5940516628169904,0.29627757106291075,130,control
4052,563.0,7196.0,563.0,7198.0,0.11006812751293182,1,2.270012363523909,,130,control
4053,528.0,7091.0,524.7199693479312,7091.099972991237,0.2377091944217682,0,3.603619151097032,1.2229859144021797,130,control
4054,473.0,7143.0,470.0,7143.0,0.16061176359653473,0,3.315037593369141,,130,control
4055,488.0,7128.0,486.0,7129.0,0.2306545078754425,1,2.6233688083874567,,130,control
4056,652.0,7156.0,651.4797996398996,7149.249880945294,0.15794651210308075,0,6.554968138323406,1.9379795938932884,130,control
4057,581.0,7270.0,582.9100418044919,7269.3599928167,0.18581978976726532,1,1.654829601028436,0.589318063791142,130,control
4058,474.0,7261.0,477.01991610243863,7260.530027228512,0.14990033209323883,1,2.7260729176759364,1.1314316593558162,130,check
4059,609.0,7297.0,610.4800669642834,7296.539986632965,0.11869170516729355,1,1.1976221540285485,0.34815385354748707,130,control
4060,556.0,7118.0,554.0,7114.0,0.2231156826019287,0,4.402640830689831,,130,control
4061,589.0,7251.0,591.6499523308735,7250.459950874861,0.20416919887065887,1,2.365504671728972,0.719882504935408,130,control
4062,493.0,7163.0,492.0,7162.0,0.18972666561603546,1,1.5045089621806051,,130,control
4063,586.0,7111.0,586.0700732548426,7110.849947789176,0.26540473103523254,1,0.25557602245815236,0.42569035326868415,130,control
4064,532.0,7157.0,532.2500024368059,7157.340066514555,0.2526283264160156,1,0.5928095924205595,0.5490419163730879,130,control
4065,624.0,7191.0,625.4600360204331,7190.199937474101,0.20020198822021484,1,1.281290135125999,1.078070707596059,130,check
4066,529.0,7226.0,531.1200010616778,7224.849991741897,0.3020900785923004,1,2.0272505934530294,0.730696279295471,130,control
4067,522.0,7168.0,522.2500781156385,7166.769940770232,0.20829720795154572,1,0.9811071381504943,0.7041870575083089,130,control
4068,664.0,7110.0,664.6900865164286,7109.4199178949475,0.2555510401725769,1,0.5088425856638692,1.127072396168046,130,control
4069,518.0,7157.0,519.680017060704,7156.639971344929,0.2714537978172302,1,1.379412967129182,0.9244532126575238,130,control
4070,499.0,7187.0,506.0,7187.0,0.14176511764526367,0,6.700432857596371,,130,control
4071,504.0,7134.0,505.3501937858537,7133.809872377562,0.2550986111164093,1,1.0463843171911709,1.7441619316966477,130,control
4072,574.0,7085.0,575.0,7088.0,0.17557916045188904,0,3.3221083249612815,,130,control
4073,531.0,7195.0,532.0,7195.0,0.26868879795074463,1,0.7396716713543146,,130,control
4074,828.0,7110.0,827.8499531419711,7109.810018886629,0.16255049407482147,1,0.4580949014331105,0.5578251769257457,131,control
4075,792.0,7113.0,791.0,7113.0,0.14840178191661835,1,1.3276094544345616,,131,control
4076,792.0,7264.0,793.6900178249513,7264.300055116132,0.11240959167480469,1,1.4915188148388396,0.4121191205901659,131,check
4077,757.0,7086.0,756.6800619717895,7085.98996176282,0.17583073675632477,1,0.6682360395095789,0.3389282291018366,131,control
4078,751.0,7197.0,752.0,7197.0,0.16456176340579987,1,0.738668635434,,131,control
4079,827.0,7148.0,826.439971321883,7148.290082920731,0.17124326527118683,1,1.0152866767777922,0.7209289696185258,131,control
4080,720.0,7102.0,719.3799714113117,7101.750004719177,0.1661929488182068,1,0.9256187796207089,0.08789486928367793,131,control
4081,797.0,7289.0,798.1800466163015,7289.129978215847,0.13567975163459778,1,0.9556181750121147,0.759314203171672,131,control
4082,783.0,7208.0,781.2200177234658,7217.710177473068,0.14542651176452637,0,10.170016825847007,0.7918036663329976,131,control
4083,812.0,7109.0,813.2900387993838,7107.9598728585715,0.12719085812568665,1,1.2669969026179058,1.251789659929708,131,check
4084,831.0,7297.0,835.1601452215408,7296.609891795564,0.14498566091060638,0,3.8625285595975862,1.4483943520830824,131,control
4085,819.0,7198.0,819.5499795082633,7197.8300038491725,0.1111997440457344,1,0.25775849821121866,0.31033542947206727,131,control
4086,839.0,7233.0,835.5099852969031,7236.509933341691,0.14717073738574982,0,5.335122632379933,1.7186823125793758,131,control
4087,669.0,7139.0,668.3500495290862,7138.979968830751,0.21468417346477509,1,0.9813667679025433,0.4278973746252854,131,control
4088,799.0,7150.0,797.3599898865182,7149.95995338263,0.13274820148944855,1,1.9547694055082447,0.4655983713668918,131,control
4089,852.0,7087.0,848.6600025709488,7087.029949212223,0.241567000746727,0,3.6556157013668815,0.34667672809642935,131,check
4090,732.0,7164.0,731.7600225586302,7164.109890358016,0.15661071240901947,1,0.649709901014729,0.441418038394329,131,control
4091,751.0,7273.0,751.050098153065,7273.630073701368,0.1089300662279129,1,0.9106734212926381,1.1461614969752938,131,control
4092,790.0,7141.0,790.0499928351642,7140.5999840641525,0.15844058990478516,1,0.29849645134103453,0.2096258561182653,131,control
4093,827.0,7243.0,827.9600608426608,7242.479936570371,0.1357359141111374,1,0.7141236595172292,0.740774514228673,131,control
4094,759.0,7209.0,755.1398416555973,7209.029894946254,0.11575068533420563,0,4.172053433839692,1.0116192932244252,131,control
4095,824.0,7098.0,822.1799824895669,7099.5700395853,0.13352930545806885,0,2.793494538899464,3.356385888519345,131,control
4096,698.0,7142.0,696.9500162375496,7142.1599474885425,0.2588604986667633,1,1.4142101120778487,0.7866283921077523,131,control
4097,773.0,7277.0,774.5802774154381,7276.499907220948,0.1665714979171753,1,1.3044048319458221,1.2660708897457504,131,control
4098,745.0,7234.0,748.0,7235.0,0.11805103719234467,1,2.9712866309741064,,131,control
4099,837.0,7283.0,838.0,7282.0,0.11900749057531357,1,1.0303950628583536,,131,check
4100,753.0,7153.0,753.5899428400202,7152.780023636327,0.1447998732328415,1,0.2868067318057647,0.2524426927511862,131,check
4101,730.0,7293.0,732.7000636705977,7292.389879536749,0.12922726571559906,1,2.426689020989819,0.8209278313593302,131,control
4102,792.0,7161.0,792.9901778649582,7166.980042931794,0.11383158713579178,0,6.261653233226552,1.6742026706900937,131,control
4103,770.0,7252.0,769.0500291811043,7251.5699604136325,0.10997219383716583,1,1.2653539352231056,1.8837594130999884,131,check
4104,758.0,7279.0,759.5300440215482,7278.439944781623,0.20585700869560242,1,1.268641487563002,0.5464077587988571,131,control
4105,733.0,7190.0,734.2400576849449,7189.879908045929,0.1623850166797638,1,0.9450251577489268,0.3614431761768445,131,control
4106,716.0,7132.0,717.0,7131.0,0.13391146063804626,1,1.0258312220317134,,131,control
4107,800.0,7255.0,802.0,7252.0,0.15746724605560303,0,3.2373278394952947,,131,control
4108,736.0,7113.0,735.6000377657824,7111.6900120213595,0.14509902894496918,1,1.2772681998440856,1.0373860007355007,131,control
4109,747.0,7218.0,749.7901054889733,7216.740024072174,0.10823572427034378,1,2.686509789388441,0.9554900052273914,131,control
4110,709.0,7212.0,710.1900537484798,7211.429989097089,0.10107478499412537,1,0.9444198971890134,0.35678986412815944,131,control
4111,732.0,7090.0,731.9400011596504,7089.150006905712,0.16773705184459686,1,0.7069378040205193,0.7948606732556441,131,control
4112,712.0,7188.0,714.6099199136136,7186.729984312288,0.19462981820106506,1,2.5235645676326106,1.117641714210247,131,control
4113,796.0,7212.0,799.0,7212.0,0.16223059594631195,1,2.708400901490972,,131,control
4114,760.0,7124.0,759.1000133943519,7123.430013665533,0.18646018207073212,1,1.2480721906314614,1.0047993494165048,131,control
4115,688.0,7123.0,687.5000562661705,7122.38988404472,0.14339713752269745,1,0.8835246281114502,0.9045549566671216,131,check
4116,780.0,7120.0,778.9199516763465,7119.630010644854,0.12836995720863342,1,1.3906913930643356,0.928926421601382,131,check
4117,793.0,7175.0,794.0,7174.0,0.1299702674150467,1,1.0279978490282453,,131,control
4118,779.0,7234.0,780.0100739069246,7233.620037210605,0.1278589367866516,1,0.7207887750531644,0.6921969023847392,131,check
4119,784.0,7245.0,786.5800226566028,7244.409905521831,0.1515408754348755,1,2.3042599380712763,0.7815531678420973,131,control
4120,792.0,7092.0,789.4999783901234,7092.21992283067,0.2138414829969406,0,2.8436267589369963,1.0802469732874824,131,control
4121,785.0,7302.0,786.5200474831024,7301.609951300785,0.1571670025587082,1,1.228239775684721,1.185363693491408,131,control
4122,497.0,7378.0,497.5899945698338,7377.789941904701,0.12743163108825684,1,0.2933416208556268,0.20762368220245797,134,control
4123,651.0,7344.0,651.6799854481337,7343.880002770098,0.1479073166847229,1,0.4010316143927743,0.20882844436828008,134,control
4124,546.0,7500.0,544.8400039939951,7500.440019896117,0.21698656678199768,1,1.6121430705158635,0.85506792405517,134,control
4125,663.0,7503.0,663.0,7502.0,0.25193148851394653,1,0.8079337578789445,,134,control
4126,665.0,7334.0,667.6400216655799,7333.9099822425,0.1617467999458313,1,2.345216086379226,0.36523722995418473,134,check
4127,612.0,7309.0,613.1700765062591,7308.829944794748,0.13340361416339874,1,0.8727241289199135,0.4691830804765785,134,check
4128,588.0,7491.0,587.9600540239327,7490.820008719889,0.19294562935829163,1,0.3437189658036792,0.36037663273846504,134,control
4129,519.0,7454.0,519.2100012380902,7453.709984530211,0.1771441549062729,1,0.0957625323626969,0.3730533564402556,134,control
4130,515.0,7360.0,516.1800237942754,7359.760024079649,0.18034981191158295,1,0.8800807453164432,0.6357853965643357,134,control
4131,598.0,7448.0,596.0,7452.0,0.1373019963502884,0,4.830980841869662,,134,control
4132,624.0,7496.0,624.3500214661218,7496.020089435621,0.23736397922039032,1,0.27456534456314935,0.42777259156636316,134,check
4133,585.0,7519.0,584.3400933937546,7519.299958363376,0.14367200434207916,1,1.102828524536904,0.4159380129942914,134,check
4134,626.0,7457.0,626.1000660257598,7456.479933414791,0.1913626492023468,1,0.33521811576337884,0.5473605103821269,134,control
4135,611.0,7523.0,610.0900771508652,7522.989952521479,0.2326144427061081,1,1.2291895768931824,0.6863434922167929,134,control
4136,557.0,7460.0,557.5600844083336,7459.539925267785,0.19937700033187866,1,0.3359127902685751,0.3145671574432548,134,control
4137,607.0,7466.0,608.0,7465.0,0.1848934441804886,1,1.028279775068281,,134,control
4138,456.0,7430.0,457.03002849743274,7429.9298776082705,0.14954699575901031,1,0.7540277868759735,0.3689691483771415,134,control
4139,561.0,7523.0,560.6000228894771,7523.02998758675,0.19789814949035645,1,0.7503737496236925,0.23395464487780054,134,control
4140,492.0,7420.0,492.4100492710301,7419.869963405925,0.11885406076908112,1,0.16527558888869973,0.3349603966627286,134,control
4141,599.0,7316.0,600.3200028311409,7315.5999779783915,0.17008669674396515,1,1.0303251314968112,0.12221227960393284,134,control
4142,532.0,7456.0,532.3599711216661,7455.770005910417,0.17910321056842804,1,0.0658852028388762,0.2584390434374036,134,control
4143,516.0,7489.0,515.8300314045684,7489.029982402583,0.10798374563455582,1,0.5452787162283195,0.43043660279359747,134,check
4144,526.0,7434.0,526.5499397813447,7433.710021946373,0.19836391508579254,1,0.25471426978738304,0.3790720762355347,134,control
4145,646.0,7428.0,648.7000101375955,7427.299958306606,0.1096213087439537,1,2.4442224805402417,1.0089526530793225,134,control
4146,621.0,7422.0,621.7800112961779,7421.219953541646,0.20870578289031982,1,0.7171149886547391,1.0136913936082061,134,check
4147,538.0,7445.0,538.0200466098937,7444.74990819182,0.2160097360610962,1,0.2778189717116788,0.2544566660895115,134,control
4148,485.0,7458.0,485.660006628123,7457.2099558762075,0.1289893388748169,1,0.6482883490303561,0.5854081685922062,134,control
4149,520.0,7306.0,522.2099861363863,7305.03995972538,0.13303282856941223,1,2.036110570927875,0.5597934356773395,134,control
4150,613.0,7343.0,614.5599674815636,7343.279983261599,0.13148365914821625,1,1.366393236348092,1.1631177871263334,134,check
4151,506.0,7438.0,505.0,7438.0,0.18061314523220062,1,1.322356422237744,,134,control
4152,496.0,7485.0,495.54997409869776,7484.58999496386,0.13365279138088226,1,0.7635409151002662,0.2472945117426542,134,control
4153,561.0,7470.0,560.9000123578556,7470.069945283543,0.15822146832942963,1,0.5103858556048373,0.27016852288791254,134,check
4154,555.0,7426.0,553.3898434729786,7426.699877093985,0.17785082757472992,1,2.1320211893210947,0.9209830702230901,134,control
4155,654.0,7473.0,652.8700957716534,7472.820084792747,0.11412044614553452,1,1.4283115572206186,0.44931037511726823,134,control
4156,590.0,7336.0,591.1000368925737,7335.829968912395,0.10236912965774536,1,0.8036361617118374,0.4351564620192361,134,control
4157,547.0,7325.0,548.4900465978369,7324.619952347202,0.10118953883647919,1,1.196335004346629,0.35598769293510296,134,control
4158,453.0,7449.0,453.2599784639822,7449.260026305249,0.13887619972229004,1,0.5146124560608396,1.0168947579781198,134,control
4159,632.0,7349.0,633.0800194158661,7348.730025222971,0.12357097864151001,1,0.7804530100503779,0.34644713831039486,134,control
4160,581.0,7349.0,581.9599922079548,7348.719990535396,0.11031720042228699,1,0.6606406717543323,0.32038269090180377,134,control
4161,664.0,7425.0,664.3701028441657,7424.669971385371,0.1272725909948349,1,0.10932846148534542,0.7050703796576233,134,check
4162,658.0,7353.0,660.6999961061133,7352.320018609041,0.15327508747577667,1,2.4389227002668745,1.4607076023309766,134,control
4163,546.0,7520.0,547.0,7519.0,0.1601470410823822,1,1.0278035880996506,,134,control
4164,531.0,7486.0,530.7101045557895,7485.830029207354,0.1353289932012558,1,0.5924087722476596,0.8409059491940188,134,control
4165,588.0,7305.0,589.6899374127488,7304.6601730858065,0.10489237308502197,1,1.3917873987641354,0.847167617086751,134,control
4166,654.0,7314.0,654.1199152966809,7314.330017570099,0.13363906741142273,1,0.605406041113671,0.5190890322969273,134,control
4167,768.0,7338.0,768.3300215154171,7337.769924484764,0.23696449398994446,1,0.03388386081901601,0.45934586605609434,135,control
4168,792.0,7485.0,791.5300142121664,7484.759979168563,0.22922244668006897,1,0.7659762827121902,0.11656690696898393,135,control
4169,730.0,7361.0,730.8899898418039,7360.729992483408,0.18684397637844086,1,0.5912554167396034,0.12820444707041295,135,check
4170,742.0,7448.0,741.9499940917191,7447.819994463009,0.18732550740242004,1,0.3533022999896759,0.14359838863172417,135,control
4171,796.0,7320.0,798.0,7320.0,0.17876185476779938,1,1.717492827473263,,135,control
4172,726.0,7495.0,723.7499602588887,7495.29003891124,0.19855330884456635,1,2.6019713162887523,0.36761219330602635,135,check
4173,832.0,7487.0,830.1800369809345,7487.059879040169,0.22323711216449738,1,2.1374692940452698,0.59140857889692,135,control
4174,805.0,7441.0,805.190074541919,7440.709939901295,0.14674900472164154,1,0.11620416746114258,0.3708219661038919,135,control
4175,705.0,7394.0,706.0199960070729,7393.789991774554,0.12574054300785065,1,0.7224322049247835,0.2720730655108737,135,control
4176,782.0,7499.0,781.3100843941409,7498.949946081825,0.23745810985565186,1,1.0047432687912334,0.2843336721200722,135,control
4177,818.0,7509.0,816.9199726951841,7508.9199618192815,0.17092137038707733,1,1.3851207181853784,0.3338188105975391,135,control
4178,735.0,7320.0,733.8399994292527,7320.880095747849,0.1428806185722351,1,1.843887194278143,0.5527380241110372,135,check
4179,755.0,7362.0,755.7699051004873,7361.809946645546,0.1252850443124771,1,0.47405374662517047,0.4338168274276876,135,control
4180,787.0,7475.0,786.3700638502139,7474.939907337076,0.12836815416812897,1,0.9444736207512067,0.4878050756568941,135,control
4181,761.0,7481.0,759.0,7481.0,0.2008861005306244,1,2.3093047774059605,,135,control
4182,740.0,7307.0,739.48992736031,7307.900089894962,0.16308258473873138,1,1.403489882983653,1.285718889633251,135,control
4183,828.0,7509.0,826.2600121051395,7509.109998212072,0.2798174023628235,1,2.0658491704555786,0.8525815382803227,135,control
4184,747.0,7372.0,748.5699391693961,7371.650019274247,0.2258272022008896,1,1.2753219914473886,0.24992113840529726,135,control
4185,716.0,7520.0,715.5100748369044,7519.839997063411,0.21410591900348663,1,0.7901246791708556,0.3666145407727689,135,control
4186,681.0,7429.0,682.2599474725226,7428.599808702384,0.11083023250102997,1,0.9742471760162279,1.2408387537537517,135,control
4187,687.0,7410.0,687.8399771715659,7409.249975839775,0.13111035525798798,1,0.7390921759150162,0.5119058102181584,135,control
4188,788.0,7349.0,790.8099365593819,7347.139994983392,0.1131875216960907,1,2.9854227770675243,1.053453511746139,135,control
4189,713.0,7450.0,713.150062861327,7449.900007399087,0.12140277773141861,1,0.20781032767435217,0.3529183561426527,135,control
4190,780.0,7437.0,779.9200302285893,7436.829972969569,0.16424532234668732,1,0.3845659040420534,0.16650060168271388,135,control
4191,763.0,7373.0,764.1899840435522,7372.979957954849,0.21384423971176147,1,0.9192153438680195,0.5206058671958389,135,control
4192,698.0,7346.0,699.5600877893121,7345.689930821105,0.15134543180465698,1,1.2619766053910775,0.5940695201495855,135,check
4193,833.0,7516.0,826.0,7509.0,0.1462622582912445,0,9.942853122998446,,135,control
4194,668.0,7368.0,665.5499060834162,7369.500133295708,0.13468754291534424,0,3.257880898972701,1.8754761783069216,135,check
4195,798.0,7394.0,795.6699572971178,7395.290040714429,0.10177096724510193,0,3.043445099562576,1.4159314651932102,135,control
4196,680.0,7480.0,680.559780510925,7479.840176255269,0.12888409197330475,1,0.2775770595566605,1.592207442550966,135,control
4197,778.0,7362.0,779.0201941340973,7361.00998380427,0.10598591715097427,1,1.0369427046439352,0.717905052328479,135,check
4198,761.0,7436.0,760.8400827716365,7435.649982591052,0.24100333452224731,1,0.46896731541062636,0.7912756892960575,135,control
4199,777.0,7322.0,777.710036485423,7321.809917400504,0.12648111581802368,1,0.41367167781498204,0.4715780272403294,135,check
4200,707.0,7350.0,709.9101166935866,7349.040032474031,0.10690102726221085,1,2.706264187555428,1.1127541242273713,135,control
4201,735.0,7334.0,736.4799824398217,7333.789847799957,0.2019527703523636,1,1.180666352092866,0.594754272016476,135,control
4202,761.0,7467.0,760.4600150015954,7466.909986299674,0.19205845892429352,1,0.8508788834684576,0.2662887274255169,135,control
4203,760.0,7508.0,759.8100028833311,7507.440020572312,0.2692122161388397,1,0.5782592837854535,0.44910591214559087,135,control
4204,851.0,7502.0,850.0,7502.0,0.1904599815607071,1,1.318064913350168,,135,control
4205,846.0,7490.0,826.5700038587842,7491.520125527777,0.10040213912725449,0,19.80442680527395,1.961987286874467,135,control
4206,676.0,7445.0,676.5200300138705,7444.120089306059,0.12747609615325928,1,0.670262181893352,0.6126015448653279,135,control
4207,680.0,7498.0,680.5700459532306,7497.459944620472,0.22854392230510712,1,0.400596584313495,0.7873144200726306,135,check
4208,724.0,7512.0,721.3599602457639,7511.930071395951,0.15838110446929932,1,2.9409307678806553,0.577182670980823,135,check
4209,712.0,7367.0,712.7300629213021,7366.949959154941,0.16326001286506653,1,0.47362026783527716,0.641004017794406,135,control
4210,858.0,7462.0,849.0,7474.0,0.1204649955034256,0,15.372772070978602,,135,control
4211,740.0,7434.0,740.3900320764922,7434.139936830563,0.16914208233356476,1,0.3970114394585346,0.4876034731627998,135,control
4212,809.0,7348.0,815.0,7348.0,0.1312742829322815,0,5.705992525001811,,135,control
4213,619.0,7528.0,618.4600520237311,7527.909963759817,0.16817863285541534,1,0.8505610427856781,0.3274323164351615,138,check
4214,561.0,7723.0,560.9401846925393,7722.07989161488,0.14027191698551178,1,0.755034540184825,1.2569836934094036,138,control
4215,636.0,7678.0,636.1300558097245,7677.619997483686,0.14806759357452393,1,0.20782636887590142,0.9314265111817188,138,control
4216,602.0,7582.0,600.8599587531306,7582.3999439201625,0.10136954486370087,1,1.574728925714692,0.3251659310164969,138,control
4217,645.0,7658.0,644.6099948027082,7657.41002396962,0.28715160489082336,1,0.7626387101839602,0.161269968041881,138,control
4218,620.0,7586.0,619.21000439367,7585.84998971331,0.23896215856075287,1,1.0886904806355653,0.11555895956029634,138,check
4219,552.0,7630.0,552.270016532535,7629.290004650658,0.1508931815624237,1,0.4591782110876616,0.43795617899345585,138,control
4220,545.0,7648.0,541.9800651894806,7648.639942043115,0.13978640735149384,0,3.430712092791618,0.45991370418212313,138,check
4221,514.0,7644.0,513.5500420572081,7642.31993988817,0.10930438339710236,1,1.609470511658254,1.944276553640807,138,control
4222,540.0,7735.0,538.9599419440748,7734.4899079760335,0.16360457241535187,1,1.3556227875218385,0.750128023144952,138,control
4223,537.0,7646.0,540.0,7649.0,0.10681804269552231,0,4.231146460356207,,138,control
4224,452.0,7562.0,450.71998670362063,7561.870001498282,0.11697753518819809,1,1.580178968535764,0.4642315252259435,138,control
4225,640.0,7699.0,637.9499663109244,7699.23003218194,0.18625769019126892,1,2.389944916314701,1.3674956535019311,138,control
4226,654.0,7602.0,652.7400779424302,7601.599982993931,0.21383912861347198,1,1.5608820710837361,0.18593903153009667,138,control
4227,650.0,7542.0,649.3100546415303,7541.629897212605,0.26875320076942444,1,0.992494310128934,0.9031339771024701,138,control
4228,605.0,7622.0,603.0800510284363,7622.489993797802,0.13525722920894623,1,2.3337186748265304,0.4357009823382949,138,control
4229,579.0,7711.0,580.8201138123915,7709.060035243061,0.17159242928028107,1,2.278156339125149,0.7771296580809511,138,control
4230,501.0,7669.0,500.4500464693428,7668.679955470125,0.14266514778137207,1,0.8451673056285696,0.36220509391900557,138,control
4231,544.0,7591.0,543.1700128870926,7590.649923648484,0.10056920349597931,1,1.1285866687390897,0.41443569637393957,138,control
4232,609.0,7661.0,608.6700857759857,7660.419918345745,0.11642298847436905,1,0.7043207658941147,0.545152667577003,138,control
4233,653.0,7556.0,652.3200193420073,7555.6899217483915,0.2375449687242508,1,0.9766561864866985,0.365492407208911,138,control
4234,627.0,7669.0,627.0,7668.0,0.12699729204177856,1,0.8051294439927408,,138,control
4235,608.0,7692.0,608.00004107931,7691.179984124128,0.15361465513706207,1,0.6400113521677232,0.420890907809972,138,control
4236,610.0,7540.0,608.3600977405745,7539.4599638361215,0.2445962280035019,1,1.9568575759219333,0.6044918811083532,138,check
4237,508.0,7578.0,507.4099640136015,7577.72990671841,0.10959789901971817,1,0.8849441084460901,0.4387950323590931,138,control
4238,638.0,7558.0,637.3300529025888,7557.519892689374,0.23191097378730774,1,0.991980500720953,0.6378478999245979,138,control
4239,459.0,7543.0,458.76999604965124,7542.559929332435,0.2035624086856842,1,0.5579295167237388,0.45081793560308886,138,control
4240,503.0,7744.0,504.0,7741.0,0.10907812416553497,1,2.837092738118402,,138,control
4241,500.0,7576.0,497.86002755646405,7575.809973581518,0.10544484853744507,1,2.435585741500406,2.1252263282526824,138,control
4242,661.0,7615.0,660.2300134738597,7614.220002960703,0.22813162207603455,1,1.18861649296017,0.45336812478360555,138,control
4243,492.0,7697.0,490.14003380871674,7697.2700438625325,0.15989899635314941,1,2.2145367970036642,0.9906073378489223,138,control
4244,537.0,7601.0,536.5101032938948,7600.459960455143,0.11541398614645004,1,0.8353143297146467,0.5310896639413033,138,check
4245,543.0,7569.0,542.3501081894842,7568.939981832145,0.150046706199646,1,0.9639068537315855,0.4498413801624137,138,check
4246,480.0,7658.0,480.4300120877428,7656.829984014099,0.12044845521450043,1,0.926952758547516,0.3129459590584112,138,control
4247,512.0,7632.0,506.0699837699263,7633.450134206156,0.11397415399551392,0,6.452110698528274,0.9260925685280024,138,control
4248,580.0,7539.0,581.1400663228812,7538.070013918249,0.19966982305049896,1,1.084102820381251,0.686618829683593,138,control
4249,538.0,7682.0,537.1099774186331,7681.460037090655,0.10736773908138275,1,1.2166906563011013,0.2674520125916505,138,control
4250,612.0,7717.0,613.0,7716.0,0.10934216529130936,1,1.0319192094956287,,138,check
4251,543.0,7714.0,540.0,7711.0,0.1164032518863678,0,4.287720373655193,,138,check
4252,620.0,7729.0,620.7400222689847,7728.129891549256,0.11395088583230972,1,0.7657362327979153,0.9149992799764136,138,control
4253,533.0,7559.0,532.7199881695544,7558.649837207292,0.12739399075508118,1,0.5834951950052624,0.9014937547275501,138,check
4254,545.0,7540.0,548.0,7541.0,0.12154536694288254,1,2.979919243371109,,138,control
4255,662.0,7584.0,661.3500037164064,7583.589976931975,0.24650342762470245,1,0.957732838303472,0.1943890232046235,138,control
4256,634.0,7657.0,634.0101451896422,7656.140070944395,0.11214486509561539,1,0.6724996872179799,0.5790248980673768,138,control
4257,589.0,7729.0,584.8898569685068,7728.119940935346,0.12185358256101608,0,4.445659381560604,1.3982445631642757,138,control
4258,564.0,7555.0,563.8700328854538,7555.029981500989,0.1552991271018982,1,0.5094464154354714,0.3866558134445976,138,control
4259,836.0,7690.0,836.2100163397939,7689.380009335042,0.10707923769950867,1,0.3838939277700539,0.26452117905507666,139,control
4260,772.0,7655.0,769.4800299989189,7653.899925916663,0.20472624897956848,0,2.9386847818143575,0.5595679584356101,139,control
4261,735.0,7632.0,734.1000303560154,7631.539958175976,0.2939502000808716,1,1.2114524385470156,0.40053340380734676,139,check
4262,802.0,7646.0,800.3999597548334,7646.1999839062055,0.25489431619644165,1,1.9437614100902212,0.7388987859058574,139,control
4263,750.0,7709.0,750.0400062142553,7708.210006873054,0.17374148964881897,1,0.5981794666213438,0.12972732197751724,139,control
4264,828.0,7665.0,825.289987463596,7664.610038586801,0.24463193118572235,0,3.0049813626026167,0.40020865164631025,139,control
4265,707.0,7571.0,706.0200328038101,7570.779968864476,0.28060540556907654,1,1.274445474468357,0.25984959450850353,139,control
4266,786.0,7612.0,785.8900162702071,7611.259952543147,0.2372642606496811,1,0.6377750991480406,0.20245845672999396,139,control
4267,680.0,7586.0,679.2599642638726,7585.630002981304,0.32092395424842834,1,1.0411077483710371,0.22312305740513197,139,control
4268,768.0,7602.0,766.8800226619427,7601.559963875186,0.2968699634075165,1,1.4264393064049714,0.16318373025007055,139,control
4269,764.0,7732.0,764.8199300541039,7731.1201501636715,0.16794812679290771,1,0.8257007493778026,0.3213938996649734,139,check
4270,811.0,7639.0,810.1099961834851,7638.649984562869,0.20739461481571198,1,1.1867980657185297,0.42079093335246875,139,control
4271,695.0,7584.0,694.5101050970833,7583.539963416913,0.3029184341430664,1,0.8120415573362226,0.5303791969773787,139,control
4272,808.0,7735.0,809.0800408855009,7734.039977137841,0.13918249309062958,1,1.0653401839323453,0.6180568766409782,139,check
4273,762.0,7621.0,761.289996987107,7620.389970879939,0.36722585558891296,1,1.0667133116049672,0.15722249847439107,139,control
4274,703.0,7670.0,703.0,7669.0,0.20558284223079681,1,0.8067463901792681,,139,control
4275,747.0,7601.0,745.990026508979,7600.549961025581,0.2657037079334259,1,1.3190723635953807,0.2042968830729296,139,check
4276,838.0,7654.0,837.9700214859636,7653.359954442172,0.15036320686340332,1,0.5098132689619831,0.44832099236248407,139,control
4277,778.0,7619.0,777.0799665039746,7618.739854964792,0.19444383680820465,1,1.2128744570099348,0.21686640056596432,139,control
4278,695.0,7706.0,694.8800271699139,7704.759971279614,0.11558712273836136,1,1.0735846129343252,0.4980500796404015,139,control
4279,669.0,7663.0,669.7199404969149,7661.819925602904,0.17290613055229187,1,1.0249811731467775,0.785995714199876,139,control
4280,827.0,7604.0,826.0,7608.0,0.12040486186742783,0,4.43717494467074,,139,control
4281,787.0,7694.0,787.399984774074,7693.310025000776,0.24707986414432526,1,0.4572745628976209,0.32193686984389486,139,control
4282,806.0,7553.0,805.0800345743411,7552.759966771642,0.13728754222393036,1,1.2142414835155777,0.16536605483262407,139,check
4283,847.0,7622.0,847.0,7488.0,0.13191469013690948,0,133.7566187116463,,139,control
4284,674.0,7558.0,673.7400215360178,7557.739973694751,0.3036322295665741,1,0.554722691685241,0.277786077175373,139,control
4285,833.0,7556.0,831.9500263804849,7555.609964148503,0.251705527305603,1,1.3519491199179958,0.22801658755965326,139,control
4286,804.0,7537.0,802.6700568681983,7536.77995421357,0.11795813590288162,1,1.624798862702461,0.34358366724652095,139,check
4287,801.0,7623.0,800.1200476073245,7622.629901495178,0.20080965757369995,1,1.1791504178487942,0.8129390054759089,139,control
4288,678.0,7735.0,678.6098312752065,7734.439922071454,0.1620863825082779,1,0.44616193226879214,0.5940737179112985,139,control
4289,768.0,7668.0,766.5799155905984,7667.230063061544,0.2630016505718231,1,1.7899952124894927,2.9856596643546927,139,check
4290,720.0,7641.0,719.4400294196276,7640.939928299143,0.2500073313713074,1,0.8727292909404292,0.547293210647514,139,control
4291,850.0,7527.0,851.0,7527.0,0.13428716361522675,1,0.7462048537978874,,139,control
4292,796.0,7672.0,796.270045665721,7670.939969153054,0.1934233456850052,1,0.8147059698442107,0.47424769502922226,139,control
4293,732.0,7647.0,731.1199888901554,7646.3099717499435,0.2540311813354492,1,1.2531466248785927,0.08562861567656806,139,control
4294,747.0,7694.0,747.0,7689.0,0.1539248526096344,0,4.762036468947171,,139,check
4295,690.0,7722.0,690.7399804567078,7720.559989570623,0.1234203428030014,1,1.2735740366268802,0.5411727038812184,139,control
4296,842.0,7674.0,823.0,7867.0,0.10496483743190765,0,194.20570369291846,,139,control
4297,763.0,7526.0,763.0,7522.0,0.18168804049491882,0,3.765705789975776,,139,control
4298,829.0,7573.0,828.2699580975357,7572.339992019485,0.17019066214561462,1,1.1048664115220146,0.336705604348614,139,check
4299,720.0,7622.0,719.8999798436912,7621.269975227827,0.32572150230407715,1,0.622431327821689,0.5572166417977763,139,control
4300,796.0,7741.0,792.0599479002741,7739.589909424261,0.2134701907634735,0,4.387080511406459,1.6836449458779794,139,control
4301,785.0,7663.0,784.3900000131248,7662.359967515289,0.22386236488819122,1,0.9840585339441299,0.116075734828514,139,control
4302,836.0,7642.0,834.9200611649638,7641.559940433735,0.13388614356517792,1,1.385790567558044,0.556371034906415,139,control
4303,713.0,7538.0,713.0101599540913,7537.509928496464,0.23920385539531708,1,0.37433246484936367,1.3100698821114358,139,control
4304,746.0,7544.0,745.4900357219345,7543.780017832736,0.261516809463501,1,0.8050972540413535,0.32532930193418336,139,control
4305,819.0,7701.0,819.2700973955347,7699.949887421427,0.17353224754333496,1,0.8052257035924375,0.7108448178006208,139,control
4306,735.0,7555.0,733.7100481493771,7554.9700199081735,0.26753881573677063,1,1.599176002859141,0.5379348069349372,139,control
4307,790.0,7549.0,789.040036023637,7548.889972486114,0.15718983113765717,1,1.2616595268922393,0.4044757500805177,139,control
4308,507.0,7882.0,506.8899853906037,7881.889901822821,0.24663333594799042,1,0.4223860161119297,0.37374156464652913,142,control
4309,469.0,7890.0,470.5099778019793,7888.8200043805455,0.1259406954050064,1,1.533574170771614,0.7384955327045065,142,control
4310,489.0,7920.0,489.88998330524544,7919.439981746988,0.2341870367527008,1,0.6766888232554953,0.3058960854113036,142,control
4311,533.0,7949.0,533.6599915264192,7948.5399310713765,0.2071990668773651,1,0.4278439189221416,0.4958082910097705,142,control
4312,527.0,7921.0,527.8500477542832,7920.0799242409,0.2679016590118408,1,0.8733433889578316,0.22119904060461804,142,control
4313,491.0,7812.0,491.770041862331,7810.949921231211,0.12903465330600739,1,0.9304754910903799,0.3545710749777025,142,control
4314,546.0,7809.0,546.840098549536,7808.350008506547,0.19004413485527039,1,0.6797073674326026,0.5183970205534407,142,check
4315,574.0,7787.0,573.0,7788.0,0.1331031173467636,1,1.7968430939468956,,142,control
4316,657.0,7793.0,658.0799993553939,7792.83999227327,0.13093902170658112,1,0.7960977627075208,0.6015948117270392,142,check
4317,629.0,7773.0,629.7401084847787,7771.669866461496,0.13202597200870514,1,1.1703066580921109,0.4312061067627734,142,control
4318,538.0,7886.0,538.4800191230165,7885.059991402197,0.2796075642108917,1,0.7138973986583963,0.5298569434394874,142,control
4319,662.0,7940.0,659.8098961562677,7938.990011969929,0.164914071559906,1,2.5895335908707713,2.914786795222499,142,control
4320,524.0,7845.0,524.5500030064852,7844.229959096035,0.22005204856395721,1,0.5796858552109726,0.5917902958524497,142,control
4321,570.0,7823.0,570.9400031882374,7822.240010237704,0.14474807679653168,1,0.8263305084911517,0.4875601602774351,142,control
4322,663.0,7911.0,663.6900298278464,7910.189991481705,0.18113973736763,1,0.6907525344418729,0.12708269810224876,142,check
4323,544.0,7776.0,544.5300236789061,7775.179994717861,0.18837524950504303,1,0.6166102532430577,0.3151251096466115,142,control
4324,596.0,7810.0,596.4799866088521,7809.26002134648,0.18209291994571686,1,0.5250611203331196,0.32976735785435485,142,check
4325,601.0,7747.0,602.5500569335134,7745.97996432278,0.14946243166923523,1,1.4761645801061556,1.2276541649942647,142,control
4326,519.0,7825.0,519.8000242081431,7823.759973082802,0.18933546543121338,1,1.1117047871369246,0.27989705491694533,142,control
4327,657.0,7759.0,658.8901054161825,7757.9299322682655,0.10510870069265366,1,1.798534681304485,1.3678925229036765,142,control
4328,565.0,7898.0,566.5699899408443,7897.260019317893,0.2154669314622879,1,1.372909932046642,0.3379457315965144,142,control
4329,539.0,7848.0,539.7000261408936,7847.009984592321,0.24112464487552643,1,0.8447836967690155,0.20974787561725391,142,control
4330,519.0,7801.0,519.0,7799.0,0.2070111483335495,1,1.7709560416990255,,142,control
4331,486.0,7870.0,484.0,7868.0,0.133286714553833,1,2.87792666358808,,142,check
4332,522.0,7888.0,523.2600107527481,7887.049995990744,0.2570555806159973,1,1.1967696459121704,0.21408953920708054,142,control
4333,495.0,7834.0,496.7100217777451,7832.799976592275,0.13033172488212585,1,1.707778824296324,0.36474154030691414,142,control
4334,587.0,7849.0,587.269934317144,7848.570119658561,0.12379401177167892,1,0.17943072245552197,1.2916717332638639,142,control
4335,523.0,7941.0,523.5700409944623,7940.239936475602,0.31887590885162354,1,0.5810842319294749,0.11249520694044447,142,control
4336,611.0,7886.0,611.0,7886.0,0.1280675083398819,1,0.38108440433411206,,142,control
4337,565.0,7773.0,565.8200673802871,7771.999958977462,0.17100976407527924,1,0.917268503794288,0.40709308605389677,142,check
4338,452.0,7791.0,371.0101130127325,7845.640268141439,0.11996316909790039,0,98.08095363493439,1.7333805782933098,142,control
4339,487.0,7948.0,487.0,7948.0,0.20997478067874908,1,0.38243412552210737,,142,check
4340,584.0,7905.0,585.6000323562168,7903.450003136048,0.11375635862350464,1,1.8469552539676524,0.3983000529911454,142,control
4341,470.0,7937.0,468.0,7936.0,0.20633307099342346,1,2.4045910116731712,,142,control
4342,553.0,7869.0,553.7099858258309,7868.490084239397,0.2215203493833542,1,0.49489402933082327,0.4028103925832359,142,control
4343,562.0,7858.0,562.9199974890263,7857.020002543632,0.23316150903701782,1,0.964264503252816,0.635028756837224,142,control
4344,587.0,7862.0,588.3599810392029,7861.210022200156,0.17310020327568054,1,1.2001146443241215,0.49547416176335424,142,control
4345,556.0,7848.0,557.6099979582881,7846.550029152719,0.19846446812152863,1,1.7840105182103074,0.6527253142257629,142,control
4346,600.0,7786.0,601.0300383581985,7785.009977154169,0.157979354262352,1,1.0464807441427897,0.5769711071063067,142,control
4347,518.0,7756.0,518.4999492001662,7755.210041584433,0.1726960390806198,1,0.5767057180335121,0.7162087122421005,142,check
4348,493.0,7886.0,494.45003311405634,7884.7300168832235,0.23935046792030334,1,1.544257737184837,0.42896225854562875,142,control
4349,565.0,7932.0,565.8999976501779,7931.060004475314,0.17148177325725555,1,0.922080007057051,0.32482761528572385,142,control
4350,494.0,7796.0,495.0,7795.0,0.2062566578388214,1,1.0306578821728116,,142,control
4351,734.0,7917.0,734.9299994370376,7916.090004909782,0.262256920337677,1,0.9238170536933865,0.1625259821185121,143,control
4352,796.0,7868.0,797.1300102224432,7867.240005955131,0.18117129802703857,1,0.9875192215627147,0.29075051896689685,143,control
4353,801.0,7900.0,801.170047373073,7899.179980292352,0.20068538188934326,1,0.5852777949133752,0.4569495339133214,143,control
4354,794.0,7913.0,794.9500656566064,7911.70994531086,0.22315450012683868,1,1.2371677280452105,0.6962117171282906,143,control
4355,762.0,7852.0,762.7599951718615,7851.18001207355,0.14938485622406006,1,0.7428503640919211,0.24154963362870485,143,control
4356,763.0,7950.0,763.210017917584,7949.450011926591,0.18546095490455627,1,0.3116621509243804,0.19071846743950746,143,control
4357,790.0,7810.0,787.0,7810.0,0.1396184265613556,0,3.2972692729328883,,143,control
4358,719.0,7894.0,720.0900444113022,7893.179982095541,0.24212448298931122,1,0.9863876071780553,0.25565162215480036,143,control
4359,780.0,7781.0,780.9200696733382,7780.580037758306,0.20650316774845123,1,0.6547066553608462,0.5107522865129897,143,control
4360,835.0,7839.0,835.340067980488,7838.529833272204,0.1277756541967392,1,0.23104446781253365,0.804043647242303,143,control
4361,746.0,7956.0,745.7500219062391,7955.739973469353,0.15043199062347412,1,0.5347641074268509,0.9441471872042424,143,control
4362,793.0,7880.0,792.7700217450877,7879.69997153767,0.23822782933712006,1,0.5190850145605241,0.4975926827401662,143,control
4363,815.0,7845.0,814.5700023377653,7844.810039680068,0.19136591255664825,1,0.719273518845086,0.5975268877510858,143,check
4364,807.0,7914.0,807.4600177631494,7913.389907486171,0.12920549511909485,1,0.40358937392796157,0.39256072601507713,143,control
4365,693.0,7947.0,693.5099726178123,7946.589995865454,0.22797861695289612,1,0.2765399254505259,0.5012541845237886,143,check
4366,784.0,7882.0,785.0200747847143,7880.99995446949,0.17388953268527985,1,1.0516685467763822,1.1788894493160742,143,control
4367,796.0,7922.0,796.7200347702861,7921.359997099272,0.17517898976802826,1,0.586377888975022,0.24670592152904164,143,control
4368,777.0,7764.0,777.4399601087259,7763.149981153504,0.20466028153896332,1,0.6221561619255283,0.1854657914001004,143,control
4369,810.0,7946.0,810.6300316636924,7945.369999498081,0.15124686062335968,1,0.5162809685171911,0.38358026446515,143,check
4370,754.0,7889.0,755.1400126212517,7888.330009061725,0.20286446809768677,1,0.9526204693348105,0.31653436747229863,143,control
4371,742.0,7840.0,742.92004448547,7838.819913037355,0.20533332228660583,1,1.1268520301614071,1.129840764012605,143,control
4372,801.0,7836.0,801.7300288293476,7835.079986507676,0.2025693953037262,1,0.8063112632066578,0.25660796959023346,143,control
4373,677.0,7823.0,677.4499850473909,7822.240021282234,0.17564353346824646,1,0.5359467666481192,0.46374220868832805,143,control
4374,802.0,7756.0,801.0600070114692,7754.569923166098,0.13959546387195587,1,1.7069963587451855,0.6628397620127682,143,control
4375,709.0,7939.0,712.0,7943.0,0.10690898448228836,0,5.041998217412623,,143,control
4376,695.0,7806.0,700.5400948259629,7803.7497773471105,0.17858746647834778,0,5.620165914912259,2.8940542682940014,143,control
4377,681.0,7874.0,679.8200520531848,7874.319933802409,0.1748642474412918,1,1.5733562899796067,1.1714859648203428,143,control
4378,770.0,7802.0,763.1198065978016,7800.149922379564,0.1603005975484848,0,7.345659041207281,1.3377412274373475,143,control
4379,710.0,7802.0,710.0400119059906,7800.8199328724295,0.18982288241386414,1,0.9644652687961695,1.0825551838242955,143,control
4380,819.0,7795.0,819.7499700077981,7794.079971574599,0.19657158851623535,1,0.817396316244025,0.36141361199887223,143,control
4381,719.0,7875.0,720.340020476476,7874.350005294196,0.18239185214042664,1,1.1273320670319984,0.48532023249537837,143,control
4382,774.0,7940.0,774.6100153139776,7939.320057659763,0.19379563629627228,1,0.5413159238916382,0.3588069253874139,143,control
4383,729.0,7785.0,730.8599669242501,7784.119873991973,0.14013464748859406,1,1.6936247391951795,0.8575615669062822,143,control
4384,667.0,7791.0,667.4899079760335,7790.040058055925,0.16482345759868622,1,0.738622117793738,0.9397705078615585,143,control
4385,835.0,7758.0,832.6701136686366,7758.300047509352,0.10778623819351196,1,2.67515827896988,0.5128504530962243,143,check
4386,745.0,7858.0,745.8100805339797,7857.599981416141,0.19813449680805206,1,0.5448197170808703,0.5582782082647367,143,control
4387,818.0,7809.0,818.6700808172174,7808.199910200875,0.17963361740112305,1,0.673430172512932,0.616272444773747,143,control
4388,710.0,7748.0,710.8300316299669,7747.039982772804,0.15117163956165314,1,0.8937556481968076,0.5239489808166617,143,check
4389,781.0,7902.0,782.3800339034852,7900.880024014334,0.27804431319236755,1,1.3998975609669633,0.15253664149579407,143,control
4390,800.0,7948.0,800.3399613652808,7947.369991552359,0.20527619123458862,1,0.3874737638412853,0.17999107388074062,143,control
4391,843.0,7889.0,830.0,7849.0,0.11569538712501526,0,41.91621784601343,,143,control
4392,684.0,7920.0,684.8100209152162,7919.240050190021,0.18324337899684906,1,0.7319134083756652,0.2781427596581586,143,check
4393,760.0,7757.0,761.0600852815423,7756.39996837675,0.25797444581985474,1,0.8477390369798323,0.4613253845701901,143,control
4394,735.0,7893.0,729.2899645280274,7898.520250962922,0.20040905475616455,0,8.320281475064503,1.820608288734911,143,control
4395,834.0,7849.0,834.9801631827711,7848.059852950707,0.12103071063756943,1,0.9815058132906986,0.5593873266468166,143,control
4396,817.0,7891.0,818.250029598176,7890.259944428799,0.1262621134519577,1,1.0833345874903786,0.2819139728451446,143,check
4397,762.0,7825.0,763.6599899486292,7823.469928479827,0.13023041188716888,1,1.8786368455692293,0.7444184541601633,143,check
4398,746.0,7771.0,747.28007623935,7770.280018537317,0.2327708899974823,1,1.0979355267658286,0.5630879225473917,143,control
4399,691.0,7845.0,691.7600159653007,7844.459962877756,0.17877662181854248,1,0.5550203838040243,0.40064809094494674,143,check
4400,515.0,7995.0,515.219984646648,7994.60003979437,0.25182580947875977,1,0.15993442685422007,0.4651062284631261,146,control
4401,596.0,8058.0,594.290038517214,8057.589955744509,0.1323009729385376,1,1.998933448716752,0.2735385394132431,146,control
4402,498.0,8078.0,497.8200299641254,8077.339897520716,0.3164388835430145,1,0.6152894429581116,0.3204340280356226,146,control
4403,632.0,8101.0,630.9599919825562,8100.7099901651745,0.18299007415771484,1,1.3221024352572728,0.5167155413404154,146,control
4404,539.0,8129.0,538.4500746441634,8128.930001747794,0.2369605153799057,1,0.8511215654660977,0.37942140564730253,146,control
4405,555.0,8032.0,553.7600267844318,8031.939980648381,0.1857023537158966,1,1.535605490157933,0.45034250025152417,146,check
4406,545.0,8184.0,544.7499966048288,8183.260015260719,0.20587623119354248,1,0.7192324535361315,0.21013648385861025,146,control
4407,501.0,8164.0,500.3600603244127,8163.799902379375,0.2193557620048523,1,0.922007694719182,0.200545258499162,146,control
4408,573.0,8094.0,573.0101097452964,8093.210096075801,0.15242883563041687,1,0.602164385152836,0.43289596876896175,146,control
4409,583.0,8155.0,581.7499837571105,8154.689994158102,0.24111951887607574,1,1.5314777792121506,0.29677824224203236,146,control
4410,547.0,8093.0,545.7600647081618,8092.97995958941,0.2544154226779938,1,1.5397171728366852,0.38606511828472956,146,check
4411,520.0,8036.0,519.8700559328786,8035.409936007408,0.1701851338148117,1,0.5330260668777316,0.21191637340590222,146,control
4412,480.0,8145.0,479.9000624531082,8144.649944216525,0.26591166853904724,1,0.3926072882246694,0.48833582724627883,146,control
4413,540.0,8037.0,540.5497972159095,8036.6699544787925,0.11850983649492264,1,0.27725758380402504,0.7648643732836362,146,control
4414,553.0,8006.0,552.7900335868312,8005.54990597156,0.19607488811016083,1,0.5320461482110731,0.196344116571705,146,control
4415,530.0,8056.0,529.5400328396715,8055.570008931095,0.21210922300815582,1,0.7636337152790698,0.29384789107116294,146,control
4416,464.0,8104.0,463.3999901836396,8103.550033886088,0.13212954998016357,1,0.903297061046174,0.25924416087018687,146,control
4417,499.0,8183.0,498.8300410967067,8182.4599983221015,0.29201826453208923,1,0.5327870917038267,0.4918336605216027,146,control
4418,493.0,7978.0,493.1900914468113,7977.459967667897,0.10478316247463226,1,0.3012766690845687,0.2850000085402114,146,control
4419,499.0,8089.0,497.9101352898112,8088.579896319864,0.13296441733837128,1,1.3821347142442946,0.792552787102617,146,control
4420,485.0,8059.0,484.5700459532307,8058.459944620472,0.17250972986221313,1,0.768050985026188,0.37457649706421864,146,control
4421,522.0,8066.0,522.0800063427494,8065.150003750132,0.27018168568611145,1,0.6298169547232991,0.33744324571110007,146,control
4422,526.0,8099.0,525.690016529331,8098.599969638644,0.2522597312927246,1,0.6097456990589732,0.1757374518111739,146,control
4423,585.0,8088.0,584.3100388068596,8087.56995455327,0.2201121747493744,1,0.9880966905056284,0.2509710146728685,146,check
4424,585.0,8163.0,584.8300392935182,8162.379995360331,0.24315671622753143,1,0.5810902022928215,0.47924727048259774,146,control
4425,560.0,8073.0,558.0,8075.0,0.11727222055196762,0,3.207001855624922,,146,control
4426,551.0,8138.0,551.0,8139.0,0.24795767664909363,1,1.2843651725173064,,146,control
4427,475.0,8075.0,474.9300356143503,8074.409897632881,0.16424256563186646,1,0.48657282064481205,0.38340366649102514,146,control
4428,472.0,8121.0,471.56002817054866,8120.329999594986,0.19152507185935974,1,0.8323449027352173,0.26902611029212614,146,check
4429,543.0,7981.0,546.2500077345152,7979.289908517328,0.1709955483675003,0,3.3039603764304033,1.447852643443725,146,check
4430,511.0,8130.0,510.79009489524077,8129.27000667177,0.19722497463226318,1,0.6838141770767902,0.343921140082808,146,check
4431,572.0,8143.0,566.369936216169,8143.490114442805,0.20775173604488373,0,5.957296532490746,1.7835580056915665,146,control
4432,467.0,7973.0,468.1400137482445,7972.3800109128315,0.145442396402359,1,0.9295549853858117,0.15856723454181004,146,control
4433,625.0,8170.0,624.6599625618605,8169.540050195361,0.3086715638637543,1,0.6539850883570213,0.5369716934464177,146,control
4434,566.0,8027.0,566.580070666497,8026.53998437898,0.15492890775203705,1,0.36191378315150985,0.6730999725419432,146,control
4435,571.0,8109.0,570.6500082864887,8108.299959433598,0.268634170293808,1,0.7739373752472372,0.6151522258002883,146,control
4436,624.0,8155.0,624.1197977504863,8154.3999911970905,0.13582967221736908,1,0.38362289574395364,0.6564290219068672,146,control
4437,473.0,8165.0,472.20996286356296,8164.650004848739,0.16487351059913635,1,1.0747541446576547,0.43985262476780307,146,control
4438,656.0,8179.0,655.370004006052,8178.569975740735,0.14768855273723602,1,0.9270086501228697,0.4997808360649704,146,control
4439,607.0,8179.0,607.0700204548073,8178.149944413538,0.2485934942960739,1,0.633708005194779,0.41830875492687375,146,check
4440,615.0,8104.0,614.0899710999975,8103.569945029759,0.2364218831062317,1,1.2048321454205384,0.28117123224935126,146,control
4441,622.0,8122.0,621.1899749708384,8121.220026402154,0.2512205243110657,1,1.2123321770482585,0.42004189057976116,146,check
4442,501.0,8144.0,501.53014939622017,8143.829951162679,0.23108454048633575,1,0.26313131914123394,1.1148960748622747,146,check
4443,598.0,8107.0,597.4200123937171,8106.859985350161,0.3198045790195465,1,0.8687343876839786,0.24187159045129286,146,control
4444,517.0,8008.0,516.2399426181346,8008.059885745355,0.1361110955476761,1,1.090310075056138,1.2374039263916405,146,control
4445,772.0,8092.0,771.9601254201926,8091.059875941361,0.11722665280103683,1,0.7632535793335512,0.5982533898573357,147,control
4446,724.0,7970.0,724.1600860535746,7969.269961309887,0.14050818979740143,1,0.497383570472609,0.2567498490928243,147,control
4447,712.0,8089.0,710.1399636529919,8088.80001197985,0.20295707881450653,1,2.1421315265206813,0.6273850568611644,147,control
4448,748.0,8173.0,746.7399958405814,8172.599931489516,0.23413565754890442,1,1.5467891716297641,0.19595112542567866,147,control
4449,757.0,8188.0,756.3300004965795,8187.479973310336,0.2370014786720276,1,0.9870532570058718,0.3356633200726708,147,control
4450,750.0,8027.0,747.8300169790602,8027.389958708416,0.1350475400686264,1,2.5344977234818313,0.5880527874649678,147,control
4451,732.0,8119.0,731.2600683429245,8118.319923884872,0.10359374433755875,1,1.1080400181644203,0.24438026107280575,147,control
4452,807.0,8116.0,805.0700206802059,8116.15994478376,0.14230875670909882,1,2.247644689062408,1.231218579979061,147,control
4453,799.0,8152.0,797.4601215600314,8151.709911275677,0.10699900984764099,1,1.820061205094951,0.9526261097282931,147,control
4454,838.0,8019.0,835.5100073859625,8018.489969623384,0.12829583883285522,0,2.785337653562611,0.4595273001739575,147,control
4455,818.0,8029.0,811.6598196574844,8028.7701488698785,0.1294306367635727,0,6.622829639858495,2.331759559752746,147,control
4456,811.0,8053.0,810.2399860632863,8052.630040454236,0.16187405586242676,1,1.049336781633554,0.4869704740936367,147,check
4457,735.0,8040.0,734.3499113029949,8039.489825141218,0.12469179183244705,1,0.9687599563951502,0.41358299330940473,147,control
4458,785.0,8030.0,784.5799950444355,8029.470026867143,0.1968887448310852,1,0.7574808489510771,0.13484130043967946,147,control
4459,771.0,7968.0,770.6700860013843,7967.429918715966,0.20265337824821472,1,0.6938401331605589,0.8594239226371424,147,control
4460,757.0,8058.0,755.550028476523,8057.360000931048,0.13008779287338257,1,1.7759099419239197,0.8352120714493514,147,control
4461,762.0,8126.0,760.0,8128.0,0.17479796707630157,0,3.2022359899929302,,147,control
4462,781.0,7989.0,780.0,7996.0,0.12395413219928741,0,7.359959581195085,,147,check
4463,785.0,8005.0,783.7500321059457,8004.549906873154,0.14733457565307617,1,1.5466648840084267,0.38657353767592734,147,control
4464,776.0,8033.0,774.7100041398859,8032.6600309711675,0.17819833755493164,1,1.5753824056907608,0.40281605841795676,147,control
4465,774.0,8153.0,773.2101193486242,8152.379845131344,0.12744922935962677,1,1.1325561393891608,0.4088846818930056,147,control
4466,806.0,8025.0,806.4000188660285,8024.1799976480415,0.1307283490896225,1,0.5852388357016713,0.44021234923243624,147,control
4467,703.0,8046.0,699.6399859958354,8045.970007003684,0.11559902876615524,0,3.6492230344495256,0.42519592401261724,147,control
4468,738.0,8012.0,737.9900008135427,8011.409918820346,0.195321187376976,1,0.4504224160403117,1.1400858149411162,147,control
4469,736.0,8078.0,731.0,8076.0,0.1828264445066452,0,5.5645538780099875,,147,control
4470,747.0,7994.0,747.330017852269,7993.250001817381,0.13567481935024261,1,0.5041670467275291,0.8156091502305336,147,check
4471,669.0,8174.0,666.4300761577064,8174.030005900805,0.10887923091650009,1,2.863312959525929,1.202872113988761,147,check
4472,816.0,8174.0,815.4299795735783,8173.030013958382,0.10770462453365326,1,1.1152498600760588,0.42340343377394085,147,control
4473,735.0,8141.0,734.0199549277629,8140.610007650426,0.15377652645111084,1,1.2681073560661553,0.11717342136837171,147,control
4474,828.0,8170.0,824.9700137656412,8170.660025110806,0.1724833846092224,0,3.4310836026851357,1.5214610381974727,147,check
4475,787.0,8062.0,786.4800089800812,8061.609974742236,0.20145688951015472,1,0.8145194945412146,0.3016175672523364,147,control
4476,693.0,8111.0,688.750069296709,8111.199967959678,0.15992328524589539,0,4.553260634699886,1.4972628140612307,147,control
4477,802.0,8016.0,801.7099985049218,8015.410021715634,0.1653137058019638,1,0.6679445326284383,0.25132520654174745,147,control
4478,683.0,8170.0,678.4000179644343,8170.139996167157,0.10050614178180695,0,4.895223736352614,0.6953342362726879,147,control
4479,716.0,7986.0,719.0,7984.0,0.10747877508401871,0,3.2316707888576417,,147,control
4480,781.0,8173.0,777.0,8169.0,0.1050642654299736,0,5.691323080411721,,147,check
4481,669.0,8148.0,667.9500007418197,8148.829838687109,0.11945493519306183,1,1.7136267247932118,2.6155282528892014,147,control
4482,793.0,7983.0,793.7500722268902,7982.329972772556,0.22042635083198547,1,0.6296954232935364,0.4155023971692487,147,control
4483,785.0,8050.0,783.8300325883324,8049.4399009975305,0.16223140060901642,1,1.4855036348768063,0.8101222932051885,147,check
4484,706.0,8172.0,706.1298219561844,8171.100113471314,0.11325786262750626,1,0.6672913986067341,1.316850463246646,147,control
4485,769.0,8017.0,769.6701122594741,8020.880128544183,0.1560729593038559,0,4.145759409939744,1.8813391517084992,147,control
4486,805.0,7984.0,805.1799933654692,7983.409974099765,0.15020500123500824,1,0.35884217184760103,0.4456198039931301,147,check
4487,719.0,8129.0,721.0,8131.0,0.121339812874794,1,2.83112420981285,,147,check
4488,670.0,8072.0,669.350047500499,8070.889965498759,0.1701234132051468,1,1.2681325326344006,0.589566046324166,147,control
4489,680.0,8089.0,679.8700035836404,8088.729933372212,0.1360841691493988,1,0.4121279643055757,0.5982065912334636,147,control
4490,738.0,7981.0,737.0,7984.0,0.20515014231204987,0,3.492749571728749,,147,control
4491,489.0,8311.0,489.3700019774649,8310.479972408742,0.1390645056962967,1,0.28052412408309346,0.21669308033836532,150,control
4492,592.0,8410.0,591.9700422794027,8409.639905246378,0.23600566387176514,1,0.32230902025725855,0.17636579977695635,150,control
4493,459.0,8232.0,459.1000556006546,8231.659999640768,0.14012114703655243,1,0.1976957302108089,0.2978434161491064,150,control
4494,579.0,8349.0,579.3299655030307,8348.569999182186,0.21157890558242798,1,0.18481807076500711,0.11394475232535028,150,check
4495,545.0,8243.0,544.6400480939831,8242.439942302239,0.2281624972820282,1,0.7079939727541381,0.3667693032256577,150,control
4496,644.0,8191.0,643.1600107136827,8190.569920912112,0.1595681607723236,1,1.1334788267448552,0.3063112133877447,150,control
4497,526.0,8321.0,526.9400154165311,8320.139946973499,0.1955074816942215,1,0.898258045625251,0.26488377384139156,150,control
4498,557.0,8202.0,556.6500109912715,8201.419963876255,0.19133129715919495,1,0.7090583260823592,0.2155774948496847,150,check
4499,497.0,8313.0,497.2600006098127,8312.599979330784,0.16424740850925446,1,0.14578302272241905,0.14175541703202532,150,control
4500,472.0,8401.0,472.75005374420795,8400.509942414405,0.11228910833597183,1,0.5297249199251168,0.25180475155392473,150,check
4501,627.0,8191.0,627.0099721954008,8190.749953496932,0.1842731535434723,1,0.2693740108243733,0.2413784907457603,150,control
4502,499.0,8245.0,496.93000597359594,8245.380015646202,0.21213674545288086,1,2.4328043114355213,1.0189092178846169,150,control
4503,538.0,8282.0,537.8199807136959,8281.439983324779,0.2043478935956955,1,0.5503241802689568,0.23706893469755597,150,control
4504,476.0,8376.0,477.10008676242774,8375.399967475156,0.12067348510026932,1,0.8936175674717473,0.5015827547191085,150,control
4505,596.0,8238.0,596.2499580900597,8237.729910324788,0.2263682782649994,1,0.03334715322676806,0.6042148910918468,150,control
4506,614.0,8239.0,614.3600553088731,8238.219977490666,0.2521918714046478,1,0.5342382266125736,0.3677470172762597,150,control
4507,542.0,8317.0,542.9899138647817,8316.480026053601,0.15665850043296814,1,0.7612704432397472,0.2770119689813029,150,control
4508,565.0,8232.0,565.3900573211314,8231.259978295355,0.22848373651504517,1,0.4993670989956252,0.3654803430416139,150,control
4509,647.0,8305.0,647.7200535351382,8304.549944571485,0.21528181433677673,1,0.48597045232183705,0.46440142478429985,150,control
4510,626.0,8388.0,625.3301401886046,8387.74995270888,0.15015216171741486,1,0.9444038382612507,0.5148537859225217,150,control
4511,524.0,8266.0,524.3700329138394,8265.20993987291,0.2065664529800415,1,0.5435455425534831,0.2955163671181466,150,control
4512,641.0,8388.0,641.9399722518629,8387.510042773538,0.1341962069272995,1,0.7067647232218607,0.43261445446386376,150,control
4513,492.0,8192.0,492.12993150157297,8191.389960004037,0.16764242947101593,1,0.38547067331910834,0.2152890881437691,150,control
4514,515.0,8224.0,515.1401390715325,8223.369883361049,0.22733114659786224,1,0.4004868120377137,0.4619264197425739,150,check
4515,579.0,8272.0,578.2600633273848,8271.739998996161,0.18366874754428864,1,1.0175014637356923,0.8918817256269074,150,control
4516,488.0,8295.0,488.1100327548238,8294.62996128257,0.11745621263980865,1,0.2028040385022156,0.28827097708402344,150,control
4517,547.0,8383.0,548.3699909329353,8381.989954267896,0.1839667409658432,1,1.3305537149238214,0.3507846864882925,150,control
4518,623.0,8317.0,624.2399522535017,8316.129984921034,0.2659550607204437,1,1.1447379263442048,0.5217114718242916,150,control
4519,597.0,8202.0,596.5400504775307,8201.709954552201,0.2706747055053711,1,0.7400921084389749,0.18172244191073753,150,control
4520,661.0,8351.0,661.1900264184824,8350.860027556464,0.18184849619865417,1,0.14028141009594275,0.2427414379176417,150,control
4521,637.0,8365.0,637.2400328343316,8364.41995057774,0.13598132133483887,1,0.3299303609947012,0.3050899893762203,150,control
4522,578.0,8399.0,578.4698847525054,8398.399938228427,0.2020370066165924,1,0.39783339649892896,0.47854212857025813,150,control
4523,578.0,8320.0,578.1099964088837,8319.65998493309,0.18777422606945038,1,0.18763392028046763,0.432566242205686,150,check
4524,491.0,8234.0,486.8999094057967,8230.43002623108,0.13847365975379944,0,5.49211217893517,2.1206633593061137,150,check
4525,604.0,8287.0,604.2200169354139,8286.390009479865,0.20106057822704315,1,0.36200894698845054,0.21650844281833265,150,control
4526,592.0,8342.0,592.0799033906903,8341.51008469767,0.1306457221508026,1,0.307405823983455,0.35428523965080955,150,control
4527,520.0,8399.0,519.950027958275,8398.679966740054,0.14082805812358856,1,0.33108236045968253,0.995666185961824,150,control
4528,518.0,8351.0,519.189928481963,8350.800033392714,0.16096223890781403,1,0.9157473228295968,0.7065443318699104,150,control
4529,510.0,8364.0,510.56003200232425,8363.500005888749,0.21531088650226593,1,0.3753916206207034,0.38042892788868105,150,check
4530,561.0,8358.0,560.6299833148572,8357.510086783028,0.14419196546077728,1,0.6873451754328952,1.459230963993574,150,control
4531,629.0,8273.0,628.7700418055599,8272.59000448737,0.21204115450382233,1,0.5313725324214833,0.42421163263090883,150,control
4532,633.0,8260.0,632.5400468711537,8259.54994862866,0.20423541963100433,1,0.7637951847146048,0.7729962841942059,150,control
4533,596.0,8265.0,595.9801626184317,8264.320018722583,0.15781079232692719,1,0.5207039097898679,0.3871256423656147,150,check
4534,550.0,8252.0,550.0299857835616,8251.319974148751,0.21827395260334015,1,0.4932858076926609,0.3159008914594278,150,control
4535,551.0,8212.0,551.9700754129917,8211.109959668918,0.18534782528877258,1,0.939464510160065,0.5324023100424345,150,check
4536,654.0,8257.0,654.6498825124035,8256.290086244939,0.1062757819890976,1,0.5907690723976488,0.5129921303041111,150,control
4537,473.0,8312.0,473.4500038122429,8311.429968754448,0.10875878483057022,1,0.35874100631723177,0.4227759300490994,150,control
4538,602.0,8321.0,602.2499595543073,8320.080079428655,0.24424439668655396,1,0.6677609321703691,0.5204669298249969,150,control
4539,701.0,8289.0,788.7400116184809,8074.299957405011,0.10999875515699387,0,231.60090071181827,0.37669849967432595,151,control
4540,731.0,8408.0,731.200053217107,8407.389987390805,0.1377658098936081,1,0.36761442429598246,0.1860504828953726,151,control
4541,732.0,8373.0,732.6399868974297,8372.010008484569,0.18774572014808655,1,0.8255952196500741,0.5161486068041801,151,check
4542,766.0,8245.0,766.0300444439597,8244.279987150147,0.13114984333515167,1,0.5325987121418396,0.4040332269586259,151,control
4543,725.0,8194.0,724.3300627633545,8193.599992235273,0.17182323336601257,1,0.9607613977602325,0.2038777210589377,151,control
4544,679.0,8378.0,679.3699737458732,8377.870009387232,0.14727485179901123,1,0.15408771121219172,0.7337224416124909,151,control
4545,703.0,8383.0,704.0699545248841,8382.51000282122,0.2719237208366394,1,0.8308598436063881,0.39900137400759955,151,control
4546,741.0,8342.0,739.9200494442385,8342.039921182226,0.147632896900177,1,1.3857333203785904,0.7660482805389475,151,control
4547,722.0,8225.0,721.8600212453042,8224.52996321532,0.15183626115322113,1,0.4727861880921919,0.5904239957013043,151,control
4548,756.0,8258.0,753.2200735672249,8257.260019149266,0.10240641236305237,0,3.096401686013764,0.9171373275297962,151,control
4549,730.0,8359.0,726.8999992279678,8357.130007066864,0.19641171395778656,0,3.743691456903945,0.5869281261696887,151,control
4550,671.0,8251.0,671.980074599449,8249.700040848571,0.1692579686641693,1,1.2626035237908404,0.6485774090063274,151,control
4551,821.0,8402.0,820.8000903634648,8401.409915045342,0.12134408950805664,1,0.5842851176372408,0.41059217323214087,151,check
4552,820.0,8303.0,816.1700472044456,8304.529896665972,0.11485674977302551,0,4.474001453244011,1.2582381716678417,151,control
4553,745.0,8376.0,744.5600740399997,8375.079908237603,0.12197258323431015,1,0.9798533493878034,0.5638725813068464,151,control
4554,764.0,8203.0,763.3800041508747,8202.559975145115,0.1894272118806839,1,0.9187794908693825,0.14438860149584853,151,control
4555,686.0,8306.0,685.0,8308.0,0.11849591135978699,1,2.5873039697856415,,151,control
4556,673.0,8259.0,674.0500480578125,8258.050074768385,0.12750597298145294,1,1.0419672133107558,0.34971308544050955,151,control
4557,699.0,8402.0,700.0,8401.0,0.15089808404445648,1,1.0434429120698594,,151,control
4558,710.0,8342.0,709.9500477933486,8341.559999319532,0.16667130589485168,1,0.3766719219147083,0.3088258558548551,151,control
4559,686.0,8270.0,684.2999677733451,8269.720005411702,0.13303184509277344,1,1.977460727707379,0.6070721240126035,151,check
4560,745.0,8320.0,745.0701612738252,8319.469925663188,0.10967643558979034,1,0.3480982477353504,1.469957710831724,151,control
4561,679.0,8360.0,679.5200127717234,8359.069894286697,0.16885344684123993,1,0.7219997441661986,0.5351138549622713,151,control
4562,754.0,8380.0,754.5500241939503,8379.169993896841,0.10619904845952988,1,0.6429591532362031,0.46824352533965125,151,control
4563,718.0,8213.0,717.1600276185751,8212.319948678714,0.1563132107257843,1,1.1984762895325491,0.6191563576011637,151,check
4564,679.0,8337.0,679.930029922615,8336.799971633507,0.2045540064573288,1,0.6564122142893759,0.4183421816912033,151,control
4565,789.0,8359.0,790.0,8360.0,0.14165639877319336,1,1.4437020975944466,,151,control
4566,702.0,8206.0,696.0,8207.0,0.1147569790482521,0,6.401912944899625,,151,control
4567,776.0,8348.0,773.9300244562783,8348.200046004353,0.14862404763698578,1,2.3874772663681103,0.49904866321852803,151,control
4568,734.0,8192.0,733.7500075375021,8191.459866519026,0.20870202779769897,1,0.6037583746769417,0.7255657532711932,151,control
4569,718.0,8352.0,718.1098973453715,8351.549988918232,0.1764507293701172,1,0.2594360848350818,0.4388175021069022,151,control
4570,702.0,8215.0,697.1298695720527,8215.570108331862,0.2564134895801544,0,5.213519002298475,1.7799734815806363,151,check
4571,688.0,8346.0,688.3299043632485,8345.499982108357,0.11965126544237137,1,0.2552473629895602,0.47708035769588975,151,control
4572,692.0,8221.0,688.0,8225.0,0.10753991454839706,0,6.030613834836757,,151,check
4573,757.0,8306.0,752.4297991394981,8307.880217688473,0.10754550993442535,0,5.293336644637432,1.6402547271519134,151,control
4574,695.0,8267.0,695.2900307968916,8265.890026413143,0.13161316514015198,1,0.8598553569980061,0.7497771798478462,151,control
4575,668.0,8391.0,668.2999955541397,8390.309967692769,0.21176952123641968,1,0.4394628188671934,0.571410938220142,151,control
4576,749.0,8205.0,748.6200685410055,8204.379977553845,0.19164879620075226,1,0.7559847588202845,0.8485098118862006,151,check
4577,823.0,8317.0,819.7599058004876,8316.50003197821,0.15851375460624695,0,3.5247367209637424,2.356600174234353,151,control
4578,675.0,8192.0,672.8499807541384,8192.749897541316,0.1267227828502655,1,2.6270789797345344,0.5782377873244848,151,control
4579,725.0,8312.0,725.5200720515459,8311.699991654914,0.17800699174404144,1,0.24918001704186385,1.0677473072214247,151,control
4580,720.0,8240.0,719.130006559295,8239.720083287748,0.15181796252727509,1,1.1482102961415688,0.5942162878230581,151,check
4581,682.0,8320.0,685.0,8321.0,0.10844483226537704,1,2.9974288390142467,,151,control
4582,543.0,8542.0,542.9200302285893,8541.829972969568,0.16858820617198944,1,0.36116867636669564,0.20613261844477548,154,check
4583,512.0,8480.0,512.3200003517567,8479.489973905957,0.21139684319496155,1,0.2589340831266349,0.1363456176249222,154,control
4584,486.0,8511.0,486.3600245978971,8510.50001039672,0.18589764833450317,1,0.25918569498424004,0.1308227047894415,154,control
4585,621.0,8423.0,621.1499893813949,8422.639886706924,0.10886979848146439,1,0.16391304846167187,0.3238496097420171,154,control
4586,533.0,8607.0,533.0100651731518,8606.589939515812,0.1803727149963379,1,0.3020664027644808,0.1839124175050468,154,control
4587,470.0,8535.0,469.90002385318246,8534.579964164832,0.10015274584293365,1,0.40582447342227446,0.22437777267896156,154,check
4588,488.0,8413.0,488.57008951192483,8412.749932817034,0.1299157589673996,1,0.2957207223252038,0.3325322260733265,154,control
4589,520.0,8484.0,520.410005712336,8483.579975209363,0.18182960152626038,1,0.21454950030524447,0.14701196372497546,154,control
4590,593.0,8461.0,592.3800326078651,8461.179938536847,0.21262557804584503,1,0.9924524955108236,0.6719107507420078,154,control
4591,531.0,8587.0,531.2600245020606,8586.660018574246,0.2312719225883484,1,0.08519947093006101,0.1729755683529454,154,check
4592,593.0,8533.0,593.1199768872602,8532.42003538437,0.1632363498210907,1,0.3596068027883648,0.22538462922184105,154,control
4593,657.0,8568.0,656.1701829511527,8567.91003628307,0.2322828620672226,1,1.111760744968639,0.7773638453622216,154,control
4594,526.0,8529.0,526.0200745025445,8528.630037355428,0.1351136565208435,1,0.27630675547886374,0.5905606195452762,154,check
4595,661.0,8612.0,660.7299613216345,8611.370042323808,0.17242780327796936,1,0.6581347206457849,0.2432844770491698,154,control
4596,510.0,8433.0,510.670059122184,8432.879957915784,0.1828489601612091,1,0.4186633296939601,0.6470979830733491,154,control
4597,553.0,8490.0,553.4100434106674,8489.60995378017,0.1814357489347458,1,0.19325375654549035,0.2523646430434886,154,control
4598,573.0,8518.0,572.8500081959921,8517.61002596448,0.1598869413137436,1,0.4429077051079405,0.31439738089675,154,control
4599,517.0,8504.0,517.0499727179208,8503.350034370611,0.10859811305999756,1,0.45278418295773387,0.2911952129826926,154,control
4600,621.0,8444.0,620.350028341621,8444.039934029943,0.21965700387954712,1,0.9684237747600187,0.9596260435889046,154,control
4601,576.0,8492.0,576.1499501052734,8491.539905544567,0.18590159714221954,1,0.23967507620538406,0.2220064535205293,154,control
4602,534.0,8555.0,534.2200878241056,8554.249959217053,0.11871285736560822,1,0.49745104096200793,0.3997792580278358,154,control
4603,614.0,8521.0,614.0800135555035,8520.470015597215,0.17426976561546326,1,0.3365494608482693,0.20044503336576822,154,control
4604,664.0,8460.0,657.0,8463.0,0.15473031997680664,0,7.966502289936338,,154,check
4605,509.0,8460.0,509.38000820804893,8459.7399818091,0.20691727101802826,1,0.10690335760980701,0.2198633840095544,154,control
4606,590.0,8519.0,591.3601525691968,8518.249970543751,0.15901261568069458,1,1.1964920478672638,2.0329920217092283,154,control
4607,628.0,8493.0,628.0300291168572,8492.599961975093,0.28908154368400574,1,0.2832913300675286,0.221051698406106,154,control
4608,608.0,8429.0,608.5400093982208,8428.529970428073,0.21665240824222565,1,0.3436696005138902,0.3658374050699532,154,control
4609,476.0,8564.0,476.7200519573482,8563.479941979936,0.24966779351234436,1,0.5208046795151271,0.5365388074333427,154,control
4610,477.0,8528.0,477.1499958611821,8527.569980699504,0.20966921746730804,1,0.21194226792731655,0.22454339123947775,154,control
4611,534.0,8597.0,534.8000833193382,8596.73998682464,0.2224193811416626,1,0.5303357003021347,0.5170206672002167,154,control
4612,639.0,8522.0,639.5800810916022,8521.359918153003,0.2712518870830536,1,0.49559477613592734,0.5386003808818671,154,check
4613,631.0,8607.0,630.6400410498563,8606.770014081536,0.179878830909729,1,0.6295586974742573,0.5600446105172635,154,control
4614,609.0,8588.0,608.7600588477992,8587.719949963655,0.10581659525632858,1,0.5103549652388857,0.19352389191945799,154,control
4615,539.0,8437.0,539.3100259023703,8436.640016706811,0.190113827586174,1,0.11144977550728848,0.2998678077571988,154,check
4616,581.0,8530.0,580.7400190566336,8529.629969622316,0.10249660164117813,1,0.5437541934256601,0.2389315520366512,154,control
4617,634.0,8578.0,635.5099089986459,8577.40997471919,0.11476504802703857,1,1.2850696358734557,0.7294673944044721,154,control
4618,634.0,8537.0,633.7399784281208,8536.469986238631,0.2043972760438919,1,0.5989720073828051,0.42215896597394936,154,control
4619,654.0,8494.0,654.8298334461713,8493.460073999247,0.10522252321243286,1,0.6278764497749012,0.5560634881851124,154,control
4620,566.0,8592.0,566.3200418250925,8591.330042026686,0.12246513366699219,1,0.41845410754470186,0.4048418697453732,154,check
4621,576.0,8425.0,576.7100777901315,8424.999901894853,0.2509964108467102,1,0.5046140111721783,0.5176417808030417,154,control
4622,561.0,8566.0,560.9900238041962,8565.429956582924,0.1631605476140976,1,0.4220853119223036,0.5466472212743545,154,control
4623,654.0,8471.0,653.450012602787,8470.81998319308,0.3094194829463959,1,0.8255423200026818,0.568111707616556,154,control
4624,507.0,8441.0,509.1099844627598,8440.129965311358,0.16785503923892975,1,1.9364407248033546,0.5658407642814862,154,control
4625,583.0,8584.0,582.9500259296879,8583.589963408062,0.1078820675611496,1,0.3558735993399201,0.7336034411150363,154,control
4626,499.0,8414.0,500.02002288627324,8413.339952574737,0.15979737043380737,1,0.8483231136200647,0.29565046680599655,154,control
4627,495.0,8597.0,494.9599899539691,8596.619986833182,0.14353536069393158,1,0.3337067717522164,0.42547373367036856,154,check
4628,821.0,8569.0,818.0,8576.0,0.10610748827457428,0,7.95150330407175,,155,check
4629,755.0,8532.0,754.5499897079699,8531.639937252974,0.2181246429681778,1,0.7289738596318636,0.196782517890539,155,control
4630,795.0,8620.0,794.4000269803768,8619.54001097601,0.17111589014530182,1,0.893501190696868,0.23968421053772987,155,check
4631,752.0,8568.0,752.0100427451515,8567.880069376217,0.27853208780288696,1,0.29036724465379316,0.3783696501490571,155,control
4632,745.0,8576.0,744.6200394078194,8575.730013051449,0.2594093382358551,1,0.6497890234935633,0.27039871298903334,155,check
4633,803.0,8498.0,802.9199993489859,8497.459922249243,0.12964855134487152,1,0.456533008306284,0.28679129710341006,155,control
4634,817.0,8609.0,816.9100011759791,8608.200009433014,0.10078514367341995,1,0.657773571796217,0.49069864100374455,155,control
4635,741.0,8599.0,740.4300075797715,8598.62997660967,0.2501513361930847,1,0.8474714425542061,0.16710388591885203,155,control
4636,747.0,8435.0,747.3400234066572,8434.480010107074,0.17469623684883118,1,0.2786300411956873,0.14659695090699418,155,check
4637,812.0,8616.0,811.0,8616.0,0.16650152206420898,1,1.292447415932459,,155,control
4638,708.0,8605.0,706.5100645253417,8604.73989677707,0.1443105787038803,1,1.7589125833311632,0.5529457399014052,155,control
4639,797.0,8489.0,797.0299896153373,8488.489980442515,0.19071249663829803,1,0.35592888905196546,0.11229282386267915,155,check
4640,673.0,8477.0,673.3001945827585,8476.56996120337,0.16072000563144684,1,0.18071132125078695,0.4698606709714643,155,control
4641,779.0,8572.0,778.7400388917073,8571.510002201796,0.1770169734954834,1,0.5816184546063162,0.2331699936370394,155,control
4642,763.0,8595.0,762.3300388711066,8594.539952991809,0.20570524036884308,1,0.9622223161253199,0.30106404456662167,155,control
4643,724.0,8450.0,724.6701178393531,8449.199887661018,0.21338391304016113,1,0.6785313623821055,0.5074660060849601,155,control
4644,798.0,8555.0,795.2699593363847,8555.680160753132,0.14395080506801605,0,3.1404194782006707,0.7005063144158975,155,control
4645,777.0,8534.0,777.310019816609,8533.370006710835,0.251432865858078,1,0.38286873441139785,0.25825513560350655,155,control
4646,729.0,8513.0,724.0,8514.0,0.11678284406661987,0,5.417385692866931,,155,control
4647,711.0,8577.0,711.3899970829435,8576.229962702411,0.31241241097450256,1,0.5328706047870028,0.45247060449090026,155,control
4648,678.0,8530.0,678.0200300990273,8529.65996442182,0.2303888350725174,1,0.265995571732647,0.33777703224182176,155,control
4649,756.0,8618.0,755.1700058429659,8617.979995427782,0.18871349096298218,1,1.1222745680986808,0.24270539019582568,155,control
4650,798.0,8440.0,798.15001659785,8439.490014759867,0.11673512309789658,1,0.2889712796183978,0.09686750910349681,155,control
4651,786.0,8523.0,786.3500331868472,8522.540108687132,0.14332576096057892,1,0.22540775143573064,0.8757125488896812,155,control
4652,676.0,8455.0,676.410043636066,8454.61995415039,0.2827340066432953,1,0.1881963978510253,0.4894058903269809,155,control
4653,765.0,8465.0,764.8500215512786,8464.559964551383,0.2187250554561615,1,0.4632607712145271,0.1789762269958185,155,control
4654,818.0,8507.0,817.700017124951,8506.609969783467,0.1360580176115036,1,0.5883093304155257,0.24117976903728483,155,control
4655,816.0,8431.0,815.9800940404969,8430.91998943145,0.1266375631093979,1,0.33741923694072323,0.27692491736311464,155,control
4656,669.0,8502.0,669.2600037653926,8501.739984513883,0.3448646068572998,1,0.014272017349217903,0.15176929187973306,155,control
4657,691.0,8606.0,690.5500325336972,8605.540007595033,0.2549841105937958,1,0.7485655249494971,0.3949899487121467,155,control
4658,760.0,8502.0,764.7802198483075,8501.259879345385,0.24535836279392242,0,4.535578981634884,3.653952249531386,155,control
4659,802.0,8516.0,802.2900394188083,8515.629957225396,0.17560230195522308,1,0.12305631941937228,0.4350309729079467,155,control
4660,698.0,8458.0,698.310023422986,8457.530012634377,0.1737762689590454,1,0.222333734834714,0.22048458241604652,155,control
4661,803.0,8585.0,802.6901445574019,8584.709846529518,0.12019570916891098,1,0.580431093431238,0.8257073150349329,155,control
4662,703.0,8471.0,699.7698484119053,8469.580020232304,0.22781744599342346,0,3.6924104112484524,1.767741628787666,155,control
4663,748.0,8543.0,748.1699582270976,8542.510000567234,0.2024388462305069,1,0.2602138805603484,0.38432750253137526,155,control
4664,753.0,8491.0,752.6999731154598,8490.299980846461,0.30414879322052,1,0.7277314007210369,0.14952330307843387,155,check
4665,669.0,8572.0,668.430046122926,8571.340039917524,0.20602281391620636,1,0.9337141247088255,0.2610380612078988,155,check
4666,703.0,8423.0,703.3000632304803,8422.669995503018,0.23296964168548584,1,0.08377545009208266,0.29209145954753024,155,control
4667,792.0,8609.0,791.609995929701,8608.460025820727,0.1430770754814148,1,0.7199387540818061,0.28296863449366627,155,control
4668,823.0,8469.0,823.0,8469.0,0.21283762156963348,1,0.3678582990819622,,155,control
4669,723.0,8470.0,721.0,8470.0,0.20197424292564392,1,2.2859366732865096,,155,check
4670,718.0,8550.0,718.0200253656575,8549.449956647171,0.29751068353652954,1,0.39017498969574144,0.351514883136982,155,control
4671,612.0,8821.0,612.569985038847,8819.399927916864,0.14259813725948334,1,1.380179125337426,0.7819117726722888,158,check
4672,609.0,8846.0,609.0400082428424,8845.300010205046,0.1652991622686386,1,0.4984630795561486,0.5982613160795329,158,check
4673,607.0,8759.0,605.5000528284208,8758.87996174756,0.1325940638780594,1,1.7705934542774664,0.658692450570266,158,control
4674,575.0,8757.0,574.5799578536723,8756.81996578062,0.17553114891052246,1,0.6898389126580743,0.2750841068407961,158,control
4675,583.0,8780.0,581.170045344486,8779.08997696036,0.16453152894973755,1,2.195160219384335,0.3447244203368964,158,check
4676,543.0,8808.0,542.9899028770233,8807.349924656595,0.21422140300273895,1,0.4804668507069192,0.3743211108112121,158,control
4677,549.0,8850.0,549.0401685596792,8849.199856781415,0.1566700041294098,1,0.5883206739428483,0.6534735309018839,158,control
4678,613.0,8783.0,612.2300361272585,8782.939873470521,0.10778401792049408,1,1.052932061131437,0.3441794031275007,158,control
4679,566.0,8783.0,564.040034445847,8782.819969894565,0.1520601212978363,1,2.2263604622680924,0.7252637795353072,158,control
4680,577.0,8749.0,576.4000414626561,8748.539951414019,0.16166912019252777,1,0.8898548684293206,0.1833829300204122,158,control
4681,521.0,8834.0,520.4799730849381,8833.659999133199,0.1973646879196167,1,0.7884975603912788,0.37335125783318857,158,control
4682,517.0,8719.0,516.2099989841045,8718.609980827998,0.15077856183052063,1,1.0652995325212093,0.16734095975301386,158,control
4683,533.0,8843.0,532.1999706076899,8843.010018402107,0.2339354306459427,1,1.0966210904214406,0.5112967451561161,158,control
4684,531.0,8796.0,530.949949406032,8795.480004415338,0.13040225207805634,1,0.41090048163439064,0.440853352029222,158,control
4685,569.0,8792.0,568.5600081100764,8791.439966645285,0.23765921592712402,1,0.7679787025149486,0.21502005041619007,158,control
4686,508.0,8783.0,507.82001818662883,8782.459961525365,0.10725244134664536,1,0.5278410773576283,0.17280530952214654,158,control
4687,546.0,8763.0,545.7800056044425,8762.61002754227,0.12019159644842148,1,0.5039083509531539,0.5492157215465918,158,control
4688,585.0,8654.0,583.9999783049666,8653.680047714908,0.12015506625175476,1,1.2699203409819315,0.2190595908101362,158,control
4689,575.0,8841.0,571.0,8840.0,0.14563938975334167,0,4.328246427157752,,158,check
4690,586.0,8842.0,584.7999696616904,8841.339883489234,0.13932134211063385,1,1.5186857953173813,1.7566163445087155,158,check
4691,518.0,8648.0,515.0,8650.0,0.17148248851299286,0,3.9715077757847412,,158,control
4692,551.0,8646.0,550.8000703029926,8645.519882095641,0.11580221354961395,1,0.5196881338773267,0.7664995047429838,158,control
4693,513.0,8640.0,513.1001089633432,8639.670170639389,0.11962384730577469,1,0.1841368298852496,0.504983831441297,158,control
4694,490.0,8818.0,489.5999890229213,8817.170015309706,0.10213753581047058,1,0.8773292941328372,0.1638077757080766,158,control
4695,602.0,8633.0,601.390007676676,8632.699980102816,0.1737004518508911,1,0.879856808514367,0.17552561515121795,158,control
4696,525.0,8816.0,524.879835691304,8815.120156868858,0.12137643992900848,1,0.7325923961318507,0.4078275546942052,158,control
4697,548.0,8748.0,547.6999575629587,8747.609955301188,0.1670052856206894,1,0.5818411335906554,0.30095707859126397,158,control
4698,520.0,8752.0,519.0,8752.0,0.13406211137771606,1,1.2917130002839765,,158,control
4699,562.0,8807.0,561.4000117668168,8806.57981928864,0.15896692872047424,1,0.8800990728932885,0.743262588778219,158,control
4700,516.0,8779.0,515.7100537843413,8778.220029163707,0.1497012972831726,1,0.7632190683559574,0.22005952219581754,158,control
4701,660.0,8850.0,660.6500563531541,8848.789955034588,0.11079058051109314,1,1.0321413569523357,0.34081972603690414,158,check
4702,521.0,8798.0,520.7099996319146,8797.46002356674,0.18429690599441528,1,0.6231861140426337,0.3305274558396467,158,control
4703,536.0,8646.0,535.8900110292689,8645.670027284215,0.14820736646652222,1,0.38582106245872266,0.3671815501287156,158,control
4704,524.0,8790.0,523.2001157092806,8789.520006685962,0.1576843559741974,1,1.0882301280693754,0.4400374859651754,158,control
4705,567.0,8828.0,564.8699702246529,8827.249878579452,0.119025819003582,1,2.444643463188312,0.9587502054360344,158,control
4706,610.0,8641.0,608.8599891819368,8640.749993900046,0.23114250600337982,1,1.4084432819093562,0.21704517147645694,158,check
4707,523.0,8845.0,521.7401208249286,8844.85997007983,0.14690648019313812,1,1.5280885244916118,2.0193669087781227,158,control
4708,625.0,8843.0,625.020024407292,8842.050038422445,0.13994821906089783,1,0.7373038597430167,0.16468186436970306,158,control
4709,566.0,8653.0,564.780080775707,8652.659984313665,0.15362535417079926,1,1.4906534319355347,0.8230501265673394,158,control
4710,604.0,8776.0,603.6000597980706,8775.310131559212,0.16372902691364288,1,0.7950440640285814,0.2554230493784343,158,control
4711,595.0,8734.0,594.7099466064807,8733.750019820882,0.11206609755754471,1,0.5562801914245882,0.3982998804847823,158,control
4712,593.0,8822.0,593.0199499689945,8821.389999505556,0.17636023461818695,1,0.43107932319936265,0.33641851710055654,158,check
4713,806.0,8684.0,805.0899330059539,8683.450215857207,0.1031811460852623,1,1.2145691003300998,0.5052141523290187,159,control
4714,757.0,8743.0,756.0301313927206,8742.20987991689,0.11571862548589706,1,1.34803145784142,0.4497362282496518,159,control
4715,775.0,8688.0,774.1600025425632,8687.849990840303,0.24356874823570251,1,1.1111711300272453,0.14859043070093444,159,control
4716,706.0,8674.0,705.1099923517096,8673.479978269104,0.16738452017307281,1,1.1880466378887449,0.4315659072735487,159,control
4717,748.0,8714.0,747.6800163845083,8713.609970234265,0.25183334946632385,1,0.6025009276350323,0.4994564936114404,159,control
4718,800.0,8801.0,799.5100146554877,8800.169898214308,0.20897114276885986,1,0.9514497217710477,0.27505856577801685,159,control
4719,806.0,8655.0,805.0900001764123,8654.859992788313,0.2728639543056488,1,1.182404269973917,0.11904824895798816,159,check
4720,731.0,8729.0,729.800056496909,8728.549942768297,0.19319479167461395,1,1.4792423890181436,0.5405217018054541,159,control
4721,797.0,8824.0,796.870053678893,8823.309932305196,0.22550071775913239,1,0.5903599588733206,0.24599553499869092,159,control
4722,741.0,8663.0,740.4700088352583,8662.619975337855,0.2587297260761261,1,0.8078554292638536,0.2918837760878596,159,control
4723,815.0,8801.0,813.5799867046886,8800.100013168953,0.18035778403282166,1,1.8051840808736914,0.4941893069528909,159,control
4724,724.0,8851.0,723.3600411087635,8850.58995416672,0.1499859243631363,1,0.9166457701032287,0.3603182191600852,159,check
4725,817.0,8817.0,814.2000318042433,8817.439952219776,0.1601930558681488,0,3.1399283042831514,1.3288192096865987,159,check
4726,788.0,8676.0,787.1701092458221,8675.639915220687,0.21627755463123322,1,1.102390430890672,0.4313325854610408,159,check
4727,705.0,8704.0,703.9000111740917,8703.660026688594,0.10596651583909988,1,1.369394884093983,0.34418481482103536,159,check
4728,721.0,8648.0,720.2400021233557,8647.699983483793,0.24011419713497162,1,1.0290236329897873,0.11900465138791401,159,control
4729,800.0,8648.0,793.0,8643.0,0.10008569806814194,0,8.6827305970724,,159,control
4730,753.0,8834.0,752.6999922743378,8833.150012315276,0.19383779168128967,1,0.8223003614635365,0.11439407485904476,159,control
4731,795.0,8696.0,793.9799949769846,8695.809993416591,0.2558857798576355,1,1.2877904358521854,0.13053680374435522,159,control
4732,790.0,8686.0,788.5900559350146,8685.86995934875,0.2448122799396515,1,1.680869982590369,0.2804675012830158,159,control
4733,778.0,8841.0,778.219850928528,8840.309903509264,0.13258416950702667,1,0.4419431240545209,0.21963995771135192,159,control
4734,791.0,8783.0,791.7299161851504,8782.010051535695,0.16934137046337128,1,0.8744803963130056,0.5209202794117893,159,control
4735,807.0,8721.0,807.8899796988684,8720.279975823447,0.15137407183647156,1,0.7819234168083083,0.6502567177022166,159,control
4736,744.0,8776.0,743.3800012206934,8775.429970332238,0.11842303723096848,1,0.9404651611969963,0.22830009294166967,159,control
4737,744.0,8764.0,742.8301295097152,8763.740060192715,0.10321170836687088,1,1.4348433925219428,0.5108533483241217,159,control
4738,819.0,8758.0,819.0,8758.0,0.1189645305275917,1,0.36346841797782004,,159,control
4739,744.0,8789.0,743.9600470365772,8788.509997243027,0.11607754230499268,1,0.3869850130838485,0.5815378671667272,159,control
4740,689.0,8640.0,684.0,8640.0,0.13277380168437958,0,5.274191090136609,,159,control
4741,773.0,8670.0,771.6500215850041,8669.889981276658,0.2717204988002777,1,1.6231390060281887,0.23158347256824383,159,control
4742,769.0,8795.0,767.0,8795.0,0.21851776540279388,1,2.277895563575139,,159,control
4743,736.0,8655.0,734.9500295360649,8654.749969331602,0.24088503420352936,1,1.3176023112103583,0.9133942167675049,159,control
4744,754.0,8845.0,754.080017387279,8843.640021890978,0.22774511575698853,1,1.1241028175938936,0.22360103702060588,159,control
4745,793.0,8709.0,789.0,8709.0,0.16016142070293427,0,4.27340433173113,,159,control
4746,777.0,8653.0,776.0700158900648,8652.59002026527,0.23248840868473053,1,1.2082074032904015,0.3993688530274515,159,control
4747,695.0,8721.0,694.029938843889,8720.87998039887,0.10085520893335342,1,1.2432396780685135,0.3203441894578267,159,control
4748,821.0,8731.0,819.039981363642,8730.750049404864,0.11399967223405838,1,2.2254932563732046,0.26266528751456725,159,control
4749,807.0,8698.0,805.750023033232,8697.789975320458,0.19364847242832184,1,1.5168061468128582,0.15735173872003982,159,control
4750,763.0,8787.0,757.0,8784.0,0.10855068266391754,0,6.841201017426061,,159,check
4751,815.0,8706.0,813.6300915078544,8705.739931094422,0.19770404696464539,1,1.6360506091070453,0.19912020024509938,159,control
4752,763.0,8837.0,762.5399781229054,8836.070169106004,0.11963807046413422,1,0.9920862374980859,0.25621646543682836,159,control
4753,773.0,8718.0,772.1399763320827,8717.719949456086,0.17008861899375916,1,1.126386787273576,0.3828903487729816,159,check
4754,729.0,8684.0,727.7400269455834,8683.979982580064,0.1500256508588791,1,1.5442787859619935,0.4556615319712346,159,check
4755,788.0,8740.0,788.2500412621301,8739.42004693647,0.13263924419879913,1,0.3306572766877943,0.6645031868986656,159,control
4756,784.0,8770.0,781.0,8775.0,0.11353474855422974,0,6.18216887337263,,159,check
4757,743.0,8842.0,743.1700051667702,8840.949994317118,0.2602570354938507,1,0.8042895948129375,0.23985833003667603,159,control
4758,628.0,8925.0,628.5800255300129,8924.179993590868,0.2515353560447693,1,0.6493212161401557,0.17592099354859222,162,check
4759,523.0,8902.0,523.6000231148757,8901.039987956972,0.2380080670118332,1,0.78016695852191,0.1092418132750998,162,control
4760,515.0,8918.0,515.439994426079,8917.029954170992,0.12610363960266113,1,0.7349711147435181,0.25914713397925915,162,control
4761,492.0,8879.0,492.79001228582376,8877.890037683072,0.23257982730865479,1,1.0023025998288855,0.33538413123854727,162,control
4762,578.0,9068.0,578.9999650632225,9067.449942615689,0.13642790913581848,1,0.7980182789471849,0.1811298471381651,162,control
4763,611.0,8899.0,611.290048491522,8898.38988877809,0.2038441300392151,1,0.3566634134282975,0.2155981033354478,162,check
4764,571.0,9030.0,569.5700007599754,9026.740037088519,0.12364962697029114,0,3.446286295295915,1.2531982152046772,162,control
4765,539.0,9059.0,539.8799865414011,9058.599987895928,0.19911859929561615,1,0.6377780328454873,0.3060860384349827,162,control
4766,620.0,8883.0,620.5300223265148,8882.119992496533,0.2648080289363861,1,0.680538502862893,0.09407739465567577,162,control
4767,525.0,8860.0,525.4201356884181,8858.759854466385,0.20197393000125885,1,0.9960587567547011,0.6668028781099133,162,control
4768,612.0,9033.0,612.190019881924,9032.570016820046,0.2535783350467682,1,0.1880325889376983,0.5619892130681107,162,control
4769,508.0,8885.0,508.80001203662056,8884.21995309085,0.19152431190013885,1,0.749754770173232,0.35867737190791116,162,control
4770,599.0,8996.0,600.1499972135734,8994.629982920831,0.31749334931373596,1,1.4266435375856186,0.42429584391317915,162,control
4771,611.0,9042.0,609.9400146835642,9041.750029118994,0.16572734713554382,1,1.31863519459347,0.9849226102496668,162,control
4772,589.0,8868.0,589.3199938719695,8866.559879913379,0.19810117781162262,1,1.1865269721402572,0.7039392907604152,162,check
4773,643.0,8928.0,641.7499919282301,8927.409924229913,0.1257093995809555,1,1.5482601375812612,0.6240047067066135,162,control
4774,659.0,8872.0,658.9400483814927,8870.959917769656,0.20495134592056274,1,0.8503623469521845,0.4161980279497203,162,control
4775,636.0,9026.0,637.3200206376275,9025.390007225878,0.11043968051671982,1,1.1190901030231566,0.20978000747345046,162,control
4776,540.0,9042.0,540.960086481326,9041.260062031764,0.1500302255153656,1,0.8515341447014173,0.26386509335722463,162,check
4777,520.0,9058.0,520.6300081654705,9057.970044251218,0.16679663956165314,1,0.43550873359399467,0.5197241686883628,162,control
4778,532.0,8855.0,532.2199542178417,8854.249989814487,0.1829669326543808,1,0.49561436584182605,0.32920981236138047,162,control
4779,504.0,8980.0,505.3100006009598,8979.160058498179,0.10331825911998749,1,1.2002881364321887,0.3356114882159588,162,control
4780,611.0,8945.0,611.9299603863147,8944.000024117646,0.2389429807662964,1,1.0014660584931177,0.11051506313485474,162,check
4781,542.0,8924.0,540.0,8928.0,0.10415637493133545,0,4.8199562532489795,,162,control
4782,544.0,8861.0,543.8000399309576,8860.529748859599,0.10206404328346252,1,0.5103831179441628,0.3923291353537573,162,check
4783,597.0,8945.0,597.3601998478103,8944.419798151539,0.11856626719236374,1,0.33993224137393474,0.5374304243464867,162,control
4784,569.0,8860.0,569.5499880734087,8859.210017917583,0.1878015249967575,1,0.6066155519257903,0.3141998611238281,162,control
4785,500.0,8862.0,500.3300334047699,8860.940027362654,0.12381771951913834,1,0.805614915444047,0.15945607344313373,162,control
4786,641.0,8982.0,641.439991664525,8981.550032984494,0.191245898604393,1,0.2660079878892618,0.7742016979655947,162,control
4787,577.0,8965.0,578.1500075819074,8964.089999951013,0.2266317903995514,1,1.1041803318125243,0.15054366608444675,162,check
4788,556.0,9008.0,557.3499958274566,9007.239963974227,0.21819737553596497,1,1.2010858804283515,0.1272617839848399,162,control
4789,636.0,9013.0,637.3300167252761,9012.199999966275,0.15380510687828064,1,1.2017842865903714,0.5005647108305257,162,control
4790,579.0,8926.0,579.4999819965004,8925.379928754212,0.2252398431301117,1,0.43566678741429476,0.3244893686631446,162,control
4791,530.0,8977.0,532.8200069167007,8975.959943014297,0.11121667921543121,1,2.6766675771902007,0.9470882221442557,162,control
4792,645.0,8905.0,646.8000790935366,8903.909896534275,0.30875587463378906,1,1.7509040349408307,0.8963585473732949,162,check
4793,622.0,8966.0,622.8800018685035,8965.28001307098,0.2431902140378952,1,0.7749265442122715,0.49306567702835785,162,control
4794,552.0,9038.0,551.7898956979947,9037.359929534789,0.16142866015434265,1,0.6059279362658672,0.9356750848184163,162,control
4795,603.0,8985.0,604.0099895510903,8984.519982003976,0.2963087260723114,1,0.7829543273438988,0.6167268177906636,162,control
4796,540.0,8889.0,541.0,8886.0,0.18194958567619324,1,2.841126420118362,,162,control
4797,609.0,8886.0,609.500003409364,8885.32996392524,0.24679818749427795,1,0.47860842759853334,0.26377445307114145,162,control
4798,525.0,8882.0,525.7499729379795,8881.209976387478,0.2077457755804062,1,0.7223950240105412,0.279837818585614,162,control
4799,526.0,9007.0,527.6599217647204,9006.729983185296,0.12321338802576065,1,1.4001916224429647,0.4127836249050186,162,control
4800,608.0,8910.0,608.3800350872493,8909.28994260928,0.2721770703792572,1,0.47048389704741134,0.3071001003589969,162,control
4801,595.0,9064.0,595.4301152084292,9065.11998669294,0.1443258672952652,1,1.3862276908698552,1.3964823653382654,162,check
4802,533.0,8898.0,535.0,8898.0,0.2374906986951828,1,1.7563984546987907,,162,control
4803,787.0,8932.0,785.9000092022758,8931.929940100445,0.12170486152172089,1,1.3725752571514414,0.8511773361021691,163,control
4804,762.0,8888.0,762.6700997506967,8887.039941299468,0.19900283217430115,1,0.8183479644295893,0.3612305720683995,163,control
4805,776.0,8873.0,776.6099994242219,8872.32986486173,0.23233048617839813,1,0.5451135133792135,0.34207765963732933,163,control
4806,805.0,9042.0,806.0400008046897,9040.969997987742,0.10452298820018768,1,1.1043227319026943,0.3612179680588267,163,control
4807,754.0,8914.0,755.3500280594513,8912.670016915881,0.12093843519687653,1,1.532788112891913,0.4982027115701505,163,check
4808,667.0,8885.0,661.0499617869334,8883.579849717446,0.10748790949583054,0,6.320991227468352,0.8490826336017055,163,control
4809,708.0,8966.0,710.0,8965.0,0.20707346498966217,1,1.8936780381429483,,163,check
4810,815.0,8871.0,813.1699378844556,8870.250050503471,0.208708256483078,1,2.151172509757021,0.1954031688418935,163,check
4811,722.0,8894.0,722.3500720689426,8892.980005852887,0.20248909294605255,1,0.7732290955814202,0.22015555386987845,163,control
4812,682.0,8922.0,682.5700283153715,8921.319998999365,0.10550595074892044,1,0.5270015815866135,0.22365833074549613,163,control
4813,682.0,8987.0,684.0,8987.0,0.159620001912117,1,1.7585978509359093,,163,control
4814,778.0,8880.0,778.3602082426423,8878.720061988428,0.12605957686901093,1,1.0342156631665695,0.37595070888485116,163,control
4815,740.0,8900.0,740.2600181909007,8899.380008208049,0.12976253032684326,1,0.3685965549768269,0.32319652760059187,163,control
4816,686.0,8905.0,683.9099944140221,8904.899998326373,0.1322905719280243,1,2.3566761475920535,0.5483452004440064,163,check
4817,763.0,8859.0,763.0599539292641,8858.500002676397,0.24027259647846222,1,0.32124823492244114,0.3673406947809609,163,check
4818,691.0,8992.0,692.180044813113,8991.049975254076,0.11438611894845963,1,1.1546575971510982,0.34464673196169443,163,control
4819,681.0,8940.0,681.6800455176943,8939.259934736661,0.11804170161485672,1,0.6426181344711616,0.34747708714143344,163,control
4820,690.0,8964.0,690.4099508269423,8963.43005175789,0.13195733726024628,1,0.3506579157088333,0.4982523477916187,163,control
4821,808.0,8893.0,805.9000297135452,8894.839973790587,0.20544973015785217,0,3.1533636608097297,0.5402151512131471,163,control
4822,693.0,8886.0,693.8300661727185,8884.929956160513,0.16806283593177795,1,0.9954518673659682,0.3878244482657206,163,control
4823,703.0,8979.0,703.3599415944541,8978.459957411418,0.13258779048919678,1,0.30438660291486014,0.7735176330616803,163,control
4824,694.0,8978.0,694.6199570238009,8977.360044432971,0.21398891508579254,1,0.5287073182910933,0.945096963358564,163,control
4825,721.0,8934.0,721.3199978723725,8933.379969833522,0.17255687713623047,1,0.37276398441297187,0.5765396943825707,163,control
4826,802.0,8907.0,798.0,8910.0,0.10228162258863449,0,5.3591334305328076,,163,control
4827,770.0,8894.0,770.1699195153157,8893.149853633002,0.14436176419258118,1,0.6064828447714878,0.35257820250521826,163,control
4828,694.0,8874.0,694.7900268248742,8873.249894864919,0.18361634016036987,1,0.7252852140260894,0.6646289286334,163,control
4829,695.0,9019.0,696.3800235351513,9018.420006984152,0.1351635754108429,1,1.1678673441951635,0.2953561548012083,163,control
4830,783.0,8893.0,783.3999940721864,8892.079956923693,0.22350427508354187,1,0.6838593105870998,0.19237495910728314,163,control
4831,666.0,8894.0,662.0,8895.0,0.13456843793392181,0,4.4424841954790635,,163,control
4832,684.0,8932.0,685.0501792414633,8931.299956842358,0.11495775729417801,1,0.9070141672967389,0.5947200826963882,163,control
4833,804.0,8873.0,803.8299002226038,8872.209766933753,0.212288036942482,1,0.6920256346953318,1.1458036893406993,163,control
4834,793.0,8874.0,796.8299846335232,8871.24007227908,0.11861429363489151,0,4.362311732554036,1.2230975592460025,163,check
4835,804.0,8934.0,802.0,8932.0,0.12768606841564178,1,2.8588271717947333,,163,check
4836,714.0,8916.0,715.0,8915.0,0.22148646414279938,1,1.0511875626394322,,163,control
4837,666.0,8944.0,667.4298935831828,8943.500039416364,0.15061041712760925,1,1.1947945997706753,0.5490229640370969,163,control
4838,796.0,8900.0,797.0600832529552,8899.309965044758,0.2224748432636261,1,0.9118383183393886,0.5399991885241182,163,control
4839,747.0,8875.0,747.4099832843357,8873.870105069765,0.15616737306118011,1,0.891095633194432,0.21133582808368742,163,control
4840,757.0,8896.0,758.2199989602999,8894.949896605996,0.14300242066383362,1,1.2478044523930543,1.1825003670315786,163,control
4841,651.0,9182.0,652.190051043697,9181.309984654434,0.10021314024925232,1,1.0313991386596657,0.22621950796311663,166,control
4842,546.0,9237.0,546.0300056186354,9236.200006728232,0.12568996846675873,1,0.5871029581143664,0.3753520646808453,166,control
4843,618.0,9093.0,618.9800229831777,9092.40995606788,0.10983309894800186,1,0.7965199219390725,0.3191103085134655,166,check
4844,664.0,9214.0,665.0899161578327,9213.060104834447,0.10549566894769669,1,1.0808666438028303,0.6733491250038631,166,control
4845,601.0,9082.0,602.3999838724798,9081.27002351989,0.15655331313610077,1,1.2369364187766643,0.45126148099651,166,control
4846,527.0,9295.0,526.7500334583372,9294.609909094483,0.13121122121810913,1,0.5197920208604194,0.5433773394806353,166,control
4847,518.0,9112.0,518.4999832921206,9111.080014231698,0.17368070781230927,1,0.7054766978692286,0.47746691265347846,166,control
4848,516.0,9089.0,517.7999569258285,9088.060029269156,0.1218121275305748,1,1.6863794242684234,0.18752083305806488,166,control
4849,546.0,9082.0,545.5200237594819,9081.199995683703,0.15339817106723785,1,0.9162644039904809,0.6642726351582728,166,control
4850,710.0,9195.0,710.5899579417239,9194.450048441158,0.1120496317744255,1,0.4478472808614634,0.3940325119462467,167,control
4851,763.0,9245.0,761.2502202870478,9244.14992424121,0.10273794084787369,1,2.090285385619417,0.5473921547646154,167,control
4852,799.0,9245.0,798.0000282315917,9244.60996302151,0.16554179787635803,1,1.2606491433625964,0.4305034254239557,167,control
4853,727.0,9226.0,726.8899961529636,9225.010002849605,0.22768983244895935,1,0.8219666364775966,0.27877062799688934,167,control
4854,741.0,9287.0,740.800027363723,9286.899978265901,0.17765870690345764,1,0.477267330719363,0.35743699766106146,167,control
4855,685.0,9085.0,685.5800174156645,9084.819980262899,0.14725075662136078,1,0.33093916348328795,0.26785815210734776,167,control
4856,745.0,9262.0,744.6499697433342,9261.589896125746,0.14696171879768372,1,0.6230581529878636,0.6240972283465762,167,control
4857,703.0,9272.0,702.6199645187247,9272.049973394116,0.13934551179409027,1,0.7018055411432218,0.8814928208063724,167,control
4858,705.0,9229.0,704.4500247743094,9228.360003185033,0.20841223001480103,1,0.8918410483565697,0.24277139878206086,167,control
4859,676.0,9178.0,675.8699857771538,9177.939904124725,0.11563961207866669,1,0.43114474174769796,0.22786890495073053,167,check
4860,775.0,9254.0,774.0199937530872,9253.689988072341,0.23466478288173676,1,1.2342548679602576,0.3469476781576009,167,check
4861,711.0,9202.0,710.9000443644519,9201.489997854977,0.2069254219532013,1,0.437604976712143,0.2638279988320224,167,check
4862,685.0,9212.0,679.0,9204.0,0.11075608432292938,0,9.955831223339427,,167,control
4863,678.0,9102.0,678.7300313087319,9101.189990580111,0.1203107163310051,1,0.7303250681434589,0.3522209444138907,167,control
4864,701.0,9253.0,698.6199788323767,9253.399830205744,0.13185849785804749,0,2.7130634783162266,0.5666443465736541,167,control
4865,728.0,9262.0,727.1401288718259,9261.559949957247,0.2425825595855713,1,1.12833372713658,0.5241464089885461,167,control
4866,711.0,9292.0,710.7000557248767,9291.679949835161,0.1669752150774002,1,0.5561154355278214,0.3590529062418827,167,check
4867,676.0,9284.0,675.9800281673447,9283.639964582972,0.17217305302619934,1,0.2922498421261823,0.26778178139539516,167,control
4868,738.0,9207.0,737.7399987139916,9206.370019558553,0.145140141248703,1,0.637813405204957,0.21335646146731113,167,check
4869,801.0,9293.0,800.7801616387067,9292.319867084434,0.13802969455718994,1,0.6374511656930646,0.4341884789187837,167,control
4870,668.0,9237.0,668.2600005530416,9236.240062586941,0.18561021983623505,1,0.5056073522605257,0.2814704407787133,167,control
4871,690.0,9232.0,690.3800005444978,9231.399969221573,0.21065650880336761,1,0.3685284846963169,0.3846578362789861,167,control
4872,755.0,9211.0,754.1199762678357,9210.749951017548,0.18437884747982025,1,1.1340227035187491,0.2607613707772661,167,control
4873,736.0,9214.0,735.6899738722312,9213.349982922968,0.22610162198543549,1,0.6899510894946705,0.11680426067787494,167,check
4874,797.0,9270.0,796.2800928069877,9269.729879051158,0.1124587431550026,1,0.9724940398027714,0.4054070026730037,167,control
4875,768.0,9282.0,767.4800333231261,9281.690014726142,0.17127469182014465,1,0.7743503059806907,0.1989368953980836,167,control
4876,692.0,9215.0,692.2600335747743,9214.419950126941,0.22815202176570892,1,0.32639795188427395,0.46244657848857135,167,control
4877,725.0,9281.0,724.5201457568766,9279.970112717298,0.16001874208450317,1,1.06748854966091,0.7866575604853053,167,control
4878,709.0,9246.0,708.4700285017046,9245.849924290955,0.20488905906677246,1,0.7900651149492282,0.43269067243123305,167,control
4879,699.0,9087.0,701.0,9085.0,0.11724057793617249,1,2.4676049437875074,,167,control
4880,687.0,9242.0,687.490002362947,9241.299963039975,0.20120182633399963,1,0.5049345654745364,0.46342721399349823,167,check
4881,758.0,9230.0,757.3599289153633,9229.540019935182,0.1580462008714676,1,0.917443002754731,0.34572383254700273,167,control
4882,724.0,9238.0,723.7100533335441,9237.200028423265,0.22608500719070435,1,0.7710045884817857,0.46926827723240094,167,control
4883,696.0,9242.0,695.4699858446047,9241.599937575278,0.19030223786830902,1,0.7970191740817073,0.6482710092775549,167,control
4884,730.0,9207.0,730.0100439289155,9206.289987971164,0.15684938430786133,1,0.518355702864659,0.2107989372015744,167,control
4885,738.0,9234.0,736.8300221632272,9233.619967223507,0.2126501500606537,1,1.4291639927289836,0.16560193910515736,167,control
4886,791.0,9242.0,789.85006843418,9241.640041557424,0.10458207130432129,1,1.4072378654287117,0.3679598643772329,167,check
4887,700.0,9193.0,700.3699902567395,9191.959953157231,0.14943474531173706,1,0.7950315406141817,0.6213019392039166,167,control
4888,807.0,9144.0,807.0099146619956,9141.839942346645,0.12617091834545135,1,1.9251406716616464,0.6799991906767151,167,control
4889,672.0,9202.0,672.1800145529342,9201.350008900574,0.20385652780532837,1,0.4027939375253272,0.3237018910665595,167,control
4890,746.0,9253.0,745.439989635938,9252.460029652502,0.1928677260875702,1,0.8623319822378197,0.15670263449904678,167,control
4891,570.0,9342.0,569.7600218256633,9341.719972503512,0.19878211617469788,1,0.49197611562701055,0.15644934668562632,170,control
4892,547.0,9376.0,547.4300069035758,9375.599975499008,0.1317817121744156,1,0.22883632135252868,0.3399542736647248,170,check
4893,661.0,9489.0,661.9099982457977,9488.070004620136,0.10706383734941483,1,0.9454396676877734,0.26444789827119447,170,control
4894,617.0,9344.0,616.9300167927271,9343.860033416826,0.15859481692314148,1,0.34154460642350515,0.2557640775239502,170,control
4895,630.0,9381.0,630.4800491577969,9380.749957385478,0.11792964488267899,1,0.229826817214061,0.26216215341329274,170,control
4896,644.0,9504.0,646.0,9503.0,0.13102729618549347,1,1.9041624676599802,,170,control
4897,546.0,9359.0,546.0199231465652,9359.199955449214,0.13676682114601135,1,0.5128253752058357,0.2876287399904699,170,control
4898,570.0,9309.0,570.7398976218923,9308.170020211703,0.12558412551879883,1,0.7523739843394273,0.9196167731964398,170,control
4899,600.0,9357.0,599.9098969282999,9356.860004903065,0.16891072690486908,1,0.3604300670532692,0.780264733104871,170,control
4900,565.0,9493.0,566.0,9492.0,0.10736216604709625,1,1.0567245940241103,,170,control
4901,562.0,9368.0,562.1500313055279,9367.499955568097,0.1583804488182068,1,0.26273243316403316,0.25965190491885815,170,control
4902,660.0,9367.0,659.6801863367122,9366.57991598631,0.11733312904834747,1,0.5937462412875858,0.23386151346031486,170,control
4903,579.0,9366.0,579.1699681446345,9365.950016856974,0.1244412362575531,1,0.22226283766008875,0.5516917128751023,170,control
4904,543.0,9392.0,542.9700476321971,9391.51999738785,0.12348134070634842,1,0.35757419754949826,0.2263585180031947,170,check
4905,632.0,9301.0,632.9400248832708,9300.559962522795,0.14479875564575195,1,0.7121182567555984,0.732770980158501,170,control
4906,640.0,9314.0,636.6098575349823,9307.319798504814,0.11180230975151062,0,7.385375499224637,2.210457386275423,170,control
4907,550.0,9485.0,548.2199897172726,9488.11021482178,0.14359082281589508,0,3.9317896979150664,1.9967831049976599,170,check
4908,619.0,9386.0,618.9400016672187,9385.529924389995,0.11814748495817184,1,0.37685031244710826,0.5880474340850798,170,control
4909,640.0,9301.0,640.2299963435687,9300.45997482388,0.11169850826263428,1,0.2856061707323201,0.6343415814655665,170,control
4910,530.0,9384.0,529.949990485342,9383.659988539466,0.18189775943756104,1,0.31151001463509126,0.18618504453231496,170,check
4911,583.0,9339.0,582.7400476822513,9338.900016640428,0.16686581075191498,1,0.5349492738166618,0.5302595836983599,170,control
4912,556.0,9391.0,556.629987203404,9390.040009820632,0.11094324290752411,1,0.7983869614948377,0.4599627793423372,170,control
4913,639.0,9365.0,638.8800469482164,9364.280087115252,0.15611155331134796,1,0.5941327164172706,0.4727796243067763,170,control
4914,551.0,9324.0,550.8300451538809,9323.640004986086,0.1487092524766922,1,0.43418894462174984,0.16231420919662826,170,control
4915,661.0,9314.0,661.1099330151159,9313.489964157046,0.10682502388954163,1,0.29200578967494695,0.40811474683884946,170,check
4916,633.0,9344.0,633.629962860359,9343.959969836726,0.10834579914808273,1,0.4358292773556655,0.39579568669052356,170,control
4917,591.0,9343.0,487.8900350901441,9477.38015015406,0.1497640758752823,0,169.73754755248322,0.6252565473368598,170,control
4918,560.0,9301.0,556.0600564288399,9313.690254383275,0.10720869153738022,0,13.60938852599289,2.3839459677048724,170,control
4919,545.0,9317.0,544.5499961877571,9316.570031245552,0.18047796189785004,1,0.7230026813413339,0.21117096519537934,170,control
4920,644.0,9386.0,643.889975584923,9385.740052415622,0.13790754973888397,1,0.3601765310076019,0.16972163975549504,170,check
4921,653.0,9377.0,652.9899721311538,9376.779955058393,0.12175571918487549,1,0.2627077584957568,0.3418245596334825,170,control
4922,628.0,9364.0,628.4999704444025,9363.509993129082,0.1128794327378273,1,0.3420207465813348,0.33698266964465007,170,control
4923,590.0,9366.0,589.8099465336899,9365.939928016973,0.10096334666013718,1,0.4827388335761826,0.4707848488390909,170,control
4924,536.0,9298.0,535.8400107559521,9297.740031002757,0.126632958650589,1,0.412655995945696,0.27623483860684955,170,control
4925,787.0,9412.0,787.0000341487256,9411.229889391107,0.11795123666524887,1,0.5747254719610645,0.616860108567377,171,check
4926,731.0,9372.0,730.7400413710915,9371.62000627423,0.13968995213508606,1,0.5256045028014842,0.2100729912532534,171,check
4927,784.0,9511.0,784.9500236757021,9510.489959705847,0.14952997863292694,1,0.7491093781588537,0.4585732563227953,171,check
4928,782.0,9503.0,782.6800010006348,9502.570028315371,0.14618530869483948,1,0.4681543142883185,0.3592386681656398,171,check
4929,700.0,9452.0,700.6500175278298,9451.709974612673,0.188538059592247,1,0.40328750451557877,0.4197166569879398,171,control
4930,777.0,9393.0,777.2000184489568,9392.490013632876,0.14262427389621735,1,0.26241521858072475,0.31878397605648967,171,control
4931,685.0,9346.0,684.0000835110113,9346.419970469584,0.17827661335468292,1,1.4210533727855177,0.6423327777067553,171,control
4932,723.0,9337.0,723.0,9335.0,0.19051489233970642,1,1.764564248444299,,171,control
4933,696.0,9300.0,694.750021455442,9299.71997272891,0.18512900173664093,1,1.502245037369346,0.35212651906752573,171,control
4934,790.0,9492.0,790.450041735973,9491.469947695476,0.2114357054233551,1,0.3440363062732383,0.7459858893256396,171,control
4935,775.0,9485.0,774.0,9485.0,0.22677166759967804,1,1.2725733278977815,,171,check
4936,669.0,9361.0,668.6901347517213,9360.559997122318,0.20044419169425964,1,0.5903172658986096,0.37919432021628213,171,control
4937,708.0,9473.0,708.8800761381736,9472.289968361489,0.2692149877548218,1,0.7794587159835968,0.5129681330349749,171,control
4938,689.0,9469.0,689.0,9468.0,0.2234988957643509,1,0.7854653024749194,,171,control
4939,714.0,9399.0,714.6599923712423,9398.220015808422,0.21760237216949463,1,0.6673065514365465,0.3005490578905832,171,control
4940,761.0,9423.0,761.400113252942,9422.439902632092,0.13414449989795685,1,0.34255694559436434,0.5668894241309634,171,control
4941,709.0,9359.0,706.0,9362.0,0.12720134854316711,0,4.5992932608918,,171,control
4942,792.0,9364.0,787.7100028442657,9364.959945493682,0.13910408318042755,0,4.699065790172709,1.0157150403236253,171,control
4943,792.0,9323.0,791.9700223875578,9322.399955923058,0.22956915199756622,1,0.44765547422093543,0.4872648862006523,171,control
4944,774.0,9344.0,773.3099803718602,9343.619941922097,0.2043239176273346,1,0.9493557656582343,0.21557119711853207,171,control
4945,726.0,9408.0,723.4100503980229,9407.919965257031,0.1732538342475891,1,2.8445492964775485,0.5736708098057511,171,check
4946,760.0,9363.0,759.820143565002,9362.38008411228,0.12400122731924057,1,0.5656348963271757,0.40240792752249865,171,control
4947,793.0,9378.0,790.6899469362596,9378.440105378944,0.15204934775829315,1,2.6517122148422954,1.0978672878879194,171,check
4948,726.0,9486.0,726.510004004984,9485.339964070063,0.21435511112213135,1,0.4836866544491758,0.14536653112561657,171,control
4949,684.0,9308.0,683.6600576249698,9307.829956290076,0.23290260136127472,1,0.5977854171282614,0.38490421720509216,171,control
4950,734.0,9323.0,733.0300261299047,9323.110040418374,0.16696421802043915,1,1.274150502815478,0.7401795374635812,171,control
4951,698.0,9502.0,698.4699806036666,9501.010012316345,0.2723650634288788,1,0.7684292794790583,0.251036828032205,171,control
4952,671.0,9444.0,671.3799639731591,9443.419992501873,0.15486469864845276,1,0.350507543704944,0.32730641651677433,171,control
4953,754.0,9299.0,754.0600245925572,9298.349952043363,0.16658298671245575,1,0.44141272481849847,0.3266334937074098,171,control
4954,690.0,9411.0,689.760002159217,9410.490023550412,0.22100681066513062,1,0.5520405486314838,0.26762404305148374,171,control
4955,798.0,9430.0,789.0,9349.0,0.1339765340089798,0,81.27631067213764,,171,control
4956,782.0,9402.0,782.3899618639962,9401.309988204039,0.15481720864772797,1,0.45988903135124903,0.3846250460506555,171,control
4957,778.0,9335.0,772.9700587318118,9336.940265667396,0.12713991105556488,0,5.717828758035026,1.0862611017432517,171,control
4958,787.0,9443.0,783.1000119868754,9371.439761305506,0.1196199432015419,0,71.42884051011093,1.5333198605075706,171,control
4959,731.0,9504.0,731.6099706850617,9503.339984355935,0.21605369448661804,1,0.5448063553845138,0.3746929599090551,171,control
4960,675.0,9513.0,676.0500289557057,9512.55996004341,0.18904170393943787,1,0.8241163131018088,0.39099979078868125,171,check
4961,717.0,9416.0,716.8400076003721,9415.600025819658,0.2941616177558899,1,0.4344441719268096,0.2021352590819029,171,control
4962,774.0,9493.0,774.0,9485.0,0.15532280504703522,0,7.75125780133783,,171,control
4963,749.0,9359.0,748.5800027079868,9358.81003945467,0.22032524645328522,1,0.6733452215180882,0.4702072220796547,171,control
4964,726.0,9392.0,725.2500964296935,9391.939887502003,0.25471940636634827,1,1.0181267102768448,0.37469994673635415,171,control
4965,722.0,9452.0,722.1900341388048,9451.559956887832,0.22038616240024567,1,0.19509734001583354,0.3602828646838182,171,control
4966,800.0,9311.0,801.0,9311.0,0.21581856906414032,1,0.7897030614469923,,171,control
4967,692.0,9388.0,692.7500365571459,9387.38999753374,0.2275126427412033,1,0.613710503402158,0.6749001303043202,171,control
4968,533.0,9662.0,533.9100725154678,9661.079959910645,0.11382214725017548,1,0.9384310977402325,0.29975682716025426,174,control
4969,529.0,9735.0,620.0,9540.0,0.06393736600875854,0,214.85153706281972,,174,control
4970,607.0,9711.0,607.0200937749648,9710.199902311924,0.09013473987579346,1,0.586283459844907,0.5986812955243958,174,control
4971,646.0,9635.0,547.0,9464.0,0.0865238606929779,0,197.49191694111363,,174,check
4972,630.0,9737.0,630.2800284548543,9736.15994005039,0.09731479734182358,1,0.584225789160914,0.7812729014028882,174,control
4973,529.0,9648.0,455.0,9517.0,0.06657510995864868,0,150.35125963181974,,174,control
4974,619.0,9577.0,381.0,9842.0,0.05043672025203705,0,356.5431614344695,,174,control
4975,534.0,9629.0,547.0,9464.0,0.05441836267709732,0,165.2346108178337,,174,control
4976,590.0,9710.0,587.0,9710.0,0.09146508574485779,0,3.252671289224888,,174,control
4977,587.0,9723.0,587.0800036947377,9722.389916051316,0.050444651395082474,1,0.3875195848691226,0.30724450496378064,174,control
4978,652.0,9713.0,473.0,9433.0,0.0544249564409256,0,332.24233659000674,,174,check
4979,597.0,9594.0,360.0,9765.0,0.059147730469703674,0,292.6004175052575,,174,control
4980,630.0,9600.0,528.0,9430.0,0.05209299921989441,0,198.15936214922112,,174,control
4981,572.0,9643.0,455.0,9712.0,0.05137334391474724,0,136.17272359996525,,174,check
4982,587.0,9702.0,582.9499121584977,9700.470026584973,0.09448233246803284,0,4.477201212979852,2.071378708844176,174,control
4983,611.0,9611.0,528.0,9430.0,0.0537799708545208,0,198.99237788234342,,174,control
4984,592.0,9617.0,514.0,9676.0,0.05103662982583046,0,98.15172527325022,,174,control
4985,641.0,9658.0,442.0,9840.0,0.1009381115436554,0,270.0295283028392,,174,control
4986,741.0,9720.0,726.0,9486.0,0.10766863077878952,0,234.24290865162456,,175,control
4987,701.0,9522.0,702.1900052310173,9520.919992755656,0.22198083996772766,1,1.2535282715661864,0.36708820319547175,175,check
4988,710.0,9666.0,710.3300496902377,9665.019970762434,0.1710357964038849,1,0.7303387040059565,0.24746240004034847,175,check
4989,718.0,9561.0,717.0,9562.0,0.11181335896253586,1,1.7677177947144889,,175,check
4990,792.0,9528.0,792.2500053669871,9527.470071327432,0.16556023061275482,1,0.27756183339625184,0.2647492384209113,175,control
4991,702.0,9628.0,702.6500432800374,9627.20993356175,0.10158507525920868,1,0.6717251600516655,0.3371434474659694,175,control
4992,718.0,9630.0,718.6800545904081,9629.019866289356,0.1094730943441391,1,0.846568689663258,0.43893333812604074,175,control
4993,693.0,9534.0,693.9199897687039,9533.320073212264,0.15879493951797485,1,0.7965675961160423,0.22221546147443377,175,control
4994,774.0,9534.0,774.5800639045401,9533.239973272339,0.1254284530878067,1,0.6072845477899655,0.43341271038060725,175,control
4995,701.0,9672.0,701.5400493505379,9670.659952701095,0.1156652569770813,1,1.1248642008274055,0.7105398811610207,175,control
4996,668.0,9527.0,669.0097983546501,9526.250084707282,0.10153409838676453,1,0.9094018265386271,0.6630882029548206,175,control
4997,692.0,9713.0,692.2200440400128,9711.949970650268,0.10462360829114914,1,0.7948331213967947,0.3286846255622849,175,control
4998,733.0,9528.0,733.8100748990155,9527.349972160608,0.1322232037782669,1,0.6890370116780288,0.7912335831056249,175,control
4999,690.0,9556.0,690.9000095963017,9555.590024097046,0.10113685578107834,1,0.6723117116125985,0.44338486962686596,175,control
5000,771.0,9664.0,779.6701060067716,9557.389701526969,0.1279708445072174,0,106.69062995628141,7.150676015618727,175,control
5001,590.0,9949.0,590.1000883402177,9948.469970066706,0.12289459258317947,1,0.3036026223750304,0.50675779980537,178,control
5002,657.0,9956.0,657.2300719656303,9955.529932335716,0.10231239348649979,1,0.21292430586695327,0.628703750818822,178,control
5003,626.0,9749.0,625.7600489302623,9748.279933673915,0.14970989525318146,1,0.6677145999386741,0.305198113288939,178,control
5004,600.0,9922.0,592.2197418339365,9921.040057716984,0.10766952484846115,0,8.048117355246026,1.5821824529734314,178,check
5005,644.0,9763.0,644.520020603902,9762.059990500602,0.11569348722696304,1,0.7379709265521579,0.4335831267047175,178,control
5006,665.0,9945.0,664.5898836720538,9944.44009315065,0.10170267522335052,1,0.7139699426980521,0.391249958286484,178,control
5007,672.0,9911.0,672.0799386096376,9910.430059196044,0.109019435942173,1,0.35050523713233417,0.5505712329095507,179,control
5008,670.0,9899.0,669.5400281063016,9898.360001156447,0.11042730510234833,1,0.795865060412466,0.21520883309888555,179,check
5009,678.0,9858.0,677.000004339344,9857.549923778046,0.15200728178024292,1,1.2535423867767022,0.26836440589907273,179,control
5010,691.0,9924.0,690.2400244378135,9923.690020135708,0.15840794146060944,1,0.9982517135576718,0.30042527992837087,179,control
5011,721.0,9781.0,624.0500850231772,9919.690135484689,0.1016814187169075,0,169.5638194922506,2.414585160245756,179,control
5012,795.0,9884.0,792.0,9884.0,0.1299617886543274,0,3.2473581939287666,,179,control
5013,604.0,10040.0,637.0,9952.0,0.05621157959103584,0,93.65984730632545,,182,control
5014,631.0,10094.0,692.0,9908.0,0.06418370455503464,0,195.42996664967367,,182,control
5015,658.0,10159.0,636.0,9924.0,0.05548924207687378,0,235.7932630742523,,182,control
5016,646.0,10057.0,584.3098636137175,9948.01008354229,0.05564208701252937,0,125.12928980954466,1.7684578909327122,182,control
5017,540.0,9993.0,457.0,10119.0,0.050547584891319275,0,151.22826344137297,,182,control
5018,652.0,10071.0,590.0,9972.0,0.07037428021430969,0,116.71812353188369,,182,control
5019,541.0,10068.0,456.0,10078.0,0.05852825939655304,0,85.84952110801274,,182,control
5020,541.0,10068.0,457.0,10119.0,0.05264468118548393,0,98.6055154901227,,182,control
5021,592.0,9971.0,591.960041007587,9970.599903990891,0.055523429065942764,1,0.31003096378406886,1.0323298530613025,182,check
5022,642.0,9977.0,641.0,9978.0,0.0628553107380867,1,1.763163555307834,,182,check
5023,582.0,9979.0,582.570079594388,9978.309916527296,0.054323095828294754,1,0.5453450026487757,1.3610655323313807,182,control
5024,641.0,10044.0,606.6099543995939,9898.260040956156,0.05073244869709015,0,149.5460110604969,1.2479042006276155,182,control
5025,584.0,9988.0,584.7699378400504,9987.619917071484,0.08200401067733765,1,0.5478083682687043,0.577196045912777,182,control
5026,629.0,10143.0,767.0,10153.0,0.050287485122680664,0,138.15020295596602,,182,control
5027,559.0,10045.0,572.0,9946.0,0.06195611134171486,0,99.56220188606686,,182,control
5028,548.0,10035.0,457.0,10119.0,0.05112435296177864,0,124.1919761555413,,182,control
5029,588.0,10001.0,769.0,10222.0,0.06378118693828583,0,285.71320786915066,,182,check
5030,586.0,9963.0,588.0,9948.0,0.05968436598777771,0,14.84620468214166,,182,check
5031,608.0,10003.0,609.6001298419392,10002.489996559356,0.061578165739774704,1,1.3878959297936069,0.9855125004517936,182,control
5032,663.0,10012.0,378.0,10264.0,0.07914960384368896,0,380.780336194813,,182,control
5033,617.0,10048.0,603.0,9942.0,0.06936758011579514,0,106.69558261259075,,182,control
5034,771.0,10030.0,771.1200315472553,10029.559958465621,0.11056680977344513,1,0.21754009543159578,0.32467315204283936,183,check
5035,743.0,10128.0,743.9600707601976,10126.919952860111,0.13950303196907043,1,1.1000216021483575,0.41494962514301503,183,control
5036,812.0,10132.0,812.0,10129.0,0.1211097240447998,1,2.7556517213471636,,183,check
5037,754.0,10086.0,754.8299770267431,10085.259976435394,0.11103667318820953,1,0.7692405260015531,0.2881333065481571,183,control
5038,795.0,10131.0,796.0,10134.0,0.10539189726114273,1,3.3440338592656746,,183,control
5039,786.0,10179.0,787.03003339943,10177.7899690093,0.19270624220371246,1,1.2457694846423895,0.2881353432269445,183,check
5040,782.0,10112.0,781.8799680587188,10111.779957537778,0.1120515987277031,1,0.3536524225980037,0.7025303781816867,183,control
5041,812.0,10175.0,811.9699645719829,10174.120027658708,0.21548835933208466,1,0.6777189654415496,0.41262376947845625,183,control
5042,751.0,9964.0,750.680017060704,9963.639971344928,0.11898952722549438,1,0.5654660978446784,0.1978221550102614,183,control
5043,804.0,10117.0,802.0,10117.0,0.13860777020454407,1,2.2461527271381705,,183,control
5044,813.0,10160.0,812.2599834227507,10159.480034450118,0.1936240941286087,1,1.0063865059134929,0.3928895021719961,183,control
5045,787.0,10168.0,788.040036023637,10166.889972486115,0.12831082940101624,1,1.1775764426546667,0.2880245337684263,183,control
5046,706.0,10032.0,706.3000465509865,10031.929968106637,0.11297855526208878,1,0.19759465168600326,0.428715321663737,183,control
5047,731.0,10094.0,731.4599705413069,10093.579996622226,0.11911799758672714,1,0.2804451486213679,0.40395350479272757,183,control
5048,801.0,10171.0,786.1699983480421,10145.290066466636,0.10347411036491394,0,29.577045047617478,3.7275597246687986,183,control
5049,684.0,9976.0,684.6399728659475,9975.030068787004,0.11023632436990738,1,0.8199467921485675,0.6884658769879022,183,control
5050,796.0,10003.0,795.0,10005.0,0.11059848219156265,1,2.56995130812495,,183,control
5051,799.0,10051.0,802.0,10117.0,0.1507720798254013,0,66.3120886636143,,183,control
5052,738.0,10235.0,738.1200495791404,10234.35998808333,0.131062850356102,1,0.39893803144572093,0.3023297066580112,187,check
5053,818.0,10202.0,817.3500194375347,10201.930086103628,0.10646083205938339,1,0.8986670738422743,0.7236233829095798,187,control
5054,809.0,10204.0,809.3800400460177,10203.50995075415,0.17839664220809937,1,0.2795787581667931,0.30401891017594745,187,control
5055,760.0,10202.0,760.4101780303818,10200.940091546161,0.10915656387805939,1,0.8242854333993337,0.5771182662974785,187,control
5056,745.0,10201.0,745.8200531234064,10200.010018909676,0.10106819123029709,1,0.9418562741428105,0.31727067111591806,187,control
5057,681.0,10540.0,680.839967648055,10539.470043546637,0.1509443074464798,1,0.4683759386742519,0.5310496517162229,191,control
5058,780.0,10613.0,781.5700558139963,10611.540044166371,0.11402149498462677,1,1.8087464207999158,0.35200170974348644,191,control
5059,832.0,10420.0,839.0300907074366,10671.689979789366,0.1024656817317009,0,252.0374303408939,0.8241370795868757,191,control
5060,704.0,10597.0,703.1200118808089,10596.330009512521,0.1022094339132309,1,1.1748138828835077,0.8317122608846668,191,control
5061,757.0,10587.0,757.950073094759,10586.039957528164,0.12263154983520508,1,1.013206102068014,0.4625188156376717,191,check
5062,713.0,10438.0,625.6200042456434,10449.169955296917,0.14696402847766876,0,88.34671325679375,0.969874247047992,191,control
5063,823.0,10784.0,823.3000519605521,10783.16997699195,0.10122162103652954,1,0.5800739411548882,0.48931319823143027,195,control
5064,737.0,10722.0,591.0,10665.0,0.11600698530673981,0,156.84162211610874,,195,check
5065,764.0,10684.0,693.579845209475,10832.75003080864,0.05470419302582741,0,164.90335399076318,2.714698376887173,195,control
5066,676.0,10799.0,787.0,10511.0,0.07513824850320816,0,308.3314814329782,,195,control
5067,828.0,10762.0,834.6100533495638,10741.650203483332,0.05063232406973839,0,21.086740984947916,1.6472793563282608,195,control
5068,709.0,10717.0,602.0,10851.0,0.0865594819188118,0,171.8173065898038,,195,control
5069,784.0,10781.0,783.9602583502607,10780.029844233262,0.06250157952308655,1,0.7573862857682051,0.7869370842623046,195,control
5070,744.0,10795.0,671.0,10525.0,0.09118642657995224,0,279.50264873828934,,195,check
5071,673.0,10830.0,782.0,10654.0,0.06972330808639526,0,206.68594792321448,,195,control
5072,823.0,10669.0,673.6297179072043,10942.019817544808,0.050860028713941574,0,311.53963239394375,5.04791223501573,195,control
5073,823.0,10669.0,822.0,10670.0,0.0659508928656578,1,1.7495379935951787,,195,control
5074,834.0,10819.0,826.7701201891754,10724.139883185704,0.08102978020906448,0,94.89687984983219,1.30372556754984,195,control
5075,794.0,10755.0,793.0,10754.0,0.08561385422945023,1,1.4253083009204883,,195,check
5076,781.0,10689.0,628.0,10794.0,0.05918443202972412,0,185.8896422739067,,195,control
5077,776.0,10821.0,743.0,10893.0,0.05663051828742027,0,79.52607176718813,,195,control
5078,816.0,10708.0,777.0,10780.0,0.06147943437099457,0,82.21301530628169,,195,control
5079,790.0,10773.0,790.1001877426709,10772.309799939467,0.05265747755765915,1,0.44841878860448475,0.5915014404784228,195,control
5080,800.0,10729.0,801.0,10650.0,0.05691064894199371,0,78.7476500465719,,195,control
5081,804.0,10753.0,804.7999989067326,10752.28001487417,0.09770502150058746,1,0.7454089539807758,0.5534840402106278,195,control
5082,853.0,10810.0,837.8999864370207,10706.919902708087,0.062322113662958145,0,103.9591662824854,1.2993987358017083,195,control
5083,727.0,10820.0,811.5301041461937,10645.750126886885,0.05983716994524002,0,193.34498639316234,2.211555292517148,195,control
5084,854.0,10826.0,851.0,10738.0,0.052981141954660416,0,87.80360741823507,,195,control
5085,762.0,10707.0,578.0,10919.0,0.05422009155154228,0,281.0513095852779,,195,control
5086,845.0,10624.0,855.0,10861.0,0.06965404003858566,0,237.45742871335673,,195,check
5087,845.0,10624.0,834.0,10645.0,0.060109756886959076,0,24.034386063360724,,195,control
5088,746.0,10670.0,750.0,10851.0,0.0576786994934082,0,181.29773006461124,,195,control
5089,765.0,10729.0,720.0,10506.0,0.07511415332555771,0,227.28663801616304,,195,control
5090,754.0,10660.0,763.0,10860.0,0.06757640838623047,0,200.4505650622669,,195,control
5091,736.0,10627.0,623.9400246011011,10844.190045408734,0.05076538398861885,0,244.72565667739056,0.7348384319196061,195,control
5092,679.0,10841.0,782.0,10654.0,0.057428061962127686,0,213.15970018579634,,195,control
5093,711.0,10815.0,579.0,10555.0,0.06772693246603012,0,291.4563512591896,,195,control
5094,732.0,10662.0,784.0,10529.0,0.06498082727193832,0,142.48475331815854,,195,control
5095,702.0,10681.0,787.0,10635.0,0.07317712903022766,0,96.33412020975328,,195,control
5096,805.0,10636.0,664.049754079627,10784.220008650753,0.05135106295347214,0,204.876103022673,1.9775262417258692,195,control
5097,805.0,10636.0,782.0,10654.0,0.051318105310201645,0,29.53666329750876,,195,check
5098,836.0,10633.0,836.720213119008,10632.059873293349,0.061905376613140106,1,0.8486431290992547,0.8461542025403744,195,control
5099,841.0,10780.0,810.0,10935.0,0.06409979611635208,0,158.36324775092154,,195,check
5100,842.0,10732.0,822.1598177708253,10682.579937397488,0.051523249596357346,0,53.098459191767965,1.8957711635730576,195,check
5101,836.0,10793.0,819.0996763650404,10688.68987683562,0.058743443340063095,0,105.45284861860166,4.138405559964536,195,check
5102,725.0,10791.0,551.0,10506.0,0.09757265448570251,0,333.8106299731359,,195,control
5103,725.0,10791.0,657.0,10505.0,0.11436591297388077,0,293.77226126090676,,195,control
5104,743.0,10751.0,703.0,10570.0,0.06579943001270294,0,185.16285273379262,,195,control
5105,704.0,10736.0,766.0,10591.0,0.05098216235637665,0,157.3763278909488,,195,control
5106,731.0,10802.0,657.0,10505.0,0.08683750778436661,0,305.8825133091504,,195,control
5107,722.0,10953.0,723.3799242462405,10952.300010599072,0.12358714640140533,1,1.24869166303275,0.6372980472345271,199,check
5108,714.0,10975.0,714.519981102382,10973.950008968024,0.17981183528900146,1,0.8486849523155651,0.4598020570939725,199,control
5109,692.0,10969.0,692.2199597392635,10967.780165582339,0.10891317576169968,1,0.9598479247119609,1.2917732584515247,199,control
5110,728.0,10980.0,729.3999500626951,10978.769967986687,0.1197422444820404,1,1.5350313872252255,0.6739423950259017,199,control
5111,712.0,10961.0,713.1599752693369,10959.639946043519,0.12803269922733307,1,1.4528960706900933,1.1436894516163707,199,control
5112,706.0,10986.0,706.019942981639,10985.079988028694,0.1788587123155594,1,0.6873146756532983,0.6062890075308198,199,control
5113,744.0,11187.0,743.7300055565242,11186.690031631035,0.16096627712249756,1,0.4784815421849004,0.7116629732079256,203,control
5114,681.0,11171.0,682.3600673685394,11170.46983060008,0.12559843063354492,1,1.184613001695689,0.502050647920236,203,control
5115,687.0,11213.0,688.3500344273823,11212.30994402592,0.18317043781280518,1,1.2224072696369905,0.3378379856300343,203,check
5116,806.0,11110.0,806.0400445887825,11110.269986554526,0.12106238305568695,1,0.5536671926807525,0.8930855242376488,203,check
5117,697.0,11084.0,696.0,11079.0,0.114738829433918,0,4.891340081319731,,203,control
5118,759.0,11166.0,760.0,11165.0,0.13566583395004272,1,1.0857842523748005,,203,control
5119,726.0,11207.0,728.1799903785167,11205.920052543048,0.16721704602241516,1,2.1380523674324077,0.5827016853528112,203,control
5120,692.0,11111.0,693.750155118477,11111.079858875317,0.10887894779443741,1,1.5794160649047302,1.0365708101050315,203,check
5121,679.0,11155.0,676.0,11151.0,0.12507480382919312,0,4.925847335082494,,203,control
5122,789.0,11261.0,789.8800194495916,11259.060041948247,0.10953302681446075,1,1.8121268177922694,0.6897483444687883,203,control
5123,754.0,11223.0,754.3200215392218,11222.430008706764,0.13426774740219116,1,0.331209193711641,0.46448956136020114,203,control
5124,686.0,11077.0,687.0699461851372,11076.13998912303,0.1004391461610794,1,1.049316319810438,0.5624041030058367,203,control
5125,689.0,11252.0,692.0,11252.0,0.18402118980884552,1,2.8077452704505315,,203,control
5126,756.0,11214.0,757.089956560947,11213.21008784791,0.10057371854782104,1,1.031717366115678,0.6593192005459476,203,control
5127,722.0,11198.0,726.2798422739538,11202.469967642406,0.13251353800296783,0,6.242853492960914,1.9900719047986812,203,control
5128,693.0,11283.0,693.9900976230692,11282.41991113299,0.11434895545244217,1,0.8486553133957515,0.44808112175126485,203,check
5129,749.0,11283.0,750.459993306562,11282.590034014582,0.10191790759563446,1,1.2654817741456184,1.5130294148318675,203,control
5130,746.0,11200.0,746.9000227261897,11199.529962313725,0.14196078479290009,1,0.7257256548431772,0.22598978187246738,203,control
5131,778.0,11271.0,781.6399349989887,11270.350006589817,0.101004458963871,0,3.458468969038471,1.0840441950432527,203,check
5132,710.0,11183.0,711.6000075623748,11182.349962411698,0.2612973749637604,1,1.4474131688883771,0.6160658554128875,203,control
5133,749.0,11274.0,750.4001715743991,11273.670081775583,0.11174806207418442,1,1.198551889974284,0.5849295626027067,203,control
5134,705.0,11112.0,706.290019358336,11111.739924275695,0.12985973060131073,1,1.0822316372998897,0.7084871019724266,203,control
5135,826.0,11129.0,828.1800656633234,11127.689842802123,0.11645744740962982,1,2.236445927786321,1.0698225436389475,203,control
5136,797.0,11232.0,797.579985634467,11231.409928061687,0.12182159721851349,1,0.5009625556934165,0.39668915723458553,203,control
5137,691.0,11163.0,691.6500520705814,11162.599948000383,0.18767260015010834,1,0.4648200131349874,0.34964909223312624,203,control
5138,762.0,11308.0,690.0,11599.0,0.05253605917096138,0,300.07668227294226,,207,control
5139,799.0,11429.0,714.8898983850715,11490.600092312236,0.058983609080314636,0,104.56950469488214,3.6760526583518405,207,control
5140,734.0,11320.0,734.9799717041612,11319.42003853995,0.06529323756694794,1,0.8405331719136131,0.3634401708698299,207,control
5141,668.0,11378.0,631.8602676076216,11584.890034472406,0.05553927272558212,0,210.3164314942215,1.8450336098616653,207,control
5142,700.0,11377.0,655.0900875759704,11461.809886295501,0.06850174814462662,0,96.29226213271026,2.0229909790673903,207,check
5143,763.0,11346.0,703.0,11553.0,0.06770777702331543,0,215.82670375104587,,207,check
5144,838.0,11343.0,827.6400247643885,11385.690070681758,0.054520413279533386,0,44.22763202574332,0.7517882686890193,207,control
5145,693.0,11309.0,693.9500604724394,11308.47993679577,0.05043170228600502,1,0.7906049208365816,0.6282991766094908,207,control
5146,748.0,11442.0,738.3601785451168,11498.330263257907,0.06103135645389557,0,57.43985703564935,3.407286471069588,207,check
5147,731.0,11487.0,784.0,11583.0,0.07190830260515213,0,109.7918465647614,,207,control
5148,852.0,11503.0,821.0,11608.0,0.06731347739696503,0,109.78452430023518,,207,control
5149,744.0,11295.0,745.2500586745908,11294.549992187354,0.10244893282651901,1,1.0639914990289434,0.8069943682133414,207,control
5150,851.0,11431.0,840.1101002057659,11420.979988722596,0.06262519210577011,0,14.774181905472396,3.1457472912975657,207,check
5151,851.0,11431.0,848.0,11490.0,0.10351548343896866,0,59.34433982657809,,207,check
5152,759.0,11329.0,784.0,11179.0,0.05071883648633957,0,151.7802747374546,,207,control
5153,829.0,11472.0,830.6998752924827,11471.959820170392,0.06513559818267822,1,1.5171103614758756,0.9711176872114095,207,control
5154,808.0,11479.0,807.8599990994737,11478.190010189786,0.056922100484371185,1,0.646615937401174,0.33555691849523056,207,control
5155,840.0,11482.0,812.0,11589.0,0.05729551985859871,0,110.90341440599445,,207,control
5156,704.0,11463.0,690.0,11576.0,0.059218630194664,0,114.14851391530009,,207,check
5157,827.0,11361.0,808.0,11478.0,0.05456700176000595,0,118.8203014782408,,207,control
5158,836.0,11408.0,833.0,11401.0,0.05849312245845795,0,7.462859489456719,,207,check
5159,716.0,11423.0,685.0,11527.0,0.052608672529459,0,108.82972173075544,,207,control
5160,697.0,11292.0,604.0,11511.0,0.05283736065030098,0,238.24925087887692,,207,control
5161,818.0,11345.0,646.880099466082,11523.610173376828,0.06117616221308708,0,247.68017099975268,4.258717746072903,207,control
5162,772.0,11456.0,776.0,11545.0,0.05026081204414368,0,89.34104092407826,,207,control
5163,816.0,11309.0,816.8399988098281,11308.210011381025,0.09939225763082504,1,0.8301022362089819,0.45955765017263267,207,control
5164,804.0,11306.0,805.9199122315977,11304.879945856117,0.06861958652734756,1,1.9212225863194008,0.6043511714345811,207,control
5165,750.0,11418.0,701.0,11539.0,0.050183430314064026,0,130.86184853473705,,207,control
5166,688.0,11431.0,646.0,11591.0,0.05685219541192055,0,165.72533213426033,,207,control
5167,837.0,11442.0,828.0,11438.0,0.07360085099935532,0,9.931176849062119,,207,control
5168,842.0,11451.0,828.0,11438.0,0.09066599607467651,0,19.07801977205602,,207,control
5169,768.0,11494.0,700.0,11592.0,0.050458427518606186,0,119.60829561509192,,207,control
5170,847.0,11419.0,809.0,11464.0,0.0692942664027214,0,59.224352290527996,,207,control
5171,855.0,11461.0,853.0,11452.0,0.08215641975402832,0,9.014468688413945,,207,control
5172,831.0,11349.0,685.0,11527.0,0.06578317284584045,0,230.54542914668946,,207,control
5173,774.0,11568.0,685.0,11527.0,0.06637822091579437,0,98.06019839656591,,211,control
5174,761.0,11534.0,647.1299840762097,11518.079963009453,0.05012275278568268,0,115.13761968339053,1.7433408675206896,211,control
5175,845.0,11512.0,828.0,11568.0,0.0641443282365799,0,58.82831743895224,,211,control
5176,814.0,11604.0,812.0,11589.0,0.05078615993261337,0,14.903301241363451,,211,control
5177,816.0,11711.0,817.0,11822.0,0.07753816246986389,0,111.26300712495849,,211,control
5178,824.0,11589.0,824.0,11516.0,0.06361890584230423,0,72.74148258069086,,211,control
5179,669.0,11541.0,665.0,11519.0,0.07986197620630264,0,22.13898077287902,,211,check
5180,819.0,11574.0,813.0,11575.0,0.05263936147093773,0,6.322769203817538,,211,control
5181,667.0,11567.0,664.0,11579.0,0.05408061295747757,0,12.672686503856813,,211,control
5182,667.0,11567.0,685.0,11527.0,0.05683128535747528,0,43.54322165959369,,211,control
5183,734.0,11540.0,654.0,11524.0,0.061040040105581284,0,81.7273537118796,,211,control
5184,831.0,11529.0,812.0,11589.0,0.10193312913179398,0,63.24290880936891,,211,control
5185,716.0,11582.0,568.1698341443447,11618.289963457806,0.06568682938814163,0,152.4730083799351,1.773802406586146,211,control
5186,715.0,11708.0,654.0,11487.0,0.08769325911998749,0,229.06373427632607,,211,check
5187,827.0,11539.0,826.6900650467937,11538.109965980078,0.07805486023426056,1,0.8095617664997372,0.5865600836290219,211,check
5188,758.0,11593.0,698.0,11678.0,0.09818356484174728,0,104.36954592799879,,211,control
5189,832.0,11564.0,828.0,11568.0,0.06830070167779922,0,5.978817277621065,,211,control
5190,820.0,11623.0,842.0,11471.0,0.05120673403143883,0,153.29997593359576,,211,control
5191,830.0,11575.0,828.0,11568.0,0.06419984996318817,0,7.089861117489541,,211,control
5192,800.0,11718.0,774.0,11717.0,0.05466726794838905,0,26.2032067562258,,211,check
5193,821.0,11611.0,839.0,11481.0,0.056779175996780396,0,130.957286732231,,211,check
5194,768.0,11678.0,608.8602749339179,11491.92987980717,0.05493796989321709,0,244.77074828588727,2.5795856261483063,211,control
5195,790.0,11591.0,627.0,11581.0,0.060817573219537735,0,163.48679217273644,,211,control
5196,796.0,11620.0,702.0,11703.0,0.053775519132614136,0,125.71803998810991,,211,control
5197,820.0,11686.0,817.0,11622.0,0.05812526494264603,0,63.8206830548362,,211,control
5198,770.0,11592.0,730.0,11680.0,0.05789277330040932,0,96.98281791467582,,211,control
5199,828.0,11877.0,812.0,11738.0,0.07505173981189728,0,139.68180383340064,,215,control
5200,715.0,11836.0,820.0,11895.0,0.06481717526912689,0,120.40463608800952,,215,control
5201,691.0,11869.0,753.0,11881.0,0.07611919939517975,0,63.01563900734816,,215,control
5202,691.0,11869.0,768.0,11852.0,0.07398732006549835,0,78.61319402944277,,215,control
5203,700.0,11766.0,706.0,11664.0,0.05051518604159355,0,101.90331865419076,,215,control
5204,752.0,11797.0,657.0,11672.0,0.07434151321649551,0,156.91133725901759,,215,control
5205,668.0,11761.0,794.0,11690.0,0.06820672750473022,0,144.33099838362722,,215,control
5206,810.0,11801.0,648.0,11792.0,0.05071012303233147,0,162.42649644735042,,215,check
5207,818.0,11854.0,819.0699797695233,11852.630044286012,0.05695877969264984,1,1.416801467138428,0.8410850075948902,215,control
5208,710.0,11760.0,699.0,11815.0,0.08155170828104019,0,56.384575124067624,,215,control
5209,773.0,11834.0,667.0,11873.0,0.0642148032784462,0,113.21587034032623,,215,control
5210,692.0,11791.0,797.0,11825.0,0.057471875101327896,0,110.26744632582644,,215,control
5211,825.0,11844.0,813.0,11702.0,0.07484857738018036,0,142.26375175209958,,215,control
5212,666.0,11869.0,743.0,11867.0,0.07266590744256973,0,76.83043167301759,,215,control
5213,666.0,11869.0,667.0,11873.0,0.05987171828746796,0,4.3402777010370555,,215,control
5214,811.0,11891.0,795.0,11756.0,0.05090184137225151,0,135.70904117251425,,215,check
5215,690.0,11857.0,768.0,11852.0,0.06133231520652771,0,77.95465331521704,,215,control
5216,701.0,11872.0,775.0,11804.0,0.05034535378217697,0,100.18178334401013,,215,control
5217,667.0,11882.0,727.0,11648.0,0.08831606805324554,0,241.26812673700408,,215,control
5218,810.0,11836.0,790.0,11868.0,0.05639724060893059,0,38.057347778200345,,215,control
5219,698.0,11859.0,768.0,11852.0,0.05114401876926422,0,70.13497405876824,,215,control
5220,808.0,11771.0,823.0802747373548,11902.13019454507,0.058133434504270554,0,132.23166431303173,3.2894078735843966,215,control
5221,813.0,11732.0,802.8497405326673,11747.590086418906,0.10449600964784622,0,18.92591751481347,1.5106521642430013,215,control
5222,810.0,11749.0,793.2700473002822,11723.369888488445,0.0802573710680008,0,30.495890863554106,1.8646823241350359,215,check
5223,714.0,11825.0,828.0,11878.0,0.05939305201172829,0,125.65687176526345,,215,control
5224,817.0,11774.0,820.0,11895.0,0.09400785714387894,0,121.29284324827043,,215,check
5225,810.0,11740.0,820.0,11895.0,0.15360723435878754,0,155.5699682132688,,215,check
5226,831.0,11902.0,817.0,11759.0,0.05060642212629318,0,143.44391571160875,,215,control
5227,822.0,11899.0,792.0,11769.0,0.054612837731838226,0,133.2061063078303,,215,control
5228,818.0,11739.0,820.0,11895.0,0.09441877901554108,0,156.27075154006616,,215,control
5229,723.0,11760.0,728.0,11821.0,0.05551439896225929,0,61.45073362401056,,215,check
