id,src_x,src_y,ref_x,ref_y,score,is_inlier,residual_px,sigma_px,grid_cell,role
0,136.0,106.0,278.0,178.0,0.06991991400718689,0,160.03257877359846,,0,control
1,168.0,103.0,285.0,134.0,0.054251763969659805,0,121.90077369776704,,0,control
2,51.0,65.0,172.0,295.0,0.05109220743179321,0,260.3857547885881,,0,check
3,154.0,212.0,297.0,239.0,0.06012818217277527,0,146.3874663016488,,0,control
4,191.0,122.0,154.0,194.0,0.0508899912238121,0,80.66146485980606,,0,control
5,215.0,35.0,66.0,205.0,0.07343019545078278,0,225.56051749267573,,0,control
6,172.0,33.0,238.0,133.0,0.06427934765815735,0,120.40193702981851,,0,control
7,60.0,179.0,202.0,160.0,0.05106654018163681,0,144.10945177458788,,0,check
8,148.0,51.0,247.0,158.0,0.05927594006061554,0,146.45313678610205,,0,control
9,108.0,166.0,140.65715634717694,329.06234458719166,0.053538717329502106,0,166.57300419622112,0.5920701145131997,0,control
10,183.0,72.0,251.0,195.0,0.06538183987140656,0,141.07009394385702,,0,check
11,40.0,190.0,113.0,286.0,0.0828520804643631,0,121.21783942021031,,0,control
12,98.0,163.0,180.88761172998622,237.43550023804096,0.053314369171857834,0,112.12768924753446,1.8279283403993833,0,control
13,82.0,100.0,299.0,189.0,0.05205884575843811,0,235.38058216913709,,0,control
14,63.0,116.0,318.6101846710803,230.91182450906098,0.06870158761739731,0,281.0779794151922,1.7722256660279,0,control
15,100.0,61.0,70.54278737627742,214.5566999655077,0.06157800927758217,0,156.30407739429572,1.4999117891153149,0,check
16,100.0,61.0,227.0,189.0,0.0727480947971344,0,181.00918610892964,,0,control
17,35.0,98.0,123.20135083803599,220.10067603438253,0.052825212478637695,0,151.2320780340232,2.8375292954074522,0,control
18,83.0,172.0,127.0,295.0,0.0518515445291996,0,131.02846474319045,,0,control
19,192.0,109.0,104.26083723398294,298.79540281904883,0.06748058646917343,0,208.82350943306417,1.024879509147104,0,check
20,104.0,186.0,103.0,304.0,0.05679727718234062,0,118.10356057739556,,0,control
21,36.0,116.0,114.0,181.0,0.0554213784635067,0,102.28459469383135,,0,control
22,36.0,116.0,262.0,196.0,0.06005779281258583,0,240.59248573457958,,0,control
23,209.0,80.0,155.0,237.0,0.07765515893697739,0,165.85327290731487,,0,control
24,195.0,69.0,249.0,83.0,0.06594103574752808,0,56.656535970647184,,0,control
25,184.0,113.0,165.0,186.0,0.05727856606245041,0,75.33361075906276,,0,control
26,52.0,109.0,280.1008270877652,28.030514699498205,0.06263596564531326,0,242.8115305104824,0.9009504877376239,0,control
27,160.0,153.0,160.34407451237163,226.5647479535474,0.06138673052191734,0,73.68954871111809,2.328410876029616,0,control
28,43.0,162.0,215.94184686152187,249.38415155759964,0.05036797747015953,0,194.5869788971398,1.860137972682488,0,check
29,20.0,171.0,24.0,163.0,0.06468620151281357,0,9.275506498555346,,0,control
30,429.0,175.0,421.1771054421678,169.13987119376017,0.06991610676050186,0,9.0315523724508,3.33847122087787,1,control
31,429.0,187.0,421.90387424817135,188.06667003428103,0.07211903482675552,0,6.368757080841301,3.886423178218299,1,control
32,281.0,124.0,130.679129679489,174.2603362620147,0.07122219353914261,0,157.70845680744355,0.8636405728292421,1,control
33,343.0,197.0,464.0,291.0,0.06212602183222771,0,153.95171620459487,,1,check
34,361.0,38.0,358.0,235.0,0.05346048250794411,0,197.13240699308275,,1,control
35,232.0,212.0,231.78098509837727,211.21773205451478,0.0673942044377327,1,0.9240733260656117,1.8234743119871772,1,control
36,241.0,126.0,537.0,137.0,0.05834570527076721,0,297.0373849677465,,1,control
37,342.0,189.0,298.0,139.0,0.06476516276597977,0,65.94176957578688,,1,control
38,359.0,31.0,238.05440632908628,30.99108388559801,0.07796980440616608,0,120.07760460016529,1.7332522342486414,1,control
39,255.0,148.0,257.3483962401052,149.25096296988713,0.0828573927283287,0,3.493466778176642,1.4187018908158904,1,check
40,255.0,30.0,109.0,188.0,0.058800313621759415,0,214.6195489448754,,1,control
41,320.0,123.0,382.0,32.0,0.05456430837512016,0,110.47483399638146,,1,control
42,320.0,123.0,426.0974669795823,317.2656697558191,0.05041965842247009,0,221.8508105384562,1.9963486466918081,1,control
43,339.0,99.0,213.27405408282831,134.6949402116717,0.05275657773017883,0,129.89575390925802,1.746982490763244,1,control
44,228.0,135.0,416.0,263.0,0.06119846552610397,0,228.1985535621801,,1,control
45,285.0,152.0,280.0,158.0,0.07532677054405212,0,7.395505233909315,,1,control
46,293.0,81.0,526.2967594815166,220.07891026396013,0.0537194162607193,0,272.3830303927115,1.6110973399025592,1,check
47,262.0,32.0,132.0,195.0,0.05596517398953438,0,208.03987448228958,,1,control
48,357.0,191.0,309.0,64.0,0.05754140019416809,0,135.33632891934272,,1,check
49,357.0,191.0,415.6039615776977,321.9180535258323,0.08708909153938293,0,143.88228505389014,2.1078782913113945,1,control
50,381.0,133.0,295.21162664832485,31.176298159592744,0.08931881189346313,0,132.48246120857408,0.8049459824137658,1,control
51,284.0,213.0,383.0,144.0,0.05417931452393532,0,121.29347965874108,,1,control
52,267.0,215.0,258.0,219.0,0.06892002373933792,0,9.123631304106581,,1,control
53,396.0,64.0,397.0,67.0,0.05360497161746025,0,3.645183099378864,,1,control
54,321.0,140.0,161.0,35.0,0.051492348313331604,0,190.5679627826784,,1,control
55,392.0,118.0,393.0,118.0,0.07118652015924454,1,1.851420804439325,,1,check
56,382.0,94.0,395.0,89.0,0.05451211333274841,0,14.675473121382659,,1,check
57,219.0,211.0,202.0,160.0,0.06150134280323982,0,53.3721655649705,,1,control
58,241.0,51.0,238.57509853487292,53.66479813540074,0.052856843918561935,0,3.2068099547637097,1.3176524342039941,1,control
59,338.0,81.0,345.99488468177486,209.23750812677025,0.05586925521492958,0,128.66512861204671,2.479346507043031,1,control
60,404.0,128.0,510.0,259.0,0.0511149987578392,0,169.13119518012107,,1,control
61,404.0,128.0,399.0,130.0,0.0652042031288147,0,4.67102847156542,,1,control
62,253.0,194.0,131.0,229.0,0.06653463840484619,0,126.11286371925125,,1,control
63,280.0,196.0,534.0,234.0,0.0685780793428421,0,257.6619340945797,,1,control
64,388.0,174.0,384.0,288.0,0.06007349491119385,0,114.15888144605039,,1,control
65,325.0,40.0,193.0,191.0,0.07680690288543701,0,200.08232773417282,,1,check
66,364.0,169.0,534.0,84.0,0.05965953692793846,0,190.74460818928677,,1,control
67,565.0,148.0,412.0,217.0,0.05063583329319954,0,167.1247252100798,,2,check
68,446.0,166.0,575.2767272067365,307.2387692413119,0.07122120261192322,0,192.11140301388062,3.3184190238471247,2,control
69,505.0,172.0,371.7879644353982,144.6822693193037,0.0740642175078392,0,135.12694456471,1.6584426345373173,2,check
70,631.0,49.0,603.0,115.0,0.05064847320318222,0,71.50981716811823,,2,control
71,515.0,133.0,512.0,149.0,0.05112111195921898,0,16.281443210022875,,2,check
72,437.0,202.0,357.50906717328377,236.90659873181133,0.06907135248184204,0,86.09197716868749,2.8290129388156,2,control
73,565.0,194.0,576.0,193.0,0.0912008062005043,0,11.853566287464519,,2,control
74,634.0,92.0,341.0,158.0,0.056348443031311035,0,299.5395775181157,,2,control
75,490.0,185.0,563.0,104.0,0.05065355449914932,0,109.49028923374055,,2,control
76,491.0,214.0,668.0,246.0,0.05045878887176514,0,180.68858074744085,,2,control
77,480.0,26.0,745.0,147.0,0.06283042579889297,0,292.1084314689098,,2,control
78,612.0,175.0,578.8277091988825,231.0369277535168,0.06565418094396591,0,64.8170338350975,3.9659817502247554,2,control
79,618.0,54.0,653.5306529508447,165.29803530794052,0.051937852054834366,0,117.21422042408086,2.4455073336492643,2,control
80,471.0,127.0,348.4548875262549,49.04460427462392,0.06390859186649323,0,144.44205807509746,1.868374199211308,2,control
81,650.0,194.0,483.0,236.0,0.056916993111371994,0,171.42482489096574,,2,control
82,526.0,188.0,461.3076582501295,268.9143309725678,0.05370095372200012,0,103.17270772051866,3.3627808105437116,2,control
83,604.0,91.0,623.9647293878863,201.5384765802836,0.05897175520658493,0,112.60642094175174,2.2529947497890364,2,control
84,497.0,39.0,544.0,277.0,0.06374286115169525,0,242.87678691251367,,2,control
85,503.0,60.0,733.6330541331687,285.6060021808908,0.05208411067724228,0,323.29054989648125,1.5335996883364604,2,control
86,517.0,189.0,581.2235115159837,146.36569536300564,0.06287115812301636,0,77.69731747857536,1.5702754856145043,2,control
87,615.0,203.0,690.0,241.0,0.05421574041247368,0,84.8565250831795,,2,control
88,507.0,190.0,384.0,288.0,0.053315095603466034,0,156.68204747979,,2,check
89,779.0,143.0,746.0,197.0,0.052463967353105545,0,62.99012608383328,,3,control
90,687.0,98.0,582.0,75.0,0.05339112877845764,0,106.65184262420799,,3,check
91,804.0,89.0,679.7317520876593,194.56522252257741,0.053102802485227585,0,162.52691933672028,1.020656234498302,3,check
92,773.0,200.0,573.0,108.0,0.06252691149711609,0,219.3359540934875,,3,control
93,758.0,206.0,576.0,94.0,0.053139686584472656,0,212.92201860986728,,3,control
94,672.0,121.0,634.0,97.0,0.0601026825606823,0,44.175336669058545,,3,control
95,812.0,197.0,813.0,56.0,0.07697886228561401,0,140.85351827710642,,3,control
96,741.0,113.0,737.1977741934321,105.63086146041526,0.07955563813447952,0,7.816998631570002,3.3363610767795353,3,control
97,735.0,127.0,743.483285238104,193.5731806792375,0.05499060079455376,0,67.35523980097997,1.8817188890659908,3,control
98,711.0,166.0,696.0,154.0,0.055114276707172394,0,18.493245044278943,,3,control
99,757.0,113.0,759.0,112.0,0.05471649020910263,1,2.9289152649005628,,3,control
100,753.0,70.0,758.0,74.0,0.08004598319530487,0,7.137397960119105,,3,control
101,109.0,393.0,111.82504219514355,395.0141765802719,0.0500631108880043,0,4.254082236170285,0.8939353426042456,4,control
102,63.0,364.0,75.0,208.0,0.060618553310632706,0,156.41726701128215,,4,control
103,41.0,228.0,134.0,313.0,0.05070018768310547,0,126.70565797165673,,4,control
104,41.0,228.0,278.9808525062502,376.9169901156183,0.05965108424425125,0,281.5084896170462,1.9854590125643856,4,control
105,149.0,330.0,165.0,186.0,0.053551819175481796,0,144.8659760320608,,4,control
106,121.0,369.0,124.9452828400712,534.9839078199125,0.059732455760240555,0,166.13004814731337,0.8641296716302285,4,control
107,46.0,378.0,284.291555297801,260.3165824916715,0.05562775209546089,0,266.48297643967544,2.1473899877345852,4,control
108,154.0,275.0,299.1218254734658,137.9373901248263,0.10165677219629288,0,200.15066614584845,2.3294394208910947,4,control
109,35.0,353.0,283.0,438.0,0.05234435573220253,0,262.99527496726915,,4,control
110,141.0,430.0,265.9243528273161,382.1570790660508,0.064037024974823,0,134.53337074994676,2.6243807623193702,4,control
111,146.0,273.0,143.7928184625479,271.705093480756,0.09178174287080765,1,1.7866725961320626,0.8616477072474048,4,control
112,43.0,242.0,137.34202555687378,346.50682724548494,0.09634818881750107,0,141.44849668028098,0.6795451575070761,4,control
113,130.0,232.0,121.0,330.0,0.06084052100777626,0,98.43715900813042,,4,control
114,215.0,370.0,138.00869577186614,519.0427201295734,0.055979009717702866,0,167.4298420915489,0.28316388656076374,4,control
115,149.0,391.0,145.99953053295405,390.4994480986432,0.06735385954380035,1,2.1721159537620056,1.2713567627573312,4,control
116,100.0,370.0,163.0,304.0,0.05187806859612465,0,91.76678963076313,,4,control
117,71.0,426.0,205.80780107153973,521.1023330212748,0.07425235211849213,0,165.7233650080949,0.7324437984898893,4,control
118,112.0,425.0,339.0254039468869,155.27283517342053,0.057700224220752716,0,353.002552750317,1.8047626075670133,4,control
119,192.0,266.0,192.0,268.0,0.07131431996822357,1,2.2814011565816803,,4,check
120,71.0,308.0,134.79138530172446,469.68833873883085,0.09613006561994553,0,174.21535910831258,0.33133779525084023,4,control
121,118.0,266.0,246.0,489.0,0.05710756406188011,0,257.62395089119286,,4,check
122,194.0,409.0,298.0,139.0,0.06187501922249794,0,289.5250946376495,,4,control
123,25.0,405.0,50.0,135.0,0.05791884660720825,0,271.11676226388545,,4,control
124,73.0,332.0,177.0,162.0,0.07620049268007278,0,199.6397927063875,,4,check
125,104.0,220.0,168.0,195.0,0.060404691845178604,0,69.47869828748877,,4,control
126,141.0,225.0,147.0,460.0,0.07805868983268738,0,235.18647207812447,,4,control
127,168.0,408.0,163.0,412.0,0.07964446395635605,0,5.818700316008109,,4,control
128,95.0,340.0,180.71194544350166,287.91929190043805,0.05721660330891609,0,100.97966865925379,0.5373114563935125,4,control
129,30.0,256.0,174.71961020314885,270.41069397820337,0.06177927553653717,0,146.30930909523528,0.6941014457088124,4,control
130,30.0,256.0,234.28072769643478,447.6596696976178,0.08343993127346039,0,280.79977414709657,0.6556668445669948,4,check
131,60.0,295.0,159.35033977114836,363.99896393737697,0.05218718573451042,0,121.72808894178908,0.7169686426067827,4,check
132,151.0,249.0,318.6161729929802,539.4156238121069,0.06442365795373917,0,335.80798702349176,2.0220279449144316,4,control
133,137.0,372.0,75.0,381.0,0.05210831016302109,0,61.797200320194335,,4,control
134,88.0,363.0,180.0,231.0,0.051979806274175644,0,161.3014270667495,,4,control
135,200.0,430.0,107.0,558.0,0.089178167283535,0,157.77037918079057,,4,check
136,114.0,249.0,193.0,357.0,0.06608287990093231,0,134.40099430237905,,4,check
137,303.0,428.0,276.6213227694686,480.248905272619,0.07012701034545898,0,58.23241222548226,1.3567891306000144,5,control
138,297.0,278.0,516.0,313.0,0.06647054851055145,0,222.61213373206178,,5,check
139,297.0,278.0,353.0,519.0,0.06293696910142899,0,247.69559734981559,,5,control
140,339.0,370.0,123.0,570.0,0.057554539293050766,0,293.790339852147,,5,check
141,223.0,317.0,101.9520939502201,424.7284215932948,0.10123611241579056,0,161.45321633239584,0.7926036967600045,5,control
142,409.0,406.0,177.8580351441803,367.2927799259127,0.08142249286174774,0,233.4925196286052,1.3754780249088192,5,control
143,278.0,347.0,278.0,380.0,0.05838245153427124,0,33.111387629633484,,5,control
144,278.0,347.0,516.0,313.0,0.05119852349162102,0,241.21648688590807,,5,control
145,311.0,294.0,479.0,328.0,0.05101035535335541,0,172.2408358601521,,5,control
146,307.0,280.0,369.90193991814857,519.4083950076758,0.05062052980065346,0,247.83144037898134,0.6079229477229853,5,check
147,406.0,415.0,246.0,515.0,0.05117177590727806,0,188.00335569322385,,5,control
148,435.0,247.0,425.0,365.0,0.05155704542994499,0,118.46249788467485,,5,control
149,231.0,386.0,423.0,205.0,0.053770069032907486,0,264.39063519981045,,5,control
150,392.0,273.0,435.58735297110553,174.59783077242136,0.05607647821307182,0,107.8472678846443,2.5113455613196134,5,control
151,409.0,374.0,457.0,250.0,0.05174733325839043,0,133.1557841277455,,5,control
152,250.0,340.0,141.99516891640704,178.57318233708605,0.06478070467710495,0,193.64098310186534,1.9825353871950717,5,control
153,429.0,328.0,447.0,267.0,0.055580347776412964,0,63.72703918848122,,5,control
154,259.0,237.0,132.11197674450347,380.2574936674522,0.05976257473230362,0,190.868852823945,0.3700220076341495,5,control
155,227.0,307.0,222.4852342399212,434.13557338593773,0.0803821012377739,0,127.2801877666797,0.4723311558083707,5,control
156,314.0,398.0,439.0,513.0,0.07663768529891968,0,170.52331320924168,,5,control
157,269.0,300.0,146.0,475.0,0.0847822055220604,0,213.47562428456547,,5,check
158,345.0,276.0,231.0,135.0,0.052226390689611435,0,180.67737365793008,,5,check
159,279.0,233.0,147.0,275.0,0.06428132951259613,0,137.72460569096302,,5,control
160,377.0,324.0,376.9577913977447,319.9071999819049,0.06051767244935036,0,4.061096534448164,3.867942788478994,5,control
161,364.0,431.0,483.0,378.0,0.0612366609275341,0,130.9808859885884,,5,control
162,234.0,277.0,231.0,277.0,0.06550410389900208,1,2.1425273606501127,,5,control
163,236.0,334.0,378.0,359.0,0.051962628960609436,0,145.02950303901463,,5,control
164,290.0,295.0,545.0,142.0,0.06360133737325668,0,298.0173126224923,,5,control
165,224.0,294.0,384.0,431.0,0.052371781319379807,0,211.33926235801397,,5,control
166,633.0,342.0,649.3093549241114,242.90283019744194,0.051301974803209305,0,100.437309469161,2.1775023113055183,6,control
167,606.0,377.0,747.8543366519903,486.9668849989047,0.06658665090799332,0,180.17566052576407,2.033774835346496,6,check
168,475.0,308.0,734.0,512.0,0.05135972425341606,0,330.3766826575659,,6,control
169,478.0,367.0,360.9923194783138,534.7484185580821,0.07903166860342026,0,204.11731573124837,2.0370081069670896,6,control
170,507.0,309.0,369.0,519.0,0.0603862889111042,0,250.89967242843724,,6,control
171,516.0,232.0,407.0,325.0,0.06742583960294724,0,142.71956386735647,,6,control
172,624.0,291.0,762.1200193691584,162.18935016937078,0.05448608845472336,0,189.35199084999724,0.36882395875433044,6,control
173,643.0,404.0,423.0,219.0,0.07689045369625092,0,286.723276864564,,6,control
174,568.0,381.0,419.0,319.0,0.07530060410499573,0,160.56935623366752,,6,control
175,639.0,378.0,433.0,168.0,0.05920877680182457,0,293.48857764571267,,6,control
176,629.0,218.0,449.0,347.0,0.06074200198054314,0,220.8410034754837,,6,control
177,442.0,277.0,545.7503944414079,122.61727981299939,0.052335210144519806,0,186.35244334933205,1.7539253153059295,6,check
178,621.0,311.0,603.0,115.0,0.05757400766015053,0,196.60835985954714,,6,control
179,572.0,267.0,752.0,156.0,0.05868187174201012,0,212.0812273865748,,6,control
180,560.0,343.0,432.0,272.0,0.08065198361873627,0,145.5841083923609,,6,control
181,499.0,244.0,498.0,244.0,0.06162302941083908,1,0.21112935189184534,,6,control
182,462.0,379.0,387.0,549.0,0.05006566643714905,0,185.55164206463138,,6,control
183,628.0,429.0,350.0148699865168,523.7081282210813,0.06047903373837471,0,292.9107067395558,1.897198001604361,6,check
184,551.0,255.0,617.0,169.0,0.050163671374320984,0,108.79782738782616,,6,check
185,437.0,380.0,572.0,420.0,0.050608012825250626,0,141.6122828604176,,6,control
186,647.0,356.0,673.9946064481513,137.19374084178367,0.05386049672961235,0,220.4238288097085,4.408170936961834,6,control
187,558.0,362.0,506.0,393.0,0.06880242377519608,0,59.88897034616425,,6,control
188,653.0,327.0,748.0,473.0,0.052795153111219406,0,174.70789808811188,,6,control
189,643.0,312.0,645.0,463.0,0.07336212694644928,0,151.12924807921263,,6,control
190,437.0,392.0,545.0,142.0,0.0657910406589508,0,272.533025175546,,6,check
191,571.0,237.0,525.4905536325883,418.3181907382591,0.05125986039638519,0,186.8456922766054,1.5699309382691502,6,control
192,578.0,281.0,579.5946957953862,475.3276762594207,0.07857999205589294,0,194.44204285005156,2.693890879782265,6,control
193,446.0,305.0,546.0,179.0,0.05389980971813202,0,161.27039779278715,,6,control
194,793.0,384.0,590.2041476439449,110.97404654197558,0.06455841660499573,0,339.4964104611209,2.0662912583792727,7,control
195,769.0,388.0,699.9465699668415,252.1762675119374,0.06402242183685303,0,151.88984810063667,1.9727752964044414,7,control
196,802.0,222.0,819.0,471.0,0.05010779947042465,0,249.74224298525846,,7,control
197,780.0,225.0,604.0,157.0,0.05143559351563454,0,187.86512122247706,,7,control
198,790.0,270.0,613.726820332162,136.11201382507326,0.05524604767560959,0,220.61780735937688,2.194093276443204,7,control
199,790.0,270.0,702.4904512208168,115.56145903568746,0.05506586655974388,0,176.9825361745861,1.116755557094073,7,control
200,655.0,423.0,731.0,276.0,0.06278228014707565,0,165.73917740796475,,7,control
201,668.0,420.0,786.4078704337849,449.6654835724304,0.056769803166389465,0,122.85818773960268,1.4023323117942919,7,control
202,684.0,287.0,792.0,319.0,0.06823833286762238,0,113.43566139074876,,7,control
203,799.0,356.0,581.675781356809,114.96285162162368,0.05338915064930916,0,323.8865103758425,3.1816135147428533,7,control
204,767.0,406.0,744.8471769466727,485.32185754878196,0.07618869096040726,0,82.24828586759936,0.8060334845085628,7,control
205,803.0,410.0,782.7555965350001,250.5157356579948,0.10354603826999664,0,160.53327326349122,1.3166154045777803,7,check
206,753.0,387.0,755.0,484.0,0.05281616747379303,0,97.14460988927664,,7,check
207,750.0,303.0,777.7888747804398,476.82922818723955,0.07390090823173523,0,176.26726905790923,1.1224990839873341,7,control
208,722.0,406.0,653.0,255.0,0.051679570227861404,0,165.5657827465401,,7,control
209,746.0,376.0,748.0,473.0,0.06735455989837646,0,97.14572267846935,,7,control
210,815.0,402.0,737.0,464.0,0.05733724310994148,0,99.08633745225656,,7,control
211,696.0,315.0,682.0913997818437,133.52601988927748,0.05290752649307251,0,181.8022809086351,1.6278709210603781,7,check
212,743.0,392.0,577.0,123.0,0.05083198472857475,0,315.54372474430215,,7,control
213,732.0,351.0,573.7493663354174,358.7703646379041,0.05715998262166977,0,157.6315543087892,1.2920276753369595,7,control
214,786.0,397.0,683.5310168917554,196.3386069724238,0.0767475962638855,0,224.82211638592523,0.8780348528476056,7,control
215,667.0,294.0,798.7733002658119,256.88540964514414,0.059445470571517944,0,137.62775495172062,0.9550636741562717,7,control
216,781.0,256.0,808.0,491.0,0.0677618533372879,0,236.74150486043354,,7,check
217,656.0,316.0,819.9107465343133,466.77602544423456,0.06659438461065292,0,223.3613321517444,1.4060985307081217,7,control
218,759.0,252.0,810.0,462.0,0.055955540388822556,0,216.39650971276694,,7,control
219,691.0,268.0,737.4693663705415,427.8420248770773,0.05834649130702019,0,166.789435772495,1.7403574509653748,7,check
220,750.0,254.0,660.0,201.0,0.07116051763296127,0,103.67872888604676,,7,check
221,669.0,262.0,679.0,282.0,0.06200963258743286,0,22.843811792484132,,7,control
222,655.0,276.0,824.3899160306185,357.6817050258415,0.051641032099723816,0,188.81684570017526,2.06479442667237,7,control
223,665.0,224.0,677.0,225.0,0.052878085523843765,0,12.85859820998556,,7,control
224,127.0,633.0,121.0,630.0,0.07548787444829941,0,5.91782441096032,,8,control
225,117.0,626.0,105.0761490286715,627.3333648374293,0.09141989797353745,0,11.148551665775546,1.7130286100138452,8,control
226,90.0,480.0,184.3546223891744,581.6157122456767,0.05074767768383026,0,139.30374235422713,0.8990284608985853,8,control
227,103.0,610.0,100.65814778984483,613.163260619375,0.07081035524606705,0,3.551472812087045,1.1064898322460122,8,control
228,63.0,450.0,52.0,439.0,0.055688828229904175,0,14.886802283854474,,8,control
229,95.0,599.0,102.0,611.0,0.07255163788795471,0,14.403082435719389,,8,control
230,45.0,544.0,67.0,412.0,0.08290233463048935,0,133.8795101652971,,8,control
231,91.0,567.0,208.0,504.0,0.07239414006471634,0,133.5978669340214,,8,control
232,91.0,567.0,94.04316142473704,565.8354022274589,0.06758169829845428,0,4.059796886521482,0.7428087583786499,8,control
233,43.0,497.0,87.29009351989117,659.5889773586356,0.0518883615732193,0,168.80073287016677,0.22026898376642193,8,control
234,48.0,519.0,142.0,712.0,0.0544106625020504,0,215.10045324641803,,8,control
235,82.0,605.0,175.0,332.0,0.10499311238527298,0,288.5890573834823,,8,check
236,42.0,561.0,50.0,453.0,0.05098247528076172,0,108.280650674552,,8,control
237,197.0,530.0,313.0,546.0,0.05680138245224953,0,117.94269227073235,,8,check
238,113.0,467.0,174.00177528284092,661.6079421573304,0.08477341383695602,0,204.26182852528652,0.5009409884963412,8,check
239,144.0,606.0,142.0,607.0,0.11266744136810303,1,1.5627355767859605,,8,control
240,186.0,532.0,320.6727597213403,514.4662560928105,0.05333377793431282,0,136.6327246140367,1.8514019080719089,8,control
241,150.0,572.0,235.0,643.0,0.08313468098640442,0,111.44641933412797,,8,check
242,62.0,603.0,254.17440077129982,387.92494338922296,0.05541135370731354,0,288.9198920050302,1.5907430460788894,8,control
243,55.0,471.0,95.631621874774,434.4192697250808,0.05808485299348831,0,55.26509462188977,1.5452849533562405,8,control
244,55.0,471.0,101.30844595176548,643.1510374406156,0.09333433955907822,0,178.5573722836354,1.0615529933613335,8,control
245,156.0,596.0,262.2107597096575,727.1400153476638,0.06034964695572853,0,169.33116457523732,1.8414988954397709,8,control
246,25.0,606.0,155.0,448.0,0.05540435016155243,0,205.08892310087987,,8,control
247,86.0,543.0,44.81351774083207,423.4054869768064,0.0536990724503994,0,126.12223412011018,1.8308186586975752,8,control
248,86.0,543.0,67.0,718.0,0.05035526305437088,0,175.98940233698386,,8,check
249,54.0,581.0,250.0,741.0,0.05468945577740669,0,253.70201402748182,,8,control
250,45.0,531.0,55.0,393.0,0.07424867898225784,0,138.33717647218145,,8,control
251,72.0,441.0,158.0,379.0,0.08203491568565369,0,106.66623553584262,,8,control
252,70.0,540.0,80.9260633145499,625.7026235993764,0.058423250913619995,0,86.57359311146219,1.6476510902145687,8,control
253,125.0,447.0,227.0,424.0,0.07597696036100388,0,105.3755869274183,,8,control
254,59.0,491.0,298.0,560.0,0.053035918623209,0,249.5924545245614,,8,control
255,26.0,480.0,101.01033751337116,425.0103122297199,0.07551012933254242,0,93.65921957670736,0.8982911985316454,8,control
256,74.0,488.0,138.0,418.0,0.05283651500940323,0,95.36742523800928,,8,control
257,199.0,549.0,48.0,425.0,0.058614715933799744,0,194.6568137849629,,8,check
258,319.0,625.0,312.0,643.0,0.08893945813179016,0,19.09181858180495,,9,control
259,245.0,621.0,167.74150172045324,388.1386660944386,0.07323808968067169,0,244.98157952931737,0.8368292313090783,9,check
260,412.0,455.0,279.67854573938763,586.4194776650834,0.064045250415802,0,185.9499085268776,0.560844753712529,9,control
261,351.0,574.0,293.0,336.0,0.05470522865653038,0,244.66192747639457,,9,control
262,244.0,497.0,276.0,480.0,0.0500650592148304,0,36.94574249730084,,9,control
263,336.0,476.0,521.1288780720676,425.5078737122347,0.06882130354642868,0,192.6554828713734,1.1250671717410525,9,control
264,275.0,435.0,260.0,403.0,0.07274928689002991,0,34.899133771478205,,9,control
265,275.0,435.0,343.98601084620077,530.0538979340522,0.050105366855859756,0,118.01163967325054,3.746704339843762,9,control
266,312.0,472.0,331.0,412.0,0.052407704293727875,0,63.10282892227677,,9,control
267,352.0,515.0,385.0,501.0,0.06326443701982498,0,36.58200480872806,,9,control
268,237.0,496.0,121.0,330.0,0.05065362900495529,0,201.93315131368973,,9,control
269,249.0,460.0,318.82993419394666,666.8706691835347,0.06624054908752441,0,218.67116341237403,1.0056230057624957,9,control
270,290.0,519.0,179.39499763793447,528.705733055023,0.10477610677480698,0,110.18253066578498,1.3861938119353763,9,control
271,249.0,605.0,242.6585277153379,604.4196414157856,0.05459602177143097,0,5.51733750813983,2.0276523018789465,9,control
272,327.0,530.0,88.0,731.0,0.06776357442140579,0,311.6594288509461,,9,control
273,410.0,564.0,533.0,595.0,0.07422719150781631,0,127.6551973144167,,9,check
274,376.0,486.0,253.0,426.0,0.0549391433596611,0,136.04677474733793,,9,check
275,376.0,486.0,379.0,487.0,0.05427517369389534,0,3.9874682092427585,,9,control
276,295.0,441.0,353.0,519.0,0.07913868129253387,0,97.77170421900968,,9,control
277,288.0,539.0,174.3707514416586,469.03931335469133,0.061527181416749954,0,132.662143356818,0.6103335526246974,9,control
278,322.0,580.0,358.0,585.0,0.06899753212928772,0,37.18286174097988,,9,control
279,432.0,449.0,303.0,580.0,0.10994204133749008,0,183.31922734298777,,9,control
280,358.0,643.0,369.0,519.0,0.060484226793050766,0,124.47702382959707,,9,control
281,219.0,559.0,234.0,447.0,0.05454009026288986,0,113.02657115543228,,9,check
282,256.0,464.0,542.0,387.0,0.07073693722486496,0,296.9469659581126,,9,control
283,233.0,589.0,431.0,358.0,0.06004016473889351,0,304.7059181212301,,9,control
284,263.0,459.0,122.0,593.0,0.05904422327876091,0,193.94107704380053,,9,check
285,273.0,534.0,154.740332414147,450.74158208455293,0.053932659327983856,0,143.87229917381612,0.7500487969268942,9,control
286,300.0,533.0,209.0,782.0,0.07005666196346283,0,264.8652956051656,,9,control
287,300.0,533.0,160.0,682.0,0.05784507840871811,0,203.9124490476135,,9,control
288,268.0,616.0,155.0,596.0,0.07846197485923767,0,113.89878729037545,,9,check
289,268.0,633.0,116.57618904327866,449.19577708568573,0.08406774699687958,0,237.52727988760307,2.3759003437066637,9,control
290,302.0,509.0,107.0,740.0,0.0743487998843193,0,301.7869254947333,,9,control
291,572.0,486.0,329.52406098066166,491.67460529925415,0.1277184635400772,0,241.70359944246556,1.8590538220612214,10,control
292,648.0,584.0,600.0,754.0,0.0546509325504303,0,176.4952615180268,,10,control
293,482.0,649.0,400.0,530.0,0.050846587866544724,0,143.97480315310756,,10,check
294,549.0,534.0,703.0,620.0,0.06325048208236694,0,177.119589481393,,10,control
295,595.0,474.0,652.0,551.0,0.05360756814479828,0,96.35448258500823,,10,control
296,521.0,603.0,513.0,592.0,0.05904689058661461,0,13.068824691734969,,10,control
297,573.0,625.0,573.0,624.0,0.07802474498748779,1,1.222885100745619,,10,check
298,634.0,478.0,727.2773791471682,711.5596458181277,0.05904391035437584,0,251.86022990327567,1.7894301572826854,10,control
299,634.0,506.0,357.8145973798976,643.9831459689046,0.05360490083694458,0,308.0233419898554,1.3233890998587445,10,check
300,618.0,452.0,593.0,622.0,0.07788559049367905,0,171.79464608757803,,10,control
301,598.0,594.0,645.0,743.0,0.1304042786359787,0,156.54409043575916,,10,control
302,439.0,648.0,769.5509249346057,426.27865613265084,0.06792234629392624,0,398.61991957313495,0.9615487162229897,10,control
303,532.0,583.0,473.0,573.0,0.05550878122448921,0,59.01798036466671,,10,control
304,480.0,544.0,706.0,450.0,0.05784701555967331,0,245.46470612611316,,10,control
305,522.0,497.0,623.0,504.0,0.05197793245315552,0,102.05249085161718,,10,control
306,650.0,645.0,485.53127360678434,584.0081910066718,0.05321095883846283,0,174.61689439893127,6.414693646087096,10,control
307,494.0,569.0,554.0,416.0,0.060385335236787796,0,164.545851451259,,10,control
308,527.0,444.0,394.0,381.0,0.06668367981910706,0,146.36555865552256,,10,control
309,558.0,446.0,734.0,653.0,0.06888021528720856,0,272.2814231314827,,10,control
310,576.0,641.0,569.2103964854625,638.8095161656233,0.09926135838031769,0,6.343973248883793,0.6557902733556416,10,check
311,550.0,513.0,363.0,672.0,0.05993335321545601,0,244.87080643568922,,10,check
312,500.0,599.0,493.0,591.0,0.05252867564558983,0,10.04505352060901,,10,control
313,458.0,603.0,297.0,417.0,0.060718879103660583,0,245.3749235601404,,10,control
314,591.0,544.0,558.0,369.0,0.056157056242227554,0,177.82484813319388,,10,control
315,591.0,544.0,636.0922052637213,684.4576672493758,0.05747285857796669,0,147.83663179100543,0.7146258427911762,10,control
316,632.0,449.0,722.0,581.0,0.053595107048749924,0,160.2847388004625,,10,control
317,796.0,612.0,801.0,606.0,0.06685256958007812,0,8.26585369480548,,11,control
318,759.0,574.0,664.0,705.0,0.07012145221233368,0,161.41709530836465,,11,control
319,814.0,485.0,619.0380208854334,701.4961424980197,0.052842531353235245,0,290.8638037154839,3.263147090229446,11,control
320,814.0,485.0,739.0,714.0,0.0810415968298912,0,240.79859811134958,,11,control
321,738.0,529.0,740.8171314150054,522.3218833016588,0.0613841712474823,0,7.502981522238279,3.14097835619838,11,check
322,677.0,472.0,802.0,439.0,0.06323716044425964,0,130.01462046716176,,11,control
323,693.0,565.0,706.0,450.0,0.06344950944185257,0,115.71856726542573,,11,control
324,798.0,486.0,569.0,639.0,0.08010654896497726,0,274.7822441393106,,11,check
325,769.0,504.0,781.0,491.0,0.07004174590110779,0,18.160262893907117,,11,control
326,719.0,548.0,797.459750873916,378.2227166122237,0.05878691002726555,0,187.25480716025513,1.3192102289994492,11,control
327,805.0,446.0,751.3629567695739,744.1909139269013,0.05634932219982147,0,302.91112164680976,2.1576031305846524,11,control
328,751.0,434.0,569.2138986444252,552.5217215558329,0.051555607467889786,0,216.38159763558937,3.978769383303454,11,control
329,712.0,558.0,710.178421518979,550.8720082240098,0.08171658962965012,0,7.10782745205205,0.8072379688044892,11,check
330,785.0,512.0,697.0,656.0,0.0560389943420887,0,168.41898222965705,,11,control
331,747.0,457.0,681.0,749.0,0.06877348572015762,0,299.261283334239,,11,control
332,712.0,644.0,698.0,748.0,0.055308666080236435,0,104.90614332056026,,11,control
333,764.0,611.0,579.0,611.0,0.05261360853910446,0,184.19306988546586,,11,control
334,709.0,506.0,698.0,748.0,0.09047902375459671,0,242.28614756695038,,11,control
335,149.0,681.0,198.5862460422728,934.7454480256914,0.05566021800041199,0,258.73820179108753,2.9241895117260923,12,control
336,169.0,752.0,61.17346662411023,972.4539154214838,0.09514812380075455,0,245.05526856839967,0.6667112458302863,12,control
337,197.0,718.0,315.20148033312176,741.2767868899241,0.1258017122745514,0,121.30127767120882,1.2764633740972509,12,control
338,68.0,746.0,71.22712626543418,748.5552448733533,0.06322398036718369,0,4.848969591585591,2.1226015747741616,12,control
339,196.0,656.0,207.14187877801265,698.1605774513492,0.08766432851552963,0,43.88996074131347,1.134880232144074,12,control
340,97.0,768.0,307.0,798.0,0.05767571181058884,0,212.9640422422101,,12,control
341,178.0,757.0,71.94361749186758,695.7975677431117,0.05755843222141266,0,121.67255707133408,0.6065677218073817,12,check
342,83.0,833.0,307.0,964.0,0.0853012427687645,0,260.2240218888607,,12,control
343,82.0,661.0,62.0,642.0,0.052507176995277405,0,26.92029662812295,,12,control
344,136.0,859.0,138.0,852.0,0.05385970324277878,0,7.522531706455209,,12,control
345,66.0,805.0,107.82187975231933,576.8009726445256,0.05031035095453262,0,232.08746950611564,1.2063946781285988,12,check
346,198.0,787.0,176.47906011516994,528.2210301176351,0.05880272760987282,0,259.52372806672514,1.8083500666056818,12,control
347,138.0,828.0,251.0,951.0,0.05806541070342064,0,167.6153562781793,,12,control
348,204.0,687.0,202.24865639217808,688.371529006189,0.08364133536815643,1,1.692564606973162,0.635502844798677,12,check
349,146.0,661.0,280.0,718.0,0.07045242190361023,0,146.41526381501993,,12,control
350,201.0,808.0,276.49240660127134,586.4354407057867,0.057577457278966904,0,234.27468759325055,1.1087698581608543,12,control
351,65.0,787.0,113.0,639.0,0.07228945195674896,0,155.7968835156684,,12,control
352,182.0,748.0,101.75298595254458,844.7363282352392,0.05157412961125374,0,125.17298042494708,1.8575629245651515,12,control
353,53.0,669.0,46.71827732276315,669.08306252167,0.1202121153473854,0,5.414681995514526,0.8105944159813758,12,check
354,134.0,844.0,121.0,732.0,0.06415728479623795,0,112.60386524621387,,12,control
355,128.0,724.0,218.0,644.0,0.06076011061668396,0,121.00789967861051,,12,control
356,142.0,837.0,273.62505253542435,755.1853161324897,0.052876267582178116,0,155.66384868710028,2.422343542932874,12,control
357,49.0,656.0,218.0,644.0,0.07509059458971024,0,170.26786060862298,,12,control
358,77.0,822.0,76.79262154487553,821.4981181736883,0.07696078717708588,1,0.7992566069630488,1.3895759367615506,12,control
359,127.0,651.0,283.5859347910795,608.6550746726739,0.05328015610575676,0,163.00496415336085,1.164377522496374,12,control
360,119.0,737.0,37.48599082024647,922.3415260864663,0.07309258729219437,0,202.1542661251089,0.8528780592478413,12,check
361,85.0,672.0,75.47458890983036,675.8192211737302,0.06017080321907997,0,9.488489455072125,1.2604774382676005,12,control
362,94.0,866.0,198.93072027020753,705.7110192348068,0.05171537771821022,0,191.997914106601,1.4974290394552685,12,control
363,136.0,688.0,66.0,593.0,0.05125238373875618,0,117.43614755547618,,12,control
364,134.0,676.0,250.61105546288314,740.6587467765758,0.05419599264860153,0,134.10151019165937,3.50328185581294,12,control
365,138.0,665.0,262.0,726.0,0.10915782302618027,0,138.97266834126546,,12,control
366,162.0,795.0,318.0,577.0,0.05556721240282059,0,268.4931031161268,,12,check
367,40.0,795.0,60.0,652.0,0.06631913036108017,0,144.45502870697052,,12,control
368,174.0,669.0,77.0,641.0,0.08370079845190048,0,100.11109634158214,,12,control
369,206.0,733.0,94.0,699.0,0.050192512571811676,0,116.20600165247181,,12,control
370,203.0,667.0,102.0,644.0,0.05543104186654091,0,102.73033640588432,,12,control
371,28.0,790.0,19.0,518.0,0.06275802850723267,0,272.04641700788784,,12,check
372,192.0,674.0,102.0,644.0,0.06413809210062027,0,94.02996120419367,,12,control
373,179.0,823.0,320.0,588.0,0.07975912094116211,0,274.42141982859965,,12,control
374,103.0,669.0,274.111764917705,723.9475754121123,0.08349844068288803,0,180.53534616608175,0.6543218501045357,12,control
375,103.0,669.0,87.98165150044028,660.3679607896141,0.0647311732172966,0,16.547401704961395,0.32941215668532625,12,control
376,214.0,694.0,212.0,694.0,0.08835284411907196,1,1.1534343457056289,,12,check
377,245.0,744.0,223.3142563437253,824.0653976682236,0.05823769047856331,0,82.77776705177227,1.1888862690475692,13,control
378,245.0,666.0,301.0,896.0,0.07177543640136719,0,236.9551872143,,13,control
379,245.0,666.0,245.33952496355275,658.8588758451124,0.07974012196063995,0,7.173840239670106,3.5931227885762236,13,control
380,246.0,682.0,239.0,679.0,0.05030909925699234,0,6.819362463918571,,13,check
381,238.0,774.0,160.11410439253603,824.2249805782835,0.08253087848424911,0,91.98597643893851,1.5767186769674264,13,control
382,381.0,828.0,378.0,828.0,0.059691764414310455,1,2.1770242473446566,,13,control
383,421.0,832.0,417.99199919257507,827.887632596081,0.10712125152349472,0,4.613390858949127,1.6248786789901541,13,control
384,323.0,702.0,464.0,821.0,0.05599262937903404,0,185.16181709104663,,13,check
385,239.0,793.0,516.3306509060624,902.0094013086687,0.05476206913590431,0,298.75101992687485,2.0624912039260583,13,control
386,354.0,725.0,348.7458054493161,729.2246540906879,0.057868652045726776,0,6.159182053972122,1.1075860714800347,13,check
387,234.0,689.0,237.47585510283756,691.2366425338361,0.08122853189706802,0,4.894236178933188,1.1401054862906095,13,control
388,320.0,722.0,95.0,854.0,0.13355952501296997,0,260.14236961096066,,13,control
389,320.0,722.0,95.0,832.0,0.050379812717437744,0,249.69713017792319,,13,control
390,320.0,722.0,465.4277906318209,871.5596703275996,0.06828954070806503,0,209.20891348072158,1.9542334852114405,13,control
391,287.0,673.0,342.0,759.0,0.05332593247294426,0,102.58095130810968,,13,control
392,427.0,800.0,426.0,795.0,0.06443333625793457,0,4.947575900356861,,13,control
393,433.0,723.0,529.9278447070054,925.8071335055358,0.051842059940099716,0,225.1655808089375,1.3603049768893143,13,control
394,379.0,804.0,521.0,578.0,0.056166231632232666,0,267.2708010836735,,13,control
395,233.0,720.0,568.9316871474712,668.5581168352708,0.11518581956624985,0,340.63300069363163,0.484068051713186,13,control
396,254.0,665.0,249.0,663.0,0.05706536024808884,0,4.583485505068171,,13,control
397,268.0,766.0,164.86980313616553,807.8060241934065,0.07633812725543976,0,110.51147794431334,1.7364309862263563,13,control
398,237.0,704.0,236.08618353316936,699.7934565622987,0.05776473134756088,0,4.146538600854416,1.331985921319393,13,control
399,346.0,744.0,476.0,989.0,0.0534740574657917,0,277.76249478840055,,13,control
400,233.0,766.0,164.0,814.0,0.05617532134056091,0,83.38295286075417,,13,control
401,392.0,858.0,382.0,863.0,0.056246571242809296,0,10.473817990847383,,13,check
402,248.0,839.0,446.0,852.0,0.11702271550893784,0,199.24235737749493,,13,control
403,255.0,718.0,432.1719957515527,703.4584175300142,0.06460192799568176,0,178.58094641181108,5.107796426143817,13,control
404,244.0,707.0,446.0,852.0,0.054875701665878296,0,249.34539136388602,,13,check
405,415.0,856.0,527.0,658.0,0.054676562547683716,0,227.81675719177485,,13,control
406,398.0,674.0,561.0,789.0,0.06146811693906784,0,200.17608924730888,,13,control
407,324.0,834.0,394.0,715.0,0.06814219057559967,0,138.4267874683559,,13,check
408,220.0,821.0,489.0,861.0,0.07048982381820679,0,272.76535284848524,,13,check
409,266.0,723.0,262.0,726.0,0.0554068423807621,0,4.396868023335218,,13,check
410,345.0,759.0,209.10951977378315,779.7188695996299,0.06094226613640785,0,136.63267996395,0.6874345413116639,13,control
411,345.0,759.0,343.3424425566517,758.1171820198437,0.060389552265405655,1,1.1688021328476716,0.8431999126047701,13,control
412,345.0,859.0,480.0,557.0,0.054316446185112,0,331.057709782606,,13,control
413,285.0,854.0,269.0,667.0,0.07402995973825455,0,187.5478760701008,,13,control
414,337.0,756.0,342.0,759.0,0.08019911497831345,0,6.5831780001098394,,13,control
415,319.0,761.0,217.0,621.0,0.06550326198339462,0,172.66118376925155,,13,control
416,401.0,822.0,510.0,614.0,0.07193917781114578,0,235.13809446450293,,13,control
417,270.0,864.0,366.0,754.0,0.059858206659555435,0,146.50151418972652,,13,control
418,280.0,828.0,105.21675283744044,861.5193054946197,0.05195033177733421,0,177.13548452238737,1.6704291963666653,13,control
419,490.0,783.0,491.31847644380935,768.786184161204,0.05514771118760109,0,14.3121159440309,3.3925340561437682,14,control
420,553.0,704.0,552.0,706.0,0.07110350579023361,1,2.079792910090425,,14,control
421,599.0,711.0,753.0,758.0,0.05330634117126465,0,161.7803125148767,,14,control
422,490.0,766.0,718.2296387758313,733.4133482509952,0.07922594994306564,0,231.31205658467925,1.8909736925006464,14,control
423,620.0,806.0,756.0,792.0,0.051848143339157104,0,137.4871485770187,,14,control
424,633.0,853.0,632.0,853.0,0.06905724853277206,1,0.21522231288806407,,14,control
425,496.0,809.0,488.1581396157856,791.5563517007698,0.05226951465010643,0,18.7529907213524,3.530555257923602,14,check
426,537.0,703.0,534.3677447303857,703.0097749449363,0.0768926590681076,1,1.8249114346648494,1.3310372272927675,14,control
427,448.0,730.0,649.8216446583084,690.3033465549651,0.050919223576784134,0,206.45476802083977,2.26879789991167,14,control
428,438.0,817.0,520.0,744.0,0.052651721984148026,0,110.34896506746936,,14,control
429,616.0,832.0,654.3331207852424,724.7279385060957,0.05023367702960968,0,114.1172903578542,1.4584883940778615,14,control
430,539.0,848.0,657.0,789.0,0.05683349445462227,0,132.60765351299645,,14,check
431,477.0,829.0,756.0,741.0,0.05616744980216026,0,293.2721226024782,,14,check
432,587.0,780.0,339.27803256852695,977.6506743763932,0.08190838247537613,0,316.28635368037567,1.0549696281090837,14,control
433,575.0,856.0,374.91787404024006,552.672266689072,0.050751589238643646,0,362.8461694963523,3.853946998789363,14,control
434,490.0,827.0,609.0,942.0,0.05472496896982193,0,166.0882553662583,,14,control
435,467.0,704.0,505.0,586.0,0.05248022451996803,0,124.14111529919012,,14,check
436,624.0,661.0,364.25265229224124,671.7175317941804,0.06505981087684631,0,259.1412750284725,0.559262210235853,14,control
437,471.0,838.0,722.0,760.0,0.05174732953310013,0,263.5688341741385,,14,control
438,634.0,781.0,639.0,793.0,0.05165105313062668,0,13.382407738120971,,14,control
439,650.0,865.0,558.0,920.0,0.059435486793518066,0,106.52538346469156,,14,control
440,439.0,840.0,489.0,861.0,0.06524056196212769,0,54.99694779823123,,14,control
441,651.0,709.0,714.0,974.0,0.05602557957172394,0,272.60979446581837,,14,control
442,525.0,706.0,517.3546792957653,704.9151511706111,0.05717691034078598,0,6.909208639801875,1.7897054062645383,14,check
443,599.0,835.0,665.0,773.0,0.05513434857130051,0,91.08661455104705,,14,control
444,455.0,803.0,408.0,697.0,0.053308356553316116,0,115.55951502310536,,14,control
445,508.0,810.0,567.0,931.0,0.06021125987172127,0,135.00902346393855,,14,control
446,638.0,832.0,664.0,900.0,0.052324939519166946,0,73.13357367067589,,14,control
447,551.0,761.0,584.0,877.0,0.05461446940898895,0,120.87252319278603,,14,control
448,811.0,771.0,577.8668061227266,628.1567559114676,0.06228196620941162,0,272.68432231153093,3.4188804358034632,15,check
449,692.0,804.0,694.0482798051657,707.5877814932637,0.061064209789037704,0,96.37845931325728,1.0728637380451442,15,control
450,672.0,756.0,572.0,877.0,0.05005788803100586,0,156.50643447740526,,15,control
451,745.0,820.0,723.0,745.0,0.054862599819898605,0,77.87343400857011,,15,control
452,733.0,837.0,720.0,767.0,0.06205132231116295,0,70.98955096414322,,15,check
453,745.0,754.0,695.1435059341798,677.1195380314834,0.05809614434838295,0,91.1365898853621,1.3425895243416077,15,control
454,692.0,838.0,683.0,878.0,0.050059445202350616,0,40.88841257779117,,15,control
455,700.0,704.0,722.0,760.0,0.053814470767974854,0,60.52279183788613,,15,control
456,725.0,776.0,722.3199820996601,757.5381435881836,0.0568760521709919,0,18.48872911442487,1.4727688541280335,15,control
457,729.0,811.0,723.0,745.0,0.055747728794813156,0,66.13386975893789,,15,control
458,771.0,806.0,756.0,741.0,0.06643027812242508,0,66.46503149884249,,15,control
459,786.0,734.0,623.0,598.0,0.05546628683805466,0,211.61451149048713,,15,control
460,139.0,981.0,335.0,1103.0,0.05495773255825043,0,231.5719828346925,,16,check
461,139.0,981.0,141.0,1123.0,0.061955615878105164,0,142.03486442921565,,16,control
462,200.0,920.0,148.6712076505453,1047.7086978134296,0.05171089619398117,0,137.34009372340287,1.3150151769873832,16,control
463,203.0,985.0,94.9887774919879,828.1386458200701,0.05761414021253586,0,189.9335889866362,1.4540755561989265,16,control
464,142.0,889.0,323.0,902.0,0.08800429850816727,0,182.29452841183877,,16,check
465,142.0,889.0,277.999260356027,815.7230710441447,0.05393784120678902,0,155.19776655044552,3.003973917861071,16,control
466,62.0,931.0,150.1032415781005,923.9055877215071,0.05156313255429268,0,89.23086858107419,1.7271435884181499,16,control
467,126.0,990.0,106.0,1130.0,0.060487501323223114,0,141.30856771153387,,16,control
468,147.0,995.0,285.30093456984844,1063.1598628183274,0.07386153191328049,0,154.93467997982341,0.44475871762861063,16,check
469,171.0,1060.0,321.0,994.0,0.06661585718393326,0,164.6218381338532,,16,control
470,106.0,879.0,119.23860907349682,1141.1314116177596,0.05985492095351219,0,262.51290298779935,0.7556294836727037,16,control
471,145.0,923.0,106.0,1083.0,0.052225690335035324,0,164.49568591363789,,16,control
472,159.0,1013.0,322.4415737281188,891.8117373303731,0.10631987452507019,0,204.11093472302758,2.167178533920103,16,control
473,35.0,874.0,34.0,1166.0,0.06623566150665283,0,291.99758619218017,,16,control
474,45.0,891.0,125.9656929449703,981.2430950562191,0.06007923185825348,0,121.82577498084298,0.5530209915066643,16,control
475,186.0,886.0,38.0,1085.0,0.0969904288649559,0,247.4984187260601,,16,control
476,186.0,886.0,49.0,1090.0,0.08742644637823105,0,245.2645095994068,,16,control
477,109.0,1066.0,217.0,1082.0,0.07007648795843124,0,110.00591767931327,,16,check
478,109.0,1066.0,109.0,1064.0,0.08779358118772507,1,2.160799603492744,,16,check
479,187.0,878.0,309.6863563484752,915.2696590425542,0.0648115947842598,0,129.02627977864677,3.650103264847674,16,control
480,65.0,1040.0,197.0,857.0,0.06688159704208374,0,226.10140335693026,,16,control
481,201.0,907.0,43.0,1172.0,0.06545665115118027,0,308.08932047120885,,16,control
482,96.0,1037.0,150.0,1143.0,0.11658595502376556,0,119.34967836547499,,16,control
483,96.0,1037.0,96.0,1001.0,0.05561304837465286,0,35.99054779834295,,16,control
484,203.0,1056.0,310.0,1059.0,0.07363542914390564,0,107.86597762825643,,16,control
485,144.0,1047.0,261.03581445190275,1016.0809574920144,0.060772545635700226,0,121.84883799200755,3.1403687602723793,16,control
486,195.0,974.0,302.0,1043.0,0.07188437134027481,0,128.0244604250515,,16,control
487,101.0,1016.0,286.0,993.0,0.05637294426560402,0,187.24348707985956,,16,control
488,199.0,1071.0,316.0003088527246,1119.7864305346932,0.05258768051862717,0,127.5272618185106,3.410584464345057,16,check
489,143.0,941.0,321.0,994.0,0.055883146822452545,0,186.52141126245263,,16,control
490,217.0,904.0,301.0,896.0,0.06589969247579575,0,85.20314959519416,,16,check
491,29.0,909.0,46.0,1219.0,0.05049622058868408,0,310.5050867011425,,16,control
492,20.0,974.0,151.0,1104.0,0.053422678261995316,0,185.16064940972376,,16,control
493,19.0,920.0,31.144546756643898,1165.2748746468114,0.05207346752285957,0,245.6165815131245,1.1067104073121152,16,control
494,60.0,994.0,178.0,858.0,0.050421811640262604,0,180.581677508214,,16,control
495,72.0,985.0,186.0,836.0,0.05634508654475212,0,188.09047387090695,,16,control
496,231.0,1036.0,99.42090097533664,736.2593566926503,0.05277030169963837,0,326.957252353256,0.5687240213540355,17,control
497,354.0,944.0,354.5866285843865,930.3318428095341,0.05584929138422012,0,13.703830090410525,2.343543509466466,17,control
498,346.0,886.0,388.27226381572774,827.0073180812255,0.06896102428436279,0,73.01586873481797,1.1666788434145816,17,control
499,352.0,909.0,494.0,1030.0,0.0571611225605011,0,187.1919122663143,,17,control
500,389.0,998.0,270.0,782.0,0.05481874570250511,0,246.1621822141831,,17,control
501,405.0,870.0,451.00158481157405,1142.4575507534487,0.051439445465803146,0,276.4633228393021,0.7785554108821089,17,control
502,322.0,947.0,380.0,1022.0,0.05813779681921005,0,95.33320718009435,,17,control
503,374.0,971.0,318.425917788846,1121.5825492639667,0.06242986023426056,0,160.24014526618348,1.2514418503492046,17,control
504,306.0,1030.0,516.5215019427709,870.4996609843457,0.06638766080141068,0,264.73296766772467,0.9538226146630941,17,control
505,295.0,1016.0,500.0,855.0,0.08254268020391464,0,261.2689486134238,,17,control
506,286.0,1006.0,504.04195314563526,862.6380292405598,0.06967224180698395,0,261.5973680003727,0.9718464200038964,17,check
507,383.0,1079.0,426.0,1056.0,0.05114229768514633,0,49.469009653905125,,17,control
508,241.0,878.0,356.0,932.0,0.059160780161619186,0,127.80786854991649,,17,control
509,358.0,932.0,293.0,1036.0,0.08965489268302917,0,122.2245670556179,,17,control
510,358.0,932.0,318.9803631430435,1152.901492808764,0.07765208929777145,0,224.1890261360022,3.7068217788861015,17,control
511,414.0,949.0,220.31086274464388,979.729753303451,0.05856126546859741,0,195.289022455361,1.7493396824677043,17,control
512,336.0,910.0,277.0,1124.0,0.05941273644566536,0,221.77693591447394,,17,control
513,292.0,926.0,478.0,938.0,0.0657951608300209,0,187.19533559472708,,17,control
514,350.0,1034.0,370.81154202096803,807.6884550547823,0.06698251515626907,0,227.2914270612391,1.7246065316365127,17,check
515,382.0,877.0,374.0,882.0,0.0649176761507988,0,8.77257864106747,,17,control
516,237.0,1001.0,317.91398961565443,1020.7613975070932,0.05373721942305565,0,84.0987912044027,1.851718226033484,17,check
517,237.0,1001.0,472.0,1025.0,0.05094949156045914,0,237.02662377338163,,17,control
518,415.0,887.0,410.15742417972535,894.0156072991495,0.05461297556757927,0,8.12589451087559,1.5388698577036537,17,control
519,287.0,1063.0,176.36484749312848,987.5260752879444,0.05502409487962723,0,133.2185674522657,1.5929740224865208,17,check
520,251.0,924.0,489.0,861.0,0.10929452627897263,0,246.96654697015782,,17,control
521,251.0,924.0,510.0,811.0,0.07275588065385818,0,283.2958292466278,,17,control
522,271.0,1006.0,365.0,744.0,0.06760767847299576,0,278.5768352938888,,17,control
523,391.0,976.0,325.59157768745047,872.908579621711,0.06869328767061234,0,121.6124722225221,3.279177041472314,17,check
524,248.0,949.0,149.0,1179.0,0.0544893741607666,0,250.07119314765873,,17,control
525,309.0,1040.0,514.3889602467392,876.0455239318997,0.05420183390378952,0,263.4029909973942,7.074958973005377,17,check
526,305.0,1074.0,478.81185999463435,825.7888878896696,0.053858187049627304,0,303.4391846421235,1.1031551069989967,17,control
527,549.0,930.0,510.1597142455138,1039.9837822336947,0.061805833131074905,0,116.40405355883506,2.934847876368114,18,check
528,645.0,909.0,681.0,913.0,0.06827276945114136,0,37.006531591736646,,18,control
529,578.0,1024.0,386.5605402819477,766.433123934294,0.05216969922184944,0,320.38246676162964,2.1290796519269835,18,control
530,546.0,990.0,655.374879256558,959.5753479443051,0.05823734775185585,0,114.27305953677117,0.6050262594680474,18,control
531,564.0,1058.0,510.0,783.0,0.05868912860751152,0,280.03786151160404,,18,control
532,562.0,909.0,625.7800408790016,948.3211404065546,0.053818587213754654,0,75.62323996818549,2.331060859576932,18,control
533,530.0,1050.0,608.0,1114.0,0.05756373703479767,0,101.51980666541634,,18,check
534,454.0,1045.0,653.1931224122382,943.1088113599203,0.06385717540979385,0,224.41996742273426,0.9667369023876078,18,control
535,644.0,979.0,386.71407624571833,819.0774916779288,0.06817931681871414,0,302.21196398991987,1.146876479710947,18,control
536,452.0,880.0,445.0,903.0,0.0632629320025444,0,23.859582723332093,,18,control
537,560.0,989.0,439.0,866.0,0.08404561877250671,0,171.935263383803,,18,control
538,638.0,959.0,531.0,1050.0,0.06827720254659653,0,139.87571003328873,,18,check
539,532.0,1061.0,317.0,1135.0,0.05287088081240654,0,226.6067655810067,,18,control
540,628.0,980.0,363.63890601792514,1178.9801495920558,0.06444376707077026,0,330.2326738341182,1.2008312593785295,18,control
541,495.0,1015.0,354.0,986.0,0.050567083060741425,0,143.141229424718,,18,control
542,584.0,1056.0,350.0,1125.0,0.08381834626197815,0,243.1817382943598,,18,check
543,581.0,1035.0,754.79432179113,759.5275645932712,0.057415030896663666,0,326.07076480784553,0.8134413916521815,18,control
544,581.0,1035.0,594.0,1098.0,0.05857931450009346,0,64.51579889143429,,18,control
545,635.0,1026.0,527.8689755696632,857.8042841375061,0.06617624312639236,0,198.94151243337015,1.571395051382295,18,control
546,455.0,972.0,545.0,823.0,0.057134732604026794,0,174.44044457619938,,18,control
547,553.0,1015.0,421.35742341896986,924.8344810136123,0.05547158047556877,0,158.86621081430263,1.2450352854354811,18,control
548,467.0,947.0,382.0,764.0,0.05338294431567192,0,201.3782028465327,,18,control
549,560.0,1083.0,574.0,849.0,0.05839968100190163,0,234.4132347935174,,18,check
550,511.0,905.0,446.0,852.0,0.052258919924497604,0,83.20768170851444,,18,control
551,480.0,1080.0,607.0,788.0,0.08527829498052597,0,318.68396927217754,,18,control
552,570.0,974.0,490.0,889.0,0.06776583194732666,0,116.13976219204017,,18,control
553,742.0,982.0,617.8119841512826,823.5388414553353,0.08364613354206085,0,200.79121572645028,1.51612979029584,19,check
554,710.0,937.0,683.4693108189523,786.2864947602917,0.0577620305120945,0,152.83134980028265,4.056260564118187,19,control
555,814.0,946.0,684.3578446792989,913.5443245069798,0.059678904712200165,0,132.87053150520617,1.5212844513345647,19,check
556,671.0,996.0,605.0,1137.0,0.06909506022930145,0,155.3699222827331,,19,control
557,692.0,1043.0,716.0,1017.0,0.05095430836081505,0,35.88641644847665,,19,control
558,692.0,1043.0,651.0,779.0,0.056599654257297516,0,266.97954430501045,,19,control
559,738.0,999.0,720.0,767.0,0.05043986812233925,0,232.56872316102636,,19,check
560,801.0,1038.0,765.0,1122.0,0.050438955426216125,0,91.11597025926994,,19,control
561,685.0,956.0,648.0,1072.0,0.053129587322473526,0,121.55122259467538,,19,control
562,721.0,1046.0,653.8145373604873,1056.042836259424,0.060780663043260574,0,67.16295410217914,1.053134065540143,19,control
563,747.0,877.0,594.4204088108771,806.4094774717447,0.05483383312821388,0,167.3681036715627,5.298320132154502,19,control
564,787.0,910.0,574.0,867.0,0.05094436928629875,0,216.50386247514695,,19,control
565,797.0,900.0,575.0,1117.0,0.0527937188744545,0,309.89124569100846,,19,control
566,691.0,1072.0,714.0,783.0,0.06838113069534302,0,289.9101308008886,,19,control
567,771.0,1002.0,590.0,991.0,0.05910344421863556,0,180.54068560876604,,19,control
568,660.0,872.0,594.0,856.0,0.06387411057949066,0,67.12485448043024,,19,control
569,43.0,1144.0,108.89327493984406,1157.6178545081261,0.05897529050707817,0,68.11312587139837,2.655819177627441,20,control
570,109.0,1118.0,54.0,1005.0,0.09850483387708664,0,125.28592973654786,,20,control
571,132.0,1125.0,227.0,1044.0,0.06997864693403244,0,125.46763562578026,,20,control
572,96.0,1266.0,93.5775880730207,1266.772637235774,0.07068102806806564,1,1.753296268328137,0.7839677893872589,20,control
573,182.0,1200.0,269.0,1086.0,0.05705928057432175,0,143.8965156048402,,20,control
574,133.0,1104.0,296.0,1105.0,0.050282109528779984,0,163.826914039049,,20,control
575,102.0,1201.0,314.26262388235585,1109.775979730978,0.07413781434297562,0,231.78452951556076,1.155473113476749,20,control
576,65.0,1288.0,102.0,1282.0,0.057775188237428665,0,38.3158499596687,,20,control
577,65.0,1225.0,324.3064325979167,995.0146990349627,0.05341976881027222,0,347.20055235304903,2.849682984110889,20,check
578,129.0,1240.0,266.0,1022.0,0.05380300432443619,0,257.89764170803534,,20,check
579,184.0,1135.0,150.0,1143.0,0.057927731424570084,0,34.11239569601278,,20,control
580,15.0,1265.0,20.0,1343.0,0.05628398433327675,0,78.19483560231454,,20,control
581,104.0,1131.0,115.0,1321.0,0.05549143999814987,0,190.35020871992447,,20,control
582,17.0,1166.0,34.0,1166.0,0.08061325550079346,0,17.853128826364685,,20,control
583,59.0,1278.0,204.10846204822855,1032.8139370556967,0.0755804255604744,0,285.3188312536917,1.4840379654417633,20,control
584,37.0,1086.0,102.19563568324126,1003.6621224129055,0.05902135372161865,0,105.53876475937663,1.823691842529956,20,control
585,165.0,1090.0,132.66228168225467,1170.2599584618772,0.05307689681649208,0,86.21931879918931,0.8526128010882911,20,control
586,201.0,1179.0,278.0,1200.0,0.05116696655750275,0,80.60672724435447,,20,control
587,174.0,1108.0,144.29088852685626,1143.2878460932186,0.0637991800904274,0,45.59505616774171,2.349293017096612,20,control
588,153.0,1231.0,106.0,1083.0,0.0500832162797451,0,155.01967438516508,,20,check
589,152.0,1120.0,127.0,1122.0,0.0780746340751648,0,24.239667090579246,,20,control
590,46.0,1124.0,155.0,1242.0,0.05438459292054176,0,161.2023448333493,,20,control
591,46.0,1124.0,125.0,1353.0,0.06534001231193542,0,242.49696302854488,,20,check
592,92.0,1101.0,193.0,1127.0,0.06156262010335922,0,105.10399166094159,,20,control
593,147.0,1275.0,95.0,1266.0,0.07597164809703827,0,51.94545178241936,,20,control
594,118.0,1219.0,66.55748327235086,1145.622649290724,0.0716957226395607,0,89.1273259337823,1.1441077146596397,20,control
595,140.0,1268.0,66.0,1082.0,0.05864981189370155,0,199.8583110236863,,20,control
596,60.0,1161.0,230.42341544159967,1356.4983233910802,0.053517770022153854,0,259.88009408044786,1.992478274892655,20,check
597,18.0,1096.0,35.0,1431.0,0.0646318718791008,0,335.4406886184868,,20,control
598,400.0,1128.0,107.51243688246078,1378.127602888097,0.05784045159816742,0,384.20205260673566,3.004782182442663,21,control
599,375.0,1099.0,419.0,1175.0,0.06378406286239624,0,88.2333584308139,,21,control
600,286.0,1233.0,419.7013239636557,1267.7987376927179,0.0714239701628685,0,138.93288379603487,0.3635503674362852,21,check
601,365.0,1176.0,102.0,1166.0,0.07700183987617493,0,262.3457006214854,,21,check
602,269.0,1206.0,141.5510125284835,1217.7689779466307,0.054676104336977005,0,127.15593220679285,0.3701497128965415,21,control
603,269.0,1206.0,296.0,1092.0,0.056620605289936066,0,117.33134249187653,,21,control
604,269.0,1206.0,464.5423184064053,1066.6865317605343,0.05786830186843872,0,240.73563917237033,1.4965434717392332,21,control
605,435.0,1185.0,380.7993905489318,1089.3600780772333,0.051386430859565735,0,109.51489993363161,0.6196694714607521,21,control
606,376.0,1294.0,370.4263443873617,1051.4820445710595,0.05790276080369949,0,242.5416115300803,1.055453025846682,21,check
607,394.0,1225.0,192.0,1299.0,0.05303993076086044,0,214.34468699322755,,21,control
608,361.0,1249.0,515.0,1387.0,0.06304767727851868,0,207.36401001537587,,21,control
609,349.0,1103.0,466.0,1089.0,0.053524039685726166,0,118.63031309992867,,21,control
610,307.0,1281.0,182.0,1184.0,0.07836182415485382,0,157.56240882255625,,21,control
611,374.0,1127.0,149.0,1179.0,0.051260609179735184,0,230.11348044578367,,21,control
612,364.0,1298.0,102.8243017219137,1145.007721539629,0.05546719953417778,0,301.95636868829456,0.9647775381046688,21,control
613,315.0,1263.0,481.0,1122.0,0.07008836418390274,0,218.3995907135484,,21,control
614,246.0,1250.0,419.0,1268.0,0.057769399136304855,0,174.73280167870743,,21,check
615,232.0,1182.0,139.0,1321.0,0.053010765463113785,0,166.7648666453877,,21,control
616,346.0,1137.0,228.0,1067.0,0.05977868661284447,0,136.47629214982155,,21,check
617,301.0,1248.0,481.0,1122.0,0.05691665783524513,0,220.3641514554071,,21,control
618,334.0,1129.0,445.0,1137.0,0.06589097529649734,0,112.09170744627943,,21,check
619,375.0,1161.0,302.0,1043.0,0.058224476873874664,0,138.30435328630523,,21,control
620,254.0,1292.0,425.9307290491838,1058.7911098602508,0.07390470802783966,0,290.19726372131043,1.011450832645355,21,control
621,376.0,1143.0,309.0,1027.0,0.056781020015478134,0,133.52759514861478,,21,control
622,348.0,1155.0,462.91946559169367,1133.7896665837138,0.052296191453933716,0,117.64697735434125,0.5633652102545879,21,control
623,326.0,1153.0,432.0,1145.0,0.08982633799314499,0,107.10420091398817,,21,control
624,240.0,1158.0,157.52311057486452,981.6658463992153,0.05225683003664017,0,194.29125155472502,1.2303296922064673,21,control
625,231.0,1128.0,115.0,1221.0,0.08103976398706436,0,148.01797860589767,,21,control
626,387.0,1184.0,131.13813530547338,1166.6413290477471,0.06201891973614693,0,255.61046962555628,1.199424574411754,21,control
627,226.0,1136.0,546.6392616080772,1339.8805788666534,0.0531974732875824,0,380.62963570458385,0.6614373110069659,21,control
628,298.0,1096.0,361.5687791269881,1391.8203016781113,0.06435170024633408,0,302.72593342668506,0.5864056817330187,21,control
629,631.0,1213.0,731.0,1330.0,0.055380553007125854,0,154.4111671922702,,22,control
630,468.0,1106.0,714.0847776048837,1270.4169962764397,0.06380223482847214,0,296.6007213892255,0.8323223286500648,22,control
631,518.0,1190.0,767.5029875546334,1372.3871671140214,0.06318268179893494,0,309.6690556126301,3.0551850047603053,22,control
632,565.0,1246.0,728.0,1246.0,0.05391959473490715,0,163.7669827165056,,22,control
633,473.0,1195.0,670.0,1013.0,0.05470160022377968,0,268.7524812877845,,22,check
634,525.0,1297.0,676.0,1313.0,0.050102803856134415,0,152.61217727783975,,22,control
635,630.0,1279.0,621.0,1176.0,0.0547574907541275,0,103.31060598738812,,22,control
636,630.0,1279.0,611.0,1183.0,0.051306094974279404,0,97.69781802589834,,22,check
637,524.0,1161.0,761.9306311707115,1370.4958760586112,0.06109832227230072,0,317.58517239959707,1.3352868890556375,22,check
638,563.0,1220.0,664.103212878493,1205.8293967341804,0.05304844677448273,0,102.85803636545754,0.9795976870220442,22,control
639,544.0,1216.0,456.0,1131.0,0.05201035365462303,0,121.75964839410146,,22,control
640,456.0,1209.0,554.9329761689961,1084.6052915107912,0.05252458155155182,0,159.41475316257998,0.7419391263234181,22,control
641,439.0,1176.0,572.6722011068115,951.659954064995,0.05574408546090126,0,261.51724207213147,0.8216299848189097,22,check
642,527.0,1151.0,532.0,1130.0,0.05166831612586975,0,21.76629690030481,,22,control
643,624.0,1220.0,593.5172877213304,1169.0485473832985,0.05643796920776367,0,58.95983634165782,4.598236681338415,22,control
644,514.0,1241.0,487.1383021696508,1175.6123969204762,0.05483104661107063,0,70.37931754694489,2.010984063863938,22,control
645,632.0,1187.0,557.1482210101891,1117.2515726284607,0.05296377092599869,0,101.71866207365338,3.414984063876586,22,control
646,619.0,1123.0,604.3593995186326,1132.4723047138514,0.05557287484407425,0,16.795429494213618,3.195053228272786,22,control
647,588.0,1089.0,594.0,1098.0,0.056620728224515915,0,11.293087476110339,,22,control
648,513.0,1297.0,437.88225245777926,1135.299081133709,0.05205284431576729,0,177.9453046110703,0.4789002644212567,22,control
649,452.0,1225.0,433.2697013109558,1363.188371507556,0.0576370470225811,0,139.33482447000236,1.4927505994159689,22,control
650,516.0,1264.0,492.910041129899,1394.7604809833567,0.062237758189439774,0,132.63458389425284,0.9625370183460374,22,control
651,582.0,1216.0,766.0,1373.0,0.0533730648458004,0,242.45397615201242,,22,control
652,649.0,1087.0,698.0,1110.0,0.057231202721595764,0,54.84378425732567,,22,control
653,442.0,1093.0,496.0,1186.0,0.101124107837677,0,107.95271204143793,,22,control
654,487.0,1254.0,437.37871881930306,1202.0610747569624,0.053977739065885544,0,71.27470744864738,2.4983534467543826,22,check
655,632.0,1259.0,667.747431908142,1217.5223564653031,0.05608992651104927,0,55.25566132580371,3.1464282902803116,22,check
656,539.0,1169.0,547.0,1165.0,0.05397984758019447,0,9.65232769272834,,22,control
657,523.0,1133.0,648.0,1072.0,0.05632605403661728,0,139.78051141961717,,22,control
658,652.0,1196.0,707.0,1297.0,0.0759548768401146,0,115.37803413524126,,22,control
659,478.0,1273.0,656.8480265042818,986.4125340141202,0.05786977708339691,0,338.196500623013,2.1954224193498564,22,control
660,440.0,1287.0,544.4327611984249,1317.3573314393484,0.065725177526474,0,109.51025542638288,1.313050757096752,22,control
661,505.0,1286.0,554.020322293337,1404.9203606250078,0.11509116739034653,0,128.9156651777342,1.0510902131102247,22,control
662,505.0,1286.0,511.842329079501,1289.8393747587027,0.0616760328412056,0,8.544557364029306,1.5511831458459746,22,control
663,505.0,1286.0,535.0,1402.0,0.07420694082975388,0,120.0024769921587,,22,check
664,482.0,1090.0,504.0,1100.0,0.06567413359880447,0,24.904406481528767,,22,control
665,498.0,1288.0,560.0107380903333,1358.9600634744036,0.0854521319270134,0,94.74898850323984,1.4095224729141438,22,control
666,744.0,1132.0,601.0,1073.0,0.05055784434080124,0,153.95398119915652,,23,control
667,691.0,1284.0,749.01990320326,1205.5297395359476,0.051921337842941284,0,98.0335580852427,0.9266796717137205,23,check
668,748.0,1159.0,745.9361101690299,1139.3841470453617,0.05073682218790054,0,19.633143799128906,2.2286734443574576,23,control
669,806.0,1093.0,709.6959467703061,1296.3249696164135,0.08084308356046677,0,224.65635008020922,1.2384499732121903,23,control
670,737.0,1130.0,573.4812355593605,1067.5294369811902,0.06700911372900009,0,174.2961284175887,1.2378703677296492,23,control
671,802.0,1224.0,759.0,1331.0,0.06357674300670624,0,115.0383317291096,,23,check
672,693.0,1253.0,756.2247082063438,1365.2959026647188,0.07452008873224258,0,129.24415523496975,0.7622323174919103,23,check
673,781.0,1116.0,563.9717456708242,1002.4675290403103,0.05578119680285454,0,244.20952628254918,0.8669049039960616,23,control
674,763.0,1275.0,764.0,1093.0,0.058103252202272415,0,181.9769005145441,,23,control
675,670.0,1274.0,784.0,1137.0,0.05592532083392143,0,178.69628328037322,,23,control
676,789.0,1154.0,741.0,1261.0,0.06315158307552338,0,116.97198944212921,,23,control
677,702.0,1132.0,633.0,1037.0,0.053288962692022324,0,116.92631801968872,,23,control
678,665.0,1160.0,618.0,1402.0,0.0625714659690857,0,246.3649477770626,,23,control
679,684.0,1176.0,756.1445806076492,1312.4860819328733,0.05010495334863663,0,154.7420273274711,3.8041012079753744,23,control
680,765.0,1216.0,750.0,1099.0,0.05569218099117279,0,117.8319865498781,,23,control
681,708.0,1204.0,708.7419854308245,1203.1292918798852,0.10180313140153885,1,1.7372627393992002,2.895182320958377,23,control
682,813.0,1115.0,720.0,1077.0,0.05134325847029686,0,99.73581005552184,,23,control
683,20.0,1516.0,22.0,1406.0,0.13146764039993286,0,110.06850363673149,,24,control
684,110.0,1420.0,96.0,1540.0,0.13155080378055573,0,120.67529521421429,,24,control
685,122.0,1444.0,271.0,1559.0,0.11526671051979065,0,188.83540591426885,,24,control
686,149.0,1442.0,102.22846117015803,1275.6876160483048,0.10345306992530823,0,172.55092499664988,2.111718482929846,24,control
687,227.0,1381.0,325.0,1297.0,0.059841837733983994,0,129.6976790777902,,25,check
688,227.0,1381.0,401.0,1305.0,0.08480168879032135,0,190.61344277382437,,25,control
689,375.0,1397.0,269.66742018750233,1559.3823421882232,0.06417971849441528,0,193.07841347605006,0.8496532583927988,25,control
690,409.0,1381.0,224.0,1526.0,0.0519229881465435,0,234.38589919503772,,25,control
691,400.0,1359.0,290.02717996770747,1341.286279733662,0.051521532237529755,0,110.58681422823734,2.7687527159137417,25,check
692,228.0,1330.0,225.76408708835206,1329.1378016775247,0.050397519022226334,1,1.6620623397184087,0.6924839384546422,25,control
693,248.0,1423.0,355.0,1329.0,0.06592676788568497,0,143.04126841946157,,25,control
694,223.0,1302.0,423.0,1208.0,0.0561799593269825,0,221.7148888828973,,25,control
695,300.0,1374.0,134.0,1349.0,0.07223889976739883,0,167.04971123134476,,25,check
696,247.0,1377.0,329.0,1273.0,0.05735669285058975,0,132.94812907764324,,25,control
697,231.0,1471.0,278.0,1200.0,0.05884074419736862,0,275.18530217977036,,25,control
698,307.0,1357.0,134.0,1349.0,0.05859999731183052,0,172.35198535085348,,25,control
699,309.0,1389.0,537.6000064614548,1367.157599070321,0.05395616218447685,0,230.42409811196583,1.2692691939146463,25,control
700,304.0,1451.0,177.0,1582.0,0.05292678251862526,0,181.8504470623364,,25,control
701,406.0,1341.0,371.0,1346.0,0.056635044515132904,0,34.55545420902766,,25,control
702,350.0,1472.0,364.9523514999525,1311.428988418637,0.08820480853319168,0,161.35102160677286,1.525684436103026,25,check
703,248.0,1327.0,513.0,1297.0,0.0534355454146862,0,267.4789104581018,,25,control
704,425.0,1428.0,275.6177482018213,1342.9130273319536,0.09891747683286667,0,171.21258021329592,0.5199967815769968,25,control
705,425.0,1428.0,531.0,1613.0,0.07131554931402206,0,213.56998016572172,,25,control
706,335.0,1370.0,568.0,1266.0,0.05473629757761955,0,255.87264721661995,,25,check
707,238.0,1458.0,191.96890644302303,1556.668906403617,0.050516266375780106,0,108.4937087691749,5.335045173545205,25,control
708,387.0,1376.0,346.0,1328.0,0.06548868864774704,0,62.61227627876154,,25,control
709,383.0,1413.0,110.0,1213.0,0.060609977692365646,0,337.74540708365834,,25,control
710,361.0,1483.0,163.0,1643.0,0.06650584191083908,0,253.89339067161896,,25,control
711,406.0,1478.0,278.89751260412277,1466.2214853435928,0.06384576112031937,0,126.84007952427886,0.3998564174685057,25,control
712,566.0,1400.0,563.9827441652848,1214.1393262143788,0.06335511803627014,0,185.85455538185272,1.9712673567748034,26,control
713,452.0,1323.0,558.8336883970469,1263.6467955836215,0.06264981627464294,0,122.90023146323256,0.9110412981504803,26,control
714,622.0,1458.0,666.0,1403.0,0.059520021080970764,0,70.92422918299013,,26,control
715,643.0,1448.0,629.0,1203.0,0.06257320940494537,0,245.34262844241405,,26,control
716,643.0,1448.0,582.0,1199.0,0.052636414766311646,0,256.1648254737403,,26,control
717,520.0,1330.0,775.0,1625.0,0.08483879268169403,0,390.4015136158221,,26,control
718,573.0,1475.0,629.0,1203.0,0.08442232757806778,0,277.84980244492374,,26,control
719,462.0,1369.0,356.18838346446853,1636.2214345049852,0.09804312139749527,0,287.07076766528013,0.6144659384766505,26,check
720,462.0,1369.0,616.4991959243447,1497.7711469056728,0.05427780747413635,0,201.7061115031615,0.8997858194358079,26,check
721,552.0,1453.0,668.0,1478.0,0.06404302269220352,0,119.40868451783507,,26,control
722,456.0,1350.0,756.3612210857816,1387.5500383621886,0.06468669325113297,0,303.4516245571132,1.3007484520227572,26,control
723,517.0,1421.0,597.7294821908769,1476.1705162503824,0.056957487016916275,0,98.40979105380673,0.7908094435006539,26,control
724,651.0,1462.0,750.0,1259.0,0.05085320398211479,0,226.17971070612379,,26,control
725,547.0,1423.0,651.6440190541125,1391.7480645970431,0.05520905926823616,0,109.95242201095994,1.102258587376711,26,control
726,467.0,1343.0,718.0,1560.0,0.05462922900915146,0,332.3543838621119,,26,control
727,538.0,1430.0,728.8896451469558,1471.600008039517,0.05880920588970184,0,196.10846135830397,0.7448840397270137,26,check
728,545.0,1331.0,631.8402303234913,1393.8810906996239,0.05116646736860275,0,107.83803098579398,0.42014604296118785,26,control
729,573.0,1336.0,650.0,1390.0,0.05511147156357765,0,94.67588858951491,,26,check
730,493.0,1474.0,682.5909795297194,1568.1586894884983,0.059686869382858276,0,212.35468748373762,4.450365745028994,26,control
731,499.0,1378.0,459.0,1617.0,0.09367809444665909,0,242.15429064459434,,26,control
732,690.0,1424.0,678.9949585180829,1244.8676191307125,0.05465284734964371,0,179.41390147701054,0.9568310322820294,27,control
733,719.0,1483.0,773.1830778047735,1362.5088075995952,0.07279060035943985,0,132.4261443148822,0.3553638396027604,27,control
734,719.0,1483.0,750.0,1259.0,0.056409966200590134,0,226.22975013548987,,27,check
735,689.0,1315.0,690.6841838723136,1314.5579357166898,0.06575950980186462,1,2.492329987549731,1.5010093241593514,27,control
736,818.0,1381.0,683.0,1429.0,0.051819223910570145,0,142.55404741187323,,27,control
737,720.0,1333.0,716.5790098305474,1331.8206133319977,0.07444625347852707,0,2.9051808199844373,0.9059099666342756,27,control
738,728.0,1303.0,660.3793358102063,1249.4122271474248,0.06181125342845917,0,85.66794960585601,2.7896074001148397,27,check
739,702.0,1513.0,823.3732857743844,1259.8381827982125,0.0786064937710762,0,281.0681292058851,0.8915969132469616,27,control
740,760.0,1397.0,792.0,1561.0,0.06815703958272934,0,167.2146168369093,,27,control
741,787.0,1350.0,788.2167090941884,1402.8887068248782,0.051655180752277374,0,52.920728563131085,0.9603513452001075,27,control
742,812.0,1314.0,805.0,1218.0,0.05060480535030365,0,96.18461101384321,,27,control
743,812.0,1314.0,695.0,1208.0,0.06660852581262589,0,157.29464487507505,,27,control
744,743.0,1359.0,659.0,1226.0,0.08082664757966995,0,156.88222143008548,,27,control
745,672.0,1348.0,642.0,1222.0,0.05503438413143158,0,129.33253615170102,,27,control
746,671.0,1434.0,631.9799410013497,1391.9500093273632,0.051863815635442734,0,56.84845068643433,0.571899165953706,27,control
747,814.0,1323.0,774.0,1239.0,0.0547117255628109,0,92.6995623080262,,27,control
748,815.0,1331.0,805.0,1218.0,0.08146718889474869,0,113.35921600077229,,27,check
749,778.0,1497.0,726.0,1261.0,0.0650157704949379,0,241.48714868542658,,27,check
750,704.0,1462.0,647.0,1473.0,0.0611594095826149,0,57.2935335703132,,27,control
751,788.0,1494.0,617.0,1497.0,0.07176622003316879,0,170.2544545813271,,27,control
752,697.0,1377.0,789.0,1408.0,0.07025172561407089,0,97.79561149061362,,27,control
753,138.0,1689.0,260.2426942407434,1749.2122478967106,0.062059953808784485,0,136.96217426991484,2.3930152818176453,28,control
754,165.0,1577.0,68.68600121238403,1526.2640912375794,0.07726754993200302,0,108.14164789240057,1.9819581043986139,28,control
755,197.0,1649.0,192.2507321843973,1534.80986654637,0.06925900280475616,0,114.29890115389165,1.9278137153285737,28,control
756,213.0,1573.0,248.0,1723.0,0.06298170238733292,0,154.15461233624052,,28,control
757,116.0,1654.0,239.49967445042543,1665.0807764369406,0.05138435587286949,0,124.79875924769746,1.547079163827188,28,control
758,128.0,1704.0,54.0,1540.0,0.06952975690364838,0,179.62191367511068,,28,control
759,197.0,1532.0,189.0,1457.0,0.05041857063770294,0,75.37435464399636,,28,control
760,198.0,1726.0,198.0,1726.0,0.054692573845386505,1,0.8164804786336086,,28,control
761,112.0,1605.0,308.64583172136145,1828.8466554477998,0.05538305640220642,0,298.4268269334186,1.0242649061939153,28,check
762,123.0,1553.0,198.22420946581028,1746.1264755845812,0.056312575936317444,0,207.4942763235556,1.1281576960305788,28,control
763,36.0,1628.0,33.61398489745545,1526.3380609560768,0.057950686663389206,0,101.71942807020234,2.9871539936992857,28,control
764,74.0,1709.0,282.0,1648.0,0.051676105707883835,0,217.54885593239692,,28,control
765,21.0,1550.0,22.0,1505.0,0.11648236215114594,0,45.08126948775494,,28,check
766,21.0,1550.0,16.0,1703.0,0.13957466185092926,0,152.98907753082474,,28,control
767,197.0,1694.0,76.0,1417.0,0.06342650949954987,0,301.96826503515973,,28,control
768,135.0,1552.0,243.0,1741.0,0.07810626924037933,0,218.02730067043046,,28,control
769,55.0,1675.0,140.0,1684.0,0.05099105089902878,0,86.28666814562904,,28,check
770,31.0,1649.0,29.85104050250183,1618.3882176796708,0.08918177336454391,0,30.670297374734893,1.4750791997568051,28,control
771,31.0,1649.0,33.0,1527.0,0.09422008693218231,0,122.07890551408944,,28,check
772,22.0,1608.0,24.0,1720.0,0.1154419407248497,0,111.96655184052675,,28,control
773,38.0,1671.0,48.0,1511.0,0.06059792637825012,0,160.4100556868088,,28,control
774,217.0,1639.0,261.98868809779975,1641.2247699563006,0.07069170475006104,0,45.849444581063494,6.385345173437217,28,control
775,43.0,1686.0,71.0,1836.0,0.05458353832364082,0,152.6643897934589,,28,check
776,42.0,1559.0,29.0,1620.0,0.06557914614677429,0,62.14454977409194,,28,check
777,147.0,1555.0,137.0,1545.0,0.050066422671079636,0,13.602321197656964,,28,control
778,35.0,1719.0,45.107524194225576,1536.1536584898029,0.0823960155248642,0,183.22015990197968,2.9557607526230782,28,control
779,205.0,1722.0,234.0,1660.0,0.060041725635528564,0,68.84442513302727,,28,control
780,27.0,1619.0,30.0,1519.0,0.062001582235097885,0,100.11871275279314,,28,check
781,19.0,1529.0,22.0,1406.0,0.050149690359830856,0,123.09180349889516,,28,control
782,33.0,1733.0,177.77081840092796,1580.1483031054415,0.05117585137486458,0,211.12836582085976,1.1296891179311161,28,control
783,179.0,1524.0,263.0,1614.0,0.05610136687755585,0,123.62868454123372,,28,control
784,179.0,1524.0,292.0,1604.0,0.07036405056715012,0,139.08501060112712,,28,control
785,18.0,1639.0,20.0,1420.0,0.06541036069393158,0,219.05193749577597,,28,control
786,65.0,1534.0,62.0,1523.0,0.058472901582717896,0,11.25410815190007,,28,control
787,154.0,1691.0,292.0,1521.0,0.053622711449861526,0,219.50044511519437,,28,control
788,26.0,1684.0,33.0,1527.0,0.06125752627849579,0,157.24145675679097,,28,control
789,136.0,1522.0,122.0,1501.0,0.08766108006238937,0,24.821180239285376,,28,control
790,18.0,1580.0,17.0,1747.0,0.06230318173766136,0,166.92724789997044,,28,control
791,35.0,1574.0,29.0,1620.0,0.059934768825769424,0,46.23192850030965,,28,control
792,418.0,1626.0,215.83581123803597,1579.7637170439923,0.05048415809869766,0,206.59807005676592,1.7423567190328157,29,control
793,343.0,1542.0,173.81135934627895,1507.1383790375169,0.06655732542276382,0,171.94334685297963,1.0255404384127562,29,control
794,236.0,1665.0,375.0,1472.0,0.056082483381032944,0,238.3359588002202,,29,control
795,350.0,1603.0,312.0683265162613,1608.6317120681908,0.05401894077658653,0,37.545163545577715,3.90087951481709,29,control
796,239.0,1596.0,279.0329765902143,1523.8757149520293,0.08342059701681137,0,82.91858419679872,2.045887554338341,29,control
797,368.0,1724.0,522.1763530244203,1609.3210552216322,0.05615856498479843,0,192.79868566168784,2.607118436113179,29,control
798,321.0,1643.0,372.0,1622.0,0.08506865054368973,0,55.908928241587304,,29,control
799,244.0,1684.0,242.0,1688.0,0.06389228999614716,0,4.117770729602241,,29,control
800,230.0,1679.0,536.0,1600.0,0.05720565840601921,0,316.7956016615349,,29,control
801,246.0,1604.0,312.89420034694297,1469.6675586988556,0.08772647380828857,0,150.4552878556077,0.9891237569823232,29,control
802,347.0,1618.0,313.0,1617.0,0.05117614194750786,0,33.21256439363179,,29,control
803,342.0,1677.0,130.0,1559.0,0.05064142122864723,0,241.92679440066206,,29,control
804,387.0,1583.0,240.0,1616.0,0.052972570061683655,0,149.8547938511726,,29,control
805,308.0,1704.0,219.0,1519.0,0.10192371159791946,0,204.9760265194635,,29,control
806,323.0,1689.0,355.1557104545907,1633.9721576783495,0.05396980419754982,0,64.18145950153433,1.089958147342943,29,control
807,403.0,1558.0,309.4800031015348,1567.8180020063253,0.059800174087285995,0,93.2279931606795,0.6476612006591553,29,control
808,403.0,1558.0,401.83625962755997,1721.1743031536716,0.08981415629386902,0,163.11837493396712,1.8276943491613185,29,control
809,242.0,1716.0,244.48766261104157,1715.8955397795733,0.09954217076301575,0,3.3005556999956727,7.4383158245164855,29,check
810,306.0,1696.0,100.31693559158542,1444.8529266948453,0.06788358837366104,0,324.1207932123306,0.917543069660201,29,control
811,227.0,1579.0,332.16618374722077,1628.132633630501,0.055145688354969025,0,116.78372154950267,0.5991338556302305,29,control
812,365.0,1655.0,359.2949391922571,1637.0467796918394,0.12518101930618286,0,18.657882200119417,0.7179203276530806,29,control
813,324.0,1617.0,475.86906152644104,1482.7994132716221,0.060018401592969894,0,203.27578369406373,0.7778765388994098,29,control
814,255.0,1574.0,194.93118373602195,1463.957813681482,0.05888276547193527,0,125.00593555187406,0.5139623808622699,29,check
815,379.0,1567.0,210.0,1728.0,0.05447953939437866,0,232.78207917006188,,29,control
816,379.0,1567.0,240.3401368663435,1598.8406489065455,0.06369765847921371,0,141.46552123995167,3.8005232048316486,29,control
817,263.0,1592.0,307.55866325308966,1741.0516410899882,0.08012673258781433,0,155.74126231056084,5.380201902234774,29,control
818,354.0,1523.0,534.647677588479,1601.2826576108955,0.06211944296956062,0,197.57923975539796,2.1190479851053996,29,control
819,399.0,1578.0,258.0,1599.0,0.10816159844398499,0,141.74607186676673,,29,control
820,399.0,1706.0,240.0,1616.0,0.08584900945425034,0,182.0222317821466,,29,control
821,280.0,1711.0,432.0,1859.0,0.05321253836154938,0,212.6613246565289,,29,check
822,280.0,1711.0,455.0,1596.0,0.05824455991387367,0,210.08418582602283,,29,control
823,278.0,1571.0,229.62578081956724,1705.43429247749,0.05538325011730194,0,142.54332750406857,0.9281407816829977,29,control
824,286.0,1684.0,147.67373146738825,1511.4278771823617,0.054424088448286057,0,220.68271996457045,1.2219814399899667,29,control
825,278.0,1648.0,207.0,1737.0,0.05188878998160362,0,113.29480879954784,,29,control
826,397.0,1634.0,441.0,1613.0,0.05137686803936958,0,49.485288790590666,,29,control
827,418.0,1661.0,489.0631287173825,1610.1295380189597,0.062074314802885056,0,88.05534776709067,2.4055472265837787,29,control
828,391.0,1714.0,202.0,1637.0,0.050208501517772675,0,203.34747128005571,,29,control
829,358.0,1724.0,307.1267142966875,1847.0095312719795,0.06495371460914612,0,132.74270633571655,2.5116059386687635,29,check
830,398.0,1696.0,317.0,1845.0,0.05471830815076828,0,169.14980306755726,,29,check
831,347.0,1554.0,290.0,1528.0,0.09788952767848969,0,61.92952758099764,,29,check
832,296.0,1701.0,473.0,1558.0,0.060070816427469254,0,228.1818179013341,,29,check
833,356.0,1532.0,167.2080859542066,1536.950880821819,0.05715351179242134,0,188.03175672353936,0.8611931748290147,29,control
834,356.0,1532.0,292.0,1521.0,0.06336740404367447,0,64.14668809301935,,29,control
835,229.0,1718.0,192.0,1560.0,0.06187616288661957,0,162.13252777781042,,29,check
836,434.0,1685.0,192.0,1560.0,0.0726059079170227,0,271.66826533823865,,29,check
837,420.0,1708.0,240.0,1636.0,0.06885593384504318,0,193.13150024311722,,29,control
838,489.0,1591.0,500.0,1763.0,0.06194118410348892,0,172.34484431212957,,30,check
839,559.0,1728.0,549.7724264860016,1723.5853807698506,0.05520131438970566,0,9.56276500991233,1.393219788751621,30,control
840,484.0,1637.0,735.0,1408.0,0.05688956379890442,0,340.33459121208404,,30,control
841,552.0,1529.0,499.0,1592.0,0.08958346396684647,0,81.79823860801335,,30,control
842,495.0,1646.0,682.6366892823894,1678.0330592021137,0.06345720589160919,0,191.09108961965865,2.083668472759072,30,control
843,602.0,1685.0,652.9208073818818,1705.5757544852227,0.06312429159879684,0,55.609258902837105,0.9763686585082895,30,control
844,606.0,1565.0,408.0,1707.0,0.054685041308403015,0,242.98263789637477,,30,check
845,606.0,1565.0,391.0,1728.0,0.0779445618391037,0,269.1391078222645,,30,control
846,489.0,1698.0,645.2720187911467,1799.9271768333122,0.06349629908800125,0,187.17847925109248,0.6444201578849827,30,control
847,572.0,1670.0,674.0,1695.0,0.05592271685600281,0,105.74494308397769,,30,check
848,474.0,1566.0,347.2904478042969,1422.48932819057,0.05736289173364639,0,190.92745539583635,0.5329447190955539,30,control
849,485.0,1616.0,734.0,1451.0,0.05909739062190056,0,299.34713168243763,,30,control
850,526.0,1609.0,618.9244072261624,1498.1674385672243,0.05943688005208969,0,145.14692111972542,3.640571517146516,30,control
851,534.0,1523.0,365.0,1667.0,0.05876161530613899,0,221.39078020189854,,30,control
852,443.0,1522.0,670.9096857098062,1501.5799775632051,0.11760713905096054,0,229.5863952092229,0.47087389456172446,30,control
853,519.0,1716.0,720.0,1457.0,0.09187351167201996,0,328.32205448436935,,30,control
854,474.0,1597.0,495.0,1794.0,0.05250953882932663,0,198.13838339200208,,30,control
855,474.0,1597.0,487.0,1765.0,0.05054151266813278,0,168.50555897208244,,30,control
856,569.0,1624.0,620.0,1625.0,0.07208984345197678,0,51.775736583694965,,30,control
857,623.0,1730.0,753.0,1526.0,0.06341834366321564,0,242.32441639571056,,30,control
858,649.0,1694.0,681.0,1665.0,0.0516405925154686,0,43.77678789811661,,30,control
859,443.0,1693.0,684.0,1623.0,0.053734052926301956,0,251.69895037907986,,30,check
860,644.0,1573.0,576.0,1642.0,0.06576738506555557,0,96.30704110846303,,30,check
861,461.0,1582.0,658.0,1536.0,0.07185028493404388,0,203.05033588809462,,30,control
862,461.0,1582.0,468.0,1764.0,0.050208430737257004,0,182.1070718296269,,30,control
863,532.0,1622.0,763.060217969874,1628.3000309867896,0.05571107566356659,0,231.89441201969626,0.8539533424481596,30,control
864,441.0,1611.0,648.0,1664.0,0.0861765593290329,0,214.4055467897661,,30,check
865,454.0,1590.0,666.9780181893499,1478.4217946960857,0.05048530548810959,0,241.12302859726773,0.5960105633878998,30,control
866,580.0,1548.0,538.785436548261,1598.2747785018814,0.07776527106761932,0,64.49038394424264,1.5032634737030892,30,check
867,554.0,1600.0,398.0,1438.0,0.053301166743040085,0,224.36206794971176,,30,control
868,558.0,1624.0,557.0,1624.0,0.061281509697437286,1,0.22900900134875937,,30,control
869,475.0,1690.0,745.2588708242574,1504.3416959094748,0.05670793354511261,0,328.5191806907348,1.9056864932599464,30,control
870,498.0,1524.0,763.0,1628.0,0.0673770159482956,0,285.3629539597878,,30,control
871,542.0,1590.0,560.0,1638.0,0.05642576888203621,0,51.50266033536655,,30,control
872,623.0,1660.0,681.0,1665.0,0.07703447341918945,0,58.96704936416345,,30,control
873,520.0,1568.0,738.0,1685.0,0.06686431169509888,0,248.05514826643682,,30,control
874,556.0,1633.0,557.0,1624.0,0.10341640561819077,0,9.211799241932857,,30,control
875,503.0,1562.0,636.0,1791.0,0.07190719246864319,0,265.1538651846223,,30,control
876,729.0,1553.0,807.0,1652.0,0.06888497620820999,0,126.47053414883905,,31,control
877,712.0,1665.0,744.0,1516.0,0.07790374010801315,0,152.5773279689441,,31,control
878,712.0,1665.0,748.6143227078343,1767.6631145738588,0.05643654242157936,0,109.2030022641404,1.3753812410255997,31,check
879,719.0,1616.0,623.0,1803.0,0.054378245025873184,0,209.80404328202164,,31,control
880,772.0,1624.0,678.0,1714.0,0.05483631417155266,0,129.5609855963909,,31,control
881,656.0,1723.0,796.0,1575.0,0.058520011603832245,0,204.25781544998944,,31,check
882,655.0,1656.0,789.1757135047859,1582.6967440891683,0.052038248628377914,0,153.56304355560547,1.3585782159858166,31,control
883,735.0,1633.0,722.4694591202301,1626.4764220780564,0.06991159170866013,0,13.478747835803496,0.8581912306626512,31,control
884,721.0,1597.0,593.9818796402715,1552.9979622260978,0.05226203054189682,0,133.7039760751085,0.8599401648161897,31,control
885,667.0,1653.0,587.0,1852.0,0.053886380046606064,0,214.13408184755187,,31,control
886,656.0,1534.0,519.0,1514.0,0.08076430857181549,0,137.68162275241232,,31,control
887,684.0,1629.0,656.5523488814526,1431.7908879053373,0.05001213401556015,0,199.01810177271182,3.370012837721532,31,control
888,700.0,1728.0,628.0,1812.0,0.05071313679218292,0,110.09657978354548,,31,control
889,729.0,1612.0,743.136194384438,1597.133495527491,0.05703733488917351,0,21.06135685784766,1.2085798002118007,31,control
890,720.0,1579.0,582.0,1545.0,0.053499240428209305,0,141.382134273922,,31,control
891,686.0,1733.0,807.0,1617.0,0.06751502305269241,0,168.18041874672636,,31,check
892,661.0,1582.0,746.7468043907542,1635.6768547118493,0.08854972571134567,0,101.7813724682154,1.6951333455985231,31,control
893,166.0,1878.0,195.0,2023.0,0.06532668322324753,0,147.9335869425107,,32,control
894,56.0,1764.0,263.5891944992478,1900.8305862617744,0.07767608016729355,0,249.2509459676179,0.53157929150306,32,control
895,56.0,1764.0,211.06812738298507,1648.471289971382,0.05453595146536827,0,194.0592675141194,1.0609794086859248,32,control
896,144.0,1768.0,233.0,1910.0,0.0585070438683033,0,167.94206860620903,,32,control
897,171.0,1929.0,275.3218756906516,2046.987418598898,0.05153883248567581,0,157.94529438054587,1.4998128643854147,32,control
898,87.0,1874.0,145.58891163070402,1647.9503264513867,0.06287997961044312,0,233.78143396183296,0.4926156471923209,32,control
899,175.0,1859.0,215.0,1754.0,0.058364998549222946,0,112.71452810490808,,32,control
900,175.0,1859.0,171.16768361913054,1645.7239138258071,0.06834793835878372,0,213.352663083893,1.3340634743617747,32,check
901,41.0,1758.0,284.0505582273093,1968.4803250727118,0.059307925403118134,0,322.06331313208005,0.5742430234870802,32,control
902,78.0,1781.0,238.22179343908803,1684.044688883377,0.059903308749198914,0,187.99715733251938,1.828348629654091,32,control
903,94.0,1916.0,232.02979473948542,1703.1697228160788,0.05031212791800499,0,254.1633060387001,1.697200774314224,32,control
904,145.0,1893.0,82.7666733622134,1853.7708989590253,0.05230793356895447,0,72.91538681892402,1.0987097652742226,32,control
905,147.0,1835.0,319.0,2042.0,0.05253396928310394,0,269.5633118622642,,32,control
906,102.0,1740.0,256.08442250763363,1631.5610929177788,0.05178679898381233,0,189.10936483181183,3.950465090334353,32,control
907,135.0,1875.0,211.0,1712.0,0.07001729309558868,0,180.24816056567963,,32,control
908,60.0,1736.0,298.38087447305594,1646.5595659917524,0.06433390080928802,0,255.37901093501213,0.6949157773615008,32,control
909,60.0,1736.0,227.0,1635.0,0.06309439986944199,0,195.89012952388842,,32,control
910,87.0,1887.0,147.0,1661.0,0.06404060125350952,0,234.09735394842656,,32,control
911,215.0,1752.0,142.0,1958.0,0.05950142815709114,0,218.193411297006,,32,control
912,172.0,1917.0,171.39954240376326,1918.4885308277348,0.05041176453232765,1,1.416122559084146,1.6246230426978536,32,check
913,155.0,1911.0,160.0,1904.0,0.05484745651483536,0,9.165424605740728,,32,control
914,120.0,1927.0,277.0,1738.0,0.055198147892951965,0,246.26577547700688,,32,check
915,61.0,1833.0,263.48838670299324,1931.8501880842591,0.05337076634168625,0,226.0088741008179,3.622041737131817,32,control
916,61.0,1833.0,244.75247590200738,1924.4898133777513,0.06730981916189194,0,205.9484542384382,3.236722635463994,32,control
917,97.0,1787.0,214.0,1720.0,0.06171708181500435,0,135.5623053485397,,32,check
918,19.0,1750.0,51.13016930290313,2023.789742880107,0.11886045336723328,0,275.6613715220331,0.6903198458900681,32,control
919,52.0,1870.0,296.0,1874.0,0.05438697338104248,0,244.82846076889766,,32,control
920,120.0,1821.0,126.0,1986.0,0.0692235603928566,0,165.0429495264746,,32,check
921,179.0,1779.0,294.7214121320557,1905.1289315455815,0.05241512507200241,0,171.65115860096205,1.0554150631956063,32,control
922,75.0,1936.0,200.0,1923.0,0.06146549433469772,0,126.48579667167444,,32,control
923,74.0,1914.0,168.0,1822.0,0.059620510786771774,0,132.16595017641987,,32,control
924,65.0,1801.0,246.50873848390728,1689.4735083671424,0.053360942751169205,0,213.75451783809785,2.514167701305074,32,control
925,146.0,1911.0,182.74035705271618,2009.7781118604396,0.06150957569479942,0,105.58107059114259,2.8438147143846177,32,control
926,129.0,1754.0,204.0,2002.0,0.08235973119735718,0,259.2336937622522,,32,check
927,146.0,1873.0,233.0,1910.0,0.061134617775678635,0,95.24786329730016,,32,check
928,87.0,1943.0,227.0,1635.0,0.05029625445604324,0,338.7101530600953,,32,control
929,29.0,1754.0,126.0,1986.0,0.053529974073171616,0,251.68660574428483,,32,control
930,186.0,1820.0,174.3600876846973,2000.0788528973678,0.06109405681490898,0,180.30678744677962,1.0643129236521827,32,control
931,186.0,1820.0,99.0,1838.0,0.06625759601593018,0,88.021287412301,,32,control
932,20.0,1897.0,20.0,1964.0,0.1259073168039322,0,66.90631590170632,,32,control
933,132.0,1834.0,170.0,1943.0,0.05276598408818245,0,115.61728564553862,,32,check
934,103.0,1901.0,242.0,1688.0,0.05738780274987221,0,254.8342928898993,,32,control
935,45.0,1923.0,203.0,1843.0,0.052332278341054916,0,177.85630172002166,,32,control
936,255.0,1871.0,254.0,1875.0,0.054194461554288864,0,3.9250210777107046,,33,control
937,425.0,1817.0,345.5678421258083,1631.8290720112075,0.05627032369375229,0,201.2187581098292,1.6329792468741553,33,check
938,288.0,1829.0,286.01857406984806,1828.6220460061706,0.07574060559272766,1,1.2648305485735503,1.0464259031190422,33,control
939,322.0,1908.0,424.7409743536545,1726.70094208643,0.052040617913007736,0,208.82461326050952,1.2817285140917056,33,control
940,396.0,1757.0,171.4178000378327,1740.2217667159616,0.05486521124839783,0,224.39867329222466,2.6056854088153445,33,check
941,279.0,1798.0,320.03247994819554,1809.4789208150826,0.05182860791683197,0,43.35693257905807,1.3592120142812831,33,control
942,285.0,1754.0,480.0,1749.0,0.050313688814640045,0,195.84459243218666,,33,control
943,272.0,1748.0,480.0,1749.0,0.05515683442354202,0,208.78142203229106,,33,control
944,269.0,1875.0,269.0,1872.0,0.07919131964445114,1,3.181412659065172,,33,control
945,417.0,1790.0,408.0,1707.0,0.05433886870741844,0,83.4592954182655,,33,control
946,343.0,1833.0,298.0,1646.0,0.05563699081540108,0,192.20112899361916,,33,control
947,313.0,1851.0,305.0,1903.0,0.055022239685058594,0,52.41599515896941,,33,control
948,313.0,1851.0,308.0,1852.0,0.05382726714015007,0,4.304123422474536,,33,check
949,307.0,1835.0,135.73937135832261,1799.6302685043772,0.06418867409229279,0,174.08824898061027,2.9766726018347915,33,control
950,309.0,1946.0,276.80319877894397,1618.8369196305573,0.10125309228897095,0,328.71355567210963,1.5624547944038645,33,check
951,248.0,1821.0,516.564849107173,1743.585953537322,0.05961276590824127,0,280.25963784822846,1.274639970643303,33,control
952,332.0,1780.0,332.40340830740325,1780.9985542299262,0.0656849592924118,1,1.5192443411575005,0.9636718069824289,33,control
953,277.0,1785.0,487.0,1765.0,0.06776028126478195,0,211.73018470852003,,33,check
954,348.0,1850.0,374.0,1903.0,0.06465335935354233,0,59.313915109434426,,33,control
955,361.0,1883.0,282.0,1727.0,0.05176517367362976,0,174.55584812084248,,33,control
956,275.0,1819.0,503.0,1786.0,0.055715128779411316,0,231.1517191222164,,33,control
957,275.0,1819.0,270.0,1819.0,0.06812852621078491,0,4.198543603908971,,33,control
958,278.0,1774.0,482.0,1780.0,0.06366303563117981,0,204.86408900423515,,33,check
959,230.0,1800.0,388.0,1713.0,0.056942254304885864,0,181.0897365370308,,33,check
960,375.0,1921.0,182.0,1972.0,0.06455464661121368,0,198.8200861368933,,33,control
961,288.0,1862.0,284.0,1683.0,0.0618009977042675,0,179.0843672335782,,33,control
962,301.0,1767.0,500.61786408916885,1747.9127924775707,0.06155134364962578,0,201.3070053653971,2.117827962136914,33,control
963,382.0,1762.0,381.79010704843455,1764.7309652743306,0.08464979380369186,1,2.7311175848321803,2.473231892674868,33,control
964,306.0,1744.0,373.0,1964.0,0.05175714194774628,0,230.12322115346194,,33,control
965,268.0,1922.0,242.0,1688.0,0.0584491528570652,0,235.4095350001626,,33,control
966,287.0,1886.0,258.0,1638.0,0.06457847356796265,0,249.64808413092797,,33,control
967,287.0,1895.0,258.0,1638.0,0.06339380145072937,0,258.59251821051106,,33,control
968,308.0,1734.0,487.0,1765.0,0.06230933591723442,0,182.42110095890698,,33,control
969,267.0,1817.0,270.0,1819.0,0.11101329326629639,0,4.2626727544051,,33,control
970,408.0,1781.0,288.0,1840.0,0.05615810677409172,0,132.97005870993706,,33,control
971,426.0,1799.0,531.0,1613.0,0.11529453098773956,0,214.00800257824545,,33,control
972,335.0,1864.0,258.0,1638.0,0.0911945179104805,0,238.54593559291814,,33,control
973,555.0,1865.0,656.2234091465665,1735.6432171798829,0.06379439681768417,0,164.76119147323357,1.6220649678096253,34,control
974,633.0,1840.0,382.0,1789.0,0.05949113517999649,0,255.3680894176245,,34,control
975,615.0,1805.0,714.0,1867.0,0.05214957892894745,0,117.41238959996825,,34,check
976,469.0,1811.0,732.0,1979.0,0.059093769639730453,0,312.66251542736103,,34,check
977,505.0,1925.0,389.0,1605.0,0.07280381768941879,0,340.1463861370599,,34,control
978,505.0,1925.0,415.0,2050.0,0.05445229262113571,0,153.49907885893273,,34,control
979,629.0,1927.0,485.7880651531732,1767.2627931700229,0.07105940580368042,0,214.06133829297053,1.45376807342997,34,control
980,604.0,1739.0,714.0,1867.0,0.05004037544131279,0,169.21225027827882,,34,control
981,449.0,1883.0,382.0,1789.0,0.09267979860305786,0,115.03072612292702,,34,control
982,468.0,1903.0,357.9163614320795,1839.1060534260907,0.07653990387916565,0,126.63556995986161,1.015104717633434,34,control
983,468.0,1903.0,761.0,1982.0,0.07370081543922424,0,304.1558920513031,,34,check
984,551.0,1943.0,550.8259601360982,1727.9657776023118,0.05911177769303322,0,215.0870474187551,7.350804464355806,34,control
985,442.0,1800.0,615.0,2050.0,0.06680770963430405,0,304.37765113243984,,34,check
986,474.0,1761.0,580.0,1700.0,0.0626065656542778,0,122.98954359286863,,34,control
987,634.0,1903.0,757.0,1686.0,0.056184884160757065,0,249.8397262316385,,34,control
988,489.0,1759.0,676.9202267041602,1660.7845984430378,0.05283670127391815,0,212.72934144145054,4.385184664891933,34,control
989,547.0,1932.0,738.0,1809.0,0.05215795710682869,0,227.83590430420756,,34,check
990,558.0,1925.0,615.7671266636763,1930.1932088038045,0.05081712082028389,0,58.7472780895921,1.340112718419975,34,control
991,562.0,1801.0,626.0,1893.0,0.053764380514621735,0,112.44868739914261,,34,control
992,562.0,1801.0,743.9915194302723,1855.0716869979049,0.05669008567929268,0,190.55034578025206,0.8200716128075637,34,control
993,651.0,1937.0,502.0,1776.0,0.07016818225383759,0,218.88487864437008,,34,control
994,503.0,1876.0,652.0,1623.0,0.07293598353862762,0,294.03419989028134,,34,control
995,503.0,1876.0,344.0,1909.0,0.09525138139724731,0,161.59841443308278,,34,control
996,579.0,1885.0,546.876958524961,1725.8507844827216,0.051754821091890335,0,162.25865808217557,0.7802911214365305,34,control
997,453.0,1847.0,553.0,1790.0,0.07590778917074203,0,115.80234479286833,,34,control
998,459.0,1829.0,630.0,1758.0,0.05328992381691933,0,185.8772051753607,,34,control
999,460.0,1865.0,732.0,1979.0,0.054796382784843445,0,295.5780426543861,,34,control
1000,510.0,1789.0,536.0,1768.0,0.08029718697071075,0,34.060910228684484,,34,control
1001,625.0,1797.0,708.0,2011.0,0.05265001580119133,0,229.72678351772026,,34,control
1002,650.0,1927.0,657.0,1684.0,0.057157985866069794,0,243.1668842340054,,34,control
1003,650.0,1927.0,495.3599679684368,1763.1269869521466,0.10506699234247208,0,224.82720287047331,2.57182473339336,34,control
1004,541.0,1944.0,535.0,1993.0,0.07988487929105759,0,49.19503234682515,,34,check
1005,502.0,1910.0,414.0,1878.0,0.05453971028327942,0,92.92815483233561,,34,control
1006,470.0,1860.0,681.0,1665.0,0.05092747509479523,0,287.89241794845793,,34,control
1007,640.0,1881.0,623.0,2006.0,0.05776243656873703,0,125.96922062995621,,34,control
1008,515.0,1868.0,418.43489035922937,1675.316044843945,0.055128902196884155,0,215.21965002497342,1.6410216034260654,34,control
1009,474.0,1784.0,728.0,1931.0,0.08227566629648209,0,294.07897599428446,,34,control
1010,514.0,1853.0,360.0,1927.0,0.05531567335128784,0,170.11130232927272,,34,check
1011,514.0,1853.0,744.0,1633.0,0.06876369565725327,0,318.8435536371976,,34,control
1012,675.0,1854.0,672.3571975053922,1979.3388710073948,0.08433635532855988,0,125.27523106527104,1.6698471931681589,35,control
1013,760.0,1835.0,788.0,1969.0,0.06215114891529083,0,136.9751799043228,,35,check
1014,687.0,1875.0,541.0,1681.0,0.05061157047748566,0,242.372885519839,,35,control
1015,752.0,1929.0,755.6810320264424,2015.368216473935,0.05479779466986656,0,86.40184125259506,1.1130740960476333,35,control
1016,820.0,1806.0,551.0,1897.0,0.05214087292551994,0,283.22699421124054,,35,control
1017,776.0,1791.0,807.0,1874.0,0.06611549109220505,0,88.80366507390167,,35,control
1018,728.0,1875.0,575.1951317289662,1860.7206020612664,0.0526837520301342,0,152.71625733728038,1.3881225351698978,35,control
1019,750.0,1819.0,656.1890290213735,1670.812571118163,0.05863301083445549,0,175.01466172365573,0.7723541902543953,35,control
1020,814.0,1748.0,656.7032324323062,1913.5216539552594,0.05282774940133095,0,227.7722648888918,2.0916607540891023,35,control
1021,796.0,1784.0,784.5094330424139,1958.8216445843602,0.056845154613256454,0,175.08069387224978,0.8468271582625213,35,control
1022,791.0,1915.0,622.3870859970394,1811.0779591465043,0.05432558059692383,0,197.45062564938667,1.6934074606157765,35,check
1023,785.0,1867.0,819.0,1649.0,0.05755235627293587,0,220.7837890666687,,35,control
1024,754.0,1806.0,792.0,2015.0,0.05018395557999611,0,212.48194036270374,,35,check
1025,701.0,1819.0,636.7020425140943,1792.6596934099964,0.13214266300201416,0,68.8041538796346,2.3848710933366957,35,check
1026,774.0,1767.0,729.9787036125828,1828.3531952223404,0.05196605622768402,0,75.03218984118412,1.0230687962859526,35,control
1027,739.0,1823.0,766.6313113493209,1952.6888914895942,0.09778236597776413,0,132.68562938094047,1.1153281623087827,35,control
1028,660.0,1766.0,750.0,1998.0,0.05278267338871956,0,249.04108666534563,,35,check
1029,703.0,1736.0,709.707987368426,1732.8576656062505,0.06173430755734444,0,8.11341683567616,3.267299217897246,35,control
1030,681.0,1797.0,636.0,1791.0,0.050853095948696136,0,44.65355877372128,,35,control
1031,723.0,1772.0,790.9045580337977,1804.9332292411575,0.07028528302907944,0,76.11301961477918,1.0655246555052285,35,control
1032,667.0,1756.0,793.0,1631.0,0.05894855409860611,0,178.03786154697525,,35,control
1033,781.0,1933.0,745.0,1687.0,0.05482787266373634,0,248.55267401883734,,35,control
1034,786.0,1818.0,570.0,1762.0,0.05740400776267052,0,222.41180493449912,,35,control
1035,800.0,1916.0,691.0,1744.0,0.06047162041068077,0,203.26840900656066,,35,control
1036,732.0,1925.0,630.0,2013.0,0.05727367103099823,0,134.09120555920106,,35,control
1037,775.0,1799.0,826.0,1639.0,0.07083746045827866,0,168.1884290733741,,35,control
1038,182.0,2122.0,289.0,2174.0,0.0594431534409523,0,119.6253522555476,,36,check
1039,215.0,2058.0,305.8494567794144,2168.179966326397,0.0706743597984314,0,143.21886450551563,1.360672284749794,36,control
1040,203.0,1951.0,198.0,2175.0,0.0543159656226635,0,223.92146648248215,,36,control
1041,49.0,2053.0,185.0,1887.0,0.05785192549228668,0,215.17618495396536,,36,control
1042,104.0,2014.0,126.0,2255.0,0.06244733929634094,0,241.94701235805957,,36,control
1043,172.0,2121.0,289.0,2174.0,0.06262104213237762,0,129.11523874156543,,36,check
1044,77.0,2006.0,135.0,1843.0,0.05808005481958389,0,173.36281992847083,,36,control
1045,123.0,2012.0,319.1707701242151,1858.486998162709,0.05722277984023094,0,249.76976476648488,0.6281310850980281,36,control
1046,123.0,2012.0,188.65076197175267,2007.558634472991,0.06269481033086777,0,66.61093126036752,0.9390325241639655,36,control
1047,22.0,1959.0,27.979252902439917,2112.7494518469866,0.15163545310497284,0,153.78348816317595,0.9611945301329698,36,control
1048,152.0,2088.0,152.0,2085.0,0.06683767586946487,1,3.211785180004113,,36,control
1049,143.0,2085.0,134.0,2078.0,0.06007860600948334,0,10.84512585894367,,36,control
1050,59.0,2047.0,58.47797610181012,2150.4028549889435,0.05778802931308746,0,103.28342269249296,2.3871174619731863,36,control
1051,46.0,2075.0,56.0,2175.0,0.06420131027698517,0,100.46098809949842,,36,check
1052,21.0,2052.0,22.0,1846.0,0.13656792044639587,0,206.09268542814488,,36,check
1053,17.0,2036.0,16.0,1816.0,0.11984141916036606,0,220.08122057374615,,36,control
1054,149.0,2068.0,218.59295900051654,2159.8976554715678,0.05582732334733009,0,115.66607675390804,1.4089641405802196,36,control
1055,108.0,2109.0,179.33394494011634,1963.3559322657673,0.05536060407757759,0,162.61549839895275,1.5292868396797594,36,control
1056,108.0,2109.0,74.0,1891.0,0.05973813310265541,0,220.5972490574598,,36,control
1057,108.0,2109.0,169.0,1987.0,0.07161397486925125,0,136.84955996304123,,36,check
1058,170.0,1980.0,229.0,1987.0,0.05562546104192734,0,60.19857935929729,,36,control
1059,134.0,2077.0,252.0,1972.0,0.05506209656596184,0,158.61100285788183,,36,control
1060,149.0,2007.0,269.0,1872.0,0.051862649619579315,0,181.21558670822645,,36,control
1061,68.0,2159.0,172.0,2086.0,0.07680199295282364,0,127.78420920810058,,36,control
1062,25.0,1985.0,27.0,1894.0,0.06470542401075363,0,91.13405387042924,,36,control
1063,25.0,2064.0,23.0,2299.0,0.07525864243507385,0,234.8640554097168,,36,control
1064,151.0,1981.0,306.0,2169.0,0.06838268041610718,0,244.07067813329184,,36,control
1065,66.0,2092.0,318.0,2090.0,0.050285227596759796,0,252.7956540257569,,36,check
1066,177.0,2164.0,251.0,2049.0,0.052714161574840546,0,137.26883496919766,,36,control
1067,27.0,2142.0,34.0,1928.0,0.06885275989770889,0,214.2369971766415,,36,control
1068,16.0,2082.0,19.0,1853.0,0.055308785289525986,0,229.11752893856476,,36,control
1069,162.0,2056.0,227.1659218614413,1865.0120889778254,0.10062390565872192,0,202.13629103858787,4.035552953173247,36,control
1070,162.0,2056.0,153.0,2208.0,0.05176814645528793,0,152.09757716434171,,36,control
1071,25.0,1999.0,23.0,2299.0,0.06923700124025345,0,299.8634074807503,,36,check
1072,19.0,2072.0,17.0,1871.0,0.08040658384561539,0,201.09112887351645,,36,control
1073,323.0,1999.0,542.0,1844.0,0.09288469702005386,0,268.9679375949456,,37,control
1074,323.0,1999.0,284.0,1967.0,0.06998251378536224,0,49.89357734158125,,37,check
1075,257.0,2156.0,297.0,2161.0,0.06390144675970078,0,41.078707829857,,37,control
1076,281.0,2048.0,260.0465759807757,2220.273267548385,0.05245105177164078,0,173.32891135350843,1.4568443540260647,37,control
1077,429.0,1970.0,412.0,2134.0,0.051025569438934326,0,164.6956486123704,,37,control
1078,299.0,2100.0,478.0,1998.0,0.060174018144607544,0,206.73489577744732,,37,control
1079,407.0,2145.0,169.0,1987.0,0.05087428167462349,0,285.05145222130164,,37,control
1080,390.0,1966.0,130.0,2138.0,0.05878383666276932,0,311.0060130836078,,37,control
1081,371.0,2044.0,284.0,1967.0,0.05303143709897995,0,115.6465409124569,,37,check
1082,383.0,2040.0,539.0,2121.0,0.05724157392978668,0,176.40391870332638,,37,control
1083,364.0,1973.0,364.0,1972.0,0.05261310935020447,1,1.3417480179751877,,37,control
1084,228.0,2034.0,394.0,2171.0,0.05313367396593094,0,215.7604610661909,,37,control
1085,334.0,2149.0,238.0,2023.0,0.05000276118516922,0,158.00013928788647,,37,control
1086,307.0,2061.0,97.0,1986.0,0.056911468505859375,0,222.25509031995156,,37,control
1087,307.0,2061.0,461.0,1923.0,0.06325708329677582,0,207.4154011026956,,37,check
1088,237.0,1986.0,306.0,2251.0,0.05220057815313339,0,273.9147327682044,,37,control
1089,373.0,1965.0,356.425211148992,1893.2542677872837,0.05401530861854553,0,73.53858061343863,1.320001803651561,37,control
1090,321.0,2028.0,351.0,2130.0,0.05617514252662659,0,106.44077922948769,,37,control
1091,297.0,1998.0,297.0,1998.0,0.06916235387325287,1,0.7980884986468697,,37,check
1092,413.0,2066.0,537.0,2141.0,0.05672837048768997,0,145.5144682057039,,37,control
1093,430.0,2076.0,229.0,1987.0,0.05522565916180611,0,219.128647530138,,37,control
1094,361.0,2107.0,389.0,2197.0,0.060779422521591187,0,94.37945040860419,,37,check
1095,230.0,2095.0,379.0,2001.0,0.06678958982229233,0,176.88391492886905,,37,control
1096,262.0,1995.0,476.0,1883.0,0.06408441811800003,0,242.25762491449,,37,control
1097,265.0,2028.0,264.0,2027.0,0.08484426140785217,1,1.116753639074836,,37,control
1098,353.0,2154.0,360.2624021336617,2105.6280690171825,0.08115028589963913,0,49.13873423551572,2.9176836549296863,37,control
1099,337.0,1987.0,346.50721760724235,1976.6024132395326,0.07170284539461136,0,14.69514390152597,1.0241809839895493,37,check
1100,367.0,2004.0,318.0,2272.0,0.09171697497367859,0,272.1798920668994,,37,control
1101,248.0,2112.0,532.0,1932.0,0.06525203585624695,0,336.92706725679164,,37,control
1102,250.0,2018.0,253.083713710754,2023.2100788096495,0.05674867704510689,0,6.418364883717552,1.6640403180014136,37,control
1103,444.0,2033.0,716.0,2060.0,0.07399819046258926,0,274.064840897738,,38,check
1104,496.0,1992.0,359.0,2285.0,0.05497116222977638,0,323.0056114790658,,38,check
1105,511.0,2058.0,727.8561678839255,2035.1139542838425,0.057220906019210815,0,218.80464484973035,1.0950101027312171,38,control
1106,478.0,1963.0,590.0,2107.0,0.09986702352762222,0,182.81601799153987,,38,control
1107,647.0,2100.0,370.4267246200681,2142.432458039407,0.05036786571145058,0,279.0232213258771,1.1187702839489402,38,control
1108,501.0,2056.0,617.1636757886623,2065.613588933714,0.051434338092803955,0,117.30270830655095,1.3772849114350203,38,control
1109,619.0,2162.0,742.4226922311198,1985.797465931323,0.07743939757347107,0,215.61653492493122,2.7379033480723867,38,control
1110,643.0,2078.0,529.0,2105.0,0.060946960002183914,0,116.39062926132941,,38,control
1111,617.0,2057.0,714.8084856334042,1992.797049138931,0.05443328619003296,0,117.6621170458252,3.61387156820243,38,control
1112,446.0,1985.0,552.0,2116.0,0.051942434161901474,0,168.91545852832954,,38,control
1113,588.0,1978.0,355.0,1838.0,0.07053455710411072,0,271.18460551175303,,38,control
1114,596.0,1964.0,520.0,1899.0,0.06377620249986649,0,99.4697794538235,,38,control
1115,608.0,2149.0,592.2234869171929,2102.7750562216524,0.0503479428589344,0,48.69580424316521,1.7232857958013306,38,control
1116,440.0,2153.0,553.0,2161.0,0.07722671329975128,0,114.02991709114097,,38,check
1117,531.0,2079.0,539.0,2213.0,0.05147058144211769,0,134.1753386058168,,38,control
1118,601.0,2103.0,478.10327805985617,1844.0496824647892,0.053543414920568466,0,286.3636647349923,1.1193800146674127,38,control
1119,601.0,2103.0,590.9782658852694,2091.298334533797,0.05051698908209801,0,15.001106090027486,0.511388295582551,38,control
1120,522.0,2048.0,449.0,2088.0,0.07457290589809418,0,82.51728087709112,,38,control
1121,522.0,2048.0,352.0,2043.0,0.1002986878156662,0,169.29228840949304,,38,control
1122,474.0,2137.0,319.0,1834.0,0.05527476221323013,0,340.04718541239106,,38,control
1123,482.0,2131.0,400.06960507478715,2096.2292234282354,0.06542963534593582,0,88.32879113634182,1.5820464811639796,38,control
1124,465.0,1958.0,369.0,2159.0,0.06603961437940598,0,222.31489521886814,,38,check
1125,526.0,2027.0,503.0,2166.0,0.06718684732913971,0,140.66269445698356,,38,control
1126,446.0,2009.0,639.2393059464131,2271.9458459703787,0.05457239970564842,0,326.6637134663024,2.8019360514290996,38,check
1127,582.0,2040.0,778.0,2255.0,0.05580262839794159,0,291.3415678385749,,38,control
1128,461.0,2036.0,375.0,1866.0,0.06378742307424545,0,190.2275254957323,,38,control
1129,642.0,2028.0,372.0,2074.0,0.07683783024549484,0,273.1038557660716,,38,control
1130,454.0,2036.0,637.0,2148.0,0.08152003586292267,0,215.13840261039715,,38,control
1131,746.0,1957.0,748.0,1957.0,0.053248330950737,1,2.740833609233423,,39,check
1132,739.0,2148.0,670.0,2150.0,0.06283827871084213,0,68.28394642014997,,39,control
1133,821.0,2150.0,718.0,2164.0,0.08247610926628113,0,103.20425522930316,,39,control
1134,743.0,1988.0,715.3874578417341,2056.0390646057813,0.057007987052202225,0,73.07377522398836,1.4447131296966416,39,check
1135,746.0,2040.0,735.7040348818321,1966.827893434459,0.058816712349653244,0,73.8669610332486,1.3724964949505232,39,control
1136,659.0,2120.0,809.0,2078.0,0.06809142231941223,0,156.4934022888859,,39,check
1137,789.0,2013.0,725.0,2016.0,0.077488012611866,0,63.32674860963822,,39,control
1138,698.0,1992.0,616.0,2271.0,0.05503012239933014,0,290.481100539775,,39,control
1139,825.0,2069.0,545.0,1973.0,0.05350915715098381,0,295.3042354941961,,39,control
1140,663.0,2058.0,710.3657985278057,2171.8414338944585,0.05808442085981369,0,123.49509262539884,1.617265663169178,39,control
1141,660.0,2096.0,587.0,2024.0,0.05393895506858826,0,102.05636964919157,,39,control
1142,802.0,2121.0,674.0,2166.0,0.055967994034290314,0,134.94705209242576,,39,control
1143,696.0,2040.0,657.0,2192.0,0.0623452253639698,0,156.63973481084557,,39,control
1144,763.0,2106.0,730.0,2033.0,0.06392770260572433,0,79.8860786503334,,39,control
1145,660.0,1994.0,558.0,2261.0,0.10155116021633148,0,285.4440756136105,,39,control
1146,803.0,2091.0,682.1956933566166,2135.902947196376,0.07013409584760666,0,128.1510335877567,2.088629360780539,39,check
1147,669.0,2125.0,552.0,2251.0,0.06305117905139923,0,171.34878717843281,,39,control
1148,754.0,2158.0,574.0,2129.0,0.06549990922212601,0,181.5918958743767,,39,control
1149,688.0,2014.0,588.0,2283.0,0.11790356785058975,0,286.61624573115165,,39,check
1150,688.0,2014.0,660.0,2255.0,0.062355898320674896,0,242.42600375642843,,39,control
1151,700.0,2007.0,569.4910545785442,2257.264025179806,0.05125090852379799,0,281.8008635846601,0.6544366551728755,39,control
1152,780.0,1976.0,639.0,2007.0,0.05401737987995148,0,143.61620186154553,,39,control
1153,734.0,1982.0,708.0,2232.0,0.059195518493652344,0,251.16684875758358,,39,control
1154,734.0,1982.0,680.0,2209.0,0.05061469227075577,0,233.06203826620882,,39,control
1155,741.0,2091.0,688.0,2138.0,0.06052333489060402,0,70.22083158049018,,39,control
1156,168.0,2242.0,315.0,2412.0,0.06073709577322006,0,225.14303289453684,,40,control
1157,168.0,2242.0,263.0,2245.0,0.05848126858472824,0,95.83128426659735,,40,control
1158,114.0,2218.0,317.46429486617143,2185.126288176282,0.06146402657032013,0,206.8948612737304,2.4240738702643863,40,control
1159,87.0,2253.0,249.9843995678225,2416.5449166762114,0.05296016111969948,0,231.3427693359913,2.35595014201766,40,control
1160,96.0,2310.0,314.0,2470.0,0.053858257830142975,0,270.95085651734274,,40,control
1161,198.0,2325.0,316.0,2486.0,0.059978190809488297,0,199.94861242600265,,40,control
1162,60.0,2340.0,102.0,2484.0,0.05202837288379669,0,150.07388321020642,,40,check
1163,21.0,2348.0,16.0,2082.0,0.07838170975446701,0,266.1458826040209,,40,control
1164,170.0,2302.0,306.4132339815684,2451.9749630083957,0.06806737184524536,0,203.14794608385748,1.0137902935167644,40,control
1165,86.0,2208.0,314.0,2470.0,0.06745447963476181,0,347.71163391906833,,40,control
1166,31.0,2244.0,29.0,2518.0,0.1031714454293251,0,273.8375674996463,,40,control
1167,59.0,2254.0,60.0,2258.0,0.061205945909023285,0,4.270758438300308,,40,control
1168,98.0,2383.0,174.0,2226.0,0.053298287093639374,0,174.8896754932678,,40,control
1169,192.0,2234.0,180.0,2381.0,0.07423792779445648,0,147.28364087210508,,40,check
1170,18.0,2328.0,18.0,2340.0,0.0639328882098198,0,11.88389535863657,,40,control
1171,72.0,2364.0,314.0,2470.0,0.058431923389434814,0,264.84648038517275,,40,control
1172,70.0,2354.0,151.0,2462.0,0.051705971360206604,0,135.35512414473772,,40,control
1173,25.0,2296.0,24.0,2489.0,0.1790803223848343,0,192.83837272656592,,40,control
1174,175.0,2187.0,299.0,2409.0,0.07092998176813126,0,254.53938669167786,,40,control
1175,76.0,2332.0,137.0,2455.0,0.08577852696180344,0,137.5134584714363,,40,control
1176,76.0,2332.0,155.0,2446.0,0.05728145316243172,0,139.0268536731749,,40,check
1177,154.0,2369.0,86.0,2422.0,0.05834772437810898,0,85.488990236737,,40,check
1178,39.0,2268.0,31.0,2168.0,0.0549122579395771,0,100.38013018728277,,40,check
1179,46.0,2197.0,264.0,2081.0,0.05876447632908821,0,247.69115581827907,,40,control
1180,82.0,2322.0,287.0066486295744,2480.9629985634397,0.05177048221230507,0,259.9384167457118,2.5625090863968736,40,control
1181,34.0,2303.0,42.0,2501.0,0.06555971503257751,0,198.0333376593136,,40,control
1182,16.0,2196.0,16.0,2160.0,0.09456071257591248,0,36.13180266262788,,40,control
1183,25.0,2205.0,35.0,2141.0,0.06345340609550476,0,65.02590623268064,,40,control
1184,297.0,2350.0,529.289187190306,2036.871570680327,0.05565232038497925,0,390.4089957991005,1.2198371984148517,41,control
1185,278.0,2273.0,438.72581688022944,2486.793421271988,0.07871545851230621,0,267.8096234044242,1.1890971759758444,41,control
1186,335.0,2214.0,572.0,2095.0,0.0621819794178009,0,265.9167549859439,,41,check
1187,238.0,2256.0,153.6818407983486,2298.2828945431725,0.05884426459670067,0,93.55151711630084,8.64347295781448,41,control
1188,255.0,2291.0,414.97607537399875,2081.0361868272357,0.05076383799314499,0,264.51375974666564,0.7285999477249634,41,control
1189,238.0,2248.0,152.0,2085.0,0.12403824180364609,0,184.01713745040726,,41,control
1190,429.0,2353.0,279.0,2292.0,0.05805329233407974,0,161.2514316973933,,41,control
1191,282.0,2189.0,487.0,2453.0,0.07014589011669159,0,334.5984341725066,,41,control
1192,269.0,2179.0,392.0,2235.0,0.05524560064077377,0,135.80316526871445,,41,check
1193,265.0,2305.0,438.0,2322.0,0.06673187762498856,0,174.58168279072382,,41,control
1194,365.0,2264.0,507.0,2459.0,0.060176365077495575,0,241.55300650476076,,41,control
1195,301.0,2325.0,381.0,2306.0,0.0810096338391304,0,83.0056801753003,,41,control
1196,427.0,2326.0,425.8320795661257,2479.7963873766516,0.05722387507557869,0,153.65027571409541,2.864714824555691,41,control
1197,256.0,2258.0,529.0,2157.0,0.05064248666167259,0,291.83247259895785,,41,control
1198,290.0,2370.0,553.0,2161.0,0.06090748310089111,0,336.588461442609,,41,check
1199,218.0,2228.0,425.0,2284.0,0.058570243418216705,0,215.14988892165832,,41,check
1200,319.0,2352.0,449.0,2501.0,0.061452776193618774,0,198.12663322054902,,41,control
1201,226.0,2359.0,224.0,2488.0,0.0801243931055069,0,128.85108276956953,,41,control
1202,280.0,2306.0,289.0,2480.0,0.055465295910835266,0,174.12326404412656,,41,control
1203,221.0,2346.0,349.0,2221.0,0.0685502290725708,0,179.55084773232397,,41,control
1204,643.0,2358.0,640.0,2218.0,0.06406566500663757,0,140.12592645974655,,42,control
1205,496.0,2284.0,508.0,2222.0,0.052772920578718185,0,63.40984246908358,,42,control
1206,497.0,2262.0,684.4211804798186,2274.009795561468,0.09557223320007324,0,188.53340366115123,2.171650139225366,42,check
1207,628.0,2356.0,692.463473174551,2490.0984496027263,0.053471025079488754,0,148.9804187437596,2.2256247995545992,42,control
1208,542.0,2210.0,713.0,2412.0,0.06548723578453064,0,265.03336993353633,,42,control
1209,599.0,2285.0,375.0,2227.0,0.057905636727809906,0,230.66637714357998,,42,control
1210,644.0,2186.0,479.0,2443.0,0.05785084143280983,0,304.88224891419776,,42,control
1211,463.0,2202.0,445.6908161775948,2395.0182831515376,0.053109824657440186,0,193.5910752149508,3.10075352423112,42,check
1212,535.0,2317.0,391.0,2216.0,0.057347603142261505,0,175.32323952194812,,42,control
1213,544.0,2309.0,396.2203517629876,2213.98198727337,0.0909518450498581,0,175.1037682698342,3.30387881045812,42,control
1214,477.0,2223.0,626.0,2329.0,0.05217878520488739,0,183.3924359191637,,42,control
1215,603.0,2251.0,690.0058146797599,2410.2428922572335,0.08687389642000198,0,181.70018537809048,1.3875260999208054,42,check
1216,477.0,2364.0,413.79200855553137,2356.252171723726,0.06793712079524994,0,62.93711079276557,2.992524589476026,42,control
1217,499.0,2178.0,674.0,2166.0,0.05092479661107063,0,176.15757596510386,,42,control
1218,535.0,2384.0,463.0,2082.0,0.06161088868975639,0,310.3815264068589,,42,check
1219,535.0,2384.0,381.0,2269.0,0.06198888644576073,0,191.65531118438173,,42,control
1220,496.0,2273.0,604.0,2309.0,0.05299782380461693,0,114.5113069028864,,42,control
1221,552.0,2187.0,615.0686432201325,2063.8157233841825,0.05656685307621956,0,138.81521574562137,3.056478278984454,42,check
1222,578.0,2327.0,469.1242864617155,2271.2867863740653,0.06016259640455246,0,121.67923900488134,0.5906565571401441,42,control
1223,495.0,2380.0,533.0,2059.0,0.050999607890844345,0,323.4235935600904,,42,control
1224,495.0,2380.0,460.0,2183.0,0.05027461424469948,0,200.06049818031963,,42,control
1225,442.0,2323.0,425.0,2284.0,0.05781715735793114,0,42.35707827994279,,42,control
1226,579.0,2304.0,382.0,2230.0,0.06974240392446518,0,209.75702448334354,,42,control
1227,453.0,2336.0,549.3022132830249,2091.5176688684664,0.05255107209086418,0,263.13364358350526,0.7271480050380695,42,control
1228,602.0,2189.0,489.0,2071.0,0.10149482637643814,0,162.91946917947405,,42,control
1229,507.0,2370.0,530.0,2035.0,0.058168284595012665,0,335.93114987446353,,42,control
1230,495.0,2194.0,585.0,2127.0,0.10137203335762024,0,112.86472688996446,,42,control
1231,608.0,2288.0,413.1861024700946,2222.9324927409702,0.057469263672828674,0,204.69886555138157,1.2486698522086703,42,control
1232,652.0,2263.0,651.0,2399.0,0.053387824445962906,0,135.87113492466787,,42,control
1233,512.0,2317.0,552.0,2251.0,0.05392662435770035,0,77.6658720720897,,42,control
1234,454.0,2328.0,644.2727306170143,2306.408395040051,0.05182798579335213,0,192.2426903186361,0.8486959492020364,42,check
1235,533.0,2307.0,641.0,2268.0,0.0960954800248146,0,115.5624864380107,,42,control
1236,533.0,2307.0,568.0,2257.0,0.05837373435497284,0,61.56010728540832,,42,control
1237,679.0,2321.0,646.0,2232.0,0.052142951637506485,0,94.76812585357985,,43,control
1238,719.0,2282.0,614.0,2320.0,0.08548451960086823,0,110.92463030344457,,43,control
1239,673.0,2174.0,684.0,2127.0,0.05671527981758118,0,48.53693125018246,,43,control
1240,808.0,2214.0,614.0,2368.0,0.05152128264307976,0,247.03395405486418,,43,control
1241,732.0,2342.0,578.0,2355.0,0.06485474854707718,0,153.79329581525204,,43,control
1242,772.0,2296.0,622.0,2349.0,0.06607884913682938,0,158.34769701530416,,43,control
1243,729.0,2172.0,758.6271041043743,2335.94345821246,0.05032280832529068,0,166.6136855905339,2.98644200426672,43,control
1244,667.0,2250.0,660.0,2255.0,0.07039792090654373,0,7.942535148718364,,43,control
1245,807.0,2379.0,545.0,2234.0,0.0516560859978199,0,298.84263771398975,,43,control
1246,756.0,2336.0,621.0598648495231,2410.0995109223304,0.054010048508644104,0,153.23547915022965,1.375700607103591,43,check
1247,786.0,2305.0,637.0,2449.0,0.054867345839738846,0,206.5893121430721,,43,control
1248,687.0,2266.0,660.0,2255.0,0.07836879044771194,0,28.51401065356836,,43,control
1249,755.0,2192.0,651.0,2399.0,0.05669526755809784,0,231.21198234856973,,43,control
1250,680.0,2269.0,578.0,2240.0,0.08799649029970169,0,105.3518444339905,,43,check
1251,680.0,2269.0,576.0,2329.0,0.07448408752679825,0,119.35775745858983,,43,control
1252,769.0,2327.0,647.0,2471.0,0.06430486589670181,0,188.15342138824772,,43,control
1253,692.0,2216.0,636.0,2248.0,0.05101654678583145,0,63.7980320540947,,43,control
1254,684.0,2242.0,648.5957412705793,2260.5410441677377,0.050971318036317825,0,39.257252634951804,3.328377956889669,43,check
1255,144.0,2457.0,286.3227452564663,2289.0693925958794,0.06572797149419785,0,220.7337167670459,2.862539345186665,44,control
1256,78.0,2436.0,67.0,2661.0,0.05013428255915642,0,225.050504110644,,44,control
1257,19.0,2434.0,19.0,2539.0,0.1848382204771042,0,104.83520528215816,,44,control
1258,123.0,2494.0,330.0,2476.0,0.06932526081800461,0,208.56324754971928,,44,control
1259,193.0,2572.0,317.0,2301.0,0.05578804761171341,0,298.46420531689347,,44,check
1260,31.0,2568.0,31.0,2714.0,0.06917358934879303,0,145.8136857393507,,44,control
1261,144.0,2575.0,73.0,2670.0,0.06929653882980347,0,117.97913049155585,,44,control
1262,18.0,2490.0,19.0,2663.0,0.08732687681913376,0,172.82660622607835,,44,control
1263,124.0,2440.0,57.0,2637.0,0.08423007279634476,0,207.65668876017463,,44,control
1264,175.0,2418.0,206.59484224209075,2634.992690732096,0.05204453319311142,0,219.22370538074938,0.918624692452677,44,control
1265,43.0,2566.0,230.0,2459.0,0.0657956525683403,0,216.20453851599447,,44,control
1266,43.0,2566.0,222.0,2453.0,0.07117927819490433,0,212.4287643980359,,44,control
1267,21.0,2515.0,21.0,2653.0,0.10196323692798615,0,137.82081227225484,,44,control
1268,28.0,2455.0,31.0,2562.0,0.14494778215885162,0,106.89749143634106,,44,check
1269,51.0,2430.0,87.0,2513.0,0.08080988377332687,0,90.64381735602662,,44,control
1270,19.0,2528.0,19.0,2539.0,0.0672956332564354,0,10.862132956119343,,44,control
1271,19.0,2528.0,26.0,2728.0,0.06173250451683998,0,199.96181669801143,,44,control
1272,20.0,2537.0,26.0,2728.0,0.0754435807466507,0,190.93075984265266,,44,check
1273,22.0,2567.0,26.0,2582.0,0.06021670252084732,0,15.586275977761188,,44,check
1274,22.0,2567.0,21.0,2558.0,0.06676626950502396,0,9.172160561732836,,44,control
1275,188.0,2444.0,151.0,2702.0,0.05186260864138603,0,260.34810437290855,,44,control
1276,54.0,2549.0,223.0,2587.0,0.052001576870679855,0,173.94530672217476,,44,control
1277,189.0,2507.0,68.0,2584.0,0.06042291969060898,0,142.6558754566337,,44,control
1278,64.0,2452.0,54.0,2546.0,0.06983313709497452,0,94.28214084964398,,44,control
1279,22.0,2445.0,21.0,2448.0,0.056672558188438416,0,2.8494308276201386,,44,control
1280,56.0,2445.0,53.278999984539766,2546.9812087737264,0.08443982154130936,0,101.83160663787552,1.8800704304443054,44,control
1281,102.0,2420.0,54.0,2546.0,0.06344472616910934,0,134.39267113476578,,44,control
1282,40.0,2392.0,39.0,2707.0,0.09759225696325302,0,314.8126759098208,,44,control
1283,171.0,2475.0,251.0,2335.0,0.06353440135717392,0,161.7540111821111,,44,check
1284,106.0,2525.0,222.8624526974787,2477.4007798973325,0.08002510666847229,0,126.96931209413793,5.2216973429314715,44,control
1285,208.0,2569.0,198.0,2385.0,0.05342375114560127,0,184.3733065982369,,44,control
1286,27.0,2465.0,38.0,2615.0,0.10415305197238922,0,150.28776963376532,,44,check
1287,123.0,2511.0,264.0,2339.0,0.0633944720029831,0,223.01007669990162,,44,control
1288,163.0,2548.0,280.0,2668.0,0.05529576167464256,0,168.01276569349753,,44,control
1289,305.0,2487.0,352.0,2427.0,0.051076482981443405,0,76.80653655135949,,45,control
1290,366.0,2405.0,494.0,2704.0,0.050697486847639084,0,325.38249589234977,,45,control
1291,344.0,2525.0,201.0,2399.0,0.08401879668235779,0,190.09503601001518,,45,control
1292,344.0,2525.0,331.0,2386.0,0.0607546865940094,0,139.67469976419804,,45,control
1293,244.0,2483.0,174.7062533523462,2429.387396191228,0.05733199417591095,0,87.07921878554679,2.6909502833294163,45,check
1294,246.0,2472.0,417.0,2423.0,0.0553787499666214,0,178.6545022712833,,45,check
1295,232.0,2557.0,191.97157984484625,2500.0984641596688,0.05671551078557968,0,69.2497550585591,1.8365941700380817,45,control
1296,410.0,2409.0,406.0,2285.0,0.07126719504594803,0,124.16597218998054,,45,control
1297,358.0,2515.0,331.0,2386.0,0.06165793538093567,0,131.77460549449944,,45,control
1298,404.0,2539.0,403.0,2522.0,0.055516842752695084,0,17.154170817285397,,45,control
1299,357.0,2497.0,401.0,2293.0,0.06160873547196388,0,208.97700501806372,,45,control
1300,416.0,2390.0,311.0,2705.0,0.05726216733455658,0,331.62890904087396,,45,check
1301,435.0,2430.0,523.0,2364.0,0.05233155936002731,0,110.68036990253094,,45,control
1302,247.0,2539.0,211.0,2573.0,0.07583983987569809,0,48.836719987697684,,45,control
1303,378.0,2447.0,166.0,2361.0,0.05320531129837036,0,228.0955527678936,,45,control
1304,561.0,2487.0,356.3379918479302,2423.222755341146,0.05960999056696892,0,213.67583762354693,2.3063666171272277,46,control
1305,561.0,2441.0,334.0,2558.0,0.051206570118665695,0,254.62199023403528,,46,control
1306,637.0,2435.0,400.1516825289755,2411.3573583427924,0.054169733077287674,0,237.277276922893,1.2832651801915897,46,control
1307,518.0,2393.0,401.0,2387.0,0.09027102589607239,0,116.39525771675308,,46,control
1308,651.0,2506.0,443.9737793118096,2415.4067231991503,0.05148483067750931,0,225.33925652104463,1.3924384849630471,46,control
1309,622.0,2572.0,478.94257875375087,2288.8695185352267,0.06098206341266632,0,316.98622121607974,1.3473271171127943,46,control
1310,508.0,2496.0,773.0,2430.0,0.11270734667778015,0,273.8253803539192,,46,control
1311,610.0,2440.0,606.0,2533.0,0.0676875039935112,0,92.91053703458368,,46,control
1312,577.0,2546.0,409.0,2646.0,0.07490920275449753,0,194.77403934899104,,46,control
1313,618.0,2390.0,409.0,2646.0,0.057509686797857285,0,329.8722695668373,,46,control
1314,652.0,2441.0,653.0741594316347,2451.936766558619,0.05473961681127548,0,10.951668712151196,1.067760354297558,46,check
1315,613.0,2591.0,628.4611341800161,2495.499598513691,0.05134551599621773,0,97.00362933592072,1.2622983954515001,46,check
1316,452.0,2459.0,637.0,2449.0,0.051590271294116974,0,186.012450286217,,46,control
1317,478.0,2512.0,713.0,2530.0,0.06700793653726578,0,236.399583989887,,46,control
1318,604.0,2583.0,425.0,2653.0,0.06258127093315125,0,191.43678954348167,,46,check
1319,483.0,2408.0,534.0,2671.0,0.05225782468914986,0,267.8785007620551,,46,control
1320,594.0,2580.0,573.0,2682.0,0.0580577626824379,0,103.83082767243422,,46,check
1321,497.0,2389.0,529.0,2583.0,0.0704357698559761,0,196.5906949775967,,46,control
1322,453.0,2524.0,649.0,2592.0,0.09727971255779266,0,208.10063191585266,,46,control
1323,574.0,2572.0,576.0,2572.0,0.1144384816288948,1,2.743401111989314,,46,control
1324,574.0,2532.0,600.0,2393.0,0.07710869610309601,0,141.6769781259533,,46,control
1325,619.0,2535.0,616.0,2295.0,0.05551683157682419,0,240.1284426296477,,46,control
1326,784.0,2510.0,678.0,2483.0,0.06193477660417557,0,108.71181615222429,,47,control
1327,784.0,2510.0,661.0,2487.0,0.08766202628612518,0,124.4384065000322,,47,control
1328,801.0,2572.0,733.3987381567833,2598.2909180692136,0.054713137447834015,0,71.8089762099987,0.7953443982361108,47,control
1329,717.0,2453.0,667.0,2467.0,0.05084075778722763,0,51.181423848743684,,47,check
1330,775.0,2443.0,769.0,2524.0,0.057922378182411194,0,81.03232126106127,,47,control
1331,826.0,2557.0,678.0,2483.0,0.057442136108875275,0,164.87855148931942,,47,check
1332,817.0,2475.0,670.0,2666.0,0.05338219180703163,0,240.4499829733742,,47,control
1333,655.0,2577.0,660.0,2579.0,0.05570456013083458,0,6.019995230260616,,47,check
1334,663.0,2453.0,569.0,2517.0,0.0720115527510643,0,113.0238288055845,,47,check
1335,816.0,2494.0,727.8515784693818,2511.116955952457,0.054426319897174835,0,89.05851034929962,1.4483703980360152,47,control
1336,708.0,2462.0,647.8437610355322,2490.0671278732725,0.06328694522380829,0,65.65814195697263,2.5089288620094226,47,control
1337,660.0,2490.0,664.0,2505.0,0.0581616573035717,0,15.593571915972232,,47,control
1338,751.0,2451.0,624.0,2426.0,0.053853489458560944,0,128.73871874430867,,47,control
1339,819.0,2460.0,679.5310290984299,2443.7351984406823,0.05113070085644722,0,139.70354005243615,2.6547531379948754,47,control
1340,683.0,2388.0,682.0,2414.0,0.05309002101421356,0,25.871543230037652,,47,control
1341,750.0,2483.0,637.0,2449.0,0.08235463500022888,0,117.33891974792235,,47,control
1342,795.0,2563.0,724.0,2584.0,0.055263079702854156,0,73.30699307865139,,47,control
1343,659.0,2418.0,789.7747805068491,2547.6524428904877,0.06467781960964203,0,184.55974533020367,3.6036919832388965,47,control
1344,707.0,2443.0,636.177669214887,2447.230340601721,0.07539541274309158,0,70.20558924420303,1.451388510147023,47,control
1345,745.0,2496.0,723.0,2525.0,0.06079714372754097,0,35.853916876688764,,47,control
1346,819.0,2452.0,752.9214806224152,2499.283991056165,0.07652949541807175,0,80.5882074675568,1.8978956636958155,47,control
1347,715.0,2526.0,688.1005553132347,2532.1203498284867,0.06433223187923431,0,26.846072642811823,0.6057833256496182,47,control
1348,201.0,2652.0,307.2431324020722,2748.795045667946,0.059773173183202744,0,144.16891125772725,2.5967307930039847,48,control
1349,90.0,2699.0,127.0,2573.0,0.05114109441637993,0,131.7070175722948,,48,control
1350,105.0,2698.0,251.0,2651.0,0.06359690427780151,0,154.16988492804975,,48,control
1351,20.0,2705.0,24.0,2918.0,0.0726480484008789,0,212.84072828627708,,48,check
1352,94.0,2642.0,120.0,2728.0,0.07827630639076233,0,89.89704660189359,,48,control
1353,55.0,2662.0,90.0,2742.0,0.058746736496686935,0,87.46831227080928,,48,check
1354,22.0,2802.0,21.0,2653.0,0.05942565202713013,0,149.1816571795982,,48,check
1355,214.0,2803.0,96.67724134134275,2554.845667140811,0.08785790205001831,0,274.3022274696691,1.0585412313584994,48,check
1356,30.0,2766.0,40.0,2920.0,0.0571451410651207,0,154.16522064140588,,48,control
1357,63.0,2690.0,245.0,2916.0,0.05575323477387428,0,290.4943960229332,,48,control
1358,40.0,2713.0,49.0,2886.0,0.07605955749750137,0,173.06866299203145,,48,control
1359,22.0,2625.0,28.0,2903.0,0.09777562320232391,0,277.8717419884042,,48,check
1360,22.0,2625.0,21.0,2653.0,0.06648528575897217,0,27.819170318494876,,48,control
1361,209.0,2604.0,138.0,2747.0,0.06181057542562485,0,159.13862351879578,,48,control
1362,153.0,2673.0,289.4611521230387,2712.1109841986413,0.059983860701322556,0,142.64540360651316,0.8237495235980352,48,control
1363,32.0,2743.0,31.91294853192739,2650.1597784992073,0.0629633441567421,0,93.02377411838498,1.1918777979912438,48,control
1364,182.0,2760.0,127.0,2573.0,0.057108890265226364,0,194.85979565006406,,48,control
1365,62.0,2702.0,248.0,2782.0,0.051977016031742096,0,203.10903071812663,,48,control
1366,32.0,2629.0,28.0,2903.0,0.0827115997672081,0,273.8074612640822,,48,control
1367,202.0,2770.0,195.0,2878.0,0.06033076345920563,0,107.9771212666957,,48,control
1368,28.0,2721.0,35.0,2595.0,0.06295168399810791,0,126.41514549976712,,48,check
1369,183.0,2749.0,181.0,2753.0,0.05634771287441254,0,4.002390413035421,,48,control
1370,217.0,2630.0,208.0,2808.0,0.050547633320093155,0,177.99648006242535,,48,control
1371,29.0,2684.0,42.0,2731.0,0.10136914253234863,0,48.801016177779346,,48,control
1372,29.0,2684.0,39.0,2846.0,0.055623069405555725,0,162.15557796398633,,48,check
1373,116.0,2725.0,317.0,2792.0,0.082818403840065,0,212.53707591940508,,48,control
1374,28.0,2794.0,26.0,2728.0,0.07681088894605637,0,66.20124301644951,,48,control
1375,197.0,2698.0,195.0,2701.0,0.08314823359251022,0,3.0712689917258373,,48,control
1376,19.0,2674.0,19.0,2663.0,0.05041871592402458,0,11.211584421553216,,48,control
1377,149.0,2698.0,54.0,2618.0,0.09580491483211517,0,123.70048212921725,,48,control
1378,169.0,2647.0,99.29145072142302,2528.881610011855,0.061290107667446136,0,136.89183307407993,1.6771223728425804,48,control
1379,25.0,2665.0,26.0,2728.0,0.06324205547571182,0,62.83541868822845,,48,control
1380,73.0,2749.0,39.0,2846.0,0.0513160303235054,0,102.33317150893696,,48,control
1381,28.0,2648.0,31.0,2627.0,0.06421855837106705,0,21.516754232484242,,48,check
1382,185.0,2725.0,116.06207510285438,2627.4074206655796,0.11372635513544083,0,119.17352897955668,1.5386146908319258,48,control
1383,215.0,2704.0,102.0,2704.0,0.05072855204343796,0,112.20864204664458,,48,control
1384,198.0,2718.0,192.0,2721.0,0.05661865696310997,0,5.931148152736179,,48,control
1385,137.0,2798.0,261.27064846335765,2796.4697814960027,0.06267527490854263,0,125.05165074608765,1.7876412519298135,48,control
1386,53.0,2720.0,63.0,2691.0,0.0640225037932396,0,31.117685329310785,,48,control
1387,23.0,2655.0,25.0,2941.0,0.17163263261318207,0,285.7976593081407,,48,control
1388,376.0,2706.0,470.0,2817.0,0.06436391919851303,0,145.7948340150406,,49,control
1389,366.0,2659.0,123.0,2799.0,0.05333926901221275,0,279.66599074950716,,49,control
1390,387.0,2731.0,436.0,2738.0,0.050423722714185715,0,50.21585543925696,,49,control
1391,321.0,2668.0,208.14017454121773,2660.6467618699003,0.05108102411031723,0,112.33216819662415,5.524973878797537,49,control
1392,334.0,2728.0,385.0,2911.0,0.05248021334409714,0,189.98416673290492,,49,control
1393,297.0,2783.0,542.0,2700.0,0.07657473534345627,0,259.43139520091745,,49,check
1394,404.0,2738.0,539.0,2612.0,0.052292272448539734,0,185.31578671407968,,49,control
1395,404.0,2738.0,472.0,2590.0,0.057980846613645554,0,163.33273162142814,,49,check
1396,314.0,2798.0,197.04453899031463,2603.0339840753536,0.06408730894327164,0,227.09851188233557,1.289418865348579,49,control
1397,222.0,2746.0,110.0,2721.0,0.0539790578186512,0,114.02648069974698,,49,control
1398,291.0,2671.0,461.0,2596.0,0.05190454423427582,0,186.56158948855716,,49,control
1399,385.0,2634.0,151.0,2778.0,0.05951468273997307,0,273.99065384488347,,49,control
1400,273.0,2738.0,320.9739269787796,2709.357618070861,0.09658727049827576,0,56.622362960512994,1.1208927470434547,49,control
1401,363.0,2812.0,284.0,2842.0,0.12474669516086578,0,83.72019503674674,,49,control
1402,294.0,2804.0,480.28340567707005,2757.9492801548117,0.05259627476334572,0,192.65625778196454,0.9155223166150223,49,check
1403,294.0,2804.0,204.0,2730.0,0.050296660512685776,0,116.03374437122257,,49,control
1404,395.0,2711.0,510.0,2905.0,0.053359825164079666,0,225.73250355370675,,49,control
1405,286.0,2656.0,334.0,2558.0,0.05338004603981972,0,109.60667649476575,,49,control
1406,235.0,2683.0,387.8646154486718,2806.2155535723823,0.055277928709983826,0,196.81092949437542,1.9215661078683912,49,control
1407,298.0,2625.0,276.0,2508.0,0.05014276131987572,0,119.06195791780081,,49,control
1408,434.0,2803.0,109.0,2531.0,0.09513064473867416,0,423.29768859634885,,49,check
1409,221.0,2783.0,474.0,2623.0,0.054044436663389206,0,300.06799779053404,,49,control
1410,650.0,2614.0,672.0,2685.0,0.05517909303307533,0,74.39276142429367,,50,control
1411,526.0,2792.0,612.0,2546.0,0.051270775496959686,0,260.9827437045076,,50,control
1412,558.0,2728.0,632.0,2468.0,0.054300837218761444,0,270.6608433207502,,50,control
1413,578.0,2680.0,637.0,2738.0,0.07058481872081757,0,83.13527080463132,,50,control
1414,615.0,2762.0,752.0,2516.0,0.0507594496011734,0,282.04879589142104,,50,check
1415,643.0,2785.0,626.0,2551.0,0.050105929374694824,0,234.71256690140618,,50,control
1416,498.0,2805.0,721.0,2831.0,0.0631408542394638,0,225.1979918574292,,50,control
1417,445.0,2784.0,305.0,2486.0,0.05846530944108963,0,329.0563148972047,,50,control
1418,445.0,2784.0,713.0,2530.0,0.05020594596862793,0,369.8664465640308,,50,control
1419,22.0,2912.0,24.0,2918.0,0.11614399403333664,0,6.425708620221419,,52,control
1420,38.0,3018.0,30.0,2836.0,0.11886719614267349,0,182.34557523211902,,52,check
1421,210.0,3004.0,206.0,2998.0,0.12597708404064178,0,7.006142426085268,,52,control
1422,26.0,3014.0,25.0,2941.0,0.23273418843746185,0,73.21627783185895,,52,control
1423,119.0,2930.0,285.89492455114396,2691.716206308877,0.10539158433675766,0,291.50473812405147,3.7702734521866024,52,control
1424,356.0,2828.0,488.09214885989064,2736.9586396394,0.0593191534280777,0,161.13948103550263,0.7358090400399415,53,control
1425,371.0,2931.0,343.05067483090005,3057.8705227208998,0.07147522270679474,0,129.5392035418056,1.2331563327058264,53,control
1426,279.0,2855.0,306.0,2722.0,0.07273352891206741,0,136.0435979422406,,53,control
1427,328.0,2840.0,551.174414869479,2715.4774699708405,0.05343906953930855,0,256.29040050540266,0.9775807036464641,53,control
1428,334.0,2951.0,311.0,2819.0,0.05283385142683983,0,134.04877447569874,,53,control
1429,316.0,2949.0,148.0,3038.0,0.09672786295413971,0,189.32960827029433,,53,control
1430,237.0,2895.0,507.0,2807.0,0.08881738781929016,0,284.7385177006585,,53,control
1431,384.0,3000.0,511.0,2953.0,0.06375634670257568,0,136.17560459410132,,53,control
1432,384.0,3000.0,451.0,2800.0,0.0665113776922226,0,211.3368994195131,,53,control
1433,279.0,2830.0,538.3990107009432,2753.5609039387145,0.06570947170257568,0,271.1839780602348,1.1114273611918846,53,control
1434,421.0,2878.0,378.0,2716.0,0.06680534034967422,0,167.5877975974574,,53,control
1435,328.0,2942.0,162.0,3028.0,0.06200696900486946,0,186.1662393766658,,53,check
1436,410.0,2957.0,240.0,2956.0,0.0749470591545105,0,169.23815253938224,,53,check
1437,384.0,2937.0,174.0,3143.0,0.0503765232861042,0,293.45766533913854,,53,control
1438,334.0,2959.0,163.25087434090437,3038.240072041246,0.09420941770076752,0,187.4453536050795,1.0349565082167187,53,control
1439,311.0,2971.0,145.0,2804.0,0.051559291779994965,0,235.05528589369567,,53,check
1440,301.0,2854.0,431.0,2720.0,0.06062082201242447,0,187.34715267591127,,53,control
1441,293.0,2881.0,135.57058241214764,3025.2988082219354,0.07354046404361725,0,212.83384418703102,0.7233779858037215,53,control
1442,333.0,2967.0,428.0,2819.0,0.06797579675912857,0,176.429107321097,,53,control
1443,276.0,2952.0,253.0,3020.0,0.08269916474819183,0,71.33702999184493,,53,control
1444,223.0,2896.0,322.0,3025.0,0.05238112062215805,0,162.89944245131596,,53,control
1445,316.0,2958.0,148.0,3038.0,0.10509655624628067,0,185.28011515281315,,53,check
1446,292.0,2891.0,433.9767739622771,2922.227321032271,0.05626101419329643,0,146.05463926263766,3.622435345643519,53,control
1447,296.0,2977.0,445.0,2934.0,0.05349678173661232,0,155.84944008096775,,53,control
1448,283.0,3015.0,555.0,2958.0,0.05861426144838333,0,278.6619860965295,,53,control
1449,272.0,2945.0,253.0,3002.0,0.06521856039762497,0,59.641259259078076,,53,check
1450,596.0,2892.0,617.932023373709,2922.1689314493315,0.07141556590795517,0,37.57329031950995,4.7820032465532645,54,control
1451,441.0,2971.0,583.0,2935.0,0.09444273263216019,0,147.24390393308602,,54,control
1452,624.0,2954.0,626.5644532112065,2957.7195558326057,0.0862385481595993,0,4.8159446179940275,2.1587989886560304,54,control
1453,646.0,2872.0,399.7130297432742,2833.2741212998603,0.07358239591121674,0,248.60055250970234,1.1362918457919782,54,control
1454,460.0,2889.0,462.26440927197575,2873.3270175809275,0.06314156204462051,0,16.14803880423708,1.9639345030465538,54,control
1455,526.0,2891.0,477.0,2719.0,0.05496450886130333,0,178.8077329507917,,54,control
1456,513.0,2926.0,549.1141851368515,3118.3872350352426,0.052513789385557175,0,195.6670853878777,1.5617746052897596,54,control
1457,481.0,2965.0,585.0,2827.0,0.057929493486881256,0,173.38599302421866,,54,check
1458,529.0,2980.0,339.0,2717.0,0.07495298236608505,0,324.1504952036287,,54,check
1459,436.0,2892.0,602.1361674127934,2924.8021991845517,0.08609101176261902,0,170.01626594838064,3.785526963635687,54,control
1460,473.0,2977.0,423.8949959912478,2829.691722984445,0.05270140618085861,0,155.2215416405121,1.4057489061418451,54,control
1461,568.0,2928.0,749.9818339694077,2971.248539653318,0.053003061562776566,0,187.69099968403472,0.5749918213204328,54,control
1462,607.0,3030.0,692.0,2861.0,0.057506293058395386,0,189.6577054770691,,54,check
1463,442.0,2834.0,576.0,3166.0,0.0605054572224617,0,358.08446426919363,,54,control
1464,584.0,2925.0,435.0,2934.0,0.051360681653022766,0,148.5173707159267,,54,check
1465,550.0,2940.0,521.4563009919424,3085.431284402702,0.05232212319970131,0,147.85525355952885,1.0884902317850864,54,control
1466,450.0,2946.0,459.0,3063.0,0.05409321188926697,0,117.18958535198557,,54,control
1467,598.0,2964.0,600.0,2964.0,0.09014541655778885,1,2.7298982156967155,,54,control
1468,459.0,2878.0,408.0,2945.0,0.07038886845111847,0,83.58974391466995,,54,control
1469,451.0,2867.0,449.0,2857.0,0.054547879844903946,0,10.268201427773212,,54,control
1470,567.0,2974.0,744.0,2816.0,0.06055176258087158,0,237.90893660947808,,54,control
1471,552.0,3022.0,626.0,3167.0,0.10638124495744705,0,162.9188512056525,,54,control
1472,642.0,2914.0,637.864242659188,2912.8280704753643,0.05995088070631027,0,3.677852308906407,2.4569559127933376,54,control
1473,536.0,2851.0,591.0,2981.0,0.050590407103300095,0,141.25444507633765,,54,control
1474,820.0,3030.0,795.2900070121328,3090.828709771269,0.06593293696641922,0,65.20503167730823,2.7273202631620315,55,control
1475,666.0,2914.0,655.57075741713,2919.0257625545046,0.05503123253583908,0,10.848406976262709,2.092941748133092,55,check
1476,719.0,2882.0,613.0,2880.0,0.06324242055416107,0,105.29872901924121,,55,control
1477,729.0,2961.0,810.0,3121.0,0.06670893728733063,0,179.4611885768648,,55,check
1478,698.0,2868.0,597.0,2859.0,0.059443794190883636,0,100.69324498963432,,55,control
1479,681.0,2880.0,585.0,2876.0,0.07270471006631851,0,95.36452252722006,,55,control
1480,792.0,3004.0,833.3406430654098,2988.791872092251,0.09291716665029526,0,44.7672354158291,3.5024709056016197,55,control
1481,792.0,3004.0,792.0,3000.0,0.06070877984166145,0,4.254125064622702,,55,control
1482,659.0,2997.0,578.0,2868.0,0.05144788697361946,0,152.09546673497343,,55,check
1483,802.0,2983.0,762.8026350642152,3112.8402792528395,0.0631275475025177,0,135.22559250202394,1.85482698084673,55,control
1484,785.0,3006.0,783.4090751890676,3005.826872663341,0.08002547919750214,1,0.965677356002323,1.6023605636395117,55,control
1485,763.0,2975.0,554.0,2934.0,0.07085641473531723,0,212.30612414669122,,55,control
1486,787.0,3034.0,577.0,3120.0,0.06232067197561264,0,226.1782937023376,,55,control
1487,676.0,2986.0,587.0,3090.0,0.12244612723588943,0,136.2528838809025,,55,control
1488,764.0,2990.0,800.0,2978.0,0.06022217124700546,0,38.67085322350341,,55,control
1489,720.0,3014.0,736.9641775017906,2711.617525971268,0.062394749373197556,0,303.0622570135716,1.474304279114199,55,control
1490,720.0,3014.0,718.7274529794371,3013.7818213283663,0.08705557882785797,1,0.7040013474637727,0.2846446350972211,55,control
1491,721.0,2896.0,676.0,2988.0,0.07953192293643951,0,101.92540650718448,,55,check
1492,668.0,2974.0,557.0,2948.0,0.05125518515706062,0,113.34100899473624,,55,control
1493,677.0,2901.0,554.0,2934.0,0.082713782787323,0,126.59461307845389,,55,control
1494,656.0,2931.0,655.0232105699333,2930.7030721076926,0.07953768223524094,1,0.5543200609452062,0.9237806536916211,55,check
1495,711.0,2954.0,747.8174209550837,2972.001416411897,0.053596656769514084,0,41.5329574918199,1.4771751700406983,55,control
1496,761.0,2901.0,545.0,2813.0,0.06187824159860611,0,232.62715265845725,,55,control
1497,677.0,2942.0,801.0,2805.0,0.05094176530838013,0,185.3845725005203,,55,control
1498,744.0,2935.0,686.0,2976.0,0.05379313603043556,0,70.33344141077154,,55,control
1499,773.0,2965.0,654.0,2778.0,0.0710877999663353,0,221.4132927300611,,55,control
1500,656.0,2833.0,809.0,2834.0,0.05325346812605858,0,153.70427389219213,,55,control
1501,175.0,3099.0,274.81655439962174,3168.033026075287,0.11064127832651138,0,121.8515037280453,0.7255075214357922,56,check
1502,106.0,3158.0,308.0,3065.0,0.12553636729717255,0,223.15787308944556,,56,control
1503,38.0,3048.0,42.948186596756656,3294.2212774818136,0.10627131164073944,0,246.03013471376124,1.0084001621003522,56,control
1504,26.0,3152.0,27.0,3307.0,0.11897777020931244,0,154.7503526608075,,56,control
1505,22.0,3044.0,22.0,3118.0,0.13015097379684448,0,73.76684532437078,,56,control
1506,113.0,3147.0,135.0,3027.0,0.10136999934911728,0,122.36097542805388,,56,control
1507,26.0,3035.0,25.0,2941.0,0.2626931369304657,0,94.21621230861712,,56,control
1508,159.0,3112.0,156.77365790463358,3110.8934481806414,0.14781849086284637,1,1.9773345416883317,1.0133915076892648,56,control
1509,37.0,3104.0,52.0,3279.0,0.10357790440320969,0,175.455177455084,,56,control
1510,317.0,3169.0,367.0,3073.0,0.05168216675519943,0,108.78199679623737,,57,control
1511,413.0,3155.0,200.0,2990.0,0.05954384058713913,0,268.9570876804601,,57,check
1512,331.0,3141.0,115.0,3261.0,0.06722338497638702,0,246.29951394308137,,57,control
1513,232.0,3186.0,288.0,3194.0,0.06544267386198044,0,57.28058748557367,,57,control
1514,410.0,3045.0,155.0,3085.0,0.05318165570497513,0,257.3201831553075,,57,check
1515,398.0,3158.0,175.0,3070.0,0.07526463270187378,0,239.1025668975046,,57,control
1516,331.0,3041.0,196.0,2958.0,0.0749162808060646,0,157.92900364844263,,57,control
1517,331.0,3081.0,195.0,3028.0,0.05308251455426216,0,145.32662018716522,,57,control
1518,379.0,3234.0,355.0,3204.0,0.07830417901277542,0,38.14545517933841,,57,control
1519,382.0,3082.0,262.98411252818596,3270.0647086651356,0.06669708341360092,0,221.94961080305637,2.7271493028059575,57,control
1520,400.0,3191.0,531.2608207732019,2983.9800075118123,0.05392102897167206,0,245.68929840475096,2.1802152818867326,57,control
1521,262.0,3044.0,498.0,2940.0,0.05611421912908554,0,258.65291526742396,,57,control
1522,390.0,3245.0,526.1003037191642,2931.3399912310665,0.06548180431127548,0,342.38828806073684,1.688645422886814,57,control
1523,236.0,3078.0,227.06372063595933,3078.327423842008,0.06939040869474411,0,8.173437372852751,1.0694143387873605,57,control
1524,244.0,3196.0,123.89776950731587,3256.5811327378788,0.05028923228383064,0,133.71630103203506,0.8219870042609906,57,control
1525,253.0,3170.0,286.637429852619,3167.1115763090093,0.06558778136968613,0,34.532126728426846,1.059143562740463,57,control
1526,253.0,3170.0,361.1149258900984,3064.423654194421,0.09387457370758057,0,151.80180602727475,2.9944657578404006,57,control
1527,301.0,3132.0,119.12160672151784,3023.441114285279,0.06251639872789383,0,211.25965087542053,3.43555720219163,57,control
1528,252.0,3112.0,477.13144750178895,3173.688074780486,0.05290570482611656,0,234.07426876871855,0.6272480762409673,57,check
1529,272.0,3108.0,197.0,3225.0,0.05443572625517845,0,138.35901471387479,,57,control
1530,367.0,3245.0,313.0,3214.0,0.05137381702661514,0,61.73807030545305,,57,check
1531,229.0,3097.0,123.92811959345477,3257.5013711405595,0.06758610904216766,0,191.204806616243,0.6518343260319692,57,control
1532,229.0,3097.0,224.0,3100.0,0.07373581826686859,0,5.063046103749444,,57,control
1533,420.0,3041.0,269.873399856385,3128.7974179003168,0.05785917118191719,0,173.14574605817955,0.7588902518652626,57,check
1534,399.0,3177.0,212.0,2973.0,0.05391109362244606,0,276.37852392255854,,57,control
1535,230.0,3089.0,227.0,3088.0,0.07765106111764908,1,2.5510981009547185,,57,control
1536,261.0,3105.0,371.0,3352.0,0.05161413177847862,0,270.4561527970711,,57,control
1537,352.0,3105.0,530.0,3374.0,0.11054748296737671,0,322.7476121332507,,57,control
1538,650.0,3244.0,626.0,3019.0,0.05448213219642639,0,226.4047730993529,,58,control
1539,650.0,3244.0,638.5723143315931,3236.506929069719,0.06221703067421913,0,13.211667604560429,1.6478210160517153,58,control
1540,612.0,3211.0,750.0,3251.0,0.05433017387986183,0,144.28450562110086,,58,control
1541,610.0,3183.0,641.8198567121675,3294.790495656437,0.051893170922994614,0,116.19858892452089,1.5763738632718656,58,control
1542,610.0,3183.0,751.0,3003.0,0.0597529336810112,0,229.24043435868387,,58,control
1543,530.0,3042.0,577.1538914711648,2967.096804424064,0.05547771230340004,0,89.06680296187886,1.253836635360385,58,check
1544,530.0,3042.0,627.0,2969.0,0.052791159600019455,0,122.0944657388945,,58,control
1545,476.0,3097.0,472.28669979529127,3098.6521988399672,0.05101090297102928,0,3.306553001189018,0.999916612915215,58,control
1546,497.0,3039.0,728.4264919936436,3139.1853583651878,0.05447665974497795,0,252.7394704658271,2.893773327488128,58,control
1547,501.0,3099.0,406.2932458294511,3297.9291649136107,0.06522069126367569,0,219.78620201966058,0.739464313881228,58,check
1548,606.0,3130.0,705.7642186269503,2957.608573522321,0.050329528748989105,0,199.70213512157432,1.8572202302405074,58,control
1549,460.0,3090.0,327.0,3377.0,0.07922214269638062,0,315.7744000102887,,58,control
1550,477.0,3139.0,651.0,3102.0,0.05262250080704689,0,178.63101189514674,,58,control
1551,530.0,3191.0,707.4028078127875,3254.678305180993,0.09344019740819931,0,189.06659955828835,1.3188452635669494,58,check
1552,643.0,3115.0,637.0,3008.0,0.0571347214281559,0,107.33287454565333,,58,control
1553,572.0,3101.0,516.0,3257.0,0.06339899450540543,0,165.28080670934267,,58,control
1554,638.0,3094.0,388.6635945570008,3181.138128177851,0.06340498477220535,0,263.34876008358646,0.910704240835135,58,control
1555,543.0,3236.0,648.0,2975.0,0.059205081313848495,0,281.78110713738886,,58,control
1556,482.0,3078.0,677.1425412626627,3345.668898468239,0.07175740599632263,0,331.468749477649,0.42696678851443515,58,control
1557,574.0,3186.0,346.1778352265804,3009.540405762887,0.05397038534283638,0,287.70520435121534,1.0759557668369513,58,check
1558,527.0,3151.0,348.0,3148.0,0.05234066769480705,0,178.2827256698225,,58,check
1559,638.0,3210.0,640.0,3214.0,0.0690988078713417,0,4.644568876737158,,58,control
1560,484.0,3111.0,723.0,3032.0,0.05690732225775719,0,252.45156858516376,,58,check
1561,633.0,3173.0,591.0,2981.0,0.056234437972307205,0,196.58344016047604,,58,control
1562,512.0,3184.0,471.85500376397977,2961.8892277980444,0.05127353221178055,0,225.77931502895987,1.092466119472262,58,control
1563,494.0,3055.0,656.0,3193.0,0.0702991932630539,0,213.20417194977736,,58,control
1564,494.0,3055.0,510.4534952438061,3231.678875868466,0.06076285243034363,0,177.2790271685302,1.8578442359649332,58,control
1565,497.0,3208.0,379.0,3246.0,0.06346425414085388,0,123.19026696515263,,58,control
1566,570.0,3248.0,563.1280454177422,3150.5708177891106,0.06100372597575188,0,97.84519302772634,0.841547105295422,58,control
1567,582.0,3086.0,720.0,3013.0,0.05600695312023163,0,156.83689936147232,,58,control
1568,556.0,3228.0,353.0,3295.0,0.05019712820649147,0,212.98996303398917,,58,control
1569,556.0,3228.0,435.0,2934.0,0.07918737083673477,0,317.8298101513231,,58,control
1570,535.0,3235.0,648.0,2975.0,0.05116402730345726,0,283.96242634450886,,58,control
1571,834.0,3138.0,780.0,3327.0,0.061320070177316666,0,196.14772499262665,,59,check
1572,817.0,3155.0,816.6765527819344,3154.3608020525976,0.09606814384460449,1,0.9287011481602123,1.6748072246138288,59,control
1573,731.0,3241.0,750.0,3251.0,0.06568759679794312,0,21.985702062473447,,59,control
1574,731.0,3241.0,733.0,3243.0,0.13015396893024445,0,3.2272129729904417,,59,control
1575,745.0,3107.0,649.0,3371.0,0.07239245623350143,0,280.4421301952502,,59,control
1576,743.0,3191.0,767.867094169722,3161.5907047809023,0.06459170579910278,0,39.12991103055159,1.7902412433476775,59,control
1577,690.0,3148.0,721.0822193119125,3012.588602817154,0.0794360488653183,0,139.28774184347947,0.5493281037487951,59,check
1578,749.0,3228.0,747.9074334072311,3227.440993937002,0.08882942795753479,1,0.8789578673143967,0.32473651788263436,59,control
1579,664.0,3240.0,666.8952500497704,3241.232052667112,0.10669197142124176,0,3.7371514281253977,1.1897997015451265,59,control
1580,670.0,3105.0,591.0,3264.0,0.06086644530296326,0,177.01721741353697,,59,control
1581,762.0,3214.0,671.6557764178084,3276.7369114579665,0.11369618028402328,0,109.2801499245177,3.129021523698121,59,control
1582,669.0,3120.0,815.6233703571461,3012.507507872865,0.0505608506500721,0,182.48224327797757,4.151139639122029,59,control
1583,669.0,3156.0,773.1834321806834,2997.3125538609547,0.05336941406130791,0,190.38084498743495,1.071206431331063,59,check
1584,685.0,3234.0,685.1705420171645,3239.5800349577053,0.07361659407615662,0,5.421933887047918,0.4869337918680845,59,control
1585,747.0,3161.0,706.0,3255.0,0.054437294602394104,0,102.06327322134932,,59,control
1586,757.0,3049.0,761.1729952446609,3054.3261756315414,0.055753353983163834,0,7.0699450069901815,1.3701968117381782,59,control
1587,712.0,3216.0,746.0,2947.0,0.051002878695726395,0,271.4196551294849,,59,control
1588,746.0,3083.0,743.0,3084.0,0.06300672143697739,1,2.431241239492393,,59,control
1589,761.0,3149.0,763.3635965786748,3154.979264706558,0.05704433098435402,0,6.52521488491767,0.6984240770236343,59,control
1590,706.0,3060.0,611.0,3223.0,0.06085347756743431,0,188.1074225257325,,59,control
1591,819.0,3121.0,710.0,3156.0,0.05213373526930809,0,113.74567243950283,,59,control
1592,690.0,3189.0,583.0,2935.0,0.05380837619304657,0,275.5172719070023,,59,check
1593,721.0,3172.0,594.0,3074.0,0.07495661079883575,0,159.97620256521745,,59,control
1594,749.0,3127.0,564.0,3151.0,0.05113403871655464,0,185.8071922021387,,59,control
1595,734.0,3064.0,673.5969158773783,3318.7544747481493,0.07019925862550735,0,261.42398388815184,3.031514736495567,59,control
1596,695.0,3139.0,720.0,2997.0,0.07414115220308304,0,144.50357878463726,,59,control
1597,794.0,3191.0,693.0847715192689,3172.4578399709703,0.06333614140748978,0,101.95236618376578,0.7416825977996083,59,control
1598,687.0,3133.0,576.0,3144.0,0.05551329627633095,0,110.80622403503656,,59,check
1599,773.0,3227.0,774.0,3229.0,0.0849531814455986,1,2.4529412076818695,,59,control
1600,193.0,3427.0,303.0,3164.0,0.05732547491788864,0,285.58280453442273,,60,control
1601,193.0,3427.0,217.3429101554281,3444.203690859345,0.06381691992282867,0,30.273907986024586,5.20339361353376,60,control
1602,208.0,3400.0,280.27215514618086,3403.238455728211,0.06855817139148712,0,73.07856392158592,1.2934055225281997,60,control
1603,208.0,3400.0,117.19715507587439,3450.7523518176477,0.0541641004383564,0,103.22356499425548,2.899635086164714,60,control
1604,109.0,3339.0,128.48569873941645,3417.9129292754246,0.0660865530371666,0,81.20832492629607,1.68327375094199,60,check
1605,119.0,3290.0,155.0,3567.0,0.059562262147665024,0,279.1437115142443,,60,control
1606,124.0,3382.0,43.17688267370965,3200.712113885094,0.07854237407445908,0,198.3971817160883,0.5482774494780353,60,control
1607,179.0,3306.0,265.0,3527.0,0.06561336666345596,0,237.15520327118904,,60,control
1608,24.0,3417.0,25.0,3591.0,0.05826960504055023,0,173.71495236804006,,60,control
1609,59.0,3387.0,110.30690580593763,3334.8217800649554,0.06331586092710495,0,73.90303360560566,1.2260765847291217,60,control
1610,152.0,3400.0,68.87860007327666,3437.7164774678527,0.06435052305459976,0,90.4637183909365,1.2378058793868487,60,control
1611,50.0,3276.0,53.06168487803689,3278.3086871485502,0.09505270421504974,0,4.353649847685692,4.745211071854975,60,control
1612,161.0,3286.0,291.0,3571.0,0.05484938994050026,0,313.2997015738134,,60,check
1613,27.0,3347.0,26.0,3299.0,0.05327422916889191,0,48.2594551839958,,60,control
1614,198.0,3348.0,60.0,3432.0,0.058416858315467834,0,160.75389133141923,,60,control
1615,24.0,3279.0,26.0,3299.0,0.11134263873100281,0,19.9358245773779,,60,control
1616,66.0,3410.0,68.0,3340.0,0.0523628368973732,0,70.31713718126902,,60,control
1617,209.0,3438.0,248.0,3460.0,0.0687708929181099,0,45.29952899697143,,60,control
1618,60.0,3302.0,288.0,3476.0,0.06729651987552643,0,287.23646051759056,,60,control
1619,40.0,3330.0,52.0,3279.0,0.06951730698347092,0,52.82430085697158,,60,control
1620,195.0,3265.0,92.0,3442.0,0.09491460025310516,0,204.16588776130436,,60,control
1621,170.0,3360.0,261.0,3235.0,0.05689208582043648,0,155.25663374841125,,60,control
1622,175.0,3386.0,335.0,3169.0,0.0554388128221035,0,270.24010819764584,,60,control
1623,122.0,3318.0,268.87674847229385,3442.0427721523743,0.0555574893951416,0,192.64654374078773,0.9142287704388398,60,control
1624,35.0,3461.0,44.0,3294.0,0.07931651920080185,0,167.54329627380068,,60,control
1625,35.0,3461.0,52.0,3279.0,0.0587967149913311,0,183.12062073477847,,60,control
1626,34.0,3392.0,34.0,3462.0,0.08802434802055359,0,69.72603293005103,,60,check
1627,163.0,3454.0,263.7726983074512,3202.0601082736416,0.05956107750535011,0,271.8493016865138,3.1532362039507866,60,control
1628,176.0,3446.0,293.89593308347213,3480.5121077522654,0.0516066700220108,0,123.47978334119803,2.9545475820151337,60,control
1629,101.0,3391.0,131.0,3417.0,0.06776996701955795,0,40.10532527798379,,60,check
1630,129.0,3397.0,143.0,3243.0,0.11882758140563965,0,154.9534914392225,,60,control
1631,90.0,3447.0,111.0,3248.0,0.05471179261803627,0,200.43580321990433,,60,control
1632,50.0,3353.0,52.0,3279.0,0.05377868190407753,0,74.30757617121519,,60,control
1633,190.0,3372.0,56.0,3183.0,0.0508853979408741,0,231.43194972799947,,60,control
1634,48.0,3459.0,52.0,3279.0,0.08600666373968124,0,180.3189487502468,,60,check
1635,24.0,3465.0,27.0,3284.0,0.14166627824306488,0,181.2965349436919,,60,check
1636,200.0,3385.0,161.0,3163.0,0.06577310711145401,0,225.50242816126257,,60,check
1637,415.0,3462.0,421.5234160077006,3462.2435185646423,0.08068240433931351,0,7.25022381913267,0.9680175183908734,61,control
1638,337.0,3374.0,133.0,3526.0,0.08391080796718597,0,253.6237641345847,,61,control
1639,231.0,3383.0,243.88365829960503,3215.5829910969774,0.0618845671415329,0,168.2123302605601,0.6063081492771636,61,check
1640,376.0,3462.0,398.73149720236694,3372.1692802316447,0.07221931964159012,0,93.0911645881768,0.8436857106180546,61,check
1641,363.0,3269.0,463.0,3505.0,0.05706439167261124,0,256.3472545056365,,61,control
1642,399.0,3435.0,398.0,3437.0,0.15395450592041016,1,1.7581783321409135,,61,control
1643,429.0,3455.0,430.2732850819839,3458.38938594262,0.07804308831691742,0,3.710027096026146,0.807859132723577,61,control
1644,374.0,3387.0,106.0,3277.0,0.062408704310655594,0,289.07977672328184,,61,control
1645,317.0,3262.0,428.0,3464.0,0.05753440037369728,0,230.60740377367264,,61,control
1646,382.0,3422.0,379.0,3426.0,0.060567256063222885,0,4.37169491560325,,61,control
1647,269.0,3293.0,446.32488223613615,3400.3678067514265,0.06632820516824722,0,207.7857675091929,1.7024964837135828,61,control
1648,248.0,3334.0,350.86670080764605,3540.3202856464836,0.057235438376665115,0,230.62260065959583,1.528962349067514,61,control
1649,413.0,3352.0,448.0,3501.0,0.06610100716352463,0,152.96117953671097,,61,control
1650,266.0,3457.0,373.0,3447.0,0.08052918314933777,0,108.22103264537002,,61,control
1651,280.0,3451.0,322.4051968365649,3422.8679528435373,0.05321136862039566,0,51.6509571184745,1.8641233668557713,61,control
1652,433.0,3438.0,433.2888065874189,3439.7709880339785,0.10891719162464142,1,1.8188040397798793,1.1170754304455814,61,control
1653,369.0,3294.0,469.0,3552.0,0.05850604921579361,0,276.70710768315786,,61,control
1654,357.0,3357.0,366.0,3481.0,0.05391265079379082,0,124.11320482597014,,61,control
1655,361.0,3414.0,530.0,3361.0,0.07106256484985352,0,177.87465717199973,,61,control
1656,315.0,3436.0,125.0,3257.0,0.06591238081455231,0,260.6509186138612,,61,control
1657,259.0,3415.0,549.0,3158.0,0.07904639840126038,0,388.17960626362037,,61,control
1658,351.0,3321.0,351.5598304388142,3323.2611310990196,0.05150048807263374,1,2.3941613999654807,1.1652233076956713,61,control
1659,431.0,3326.0,530.0,3374.0,0.06850337982177734,0,110.55976885474804,,61,check
1660,405.0,3256.0,435.0,3392.0,0.052579913288354874,0,139.1784573484987,,61,control
1661,277.0,3422.0,115.0,3261.0,0.05011912062764168,0,228.02829357093879,,61,control
1662,397.0,3253.0,379.7725115151579,3503.055626688404,0.11185268312692642,0,250.3286422818633,4.06290922754689,61,check
1663,352.0,3330.0,496.0,3355.0,0.058635953813791275,0,146.82276369055893,,61,check
1664,455.0,3312.0,782.136186887712,3205.8719982147495,0.06589540839195251,0,344.6473203881854,1.2914951418662235,62,control
1665,605.0,3359.0,632.0,3261.0,0.08944880217313766,0,102.06638570419943,,62,control
1666,537.0,3456.0,784.0,3206.0,0.06199203431606293,0,352.08261057798444,,62,control
1667,537.0,3456.0,451.0,3510.0,0.08273502439260483,0,100.7937152509271,,62,control
1668,589.0,3448.0,704.0,3359.0,0.059111353009939194,0,146.11606972458625,,62,control
1669,453.0,3302.0,667.4567549342329,3276.601565946355,0.055453963577747345,0,216.68187587287235,1.5577689902491298,62,control
1670,453.0,3302.0,377.01487755168984,3385.9854157431582,0.08467821776866913,0,112.57454653203213,2.071725420810739,62,control
1671,536.0,3276.0,532.0,3281.0,0.07940556854009628,0,5.781421951065014,,62,control
1672,652.0,3331.0,653.0,3333.0,0.058483947068452835,1,2.4484675171271575,,62,control
1673,543.0,3332.0,403.0772729016237,3499.927654983225,0.09709644317626953,0,217.9090511989975,1.1465554542556649,62,control
1674,453.0,3273.0,372.5722888420882,3349.0673251001735,0.07651826739311218,0,109.9931738776997,0.9508474814806847,62,control
1675,498.0,3291.0,379.0,3426.0,0.06514071673154831,0,179.28020968739727,,62,control
1676,560.0,3363.0,473.07808126512145,3550.6151193858022,0.061833590269088745,0,206.22325057121333,3.565668370069402,62,control
1677,593.0,3290.0,638.3741229589209,3394.8424733562356,0.057898543775081635,0,114.29288571666251,0.8730664429181336,62,control
1678,639.0,3289.0,706.6602676238264,3251.2078603870696,0.06743595749139786,0,78.22247980783344,1.523577762427271,62,control
1679,455.0,3467.0,457.6416955257999,3467.6550874292143,0.06075023114681244,0,3.386578127681327,3.2492463548351083,62,check
1680,481.0,3330.0,757.2220566133814,3334.56820420336,0.05727338790893555,0,276.94680217427964,1.4180100556077107,62,check
1681,481.0,3330.0,756.893721585319,3418.5377879857406,0.05739015340805054,0,290.33180338469464,1.8230421806056532,62,control
1682,552.0,3324.0,352.0,3321.0,0.0576806515455246,0,199.28647031527095,,62,check
1683,630.0,3260.0,633.2928007861773,3261.168629002467,0.0684291422367096,0,4.108995923029497,0.8700787885817457,62,control
1684,484.0,3378.0,444.0,3490.0,0.062444671988487244,0,118.43502195207866,,62,control
1685,561.0,3446.0,643.6630672341669,3338.6877955046575,0.05804549157619476,0,136.08120414912307,1.4167382080316977,62,control
1686,560.0,3434.0,705.0,3206.0,0.05157889425754547,0,270.7678771710962,,62,control
1687,590.0,3360.0,514.0,3549.0,0.10760969668626785,0,203.19063250474306,,62,control
1688,481.0,3392.0,323.9709160607253,3473.1333915301343,0.07789942622184753,0,175.9711138391418,0.9913418822416767,62,control
1689,598.0,3259.0,600.0788841867435,3255.748372709797,0.06013266742229462,0,4.465433987729104,2.295017349874683,62,control
1690,622.0,3416.0,620.0,3417.0,0.07420851290225983,1,1.4956873829194535,,62,control
1691,444.0,3447.0,428.0,3464.0,0.05116938054561615,0,22.657532797506736,,62,check
1692,517.0,3345.0,701.0342292009271,3367.1278368160797,0.05078314244747162,0,186.0224743638384,0.8095286164415056,62,check
1693,452.0,3458.0,447.0,3457.0,0.07783126085996628,0,4.458808951423286,,62,control
1694,454.0,3382.0,455.0,3250.0,0.05852268636226654,0,132.24947601409593,,62,check
1695,588.0,3414.0,546.0,3210.0,0.07312476634979248,0,208.36017034788702,,62,control
1696,437.0,3317.0,440.0,3566.0,0.054667145013809204,0,248.75119255283622,,62,check
1697,534.0,3267.0,487.0,3265.0,0.06276512145996094,0,46.328362517591074,,62,control
1698,581.0,3433.0,421.0,3489.0,0.06822584569454193,0,168.74325519834514,,62,check
1699,458.0,3427.0,530.0,3374.0,0.10935702919960022,0,90.12960101762243,,62,control
1700,513.0,3459.0,338.6209326015965,3261.8689760100096,0.061638981103897095,0,262.8801909402313,1.403537245318501,62,control
1701,464.0,3385.0,398.0,3437.0,0.0555090494453907,0,83.2878658133182,,62,control
1702,461.0,3337.0,364.0,3488.0,0.05911755934357643,0,178.8489176201448,,62,control
1703,474.0,3391.0,463.0,3505.0,0.06837191432714462,0,114.19511112514637,,62,check
1704,548.0,3425.0,455.87400483986227,3390.3781395884334,0.057129643857479095,0,97.82898173928615,1.211426737096087,62,control
1705,519.0,3257.0,620.0,3466.0,0.06220722198486328,0,232.19932824051455,,62,control
1706,443.0,3435.0,695.0,3561.0,0.052914395928382874,0,282.24320780273496,,62,control
1707,529.0,3382.0,401.0,3329.0,0.06890827417373657,0,137.9571640624009,,62,control
1708,622.0,3328.0,537.0,3540.0,0.06510110199451447,0,227.8909860927059,,62,control
1709,443.0,3326.0,755.5679936786003,3461.993762641316,0.058320850133895874,0,341.40003405462846,2.424328391997462,62,control
1710,647.0,3311.0,510.0,3513.0,0.05329206958413124,0,243.45355515494936,,62,control
1711,647.0,3311.0,648.0,3310.0,0.06229451298713684,1,2.1073276881965763,,62,control
1712,617.0,3427.0,370.06120081984216,3464.4536217417103,0.06811416149139404,0,248.99841016915784,2.7536254228739976,62,control
1713,476.0,3369.0,410.0,3473.0,0.05560276284813881,0,122.5605921169957,,62,check
1714,731.0,3435.0,713.833886423548,3245.6179091754557,0.06517651677131653,0,190.3244271394466,1.7962873414679306,63,control
1715,687.0,3277.0,561.1880339550668,3390.290621843105,0.11056984961032867,0,168.60533821084454,1.4281964754705185,63,control
1716,734.0,3283.0,744.0,3195.0,0.0661507323384285,0,88.86769536538633,,63,control
1717,765.0,3283.0,763.5788692613927,3283.320185918812,0.0686538964509964,1,0.7346058720227816,0.7726197266777785,63,control
1718,686.0,3419.0,711.9249250483012,3302.588937657138,0.0561482198536396,0,119.64606878835431,1.7698149188233525,63,control
1719,837.0,3314.0,690.0,3513.0,0.05306519940495491,0,246.78485731452108,,63,control
1720,837.0,3314.0,768.0,3142.0,0.05997682362794876,0,185.26512097230875,,63,control
1721,831.0,3294.0,690.0,3513.0,0.06638123095035553,0,259.8703822641525,,63,check
1722,694.0,3353.0,683.3747951543402,3427.8669935910916,0.05508088320493698,0,75.27308696362097,0.6729409217283682,63,check
1723,738.0,3252.0,790.6841658534972,3384.441542317402,0.07557795196771622,0,142.5651833902966,0.7895494051696466,63,control
1724,704.0,3362.0,701.5448481018119,3443.76638644307,0.07551131397485733,0,81.5325480383707,2.465967582637234,63,control
1725,733.0,3295.0,675.0,3209.0,0.05065133795142174,0,103.52562117718031,,63,check
1726,733.0,3295.0,793.0,3149.0,0.05757319554686546,0,158.3106456743636,,63,control
1727,709.0,3299.0,712.3547996507433,3298.947002101773,0.06293120235204697,0,4.06254314128894,3.1983480858274946,63,control
1728,667.0,3435.0,667.0,3438.0,0.05681975558400154,1,2.833962049724236,,63,control
1729,813.0,3352.0,694.0,3161.0,0.05837997421622276,0,224.85237283817423,,63,check
1730,793.0,3396.0,837.0,3482.0,0.052052922546863556,0,96.68790910047434,,63,control
1731,726.0,3291.0,750.0,3251.0,0.05015295371413231,0,47.20296961378098,,63,control
1732,793.0,3253.0,576.0,3166.0,0.09693906456232071,0,233.2073815367036,,63,control
1733,748.0,3273.0,829.0,3593.0,0.08581399917602539,0,330.00018752392697,,63,control
1734,769.0,3446.0,766.0,3445.0,0.06673813611268997,1,2.6304091140010577,,63,control
1735,661.0,3372.0,698.0,3545.0,0.056122150272130966,0,176.79908484562426,,63,control
1736,714.0,3450.0,698.0,3545.0,0.06354247033596039,0,95.96388272266292,,63,control
1737,829.0,3376.0,835.0,3196.0,0.05239018797874451,0,180.34245971465276,,63,check
1738,674.0,3435.0,732.1701886702325,3182.4095980032503,0.0502389594912529,0,259.57447528006327,3.5064061158798627,63,control
1739,674.0,3376.0,717.0,3564.0,0.05416493117809296,0,192.749536996349,,63,control
1740,758.0,3300.0,759.0,3299.0,0.07163006067276001,1,2.093808404230229,,63,control
1741,749.0,3282.0,606.0,3384.0,0.05241846665740013,0,174.92989118429475,,63,check
1742,749.0,3282.0,750.0,3277.0,0.07817467302083969,0,5.498521396041508,,63,control
1743,787.0,3353.0,813.3879334164382,3320.4369267101315,0.0637143924832344,0,42.52743384431551,1.40000676435241,63,control
1744,668.0,3385.0,769.0,3163.0,0.08807778358459473,0,244.38139402354074,,63,control
1745,668.0,3385.0,651.0,3555.0,0.059501830488443375,0,170.5132775897483,,63,control
1746,733.0,3413.0,826.0,3471.0,0.0594869926571846,0,110.04725919788349,,63,control
1747,683.0,3252.0,678.0,3254.0,0.07166525721549988,0,4.646741277868935,,63,control
1748,726.0,3415.0,749.812971701117,3163.0207101379974,0.05132567510008812,0,253.3850388381857,2.2875749566888253,63,control
1749,771.0,3406.0,563.9798842322285,3150.7599241720663,0.05213068798184395,0,328.360530619813,0.6052499162634065,63,control
1750,672.0,3315.0,808.0,3376.0,0.05492287129163742,0,149.57937913437345,,63,control
1751,672.0,3315.0,749.0,3228.0,0.07189585268497467,0,116.81119690516809,,63,check
1752,757.0,3258.0,759.0,3256.0,0.07369250804185867,0,3.4956852275987886,,63,check
1753,660.0,3323.0,733.0,3243.0,0.06837059557437897,0,108.93907331969376,,63,check
1754,792.0,3279.0,793.0,3277.0,0.11753468215465546,1,2.7969094220080737,,63,control
1755,684.0,3355.0,759.0,3299.0,0.06305714696645737,0,94.29458928622181,,63,control
1756,806.0,3377.0,765.0,3397.0,0.07520568370819092,0,44.89246111605846,,63,control
1757,832.0,3266.0,560.0,3437.0,0.060620274394750595,0,320.54780045901936,,63,control
1758,835.0,3431.0,690.0,3513.0,0.06339658051729202,0,165.84856810367444,,63,control
1759,718.0,3276.0,725.0,3278.0,0.05310579389333725,0,7.897145333536395,,63,control
1760,56.0,3671.0,64.0,3443.0,0.05617120862007141,0,228.44334926312914,,64,control
1761,110.0,3481.0,109.48641144387769,3488.008665634316,0.0817674770951271,0,6.73454250796376,5.560910502767481,64,check
1762,127.0,3511.0,77.01419375988824,3439.618258304821,0.054467085748910904,0,86.93017280250446,0.7746098369133599,64,control
1763,25.0,3496.0,28.0,3346.0,0.14704658091068268,0,150.31201844352947,,64,control
1764,178.0,3540.0,46.24857175416087,3765.9007500738862,0.07633264362812042,0,260.8594317668814,0.9790364870764513,64,control
1765,64.0,3645.0,61.89777450997103,3417.200948631699,0.06365085393190384,0,228.07483806803018,1.934234881470902,64,control
1766,26.0,3572.0,27.0,3388.0,0.07951860129833221,0,184.2781754516755,,64,control
1767,33.0,3606.0,32.0,3579.0,0.12193575501441956,0,27.29335304157173,,64,control
1768,183.0,3643.0,248.0,3517.0,0.05575350672006607,0,142.36743871563823,,64,control
1769,29.0,3532.0,27.0,3480.0,0.09279737621545792,0,52.29504488010279,,64,control
1770,34.0,3520.0,35.25504852982522,3439.6661985760556,0.0734519362449646,0,80.63486270353094,3.640423062260802,64,check
1771,128.0,3498.0,76.32614961645743,3433.0388775128617,0.05169433727860451,0,82.745441986166,2.117900777930539,64,control
1772,43.0,3575.0,51.0,3399.0,0.07200295478105545,0,176.48830316443184,,64,check
1773,93.0,3570.0,91.64965780862806,3570.930544547841,0.08594673871994019,1,0.8698033564193784,1.7869454800052489,64,control
1774,185.0,3599.0,78.24184804599909,3672.5084063205263,0.05638808012008667,0,128.82016834744633,1.3606584864088849,64,check
1775,38.0,3641.0,52.31869866794746,3440.7106280103217,0.0703575536608696,0,201.13134392384868,0.6306143043063314,64,control
1776,35.0,3683.0,30.523311896031228,3460.34313451847,0.07179780304431915,0,222.965792695501,1.3576208061897692,64,control
1777,87.0,3511.0,277.0,3617.0,0.0849611684679985,0,218.0738641421961,,64,control
1778,43.0,3538.0,221.0693016515756,3820.5170410240125,0.052458249032497406,0,334.08126082057436,3.7693340814749305,64,control
1779,43.0,3538.0,46.0,3452.0,0.06845607608556747,0,86.35906428905832,,64,control
1780,130.0,3586.0,133.0,3587.0,0.05245683714747429,0,3.823628776515204,,64,check
1781,42.0,3683.0,53.0,3421.0,0.05141758546233177,0,262.536749558444,,64,control
1782,51.0,3565.0,53.80196670680602,3442.6995030678777,0.11985372751951218,0,122.6278275973207,1.4763946385048632,64,check
1783,76.0,3539.0,197.0,3527.0,0.10095595568418503,0,122.36925740565606,,64,control
1784,76.0,3539.0,46.0,3713.0,0.0615030974149704,0,176.13547775286628,,64,control
1785,34.0,3597.0,32.0,3442.0,0.061967093497514725,0,155.28076058388274,,64,control
1786,63.0,3479.0,66.0,3481.0,0.054446447640657425,0,4.143002128171735,,64,check
1787,141.0,3643.0,345.05297736898547,3498.467413846637,0.06296620517969131,0,250.81130787363182,2.348621992347987,64,control
1788,212.0,3644.0,138.0,3690.0,0.06679980456829071,0,86.3333036072226,,64,control
1789,106.0,3538.0,343.1713173437205,3649.210487049839,0.06695099174976349,0,262.4885601826245,1.195414677364901,64,control
1790,99.0,3556.0,213.0,3397.0,0.06717447191476822,0,196.29975993220648,,64,control
1791,174.0,3585.0,77.0,3657.0,0.08399156481027603,0,120.01138579502306,,64,control
1792,27.0,3621.0,26.0,3409.0,0.0513753741979599,0,212.27228524667845,,64,control
1793,67.0,3589.0,67.0,3401.0,0.08311054110527039,0,188.2713620440048,,64,control
1794,114.0,3559.0,197.0,3527.0,0.05068165808916092,0,89.75710206194977,,64,control
1795,270.0,3637.0,360.0927656413101,3473.016913668986,0.05622485652565956,0,187.6911345279127,0.5893860119794897,65,control
1796,224.0,3610.0,398.57705185947503,3496.1412305262734,0.050157155841588974,0,209.18243275499498,0.48807199053303774,65,control
1797,355.0,3672.0,157.90345399788959,3579.1078725646594,0.058015208691358566,0,217.33104845090352,1.0001104015324223,65,control
1798,417.0,3655.0,398.0,3372.0,0.07660625129938126,0,283.8432163374078,,65,control
1799,337.0,3655.0,256.63120518196246,3448.919350363731,0.057497866451740265,0,221.17816097419416,0.8340503837856522,65,check
1800,411.0,3604.0,340.0321696536234,3593.3690654978204,0.09880012273788452,0,71.07878286229521,0.8281260771818326,65,control
1801,263.0,3552.0,343.0,3501.0,0.05284891650080681,0,95.63972325211824,,65,control
1802,365.0,3494.0,363.15753685074225,3485.380134354792,0.09660669416189194,0,8.958459148667856,1.4848972723498342,65,control
1803,411.0,3552.0,384.128911323738,3421.7034805586813,0.05437590926885605,0,133.14858980115582,3.7643415477093867,65,control
1804,335.0,3499.0,125.0,3409.0,0.08171035349369049,0,227.87725544716878,,65,control
1805,403.0,3602.0,331.15025885223037,3591.869810512756,0.09618952125310898,0,71.8750183284156,0.49311732741857783,65,control
1806,349.0,3555.0,467.0,3395.0,0.05432887375354767,0,199.44177429248523,,65,control
1807,377.0,3489.0,375.1700873697123,3487.1895897689155,0.10566746443510056,1,2.352078593743419,0.7690466329625614,65,control
1808,416.0,3679.0,311.0,3599.0,0.05244561657309532,0,131.59339898430875,,65,control
1809,319.0,3621.0,166.0,3583.0,0.05112256109714508,0,156.98742615553888,,65,control
1810,312.0,3510.0,314.07016060274776,3528.079948642302,0.06012614816427231,0,18.02350056913494,0.6890154220741507,65,control
1811,349.0,3509.0,324.0,3757.0,0.059105463325977325,0,248.88273861200966,,65,check
1812,226.0,3683.0,360.6077612567728,3528.1071678555195,0.05485066771507263,0,205.89756340252035,2.6520154125319295,65,check
1813,361.0,3631.0,381.0,3555.0,0.05298478901386261,0,79.04368604428873,,65,control
1814,323.0,3501.0,364.0,3488.0,0.06637664884328842,0,43.79173894890476,,65,control
1815,362.0,3529.0,173.03685692034568,3697.484848549211,0.0631868988275528,0,252.40906918206397,3.551096897926498,65,control
1816,418.0,3514.0,308.0,3545.0,0.051735877990722656,0,113.49926773627087,,65,control
1817,425.0,3683.0,379.2018007629185,3415.5711356171155,0.070240318775177,0,271.4562981727394,1.0844477643889132,65,control
1818,311.0,3577.0,329.0,3563.0,0.06698090583086014,0,23.556307636553353,,65,control
1819,423.0,3532.0,503.1701539033589,3426.389642418005,0.07032422721385956,0,133.23275912508524,3.5039707585564472,65,control
1820,374.0,3623.0,296.0,3583.0,0.055291250348091125,0,87.13348820664991,,65,control
1821,416.0,3485.0,493.0,3484.0,0.053007882088422775,0,77.72772796411618,,65,control
1822,380.0,3642.0,440.0,3446.0,0.05363177880644798,0,205.44196501372133,,65,check
1823,390.0,3654.0,343.9298919190485,3381.1000981277625,0.051764439791440964,0,276.89353329838025,0.6440453006731042,65,control
1824,336.0,3539.0,481.0,3602.0,0.05887223780155182,0,158.64000736256352,,65,control
1825,375.0,3553.0,281.0,3496.0,0.055248357355594635,0,109.44061167544048,,65,check
1826,383.0,3555.0,338.33836647821767,3424.3053596225636,0.07757292687892914,0,138.12755349463097,2.2548572073110664,65,check
1827,315.0,3529.0,268.0,3717.0,0.05467389151453972,0,193.31665842563856,,65,control
1828,384.0,3611.0,257.0,3630.0,0.06658397614955902,0,127.63795197196693,,65,check
1829,364.0,3552.0,328.6109309478224,3719.119126828402,0.05159972980618477,0,170.3828237225688,1.0040463196632115,65,control
1830,402.0,3641.0,462.0,3446.0,0.05975385010242462,0,204.48534667935363,,65,control
1831,368.0,3572.0,513.0,3455.0,0.05268842354416847,0,187.038103061238,,65,control
1832,388.0,3533.0,526.0,3631.0,0.06317496299743652,0,169.67298832310064,,65,control
1833,540.0,3571.0,686.0,3739.0,0.06311100721359253,0,222.80849598900107,,66,control
1834,553.0,3529.0,599.5723864227041,3590.097402173399,0.05878349393606186,0,77.03411967050671,1.4297532340617032,66,control
1835,560.0,3515.0,458.9744953382307,3492.6140186050566,0.08398714661598206,0,102.83051135482933,1.6087510375993732,66,control
1836,500.0,3572.0,512.9041513502883,3417.848330464251,0.08939745277166367,0,155.0076412624349,0.48252471208503933,66,control
1837,482.0,3479.0,483.31418862865905,3506.2770317510463,0.06659846007823944,0,27.085403028574742,0.6782324500532432,66,control
1838,439.0,3647.0,551.4368222821748,3632.871520629449,0.05964140221476555,0,114.0559239242338,1.015801604039232,66,control
1839,598.0,3613.0,687.7059671165102,3573.6397972653363,0.05009511858224869,0,98.70191818190165,0.7975484552674248,66,check
1840,572.0,3484.0,664.2068663839405,3616.022568218831,0.05062830075621605,0,161.20704414635327,0.6191156927509858,66,check
1841,557.0,3549.0,708.0,3666.0,0.05260804668068886,0,191.3952402736666,,66,control
1842,578.0,3654.0,720.2929617258019,3413.4135392811277,0.06462948769330978,0,280.08280504641215,1.3341659013708265,66,control
1843,643.0,3554.0,405.8427036407503,3606.156119549343,0.050281863659620285,0,242.05726977349903,1.896048998153242,66,control
1844,556.0,3499.0,656.0,3576.0,0.05545264109969139,0,126.59721808985384,,66,control
1845,451.0,3533.0,619.8459816325642,3444.787309590299,0.06785175204277039,0,191.24258367016506,1.6872579799954217,66,control
1846,551.0,3559.0,700.0,3725.0,0.081293985247612,0,223.30753349433735,,66,control
1847,653.0,3525.0,398.7283015458046,3500.3825490717986,0.05050294101238251,0,254.7620571120616,3.009419051893895,66,control
1848,524.0,3529.0,675.7045712840509,3650.7061305733837,0.05102379620075226,0,194.85546339530316,0.9069054558473547,66,control
1849,588.0,3563.0,382.0,3766.0,0.0978592187166214,0,288.488621620169,,66,control
1850,518.0,3571.0,403.0,3763.0,0.060202956199645996,0,223.17824850382175,,66,check
1851,456.0,3609.0,423.0,3570.0,0.058071255683898926,0,50.838495836832756,,66,control
1852,503.0,3663.0,609.0,3787.0,0.06474760919809341,0,163.3577195596711,,66,control
1853,520.0,3471.0,583.0,3636.0,0.09476704895496368,0,176.60836196933926,,66,control
1854,520.0,3471.0,519.0,3470.0,0.11378596723079681,1,1.2941781632175167,,66,control
1855,538.0,3522.0,604.0,3534.0,0.05204717069864273,0,67.72640746949284,,66,check
1856,455.0,3552.0,498.0,3784.0,0.06485715508460999,0,235.78542059275526,,66,control
1857,599.0,3486.0,642.637359719518,3413.7516865273,0.09363565593957901,0,84.98332264620528,0.7862512500436171,66,check
1858,495.0,3470.0,742.0,3611.0,0.06290172785520554,0,284.8708826224612,,66,control
1859,755.0,3520.0,818.5337268624147,3519.2188960899,0.07866719365119934,0,64.21923780782234,0.6054525447680791,67,check
1860,711.0,3485.0,692.0,3646.0,0.06030525639653206,0,161.7623499574078,,67,control
1861,834.0,3624.0,572.0,3542.0,0.058516331017017365,0,273.93942341995614,,67,control
1862,699.0,3657.0,618.2704997724096,3628.7196266075744,0.08363775908946991,0,84.97483968412061,1.02899427910241,67,check
1863,803.0,3600.0,837.0,3482.0,0.05037026107311249,0,123.2321013725944,,67,control
1864,734.0,3666.0,714.4040389901527,3575.289864986468,0.05691627413034439,0,92.9224647100928,2.1501712013512533,67,control
1865,735.0,3659.0,592.2864091529651,3593.4857718097614,0.05848270282149315,0,156.5105512035672,0.8880326873985959,67,check
1866,789.0,3543.0,717.0,3640.0,0.08368255198001862,0,120.1722324278106,,67,control
1867,736.0,3510.0,648.0,3625.0,0.05167599022388458,0,144.16599622699897,,67,control
1868,772.0,3630.0,548.0068506270021,3598.787297833666,0.05676630511879921,0,225.49582550246413,1.4191100334720672,67,control
1869,772.0,3630.0,562.5429920582613,3648.014259558151,0.07817497104406357,0,209.50537398335703,0.8629324213497916,67,control
1870,657.0,3633.0,729.0,3495.0,0.05613070726394653,0,156.20160204742544,,67,check
1871,674.0,3547.0,703.0,3644.0,0.07179272174835205,0,101.17638657231468,,67,control
1872,712.0,3672.0,621.4685207373506,3801.9001130904317,0.07035378366708755,0,157.6954471915936,0.9017980474974748,67,control
1873,689.0,3577.0,766.0,3667.0,0.051847923547029495,0,118.67625160154701,,67,control
1874,755.0,3544.0,656.5213097545916,3609.5596852135864,0.051547080278396606,0,117.57607297887704,0.8057852204887002,67,control
1875,680.0,3637.0,667.0,3625.0,0.07370135188102722,0,17.383673132262633,,67,control
1876,718.0,3682.0,694.0,3602.0,0.05013645067811012,0,83.58833518933457,,67,control
1877,802.0,3668.0,622.0,3583.0,0.0565573088824749,0,198.54572117065086,,67,control
1878,821.0,3605.0,610.0,3746.0,0.08480248600244522,0,253.03584723018275,,67,control
1879,821.0,3605.0,710.0,3625.0,0.06023882329463959,0,112.06327252679641,,67,control
1880,729.0,3633.0,727.4864688218637,3633.2012099814624,0.07754640281200409,1,0.8327005663189037,0.8618564904823868,67,control
1881,681.0,3491.0,622.5546714372205,3740.7724632105396,0.05256868526339531,0,256.0784912953802,1.1527222265029502,67,control
1882,780.0,3661.0,633.0,3515.0,0.05688750743865967,0,206.8741778234221,,67,control
1883,743.0,3684.0,693.0,3351.0,0.05043330416083336,0,336.86930379112135,,67,check
1884,837.0,3496.0,619.0,3475.0,0.07510562986135483,0,218.33488231030958,,67,check
1885,811.0,3548.0,753.4893018189626,3637.6844456811064,0.09475292265415192,0,105.94244342627283,4.59690386643702,67,control
1886,781.0,3670.0,625.0,3732.0,0.0667278841137886,0,167.11786995665986,,67,control
1887,678.0,3528.0,751.0,3466.0,0.06700840592384338,0,96.4640963215591,,67,control
1888,710.0,3604.0,710.1725355195889,3604.9888119889133,0.08749792724847794,1,1.1193572385172754,0.5616011632785395,67,control
1889,819.0,3659.0,571.0,3421.0,0.05105122923851013,0,343.3911842297206,,67,control
1890,819.0,3659.0,712.4696053229729,3664.8250803231053,0.07028847932815552,0,105.99080765765459,1.4078665106570727,67,control
1891,102.0,3843.0,298.35086640359225,3811.739811203852,0.10715561360120773,0,199.59305330076972,0.8145389698932566,68,control
1892,26.0,3692.0,25.0,3591.0,0.12825125455856323,0,101.2943258216203,,68,control
1893,36.0,3802.0,38.0,4001.0,0.14601925015449524,0,198.67622660026896,,68,control
1894,28.0,3811.0,25.0,3591.0,0.1349790394306183,0,220.3053518895996,,68,control
1895,224.0,3859.0,136.0,3906.0,0.05717504024505615,0,98.95247528130174,,69,control
1896,392.0,3834.0,389.2130252984223,3833.049419960765,0.07314670085906982,1,2.423196918066247,0.8815211112508066,69,control
1897,300.0,3727.0,312.86676366481396,3982.028229385947,0.08682164549827576,0,255.05942509057823,0.885019203702411,69,control
1898,425.0,3780.0,293.0,3648.0,0.051025860011577606,0,186.36353623594425,,69,control
1899,255.0,3762.0,152.0,3594.0,0.060283154249191284,0,196.91535000608323,,69,control
1900,246.0,3726.0,310.3993273204473,3600.500942849226,0.05360972881317139,0,141.64823915883048,1.0746490240304831,69,control
1901,353.0,3752.0,448.0,3649.0,0.0650201067328453,0,140.81843114632002,,69,control
1902,301.0,3744.0,327.28953444890044,3980.1268872843857,0.09253484010696411,0,237.33847053576892,5.938162450524445,69,control
1903,295.0,3779.0,498.0,3733.0,0.06210833415389061,0,208.90241854639794,,69,control
1904,234.0,3844.0,425.495137047168,3797.542250777139,0.06556984782218933,0,197.81645960874272,0.8779565572832647,69,control
1905,228.0,3772.0,494.0,3991.0,0.06397929787635803,0,344.8871209496277,,69,control
1906,432.0,3745.0,433.0,3776.0,0.08279583603143692,0,30.74573211603714,,69,control
1907,400.0,3838.0,343.0,3646.0,0.07385243475437164,0,200.3537640195176,,69,check
1908,435.0,3829.0,449.0,3908.0,0.052615936845541,0,80.04545578044825,,69,control
1909,390.0,3776.0,99.0,3600.0,0.07860555499792099,0,339.58490007604394,,69,check
1910,247.0,3746.0,148.0,3863.0,0.05496444180607796,0,152.5370571371713,,69,control
1911,323.0,3818.0,494.33933401335827,3765.9911361578493,0.0510132759809494,0,179.82267089149326,0.548308289338077,69,control
1912,298.0,3877.0,281.0,3974.0,0.05054088309407234,0,98.02912277208134,,69,control
1913,229.0,3817.0,496.33280970160206,3764.9689580280547,0.05139712244272232,0,273.1004826684469,0.549382141580139,69,control
1914,403.0,3822.0,364.74263392597175,3702.317601692622,0.06436604261398315,0,125.71152125539149,1.0615260261181074,69,control
1915,403.0,3822.0,399.55381872071996,3821.409201200761,0.06687617301940918,1,2.8736626483338337,1.420693679073797,69,control
1916,427.0,3797.0,429.39281507004193,3798.1087025416027,0.052879270166158676,0,3.209268270199479,0.7123043701254781,69,control
1917,285.0,3844.0,264.0,3959.0,0.05045640841126442,0,116.44807183388464,,69,check
1918,387.0,3805.0,289.7336654240302,3791.2312919789733,0.06469006836414337,0,97.55622317551591,6.414965760644215,69,control
1919,327.0,3758.0,326.6546451043104,3755.357010310991,0.07589888572692871,1,2.9710559273685018,2.357672156808996,69,check
1920,418.0,3749.0,328.0,3720.0,0.06332743912935257,0,93.95602766811982,,69,control
1921,343.0,3771.0,315.0,3698.0,0.07308907061815262,0,78.20488700289634,,69,check
1922,419.0,3802.0,205.0,3972.0,0.055337242782115936,0,272.52270621742684,,69,control
1923,428.0,3897.0,280.0,3943.0,0.05255625396966934,0,154.1923949424427,,69,control
1924,404.0,3735.0,340.0,3783.0,0.05624082684516907,0,79.23618203488854,,69,check
1925,345.0,3755.0,279.0,3889.0,0.07874123007059097,0,148.7627665065266,,69,control
1926,355.0,3888.0,427.0,3828.0,0.07653018832206726,0,94.4688437660957,,69,control
1927,417.0,3873.0,537.0,3731.0,0.05484875664114952,0,186.59226564495273,,69,control
1928,311.0,3826.0,403.0,3763.0,0.057195089757442474,0,112.26673871345284,,69,check
1929,421.0,3830.0,166.68942698889327,3724.150335987256,0.05455037206411362,0,274.8866578096388,3.4735937766705116,69,control
1930,409.0,3832.0,352.0,3651.0,0.05393141880631447,0,189.8222977178633,,69,check
1931,428.0,3875.0,290.0,3952.0,0.0770159438252449,0,157.23496771700442,,69,control
1932,372.0,3890.0,537.0,3731.0,0.053186219185590744,0,229.852038163814,,69,control
1933,221.0,3889.0,283.0,3677.0,0.05888455733656883,0,221.37106625209893,,69,control
1934,286.0,3769.0,284.0,3772.0,0.06740491837263107,1,2.9765366420597017,,69,control
1935,549.0,3811.0,544.0,3808.0,0.05481075868010521,0,5.421569515928072,,70,control
1936,603.0,3745.0,362.0,3783.0,0.07251062244176865,0,243.21600339671647,,70,control
1937,555.0,3825.0,553.0102905592959,3710.055383022983,0.06278596073389053,0,115.24182355506343,1.9714443539003514,70,control
1938,638.0,3720.0,337.28114352824804,3697.8203660772715,0.054493971168994904,0,300.83092363921236,0.38854074423954277,70,check
1939,640.0,3742.0,672.6157773591975,3674.7577295597935,0.07016392797231674,0,75.29076386014184,1.1304890437406088,70,check
1940,560.0,3748.0,487.1942564591099,3862.0175536224533,0.05480024218559265,0,134.63951473802192,1.2889551386051392,70,control
1941,652.0,3722.0,451.0,3938.0,0.055421292781829834,0,294.3380047001068,,70,control
1942,606.0,3838.0,554.9732144382035,3940.5723703096423,0.06799816340208054,0,113.97108024771188,0.8758408698482817,70,control
1943,569.0,3686.0,539.0,3712.0,0.051439616829156876,0,38.97720773259539,,70,control
1944,496.0,3839.0,488.6825985312027,3839.8724751623927,0.061541859060525894,0,6.635881133598182,1.255561537572878,70,control
1945,462.0,3867.0,658.0,3867.0,0.08191297948360443,0,196.6845403276644,,70,check
1946,462.0,3867.0,732.0,3986.0,0.06708308309316635,0,295.5479810126918,,70,control
1947,651.0,3814.0,644.0,3817.0,0.07233108580112457,0,6.86559972162342,,70,control
1948,483.0,3742.0,463.0,3975.0,0.09732279926538467,0,233.473780089522,,70,control
1949,596.0,3863.0,352.0,3651.0,0.07571419328451157,0,322.87458016280357,,70,control
1950,633.0,3838.0,476.73351595584916,3993.498193905306,0.09339362382888794,0,219.7239074199198,1.2448419813350249,70,check
1951,567.0,3886.0,349.7582424389667,3750.1039287699246,0.05216769129037857,0,255.79136181848054,2.5775659835633897,70,control
1952,466.0,3844.0,463.0,3847.0,0.0626491829752922,0,3.5340639127660096,,70,check
1953,648.0,3764.0,353.0,3698.0,0.05047541856765747,0,301.64847664237357,,70,control
1954,609.0,3884.0,698.0,3630.0,0.060303617268800735,0,269.6290949561758,,70,check
1955,542.0,3829.0,516.0,3806.0,0.06567298620939255,0,34.39383145455911,,70,control
1956,518.0,3812.0,442.0,3764.0,0.1223507970571518,0,89.44792683047793,,70,control
1957,469.0,3740.0,628.9143564996145,3973.588622117233,0.0767112672328949,0,283.20763116789163,0.2702297593957777,70,control
1958,560.0,3726.0,309.0,3995.0,0.12455683201551437,0,367.18019133642593,,70,control
1959,453.0,3702.0,336.22452913847553,3981.7608210985604,0.09552562981843948,0,302.5732808759987,5.930788745004082,70,control
1960,548.0,3773.0,429.28248184676903,3797.4385862253193,0.08656707406044006,0,120.44593470104785,0.7320419644046324,70,control
1961,650.0,3773.0,348.58054262798856,3697.804177197302,0.053589195013046265,0,310.0237157982894,1.6377905447505925,70,control
1962,476.0,3729.0,588.0,4002.0,0.06364181637763977,0,295.0438306914098,,70,check
1963,635.0,3699.0,643.0,3739.0,0.06848841160535812,0,40.64948693520554,,70,control
1964,640.0,3882.0,494.0,3649.0,0.06373167037963867,0,274.8281125713736,,70,control
1965,443.0,3876.0,357.7418350228173,3612.1396375190907,0.07920252531766891,0,277.3408278231812,0.948205302135247,70,control
1966,571.0,3746.0,380.0,3812.0,0.05319609120488167,0,201.30084404091926,,70,control
1967,460.0,3696.0,660.0,3857.0,0.05372822657227516,0,257.09425001960193,,70,control
1968,507.0,3860.0,625.9677485358161,3581.8359294895768,0.05208127945661545,0,303.06203177730913,1.7158913336764519,70,control
1969,515.0,3777.0,472.38116941399807,4005.2800355748386,0.06366556882858276,0,231.77368254554253,1.2921504209472414,70,control
1970,636.0,3711.0,336.80032566812696,3698.4910715474516,0.059013545513153076,0,298.7454875658856,1.2732443200064278,70,control
1971,574.0,3733.0,528.0,3942.0,0.060829732567071915,0,213.54203011014337,,70,control
1972,633.0,3810.0,647.9607774277581,3714.861027579011,0.06164010241627693,0,96.70131336830659,2.515858656904048,70,control
1973,631.0,3735.0,417.0,3613.0,0.06262931227684021,0,245.8467480751054,,70,control
1974,542.0,3750.0,540.0,3753.0,0.08171338587999344,1,2.9995492783531823,,70,check
1975,625.0,3808.0,361.8650420451405,3920.6694888788925,0.06879632920026779,0,285.45511279714316,1.3593423773104536,70,check
1976,529.0,3867.0,752.0601986864448,3971.023078181892,0.06461764127016068,0,246.59766585787776,2.0727604546282072,70,control
1977,609.0,3787.0,683.0,3862.0,0.06440392881631851,0,105.62600169677043,,70,control
1978,460.0,3796.0,599.092159178519,3769.8589159626345,0.07001116871833801,0,142.26482260166583,1.1346750729205297,70,control
1979,471.0,3713.0,708.0,3588.0,0.053581755608320236,0,268.6785198958384,,70,control
1980,574.0,3775.0,499.0,3848.0,0.07341174781322479,0,103.94203020690811,,70,control
1981,480.0,3833.0,472.4341094954485,3841.3946864358463,0.06989168375730515,0,10.602954167024407,2.094122641090569,70,control
1982,545.0,3796.0,581.0,3625.0,0.08414830267429352,0,175.1669785967675,,70,control
1983,685.0,3806.0,671.8134508435979,3672.527742872016,0.07020971924066544,0,134.3361974173387,0.5672153048824826,71,control
1984,685.0,3806.0,685.2203800089308,3802.68967821602,0.06992339342832565,0,3.7183460953947596,1.5526895532627432,71,control
1985,769.0,3824.0,567.0,3594.0,0.06681506335735321,0,305.8539449047665,,71,control
1986,703.0,3687.0,671.8931778245638,3670.957001348303,0.05843816325068474,0,34.52094636182708,0.6565404017056514,71,check
1987,792.0,3705.0,589.0,3847.0,0.07104244828224182,0,246.99274883974806,,71,control
1988,757.0,3765.0,664.0,3690.0,0.05102047696709633,0,119.11686771477076,,71,control
1989,757.0,3765.0,692.0,3707.0,0.05387379229068756,0,86.79538594522887,,71,check
1990,707.0,3766.0,707.7968725589141,3767.230504333524,0.06977596133947372,1,1.751616369420926,1.021554710769179,71,control
1991,817.0,3832.0,790.0,3860.0,0.05942568928003311,0,38.21831226348771,,71,control
1992,793.0,3791.0,576.9720963792904,4015.829003827564,0.058953143656253815,0,311.0828490764455,0.9852053624923973,71,control
1993,741.0,3801.0,650.0,3661.0,0.06026243790984154,0,166.83569138378405,,71,control
1994,668.0,3704.0,638.0,3901.0,0.05112406238913536,0,198.86250220961983,,71,control
1995,724.0,3892.0,543.7475885969627,3599.0115331050442,0.07702039927244186,0,343.8619862943761,2.8925995394758015,71,control
1996,724.0,3892.0,632.2772295586984,3640.754842876537,0.05763379856944084,0,267.48902427485973,4.639341050953861,71,control
1997,829.0,3853.0,819.0,3884.0,0.05087067559361458,0,32.08647036331132,,71,control
1998,725.0,3766.0,726.461299592163,3766.9999306665586,0.06248544901609421,1,2.2552347918037303,1.1081597581674005,71,control
1999,822.0,3855.0,812.5741762304282,3578.2794335977665,0.05511096864938736,0,277.12390622095313,2.300700969138166,71,check
2000,767.0,3722.0,802.2151682903125,4003.930546863645,0.07462208718061447,0,283.8900668397381,1.3381355689282208,71,check
2001,749.0,3724.0,688.0,3757.0,0.051817867904901505,0,68.61368560648243,,71,control
2002,793.0,3713.0,688.0,3757.0,0.06385572254657745,0,113.10260234145365,,71,control
2003,735.0,3741.0,733.9564871158019,3740.795405951264,0.06560114771127701,1,0.6119934250699139,1.9138536165390758,71,check
2004,739.0,3859.0,665.0,3592.0,0.06214729696512222,0,277.1429320150256,,71,control
2005,683.0,3697.0,813.0,3668.0,0.06448930501937866,0,133.9119427939155,,71,control
2006,750.0,3850.0,634.1305113374675,3880.7601649138965,0.06109287962317467,0,119.14037504641782,1.1633187430977099,71,check
2007,736.0,3770.0,737.0,3770.0,0.11071321368217468,1,1.7031975291775923,,71,control
2008,776.0,3888.0,698.0,3918.0,0.07156020402908325,0,82.82652185969343,,71,control
2009,776.0,3888.0,684.0,3884.0,0.0710868313908577,0,91.42089183585689,,71,control
2010,777.0,3723.0,670.9352296853424,3762.2417164083645,0.07147800922393799,0,112.34620080697238,1.0221325346198544,71,control
2011,735.0,3882.0,611.0,3661.0,0.05949677526950836,0,253.31674716565604,,71,control
2012,771.0,3795.0,704.0,3676.0,0.05254407972097397,0,136.47528792112803,,71,control
2013,734.0,3828.0,770.0,3632.0,0.06499925255775452,0,199.67092809780644,,71,control
2014,703.0,3808.0,696.0,3806.0,0.05686352401971817,0,6.722585240727591,,71,control
2015,660.0,3858.0,660.0,3857.0,0.06840208917856216,1,1.4726514518436071,,71,control
2016,722.0,3787.0,720.0,3789.0,0.07722418755292892,1,2.157549172938584,,71,control
2017,747.0,3882.0,708.0,3666.0,0.051675520837306976,0,219.64691994249768,,71,check
2018,719.0,3697.0,688.0,3615.0,0.05727577209472656,0,87.6796706667754,,71,control
2019,771.0,3863.0,584.0,3650.0,0.07177326828241348,0,283.1898845192852,,71,check
2020,768.0,3850.0,641.0,3579.0,0.05225033313035965,0,299.2334926098422,,71,control
2021,803.0,3778.0,590.0,3988.0,0.06301610171794891,0,298.39753025363314,,71,control
2022,701.0,3791.0,700.5693890521067,3791.060800500694,0.1345817893743515,1,0.3431930097102951,0.4344511572750973,71,control
2023,693.0,3880.0,706.0,3718.0,0.07818707078695297,0,162.86152838742842,,71,control
2024,809.0,3864.0,797.0,3787.0,0.06617780029773712,0,78.1167379970027,,71,control
2025,708.0,3798.0,707.87645845927,3798.4933119187376,0.07641194015741348,1,0.5913063713537586,1.2250301133275412,71,control
2026,34.0,4074.0,37.0,4057.0,0.18127945065498352,0,17.750753139141604,,72,control
2027,48.0,4072.0,48.0,4058.0,0.10436780750751495,0,14.368999178351492,,72,control
2028,26.0,3935.0,26.0,3775.0,0.11352452635765076,0,160.31795031507656,,72,control
2029,174.0,4054.0,173.0,4058.0,0.12379784137010574,0,3.6645082352091327,,72,check
2030,206.0,4044.0,205.0,4042.0,0.1060403361916542,1,2.3571966879735817,,72,control
2031,35.0,4017.0,38.0,4001.0,0.48307937383651733,0,16.76850131522762,,72,control
2032,31.0,4037.0,34.0,4046.0,0.256399542093277,0,9.430554084971364,,72,control
2033,314.0,3936.0,476.420996929382,4032.599763944866,0.07026394456624985,0,189.41005959101815,0.5072615148960058,73,control
2034,397.0,4010.0,315.0,4169.0,0.06562034040689468,0,178.2582045326196,,73,control
2035,397.0,4010.0,428.1397304311187,3870.219397419134,0.05012209713459015,0,143.66942775661383,0.7925370833522432,73,control
2036,388.0,4095.0,221.0,3951.0,0.06052197888493538,0,220.17201391920554,,73,control
2037,388.0,4095.0,388.88374603540393,4100.1283986707,0.0744277760386467,0,5.043751331721189,2.08624591314902,73,check
2038,224.0,4044.0,226.67141657528785,4045.509517774719,0.08183038979768753,0,3.596240850750773,0.9479283478551451,73,control
2039,287.0,4029.0,449.0,4129.0,0.053115785121917725,0,190.79495818100528,,73,check
2040,392.0,4084.0,376.0465953478004,4149.505291038971,0.05212536081671715,0,66.91606469639827,1.6598243759043276,73,control
2041,371.0,3910.0,155.0840394099032,4046.2224800710737,0.05664098262786865,0,254.48820142430137,2.3873346065870216,73,control
2042,328.0,3941.0,336.86183833382535,4089.5493519293705,0.06480104476213455,0,148.5153443649657,1.9050949467844698,73,check
2043,314.0,4067.0,378.4142566271224,3918.727577560418,0.062352921813726425,0,162.24059921766465,0.8180096066244564,73,control
2044,361.0,4083.0,465.8458320261318,3975.897748650428,0.05736301839351654,0,150.60309686094703,0.6828089757949513,73,control
2045,429.0,3944.0,499.0,4236.0,0.0502987802028656,0,300.08985688553605,,73,control
2046,262.0,4113.0,334.77925671075906,3973.949954774709,0.060077570378780365,0,157.57111557307667,3.546084714011499,73,check
2047,227.0,4113.0,492.0,3963.0,0.05159676447510719,0,305.27664956874486,,73,control
2048,312.0,4095.0,311.0,4099.0,0.06819771230220795,0,3.6657206783358784,,73,control
2049,292.0,4104.0,179.94794234562497,4023.850875563647,0.09008274227380753,0,137.36742946635468,1.707659165580168,73,check
2050,270.0,3907.0,553.0,4001.0,0.05059152841567993,0,298.7579458296729,,73,check
2051,314.0,4079.0,333.10027234079473,4071.2235255833248,0.05240518972277641,0,21.414668791425388,1.8217232593701267,73,control
2052,391.0,3912.0,293.3390328445787,4075.1009072595984,0.05718608573079109,0,189.44010419248593,1.2007868380883817,73,control
2053,323.0,4098.0,325.54477229348765,4099.547683688648,0.05931737273931503,0,3.4757464541897245,1.3339102462533416,73,control
2054,349.0,4083.0,354.3425839164547,4085.908807190486,0.052210733294487,0,6.577258311569476,0.5861737718612614,73,control
2055,283.0,3927.0,304.0,4070.0,0.057634707540273666,0,144.30204347692418,,73,control
2056,252.0,4071.0,556.2604580367799,4065.8897474840987,0.05369972810149193,0,304.99864082991485,0.7600558100784758,73,control
2057,252.0,4071.0,249.0,4074.0,0.05656754970550537,0,3.4961015338162538,,73,control
2058,365.0,3953.0,418.37698938945545,4143.1690395581745,0.0750986710190773,0,197.37581003727232,2.1197027330501825,73,check
2059,416.0,3981.0,365.13051015415215,3817.8201081695242,0.05484771355986595,0,171.00768931427322,1.811981675507485,73,control
2060,245.0,4003.0,216.0,4183.0,0.05782430246472359,0,181.85282399898713,,73,control
2061,241.0,3903.0,228.3648379080758,4046.2080921708375,0.06734868139028549,0,143.3616145900673,1.4395401049724266,73,control
2062,425.0,4002.0,364.0,3930.0,0.05211716517806053,0,94.15203282921168,,73,control
2063,345.0,4023.0,96.0,4029.0,0.051364120095968246,0,248.3182342369112,,73,check
2064,264.0,4040.0,262.0,4041.0,0.05965294688940048,1,1.4350168835161754,,73,control
2065,365.0,4104.0,500.9469194022634,3955.778412173682,0.06820883601903915,0,201.83509546196902,1.6795894591184506,73,control
2066,280.0,4092.0,165.0,4016.0,0.05935090407729149,0,137.4174643815432,,73,control
2067,401.0,3922.0,474.0,3802.0,0.07404064387083054,0,141.08852978946268,,73,control
2068,282.0,4061.0,350.0,4094.0,0.09974955767393112,0,76.07890766432746,,73,control
2069,361.0,4093.0,463.9518302189534,3974.9091502553033,0.05026017874479294,0,157.37470835448968,0.5901584730361633,73,control
2070,249.0,4037.0,247.0,4037.0,0.08065111935138702,1,1.3168625076990428,,73,control
2071,238.0,4038.0,210.0,3779.0,0.05664768069982529,0,260.73901295805155,,73,control
2072,252.0,4059.0,341.0,4053.0,0.0814424678683281,0,89.9395557220482,,73,control
2073,314.0,4057.0,435.0,3977.0,0.053634364157915115,0,145.8250834726311,,73,control
2074,380.0,3999.0,351.0,3959.0,0.06009385734796524,0,49.2558073921896,,73,control
2075,629.0,3925.0,612.4616424381229,3931.2203305571174,0.05580607056617737,0,16.91528858972004,0.7736007078212331,74,control
2076,647.0,4047.0,750.9667355669465,3779.4196975317245,0.06209883093833923,0,287.585509989932,5.134881396030551,74,control
2077,625.0,4018.0,715.0,3970.0,0.05861707031726837,0,102.7431278336815,,74,check
2078,510.0,4083.0,690.9778098354434,3811.016241159662,0.05209710821509361,0,327.31848829685526,2.116582655592149,74,control
2079,598.0,4071.0,579.0366400697018,4016.977659962259,0.063929483294487,0,57.33853528903635,1.3700358635298255,74,check
2080,599.0,4116.0,369.0,4175.0,0.053024496883153915,0,236.6732637243098,,74,control
2081,640.0,3910.0,689.0,3897.0,0.05329062417149544,0,51.43104628817285,,74,control
2082,524.0,4035.0,371.0,4195.0,0.05295110121369362,0,220.63476015824625,,74,control
2083,638.0,4112.0,376.0,4184.0,0.059853971004486084,0,270.9376784005696,,74,control
2084,644.0,3985.0,612.0,3929.0,0.07356240600347519,0,64.4341395639318,,74,control
2085,543.0,3919.0,403.0,3959.0,0.056956853717565536,0,144.82857102305482,,74,control
2086,492.0,4096.0,454.0,3997.0,0.05978774279356003,0,106.09904233850014,,74,control
2087,455.0,3997.0,418.221752157601,3836.6982472892437,0.05295756459236145,0,164.61083101306923,1.0155906814727491,74,control
2088,604.0,3973.0,602.4302621824713,3838.8789114473516,0.07003314793109894,0,134.4277278293951,0.9253019199176061,74,control
2089,583.0,3922.0,651.0,4187.0,0.05464710295200348,0,273.42086802297973,,74,control
2090,599.0,3921.0,567.0,4209.0,0.053000979125499725,0,289.350242436217,,74,check
2091,498.0,4104.0,670.0,4048.0,0.0625990480184555,0,181.63115968325909,,74,control
2092,526.0,3945.0,536.5892365360563,3963.2604547072197,0.05511639267206192,0,21.19363522068993,1.8214362183421455,74,control
2093,475.0,4085.0,544.0,3808.0,0.062245048582553864,0,285.92752304334516,,74,control
2094,472.0,3977.0,417.0,3896.0,0.050960153341293335,0,97.77334840711545,,74,control
2095,503.0,3977.0,654.0,3981.0,0.06139211356639862,0,151.7254796684334,,74,control
2096,617.0,4008.0,464.0,4180.0,0.06833045929670334,0,229.47801472982871,,74,control
2097,547.0,3996.0,663.0,3900.0,0.05094411224126816,0,151.29522263670606,,74,control
2098,542.0,3933.0,555.5470095750961,4221.011332538056,0.05214151740074158,0,288.01184216913043,1.5649106292248713,74,control
2099,542.0,3933.0,338.2970296117119,3976.973952140958,0.05615929141640663,0,207.6231520320399,3.5731850175863973,74,control
2100,460.0,4051.0,713.8111150206885,4032.308804317685,0.05969568341970444,0,255.1923324733854,1.1111389134018606,74,control
2101,583.0,3951.0,650.0,4216.0,0.07035142928361893,0,273.16778832741664,,74,check
2102,537.0,3988.0,539.0,3954.0,0.05983976274728775,0,34.425502878359154,,74,control
2103,523.0,3936.0,465.0,3932.0,0.07669313251972198,0,57.45738381150515,,74,control
2104,490.0,3976.0,442.0,3849.0,0.06006566807627678,0,135.80957668800465,,74,check
2105,597.0,3944.0,736.0,4091.0,0.05483401194214821,0,202.53190462517435,,74,check
2106,783.0,3982.0,651.8526650995091,4036.6602467511707,0.0646367073059082,0,141.3300355464286,1.3741653376968666,75,control
2107,764.0,4079.0,642.1700231570597,4021.829417067121,0.14678336679935455,0,134.09991302305198,1.4392086737386256,75,check
2108,668.0,4011.0,587.291695102116,3857.6628445518195,0.067499078810215,0,173.23053878881362,2.3986943151127273,75,check
2109,820.0,4067.0,650.5201600158276,4038.1320236553265,0.07795204222202301,0,171.30653236451823,1.0531100093048005,75,control
2110,819.0,4059.0,847.9084316119016,3859.2062595349657,0.06530565768480301,0,202.2646151068673,2.4595517148850803,75,control
2111,708.0,4058.0,814.0478781895569,4022.7607512698314,0.06968150287866592,0,112.47647001644492,0.8659323902044667,75,control
2112,723.0,4020.0,542.6122890796356,3882.98711239879,0.0821608230471611,0,226.15575233126197,1.4581662116277438,75,control
2113,657.0,4012.0,788.0,3820.0,0.05202844366431236,0,233.05463332774687,,75,control
2114,768.0,4014.0,759.5078871044781,4015.5191314813287,0.06080494448542595,0,7.916579696587541,0.7071889450614223,75,check
2115,813.0,4016.0,803.4176871901252,4003.5491782160875,0.12835167348384857,0,15.574872532282818,1.0714884598093553,75,check
2116,718.0,4089.0,770.0,4178.0,0.05289203301072121,0,103.1208440593486,,75,control
2117,718.0,4089.0,752.6762928493251,4162.7282906216315,0.09148679673671722,0,81.45585308458199,1.219180607038467,75,check
2118,747.0,3956.0,677.8640618385947,4125.012655878933,0.06975941359996796,0,182.0416317099722,1.3943515726996583,75,control
2119,680.0,4088.0,567.0,4081.0,0.05512818321585655,0,112.55140895520705,,75,control
2120,708.0,4036.0,622.0,3803.0,0.13043995201587677,0,248.40686991954433,,75,control
2121,708.0,4036.0,589.0,3949.0,0.05054269731044769,0,147.04304589673913,,75,control
2122,697.0,3944.0,780.6437066830732,3775.5787092155133,0.05445437878370285,0,188.6074127006135,1.1144240920916006,75,control
2123,748.0,3976.0,584.0509033956922,4061.342947169249,0.05257675051689148,0,184.06983891470875,0.9216118494187987,75,control
2124,840.0,4044.0,813.0,3962.0,0.06290633976459503,0,86.42228407138506,,75,control
2125,692.0,3971.0,627.0,3811.0,0.05802777037024498,0,172.7186493629236,,75,control
2126,667.0,3908.0,664.0,3909.0,0.06981834024190903,1,2.418382651255101,,75,control
2127,758.0,4104.0,781.0,4165.0,0.059587251394987106,0,65.11364844373121,,75,control
2128,743.0,3912.0,773.6470239187795,3824.8669186334923,0.06446226686239243,0,92.86949021355387,3.4238059516371564,75,check
2129,728.0,3943.0,655.2523620218115,3979.8184242016937,0.08092744648456573,0,80.78279096520473,1.922552151704135,75,control
2130,728.0,3943.0,643.9821615647775,3839.109144637868,0.05655346438288689,0,133.41762011412786,1.1663012418007515,75,control
2131,793.0,4098.0,778.3628514845411,3899.498628580127,0.05110378935933113,0,199.29643002022127,1.1041531363879886,75,control
2132,759.0,3978.0,712.0,4150.0,0.069168321788311,0,177.80530141779096,,75,control
2133,824.0,3993.0,719.0,3904.0,0.05249805003404617,0,137.329527821259,,75,control
2134,685.0,3962.0,653.741933844481,3768.1497345965477,0.10277567058801651,0,196.53578022127715,1.1231955304858474,75,control
2135,739.0,4028.0,576.0,4005.0,0.05967402830719948,0,163.97799773165758,,75,control
2136,692.0,4036.0,691.0,4036.0,0.07642420381307602,1,0.45955520756272894,,75,control
2137,725.0,3986.0,655.0,4155.0,0.06949613988399506,0,182.3519288902722,,75,control
2138,832.0,3947.0,855.0,4014.0,0.06686455011367798,0,70.7554640238859,,75,check
2139,691.0,4003.0,816.0,4226.0,0.09127683937549591,0,255.66549016159428,,75,control
2140,742.0,4095.0,558.0,3942.0,0.05921141430735588,0,238.97178654235938,,75,control
2141,675.0,3958.0,606.0,3815.0,0.06757852435112,0,158.74837915121842,,75,control
2142,670.0,4069.0,729.0,4130.0,0.05185447260737419,0,85.09071007864584,,75,control
2143,34.0,4327.0,29.0,4202.0,0.06350421160459518,0,125.43939935376034,,76,check
2144,52.0,4199.0,328.8735885999905,4401.858567024587,0.05742909386754036,0,343.57999803505203,0.7567198486907076,76,check
2145,198.0,4227.0,200.0,4079.0,0.0657278522849083,0,148.3717570682323,,76,control
2146,62.0,4161.0,239.0,4219.0,0.08016648143529892,0,186.83517830147048,,76,control
2147,29.0,4205.0,29.0,4202.0,0.0568377785384655,0,3.4494471313659387,,76,control
2148,29.0,4205.0,35.0,4241.0,0.06880520284175873,0,36.26126372653468,,76,control
2149,196.0,4209.0,231.07034408390942,4079.728047646481,0.052897024899721146,0,134.4702500511818,3.9793341014183268,76,control
2150,33.0,4249.0,37.0,4057.0,0.061278801411390305,0,192.40832286854481,,76,control
2151,214.0,4334.0,187.0260714194169,4081.1734110431066,0.059434887021780014,0,254.53013432050417,1.4185886261789458,76,control
2152,136.0,4242.0,132.31576374324393,4240.14710760912,0.06946151703596115,0,3.6925329119864574,0.7349425539077545,76,control
2153,69.0,4136.0,306.0,4246.0,0.05028128996491432,0,261.77842569612204,,76,control
2154,36.0,4217.0,48.0,4058.0,0.06587370485067368,0,159.85870655265165,,76,control
2155,36.0,4217.0,34.0,4046.0,0.05281342566013336,0,171.35294546845896,,76,control
2156,80.0,4222.0,177.63999737402708,4288.040639288729,0.059049420058727264,0,118.27275849699053,1.63128986832192,76,control
2157,45.0,4244.0,37.0,4057.0,0.06722267717123032,0,187.48976322634948,,76,control
2158,182.0,4169.0,213.4603610023664,4016.4292982525126,0.05194896459579468,0,156.2614521758011,5.075506236965466,76,control
2159,111.0,4280.0,237.68572476919095,4359.056488990769,0.05841860920190811,0,149.7390674550069,1.9190631924490715,76,control
2160,207.0,4140.0,156.40544523094545,4041.900306391218,0.05106004700064659,0,110.34818775349552,4.656842161124866,76,check
2161,28.0,4269.0,33.0,4075.0,0.05457206070423126,0,194.43702999887162,,76,control
2162,95.0,4306.0,225.0,4327.0,0.05793948099017143,0,132.3373487207167,,76,control
2163,128.0,4300.0,130.20249230404772,4301.999204100064,0.06579727679491043,0,3.3541137024297503,0.8166423502486918,76,control
2164,153.0,4286.0,148.26158284547935,4281.922100798108,0.06508609652519226,0,5.988905290659035,4.024891833546922,76,check
2165,195.0,4272.0,197.0,4271.0,0.06768807768821716,0,3.0504737676502836,,76,control
2166,33.0,4167.0,37.0,4057.0,0.08907879143953323,0,110.45190876381916,,76,control
2167,210.0,4261.0,208.0,4263.0,0.05418748781085014,1,2.070912576825382,,76,control
2168,86.0,4304.0,278.0,4434.0,0.056847091764211655,0,232.24316714931706,,76,control
2169,111.0,4321.0,245.44299517020852,4362.259056824776,0.05028039589524269,0,141.20660243753719,2.2585148418902907,76,control
2170,93.0,4124.0,51.0,4104.0,0.06747142970561981,0,45.99960555147251,,76,check
2171,176.0,4226.0,127.0,4069.0,0.060845665633678436,0,164.58219321986542,,76,control
2172,201.0,4193.0,151.0,4035.0,0.06709381192922592,0,165.82859254472243,,76,check
2173,135.0,4289.0,132.0,4288.0,0.09553326666355133,1,2.6510392240751526,,76,control
2174,393.0,4322.0,183.03544654736282,4255.307137134106,0.06410002708435059,0,219.72073558179,1.6741886137169877,77,control
2175,393.0,4322.0,263.0,4407.0,0.05073726922273636,0,154.51547115497516,,77,control
2176,294.0,4218.0,542.0,4292.0,0.08650298416614532,0,259.3574213148471,,77,control
2177,242.0,4162.0,302.44533603527384,4092.3684372283537,0.055024404078722,0,92.93959582860582,2.2124179209504673,77,control
2178,320.0,4212.0,178.0,4286.0,0.0640428215265274,0,159.30786244978694,,77,control
2179,402.0,4268.0,464.7257860594771,4031.8820874326016,0.0611453577876091,0,244.8091036488769,1.921508172607136,77,control
2180,304.0,4321.0,494.27819880951085,4341.243967955423,0.05170951038599014,0,191.99727313926695,0.9879088833638702,77,check
2181,432.0,4287.0,437.15032640495394,4230.0899017202855,0.05813814327120781,0,57.56448554032852,0.6797248173538818,77,control
2182,425.0,4251.0,429.0,4258.0,0.0707753524184227,0,8.133938164309624,,77,control
2183,392.0,4183.0,292.75606993736477,4242.1082234328005,0.06285250186920166,0,114.71236428216464,0.7251539953983215,77,check
2184,349.0,4170.0,300.0,4090.0,0.056015100330114365,0,93.73490081715775,,77,check
2185,244.0,4196.0,126.0,4061.0,0.07221020758152008,0,179.07645668040988,,77,control
2186,360.0,4198.0,337.0,4127.0,0.051450833678245544,0,74.74727200673735,,77,control
2187,336.0,4277.0,304.0,4044.0,0.05335608497262001,0,235.42596405360806,,77,check
2188,385.0,4154.0,256.0,4089.0,0.09996017813682556,0,143.96036980592007,,77,control
2189,385.0,4154.0,468.8319532325448,4231.039560388279,0.07412063330411911,0,114.12774280173704,0.5494798011246768,77,control
2190,230.0,4152.0,180.0,4257.0,0.06788140535354614,0,115.65217822120151,,77,control
2191,389.0,4194.0,445.352155026085,4292.358442665901,0.0671563670039177,0,113.39027170720165,0.8993186424464411,77,control
2192,419.0,4130.0,267.0,4125.0,0.0773414745926857,0,151.37226012329785,,77,check
2193,232.0,4259.0,412.1205579651502,4240.070124546296,0.05424383282661438,0,181.84728447105311,1.2888888241355476,77,check
2194,413.0,4147.0,270.9105819516055,4312.480737394746,0.12712810933589935,0,217.36482995164405,0.23984924610757785,77,control
2195,413.0,4147.0,419.0,4149.0,0.05484820529818535,0,6.903922460066509,,77,control
2196,306.0,4303.0,461.64187122316275,4081.079955986284,0.08939044177532196,0,271.73783932446435,0.8999185249164671,77,check
2197,306.0,4303.0,312.2068064197624,4292.781627013565,0.05751340836286545,0,12.646584042801061,1.1956834136998598,77,control
2198,306.0,4303.0,194.73565901431706,4029.358099765294,0.05229819938540459,0,295.43767596726667,1.6576160030613984,77,control
2199,272.0,4318.0,226.0,4045.0,0.07667217403650284,0,277.0649936304083,,77,control
2200,309.0,4125.0,341.0,4053.0,0.061652831733226776,0,79.39270429828814,,77,control
2201,322.0,4223.0,119.92091106241594,4141.450882113514,0.05808195844292641,0,217.3620561307655,2.257274298983891,77,control
2202,402.0,4216.0,265.0,4418.0,0.11306494474411011,0,243.35755852897267,,77,control
2203,390.0,4212.0,155.0,4234.0,0.056268587708473206,0,235.26475522417502,,77,control
2204,399.0,4225.0,163.0,4274.0,0.054707057774066925,0,240.24341952704702,,77,control
2205,399.0,4225.0,168.0,4258.0,0.05918235704302788,0,232.57092715211593,,77,control
2206,277.0,4199.0,442.0,4335.0,0.06635754555463791,0,214.12678504965507,,77,control
2207,225.0,4308.0,437.2498550335205,4228.029395550707,0.051215313374996185,0,227.59461964549132,1.2852952657842864,77,control
2208,225.0,4308.0,162.0,4081.0,0.0551551915705204,0,235.72004091876045,,77,control
2209,372.0,4283.0,272.5109276177597,4205.7695270878685,0.05035229027271271,0,125.60148915103917,4.915199926033628,77,control
2210,234.0,4287.0,357.60059484138014,4416.289156011058,0.11378388106822968,0,179.07570421175672,0.4307990301224255,77,check
2211,422.0,4289.0,478.0,4427.0,0.07869725674390793,0,148.83872138528506,,77,control
2212,422.0,4289.0,250.0,4431.0,0.0859205573797226,0,222.24579050479693,,77,control
2213,354.0,4249.0,228.80390683876132,4391.298832244594,0.05743904411792755,0,188.77223232160082,0.8795232159839721,77,control
2214,300.0,4120.0,182.0,4049.0,0.07171665132045746,0,137.26236239049192,,77,control
2215,248.0,4133.0,218.18498935161097,4359.962623648481,0.05335601791739464,0,228.44327705862673,0.8297351760426832,77,control
2216,301.0,4250.0,172.0,4189.0,0.08225641399621964,0,142.18986022522006,,77,control
2217,647.0,4308.0,645.0,4308.0,0.06141652911901474,1,1.3769872343706249,,78,control
2218,629.0,4220.0,663.0,3981.0,0.06003923714160919,0,241.81841128298854,,78,control
2219,650.0,4291.0,460.518368877452,4076.9597210540214,0.06020519137382507,0,285.65009584008584,1.0468222016240785,78,control
2220,510.0,4138.0,506.7681074102691,4139.0316531704675,0.05398216098546982,1,2.630575045837903,2.3461766971329707,78,control
2221,444.0,4299.0,604.0,4261.0,0.060990262776613235,0,165.19137886830504,,78,control
2222,621.0,4223.0,732.8036793906513,4297.293073583463,0.05443291738629341,0,134.59235455475982,2.596707137222279,78,control
2223,613.0,4220.0,371.0,4195.0,0.06675738841295242,0,242.6210705499598,,78,control
2224,647.0,4139.0,735.9473398527167,4033.5604185352745,0.08374588191509247,0,138.62444769171668,0.4565697298376267,78,control
2225,466.0,4223.0,461.7198309872444,4356.697926668733,0.0779389962553978,0,133.37536582699337,1.6108524464031126,78,check
2226,522.0,4154.0,697.0,4403.0,0.051267359405756,0,304.42491720386624,,78,check
2227,437.0,4196.0,405.0,4358.0,0.05274702236056328,0,164.63027508533693,,78,control
2228,500.0,4217.0,436.03828251054216,4230.771023112926,0.06719224154949188,0,64.66995290284939,0.6645352752017044,78,control
2229,500.0,4217.0,625.9083959002929,4022.0114889527804,0.052937474101781845,0,232.75023970074272,1.4197515306348585,78,control
2230,495.0,4262.0,372.62286711975617,4357.618276308392,0.0628403052687645,0,154.51993297801317,0.4972843173885546,78,control
2231,507.0,4152.0,508.09463290287925,4154.218574167457,0.05083383992314339,1,2.589163771917246,2.1543192662929274,78,control
2232,461.0,4247.0,666.3602958612754,4332.5993170213915,0.0826147124171257,0,222.9638760921263,1.3977100226882069,78,check
2233,536.0,4135.0,389.0,4238.0,0.05770743638277054,0,178.71135305738295,,78,check
2234,593.0,4297.0,661.0,4103.0,0.0608537532389164,0,206.11126406195123,,78,control
2235,645.0,4213.0,586.0,4213.0,0.050529494881629944,0,58.32011803959108,,78,check
2236,519.0,4247.0,323.50110397147796,4011.269665947049,0.06592529267072678,0,306.0481611565336,0.9723044336275196,78,check
2237,545.0,4292.0,649.0,4086.0,0.08890579640865326,0,231.36608346355132,,78,control
2238,604.0,4163.0,616.0,4467.0,0.06926580518484116,0,303.88542520502193,,78,control
2239,459.0,4150.0,495.0,4266.0,0.07815464586019516,0,121.32205555270981,,78,control
2240,470.0,4139.0,325.0,4461.0,0.05635533854365349,0,352.49910281028616,,78,control
2241,579.0,4160.0,635.0,4413.0,0.06947782635688782,0,258.9061168960595,,78,control
2242,491.0,4206.0,442.0,4335.0,0.09507589787244797,0,137.4023992600114,,78,control
2243,485.0,4153.0,488.5468250688461,4151.8566529337195,0.11487685889005661,0,4.495240772533414,1.88562407231918,78,control
2244,444.0,4184.0,725.6835800615855,4101.708776081281,0.06546205282211304,0,294.1918865326191,2.016823469590885,78,control
2245,436.0,4272.0,706.1421058928472,4465.448919864416,0.05049297958612442,0,332.5806933196088,1.0416861581982935,78,control
2246,497.0,4248.0,581.0,4390.0,0.05701789632439613,0,165.01143038618972,,78,control
2247,477.0,4161.0,607.0,4358.0,0.054369378834962845,0,236.09419513361001,,78,control
2248,572.0,4224.0,481.4521487354019,4119.3324319211415,0.05457255244255066,0,138.20333319477334,2.615419008458859,78,control
2249,459.0,4315.0,435.0,4325.0,0.054685723036527634,0,25.216870827031727,,78,control
2250,494.0,4155.0,327.0,4139.0,0.051085930317640305,0,167.08720214273944,,78,control
2251,467.0,4166.0,458.7312972017136,4422.429219782741,0.05228471755981445,0,256.1625198949633,1.6052864694992197,78,control
2252,504.0,4191.0,534.0,4424.0,0.06171889975667,0,234.63796355805357,,78,check
2253,743.0,4167.0,687.0,4192.0,0.07104083895683289,0,60.57570989131472,,79,control
2254,707.0,4231.0,558.6813202389395,4353.519268391277,0.07751818746328354,0,191.62079074180375,0.5565301143937238,79,control
2255,797.0,4320.0,774.3661666783499,4214.904050576564,0.09425229579210281,0,107.70465270134726,2.540976535299575,79,control
2256,668.0,4312.0,581.9845151978509,4178.998734091037,0.0541284903883934,0,158.31304449909675,1.0799514688012124,79,control
2257,745.0,4234.0,586.0,4213.0,0.05075910687446594,0,159.75205966982665,,79,control
2258,731.0,4130.0,723.9375687997045,4040.5607534547917,0.06897900998592377,0,89.99032823762715,1.8538359656784538,79,control
2259,760.0,4188.0,669.0413460001748,4287.599787552652,0.05841526761651039,0,134.1707622467386,1.9641916098695293,79,control
2260,800.0,4143.0,691.192149839084,4052.3883717253543,0.055812276899814606,0,141.28931417857964,0.6911116774908738,79,control
2261,788.0,4125.0,644.0,4237.0,0.05450550466775894,0,181.68181260608733,,79,control
2262,819.0,4220.0,855.0,4014.0,0.07009537518024445,0,209.54697090582212,,79,control
2263,699.0,4335.0,569.4966077902895,4328.056205971834,0.05146792531013489,0,129.0315694659945,1.4717909258729325,79,control
2264,659.0,4231.0,666.0,4351.0,0.05162766948342323,0,119.88230748329046,,79,check
2265,785.0,4195.0,781.4725476880423,4198.697908610536,0.07304690033197403,0,4.416382023708307,3.4638462981245755,79,control
2266,823.0,4260.0,599.0,4362.0,0.05089995637536049,0,245.36450313999563,,79,control
2267,781.0,4290.0,632.0,4237.0,0.055135324597358704,0,157.6284143922625,,79,control
2268,826.0,4208.0,717.0,4305.0,0.05352361872792244,0,145.17998456017952,,79,check
2269,826.0,4208.0,855.0,4014.0,0.113253153860569,0,196.5659452189544,,79,control
2270,836.0,4311.0,627.0,4020.0,0.05067818611860275,0,358.14265371194267,,79,control
2271,825.0,4237.0,581.4102604930314,4058.808825049585,0.052071601152420044,0,301.44976200080316,0.3217909323292745,79,check
2272,828.0,4327.0,623.0,4055.0,0.07963273674249649,0,340.45403610887786,,79,check
2273,757.0,4197.0,678.0,4312.0,0.06401681900024414,0,138.8486223086109,,79,control
2274,822.0,4192.0,627.0,4020.0,0.05715647712349892,0,259.72101046478184,,79,control
2275,799.0,4330.0,783.0,4442.0,0.060440585017204285,0,112.68057714376872,,79,control
2276,831.0,4174.0,791.0,4137.0,0.07754341512918472,0,54.23535707948978,,79,check
2277,821.0,4183.0,627.0,4419.0,0.05858207494020462,0,304.79042760272023,,79,control
2278,179.0,4522.0,174.0,4531.0,0.11628466844558716,0,9.604832338766,,80,control
2279,199.0,4484.0,309.69270061191725,4375.618460358007,0.11339699476957321,0,155.68863027743126,1.0893850783620889,80,control
2280,33.0,4462.0,33.0,4439.0,0.10460605472326279,0,23.40733617264943,,80,check
2281,179.0,4448.0,269.1175645726591,4313.292049504712,0.11133197695016861,0,162.7800152789914,0.7107883186386065,80,control
2282,171.0,4482.0,168.69713475981956,4482.47070906524,0.10309309512376785,1,1.5829306151132063,4.138842683520756,80,control
2283,185.0,4512.0,179.45224093280612,4519.963759533933,0.10941328853368759,0,8.97341009465703,2.1926613583050996,80,control
2284,434.0,4370.0,461.80080325140426,4359.418692269727,0.05437653139233589,0,30.524192276781733,0.8850952446218232,81,check
2285,367.0,4435.0,440.8283388858635,4396.021386071764,0.09253986179828644,0,84.27391231549016,1.6932541704184139,81,control
2286,421.0,4513.0,183.1964896588189,4257.55775176767,0.07264111936092377,0,348.7751673301072,3.7295549734490834,81,control
2287,296.0,4503.0,454.66605487596865,4656.622100762267,0.07793843001127243,0,221.05745816749175,0.7574975808345531,81,control
2288,304.0,4425.0,428.0,4622.0,0.05445076897740364,0,232.80151616381656,,81,control
2289,252.0,4500.0,253.0,4499.0,0.050431594252586365,1,2.207738091689605,,81,control
2290,319.0,4509.0,178.0,4286.0,0.10047656297683716,0,263.7642064703853,,81,control
2291,414.0,4494.0,546.0,4403.0,0.07129368185997009,0,161.09893799815447,,81,check
2292,325.0,4545.0,279.0,4291.0,0.0500398613512516,0,258.3688752283646,,81,control
2293,342.0,4507.0,428.94888007595983,4449.795788941958,0.09109731018543243,0,104.86732585274007,0.987505963435366,81,control
2294,253.0,4457.0,258.9681735397952,4460.287440685333,0.06012173742055893,0,7.280983478710597,1.6929823374825148,81,control
2295,383.0,4491.0,366.0,4384.0,0.06283582001924515,0,108.60739154995943,,81,control
2296,377.0,4351.0,240.5225838802623,4449.718475281955,0.05660849064588547,0,167.6311222196367,1.6288070465081872,81,check
2297,420.0,4386.0,401.2402674922013,4571.319636676433,0.07372553646564484,0,185.8015761197065,0.28593200204237457,81,control
2298,273.0,4360.0,534.0,4424.0,0.081964410841465,0,269.3033549788921,,81,control
2299,425.0,4454.0,491.72125062045984,4475.735559973936,0.05214744061231613,0,70.70525690781493,1.0988810328736778,81,check
2300,222.0,4471.0,224.75429180355042,4467.297379037174,0.0987122431397438,0,5.367349319945922,1.4057774027586598,81,control
2301,294.0,4428.0,534.0,4424.0,0.061361003667116165,0,240.7196280405457,,81,control
2302,328.0,4354.0,92.97153603005154,4387.908976207903,0.08258278667926788,0,236.68028062490896,1.2186695865308539,81,control
2303,321.0,4438.0,291.11426016209583,4594.36207461233,0.07009334862232208,0,158.66356970498563,1.123326703824638,81,check
2304,419.0,4403.0,354.7992480179402,4242.839859280418,0.09012174606323242,0,172.62206782904315,0.6593208174571152,81,control
2305,308.0,4394.0,307.13386138317395,4396.480343608289,0.05920827016234398,1,2.1052703822573737,4.1006672661844,81,control
2306,342.0,4419.0,403.22015170240593,4535.109622009932,0.056226570159196854,0,131.23682711787023,0.29157407159871274,81,control
2307,289.0,4448.0,287.0,4450.0,0.07645668089389801,1,2.065372935904265,,81,control
2308,288.0,4520.0,284.0,4519.0,0.06318110227584839,0,3.5772887696365605,,81,control
2309,246.0,4435.0,247.97103243321882,4436.448730712177,0.07140836119651794,1,2.88679209944239,1.2887688853256025,81,control
2310,302.0,4375.0,544.8885457113034,4405.171360278866,0.0605664886534214,0,245.38364968723675,1.0167647735711252,81,control
2311,276.0,4420.0,472.0937995550299,4510.761770902805,0.05686500295996666,0,216.53831366212378,1.1967736870695047,81,check
2312,401.0,4425.0,512.0,4349.0,0.053665097802877426,0,135.29841291012508,,81,control
2313,401.0,4425.0,139.0,4538.0,0.07967662066221237,0,284.5055177742789,,81,control
2314,233.0,4488.0,503.0,4478.0,0.059651508927345276,0,270.88079317132724,,81,control
2315,233.0,4488.0,188.05693863837809,4211.926528056193,0.05249958112835884,0,279.95002963785873,1.8393827399254963,81,control
2316,374.0,4522.0,413.33684704294313,4250.291307598538,0.09394966065883636,0,274.998590488883,3.270531286773282,81,control
2317,265.0,4504.0,520.0,4419.0,0.08358404040336609,0,269.5593570873405,,81,control
2318,230.0,4341.0,346.0,4534.0,0.06500575691461563,0,225.19945140522606,,81,check
2319,237.0,4409.0,474.19667540989826,4272.171436533146,0.06351233273744583,0,274.6123520948486,0.867781287870477,81,control
2320,252.0,4425.0,144.0,4322.0,0.06784559041261673,0,148.9757013990691,,81,control
2321,233.0,4532.0,521.3747400851859,4468.851722097523,0.05979013815522194,0,295.95380838348467,1.3992192035926014,81,control
2322,243.0,4479.0,255.24039794379505,4307.829783689823,0.0878414586186409,0,172.0310857098993,0.6411241729801432,81,control
2323,235.0,4522.0,322.0,4313.0,0.05906330794095993,0,226.99976315535653,,81,check
2324,586.0,4504.0,368.8467413645091,4386.78870107438,0.08330180495977402,0,246.33060369204088,1.1208667332085003,82,check
2325,586.0,4504.0,740.327744870869,4291.945540397371,0.08934567868709564,0,262.94142379545997,1.598680061804319,82,control
2326,574.0,4465.0,548.0,4302.0,0.05290602147579193,0,165.31150671888014,,82,check
2327,585.0,4463.0,389.0,4259.0,0.05480650067329407,0,282.6740307660918,,82,check
2328,562.0,4483.0,623.5259275205143,4627.570106957467,0.06745864450931549,0,157.0127365586774,2.241457346172354,82,check
2329,653.0,4456.0,465.76746598865935,4457.2310154117995,0.05948752909898758,0,186.54757938690886,0.5983272409957313,82,control
2330,626.0,4547.0,604.0,4261.0,0.059028856456279755,0,287.147215425201,,82,control
2331,613.0,4393.0,347.74681076659476,4648.606009408067,0.054739177227020264,0,367.5818361995137,1.4193717446394867,82,control
2332,589.0,4339.0,596.0,4543.0,0.054250314831733704,0,203.75576808420558,,82,control
2333,609.0,4373.0,343.8768434622828,4614.3100440506605,0.0826629251241684,0,357.7100634437576,1.429705539791717,82,control
2334,507.0,4470.0,496.22174163657365,4342.032322289046,0.053481362760066986,0,128.73170068417053,1.442501160002399,82,control
2335,437.0,4542.0,403.2505003521388,4536.009817420229,0.06114603579044342,0,33.6687461695838,1.4222387506412577,82,control
2336,591.0,4478.0,340.95435539971794,4550.9888188966315,0.06747175753116608,0,259.69849525391925,2.433769733814266,82,control
2337,485.0,4370.0,644.0,4345.0,0.07849503308534622,0,161.67126196617338,,82,control
2338,549.0,4490.0,526.0,4347.0,0.05118726193904877,0,145.0939618894169,,82,control
2339,610.0,4464.0,680.8235305540451,4617.532582600363,0.06139443814754486,0,168.99850691883648,0.6734395581829721,82,control
2340,498.0,4341.0,611.0,4597.0,0.06335291266441345,0,279.73878119928617,,82,control
2341,452.0,4345.0,733.2921503848991,4501.562564615196,0.0993928611278534,0,322.3143544638406,1.3937398842360609,82,control
2342,452.0,4345.0,602.0,4242.0,0.055262841284275055,0,182.71710107885343,,82,control
2343,452.0,4345.0,739.0,4550.0,0.05435122922062874,0,353.00216350428826,,82,control
2344,583.0,4397.0,578.7565078616152,4395.184322511496,0.05580933764576912,0,4.184998168392979,0.8004105207928335,82,control
2345,464.0,4406.0,415.0,4250.0,0.05063452571630478,0,163.6496854375944,,82,control
2346,517.0,4398.0,424.0,4307.0,0.059578824788331985,0,129.8753448789042,,82,control
2347,536.0,4546.0,714.0,4274.0,0.05530449002981186,0,325.72430598809177,,82,control
2348,494.0,4495.0,367.0,4584.0,0.05748775973916054,0,154.28162619680504,,82,control
2349,645.0,4450.0,312.93462725206433,4400.829103228034,0.0667445957660675,0,335.0427752659593,0.3923518714427553,82,control
2350,645.0,4450.0,427.5519055093651,4522.470366221411,0.07370270788669586,0,228.42878814447445,0.8825201940571968,82,control
2351,601.0,4342.0,585.0,4524.0,0.05632423236966133,0,182.25915617791492,,82,control
2352,488.0,4514.0,512.0,4349.0,0.07768267393112183,0,167.20045836680796,,82,control
2353,502.0,4451.0,695.0397309049465,4246.849650009141,0.053959447890520096,0,281.67778984884563,0.9157561767484086,82,check
2354,478.0,4450.0,502.79293880319227,4468.808033827367,0.062277328222990036,0,31.439776289494404,0.49108828678172034,82,check
2355,459.0,4500.0,467.0,4267.0,0.05007622018456459,0,233.52177793842014,,82,control
2356,493.0,4522.0,489.0,4524.0,0.08204067498445511,0,3.6881824891598987,,82,control
2357,611.0,4384.0,613.0,4385.0,0.060732677578926086,1,2.7452083824348676,,82,control
2358,584.0,4524.0,554.0585974166963,4371.811240301068,0.05567888170480728,0,155.33926751570587,0.2948234463201186,82,check
2359,527.0,4514.0,527.0,4515.0,0.11207534372806549,1,0.9132637402665937,,82,check
2360,597.0,4544.0,530.0,4328.0,0.07121919840574265,0,226.3000004946276,,82,control
2361,455.0,4387.0,327.5153155431862,4461.938279787223,0.09213726222515106,0,147.0755969462723,0.8162664696802895,82,control
2362,634.0,4451.0,620.0,4587.0,0.05450604483485222,0,136.2611583019295,,82,control
2363,634.0,4451.0,696.7333471922032,4600.018363659201,0.06122347712516785,0,161.5790694988024,1.485296234616725,82,control
2364,633.0,4477.0,438.0,4428.0,0.059741973876953125,0,200.48517654922227,,82,control
2365,652.0,4484.0,468.0,4298.0,0.051649853587150574,0,261.40611812551765,,82,control
2366,530.0,4410.0,359.71204543278884,4454.950008131555,0.06247033551335335,0,175.3456790531078,1.4280328155035615,82,check
2367,555.0,4359.0,683.0,4302.0,0.05701751634478569,0,140.87145486117683,,82,control
2368,613.0,4421.0,678.0815172192584,4575.471329097005,0.05465134233236313,0,167.51942899975126,2.945319023749168,82,control
2369,561.0,4394.0,564.0,4396.0,0.06394623219966888,0,4.021462105082765,,82,control
2370,634.0,4462.0,448.0,4345.0,0.0764528289437294,0,219.34998752767325,,82,control
2371,634.0,4462.0,545.0,4256.0,0.061350639909505844,0,224.46024122873584,,82,control
2372,825.0,4479.0,567.0,4282.0,0.06002660095691681,0,324.2891255714516,,83,control
2373,843.0,4550.0,676.65171273136,4538.899854582913,0.0520966462790966,0,166.08717670680235,1.6074521238418105,83,check
2374,759.0,4463.0,706.0,4327.0,0.050240658223629,0,146.0579795280278,,83,control
2375,689.0,4369.0,602.6573103005686,4261.591257575999,0.05918944999575615,0,137.6644302240128,0.9851921951903408,83,control
2376,705.0,4374.0,756.0,4234.0,0.061008669435977936,0,149.55167735270902,,83,control
2377,819.0,4369.0,758.0,4465.0,0.06295207887887955,0,113.07675602420166,,83,control
2378,736.0,4336.0,711.2831753231291,4270.821052999383,0.05492730066180229,0,69.80568449760905,3.8698674632177084,83,control
2379,762.0,4538.0,602.0,4242.0,0.059792403131723404,0,336.46416508922357,,83,control
2380,738.0,4521.0,727.0,4557.0,0.06379585713148117,0,37.08716992271709,,83,control
2381,747.0,4537.0,576.3582891289084,4243.920102861853,0.05507691949605942,0,339.10131355120654,1.2314706976818022,83,check
2382,803.0,4483.0,710.0,4387.0,0.08144403249025345,0,133.4655784825955,,83,check
2383,690.0,4380.0,692.0,4383.0,0.057599376887083054,0,3.7450777661162244,,83,control
2384,738.0,4446.0,695.0,4601.0,0.05047820135951042,0,160.30207455774448,,83,control
2385,698.0,4526.0,657.0,4632.0,0.05371740832924843,0,113.04623837380414,,83,control
2386,834.0,4460.0,653.0,4577.0,0.06576124578714371,0,214.7560612226146,,83,control
2387,694.0,4452.0,552.0,4247.0,0.05673607811331749,0,249.28046742918096,,83,control
2388,775.0,4375.0,524.0456463513142,4608.959817226282,0.05370290204882622,0,342.3311327313324,2.0072216689386133,83,control
2389,789.0,4375.0,719.0,4570.0,0.06411006301641464,0,206.5988291874816,,83,control
2390,780.0,4456.0,580.0,4417.0,0.06218882277607918,0,203.17712276746144,,83,control
2391,780.0,4456.0,647.0,4588.0,0.060476090759038925,0,186.63958617836195,,83,control
2392,715.0,4548.0,663.0,4315.0,0.060639601200819016,0,238.93789780693527,,83,control
2393,792.0,4543.0,558.0,4354.0,0.07921118289232254,0,300.49699062766956,,83,control
2394,792.0,4543.0,723.0,4510.0,0.058786217123270035,0,76.06177182329758,,83,check
2395,753.0,4428.0,753.0,4430.0,0.09557502716779709,1,1.7564755922102506,,83,control
2396,664.0,4350.0,658.4240196197755,4351.296114611358,0.058811254799366,0,4.99639255653964,2.494253962624626,83,check
2397,797.0,4339.0,694.3262590696047,4676.8595672489755,0.05908653512597084,0,352.5430458026442,2.5833615823783043,83,control
2398,752.0,4439.0,752.8240019802923,4440.14865036577,0.05136021971702576,1,1.6693141879235807,1.8381943204296585,83,control
2399,721.0,4376.0,772.0,4233.0,0.0522235631942749,0,152.3692579295964,,83,control
2400,58.0,4729.0,58.0,4728.0,0.07285622507333755,1,1.6034976890656234,,84,control
2401,44.0,4660.0,48.41898951068605,4741.030413644737,0.056120339781045914,0,80.76313677393347,0.8729070240327634,84,control
2402,47.0,4611.0,55.147690481393056,4698.011749270113,0.06778605282306671,0,87.03946104338442,3.222813101872161,84,control
2403,31.0,4636.0,35.0,4713.0,0.06259477883577347,0,76.71744011406973,,84,control
2404,163.0,4732.0,153.0,4727.0,0.050490692257881165,0,10.754165609103827,,84,control
2405,50.0,4697.0,259.78789739385155,4771.090853701652,0.06388812512159348,0,223.00610576280343,0.5416310486601353,84,control
2406,50.0,4697.0,51.0,4776.0,0.057780954986810684,0,78.58344090744818,,84,check
2407,38.0,4765.0,36.571264020056304,4741.839722733737,0.06648225337266922,0,23.60257137072658,0.6499961288381639,84,check
2408,125.0,4652.0,89.57296344238948,4557.408952802628,0.05213300883769989,0,101.13745031658307,0.8744367836414674,84,control
2409,43.0,4587.0,290.0442990806485,4446.667328164311,0.05823323503136635,0,284.9273338031759,1.7521560681082868,84,control
2410,153.0,4655.0,155.0,4654.0,0.054405421018600464,0,3.0647502784146536,,84,check
2411,213.0,4723.0,229.87763278285186,4478.070602134296,0.052505120635032654,0,245.95285861894556,0.5403930657767865,84,check
2412,114.0,4587.0,179.0,4627.0,0.05023392289876938,0,76.71789649002258,,84,control
2413,153.0,4627.0,61.64139788755701,4533.73966645547,0.059077903628349304,0,130.33200111604532,1.404060549056988,84,control
2414,197.0,4754.0,185.17016238927195,4757.972742656187,0.059972502291202545,0,11.670822784499705,4.0674219597755075,84,control
2415,184.0,4716.0,212.0,4621.0,0.05586937814950943,0,99.63771995788709,,84,control
2416,210.0,4621.0,163.0,4740.0,0.07009951770305634,0,127.28681872272317,,84,control
2417,100.0,4724.0,157.0,4610.0,0.05906636640429497,0,128.1464916644331,,84,control
2418,77.0,4599.0,270.0,4609.0,0.05766201764345169,0,193.94247870749444,,84,check
2419,193.0,4564.0,194.83559240911381,4566.1681366654675,0.09141388535499573,0,3.1010289824950914,1.162401826736715,84,control
2420,203.0,4719.0,196.0705492671175,4717.88544710113,0.05067381262779236,0,6.406588248933504,2.3685304788399173,84,control
2421,98.0,4559.0,97.0,4806.0,0.0623057596385479,0,246.5626468909901,,84,control
2422,81.0,4686.0,69.0,4484.0,0.05416015535593033,0,202.7131298962601,,84,control
2423,186.0,4634.0,88.84931748474182,4489.004737614088,0.06389334052801132,0,174.4604386224367,2.296480072467763,84,control
2424,190.0,4666.0,173.6632362780354,4576.903741520067,0.0536990761756897,0,90.85617085331926,3.4394998419264597,84,control
2425,209.0,4556.0,119.0,4824.0,0.06348147243261337,0,282.0648972508845,,84,check
2426,209.0,4556.0,212.25061046438034,4561.864817075578,0.12411263585090637,0,6.7479108942091255,2.4302769675140254,84,control
2427,192.0,4627.0,107.0,4749.0,0.055479951202869415,0,147.92678205003955,,84,control
2428,34.0,4713.0,34.0,4688.0,0.06842649728059769,0,25.436026344266633,,84,control
2429,55.0,4611.0,57.0,4695.0,0.07093146443367004,0,83.61893268828739,,84,control
2430,179.0,4599.0,299.0,4445.0,0.05602674558758736,0,195.9735888094241,,84,control
2431,196.0,4709.0,80.0,4575.0,0.05334126949310303,0,177.06924363061637,,84,control
2432,122.0,4706.0,186.0,4613.0,0.07041754573583603,0,113.63846250688084,,84,control
2433,40.0,4704.0,39.73745016547605,4710.2963636482145,0.11516059935092926,0,5.88688659983342,0.8699055847306559,84,control
2434,97.0,4700.0,247.0,4526.0,0.0523015558719635,0,230.4964889400391,,84,check
2435,61.0,4741.0,263.7540876226198,4624.402130350207,0.055186547338962555,0,234.705257097044,1.1394452688181294,84,control
2436,57.0,4711.0,157.0,4518.0,0.06578795611858368,0,218.0568166785024,,84,control
2437,57.0,4711.0,55.0,4711.0,0.0927586629986763,1,1.342498293045182,,84,control
2438,179.0,4726.0,166.35589803439544,4724.382221394073,0.07743650674819946,0,12.104208779275432,1.1251091546595369,84,control
2439,161.0,4715.0,150.0,4706.0,0.05581284686923027,0,13.948567281790615,,84,control
2440,136.0,4724.0,72.0,4541.0,0.06819386780261993,0,194.0126132387651,,84,control
2441,136.0,4724.0,135.0,4722.0,0.08304701745510101,1,2.442504041826566,,84,check
2442,232.0,4559.0,528.3958103593146,4503.297176194124,0.05941992253065109,0,302.3221453013929,3.1062204881721818,85,control
2443,376.0,4664.0,252.0,4904.0,0.0629076287150383,0,269.426700345833,,85,control
2444,253.0,4654.0,434.0,4679.0,0.053443726152181625,0,183.33944152402603,,85,check
2445,253.0,4654.0,215.14236032971186,4721.699330054628,0.0590241439640522,0,76.85165925521947,2.1009315269251614,85,check
2446,412.0,4731.0,329.02609724036296,4843.931334318024,0.05196959897875786,0,139.3783014702409,0.36065391098577826,85,control
2447,246.0,4720.0,154.0,4807.0,0.053565844893455505,0,125.80481974352658,,85,check
2448,345.0,4651.0,418.716658854398,4465.462387025401,0.08398451656103134,0,200.25998574102883,2.834166405791087,85,control
2449,302.0,4599.0,294.0,4619.0,0.06973657011985779,0,20.906956487510378,,85,control
2450,300.0,4671.0,303.0,4673.0,0.11446678638458252,0,4.024466582797201,,85,control
2451,430.0,4641.0,132.0,4817.0,0.06615584343671799,0,345.2547380923211,,85,control
2452,237.0,4581.0,477.37396173591173,4511.467973911088,0.05047013610601425,0,250.9934018254279,1.5668595272591308,85,control
2453,417.0,4685.0,206.0,4565.0,0.0628017783164978,0,242.31666847496535,,85,control
2454,240.0,4755.0,238.0,4755.0,0.07749589532613754,1,1.3644702179782762,,85,control
2455,283.0,4664.0,303.0,4661.0,0.05384085327386856,0,20.97883165552728,,85,check
2456,272.0,4743.0,139.0,4538.0,0.11620654165744781,0,244.31099767165392,,85,control
2457,286.0,4731.0,306.5091818817201,4833.360408687985,0.07504014670848846,0,104.10869779594793,0.585223027713154,85,control
2458,419.0,4715.0,203.0,4596.0,0.05717815086245537,0,246.18415416052176,,85,control
2459,323.0,4618.0,344.0,4490.0,0.07261208444833755,0,130.21193219646293,,85,check
2460,430.0,4753.0,239.86356356927064,4754.608641684851,0.05229482799768448,0,189.4364409410282,1.061192639545504,85,control
2461,346.0,4715.0,564.6380533036886,4662.211425137657,0.05403401330113411,0,225.66466794060105,2.4457309912732876,85,check
2462,340.0,4731.0,340.86615067287676,4733.058486792744,0.08128826320171356,1,2.261085039847009,1.370166485215032,85,control
2463,258.0,4695.0,283.0,4833.0,0.06495651602745056,0,139.944978231578,,85,control
2464,302.0,4658.0,303.0,4661.0,0.10829392075538635,1,3.095271063638356,,85,control
2465,353.0,4579.0,153.0,4727.0,0.07624755054712296,0,247.97689925736233,,85,control
2466,401.0,4720.0,463.0,4625.0,0.055858440697193146,0,114.1520835809365,,85,control
2467,350.0,4684.0,349.0,4686.0,0.08889089524745941,1,1.6151130043569832,,85,check
2468,311.0,4683.0,434.0,4485.0,0.059431109577417374,0,233.78761283454875,,85,control
2469,406.0,4643.0,129.0,4695.0,0.05484053120017052,0,281.05396315499894,,85,control
2470,390.0,4649.0,369.0,4858.0,0.054054275155067444,0,209.55277305183492,,85,control
2471,287.0,4565.0,546.0,4555.0,0.07342630624771118,0,259.8816954839186,,85,control
2472,374.0,4681.0,368.6351462467828,4693.944882372959,0.06490903347730637,0,13.373813476419038,3.970328032173452,85,control
2473,292.0,4657.0,148.0,4746.0,0.05284919962286949,0,168.4502611968374,,85,control
2474,265.0,4730.0,153.0,4852.0,0.056603580713272095,0,164.80858153385643,,85,control
2475,312.0,4576.0,157.0,4610.0,0.0507144071161747,0,157.89519345824158,,85,check
2476,272.0,4700.0,231.0,4766.0,0.060123179107904434,0,76.96375493241288,,85,control
2477,337.0,4685.0,326.44357496801996,4879.589560078517,0.09932243824005127,0,194.40177024768624,0.21513775336678223,85,control
2478,319.0,4671.0,318.9841151999308,4677.028828532147,0.05148645490407944,0,5.655670867820681,1.6698318508645622,85,control
2479,273.0,4682.0,338.0,4594.0,0.05230601504445076,0,110.14248821092731,,85,control
2480,320.0,4756.0,202.0,4555.0,0.06331011652946472,0,233.06476978940648,,85,control
2481,294.0,4745.0,161.0,4821.0,0.05986902862787247,0,152.34885038144984,,85,control
2482,294.0,4745.0,487.0,4517.0,0.053689707070589066,0,299.4569462152966,,85,control
2483,297.0,4567.0,503.0,4478.0,0.0542970709502697,0,225.18174968442537,,85,control
2484,598.0,4692.0,608.0,4645.0,0.0542798675596714,0,48.58502501561891,,86,check
2485,581.0,4561.0,421.0,4462.0,0.05895688012242317,0,187.76680492590975,,86,control
2486,437.0,4686.0,694.3156078673393,4481.550319408536,0.0500132218003273,0,329.40092942780035,2.847010548405235,86,control
2487,652.0,4743.0,745.0839287825595,4564.222053405439,0.05043117702007294,0,202.2020708253782,2.4013652526989904,86,control
2488,448.0,4710.0,426.2955928157249,4618.660341997863,0.08894414454698563,0,94.12009260414135,2.255315226634541,86,control
2489,440.0,4737.0,353.0641346055915,4503.13862529445,0.07487183809280396,0,249.62287514389172,0.6861438906646438,86,control
2490,523.0,4719.0,574.3494557676767,4723.561141914405,0.061157792806625366,0,52.17934294229842,4.707119007908216,86,control
2491,565.0,4604.0,738.0,4745.0,0.0609397329390049,0,223.42434397798604,,86,control
2492,523.0,4623.0,336.2697188957345,4625.812781128947,0.05418584495782852,0,186.04924894226116,1.5044819027510028,86,control
2493,508.0,4751.0,387.79530364592966,4533.211286587255,0.06562212109565735,0,248.77072812112834,0.6972368621866674,86,control
2494,508.0,4751.0,620.2536803889143,4561.117706189446,0.07131115347146988,0,221.25568118366436,1.8113961639821947,86,control
2495,449.0,4749.0,678.0,4571.0,0.05311087518930435,0,290.80097276768356,,86,control
2496,575.0,4761.0,602.0,4675.0,0.05334999039769173,0,90.72446854605026,,86,control
2497,581.0,4747.0,449.77706256837916,4452.630438584866,0.08263613283634186,0,322.36326674512054,1.2102605522639127,86,control
2498,542.0,4583.0,552.0,4798.0,0.05593644082546234,0,214.84411659708846,,86,control
2499,575.0,4641.0,397.0,4751.0,0.06555747985839844,0,208.4425667351506,,86,control
2500,615.0,4596.0,514.0,4675.0,0.057818129658699036,0,127.44495773003929,,86,control
2501,504.0,4706.0,644.0,4854.0,0.050129570066928864,0,203.8663595082301,,86,control
2502,468.0,4627.0,625.2132744903562,4843.231011983927,0.05857943743467331,0,267.38549434296965,0.8406782686817624,86,control
2503,552.0,4616.0,434.0,4664.0,0.053619030863046646,0,126.6020763596452,,86,control
2504,549.0,4638.0,426.6555183805363,4680.845744167249,0.050618745386600494,0,128.84884402097427,3.580109584564138,86,check
2505,528.0,4754.0,436.0630106424001,4481.097544660453,0.05762195214629173,0,288.11984505517984,3.3599637501265516,86,control
2506,464.0,4590.0,377.0,4503.0,0.061500921845436096,0,122.82362239852861,,86,check
2507,498.0,4594.0,512.6392990296363,4445.090285446955,0.08610770106315613,0,150.07353483949845,0.5360413412796821,86,check
2508,498.0,4594.0,708.0,4597.0,0.05478250980377197,0,210.6690815108854,,86,control
2509,478.0,4595.0,477.8557377139769,4595.141588825677,0.05688217282295227,1,0.5949225477739964,0.8688246104266212,86,check
2510,491.0,4754.0,720.0,4587.0,0.0824103057384491,0,284.1816809807629,,86,control
2511,513.0,4583.0,335.65480934262604,4722.571312409677,0.14006313681602478,0,224.87597614770368,2.5917098096912405,86,check
2512,513.0,4583.0,335.0,4681.0,0.06242459639906883,0,202.3860467829606,,86,control
2513,483.0,4755.0,720.0,4587.0,0.06091324985027313,0,291.2618001967811,,86,control
2514,815.0,4569.0,553.0,4839.0,0.05955398827791214,0,375.4561187875497,,87,control
2515,661.0,4743.0,592.0,4624.0,0.051218751817941666,0,137.57011061195416,,87,control
2516,685.0,4767.0,734.6275414692461,4648.5214052017445,0.0604717880487442,0,129.06934963024264,0.7220580922025411,87,check
2517,829.0,4769.0,790.7958300970685,4466.34232085839,0.050592850893735886,0,305.3487386846318,2.975496922853079,87,check
2518,702.0,4737.0,653.0,4577.0,0.0563134104013443,0,167.51687769776652,,87,control
2519,660.0,4642.0,569.0,4734.0,0.05624743178486824,0,128.64180568855625,,87,control
2520,776.0,4594.0,831.1705740681756,4762.680114786797,0.07156864553689957,0,177.28474054486753,0.37668226080132394,87,control
2521,666.0,4574.0,573.5358145498667,4845.379911857552,0.06527600437402725,0,286.08411443261076,8.334982643055387,87,control
2522,807.0,4576.0,640.0263233143187,4627.232242574731,0.06297561526298523,0,173.90925764147627,1.096001231256352,87,control
2523,773.0,4711.0,558.0,4615.0,0.055012911558151245,0,235.0104073127956,,87,control
2524,662.0,4658.0,572.0,4748.0,0.05342717841267586,0,126.51704398307928,,87,control
2525,793.0,4758.0,706.0,4540.0,0.05294415354728699,0,234.83436198505703,,87,control
2526,675.0,4604.0,684.0,4617.0,0.06998123228549957,0,15.878355167381056,,87,control
2527,675.0,4604.0,677.0,4601.0,0.08054708689451218,0,4.309023357547824,,87,control
2528,725.0,4567.0,545.1548882565694,4860.704571299301,0.052094656974077225,0,343.68148194283924,1.8010445102875172,87,control
2529,752.0,4713.0,589.0,4762.0,0.07349005341529846,0,169.45289045403885,,87,control
2530,807.0,4679.0,712.0,4622.0,0.07357550412416458,0,110.43414410978679,,87,control
2531,673.0,4611.0,611.018489135045,4743.832568454003,0.08300204575061798,0,145.92995223333432,3.7571153343930908,87,check
2532,681.0,4587.0,679.6201818543357,4585.301342489404,0.06833874434232712,1,2.210990356844614,2.8921513121442683,87,control
2533,674.0,4717.0,611.0,4573.0,0.05960669368505478,0,157.2722241019273,,87,control
2534,831.0,4739.0,688.0,4853.0,0.06377353519201279,0,182.11084310119972,,87,control
2535,667.0,4694.0,575.0,4787.0,0.06293006241321564,0,130.0534019804709,,87,control
2536,684.0,4608.0,687.0,4608.0,0.07254757732152939,0,3.676159311365742,,87,check
2537,211.0,4802.0,149.95575166477263,4983.491089947231,0.08157312124967575,0,190.8244852536153,0.6180857051853761,88,control
2538,153.0,4941.0,303.0,4673.0,0.07399328052997589,0,307.82535242784775,,88,control
2539,70.0,4776.0,68.77211589203004,5041.389810075402,0.05342702195048332,0,264.923537789729,1.0048197196392354,88,control
2540,103.0,4887.0,300.13421302586096,4670.851527611113,0.05802103132009506,0,293.32153042207,1.723573786658223,88,control
2541,103.0,4887.0,171.6879348651512,4764.88096363015,0.05454476550221443,0,140.83516933902865,1.632717701924184,88,control
2542,43.0,4915.0,49.0,4741.0,0.07626647502183914,0,174.56104273917427,,88,control
2543,156.0,4949.0,208.41428772255952,4686.532618347967,0.053001388907432556,0,268.20062265636744,2.4517945664432266,88,check
2544,167.0,4808.0,134.0588948888157,4829.946477807477,0.06394919753074646,0,38.74490866777779,1.490023620638193,88,control
2545,186.0,4844.0,159.0,4713.0,0.05912953242659569,0,134.02696114560052,,88,control
2546,186.0,4844.0,190.0,4720.0,0.056683119386434555,0,124.51309896798652,,88,control
2547,51.0,4790.0,210.0,4928.0,0.05370323359966278,0,210.7723283404549,,88,control
2548,143.0,4800.0,223.0,4944.0,0.06190243735909462,0,164.67857998075579,,88,control
2549,216.0,4885.0,43.808526658072985,5005.816716808437,0.07260183244943619,0,209.49441068089152,2.5771438235356117,88,control
2550,36.0,4790.0,38.0,5095.0,0.06746573001146317,0,304.53783293505455,,88,check
2551,75.0,4896.0,173.0,4764.0,0.07006055861711502,0,165.17141879266285,,88,control
2552,166.0,4861.0,209.90956078602488,4927.1199166544,0.05558457598090172,0,79.39086993113416,1.9879482429723736,88,control
2553,50.0,4984.0,243.0,4743.0,0.07920080423355103,0,309.52721425451233,,88,control
2554,188.0,4912.0,82.0,4690.0,0.06783343106508255,0,246.07992272879315,,88,check
2555,36.0,4799.0,37.0,4770.0,0.09407638758420944,0,29.485923229785527,,88,control
2556,99.0,4922.0,186.71500485529143,4694.53836653717,0.054294850677251816,0,244.43784551897105,2.8029878998304247,88,control
2557,34.0,4824.0,34.0,4688.0,0.06235584616661072,0,136.42748491928106,,88,control
2558,34.0,4824.0,35.0,4678.0,0.06127666309475899,0,146.4345228575722,,88,check
2559,124.0,4981.0,175.0,4715.0,0.0581052303314209,0,271.39620165784197,,88,control
2560,46.0,4816.0,53.0,4794.0,0.0646599605679512,0,23.73010508844125,,88,control
2561,138.0,4779.0,162.0,4697.0,0.05098209157586098,0,86.04792723800662,,88,control
2562,66.0,4942.0,78.43164176549031,4717.198747827136,0.05095835030078888,0,225.61264970604213,1.7002438663270636,88,control
2563,34.0,4978.0,39.0,4780.0,0.059746451675891876,0,198.51902883081792,,88,control
2564,34.0,4978.0,35.0,4713.0,0.053693514317274094,0,265.4341324114624,,88,check
2565,44.0,4879.0,49.0,4741.0,0.08719507604837418,0,138.54979104674808,,88,control
2566,52.0,4948.0,58.0,4728.0,0.09527682512998581,0,220.53210461954887,,88,control
2567,36.0,4885.0,37.0,4770.0,0.08107180148363113,0,115.44819952970326,,88,check
2568,35.0,4963.0,36.0,4741.0,0.056737855076789856,0,222.43854208085475,,88,control
2569,88.0,4907.0,254.81057448296212,5001.826431643079,0.055017393082380295,0,192.25870612442108,2.611481453166763,88,control
2570,243.0,4844.0,153.6426373004309,4983.618675019192,0.08505383878946304,0,165.00016448985753,0.5345421542189429,89,control
2571,259.0,4792.0,275.0,4731.0,0.06923692673444748,0,63.65218480337133,,89,control
2572,315.0,4948.0,374.0,4930.0,0.061022985726594925,0,62.466109456723835,,89,control
2573,315.0,4948.0,275.0,4731.0,0.06657800078392029,0,220.94554063991288,,89,control
2574,240.0,4946.0,473.0,5036.0,0.05827181041240692,0,250.2370554003197,,89,control
2575,258.0,4856.0,234.0,4677.0,0.06233266368508339,0,180.92294376473433,,89,check
2576,271.0,4923.0,380.60529189516535,4994.26860088217,0.05664362013339996,0,131.06387453653122,2.7268912121648214,89,check
2577,292.0,4859.0,507.6233079500592,5107.041996460339,0.07525204867124557,0,328.7480707128077,0.6477254673989346,89,control
2578,373.0,4968.0,382.6534607618106,4967.836299037836,0.06396427005529404,0,10.350616102130493,3.5013752911643654,89,control
2579,327.0,4779.0,325.0,5020.0,0.0820910781621933,0,240.5483024936519,,89,control
2580,286.0,4895.0,423.42725053485833,4845.721141849758,0.06696084141731262,0,146.77960870854238,0.8073332680109628,89,check
2581,254.0,4821.0,397.0,4867.0,0.05695901811122894,0,150.732957330173,,89,control
2582,316.0,4912.0,397.50092732222026,4866.909665138014,0.051084086298942566,0,93.9486248866234,1.9523226877635502,89,control
2583,428.0,4917.0,476.0,4669.0,0.060534995049238205,0,253.13248222436994,,89,control
2584,270.0,4844.0,350.0,5077.0,0.07862918823957443,0,246.13695463122528,,89,control
2585,311.0,4813.0,160.42684413936325,4837.4909346995355,0.0650838166475296,0,151.78060725982286,0.4398521215239683,89,control
2586,412.0,4869.0,251.9053830638462,4805.350967343514,0.07622080296278,0,171.79312537547926,1.4370442415508646,89,control
2587,421.0,4955.0,485.2891431452561,4927.338746568461,0.05088603496551514,0,70.77469843755712,1.2332604137106014,89,control
2588,395.0,4925.0,291.0,4764.0,0.10284848511219025,0,191.650020155479,,89,check
2589,221.0,4955.0,488.0,4862.0,0.05820983648300171,0,283.5076602746717,,89,check
2590,380.0,4871.0,174.80391590780255,4679.3291343944275,0.050815384835004807,0,280.5559115276284,1.0230689618870525,89,control
2591,404.0,4918.0,352.0,4906.0,0.06385965645313263,0,52.80155433415882,,89,control
2592,264.0,4911.0,266.8204684460724,5018.538833461651,0.06308812648057938,0,107.13925931826984,1.5234710673938054,89,control
2593,312.0,4828.0,129.4266645445602,4744.910809311919,0.09913157671689987,0,200.11726113893334,1.5262756801686412,89,control
2594,312.0,4828.0,276.0,4753.0,0.06222561001777649,0,83.27695843678839,,89,control
2595,365.0,4944.0,466.15994378011806,4803.809644709939,0.05213908106088638,0,173.61690145150789,1.9709214017017054,89,control
2596,232.0,4938.0,237.0,4706.0,0.055160850286483765,0,232.49065991931093,,89,check
2597,257.0,4883.0,384.0,4942.0,0.07379085570573807,0,140.46695636012274,,89,control
2598,355.0,4898.0,396.0,5089.0,0.05307873710989952,0,195.0428939130981,,89,control
2599,355.0,4898.0,366.0,5084.0,0.06914937496185303,0,185.90553343943824,,89,control
2600,338.0,4915.0,246.0,4803.0,0.08192206919193268,0,144.8323436341815,,89,check
2601,341.0,4950.0,383.0,4799.0,0.05160747095942497,0,157.3278749309597,,89,control
2602,371.0,4854.0,489.0,4787.0,0.06687989085912704,0,136.48760643793494,,89,control
2603,294.0,4793.0,189.0,4822.0,0.06499715149402618,0,108.13336180980934,,89,control
2604,423.0,4907.0,487.0,5099.0,0.052934177219867706,0,202.16100754354107,,89,control
2605,279.0,4796.0,457.3172280855885,5049.311378204249,0.052631936967372894,0,309.7938219948842,1.4405574718791239,89,control
2606,381.0,4888.0,441.0,5103.0,0.0749005600810051,0,222.95160241482364,,89,control
2607,391.0,4985.0,429.0,4916.0,0.06203663721680641,0,79.48323166674665,,89,control
2608,311.0,4897.0,458.0,5023.0,0.07634920626878738,0,193.8257631897154,,89,control
2609,240.0,4811.0,162.16099507784043,4699.240307885361,0.07244043797254562,0,136.1357710548661,1.2559526771941572,89,control
2610,356.0,4942.0,475.0,5025.0,0.09737955033779144,0,145.37658442276344,,89,check
2611,348.0,4935.0,349.0,4938.0,0.05503277853131294,1,3.060480904840512,,89,control
2612,327.0,4875.0,339.0,4815.0,0.056297458708286285,0,61.7481583290095,,89,check
2613,413.0,4890.0,173.0,5102.0,0.053801558911800385,0,319.38913570357704,,89,control
2614,327.0,4959.0,283.7516712557855,4833.759689406754,0.09292203933000565,0,132.68327578026182,1.1070395981710308,89,control
2615,541.0,4970.0,435.17191539341917,5032.448868756796,0.050138480961322784,0,122.07209231111749,0.706670751910727,90,control
2616,455.0,4865.0,680.1059295163462,5093.000978430552,0.09298251569271088,0,320.52995919898683,0.6717649893024091,90,control
2617,628.0,4916.0,656.0,4756.0,0.06565128266811371,0,162.9511184253634,,90,control
2618,579.0,4932.0,534.3735553925665,4941.560691096834,0.05358584225177765,0,44.901021178399546,3.0520929374315124,90,control
2619,621.0,4917.0,365.0,4672.0,0.056052882224321365,0,354.1320632383806,,90,control
2620,574.0,4848.0,576.5736633827797,4850.409370742287,0.05135548114776611,0,3.7932871277011135,1.705432459929274,90,control
2621,529.0,4868.0,729.0,4816.0,0.07369612157344818,0,207.37658156484267,,90,control
2622,574.0,4808.0,372.0,5115.0,0.09136180579662323,0,366.73600928091656,,90,control
2623,574.0,4808.0,353.82238162264196,4736.280097890103,0.06976873427629471,0,231.03838021193133,1.1913962709679888,90,control
2624,553.0,4795.0,691.0,4646.0,0.09828618168830872,0,203.8244005376467,,90,check
2625,553.0,4795.0,552.0,4798.0,0.06115555018186569,1,2.6009657206355117,,90,control
2626,644.0,4843.0,438.2223820522315,4666.040020966966,0.06163787469267845,0,271.1522222718261,5.03229638315186,90,control
2627,630.0,4877.0,330.0,4656.0,0.08093948662281036,0,372.2978929455187,,90,control
2628,479.0,4892.0,597.0,4725.0,0.12068131566047668,0,205.19958608059156,,90,control
2629,541.0,4912.0,526.6911469646017,5030.139333211048,0.051441602408885956,0,118.47867472725426,1.7382449874531407,90,control
2630,541.0,4875.0,475.0,5025.0,0.07039123773574829,0,163.1978064230669,,90,control
2631,565.0,4898.0,407.0,5015.0,0.07085525244474411,0,195.79266299427331,,90,control
2632,437.0,4887.0,488.7992364779275,4785.799842304994,0.05391671136021614,0,114.36896071622637,1.1397892203062288,90,control
2633,515.0,4776.0,483.573185307695,4726.998943697924,0.056928351521492004,0,58.20272663742327,1.24066706944125,90,check
2634,581.0,4951.0,434.0,4679.0,0.06790769100189209,0,309.21864794772745,,90,control
2635,556.0,4907.0,394.0,4998.0,0.06919645518064499,0,184.99854032601996,,90,control
2636,567.0,4877.0,684.3449640116753,5094.49863214395,0.0593840554356575,0,247.04137113820997,0.9050494566422398,90,control
2637,462.0,4889.0,663.0,4965.0,0.058151572942733765,0,215.33857318119004,,90,check
2638,556.0,4811.0,636.6132184866974,5062.718855725442,0.06293695420026779,0,264.0817856778598,1.9424449044911107,90,control
2639,591.0,4886.0,459.0,4949.0,0.05976102128624916,0,145.46786384228116,,90,check
2640,591.0,4775.0,727.0,4769.0,0.055264946073293686,0,136.79498670961874,,90,control
2641,486.0,4814.0,408.0,5058.0,0.0824420154094696,0,255.5243198305894,,90,check
2642,684.0,4841.0,661.2401767908814,4679.889496861387,0.052621230483055115,0,163.01879182597767,4.780662169203675,91,control
2643,675.0,4848.0,641.0,4691.0,0.05367930606007576,0,160.8974123678199,,91,control
2644,655.0,4828.0,571.0,4816.0,0.06029557064175606,0,84.25895819850841,,91,control
2645,766.0,4806.0,560.9434328241191,4836.212096686138,0.05033634603023529,0,206.55337055431022,3.249439025149841,91,control
2646,659.0,4932.0,724.8417050999674,4648.779406660697,0.060646720230579376,0,291.3071541911504,0.5422966165078903,91,control
2647,687.0,4829.0,686.60561314474,4985.361253828243,0.05231012403964996,0,155.9228821901864,3.0631375790957223,91,control
2648,801.0,4885.0,603.0,4910.0,0.050363123416900635,0,198.86867014243296,,91,control
2649,669.0,4925.0,667.9928624634429,5080.361087862507,0.07155688107013702,0,154.9108938345152,1.6775478453569368,91,control
2650,677.0,4985.0,780.2301025669784,4919.719471304305,0.05796613171696663,0,122.90275516072178,0.690051796538418,91,control
2651,740.0,4923.0,606.0,5017.0,0.05613982304930687,0,162.89436123792132,,91,control
2652,788.0,4847.0,609.2737374765092,4805.23027514035,0.07022220641374588,0,182.99837935507927,0.7213970557087588,91,control
2653,830.0,4972.0,730.0,4686.0,0.10833784937858582,0,303.14447110289285,,91,control
2654,737.0,4826.0,606.0,5056.0,0.057851266115903854,0,263.97839431970164,,91,control
2655,690.0,4805.0,608.0,4802.0,0.10403701663017273,0,81.41401832105612,,91,check
2656,805.0,4910.0,693.9796001526065,5014.182770359377,0.06334305554628372,0,151.47937783112755,4.274829973070509,91,control
2657,728.0,4874.0,600.0,5033.0,0.056783754378557205,0,203.3636896563777,,91,check
2658,672.0,4962.0,604.0,4946.0,0.06683141738176346,0,69.32347776662617,,91,control
2659,711.0,4771.0,676.0,5016.0,0.05333150178194046,0,246.95904755063282,,91,control
2660,832.0,4842.0,552.0,5039.0,0.05611541494727135,0,341.5624742496874,,91,control
2661,823.0,4803.0,628.0,4825.0,0.052131447941064835,0,195.5396828988726,,91,check
2662,739.0,4879.0,683.0,5016.0,0.054604288190603256,0,147.3518347782969,,91,control
2663,766.0,4926.0,797.2156478352264,4945.849553820705,0.059519972652196884,0,37.299742156183186,3.0894359395142543,91,check
2664,691.0,4785.0,552.0,4798.0,0.06617362052202225,0,138.90607650203762,,91,control
2665,761.0,4951.0,660.0,4941.0,0.060045573860406876,0,100.89424588713823,,91,control
2666,811.0,4940.0,575.0,4787.0,0.055012743920087814,0,280.9290037507211,,91,control
2667,657.0,4853.0,623.0,4983.0,0.05504941940307617,0,133.7830566664231,,91,check
2668,685.0,4976.0,565.7955183671108,5073.53243999802,0.05057983100414276,0,153.2275936888846,3.5045192405089716,91,control
2669,697.0,4863.0,542.0,5005.0,0.0800265222787857,0,209.42489952320366,,91,control
2670,654.0,4872.0,769.0,4671.0,0.0822843462228775,0,232.23789790404243,,91,control
2671,710.0,4868.0,602.0,4675.0,0.06812351942062378,0,221.1932123248169,,91,control
2672,730.0,4781.0,702.0,4764.0,0.056691452860832214,0,32.42373712744462,,91,control
2673,751.0,4803.0,668.0,5073.0,0.0618569515645504,0,281.8515831653428,,91,control
2674,736.0,4957.0,604.0,4946.0,0.051143743097782135,0,131.84368059722385,,91,control
2675,700.0,4880.0,742.0,4951.0,0.06601537764072418,0,82.44782886859394,,91,check
2676,846.0,4897.0,611.0,4895.0,0.05268199369311333,0,234.35837857630548,,91,check
2677,72.0,5158.0,69.3518197106592,5157.002608120244,0.08452173322439194,1,2.437294738939766,1.4695478281501242,92,control
2678,37.0,5053.0,38.22232477519273,5339.61934822169,0.053762197494506836,0,286.1222004831978,0.20634369310363881,92,control
2679,37.0,5053.0,37.0,5176.0,0.0982811227440834,0,122.51803279767485,,92,control
2680,135.0,5095.0,81.2517105889309,5064.041471473613,0.08436772227287292,0,61.64854283878911,1.3590411982082737,92,check
2681,64.0,5106.0,59.0,5113.0,0.11210204660892487,0,7.80673326468734,,92,check
2682,75.0,5083.0,90.55495454962542,5336.428688833,0.06761334091424942,0,253.44911713235518,1.155172513896247,92,control
2683,134.0,5011.0,200.0,4922.0,0.059449706226587296,0,111.5803092384445,,92,check
2684,44.0,5187.0,223.0,4930.0,0.07592868059873581,0,313.9608887516863,,92,control
2685,201.0,5037.0,199.0,5036.0,0.05356789380311966,1,1.9568724502407717,,92,check
2686,48.0,5173.0,48.0,5295.0,0.05061303451657295,0,121.50410572240695,,92,control
2687,48.0,5173.0,49.313633989508645,5174.259746730094,0.061339642852544785,1,2.169298668382698,0.605421124881826,92,control
2688,41.0,5082.0,42.0,5117.0,0.0712522640824318,0,34.5657813471196,,92,control
2689,36.0,5103.0,37.0,5132.0,0.055922918021678925,0,28.5727529622169,,92,control
2690,36.0,5103.0,44.0,5080.0,0.06148189678788185,0,25.038258835451806,,92,check
2691,184.0,5190.0,112.69182872448346,5097.819892626457,0.06206681206822395,0,116.48578370315165,2.9040950072779075,92,control
2692,36.0,5039.0,37.0,5159.0,0.0888153463602066,0,119.53028738706338,,92,control
2693,78.0,5097.0,79.0,5100.0,0.0700235366821289,1,3.0513876638540443,,92,control
2694,76.0,5126.0,75.0,5129.0,0.08860738575458527,1,2.539480160664828,,92,control
2695,190.0,5097.0,165.0,4958.0,0.05431140214204788,0,141.5537730239801,,92,control
2696,117.0,5085.0,215.0,4958.0,0.05599818751215935,0,161.20031056915954,,92,control
2697,152.0,5093.0,89.0,5082.0,0.06055654212832451,0,63.336981344887334,,92,control
2698,152.0,5093.0,97.58851658596376,5071.343767573809,0.06333697587251663,0,58.081119034759276,3.9091430948065153,92,control
2699,76.0,5133.0,75.0,5129.0,0.06527531147003174,0,4.486429430233842,,92,control
2700,159.0,5148.0,70.0,5105.0,0.07918523252010345,0,98.41141776375522,,92,control
2701,95.0,5008.0,95.0,5008.0,0.07922724634408951,1,0.8489090324722306,,92,control
2702,34.0,5071.0,36.0,5103.0,0.06656292080879211,0,31.641477477376505,,92,control
2703,34.0,5071.0,48.0,5295.0,0.060800597071647644,0,223.98546199463794,,92,control
2704,61.0,5077.0,61.0,5078.0,0.10899718105792999,1,0.8882997053784998,,92,control
2705,36.0,5117.0,37.0,5141.0,0.08734362572431564,0,23.5825755585126,,92,control
2706,116.0,5158.0,112.14180048518307,5158.239258535157,0.06142036244273186,1,3.1623231188490313,0.6356497136779823,92,control
2707,125.0,5148.0,112.0,5096.0,0.051751889288425446,0,53.892542578360455,,92,control
2708,99.0,5026.0,313.84409533670254,5171.071766525104,0.052688539028167725,0,259.53677680254236,2.093348140937159,92,check
2709,135.0,5160.0,196.0,4957.0,0.10072523355484009,0,212.60274988876648,,92,control
2710,329.0,5009.0,457.0,5061.0,0.06338893622159958,0,138.60738291775297,,93,control
2711,435.0,5153.0,412.0,5196.0,0.08445154875516891,0,48.033775230708926,,93,control
2712,407.0,5068.0,200.16999559733014,4920.899656979057,0.0566350594162941,0,253.49341261985197,0.544831491925045,93,control
2713,395.0,5149.0,365.85756151693545,5186.300494347713,0.05019715800881386,0,46.547602413870564,1.8556711072084677,93,control
2714,264.0,5182.0,194.0,5067.0,0.1317002773284912,0,134.6662572504516,,93,control
2715,341.0,5038.0,452.0,4888.0,0.05819964036345482,0,187.35443009847168,,93,control
2716,259.0,5072.0,391.0,5037.0,0.07227148860692978,0,137.33137193252398,,93,control
2717,311.0,5122.0,434.0,5021.0,0.05401657521724701,0,159.95929297364142,,93,check
2718,244.0,5190.0,238.8258000640037,5032.482673146178,0.06100520119071007,0,158.0406288922777,1.8439651462973792,93,control
2719,227.0,5173.0,96.64131623925445,5297.419711825249,0.051165834069252014,0,179.35383318890356,0.8710265016592195,93,check
2720,282.0,5074.0,114.86174338279868,5174.389567575451,0.09109879285097122,0,194.1185654584329,1.005394862572654,93,check
2721,391.0,5000.0,394.0,4998.0,0.06779271364212036,0,4.418365417413579,,93,control
2722,271.0,5162.0,130.19062968874078,5031.88004926803,0.05044810473918915,0,191.521924351216,0.9300206267463154,93,control
2723,433.0,5112.0,472.0,4916.0,0.05866267532110214,0,200.4033229312168,,93,control
2724,319.0,5119.0,474.1431704123136,4957.662528275436,0.07937018573284149,0,224.610934012286,1.6459384286923442,93,control
2725,388.0,5164.0,390.0,5164.0,0.05347958952188492,1,2.7125102050975736,,93,control
2726,349.0,5120.0,423.0,5051.0,0.06067867949604988,0,101.979890660788,,93,control
2727,434.0,5037.0,441.0986045664615,5070.250825270743,0.07755563408136368,0,33.70080151087835,0.8012564449959714,93,control
2728,432.0,5189.0,399.0,5226.0,0.05686451122164726,0,48.7774678940671,,93,control
2729,426.0,5066.0,376.0,5095.0,0.05295338109135628,0,56.98502555587449,,93,control
2730,253.0,4997.0,342.0,5141.0,0.06920826435089111,0,169.24308087799344,,93,control
2731,253.0,4997.0,328.2744257687811,5130.568720589394,0.07023285329341888,0,153.24735837598473,2.9500105406361476,93,control
2732,339.0,5142.0,466.0,5096.0,0.05259865149855614,0,135.8556288061064,,93,control
2733,326.0,5056.0,429.3210288248696,4917.350078027673,0.058094512671232224,0,173.66937857468187,0.415308107143238,93,control
2734,250.0,5164.0,156.0,4917.0,0.053193602710962296,0,264.4509078501679,,93,check
2735,379.0,5116.0,471.0,5045.0,0.05001146346330643,0,117.01503761940666,,93,control
2736,279.0,5096.0,118.0,5084.0,0.08682186156511307,0,160.77745759655056,,93,check
2737,347.0,5058.0,498.31075387693085,5207.509920809133,0.05706287920475006,0,212.8533059260518,1.3129458719448373,93,control
2738,278.0,5113.0,409.0,5026.0,0.08269288390874863,0,158.06982516972326,,93,control
2739,308.0,5150.0,441.0,4877.0,0.05858062207698822,0,304.3604404591625,,93,control
2740,261.0,5020.0,149.0,5248.0,0.07264572381973267,0,253.2777185651184,,93,check
2741,374.0,5103.0,354.0,5312.0,0.06813798099756241,0,209.4046577987429,,93,check
2742,291.0,5127.0,179.200037630652,4876.899682758284,0.0564287006855011,0,274.06887580787384,0.4582614600689634,93,control
2743,369.0,5165.0,496.20479473390736,5201.339840524478,0.060609083622694016,0,132.7979547228632,1.6756299788393536,93,control
2744,369.0,5165.0,372.0,5168.0,0.07256004214286804,0,4.459575285299097,,93,control
2745,225.0,4992.0,374.6491016465201,4870.200076078776,0.05994348227977753,0,193.75603613213133,1.3160743115036655,93,control
2746,355.0,5048.0,563.0,4945.0,0.07571478188037872,0,232.88986459695388,,93,control
2747,449.0,5129.0,519.0,5044.0,0.052019041031599045,0,110.88190710705676,,94,check
2748,624.0,5177.0,373.31153958772575,5111.058173074206,0.07360944151878357,0,258.6820531105991,1.2884819200335695,94,control
2749,588.0,5063.0,346.0,4890.0,0.053117986768484116,0,297.17571404609004,,94,check
2750,653.0,5059.0,348.4428412222982,5188.012393316398,0.05409327149391174,0,329.94842327997605,1.3512915561633343,94,control
2751,494.0,5047.0,494.0,5050.0,0.06054966524243355,1,2.6318241736756587,,94,control
2752,508.0,5059.0,505.915988036286,5058.611381908476,0.05698017403483391,1,1.6534559660861545,0.6528444859470891,94,control
2753,636.0,4996.0,642.0,5206.0,0.0638640969991684,0,209.6385503708382,,94,control
2754,636.0,4996.0,638.0,4997.0,0.05576136335730553,1,2.7056720944518795,,94,control
2755,575.0,5105.0,670.0,5156.0,0.07425078004598618,0,108.17100921758347,,94,check
2756,478.0,5021.0,475.0,5025.0,0.12074639648199081,0,4.247941196208628,,94,check
2757,600.0,5070.0,688.0,5195.0,0.05303678289055824,0,152.8573599159671,,94,control
2758,507.0,5077.0,507.440232972417,5078.849206001369,0.05090903490781784,1,1.775406762676236,0.9339996798121145,94,control
2759,519.0,5092.0,345.01041469369665,5078.62330365763,0.05615146830677986,0,173.86139168184582,1.502894841219511,94,control
2760,517.0,5139.0,569.0,5283.0,0.054391078650951385,0,152.87257994844668,,94,control
2761,585.0,5042.0,563.0,4924.0,0.0613592229783535,0,120.34286460612445,,94,control
2762,472.0,5063.0,749.0,5076.0,0.053646694868803024,0,277.914987656069,,94,control
2763,472.0,5063.0,474.0,5065.0,0.059143248945474625,0,3.0800031354068445,,94,control
2764,498.0,5080.0,386.9377615241343,5212.783483821583,0.10284213721752167,0,172.31255295945172,1.6397854929494926,94,check
2765,594.0,5135.0,606.0,5056.0,0.05515461415052414,0,80.45049682086983,,94,check
2766,459.0,5019.0,459.0114024436991,5021.008917311778,0.05739263445138931,1,1.6998764988537185,1.2502554530215926,94,control
2767,440.0,5070.0,700.0,5189.0,0.053218744695186615,0,286.3229791817923,,94,control
2768,475.0,5170.0,584.9248160696193,5202.677585679088,0.05196721479296684,0,115.1672524506939,2.82899279272402,94,control
2769,475.0,5170.0,408.0,5058.0,0.06828529387712479,0,130.5597560532039,,94,control
2770,475.0,5033.0,473.1296587019202,5034.029444944881,0.08321491628885269,1,1.335734190141002,2.8171667897585886,94,check
2771,561.0,5084.0,641.6908524351858,5073.149107498184,0.056868940591812134,0,82.11662332014653,1.0459220973060765,94,control
2772,533.0,5080.0,562.0,5296.0,0.05562490597367287,0,217.54924457112173,,94,control
2773,632.0,5070.0,453.0,5198.0,0.06166403740644455,0,219.2430944304818,,94,control
2774,547.0,5174.0,636.3301812140769,5193.942326695276,0.05437106639146805,0,92.05502548388259,2.0407091443292593,94,control
2775,589.0,5184.0,677.0,4919.0,0.05685991793870926,0,279.8420923008018,,94,control
2776,476.0,5107.0,477.0,5213.0,0.05810879170894623,0,105.53984651850432,,94,control
2777,636.0,5131.0,430.0,5218.0,0.08522957563400269,0,222.8207120097242,,94,control
2778,472.0,5152.0,777.0,5104.0,0.058711640536785126,0,309.44344598941836,,94,control
2779,472.0,5152.0,635.0,5063.0,0.07838103920221329,0,186.49690869615736,,94,control
2780,626.0,5089.0,474.0,5107.0,0.05927610397338867,0,152.3496786186257,,94,control
2781,520.0,5178.0,394.0,5323.0,0.092545285820961,0,191.2906207845641,,94,control
2782,648.0,5197.0,719.0,5251.0,0.0835641399025917,0,89.42162160671748,,94,control
2783,620.0,5132.0,757.0,5095.0,0.05337322875857353,0,142.63377343831704,,94,control
2784,509.0,4992.0,619.0,5008.0,0.0503968819975853,0,111.73753090241027,,94,control
2785,584.0,5023.0,457.0,4992.0,0.05415304750204086,0,130.18589899290316,,94,control
2786,632.0,5112.0,407.6231719239998,5071.702138518505,0.06423287838697433,0,227.38670295053154,5.797304138868312,94,control
2787,593.0,5030.0,563.0,4924.0,0.07777814567089081,0,110.40565894923539,,94,control
2788,449.0,5035.0,474.0,5065.0,0.06661634892225266,0,39.13510741647188,,94,check
2789,456.0,5055.0,653.0,5201.0,0.05406314134597778,0,245.44091758288636,,94,control
2790,512.0,5029.0,326.52327297898006,4877.659255734338,0.09167705476284027,0,239.1303738844543,0.373912599019578,94,check
2791,486.0,5103.0,459.0,5215.0,0.05971458554267883,0,114.5938847959847,,94,control
2792,778.0,5201.0,647.6139633066781,5002.373265749292,0.05634080991148949,0,237.61481564567984,3.548250120504807,95,control
2793,781.0,4999.0,799.0,5079.0,0.06049894168972969,0,81.70528089132542,,95,control
2794,770.0,5034.0,586.0,4881.0,0.05629878491163254,0,239.07114917461035,,95,control
2795,815.0,5053.0,755.0,5249.0,0.06851692497730255,0,204.34836162083587,,95,control
2796,705.0,4996.0,564.5069401126432,4983.564742694661,0.061175331473350525,0,140.4280532961191,3.037792546487405,95,control
2797,755.0,5054.0,609.0,4928.0,0.05891973897814751,0,192.6429585364236,,95,control
2798,818.0,5166.0,571.0,4893.0,0.0809827670454979,0,368.0334501273119,,95,control
2799,830.0,5150.0,604.0,4993.0,0.0552961640059948,0,274.8999285693968,,95,control
2800,777.0,5181.0,592.0,5073.0,0.052616655826568604,0,213.88483853364662,,95,check
2801,725.0,5008.0,634.0,5211.0,0.053380511701107025,0,221.77523808380752,,95,control
2802,770.0,5096.0,583.0,4890.0,0.06328457593917847,0,278.09543280070886,,95,control
2803,680.0,5149.0,562.0,4887.0,0.07217256724834442,0,287.4694036905441,,95,control
2804,672.0,5159.0,697.0,4977.0,0.07183856517076492,0,184.2302797671611,,95,control
2805,697.0,5008.0,569.7598971052066,5002.379691732416,0.056045886129140854,0,126.72986819575394,1.2767334872660894,95,check
2806,713.0,4994.0,699.0,5107.0,0.05893001705408096,0,113.33786893325478,,95,check
2807,673.0,5079.0,786.0,4984.0,0.05814516544342041,0,148.39013225077832,,95,control
2808,671.0,5072.0,526.7394748413358,5319.080176439455,0.07342890650033951,0,285.3658451996948,0.7378709542501177,95,control
2809,671.0,5072.0,651.0,5050.0,0.06650126725435257,0,29.64029224710358,,95,control
2810,811.0,5172.0,571.0,4893.0,0.06516652554273605,0,367.92122210392387,,95,control
2811,817.0,5155.0,571.0,4893.0,0.06816652417182922,0,359.25262115208994,,95,control
2812,712.0,5170.0,654.8786292284885,4999.238214748784,0.05039717257022858,0,180.27770950939663,2.89835359607396,95,control
2813,849.0,5174.0,729.0,5186.0,0.051864903420209885,0,119.92646193036352,,95,control
2814,798.0,5102.0,611.0,4895.0,0.05691075325012207,0,278.8406264145209,,95,control
2815,794.0,5019.0,586.0,4881.0,0.05527416244149208,0,249.30615374890976,,95,control
2816,799.0,5058.0,730.0,5240.0,0.05526414513587952,0,193.98127080566505,,95,check
2817,802.0,5173.0,583.0,4890.0,0.050629232078790665,0,357.7796849642134,,95,control
2818,676.0,5198.0,773.5457361938483,5016.80290282301,0.0712638795375824,0,206.47119849642527,2.8847745240114366,95,check
2819,661.0,5080.0,545.3833188355437,5128.369595494732,0.05680589750409126,0,124.54591827089475,2.5077274569334853,95,control
2820,146.0,5269.0,79.12164721316722,5276.8092447171475,0.056016549468040466,0,66.57654049285773,1.1238872255261718,96,control
2821,38.0,5414.0,37.0,5141.0,0.17756269872188568,0,273.479988819487,,96,check
2822,124.0,5378.0,58.708085434029954,5417.250798424991,0.059825167059898376,0,75.31584673177532,2.2679581520783727,96,control
2823,124.0,5378.0,59.985728091374526,5280.5419404954355,0.05733386427164078,0,116.63090535309836,1.515510390647731,96,control
2824,131.0,5375.0,144.91931144133162,5312.259819826517,0.05566621199250221,0,64.90375209839536,1.7622623240227475,96,control
2825,212.0,5255.0,260.0,5289.0,0.0709746703505516,0,59.10104599367907,,96,control
2826,148.0,5305.0,126.69892694945455,5478.299926814023,0.05128717049956322,0,174.00742887413074,1.380174756774475,96,control
2827,211.0,5383.0,209.0,5385.0,0.05298151075839996,1,1.992095260829532,,96,control
2828,47.0,5244.0,50.0,5529.0,0.11331461369991302,0,284.49805916523064,,96,control
2829,38.0,5228.0,40.0,5514.0,0.054675452411174774,0,285.4882382352019,,96,control
2830,134.0,5335.0,289.0,5111.0,0.0536566860973835,0,273.17318978401744,,96,control
2831,167.0,5296.0,214.0,5458.0,0.05643303319811821,0,168.3806855260737,,96,control
2832,202.0,5328.0,240.0,5424.0,0.05402395874261856,0,103.0297469751242,,96,control
2833,45.0,5320.0,50.0,5529.0,0.05510956048965454,0,208.551901034567,,96,control
2834,40.0,5269.0,37.0,5141.0,0.08591458946466446,0,128.50016422073608,,96,control
2835,40.0,5269.0,41.0,5539.0,0.08222813159227371,0,269.47785393056466,,96,check
2836,191.0,5376.0,227.0,5481.0,0.06580745428800583,0,110.73720705850707,,96,check
2837,61.0,5278.0,273.0,5212.0,0.06683395802974701,0,222.8318088751384,,96,control
2838,53.0,5381.0,312.7779257467914,5181.180625684567,0.05253799632191658,0,328.5669693010689,0.33780891373914074,96,control
2839,144.0,5329.0,301.1386705263261,5366.700533580191,0.052390143275260925,0,162.1394970569172,2.7404279278071355,96,control
2840,60.0,5292.0,64.0,5141.0,0.05617811158299446,0,151.55215191221984,,96,control
2841,36.0,5338.0,37.0,5339.0,0.0620991550385952,1,1.7784203936682215,,96,check
2842,88.0,5333.0,253.01933751247574,5254.779732132801,0.057707708328962326,0,183.44621009615304,0.790795437975148,96,control
2843,86.0,5321.0,180.0,5344.0,0.05090075731277466,0,97.32704651561914,,96,control
2844,52.0,5406.0,61.0,5521.0,0.10802806168794632,0,114.88545020977456,,96,control
2845,191.0,5402.0,192.0,5402.0,0.06019818037748337,1,1.7611334404922958,,96,control
2846,80.0,5232.0,81.0,5508.0,0.05581098794937134,0,275.4828279816777,,96,control
2847,109.0,5291.0,71.0,5268.0,0.06927398592233658,0,44.07717011513731,,96,check
2848,65.0,5392.0,257.0,5481.0,0.0558159165084362,0,212.02389229985337,,96,control
2849,37.0,5398.0,38.0,5531.0,0.14404550194740295,0,132.48426603314687,,96,control
2850,86.0,5216.0,106.0,5393.0,0.05338931083679199,0,177.70176436481586,,96,control
2851,87.0,5260.0,208.0,5405.0,0.05363300070166588,0,188.90697689237965,,96,check
2852,93.0,5309.0,204.0,5315.0,0.05815129727125168,0,111.82410596164004,,96,control
2853,307.0,5218.0,305.0,5222.0,0.10832461714744568,0,3.7592562432912366,,97,control
2854,285.0,5220.0,282.1663986981826,5219.510908502815,0.13708986341953278,1,2.35967394034601,0.8826154807373447,97,control
2855,295.0,5270.0,294.0,5271.0,0.10858684033155441,1,0.6054311324787214,,97,control
2856,269.0,5248.0,269.0,5246.0,0.10732977837324142,1,2.576592884220524,,97,control
2857,545.0,5369.0,372.6881194264,5138.879139374661,0.05524957552552223,0,287.4554203352441,0.6506886982401335,98,control
2858,478.0,5415.0,487.0,5088.0,0.052646052092313766,0,327.6003595611401,,98,control
2859,608.0,5326.0,708.0,5218.0,0.050234604626894,0,147.95773427145264,,98,control
2860,608.0,5326.0,609.4946191190955,5325.228248666126,0.08291779458522797,1,2.4751444834420013,1.2989869227513748,98,control
2861,460.0,5260.0,497.0,5423.0,0.059145938605070114,0,166.8067090402441,,98,control
2862,460.0,5260.0,502.4859751839934,5197.4394603505825,0.05084496736526489,0,76.38193031102081,1.9965532637757597,98,check
2863,586.0,5360.0,699.5380511757219,5426.618899903253,0.05855916813015938,0,131.9322197391549,3.055083977777435,98,check
2864,553.0,5318.0,747.0,5253.0,0.053500644862651825,0,205.34167599275733,,98,control
2865,648.0,5284.0,714.0,5434.0,0.05218777060508728,0,163.6808753580934,,98,control
2866,616.0,5249.0,420.0512599425736,5434.831018171848,0.05362549424171448,0,269.23080634672357,1.6096847462075117,98,control
2867,597.0,5218.0,348.9042729709125,5383.149273820733,0.09304685890674591,0,297.20384495884724,0.8027044753694199,98,check
2868,597.0,5218.0,707.4889886871276,5218.140315531563,0.07321253418922424,0,111.12086797242793,0.7759567746141435,98,control
2869,616.0,5325.0,618.0,5325.0,0.07715553790330887,1,2.682059468552747,,98,control
2870,469.0,5399.0,551.0,5413.0,0.10668112337589264,0,83.73966069878067,,98,control
2871,508.0,5220.0,658.0,5190.0,0.09025684744119644,0,153.6878953068388,,98,control
2872,582.0,5260.0,552.9984405646615,5291.778079107031,0.07069842517375946,0,42.23182217882985,2.532001118670159,98,control
2873,463.0,5360.0,512.0,5222.0,0.06114308163523674,0,147.10670728398003,,98,control
2874,554.0,5303.0,701.0,5206.0,0.05254129692912102,0,176.90316153300515,,98,control
2875,611.0,5258.0,345.18797111445,5393.697147482092,0.06578358262777328,0,297.62279471125674,3.4599624620275002,98,control
2876,494.0,5222.0,604.0,5433.0,0.05712435767054558,0,237.808056653527,,98,check
2877,636.0,5354.0,642.0,5349.0,0.08221395313739777,0,8.607647526072522,,98,control
2878,490.0,5282.0,526.0,5196.0,0.052081119269132614,0,93.91741042272534,,98,control
2879,488.0,5205.0,435.0,5164.0,0.057222381234169006,0,66.7720360163542,,98,control
2880,613.0,5238.0,635.993225991641,5208.008112413463,0.05178263410925865,0,38.552481536938224,0.9616816232063377,98,control
2881,629.0,5361.0,564.0,5265.0,0.07169519364833832,0,115.96985369480096,,98,check
2882,629.0,5361.0,344.0,5357.0,0.05381833016872406,0,284.36529001076804,,98,control
2883,560.0,5383.0,711.0,5151.0,0.05064719170331955,0,277.54135904252803,,98,control
2884,573.0,5256.0,571.0,5256.0,0.09322582930326462,1,1.434477620660454,,98,check
2885,599.0,5296.0,388.7652675003772,5392.581053190929,0.10065453499555588,0,230.54724684088848,0.7074081126243127,98,check
2886,638.0,5260.0,308.81117658333346,5270.289091918519,0.08491899073123932,0,328.6575788462041,0.7208985782148872,98,control
2887,623.0,5317.0,625.0914421437319,5309.268695706517,0.08115000277757645,0,8.652732603432277,2.978589284759093,98,control
2888,473.0,5294.0,512.0,5222.0,0.06672882288694382,0,82.61261448476425,,98,control
2889,505.0,5369.0,575.0,5392.0,0.059405311942100525,0,74.1406208500105,,98,control
2890,636.0,5210.0,571.0,5256.0,0.05386734753847122,0,78.82824424694778,,98,control
2891,539.0,5258.0,694.0,5514.0,0.050663646310567856,0,299.1617635641249,,98,check
2892,621.0,5414.0,669.0,5227.0,0.05050639808177948,0,193.67437006010755,,98,control
2893,487.0,5392.0,587.0,5333.0,0.05300011858344078,0,116.90641619241826,,98,control
2894,476.0,5378.0,675.0,5546.0,0.06811870634555817,0,260.5836516231975,,98,control
2895,648.0,5375.0,613.0,5419.0,0.07051306962966919,0,55.441323211733874,,98,control
2896,650.0,5204.0,700.6470937576299,5230.750669903854,0.06685909628868103,0,57.622265927439095,1.583383263049047,98,control
2897,512.0,5285.0,540.8192507935853,5203.169244044042,0.05375988408923149,0,87.41814813625484,1.318511173188156,98,control
2898,534.0,5373.0,338.0,5191.0,0.05632204934954643,0,267.2984212188868,,98,check
2899,537.0,5359.0,453.0,5198.0,0.0525231696665287,0,181.70963402282135,,98,control
2900,586.0,5410.0,727.0,5172.0,0.053249068558216095,0,277.34854936669507,,98,control
2901,513.0,5365.0,437.4774746459386,5207.598636970602,0.061242010444402695,0,174.7237076235243,2.5230635763014133,98,control
2902,779.0,5283.0,752.1218972548111,5183.9923513880285,0.05096450075507164,0,102.87347444135588,2.4136014542707604,99,check
2903,698.0,5226.0,704.7940038007937,5429.5898810589915,0.05019513517618179,0,203.23401912510045,2.104189968978947,99,control
2904,654.0,5243.0,700.0,5189.0,0.06607659161090851,0,71.69963047812125,,99,check
2905,826.0,5418.0,562.0,5317.0,0.0665670856833458,0,282.231054547285,,99,control
2906,826.0,5418.0,555.0,5343.0,0.0660504698753357,0,280.69515810855853,,99,control
2907,793.0,5266.0,705.0,5441.0,0.05275699123740196,0,195.15989320591146,,99,check
2908,692.0,5349.0,821.5618742601506,5204.1309064691395,0.053425244987010956,0,195.1087888235701,1.9043932998814788,99,control
2909,799.0,5210.0,708.4321616764174,5222.1111113444895,0.07081574946641922,0,90.68743293433442,2.1891929308885842,99,control
2910,668.0,5325.0,582.0,5124.0,0.07950156927108765,0,218.7929082099914,,99,check
2911,836.0,5329.0,813.6939053936228,5304.953006651242,0.06259454786777496,0,32.73658466260751,1.6043004762839699,99,control
2912,746.0,5238.0,719.9153746089778,5442.027507418207,0.06837357580661774,0,205.12175090615443,1.472473555325733,99,control
2913,803.0,5260.0,684.0,5167.0,0.09265764057636261,0,150.81411439374006,,99,check
2914,749.0,5309.0,616.0,5155.0,0.050027262419462204,0,203.41160087368795,,99,control
2915,795.0,5248.0,670.0,5156.0,0.06350208073854446,0,154.96669440807068,,99,control
2916,759.0,5327.0,555.0,5343.0,0.054821353405714035,0,203.94553706962364,,99,control
2917,841.0,5305.0,801.0,5199.0,0.0563165545463562,0,113.50993230095366,,99,control
2918,760.0,5334.0,588.0678112448627,5240.390286176821,0.07733579725027084,0,195.42465739805377,1.5044727322261442,99,control
2919,814.0,5414.0,682.5875592876407,5206.881953103008,0.061697132885456085,0,245.34393926703183,1.6685889605428315,99,check
2920,816.0,5306.0,677.0528248967208,5192.530717082551,0.06502167135477066,0,179.1946974834338,1.354827616818606,99,control
2921,848.0,5228.0,578.0,5556.0,0.05942217633128166,0,424.0359703072854,,99,control
2922,700.0,5203.0,684.0,5167.0,0.07758776098489761,0,39.565375107769476,,99,control
2923,840.0,5386.0,736.0,5545.0,0.12202061712741852,0,189.23287493800586,,99,control
2924,792.0,5316.0,684.0,5167.0,0.08188401162624359,0,184.02571197631505,,99,control
2925,713.0,5384.0,669.0,5427.0,0.05942540615797043,0,60.72869322794334,,99,check
2926,806.0,5249.0,681.0,5156.0,0.056920744478702545,0,155.5662330430437,,99,control
2927,763.0,5261.0,611.0,5088.0,0.06744027137756348,0,230.20360510652688,,99,control
2928,763.0,5261.0,732.0,5458.0,0.0850898027420044,0,198.8407326763723,,99,control
2929,672.0,5284.0,707.0,5498.0,0.06381800025701523,0,216.4518358635251,,99,control
2930,812.0,5373.0,688.0,5195.0,0.059553757309913635,0,216.95236314884852,,99,control
2931,812.0,5373.0,551.0,5273.0,0.055238429456949234,0,279.067743968246,,99,control
2932,766.0,5289.0,758.0,5290.0,0.05496392026543617,0,7.395984655293467,,99,control
2933,660.0,5390.0,659.0,5390.0,0.05679413676261902,1,0.6117584734897885,,99,control
2934,683.0,5213.0,806.0,5477.0,0.05351893976330757,0,291.05886276377646,,99,control
2935,735.0,5307.0,721.0,5108.0,0.06099538877606392,0,199.89948116626857,,99,control
2936,734.0,5339.0,736.0,5301.0,0.054960038512945175,0,38.564217518817394,,99,control
2937,777.0,5356.0,710.0,5240.0,0.061915118247270584,0,134.0515073980402,,99,control
2938,736.0,5300.0,670.0,5105.0,0.052189890295267105,0,206.09228040031894,,99,control
2939,720.0,5252.0,665.0,5140.0,0.054030969738960266,0,124.90745497056189,,99,control
2940,693.0,5336.0,619.0,5433.0,0.0680655986070633,0,121.22607757108975,,99,control
2941,765.0,5215.0,683.0,5375.0,0.06190824508666992,0,179.07019077842173,,99,control
2942,745.0,5340.0,558.0,5210.0,0.050833191722631454,0,227.48380679699773,,99,control
2943,680.0,5385.0,651.0,5240.0,0.059184979647397995,0,148.2095508446259,,99,control
2944,792.0,5304.0,563.0,5546.0,0.054857611656188965,0,332.36547897572194,,99,control
2945,722.0,5211.0,628.0,5119.0,0.05960949882864952,0,131.39064785309085,,99,check
2946,134.0,5525.0,193.67302260603873,5653.701116774957,0.10258430987596512,0,141.6634954544391,1.2753649192429513,100,control
2947,193.0,5590.0,219.0,5407.0,0.1206917017698288,0,185.43534428774805,,100,control
2948,47.0,5616.0,47.0,5732.0,0.14514124393463135,0,115.45159343989793,,100,control
2949,57.0,5630.0,47.0,5732.0,0.11812224984169006,0,101.87554332037949,,100,control
2950,258.0,5506.0,94.11675590760915,5297.830997875034,0.06700825691223145,0,264.89505237757095,2.12553576720537,101,control
2951,371.0,5565.0,318.0,5365.0,0.05780060216784477,0,207.21280318315505,,101,check
2952,427.0,5495.0,403.0,5456.0,0.050088223069906235,0,45.884755976089565,,101,control
2953,274.0,5562.0,191.97206237822405,5761.799695327656,0.05328405648469925,0,215.2190074234444,0.803366797475345,101,control
2954,359.0,5528.0,234.83608241179738,5337.751121962483,0.05126219242811203,0,227.2248258242628,0.877402053457103,101,control
2955,243.0,5459.0,304.0,5304.0,0.06316782534122467,0,167.27588718979624,,101,control
2956,324.0,5524.0,159.5406402735778,5668.749534503226,0.05613752827048302,0,218.21973148947774,1.5225624685648698,101,control
2957,324.0,5524.0,236.02677332635946,5384.519657254526,0.09397458285093307,0,164.96914658292133,0.8752455265126413,101,control
2958,356.0,5495.0,182.0,5655.0,0.06912778317928314,0,235.5178195024283,,101,control
2959,356.0,5495.0,390.0,5529.0,0.06819958239793777,0,48.19261559422781,,101,control
2960,329.0,5628.0,169.0,5365.0,0.06837552040815353,0,307.9167923149412,,101,control
2961,239.0,5621.0,120.36548493635209,5703.65821948701,0.051817554980516434,0,143.7175437314362,1.0916838439279866,101,control
2962,310.0,5606.0,285.7455257930151,5417.119002320356,0.05253058671951294,0,190.8475824684167,1.6189919106790616,101,check
2963,361.0,5547.0,119.0,5509.0,0.055574607104063034,0,244.36333626717914,,101,check
2964,380.0,5622.0,468.0,5373.0,0.05085371062159538,0,264.7759318131838,,101,check
2965,235.0,5532.0,256.5246131715409,5333.360727400724,0.11040659993886948,0,200.3689090964169,1.0348041845390128,101,control
2966,403.0,5423.0,145.0,5678.0,0.07031618803739548,0,361.88621624843233,,101,control
2967,345.0,5425.0,529.0,5334.0,0.06603965908288956,0,206.07003701378267,,101,control
2968,277.0,5534.0,483.0,5343.0,0.05433040112257004,0,281.7335159073726,,101,control
2969,285.0,5526.0,223.0,5588.0,0.05166274309158325,0,86.83007675021415,,101,control
2970,342.0,5596.0,182.93124517527286,5330.279290457087,0.08784175664186478,0,309.7673385531476,0.6432758624398462,101,control
2971,338.0,5551.0,320.0,5394.0,0.088783398270607,0,158.4507495310407,,101,control
2972,308.0,5457.0,214.5100625944961,5640.079249812716,0.0608053095638752,0,204.78608578686323,1.1694430314571813,101,control
2973,228.0,5489.0,349.0,5340.0,0.0516357421875,0,192.74795127282272,,101,control
2974,400.0,5608.0,218.31863919464746,5406.87026860889,0.07188323140144348,0,270.95561358249756,1.3676678053543945,101,check
2975,297.0,5479.0,246.3001542440584,5396.669633632725,0.0523100420832634,0,96.7643416506378,2.113607243964807,101,control
2976,389.0,5480.0,503.0,5544.0,0.0666799545288086,0,131.0500404554055,,101,control
2977,226.0,5468.0,249.0,5498.0,0.09558644145727158,0,37.814452149262294,,101,control
2978,220.0,5439.0,391.0,5393.0,0.05823809280991554,0,177.84923324852184,,101,control
2979,305.0,5429.0,284.17582882950103,5504.336821960466,0.06255675107240677,0,77.488181990779,1.858123169063898,101,control
2980,314.0,5524.0,227.0,5386.0,0.056722816079854965,0,163.19792810336753,,101,control
2981,242.0,5484.0,341.7876848148032,5536.178566214039,0.061818696558475494,0,112.95815001497586,3.5044804848167264,101,control
2982,271.0,5583.0,412.0,5533.0,0.06801288574934006,0,150.3930300286926,,101,check
2983,362.0,5478.0,364.96746459243275,5627.200144420723,0.050501350313425064,0,148.7175037567751,1.0156473948246003,101,check
2984,383.0,5613.0,341.0,5396.0,0.057698771357536316,0,221.39205195167042,,101,control
2985,296.0,5458.0,195.18185387375937,5632.799234703927,0.0545903705060482,0,200.9888468249909,4.748487533855961,101,control
2986,233.0,5571.0,525.0,5569.0,0.06607630103826523,0,292.6519313741212,,101,control
2987,410.0,5634.0,498.0,5379.0,0.07339303195476532,0,270.4355125355963,,101,control
2988,632.0,5501.0,701.378553770137,5434.732791245088,0.05060458928346634,0,96.73282537251636,4.363586921928722,102,control
2989,595.0,5597.0,761.8639115243211,5393.289263102261,0.0830967053771019,0,264.09531191512485,1.2839493557757893,102,control
2990,468.0,5574.0,434.4795036123416,5314.910900331283,0.050012942403554916,0,261.647598748637,3.250141770707953,102,control
2991,596.0,5472.0,709.0,5524.0,0.07622364908456802,0,124.74627048630548,,102,control
2992,452.0,5429.0,463.1417766949397,5347.439110213777,0.09213191270828247,0,82.8945961873566,2.772631303218765,102,control
2993,614.0,5570.0,303.0,5696.0,0.05947732925415039,0,334.73827529186434,,102,control
2994,474.0,5527.0,598.0,5728.0,0.08977017551660538,0,236.05026100749487,,102,control
2995,471.0,5588.0,471.0,5353.0,0.055956628173589706,0,235.4911347280761,,102,control
2996,642.0,5535.0,730.0,5468.0,0.056392788887023926,0,111.3960818911491,,102,control
2997,450.0,5515.0,494.0,5677.0,0.05332192778587341,0,167.52887355367284,,102,control
2998,450.0,5515.0,754.0,5478.0,0.06077152490615845,0,306.9157714625221,,102,control
2999,575.0,5505.0,433.5910165987464,5433.369570756954,0.05176914110779762,0,158.15858807648837,1.246854301007851,102,check
3000,575.0,5505.0,708.0,5571.0,0.051777470856904984,0,148.80603933922586,,102,check
3001,623.0,5448.0,512.346771375987,5688.65096178278,0.06330232322216034,0,264.12449278506926,1.3627481538190493,102,control
3002,548.0,5624.0,347.71907712397314,5607.829844268654,0.0682440772652626,0,200.31678701035997,1.2921497986221566,102,control
3003,606.0,5547.0,403.6724610354455,5597.738415074265,0.05325857922434807,0,207.8307571910463,1.3388789714010272,102,control
3004,477.0,5516.0,339.1058495964067,5501.720585242782,0.05357113108038902,0,138.0232815580896,1.790153507348675,102,control
3005,477.0,5516.0,474.0,5362.0,0.051343321800231934,0,154.5090048486983,,102,control
3006,518.0,5516.0,445.0,5441.0,0.0556623749434948,0,104.5670985603079,,102,control
3007,650.0,5622.0,650.0,5627.0,0.05889565870165825,0,4.52631591996985,,102,control
3008,554.0,5477.0,412.0,5533.0,0.0608283132314682,0,151.8448108661574,,102,control
3009,574.0,5468.0,690.9849569492422,5517.692345932952,0.054529983550310135,0,127.48050887324352,3.539902736024167,102,control
3010,597.0,5441.0,438.0,5414.0,0.05624394118785858,0,160.71308025250184,,102,control
3011,509.0,5483.0,391.0,5590.0,0.061796996742486954,0,158.452435465842,,102,control
3012,641.0,5577.0,465.0,5763.0,0.08603835850954056,0,255.23733880479944,,102,check
3013,465.0,5491.0,454.705966048022,5519.661428109325,0.05799667909741402,0,29.75634114644708,1.4709382766601706,102,control
3014,535.0,5519.0,506.0,5630.0,0.06940224021673203,0,114.05938168989314,,102,check
3015,568.0,5548.0,690.5947992289598,5714.38844203145,0.07644610852003098,0,206.6187199000206,0.9273339956698203,102,control
3016,463.0,5621.0,482.7445222426895,5451.122049802567,0.057553309947252274,0,171.59586460841507,2.1894112763122,102,control
3017,562.0,5487.0,688.0,5532.0,0.07145708799362183,0,134.21333855117328,,102,check
3018,532.0,5452.0,402.0,5407.0,0.05466485396027565,0,137.10801279964338,,102,check
3019,541.0,5482.0,645.0,5568.0,0.0549689345061779,0,135.1121624954048,,102,control
3020,544.0,5598.0,498.0,5379.0,0.06683283299207687,0,224.12820265235268,,102,control
3021,584.0,5438.0,587.0,5333.0,0.08246632665395737,0,105.54663992802116,,102,control
3022,654.0,5505.0,587.0,5756.0,0.0742325410246849,0,259.11052896688665,,103,control
3023,852.0,5526.0,540.0,5644.0,0.053407151252031326,0,332.7882023336188,,103,control
3024,736.0,5607.0,621.9307079502063,5737.718354144822,0.06173408776521683,0,172.6806790058698,2.5207943871656306,103,control
3025,736.0,5607.0,743.1306293239902,5599.947481275526,0.05546196550130844,0,10.824749203759323,10.0,103,control
3026,767.0,5446.0,624.3501740434999,5706.049233311956,0.05684474855661392,0,295.8426001166494,1.4573438900066293,103,control
3027,689.0,5543.0,696.0,5424.0,0.06998784840106964,0,119.73401040260399,,103,control
3028,743.0,5612.0,702.0,5486.0,0.06346964836120605,0,132.7859540921917,,103,control
3029,707.0,5507.0,829.4927075822729,5700.478876531253,0.07831205427646637,0,228.87797995335333,1.144662389878836,103,check
3030,663.0,5547.0,665.0,5540.0,0.07378766685724258,0,7.951824610646271,,103,control
3031,664.0,5494.0,734.0,5426.0,0.05707864463329315,0,98.37776538760023,,103,control
3032,735.0,5533.0,587.0,5333.0,0.05429687723517418,0,248.81351271918894,,103,control
3033,668.0,5511.0,732.0,5458.0,0.058931853622198105,0,83.88887421132036,,103,check
3034,668.0,5630.0,625.8816462930116,5700.357138248936,0.05025240778923035,0,81.22840010825341,1.3073944390322398,103,control
3035,762.0,5578.0,587.0,5333.0,0.05145840719342232,0,301.1030445150272,,103,control
3036,773.0,5577.0,587.0,5333.0,0.0771738663315773,0,306.8060533591592,,103,control
3037,787.0,5505.0,739.2197165578328,5466.731827511895,0.05932947248220444,0,61.04703885633357,5.598478994409065,103,control
3038,782.0,5422.0,689.0,5469.0,0.05515863746404648,0,103.42014313298858,,103,check
3039,735.0,5481.0,773.0,5711.0,0.05175243690609932,0,232.70210738738643,,103,control
3040,714.0,5520.0,658.3866180111872,5696.140776976081,0.06189754605293274,0,184.02478565193408,4.4875592997902265,103,check
3041,714.0,5520.0,645.0,5411.0,0.05718572437763214,0,129.08317363808843,,103,check
3042,823.0,5471.0,655.0,5411.0,0.06787548959255219,0,177.96493135232402,,103,check
3043,732.0,5490.0,768.0,5728.0,0.09514009207487106,0,240.27989871613664,,103,control
3044,670.0,5433.0,850.0,5589.0,0.06247136369347572,0,238.31792653535106,,103,control
3045,670.0,5433.0,631.0,5649.0,0.053289398550987244,0,218.87011893540733,,103,control
3046,743.0,5493.0,793.0,5728.0,0.07546805590391159,0,239.87426397793556,,103,control
3047,791.0,5445.0,677.8335986580089,5655.72872393642,0.060822367668151855,0,238.44225034901714,0.8582151463693405,103,control
3048,791.0,5445.0,696.0,5503.0,0.06346043199300766,0,110.51353587074234,,103,control
3049,680.0,5576.0,855.0,5501.0,0.07544662803411484,0,191.1443336581765,,103,control
3050,794.0,5548.0,612.8700301172116,5551.050384123656,0.05317597836256027,0,180.51665989277956,0.829708908934841,103,control
3051,809.0,5612.0,572.0,5647.0,0.06271284818649292,0,238.8685746907821,,103,control
3052,682.0,5428.0,624.7291689654038,5671.129884110669,0.06013233959674835,0,249.13196440056635,1.0792888008517447,103,control
3053,822.0,5590.0,687.0,5445.0,0.05859483778476715,0,198.05255341694746,,103,control
3054,689.0,5622.0,562.0,5317.0,0.05187071114778519,0,330.58308516356254,,103,control
3055,801.0,5564.0,605.0,5667.0,0.051124945282936096,0,220.6165237136339,,103,control
3056,844.0,5633.0,855.0,5372.0,0.07581912726163864,0,261.73670919413536,,103,control
3057,844.0,5633.0,702.0,5486.0,0.059196267277002335,0,204.31161669913598,,103,check
3058,41.0,5764.0,40.0,5514.0,0.061574455350637436,0,250.52472003710878,,104,check
3059,172.0,5644.0,194.0,5634.0,0.054042670875787735,0,25.00554361683099,,104,control
3060,44.0,5656.0,50.889459076671095,5777.8899482806355,0.09102001041173935,0,121.57064164037534,0.49414780589593177,104,control
3061,86.0,5697.0,263.0,5584.0,0.06316868215799332,0,210.8443497815676,,104,control
3062,186.0,5775.0,321.0,5738.0,0.055331189185380936,0,140.75847838370169,,104,control
3063,178.0,5654.0,197.0,5657.0,0.06525342166423798,0,19.83111040217365,,104,control
3064,44.0,5722.0,50.0,5799.0,0.05720627307891846,0,76.73377599317097,,104,control
3065,62.0,5670.0,85.0,5849.0,0.05441668629646301,0,180.001745756391,,104,control
3066,79.0,5711.0,252.0,5602.0,0.07891129702329636,0,205.32549925838075,,104,control
3067,39.0,5749.0,51.0,5779.0,0.06902280449867249,0,32.06252091072585,,104,control
3068,39.0,5749.0,46.0,5705.0,0.051502764225006104,0,45.20682105835643,,104,control
3069,205.0,5735.0,191.0,5761.0,0.05717743933200836,0,28.728418331349125,,104,control
3070,205.0,5735.0,100.0,5778.0,0.061800237745046616,0,112.62008904939984,,104,control
3071,111.0,5697.0,302.2428967800463,5575.55137012453,0.05083240568637848,0,227.39106711357948,0.9891179007375114,104,control
3072,94.0,5648.0,271.5223861769649,5557.059264424988,0.05245579779148102,0,200.29630188945316,0.8513548933437148,104,check
3073,53.0,5779.0,70.0,5967.0,0.05095291510224342,0,188.25432069149562,,104,control
3074,53.0,5779.0,51.88133657163812,5836.389611760189,0.08488583564758301,0,56.82838272278516,1.2632713400957951,104,control
3075,83.0,5647.0,70.0,5967.0,0.07559284567832947,0,319.6595098186288,,104,check
3076,112.0,5657.0,303.0,5611.0,0.051745980978012085,0,197.2327357324223,,104,control
3077,146.0,5821.0,190.0,5541.0,0.06779304146766663,0,284.05884176572596,,104,control
3078,120.0,5782.0,146.0,5641.0,0.06012320891022682,0,144.02956533612988,,104,control
3079,46.0,5641.0,47.87154229277082,5732.099641501691,0.059522975236177444,0,90.58547707098475,0.5398642044488735,104,control
3080,46.0,5641.0,43.0,5923.0,0.10618554800748825,0,281.43593868738935,,104,control
3081,67.0,5808.0,63.41230894643184,5806.519430650502,0.063240647315979,0,3.5448033487281205,2.4505259917902396,104,check
3082,47.0,5746.0,46.123561408634295,5799.871590472878,0.08492628484964371,0,53.313245024409056,4.104834462141579,104,control
3083,147.0,5839.0,266.0,5876.0,0.0663488581776619,0,125.08698247372341,,104,control
3084,147.0,5839.0,168.0,5906.0,0.05131373926997185,0,69.87852312751747,,104,check
3085,158.0,5741.0,113.0,5776.0,0.09934266656637192,0,56.12950634547725,,104,control
3086,128.0,5685.0,194.0,5634.0,0.05994189530611038,0,84.27189619386829,,104,control
3087,204.0,5638.0,154.0,5571.0,0.05195363983511925,0,83.61734750955495,,104,control
3088,214.0,5711.0,85.0,5687.0,0.055816229432821274,0,130.636449467873,,104,check
3089,214.0,5711.0,178.0,5866.0,0.05543827265501022,0,158.4270162449837,,104,control
3090,78.0,5827.0,327.0,5655.0,0.08338699489831924,0,303.47684888432536,,104,control
3091,405.0,5781.0,496.0,5848.0,0.06123451516032219,0,113.19327739140462,,105,check
3092,233.0,5701.0,205.5585794777177,5909.0399026853465,0.06052171438932419,0,209.1940551023129,0.6096873153770285,105,control
3093,417.0,5797.0,223.0,5588.0,0.06851808726787567,0,285.088536282147,,105,control
3094,270.0,5685.0,243.0,5844.0,0.0524212121963501,0,160.61647569569956,,105,control
3095,384.0,5734.0,351.0,5601.0,0.0567646361887455,0,137.38458417471577,,105,control
3096,384.0,5734.0,323.21786743227017,5578.959935772653,0.057576775550842285,0,166.7746354186748,0.8096930653367005,105,control
3097,326.0,5786.0,383.0,5654.0,0.07326602190732956,0,144.52743078272732,,105,control
3098,429.0,5755.0,348.0,5609.0,0.08421364426612854,0,167.10476769730786,,105,control
3099,310.0,5739.0,375.0,5540.0,0.05200951546430588,0,210.04261384548352,,105,check
3100,240.0,5754.0,199.0,5523.0,0.0615340881049633,0,235.0044797686631,,105,check
3101,340.0,5646.0,202.8309042114774,5857.799267492798,0.09563548117876053,0,251.50350038643876,1.0531013133269203,105,control
3102,382.0,5787.0,199.0,5619.0,0.06113690510392189,0,248.28213787214736,,105,control
3103,434.0,5824.0,396.0,5696.0,0.06431235373020172,0,133.85012034431918,,105,control
3104,409.0,5741.0,193.4965656975111,5577.278490233917,0.05381833016872406,0,270.4188096811079,2.0361347752423695,105,check
3105,409.0,5741.0,214.0,5643.0,0.08936799317598343,0,217.8779393530696,,105,control
3106,222.0,5787.0,549.0,5849.0,0.052122004330158234,0,333.34202341729537,,105,check
3107,348.0,5680.0,164.08149642312554,5537.15923427406,0.05319668725132942,0,232.65311634602688,1.1146411467515105,105,control
3108,218.0,5750.0,364.0,5647.0,0.06421246379613876,0,179.51826054773372,,105,control
3109,276.0,5697.0,273.7967792779893,5696.693026168146,0.07327655702829361,1,1.7535599167400042,2.4095634226463254,105,control
3110,301.0,5792.0,436.0,5946.0,0.056598786264657974,0,204.7947154232415,,105,control
3111,261.0,5795.0,400.0,5560.0,0.09033995121717453,0,273.81096757007174,,105,control
3112,235.0,5644.0,455.0,5840.0,0.05156923085451126,0,294.7593035379011,,105,control
3113,289.0,5805.0,526.7244840657271,5941.920231556612,0.05874594300985336,0,274.6020144387334,2.138642037805692,105,control
3114,277.0,5704.0,124.0,5984.0,0.0649966299533844,0,318.24448405115714,,105,control
3115,277.0,5704.0,190.0,5578.0,0.06933378428220749,0,153.1667246661398,,105,control
3116,262.0,5719.0,306.4204460993764,5575.919672118426,0.05801761895418167,0,150.51487205120708,0.9390903881392153,105,control
3117,277.0,5816.0,383.1860977621255,5599.091949772149,0.05741260200738907,0,242.26362465768605,3.412633834041529,105,control
3118,303.0,5843.0,334.0,5586.0,0.06615333259105682,0,259.46224789850714,,105,control
3119,240.0,5744.0,532.0,5805.0,0.05434589087963104,0,298.8120819764699,,105,check
3120,305.0,5718.0,249.0,5498.0,0.05819752812385559,0,227.34925609932512,,105,control
3121,305.0,5718.0,452.0,5803.0,0.07864923030138016,0,170.09041330098594,,105,check
3122,226.0,5645.0,201.0324652468369,5603.829824541519,0.07274851202964783,0,48.25788549997887,0.9690787234189353,105,control
3123,328.0,5651.0,214.0,5845.0,0.06137070804834366,0,224.19555558112046,,105,control
3124,273.0,5722.0,273.0,5722.0,0.058143261820077896,1,0.8583795836295021,,105,control
3125,290.0,5738.0,348.35467061036286,5599.780851527882,0.05703379586338997,0,150.77327279715743,2.2593676505086564,105,control
3126,254.0,5850.0,545.0,5802.0,0.056111548095941544,0,295.64287648028716,,105,control
3127,310.0,5814.0,312.0,5923.0,0.054901864379644394,0,108.4682640809905,,105,check
3128,273.0,5779.0,160.0,5737.0,0.08412037044763565,0,120.10927090362848,,105,control
3129,426.0,5649.0,483.0,5798.0,0.06142549216747284,0,159.25315459465622,,105,control
3130,276.0,5667.0,336.0,5562.0,0.09175240993499756,0,121.71526244222385,,105,control
3131,274.0,5796.0,438.33840336496337,5616.82007461011,0.051698122173547745,0,243.9555133658739,3.053620524668497,105,control
3132,291.0,5654.0,244.0,5777.0,0.05720178410410881,0,130.92334552919888,,105,control
3133,533.0,5740.0,781.5392653610412,5637.428313075762,0.0591387040913105,0,269.6310513467976,1.7870718249124677,106,control
3134,545.0,5665.0,497.0,5766.0,0.06510058790445328,0,111.06583080608841,,106,control
3135,531.0,5788.0,648.6110767292333,5803.499656913204,0.07386711239814758,0,119.17211103401,0.4806193503376758,106,control
3136,438.0,5762.0,390.0,5603.0,0.05932575836777687,0,166.40026547018212,,106,control
3137,454.0,5840.0,380.0,5595.0,0.059814874082803726,0,256.24280957648915,,106,control
3138,547.0,5801.0,654.0717869335662,5814.071263663013,0.05935351550579071,0,108.41563417347048,1.28630557220113,106,control
3139,621.0,5773.0,552.0,5792.0,0.056635499000549316,0,70.8181082345239,,106,control
3140,588.0,5655.0,546.0,5748.0,0.0621524304151535,0,101.29680848494347,,106,control
3141,489.0,5638.0,549.0,5849.0,0.05247920751571655,0,219.01196896937097,,106,control
3142,458.0,5745.0,728.0,5928.0,0.06563485413789749,0,326.3656543202562,,106,control
3143,447.0,5777.0,524.0,5725.0,0.0980447381734848,0,93.73924032865992,,106,check
3144,648.0,5742.0,694.4027116406726,5634.319273518327,0.05976199731230736,0,117.97280074305853,0.8985589316316148,106,control
3145,466.0,5739.0,514.0,5810.0,0.058784838765859604,0,85.61176350963541,,106,control
3146,498.0,5763.0,336.0,5666.0,0.05871608108282089,0,188.52861189138792,,106,check
3147,586.0,5776.0,339.0,5555.0,0.05478788539767265,0,331.28861365272394,,106,control
3148,586.0,5776.0,587.2308912302342,5757.390244273551,0.05296560376882553,0,19.234466112876095,3.2908432102463063,106,control
3149,606.0,5640.0,658.7367564214055,5746.8599946581735,0.059580717235803604,0,118.96502483459716,1.1703688459137893,106,control
3150,485.0,5688.0,513.0,5754.0,0.059273067861795425,0,71.45237384853972,,106,control
3151,556.0,5753.0,538.0,5860.0,0.05347955971956253,0,107.85914065484306,,106,check
3152,604.0,5833.0,336.0,5666.0,0.05443555861711502,0,315.49575482924325,,106,control
3153,469.0,5767.0,497.0,5710.0,0.06952138245105743,0,64.26648313804665,,106,check
3154,646.0,5803.0,558.0,5633.0,0.07984156161546707,0,191.5985605205986,,106,control
3155,646.0,5803.0,657.0,5794.0,0.08107339590787888,0,15.030454165792241,,106,check
3156,498.0,5655.0,485.0,5829.0,0.09863385558128357,0,173.89312405360863,,106,control
3157,592.0,5842.0,557.0,5580.0,0.077766053378582,0,264.754011448622,,106,control
3158,497.0,5667.0,478.0,5849.0,0.05425574257969856,0,182.3772453794105,,106,control
3159,639.0,5644.0,637.1233095961977,5642.610586772392,0.07411820441484451,1,2.2824163547988587,2.586012863750721,106,check
3160,618.0,5684.0,582.0,5776.0,0.06298445910215378,0,98.06472621305217,,106,control
3161,509.0,5668.0,496.0,5848.0,0.051747824996709824,0,179.87668736837733,,106,control
3162,600.0,5707.0,624.0,5752.0,0.06275591999292374,0,50.8292714334146,,106,control
3163,471.0,5851.0,485.0,5874.0,0.050789687782526016,0,26.797225981057455,,106,control
3164,615.0,5674.0,715.0,5754.0,0.06592811644077301,0,128.21171773163522,,106,control
3165,573.0,5825.0,335.0,5702.0,0.051039233803749084,0,267.5667239157836,,106,check
3166,607.0,5696.0,753.0,5707.0,0.07164990901947021,0,146.98282815556206,,106,control
3167,538.0,5842.0,508.0,5849.0,0.1026085838675499,0,30.066864579577608,,106,control
3168,569.0,5661.0,492.0,5809.0,0.05279456451535225,0,166.05582672172636,,106,control
3169,631.0,5647.0,631.0,5637.0,0.05350567400455475,0,10.537391263331955,,106,control
3170,653.0,5787.0,584.0,5808.0,0.06947372108697891,0,71.36954826066997,,106,control
3171,792.0,5728.0,793.0,5728.0,0.12571895122528076,1,1.686887044961295,,107,control
3172,799.0,5641.0,676.0,5790.0,0.07920090109109879,0,192.40502085848152,,107,control
3173,822.0,5664.0,551.0,5840.0,0.050144072622060776,0,322.31169019692135,,107,control
3174,731.0,5783.0,831.5553165822515,5643.721413605943,0.07452509552240372,0,172.5523805445783,2.05858531003613,107,control
3175,731.0,5783.0,736.6084587862786,5784.639368313582,0.050559088587760925,0,6.314384958159055,1.631914624300288,107,control
3176,843.0,5756.0,715.0,5789.0,0.050356194376945496,0,131.4613141699451,,107,check
3177,810.0,5816.0,753.7093525142925,5895.822815397177,0.05539549142122269,0,96.88172332545119,1.7765241791422905,107,check
3178,721.0,5753.0,715.0,5754.0,0.07112469524145126,0,5.408589834171348,,107,control
3179,667.0,5688.0,568.1277290091874,5796.509958207738,0.052006546407938004,0,145.97744121416886,2.391815623236045,107,control
3180,811.0,5675.0,684.212830101786,5732.649701567969,0.05790359526872635,0,138.4988261388715,0.8594264536107824,107,check
3181,707.0,5751.0,842.2876217036163,5610.079473248855,0.052543409168720245,0,196.13251330550543,1.9010957552402998,107,control
3182,807.0,5808.0,628.0,5859.0,0.05037703737616539,0,185.37946776353814,,107,control
3183,757.0,5667.0,571.0,5856.0,0.0529068224132061,0,264.3447099837669,,107,control
3184,686.0,5791.0,552.0,5792.0,0.0793033316731453,0,133.37065553751668,,107,control
3185,769.0,5753.0,598.5871848982493,5882.740767018675,0.062496088445186615,0,213.35306882393166,0.9808596271740161,107,control
3186,677.0,5779.0,640.0,5890.0,0.05053750425577164,0,116.28946121846873,,107,control
3187,762.0,5689.0,728.0,5928.0,0.05144399404525757,0,240.7768761173884,,107,check
3188,675.0,5738.0,788.2805949808482,5729.602284447736,0.0583563968539238,0,114.23348094356142,1.3885365174547821,107,control
3189,693.0,5819.0,845.0,5946.0,0.07986845076084137,0,198.17561592802363,,107,control
3190,720.0,5700.0,602.0,5826.0,0.05090225487947464,0,171.80500262346044,,107,check
3191,818.0,5853.0,617.0,5847.0,0.05529757961630821,0,200.48642681146353,,107,control
3192,737.0,5706.0,619.0,5734.0,0.050888240337371826,0,120.54731506247964,,107,check
3193,737.0,5706.0,622.0,5722.0,0.06826496124267578,0,115.41739468438044,,107,control
3194,737.0,5706.0,739.0,5709.0,0.06631208211183548,0,3.5982227474885002,,107,control
3195,777.0,5666.0,556.0,5819.0,0.05380760878324509,0,267.9674666507001,,107,control
3196,816.0,5641.0,730.0182172527354,5507.200788646728,0.18059098720550537,0,159.13225325916002,0.6920437810006268,107,control
3197,711.0,5726.0,581.3004412693748,5545.349700111396,0.05473241209983826,0,222.43309802535867,0.6831411346718362,107,control
3198,844.0,5825.0,810.0,5643.0,0.05641044303774834,0,185.5434394986477,,107,control
3199,713.0,5683.0,582.0,5889.0,0.07079961895942688,0,243.3259400216767,,107,control
3200,713.0,5683.0,600.0,5882.0,0.10041559487581253,0,228.06067348781107,,107,control
3201,694.0,5696.0,600.0,5882.0,0.060497015714645386,0,207.6332330862463,,107,control
3202,764.0,5729.0,768.0,5728.0,0.11808314174413681,0,4.8522699118988495,,107,control
3203,742.0,5682.0,686.0,5573.0,0.06027895584702492,0,122.71520583668465,,107,check
3204,690.0,5657.0,793.0,5693.0,0.057015661150217056,0,109.51145223657063,,107,control
3205,752.0,5812.0,617.0,5847.0,0.05424373969435692,0,138.72654479452956,,107,control
3206,678.0,5713.0,828.0,5798.0,0.0667317807674408,0,172.6683367228314,,107,control
3207,791.0,5682.0,570.0,5530.0,0.052859269082546234,0,267.98977619176776,,107,control
3208,747.0,5708.0,590.0,5549.0,0.06577806919813156,0,223.36885021790226,,107,control
3209,747.0,5708.0,753.0,5707.0,0.0739353597164154,0,6.782148552451703,,107,control
3210,835.0,5748.0,848.0306116225984,5926.840563391357,0.05417251959443092,0,178.81401132525096,2.0228107706819776,107,control
3211,731.0,5809.0,831.0,5824.0,0.06747087836265564,0,101.630278350507,,107,check
3212,776.0,5701.0,773.0,5711.0,0.06957656145095825,0,9.774860452859336,,107,control
3213,654.0,5813.0,560.0,5707.0,0.05346093326807022,0,141.65495532003516,,107,control
3214,150.0,5867.0,109.5574171916713,5756.9905129404915,0.07176508754491806,0,117.49210888557768,1.056028614481271,108,control
3215,114.0,6062.0,193.1632560641092,5759.21919236807,0.07214394956827164,0,313.66036393588513,1.0009874770325433,108,check
3216,197.0,6050.0,100.0,6178.0,0.05137272924184799,0,159.71683437091016,,108,control
3217,169.0,5936.0,304.29197627660534,5958.889442149448,0.06590691953897476,0,137.76626901833205,0.7567126518005685,108,control
3218,40.0,5989.0,45.0,6186.0,0.05152177810668945,0,196.47695109292192,,108,control
3219,68.0,5969.0,86.0,6169.0,0.05575909465551376,0,200.27080046318088,,108,control
3220,130.0,5943.0,271.0,5919.0,0.06251974403858185,0,143.77362466430495,,108,control
3221,130.0,5943.0,173.9070108266297,6103.320930462972,0.06981336325407028,0,165.83242607644252,0.8252283186925774,108,control
3222,58.0,6021.0,55.31742632786712,6179.080605564578,0.07318843901157379,0,157.48948264295237,1.5962266058553516,108,check
3223,73.0,5906.0,74.0,6165.0,0.07812406867742538,0,258.40386500125715,,108,control
3224,205.0,5953.0,205.0,6068.0,0.06953391432762146,0,114.41655995741687,,108,control
3225,53.0,6057.0,57.0,6178.0,0.0743270292878151,0,120.48706352643352,,108,check
3226,196.0,6067.0,50.0,5799.0,0.06019394099712372,0,305.3499128535411,,108,control
3227,41.0,5869.0,41.0,5954.0,0.0808391124010086,0,84.42542437265352,,108,check
3228,134.0,5982.0,317.0,5957.0,0.07903844118118286,0,185.42388897063827,,108,control
3229,97.0,5901.0,196.0,6055.0,0.07271061092615128,0,182.94617066212845,,108,check
3230,70.0,5872.0,67.0,5984.0,0.06881816685199738,0,111.44405316969437,,108,control
3231,54.0,5942.0,71.0,6185.0,0.07669012993574142,0,243.0394357303395,,108,control
3232,54.0,5942.0,51.0,5837.0,0.05094511806964874,0,105.58825848127417,,108,control
3233,99.0,5988.0,209.0,6130.0,0.07116039097309113,0,179.5594050302134,,108,control
3234,78.0,5924.0,73.8113256187753,6170.270513455215,0.0611596554517746,0,245.69344660885983,4.576096489828773,108,control
3235,41.0,5962.0,45.0,6186.0,0.05620013177394867,0,223.44386916626664,,108,check
3236,183.0,5919.0,327.0,6047.0,0.059721607714891434,0,192.7675966279298,,108,control
3237,70.0,5924.0,85.29752663284881,6165.019908612639,0.0653558000922203,0,240.9486141810325,2.262829462428907,108,control
3238,40.0,5880.0,41.0,5954.0,0.06915830820798874,0,73.44199086574869,,108,control
3239,179.0,5893.0,138.6212237584207,6151.329821573268,0.05147522687911987,0,260.77358207738735,1.4895863202697834,108,control
3240,212.0,5980.0,103.40732291962846,6149.720602920509,0.07249406725168228,0,200.62197619390355,2.705277547600931,108,control
3241,172.0,6004.0,202.36084824943893,5860.639955242655,0.07238227128982544,0,147.22782568302168,1.1110945447722353,108,check
3242,124.0,5866.0,116.0,6139.0,0.05086100846529007,0,272.50161189729675,,108,control
3243,50.0,5996.0,50.0,6203.0,0.10090116411447525,0,206.39414759111324,,108,control
3244,97.0,5959.0,236.0,6002.0,0.055886223912239075,0,145.96199709221204,,108,control
3245,42.0,6010.0,45.0,6186.0,0.05942068248987198,0,175.43345396157645,,108,control
3246,42.0,6010.0,44.0,6064.0,0.06925776600837708,0,53.4768110333746,,108,check
3247,62.0,5914.0,201.0,5950.0,0.06866762042045593,0,144.09028100628683,,108,control
3248,40.0,5934.0,40.0,6165.0,0.07629387825727463,0,230.39825680153535,,108,control
3249,43.0,6019.0,45.0,6186.0,0.06117606163024902,0,166.4164466724191,,108,control
3250,89.0,6005.0,94.0,6097.0,0.056846436113119125,0,91.58327077192575,,108,control
3251,147.0,5950.0,243.0,6067.0,0.05323975533246994,0,151.31231065652113,,108,control
3252,197.0,5994.0,89.0,6156.0,0.06917998194694519,0,193.82733494872386,,108,control
3253,40.0,5903.0,40.0,6165.0,0.06010521203279495,0,261.39813825786916,,108,control
3254,40.0,5855.0,43.0,6085.0,0.10369468480348587,0,229.43650322358653,,108,control
3255,139.0,5919.0,147.0,5885.0,0.05855999141931534,0,35.63750007716507,,108,control
3256,187.0,5911.0,145.0,5998.0,0.050792451947927475,0,95.79456131700826,,108,control
3257,190.0,5997.0,171.0,6145.0,0.05644764378666878,0,148.54031113225184,,108,control
3258,340.0,6065.0,153.0749979939495,6074.589895035776,0.06408122181892395,0,186.47417381269713,1.07969047548344,109,control
3259,337.0,5996.0,128.0,6058.0,0.07018645107746124,0,217.19163323078837,,109,check
3260,298.0,5920.0,111.0,5757.0,0.05732647702097893,0,247.9164086558712,,109,check
3261,347.0,5880.0,396.1362441876403,6144.909044573328,0.08681292831897736,0,268.9664946587186,0.9665732709564814,109,control
3262,389.0,6007.0,212.0,6037.0,0.06813783198595047,0,178.77466516664984,,109,control
3263,248.0,5860.0,280.0,6149.0,0.05339379608631134,0,290.2498000616861,,109,control
3264,368.0,5862.0,415.0,6118.0,0.07813127338886261,0,259.8199732721301,,109,control
3265,434.0,5929.0,401.0,5780.0,0.05624879151582718,0,153.00326728059338,,109,control
3266,353.0,5871.0,514.0,6118.0,0.058691419661045074,0,294.69411833726286,,109,check
3267,344.0,6037.0,99.0,5870.0,0.05906368046998978,0,296.25913807164073,,109,control
3268,236.0,5972.0,125.0,6127.0,0.05415336415171623,0,189.77247036104933,,109,control
3269,413.0,5962.0,448.0,5829.0,0.05115034803748131,0,138.22238475377088,,109,check
3270,256.0,5994.0,202.0,5860.0,0.0706344023346901,0,144.74332379440708,,109,control
3271,397.0,6049.0,480.0,5919.0,0.06637910008430481,0,155.048617455475,,109,control
3272,344.0,5946.0,289.0,5770.0,0.052826572209596634,0,184.71946485795834,,109,control
3273,329.0,6057.0,123.0,6068.0,0.08430694043636322,0,205.59173309674622,,109,check
3274,363.0,5988.0,158.0,6061.0,0.06693775951862335,0,216.7839569035264,,109,control
3275,332.0,6031.0,168.0,5737.0,0.06352007389068604,0,336.79650140148425,,109,control
3276,239.0,5855.0,273.0,6142.0,0.09458118677139282,0,288.4966818174479,,109,control
3277,399.0,5944.0,337.0,5741.0,0.06110427528619766,0,212.58412655259764,,109,control
3278,399.0,5944.0,434.0,5805.0,0.061842672526836395,0,144.02609686409969,,109,check
3279,226.0,5991.0,123.0,6154.0,0.05536901578307152,0,191.95272950257288,,109,check
3280,431.0,6033.0,451.0,5785.0,0.08094069361686707,0,249.3985621805621,,109,control
3281,300.0,5944.0,535.0,5780.0,0.07739387452602386,0,287.3950229029511,,109,control
3282,356.0,5967.0,489.1475315881017,5872.798445528428,0.058733101934194565,0,163.93893937317782,2.443096179835723,109,control
3283,261.0,5941.0,178.0,5895.0,0.05886422097682953,0,94.58504935175625,,109,control
3284,235.0,5893.0,201.0,5939.0,0.05983862653374672,0,56.346792499215006,,109,control
3285,344.0,5921.0,523.0,5754.0,0.05433094874024391,0,245.6363569856824,,109,control
3286,235.0,5935.0,264.0,6002.0,0.05619258061051369,0,72.74471710295396,,109,control
3287,250.0,6011.0,124.59610551638869,6174.318648271793,0.06726791709661484,0,205.02695878540914,2.014653976948129,109,control
3288,289.0,5895.0,464.6214729250126,6019.009932747756,0.0662388876080513,0,215.18098247918505,0.5887508929293278,109,control
3289,289.0,5895.0,118.69392358118041,5729.321198562744,0.05302916467189789,0,237.49266353983901,1.1302478496544341,109,check
3290,429.0,5977.0,341.0,5770.0,0.05007373169064522,0,225.17501807320647,,109,control
3291,404.0,5913.0,170.0,5790.0,0.07098902016878128,0,264.0178647541788,,109,control
3292,264.0,6045.0,535.0,5780.0,0.051946595311164856,0,379.8623213366326,,109,control
3293,300.0,6032.0,169.0,6190.0,0.07773710042238235,0,204.35820293373718,,109,control
3294,243.0,5976.0,513.0,5951.0,0.051821496337652206,0,271.8336995840693,,109,control
3295,243.0,5976.0,122.98001285209173,6154.160027378293,0.07007987797260284,0,213.94558476037312,3.979130902768338,109,control
3296,284.0,6062.0,497.0,5886.0,0.06979938596487045,0,277.14679616871945,,109,control
3297,348.0,5977.0,225.0,6011.0,0.05239933729171753,0,126.82143340705485,,109,control
3298,348.0,5977.0,128.0,6058.0,0.11413636058568954,0,233.60463564552424,,109,control
3299,399.0,5926.0,150.0,5757.0,0.08589468151330948,0,300.68284154100525,,109,control
3300,399.0,5926.0,170.0,5790.0,0.055885735899209976,0,266.04243362326014,,109,control
3301,375.0,5903.0,105.48880498857642,6162.300056298098,0.06046692654490471,0,373.0961630956723,1.192023101438579,109,control
3302,333.0,5862.0,289.0,5850.0,0.05533508583903313,0,45.1224976027662,,109,check
3303,285.0,5917.0,121.4757032036587,5805.3310565172205,0.06831517070531845,0,197.76857351341084,2.4465884960938395,109,control
3304,494.0,6028.0,636.2417661189961,6175.70915566857,0.1042351946234703,0,205.0650979144223,1.6550674832610741,110,control
3305,597.0,5941.0,598.6259907317258,5943.059603776258,0.06095542758703232,1,2.7018668871547575,2.738649691191158,110,control
3306,616.0,5863.0,567.0444836022536,5873.919493472051,0.0651307925581932,0,49.43004854718533,0.5925609212932895,110,check
3307,582.0,6049.0,590.0,5901.0,0.05753740668296814,0,148.8019048357281,,110,control
3308,651.0,6000.0,432.8692373814579,5843.271663630994,0.05058899149298668,0,268.39837251822007,1.8467484598442125,110,control
3309,536.0,6003.0,552.0,5792.0,0.05791990086436272,0,212.1928216371157,,110,control
3310,461.0,5996.0,600.0,5882.0,0.059878554195165634,0,180.59798052057494,,110,control
3311,604.0,6033.0,566.0,5818.0,0.05027596652507782,0,218.75874779758755,,110,control
3312,489.0,5895.0,343.5311233940485,6165.229862323225,0.05831723287701607,0,306.0706143481879,5.124892387202168,110,control
3313,632.0,5892.0,593.0,5765.0,0.055137332528829575,0,133.18351867385473,,110,control
3314,622.0,5877.0,496.0,5848.0,0.05299271643161774,0,128.80037386594506,,110,control
3315,556.0,5981.0,716.0,5834.0,0.05721287801861763,0,218.08976203946065,,110,check
3316,605.0,6021.0,688.0,5795.0,0.06838521361351013,0,241.47403258639497,,110,control
3317,458.0,5955.0,492.0,6141.0,0.059448838233947754,0,188.62116122626125,,110,control
3318,497.0,5902.0,497.4042387194032,5852.760501770465,0.05683097615838051,0,49.79967348341559,1.817389278296004,110,control
3319,562.0,5931.0,561.0,5930.0,0.06653933972120285,1,1.6011196545410786,,110,control
3320,538.0,5962.0,441.0,5870.0,0.05456922948360443,0,133.6084930576617,,110,check
3321,469.0,5883.0,520.0,5866.0,0.0503571555018425,0,54.5326508685407,,110,control
3322,469.0,5883.0,505.0,5760.0,0.07826409488916397,0,128.85605467893788,,110,control
3323,640.0,6041.0,453.0,6025.0,0.05239848792552948,0,187.10138501932045,,110,check
3324,466.0,6010.0,523.0,5807.0,0.05110780894756317,0,211.54504897648604,,110,control
3325,578.0,6027.0,614.0,5855.0,0.05785520002245903,0,176.38886008729014,,110,control
3326,560.0,5947.0,568.3120220644248,5936.909095388333,0.059888556599617004,0,13.900167866508477,2.1524599815193053,110,control
3327,496.0,6008.0,415.92694562622614,5857.208196436335,0.09010618925094604,0,170.92132844930697,2.1707690886181785,110,check
3328,496.0,6008.0,566.0,5818.0,0.05512462556362152,0,203.21122501722397,,110,control
3329,515.0,5976.0,513.0,5971.0,0.0765269473195076,0,5.729547065153811,,110,control
3330,647.0,5978.0,763.0,6039.0,0.10537619888782501,0,131.32923983978338,,110,control
3331,562.0,5879.0,520.0,5866.0,0.055261168628931046,0,43.53121510930713,,110,control
3332,619.0,5984.0,656.1812025001983,5841.818763808896,0.05315959453582764,0,147.64378452638437,3.150486362680148,110,control
3333,695.0,6037.0,614.0,5855.0,0.05160001665353775,0,199.45862743314834,,111,control
3334,715.0,5920.0,598.0,5866.0,0.06472413241863251,0,128.52724271275542,,111,check
3335,764.0,5938.0,642.4544515890727,5779.2984113343355,0.068614162504673,0,199.94874269992664,2.0116089823718233,111,control
3336,737.0,5901.0,838.0,5778.0,0.05639568716287613,0,159.9409186279582,,111,control
3337,684.0,6012.0,818.0,6073.0,0.05265679955482483,0,147.53465197448077,,111,control
3338,792.0,6043.0,587.0,5756.0,0.08755102008581161,0,352.76677189045944,,111,check
3339,677.0,5990.0,645.1786766248696,6067.338496740418,0.0577298142015934,0,82.87092933232628,2.6659863388498546,111,control
3340,752.0,6031.0,617.0,5847.0,0.1165553629398346,0,228.28609512484056,,111,control
3341,806.0,5887.0,635.0,5817.0,0.05171651765704155,0,184.4058352556336,,111,check
3342,725.0,5938.0,772.0,5870.0,0.062054939568042755,0,83.44964145493466,,111,control
3343,846.0,6000.0,557.0,5862.0,0.056382209062576294,0,319.92902370692525,,111,control
3344,777.0,5996.0,546.8724832436972,5890.827933625499,0.08478356897830963,0,252.68153853687906,2.033913611629774,111,control
3345,779.0,5890.0,838.0,5778.0,0.05479038506746292,0,127.33571154107914,,111,control
3346,676.0,6021.0,736.0,6014.0,0.05099792405962944,0,61.070112034110714,,111,control
3347,687.0,5972.0,843.4064924115409,5945.440374320477,0.060013338923454285,0,159.31943825069206,2.3582860920231323,111,control
3348,787.0,6022.0,566.0,5818.0,0.064701147377491,0,300.66886200120507,,111,control
3349,841.0,5989.0,551.0,5840.0,0.051326852291822433,0,325.72964655089635,,111,control
3350,841.0,5989.0,617.0,5781.0,0.05379859730601311,0,305.5894484484737,,111,control
3351,855.0,6024.0,848.0,5925.0,0.08549709618091583,0,99.75199960120199,,111,control
3352,732.0,5982.0,809.0,5991.0,0.061701979488134384,0,78.05055262845455,,111,control
3353,838.0,5856.0,666.0,5818.0,0.05377386882901192,0,175.6642003210245,,111,control
3354,725.0,6060.0,602.0,5838.0,0.06406126916408539,0,253.9725296478139,,111,control
3355,806.0,5969.0,667.9019957517003,5810.847277624211,0.06502582877874374,0,209.96258774359117,6.905249619656974,111,check
3356,810.0,5913.0,746.0,5885.0,0.0684235692024231,0,69.52622529776845,,111,control
3357,734.0,6027.0,600.0,5882.0,0.057043347507715225,0,197.41957181326597,,111,control
3358,783.0,5985.0,569.0,5749.0,0.08779478073120117,0,318.55211226110794,,111,control
3359,719.0,6032.0,584.0,5808.0,0.0529002919793129,0,261.67743886089124,,111,control
3360,711.0,6035.0,688.0,5795.0,0.07129151374101639,0,241.57526072228032,,111,check
3361,148.0,6276.0,136.0,6124.0,0.0506611168384552,0,153.01463015690896,,112,control
3362,160.0,6175.0,154.02891714112772,6081.09046251534,0.06821589171886444,0,94.64692676472437,2.0088432773514673,112,control
3363,158.0,6190.0,153.0,6102.0,0.09008689969778061,0,88.69713381837546,,112,control
3364,135.0,6131.0,200.0,6152.0,0.06638572365045547,0,68.75727205925816,,112,control
3365,166.0,6137.0,274.0,6187.0,0.06878826767206192,0,119.35414263368324,,112,control
3366,193.0,6156.0,273.0,6142.0,0.09698271006345749,0,81.9608785238865,,112,check
3367,134.0,6081.0,73.0,6304.0,0.06322918832302094,0,230.41993515354065,,112,control
3368,42.0,6136.0,42.0,6253.0,0.06938768923282623,0,116.38871535915868,,112,control
3369,124.0,6250.0,314.0,6013.0,0.08587522804737091,0,304.6139915928138,,112,control
3370,206.0,6257.0,126.0,6315.0,0.07549658417701721,0,97.91352443812076,,112,control
3371,198.0,6170.0,303.0,6218.0,0.05302366614341736,0,115.79153838341153,,112,control
3372,182.0,6263.0,176.80056659459265,6098.199528376489,0.05402753874659538,0,165.45259527792984,1.1406057413502872,112,control
3373,146.0,6183.0,126.0,6088.0,0.10676410049200058,0,97.52514489498995,,112,check
3374,94.0,6209.0,236.82065339906146,5999.50959850283,0.08748327195644379,0,254.39108940895565,2.4520872834985727,112,control
3375,41.0,6074.0,43.0,6423.0,0.06339753419160843,0,348.3765962286955,,112,control
3376,196.0,6101.0,184.61643427727793,6160.648916939005,0.07934466004371643,0,60.01724386202239,1.9111694683653773,112,control
3377,43.0,6205.0,43.0,6000.0,0.10240098834037781,0,205.58395608759827,,112,control
3378,80.0,6265.0,85.69915360403087,6167.970000874568,0.051565658301115036,0,97.83924196798738,0.9927228788173311,112,control
3379,43.0,6113.0,44.0,6286.0,0.09944523125886917,0,172.39098900176361,,112,control
3380,171.0,6108.0,154.0,6175.0,0.06069699302315712,0,68.3798689181677,,112,control
3381,166.0,6272.0,160.47877799064253,6106.070037147372,0.06624015420675278,0,166.59219852480754,0.928035769723418,112,control
3382,148.0,6160.0,129.0,6030.0,0.09360213577747345,0,131.86327649676107,,112,check
3383,148.0,6160.0,305.7035730530709,6199.729700298205,0.05049360543489456,0,163.11272442058785,2.5703583890752952,112,control
3384,209.0,6282.0,112.0,6385.0,0.0632629320025444,0,140.57466167902516,,112,control
3385,151.0,6228.0,331.0,6127.0,0.05027063935995102,0,207.25049168428478,,112,control
3386,173.0,6178.0,178.22005169144762,6077.198830369099,0.06945229321718216,0,101.55922302502061,3.0269362711320786,112,control
3387,41.0,6191.0,40.0,6165.0,0.08868983387947083,0,26.60468326061272,,112,control
3388,43.0,6272.0,41.0,5954.0,0.08185067772865295,0,318.58007212960683,,112,check
3389,75.0,6074.0,101.0,6197.0,0.06580318510532379,0,125.26758619758704,,112,control
3390,75.0,6074.0,72.0,6193.0,0.06441949307918549,0,118.41785477698726,,112,check
3391,61.0,6194.0,67.0,5984.0,0.07867401093244553,0,210.68604119128585,,112,check
3392,75.0,6235.0,347.0,5995.0,0.09369566291570663,0,363.6089831060067,,112,control
3393,55.0,6101.0,68.0,6337.0,0.07686761021614075,0,235.77415197091193,,112,control
3394,123.0,6281.0,65.0,6272.0,0.07378703355789185,0,58.12871558275497,,112,control
3395,56.0,6179.0,57.0,6178.0,0.09842512756586075,1,2.3198039371788335,,112,check
3396,92.0,6236.0,272.0,5992.0,0.05402197688817978,0,304.06130798540295,,112,control
3397,152.0,6207.0,251.0,6084.0,0.05652906745672226,0,158.760095275446,,112,control
3398,46.0,6246.0,51.0,6290.0,0.05925019085407257,0,43.751972917993534,,112,control
3399,57.0,6150.0,63.561331602635725,6141.149924590912,0.05668734014034271,0,11.902726689719739,1.5772987930493558,112,control
3400,151.0,6244.0,124.0,5999.0,0.08350566029548645,0,246.9868790115797,,112,control
3401,178.0,6090.0,349.0,6004.0,0.09447907656431198,0,192.24352248040782,,112,control
3402,60.0,6130.0,67.0,6246.0,0.061478812247514725,0,115.64327503339273,,112,control
3403,65.0,6159.0,335.39482458152963,5980.63884028797,0.05435449630022049,0,324.7792464259939,1.6689952075027612,112,check
3404,53.0,6203.0,54.0,6329.0,0.07068345695734024,0,125.38918214799192,,112,control
3405,82.0,6193.0,186.0,5989.0,0.09524144232273102,0,229.79728012777502,,112,check
3406,96.0,6077.0,181.0,6188.0,0.051451750099658966,0,139.734831552007,,112,control
3407,42.0,6084.0,43.0,6315.0,0.13006830215454102,0,230.38541814525541,,112,control
3408,40.0,6100.0,40.0,6165.0,0.09018079191446304,0,64.40083338691271,,112,control
3409,293.0,6148.0,214.0,5968.0,0.06344058364629745,0,196.83254552255752,,113,control
3410,347.0,6172.0,226.0,6203.0,0.050837986171245575,0,124.12503499198367,,113,control
3411,241.0,6277.0,287.33542842107204,6297.808953167213,0.07125522196292877,0,51.13798355826118,2.6080495541185122,113,control
3412,427.0,6080.0,168.0,6026.0,0.06820067763328552,0,264.03504387664316,,113,control
3413,401.0,6167.0,116.0,6139.0,0.05254872143268585,0,285.76402673772725,,113,control
3414,308.0,6216.0,477.19486005963125,6091.439775750986,0.055042676627635956,0,210.94975884502213,2.5669661139087414,113,control
3415,235.0,6259.0,208.0,6296.0,0.06390273571014404,0,44.92387527503502,,113,check
3416,406.0,6198.0,144.0,6162.0,0.0535297766327858,0,263.8840240907224,,113,check
3417,262.0,6173.0,368.0,6102.0,0.06592808663845062,0,128.439244008361,,113,control
3418,221.0,6117.0,201.0,6185.0,0.0573403500020504,0,70.12067276112435,,113,control
3419,327.0,6222.0,414.0,5955.0,0.055767133831977844,0,281.5523494353269,,113,control
3420,353.0,6279.0,182.0,6077.0,0.06501796841621399,0,264.6803927202441,,113,control
3421,434.0,6219.0,165.5771943769188,6092.870339676238,0.05127805471420288,0,296.2287179725731,1.0413207666272088,113,control
3422,345.0,6220.0,436.08970826664967,5944.499754482988,0.05611058697104454,0,290.9033277229233,2.03517143933741,113,control
3423,345.0,6220.0,304.0,6153.0,0.06519309431314468,0,78.72121269640705,,113,control
3424,250.0,6145.0,158.0,6061.0,0.05333305895328522,0,124.4842534071517,,113,check
3425,250.0,6145.0,278.9624398159847,6020.1600033351,0.05495214834809303,0,128.86669874566675,1.7076983090400746,113,control
3426,271.0,6169.0,283.0,6138.0,0.0558139868080616,0,34.02981051088336,,113,control
3427,268.0,6070.0,286.1765905840386,6234.289359619225,0.05782851576805115,0,164.76559317605404,5.160184554663778,113,control
3428,333.0,6209.0,303.0,6218.0,0.053014423698186874,0,30.53296988142392,,113,control
3429,323.0,6206.0,303.871416513335,6217.279672023635,0.05623606964945793,0,21.34702202284774,1.73061891371537,113,check
3430,429.0,6157.0,223.0,5988.0,0.05112164467573166,0,266.306342904948,,113,control
3431,429.0,6157.0,330.6598068435038,6128.530361644187,0.055929068475961685,0,101.92500366216724,1.1122482216190799,113,control
3432,384.0,6133.0,387.14353611960763,6043.03157443518,0.05642620474100113,0,90.62351942531795,1.1946542852026172,113,check
3433,245.0,6180.0,281.1949438979719,6226.3797975795,0.052645329385995865,0,58.76225037566576,2.2119410875304153,113,check
3434,245.0,6180.0,267.0,5982.0,0.05557067319750786,0,199.86135113565604,,113,control
3435,386.0,6103.0,265.0,6199.0,0.05500378832221031,0,153.57525549966468,,113,control
3436,224.0,6097.0,261.0,6037.0,0.08087949454784393,0,71.32963164238784,,113,control
3437,340.0,6104.0,465.8755518695389,5937.610399562144,0.05411037802696228,0,209.4693419069443,0.5710254895850403,113,control
3438,218.0,6284.0,113.87267692817943,6382.659303953951,0.06733283400535583,0,142.53241416380433,0.7052801279369594,113,control
3439,218.0,6284.0,200.0,6377.0,0.09283002465963364,0,93.99215398794306,,113,control
3440,218.0,6284.0,116.75984105144548,6352.811886032009,0.09381964057683945,0,121.51359088690968,2.282339595133462,113,control
3441,305.0,6143.0,487.0,5987.0,0.07797274738550186,0,240.5556102338021,,113,check
3442,252.0,6160.0,303.0,6218.0,0.05983555316925049,0,77.21395396250462,,113,control
3443,242.0,6243.0,245.756897061201,6248.339995216947,0.05031286180019379,0,6.468740149105962,1.3173570713950493,113,control
3444,310.0,6117.0,122.78976010348572,6154.500131347068,0.05682002007961273,0,190.15604220654424,2.361108492208211,113,control
3445,240.0,6075.0,285.0,6123.0,0.05665813013911247,0,65.8162033580854,,113,control
3446,262.0,6088.0,372.0,6166.0,0.07627369463443756,0,135.0297694276885,,113,control
3447,428.0,6172.0,498.0,6334.0,0.0600631982088089,0,176.16620403746123,,113,control
3448,506.0,6272.0,338.0,5998.0,0.05842360854148865,0,321.553144528773,,114,control
3449,518.0,6283.0,322.0,6226.0,0.07899325340986252,0,203.67197255107914,,114,control
3450,580.0,6280.0,620.4888263392559,6324.098743701866,0.06014497950673103,0,59.8378395608335,1.533784525583611,114,control
3451,506.0,6166.0,639.0,6296.0,0.13538990914821625,0,185.99598156609434,,114,control
3452,456.0,6197.0,438.0,6388.0,0.051009491086006165,0,191.17567353404132,,114,control
3453,547.0,6259.0,529.0,5946.0,0.05294822156429291,0,314.04032444821104,,114,control
3454,439.0,6208.0,339.0,6136.0,0.06280361115932465,0,123.04797628384136,,114,control
3455,601.0,6122.0,637.0,6372.0,0.06735154241323471,0,252.06443810550945,,114,control
3456,446.0,6241.0,318.89921504191267,6114.260782407972,0.07249994575977325,0,179.45063247609653,1.8259397054003883,114,check
3457,568.0,6196.0,332.0,6243.0,0.05680428817868233,0,239.8889073834507,,114,control
3458,480.0,6077.0,516.0,6044.0,0.08193305134773254,0,49.68399044979505,,114,control
3459,573.0,6101.0,615.0,6094.0,0.0742967426776886,0,43.27999341183793,,114,check
3460,453.0,6253.0,335.0,6163.0,0.06341652572154999,0,148.25501112844717,,114,control
3461,633.0,6276.0,597.1285679652485,6340.200482553517,0.06736144423484802,0,72.71954803145134,0.44754369498543556,114,control
3462,543.0,6123.0,654.0,6279.0,0.0526655912399292,0,191.32552788975917,,114,control
3463,554.0,6273.0,342.0,6206.0,0.06434468924999237,0,221.9054188677118,,114,control
3464,527.0,6248.0,343.0,6165.0,0.05333063006401062,0,201.51355133234847,,114,check
3465,603.0,6145.0,393.0,6144.0,0.0633358508348465,0,209.3690180207355,,114,control
3466,467.0,6193.0,351.43128881995244,5950.45015525402,0.05774475634098053,0,268.90888596838914,1.2361890043026438,114,control
3467,550.0,6126.0,663.8072930615231,6283.9901213955245,0.05048108473420143,0,194.58173317891277,1.7501127633122555,114,control
3468,459.0,6205.0,643.1572086251361,6189.259536729932,0.05353653058409691,0,185.48241259175245,2.8509029797691525,114,control
3469,523.0,6262.0,320.0,6210.0,0.07362718880176544,0,209.08073796985184,,114,control
3470,599.0,6250.0,376.0,6375.0,0.05516526848077774,0,254.79260379101626,,114,control
3471,528.0,6121.0,342.0,6206.0,0.05213487893342972,0,203.6708256453225,,114,check
3472,622.0,6128.0,706.356397082128,6116.250287011033,0.06494984030723572,0,85.84586263270543,2.231261803351553,114,control
3473,622.0,6128.0,324.07914314519235,6212.529443474375,0.06255790591239929,0,308.8989684325914,1.3495291587285911,114,control
3474,443.0,6193.0,425.0,6384.0,0.07355295866727829,0,191.17554755295717,,114,control
3475,525.0,6084.0,450.0,5940.0,0.05067519471049309,0,162.56640675699282,,114,control
3476,528.0,6174.0,513.0,5971.0,0.09287901222705841,0,204.06967510309926,,114,check
3477,520.0,6162.0,749.0,6349.0,0.05723601207137108,0,295.7281299488612,,114,control
3478,567.0,6222.0,582.0,6390.0,0.05195305868983269,0,168.11495674627415,,114,control
3479,634.0,6248.0,740.6785306944506,6176.161285459622,0.059715110808610916,0,129.42895144581342,4.046193961469868,114,control
3480,597.0,6238.0,371.2892274811477,6353.110315904894,0.058598592877388,0,252.52672102031448,3.045128259625331,114,control
3481,607.0,6214.0,659.540740530399,6379.7895897843255,0.05562783032655716,0,173.5191081215433,3.3461646199190676,114,control
3482,472.0,6216.0,728.4385305701768,6343.79992098251,0.08963076770305634,0,286.78090929510574,2.068579654623673,114,control
3483,472.0,6216.0,599.0,6148.0,0.050156231969594955,0,144.87320015332926,,114,control
3484,549.0,6080.0,518.0,6003.0,0.05546986311674118,0,83.3013463872158,,114,control
3485,618.0,6180.0,363.0,6153.0,0.053755659610033035,0,255.85165990774422,,114,check
3486,488.0,6094.0,613.0,6291.0,0.07550232857465744,0,233.1319217485946,,114,check
3487,591.0,6228.0,361.0,6339.0,0.07691338658332825,0,254.54691511284116,,114,control
3488,563.0,6257.0,343.0,6165.0,0.05759681388735771,0,238.09898574569408,,114,check
3489,516.0,6200.0,533.0238047778937,5977.682164143445,0.06270784139633179,0,223.57868677256883,3.877418403673147,114,control
3490,809.0,6171.0,616.0,6325.0,0.10410729795694351,0,246.06343204264886,,115,control
3491,817.0,6106.0,618.3969874132214,6387.560913687309,0.07377699762582779,0,343.7126407545738,5.262491128360829,115,control
3492,668.0,6225.0,791.0,6306.0,0.06573079526424408,0,147.43842672784993,,115,control
3493,692.0,6124.0,808.0,6275.0,0.05924881622195244,0,190.30210567661103,,115,check
3494,821.0,6074.0,642.0,6181.0,0.05130424723029137,0,207.72315152290412,,115,control
3495,801.0,6208.0,606.0,6307.0,0.050687339156866074,0,217.87991582381733,,115,control
3496,806.0,6244.0,724.0,6020.0,0.07513866573572159,0,238.85895154194054,,115,control
3497,806.0,6244.0,602.0,6062.0,0.06171257421374321,0,273.30874854138784,,115,control
3498,654.0,6218.0,658.8638842324136,6360.079543844483,0.07162142544984818,0,141.58025111074176,3.109999474866695,115,control
3499,654.0,6218.0,631.6911542290525,6387.261160408542,0.08000074326992035,0,170.0437338871346,2.1517549400669242,115,control
3500,719.0,6113.0,668.0,6224.0,0.10078134387731552,0,121.37070764577552,,115,control
3501,727.0,6226.0,567.0859765244667,6204.070501665773,0.05118159204721451,0,160.8837598188634,0.5758543201368507,115,control
3502,857.0,6090.0,647.0,6254.0,0.06793661415576935,0,265.6111927610188,,115,control
3503,718.0,6234.0,542.0,6185.0,0.06377550959587097,0,182.25777866540795,,115,control
3504,793.0,6249.0,809.0,6415.0,0.05392264574766159,0,166.22267109740324,,115,check
3505,659.0,6072.0,557.0,5981.0,0.05205187574028969,0,136.60536438301742,,115,control
3506,779.0,6157.0,714.0,6402.0,0.060092732310295105,0,252.73754825599158,,115,control
3507,724.0,6158.0,746.0,6209.0,0.055279940366744995,0,55.247064103539245,,115,control
3508,818.0,6270.0,637.0,6372.0,0.05128534883260727,0,206.9415657345567,,115,check
3509,807.0,6153.0,674.0,6168.0,0.08440711349248886,0,133.1804267241377,,115,control
3510,858.0,6206.0,808.0,6275.0,0.07369688898324966,0,84.39258228360073,,115,control
3511,841.0,6142.0,620.0,6386.0,0.051775477826595306,0,328.35147263992354,,115,control
3512,696.0,6201.0,664.0,6325.0,0.054602716118097305,0,127.33250660080944,,115,control
3513,752.0,6242.0,740.3007201155983,6337.269997022346,0.08913414925336838,0,95.32065274093755,2.2252912975409975,115,check
3514,798.0,6154.0,592.0,6302.0,0.05121457204222679,0,252.80978978104451,,115,check
3515,660.0,6199.0,599.0,6163.0,0.05538240447640419,0,70.60510258071824,,115,control
3516,660.0,6199.0,636.0,6387.0,0.0878467708826065,0,188.84673616282333,,115,control
3517,818.0,6149.0,702.0,6165.0,0.07806449383497238,0,116.42654069260988,,115,control
3518,797.0,6259.0,582.0,6070.0,0.050383683294057846,0,286.17801505830516,,115,control
3519,174.0,6410.0,222.0,6228.0,0.05473974719643593,0,188.97483475261518,,116,control
3520,140.0,6396.0,86.0,6370.0,0.051700666546821594,0,59.61077240569567,,116,control
3521,72.0,6465.0,253.0,6529.0,0.05467471852898598,0,192.3742653756239,,116,control
3522,216.0,6328.0,122.04021906591278,6461.470040849033,0.05981537327170372,0,162.3272598595878,2.376228617888407,116,check
3523,82.0,6303.0,83.41037761828923,6199.929832232716,0.052004653960466385,0,103.69651353919372,1.094861052793767,116,control
3524,49.0,6480.0,48.0,6169.0,0.14655838906764984,0,311.6031120637233,,116,control
3525,105.0,6399.0,253.0,6529.0,0.06318294256925583,0,197.04880660675184,,116,control
3526,106.0,6328.0,88.2272883732413,6266.301311224786,0.052169762551784515,0,64.61656442120993,3.838591431619329,116,check
3527,106.0,6328.0,75.0,6267.0,0.11239413172006607,0,68.67394216750125,,116,check
3528,68.0,6455.0,253.0,6529.0,0.060723867267370224,0,199.61012048133756,,116,check
3529,48.0,6491.0,49.0,6353.0,0.1680292934179306,0,138.6350849423859,,116,control
3530,209.0,6367.0,303.0,6268.0,0.05597470700740814,0,137.39994012621943,,116,control
3531,169.0,6349.0,124.7890418680504,6318.870616689904,0.06364912539720535,0,53.30882462511056,5.288127347261184,116,control
3532,101.0,6392.0,225.0,6527.0,0.050481125712394714,0,183.27236343807877,,116,check
3533,129.0,6296.0,348.50368328581425,6540.639223729057,0.056180085986852646,0,328.6262636325467,3.025951725820039,116,control
3534,59.0,6407.0,53.0,6273.0,0.07110850512981415,0,134.72060893240365,,116,check
3535,204.0,6430.0,103.0,6360.0,0.08172290027141571,0,122.69878652368187,,116,control
3536,66.0,6358.0,66.78824220281707,6338.070325408417,0.05018174275755882,0,20.603905338615938,1.3771647461991923,116,control
3537,185.0,6447.0,251.85966402722173,6547.73000182093,0.07647325098514557,0,120.72254160057042,2.6926962582023433,116,check
3538,211.0,6413.0,252.0,6548.0,0.05148705467581749,0,140.66314165240772,,116,control
3539,89.0,6336.0,89.0,6336.0,0.06076684221625328,1,0.9116198978081458,,116,control
3540,47.0,6408.0,51.0,6290.0,0.06788595765829086,0,118.70938858727507,,116,control
3541,47.0,6408.0,45.0,6632.0,0.058874957263469696,0,223.34534175270412,,116,control
3542,47.0,6408.0,43.0,6277.0,0.062322378158569336,0,131.65809976240587,,116,control
3543,175.0,6358.0,86.63908236305453,6345.129996752276,0.06096818298101425,0,88.72604025057149,3.749693565706958,116,control
3544,124.0,6333.0,73.0,6304.0,0.05895141139626503,0,58.39832144940754,,116,control
3545,53.0,6442.0,68.0,6337.0,0.0846584364771843,0,106.77839698434325,,116,control
3546,45.0,6378.0,44.0,6286.0,0.06996031105518341,0,92.61771255445154,,116,control
3547,135.0,6372.0,89.0,6336.0,0.08651147782802582,0,58.27722343838983,,116,control
3548,106.0,6410.0,274.0,6514.0,0.07628798484802246,0,197.79517085123425,,116,control
3549,214.0,6462.0,112.0,6385.0,0.07074550539255142,0,127.6527011441102,,116,control
3550,167.0,6314.0,135.13780504472481,6232.309180973243,0.0556197427213192,0,88.01299611438641,3.091781569734941,116,control
3551,61.0,6495.0,72.0,6527.0,0.05350154638290405,0,33.45350398762324,,116,control
3552,107.0,6347.0,97.0,6288.0,0.06370414793491364,0,60.34158411600281,,116,control
3553,153.0,6340.0,122.0,6281.0,0.053036220371723175,0,66.88821269245265,,116,control
3554,48.0,6288.0,54.0,6320.0,0.06457725167274475,0,32.080521021970625,,116,control
3555,151.0,6366.0,110.22327949217677,6331.849344603968,0.0964699536561966,0,53.08499972884174,2.4963808756707198,116,control
3556,121.0,6426.0,274.0,6514.0,0.05101880058646202,0,176.74033352166984,,116,check
3557,126.0,6401.0,265.0,6527.0,0.060465894639492035,0,187.65553120717138,,116,check
3558,62.0,6381.0,68.0,6337.0,0.05777473375201225,0,45.11808294538403,,116,check
3559,205.0,6307.0,114.0,6441.0,0.09907291829586029,0,161.08367368056238,,116,control
3560,157.0,6305.0,288.0,6544.0,0.07031816244125366,0,272.293256626554,,116,control
3561,72.0,6382.0,68.0,6337.0,0.07511068135499954,0,45.74384692173409,,116,control
3562,199.0,6291.0,326.0,6507.0,0.050863221287727356,0,250.34496612992294,,116,control
3563,210.0,6478.0,105.0,6418.0,0.05784161016345024,0,120.67520510171252,,116,control
3564,148.0,6458.0,242.5126947483889,6523.039722402285,0.06445959210395813,0,114.89947069548717,1.8370438389148154,116,control
3565,119.0,6405.0,292.0,6516.0,0.11461973935365677,0,205.74185903459644,,116,control
3566,159.0,6494.0,132.0,6181.0,0.053673192858695984,0,314.705105762999,,116,control
3567,179.0,6485.0,74.0,6412.0,0.08127457648515701,0,127.69941198612783,,116,control
3568,179.0,6485.0,220.75761434986921,6586.120769242838,0.0798608735203743,0,109.05376634564429,3.046171571152786,116,control
3569,252.0,6341.0,246.0,6496.0,0.08365453779697418,0,154.45760049588412,,117,control
3570,268.0,6356.0,205.0,6475.0,0.050170499831438065,0,133.7842027183801,,117,control
3571,296.0,6438.0,314.0,6426.0,0.06920047849416733,0,22.510135101287258,,117,control
3572,241.0,6383.0,186.0,6265.0,0.08103859424591064,0,130.46588026433537,,117,control
3573,315.0,6320.0,236.0,6377.0,0.10449730604887009,0,96.52781665996481,,117,control
3574,243.0,6338.0,246.0,6496.0,0.07607701420783997,0,157.4068041963814,,117,control
3575,239.0,6345.0,246.0,6496.0,0.06546024978160858,0,150.5587468975194,,117,control
3576,256.0,6402.0,162.81202947763268,6290.438447342969,0.06045279651880264,0,145.41237127398924,2.833655631910513,117,control
3577,403.0,6308.0,239.28783606250585,6594.690986358328,0.06362098455429077,0,329.2620663510482,1.5881263674921586,117,control
3578,297.0,6492.0,326.0,6507.0,0.06722407042980194,0,32.931239790551444,,117,control
3579,319.0,6451.0,325.53971728918367,6449.878684906902,0.085638128221035,0,7.384159767991492,3.5856230357640113,117,control
3580,314.0,6376.0,291.0,6437.0,0.0852707251906395,0,64.3812639057035,,117,check
3581,248.0,6291.0,196.0,6298.0,0.06763042509555817,0,51.740375849216264,,117,check
3582,258.0,6349.0,204.0,6483.0,0.05448077991604805,0,143.64053136895487,,117,control
3583,300.0,6430.0,333.0,6299.0,0.07235070317983627,0,135.83964470202105,,117,control
3584,282.0,6406.0,207.21873877606802,6296.600229603086,0.12256788462400436,0,132.65594848617596,2.3214573186796836,117,check
3585,275.0,6365.0,164.33850683807378,6535.149096989065,0.057111505419015884,0,202.07595392351186,2.257310962765018,117,control
3586,275.0,6365.0,123.0,6349.0,0.056404661387205124,0,152.2477752325381,,117,control
3587,422.0,6484.0,342.0,6460.0,0.0674976333975792,0,83.1010150051007,,117,control
3588,422.0,6484.0,416.2749586870844,6529.720599304271,0.08270728588104248,0,45.375122773856766,1.394689309425985,117,control
3589,313.0,6387.0,333.0,6325.0,0.06535401195287704,0,65.92540319846158,,117,control
3590,219.0,6294.0,132.0,6356.0,0.06938323378562927,0,105.93216554369599,,117,control
3591,257.0,6412.0,144.0,6320.0,0.07867130637168884,0,145.59582212732317,,117,control
3592,230.0,6422.0,123.0,6349.0,0.052007995545864105,0,129.33637080267266,,117,check
3593,405.0,6441.0,432.938198851966,6509.778403555162,0.05379051715135574,0,73.8896350650192,2.6036777128418356,117,check
3594,405.0,6441.0,220.50034318747134,6542.530001497196,0.0798346996307373,0,209.7173658020355,4.329831845217336,117,control
3595,245.0,6477.0,345.0,6363.0,0.06751538068056107,0,152.52621452078992,,117,control
3596,292.0,6470.0,292.0,6460.0,0.06032216548919678,0,10.64856075228907,,117,control
3597,310.0,6357.0,317.3181950030531,6356.2799197006325,0.05920527130365372,0,8.068320305745612,1.5671391742594443,117,control
3598,295.0,6403.0,220.67894075727176,6421.7791548556725,0.06883925199508667,0,75.87622660714932,2.901459937599713,117,control
3599,283.0,6465.0,273.96534965965174,6481.549402030082,0.06306270509958267,0,17.99502008335238,0.46882395139471494,117,control
3600,339.0,6403.0,335.78231225155787,6403.850967269256,0.09515203535556793,1,2.5930449296412736,0.9192003408608188,117,check
3601,324.0,6439.0,325.0,6444.0,0.08241810649633408,0,4.6691739890497965,,117,control
3602,292.0,6326.0,218.0,6436.0,0.08344872295856476,0,131.69102217210144,,117,check
3603,292.0,6326.0,224.61121684582346,6416.259896541736,0.07866727560758591,0,111.75198868253982,1.6590415261212268,117,check
3604,243.0,6448.0,239.0,6467.0,0.06394062936306,0,18.67191630412852,,117,control
3605,243.0,6448.0,290.0,6425.0,0.08389129489660263,0,53.17599767809989,,117,control
3606,369.0,6426.0,403.0,6522.0,0.06214933842420578,0,101.45733807726175,,117,control
3607,323.0,6287.0,393.62508779480504,6511.509453900788,0.0647326409816742,0,234.94155562569128,1.3117128585835924,117,control
3608,319.0,6417.0,314.0,6426.0,0.10021654516458511,0,9.443845813043058,,117,control
3609,356.0,6398.0,537.0,6422.0,0.06329860538244247,0,183.10926736955793,,117,control
3610,221.0,6313.0,133.0,6440.0,0.09307899326086044,0,153.6143467257789,,117,control
3611,395.0,6475.0,499.0,6544.0,0.054517053067684174,0,124.96987373789685,,117,control
3612,330.0,6370.0,486.0,6585.0,0.05029259994626045,0,265.4770205897532,,117,check
3613,303.0,6312.0,311.0,6307.0,0.06629649549722672,0,10.302744514503795,,117,control
3614,289.0,6424.0,287.144072450439,6440.971240271979,0.07357817143201828,0,16.389148066281543,1.943218278386255,117,control
3615,275.0,6482.0,271.0,6482.0,0.06842100620269775,0,3.419154255611261,,117,control
3616,315.0,6486.0,345.0,6492.0,0.07411181181669235,0,31.097586988161225,,117,control
3617,261.0,6430.0,218.0,6436.0,0.10352601110935211,0,42.69131888928404,,117,check
3618,260.0,6300.0,218.0,6436.0,0.08540461957454681,0,141.54601993782038,,117,control
3619,564.0,6436.0,382.0,6201.0,0.06336460262537003,0,297.31778492762015,,118,control
3620,615.0,6452.0,579.0,6570.0,0.05080796778202057,0,122.58981360319164,,118,control
3621,479.0,6445.0,438.0,6388.0,0.05125197768211365,0,70.35525065848257,,118,control
3622,637.0,6302.0,378.0,6464.0,0.051252782344818115,0,304.62686405076016,,118,control
3623,578.0,6388.0,322.0,6226.0,0.052098486572504044,0,302.73124573655195,,118,control
3624,525.0,6290.0,323.91490307488044,6229.570255731751,0.07929401844739914,0,209.5280652208182,2.3367822798599835,118,control
3625,520.0,6489.0,628.0,6232.0,0.05194416269659996,0,279.5496259270205,,118,control
3626,572.0,6341.0,380.0,6475.0,0.05644790828227997,0,233.26304372635713,,118,check
3627,613.0,6325.0,765.0,6465.0,0.06523865461349487,0,206.6629718831838,,118,control
3628,491.0,6314.0,665.0,6285.0,0.051182858645915985,0,177.08995132618517,,118,control
3629,485.0,6435.0,409.0,6169.0,0.05798639729619026,0,277.03870289938,,118,control
3630,653.0,6375.0,632.3629605983557,6388.591128415849,0.07896430045366287,0,23.875263670149202,2.338361463899018,118,control
3631,615.0,6495.0,584.0,6603.0,0.06655484437942505,0,111.58497449519979,,118,control
3632,547.0,6477.0,358.0,6352.0,0.06444918364286423,0,226.4082009010354,,118,check
3633,608.0,6488.0,566.8858364939832,6603.849457523901,0.05138382688164711,0,122.1280585808587,2.4233284939896658,118,control
3634,638.0,6401.0,780.0,6204.0,0.06152808293700218,0,243.65958401567704,,118,check
3635,519.0,6388.0,620.0,6386.0,0.06511461734771729,0,101.63482146151634,,118,control
3636,564.0,6353.0,495.0,6535.0,0.05167381465435028,0,193.83397733055327,,118,control
3637,464.0,6385.0,327.00354101149765,6451.44845597273,0.06267346441745758,0,151.4169525037139,3.107666406849726,118,control
3638,639.0,6351.0,671.4987452823833,6350.259940317988,0.06625472009181976,0,33.122369398974314,2.0591285195351596,118,control
3639,497.0,6305.0,666.0,6262.0,0.06526373326778412,0,175.11286435632908,,118,control
3640,518.0,6381.0,372.0,6443.0,0.07532818615436554,0,157.79615988722307,,118,control
3641,581.0,6400.0,344.97630294122274,6221.6211866180365,0.0697849839925766,0,295.6999959891222,2.027839984448832,118,control
3642,437.0,6399.0,789.0,6244.0,0.057083383202552795,0,385.38801912793275,,118,check
3643,473.0,6334.0,433.0,6440.0,0.06701062619686127,0,112.49502925258712,,118,check
3644,497.0,6487.0,611.0,6580.0,0.06839318573474884,0,147.18653182714826,,118,control
3645,583.0,6332.0,474.0,6188.0,0.05394386500120163,0,180.6968997528606,,118,control
3646,552.0,6410.0,649.0,6402.0,0.05525081977248192,0,97.9763396876677,,118,control
3647,442.0,6363.0,416.0,6484.0,0.05490792915225029,0,123.01805082706166,,118,check
3648,653.0,6388.0,481.0,6502.0,0.052654068917036057,0,205.49062582258912,,118,control
3649,586.0,6436.0,401.0,6204.0,0.05486270412802696,0,296.8016451572276,,118,control
3650,569.0,6313.0,348.0,6382.0,0.056802283972501755,0,230.73187131051563,,118,control
3651,511.0,6420.0,565.0,6422.0,0.053918059915304184,0,54.624233108277636,,118,control
3652,632.0,6389.0,320.0,6519.0,0.12999765574932098,0,337.1716695682182,,118,control
3653,603.0,6333.0,735.0,6165.0,0.05087103694677353,0,214.47663204189365,,118,control
3654,607.0,6355.0,775.7695975949188,6629.548874680042,0.05592997744679451,0,322.036060491384,2.154901625707219,118,check
3655,792.0,6424.0,737.7749013939211,6335.910142624359,0.0518995076417923,0,103.64630905551442,1.5086270573079108,119,control
3656,705.0,6438.0,623.7612581225163,6372.278238201312,0.05484908074140549,0,104.41235815759859,4.099983038764986,119,control
3657,663.0,6471.0,619.5242724305762,6293.5493962472865,0.05363059043884277,0,183.13725753033415,3.590478426352868,119,control
3658,827.0,6367.0,641.0,6401.0,0.051450569182634354,0,188.3843824098799,,119,control
3659,809.0,6472.0,635.7596274502145,6387.490176332551,0.0744609534740448,0,192.4839894295446,1.047231794376581,119,control
3660,657.0,6331.0,754.1794497048197,6313.929243306182,0.06422486901283264,0,99.35051886476953,0.9757885495530543,119,control
3661,841.0,6346.0,860.0,6312.0,0.10360980033874512,0,39.746484914438,,119,control
3662,689.0,6447.0,813.0,6480.0,0.05270303040742874,0,128.71585259340662,,119,control
3663,702.0,6458.0,660.0,6392.0,0.055475249886512756,0,78.42801073779779,,119,control
3664,735.0,6288.0,636.0,6387.0,0.06846301257610321,0,139.15291088075355,,119,check
3665,817.0,6293.0,541.0,6560.0,0.052722930908203125,0,383.13708928652295,,119,control
3666,800.0,6407.0,557.0,6588.0,0.054877251386642456,0,302.13932703641194,,119,control
3667,714.0,6320.0,551.0,6569.0,0.10181472450494766,0,296.7467173868542,,119,check
3668,799.0,6468.0,628.543701052959,6386.071113278186,0.05923185870051384,0,188.84792466502637,3.9990192968956726,119,control
3669,808.0,6396.0,629.0,6200.0,0.0654100701212883,0,265.46263324257734,,119,check
3670,715.0,6502.0,579.0,6449.0,0.053371623158454895,0,145.62610925467536,,119,control
3671,816.0,6347.0,562.0,6465.0,0.06397765874862671,0,279.26092290443654,,119,check
3672,663.0,6321.0,548.0,6460.0,0.05077432841062546,0,179.53981570960906,,119,control
3673,810.0,6456.0,637.0,6372.0,0.06174812465906143,0,192.04207932206123,,119,control
3674,738.0,6377.0,831.0,6584.0,0.09532860666513443,0,226.59562050143697,,119,control
3675,805.0,6314.0,602.0,6273.0,0.054658740758895874,0,206.6228475310225,,119,control
3676,718.0,6414.0,603.0,6585.0,0.06918790191411972,0,205.21421051068972,,119,control
3677,678.0,6358.0,814.0,6340.0,0.0533529631793499,0,137.83989279433095,,119,control
3678,712.0,6358.0,832.0,6624.0,0.06767720729112625,0,291.47485576879996,,119,control
3679,802.0,6306.0,535.0,6549.0,0.05770782753825188,0,360.15030229277556,,119,check
3680,90.0,6642.0,134.0,6573.0,0.0866665318608284,0,82.73343094930503,,120,control
3681,43.0,6536.0,43.0,6662.0,0.07402796298265457,0,125.33940298389376,,120,check
3682,123.0,6513.0,252.0,6558.0,0.0512283518910408,0,137.01822598621624,,120,check
3683,123.0,6513.0,254.0,6574.0,0.05189661309123039,0,144.8155948627088,,120,control
3684,123.0,6513.0,274.0,6542.0,0.05534816160798073,0,154.26670682389394,,120,control
3685,100.0,6705.0,114.16988485464346,6439.689909121728,0.05548161268234253,0,266.3564263335632,1.6807505023465912,120,control
3686,44.0,6612.0,54.0,6668.0,0.059654250741004944,0,56.35463069926397,,120,control
3687,81.0,6676.0,236.0,6547.0,0.07729796320199966,0,202.56206234180848,,120,control
3688,57.0,6551.0,50.0,6822.0,0.05606895312666893,0,270.39314714649527,,120,control
3689,53.0,6641.0,65.0,6814.0,0.05020445957779884,0,172.7840874640254,,120,check
3690,47.0,6675.0,45.0,6714.0,0.07320466637611389,0,38.35493270122272,,120,check
3691,47.0,6675.0,44.0,6452.0,0.07154083251953125,0,223.64923533008007,,120,control
3692,93.0,6611.0,274.0,6542.0,0.05501490458846092,0,194.52990707496298,,120,control
3693,55.0,6669.0,50.0,6744.0,0.1722594052553177,0,74.45480516014258,,120,check
3694,103.0,6672.0,282.31423542514136,6531.649750479552,0.05302419885993004,0,228.60484398953227,5.6947468125874,120,check
3695,199.0,6511.0,200.0,6721.0,0.0748554989695549,0,209.34245375253306,,120,control
3696,105.0,6520.0,252.0,6548.0,0.05319235101342201,0,150.15336954767469,,120,control
3697,105.0,6520.0,254.0,6574.0,0.050007645040750504,0,158.8665285492875,,120,control
3698,67.0,6655.0,212.33090286613879,6506.060007620678,0.058634452521800995,0,209.00427127510153,1.6665953780595593,120,control
3699,140.0,6639.0,206.7042334413416,6590.27952025229,0.059366293251514435,0,83.5045972400001,2.55193696339387,120,control
3700,140.0,6639.0,133.0,6440.0,0.06942900270223618,0,199.73325859276417,,120,control
3701,103.0,6539.0,255.01153659617705,6573.269789682328,0.057081080973148346,0,156.3098063633645,1.0413679484939056,120,control
3702,214.0,6549.0,241.0,6523.0,0.05499603971838951,0,38.388915778568155,,120,control
3703,61.0,6715.0,78.0,6682.0,0.08230087161064148,0,38.012793857287186,,120,control
3704,88.0,6662.0,241.98289327794308,6526.790076779714,0.05007355287671089,0,205.82465430442554,4.094107283993025,120,control
3705,148.0,6690.0,160.0,6447.0,0.06968525797128677,0,243.9608674984838,,120,control
3706,208.0,6667.0,305.0,6457.0,0.06020748242735863,0,232.15799745287185,,120,control
3707,43.0,6524.0,48.0,6704.0,0.09941509366035461,0,179.42205294679184,,120,check
3708,89.0,6697.0,242.23326419911973,6594.59004197054,0.06490559130907059,0,185.1961557652242,4.131440871861421,120,control
3709,174.0,6529.0,134.0,6662.0,0.06258880347013474,0,138.06703722691725,,120,control
3710,184.0,6702.0,271.0,6482.0,0.0828571692109108,0,237.40173579657596,,120,control
3711,174.0,6661.0,159.56585508377472,6464.350931757998,0.05114387720823288,0,197.7643031035754,4.2290181601583265,120,control
3712,178.0,6685.0,218.0,6478.0,0.05227743461728096,0,211.57522040450624,,120,control
3713,125.0,6704.0,290.0,6425.0,0.0578451044857502,0,325.00274124418445,,120,control
3714,168.0,6681.0,160.0,6447.0,0.08010385930538177,0,234.7474010663177,,120,control
3715,134.0,6718.0,160.0,6447.0,0.08503227680921555,0,272.9370749524112,,120,control
3716,48.0,6661.0,48.0,6704.0,0.10808294266462326,0,42.33791715901213,,120,control
3717,159.0,6642.0,131.9086024936289,6441.7302736768315,0.12099865078926086,0,202.6340167999678,1.1511751091390865,120,control
3718,169.0,6562.0,266.32454132650616,6533.990362214058,0.088730588555336,0,102.06638177305013,1.7879472326987835,120,check
3719,152.0,6662.0,114.0,6441.0,0.07859856635332108,0,224.75673913374342,,120,check
3720,152.0,6662.0,126.96957073973691,6463.469547231456,0.07275861501693726,0,200.65175886424734,1.0724720010663165,120,control
3721,137.0,6659.0,139.58112437825383,6438.489058547766,0.08384475857019424,0,221.16678534595155,2.6263950067541693,120,control
3722,143.0,6707.0,163.0,6458.0,0.06715014576911926,0,250.48661167014384,,120,control
3723,201.0,6661.0,292.0,6460.0,0.06106950342655182,0,221.47680476895414,,120,control
3724,163.0,6632.0,133.40854541032792,6433.009411749565,0.07846948504447937,0,201.7081824408863,1.3187678202858437,120,control
3725,279.0,6703.0,335.0383334607737,6789.919093413309,0.05701953172683716,0,103.19722077468934,0.8152441055853457,121,control
3726,224.0,6538.0,221.86549351560964,6539.810884175206,0.05089065432548523,1,1.8946698248944096,1.865283366919904,121,control
3727,356.0,6670.0,247.0,6643.0,0.08399810642004013,0,111.83551761325221,,121,control
3728,350.0,6560.0,320.0,6452.0,0.06575066596269608,0,112.52657564100585,,121,control
3729,373.0,6566.0,458.0,6446.0,0.07296764850616455,0,147.91964624995205,,121,control
3730,411.0,6546.0,296.5063263303198,6675.63923139425,0.06601306796073914,0,172.05172920455595,2.2536942108181517,121,control
3731,370.0,6638.0,353.14143917059084,6507.9599668295405,0.05855296179652214,0,131.67706991797627,3.7019332092718678,121,check
3732,291.0,6684.0,498.0,6839.0,0.05428384244441986,0,258.6818312666466,,121,control
3733,387.0,6565.0,476.0,6720.0,0.0541875846683979,0,178.47135610815855,,121,control
3734,228.0,6658.0,499.0,6751.0,0.0901453047990799,0,286.87188911166044,,121,control
3735,430.0,6552.0,338.8009178703615,6553.181324176476,0.05100617557764053,0,90.57141156390527,2.324381484965522,121,control
3736,362.0,6648.0,531.0522246333744,6762.7599635428705,0.05162021145224571,0,204.45264962084116,3.0176673969243044,121,check
3737,255.0,6560.0,150.0,6659.0,0.06757935881614685,0,143.38889646089356,,121,control
3738,255.0,6560.0,254.0,6574.0,0.05730808153748512,0,13.360448143877544,,121,control
3739,429.0,6541.0,265.0,6527.0,0.08448435366153717,0,164.01547677908144,,121,control
3740,405.0,6641.0,452.0,6497.0,0.060667164623737335,0,152.26551584282228,,121,control
3741,246.0,6511.0,187.0,6503.0,0.050914205610752106,0,58.986663222858596,,121,control
3742,323.0,6699.0,200.0,6721.0,0.10820183902978897,0,124.20612935289043,,121,check
3743,432.0,6528.0,236.0,6547.0,0.053295597434043884,0,196.21882291641,,121,control
3744,344.0,6523.0,483.6897043774885,6563.940177538063,0.05330448970198631,0,145.97575111644153,2.013406083134633,121,control
3745,300.0,6591.0,473.0,6765.0,0.07485312968492508,0,245.32797173253783,,121,control
3746,300.0,6591.0,311.31033882322106,6644.22986358324,0.055533312261104584,0,53.91759957315275,1.1524530549575414,121,control
3747,404.0,6702.0,225.0,6527.0,0.07266049832105637,0,250.32028747012777,,121,control
3748,283.0,6547.0,420.0,6673.0,0.06143989413976669,0,186.14637780453637,,121,check
3749,416.0,6600.0,347.0,6525.0,0.06902198493480682,0,101.95712593165088,,121,control
3750,238.0,6579.0,545.0,6739.0,0.054838620126247406,0,346.42123601363346,,121,control
3751,224.0,6707.0,291.0,6437.0,0.052524633705616,0,278.95134270794927,,121,control
3752,260.0,6626.0,191.0,6549.0,0.050905823707580566,0,103.44388928794184,,121,control
3753,329.0,6575.0,319.0,6574.0,0.0623956136405468,0,9.511879758033826,,121,check
3754,326.0,6612.0,259.0,6821.0,0.10685358941555023,0,218.6430507895064,,121,check
3755,379.0,6577.0,304.7950634150067,6613.159458473985,0.0892409160733223,0,81.6957087287173,5.576112048734761,121,control
3756,349.0,6631.0,150.0,6659.0,0.05895859748125076,0,200.227293384472,,121,control
3757,261.0,6689.0,159.0,6856.0,0.10473095625638962,0,194.77058474806208,,121,control
3758,265.0,6646.0,363.0,6835.0,0.062265846878290176,0,212.5856716545922,,121,control
3759,355.0,6684.0,478.0,6830.0,0.05223149433732033,0,190.78588405296549,,121,control
3760,353.0,6642.0,411.0,6777.0,0.052807021886110306,0,146.56669734048964,,121,control
3761,231.0,6695.0,250.0,6458.0,0.06460926681756973,0,238.44114491299214,,121,check
3762,363.0,6598.0,219.0,6598.0,0.052587490528821945,0,143.35933922951693,,121,control
3763,326.0,6506.0,313.0,6535.0,0.05910862237215042,0,30.94126781849966,,121,control
3764,315.0,6509.0,255.0,6592.0,0.053681228309869766,0,101.518146573361,,121,control
3765,380.0,6685.0,313.0,6535.0,0.05281216651201248,0,164.60951466188746,,121,check
3766,409.0,6658.0,401.0242001701647,6493.029891743,0.058153361082077026,0,165.76282393850653,2.512373901135995,121,control
3767,514.0,6515.0,349.04559062744215,6566.519213401441,0.05412523075938225,0,172.02316908934702,3.8472460988663233,122,control
3768,576.0,6525.0,346.0,6606.0,0.05153102055191994,0,243.0412970650399,,122,control
3769,636.0,6521.0,380.0,6475.0,0.05003834888339043,0,259.5949211442254,,122,control
3770,570.0,6621.0,575.0,6592.0,0.05333390086889267,0,30.159819077199344,,122,control
3771,544.0,6509.0,326.0,6507.0,0.08008693903684616,0,217.38352012185575,,122,check
3772,649.0,6608.0,493.0,6408.0,0.05329158529639244,0,253.75401481847715,,122,check
3773,455.0,6576.0,424.7571713959482,6452.519352166099,0.05447874963283539,0,127.59038727319934,1.6632081700897794,122,control
3774,462.0,6655.0,538.0,6495.0,0.05040423199534416,0,177.95816119803226,,122,control
3775,538.0,6649.0,608.7403182152445,6564.278566791026,0.07592910528182983,0,111.23833332534707,3.2797324474195295,122,control
3776,597.0,6526.0,421.34688402899917,6515.021062601804,0.05929720401763916,0,175.41706893045483,3.6567147130663082,122,control
3777,616.0,6621.0,470.585805250752,6793.649291799866,0.055118318647146225,0,224.83072561641242,2.327451271182234,122,control
3778,532.0,6688.0,405.69975439290516,6610.160245006322,0.06303661316633224,0,148.17330467358914,2.2499300377064433,122,control
3779,484.0,6648.0,432.0,6791.0,0.05030396580696106,0,151.32876700940548,,122,control
3780,520.0,6574.0,584.0,6612.0,0.057705145329236984,0,74.62458841160294,,122,control
3781,566.0,6712.0,523.0,6665.0,0.05372576415538788,0,63.7779341192774,,122,control
3782,594.0,6694.0,388.15243347488314,6646.329929967348,0.059629518538713455,0,210.83875782864578,1.4836537672849919,122,control
3783,446.0,6684.0,673.0511100128582,6762.938951028813,0.057844746857881546,0,240.71876425228064,6.076191114472723,122,control
3784,538.0,6626.0,517.1471984791558,6768.458776337865,0.0562894307076931,0,143.23908650529378,1.3566380280020356,122,control
3785,462.0,6522.0,383.0,6524.0,0.06296240538358688,0,78.38690496784369,,122,control
3786,524.0,6541.0,342.0,6506.0,0.0561586394906044,0,184.83669313957748,,122,control
3787,439.0,6550.0,340.26055793208184,6439.169350449701,0.07097122073173523,0,148.4832443179767,1.6770116028516564,122,control
3788,458.0,6667.0,573.7904716380209,6451.020975675265,0.056425586342811584,0,245.89088192940633,4.0048681669317805,122,control
3789,484.0,6600.0,695.0,6725.0,0.06127125769853592,0,245.41786700156374,,122,control
3790,500.0,6509.0,611.0,6606.0,0.11325357854366302,0,147.44299083762658,,122,control
3791,606.0,6667.0,339.0,6813.0,0.11847332864999771,0,303.4451006432597,,122,control
3792,534.0,6517.0,383.0,6524.0,0.061924681067466736,0,150.50969248739636,,122,check
3793,445.0,6646.0,566.0,6701.0,0.05642249807715416,0,133.1910101498842,,122,control
3794,638.0,6720.0,327.0,6580.0,0.06843432784080505,0,340.7492042047008,,122,check
3795,458.0,6676.0,653.0,6775.0,0.054006852209568024,0,218.91741494428882,,122,check
3796,633.0,6678.0,667.0,6750.0,0.10955213010311127,0,79.28829415693036,,122,control
3797,632.0,6671.0,725.0,6838.0,0.056228913366794586,0,190.85328322456542,,122,check
3798,813.0,6660.0,758.0,6765.0,0.06485128402709961,0,117.69198770613795,,123,control
3799,707.0,6683.0,761.0,6413.0,0.06658298522233963,0,276.0575292015226,,123,control
3800,707.0,6683.0,575.0,6592.0,0.050572093576192856,0,160.19715002144417,,123,control
3801,768.0,6504.0,812.4469506926895,6819.87049159721,0.06006330996751785,0,318.41323547122624,2.3269395879752026,123,control
3802,732.0,6571.0,579.0,6570.0,0.059618618339300156,0,152.4088889809793,,123,check
3803,696.0,6571.0,632.0,6595.0,0.053856585174798965,0,67.57569092149024,,123,control
3804,718.0,6522.0,643.0,6425.0,0.07437664270401001,0,122.73580178710775,,123,control
3805,718.0,6529.0,648.6630227269677,6428.769976240729,0.09973796457052231,0,122.0435923311129,3.667096662992564,123,check
3806,735.0,6630.0,660.0,6392.0,0.05707164108753204,0,249.9398086229228,,123,control
3807,802.0,6685.0,774.4407446072144,6749.100527229753,0.05969531834125519,0,68.95442713516228,5.910984408980463,123,control
3808,718.0,6717.0,566.0,6701.0,0.057493776082992554,0,152.31576885924068,,123,control
3809,768.0,6528.0,697.816855861534,6727.880272070521,0.05505858361721039,0,211.04095055521958,4.746471249023305,123,control
3810,688.0,6520.0,837.0,6700.0,0.053550392389297485,0,233.53747103351247,,123,check
3811,793.0,6610.0,769.0,6647.0,0.09130463004112244,0,43.256810049512445,,123,control
3812,765.0,6630.0,699.9252568302247,6570.880001462353,0.05094911903142929,0,87.91347520501573,3.250436751522786,123,check
3813,656.0,6669.0,694.0,6410.0,0.058951571583747864,0,262.4621412381536,,123,control
3814,678.0,6619.0,573.0,6465.0,0.07835362106561661,0,186.56339788603626,,123,check
3815,769.0,6613.0,557.0,6588.0,0.0761219784617424,0,212.94682751944453,,123,control
3816,829.0,6578.0,652.0,6748.0,0.05489344149827957,0,244.54283765205668,,123,control
3817,780.0,6531.0,836.0,6725.0,0.08053302764892578,0,201.461216563003,,123,control
3818,740.0,6696.0,611.0,6606.0,0.06686805933713913,0,157.1711391356405,,123,control
3819,683.0,6689.0,634.0,6639.0,0.05676854029297829,0,70.05539153143793,,123,control
3820,654.0,6617.0,641.0,6401.0,0.061435624957084656,0,216.96493673134964,,123,control
3821,654.0,6617.0,603.0,6568.0,0.062294136732816696,0,70.73720753268329,,123,control
3822,659.0,6590.0,611.0,6580.0,0.05639598146080971,0,48.58216127724021,,123,control
3823,715.0,6606.0,715.0,6529.0,0.060244835913181305,0,77.62521368424737,,123,control
3824,759.0,6572.0,664.0,6577.0,0.05735889822244644,0,94.51165573823674,,123,check
3825,799.0,6630.0,843.0,6681.0,0.08623027056455612,0,67.24898097753096,,123,control
3826,799.0,6630.0,603.0,6595.0,0.0616692416369915,0,198.62659333353326,,123,control
3827,804.0,6658.0,703.0,6696.0,0.05007671192288399,0,107.1427485581312,,123,control
3828,791.0,6640.0,848.1601659158738,6490.197836376279,0.0504225492477417,0,161.1140734430224,3.822528324103929,123,control
3829,791.0,6640.0,831.0,6648.0,0.06122274696826935,0,41.230327895631056,,123,control
3830,127.0,6826.0,268.0153496901244,6869.209772627664,0.05860001593828201,0,147.88960176039868,1.7716184168339295,124,control
3831,127.0,6826.0,181.81075194716232,6681.819641973086,0.07234760373830795,0,155.09317752411377,2.722684468023967,124,control
3832,43.0,6742.0,45.0,6714.0,0.07137398421764374,0,28.791563813971464,,124,control
3833,43.0,6742.0,53.0,6711.0,0.057524267584085464,0,33.413328487874736,,124,control
3834,60.0,6824.0,76.32085801620136,6673.9800109376765,0.05020609125494957,0,151.63602489345806,1.2251747831410325,124,control
3835,137.0,6892.0,45.0,6714.0,0.09390434622764587,0,200.66294545345295,,124,control
3836,54.0,6910.0,46.94336293939327,6855.500026585432,0.06224963814020157,0,55.55561509889237,2.4893012082590222,124,control
3837,45.0,6807.0,49.0,6790.0,0.09128301590681076,0,18.280357171591138,,124,check
3838,70.0,6932.0,343.0,6853.0,0.0502268448472023,0,284.9826233004977,,124,check
3839,55.0,6834.0,87.53120115831243,6667.5297696949265,0.07189624011516571,0,170.39471311744265,2.6867291501996826,124,control
3840,53.0,6822.0,54.0,6812.0,0.05099756643176079,0,10.807372767591643,,124,check
3841,196.0,6893.0,252.0,6875.0,0.0674591138958931,0,59.6301801955747,,124,control
3842,42.0,6750.0,42.0,6725.0,0.06471230834722519,0,25.678399724782206,,124,control
3843,42.0,6750.0,45.0,6714.0,0.06428392231464386,0,36.85062302722931,,124,control
3844,168.0,6816.0,315.0,6623.0,0.05348532646894455,0,243.50392737803318,,124,control
3845,210.0,6903.0,206.0,6912.0,0.060623735189437866,0,8.969338871190331,,124,control
3846,60.0,6898.0,56.637588982932044,6843.7500713200525,0.05755430459976196,0,55.000398623460406,1.6387615524817176,124,control
3847,45.0,6767.0,45.0,6808.0,0.07236778736114502,0,40.32552292069104,,124,control
3848,97.0,6721.0,86.0,6864.0,0.050796858966350555,0,142.69083276399388,,124,control
3849,97.0,6721.0,199.0,6606.0,0.05106128007173538,0,154.63120438656574,,124,control
3850,47.0,6865.0,45.0,6714.0,0.0626855418086052,0,151.67444539682862,,124,control
3851,43.0,6777.0,45.0,6714.0,0.05100860446691513,0,63.724017047175934,,124,control
3852,43.0,6777.0,42.0,6725.0,0.0982661098241806,0,52.67104680080406,,124,check
3853,141.0,6808.0,252.0,6875.0,0.05131911113858223,0,129.84292320350576,,124,control
3854,165.0,6882.0,219.0,6612.0,0.06563612818717957,0,276.1109363646856,,124,control
3855,111.0,6893.0,234.0,6711.0,0.05806605517864227,0,220.57020426829186,,124,control
3856,46.0,6873.0,54.0,6812.0,0.0625268816947937,0,62.28418796072909,,124,control
3857,123.0,6815.0,270.0,6623.0,0.07290545850992203,0,242.713956919848,,124,check
3858,47.0,6883.0,54.0,6812.0,0.0761859193444252,0,72.08752027174847,,124,check
3859,169.0,6826.0,247.0,6612.0,0.06707096099853516,0,228.60069301352772,,124,control
3860,152.0,6851.0,165.0,6716.0,0.05515715107321739,0,136.3490114879945,,124,control
3861,108.0,6798.0,105.83899892538898,6636.699893441415,0.0561947263777256,0,161.96423140476014,2.8300291925566516,124,control
3862,117.0,6788.0,129.0,6618.0,0.07941509038209915,0,171.1224401347258,,124,control
3863,117.0,6788.0,165.1476585058108,6621.860326121479,0.050660982728004456,0,173.78400641590397,1.714247365065599,124,control
3864,173.0,6898.0,338.0,6883.0,0.08043307811021805,0,166.35840166689727,,124,check
3865,70.0,6768.0,159.0,6838.0,0.06465811282396317,0,113.31745866904625,,124,control
3866,73.0,6792.0,165.90834952584254,6619.730128444615,0.05819694697856903,0,196.60890170758887,1.2848417228901599,124,control
3867,56.0,6845.0,68.0,6712.0,0.10408750921487808,0,134.26532171537758,,124,control
3868,49.0,6850.0,45.0,6714.0,0.06522596627473831,0,136.7093481788646,,124,check
3869,214.0,6723.0,41.0,6840.0,0.06449376046657562,0,207.92360370758442,,124,control
3870,161.0,6738.0,55.0,6982.0,0.07573295384645462,0,265.1295071380018,,124,control
3871,115.0,6911.0,352.0,6991.0,0.07159622758626938,0,250.49869268812435,,124,control
3872,165.0,6752.0,352.0,6991.0,0.10104864835739136,0,303.2978219258126,,124,control
3873,317.0,6874.0,307.1124601425145,6644.010146356153,0.05832240730524063,0,230.82657274321627,2.9409914031548086,125,control
3874,241.0,6930.0,529.0,7017.0,0.08113552629947662,0,301.22105226481443,,125,control
3875,352.0,6925.0,506.0,6998.0,0.15347197651863098,0,170.6706008782734,,125,control
3876,370.0,6903.0,326.0,6803.0,0.07523535192012787,0,109.61740074011104,,125,control
3877,310.0,6920.0,301.85900543344906,6755.6404421366115,0.05831228196620941,0,165.1951419254155,3.7819603604670204,125,control
3878,391.0,6914.0,261.0,6626.0,0.05469419062137604,0,316.3132821624209,,125,control
3879,427.0,6880.0,485.1674303734316,6672.130557714426,0.05023392662405968,0,216.64280472889433,1.4797217433226637,125,control
3880,427.0,6760.0,280.0,6625.0,0.0619191899895668,0,199.55920535684385,,125,control
3881,373.0,6861.0,315.0,6623.0,0.09491078555583954,0,245.44716910254238,,125,control
3882,367.0,6834.0,437.44259865383145,6644.579836080252,0.05887969955801964,0,202.91483480487526,1.657603220818654,125,control
3883,295.0,6826.0,317.42942660235,6656.560209426561,0.06510680168867111,0,171.64767813687777,2.8579985358941618,125,control
3884,315.0,6845.0,377.04549922499956,6785.2305738798195,0.050458312034606934,0,87.0570364092051,1.3356717514291712,125,control
3885,420.0,6749.0,280.0,6625.0,0.05632767826318741,0,186.97715904923638,,125,control
3886,273.0,6906.0,215.0,6909.0,0.06480584293603897,0,57.41484831692841,,125,control
3887,382.0,6798.0,223.0,6639.0,0.05736992880702019,0,224.87107939971577,,125,control
3888,324.0,6820.0,115.52986219285255,6985.4003114841735,0.054286230355501175,0,265.1783230663007,1.2827053264595103,125,control
3889,347.0,6743.0,256.0,6885.0,0.0660778135061264,0,167.74386926486855,,125,control
3890,222.0,6917.0,373.0,6671.0,0.07405844330787659,0,289.52744478018934,,125,control
3891,392.0,6902.0,121.0,6658.0,0.05800420418381691,0,364.6179376802726,,125,control
3892,370.0,6764.0,229.0,6651.0,0.05059610679745674,0,180.60604754231258,,125,control
3893,322.0,6799.0,275.5198902464004,6653.55033335658,0.05540004000067711,0,153.1273349704096,2.8546560982271734,125,check
3894,300.0,6757.0,304.0,7026.0,0.06506872177124023,0,268.34272793941136,,125,control
3895,339.0,6800.0,300.0,6644.0,0.08161867409944534,0,161.28176774424242,,125,check
3896,220.0,6832.0,280.0,6625.0,0.07132070511579514,0,216.32116437299268,,125,check
3897,224.0,6845.0,305.4320637041016,6744.13031410234,0.056830182671546936,0,130.54707562461425,1.8225069355184236,125,control
3898,327.0,6743.0,486.0,6648.0,0.07252191752195358,0,186.07211277415718,,125,check
3899,327.0,6743.0,227.0,6900.0,0.05067254602909088,0,185.22631564666793,,125,control
3900,294.0,6776.0,219.0,6598.0,0.05823354050517082,0,193.50553609279496,,125,check
3901,285.0,6747.0,299.5053900587557,6613.980252738293,0.06207163259387016,0,134.5217927219697,2.4399874587516113,125,control
3902,513.0,6759.0,316.0,6887.0,0.05528586357831955,0,234.04133716767325,,126,control
3903,444.0,6792.0,341.0,6629.0,0.05264928564429283,0,193.03116152655372,,126,control
3904,500.0,6888.0,322.0,6897.0,0.07299631834030151,0,177.5756119716243,,126,control
3905,636.0,6910.0,494.0,6931.0,0.13869638741016388,0,142.85518878326104,,126,control
3906,498.0,6781.0,447.0,6724.0,0.0652460902929306,0,76.57219476161133,,126,check
3907,487.0,6883.0,508.0,6691.0,0.05880100280046463,0,193.85725034110882,,126,check
3908,616.0,6724.0,741.0,6733.0,0.05289091914892197,0,125.85226352116993,,126,control
3909,514.0,6857.0,382.0,6673.0,0.06031801551580429,0,226.62090991774647,,126,control
3910,514.0,6857.0,545.0,6739.0,0.05463416129350662,0,122.78942822797423,,126,control
3911,559.0,6734.0,526.0,6865.0,0.051726892590522766,0,134.29797365747748,,126,control
3912,475.0,6834.0,339.0,6654.0,0.054111965000629425,0,225.7454323410182,,126,control
3913,493.0,6921.0,686.8192592048654,6864.729808710347,0.062078334391117096,0,202.561873132935,0.8776947721847186,126,control
3914,507.0,6727.0,467.0,6779.0,0.050132595002651215,0,64.71096326277276,,126,control
3915,646.0,6734.0,753.0,6823.0,0.05217898264527321,0,139.19707041737345,,126,control
3916,488.0,6826.0,592.0,6621.0,0.05034709349274635,0,230.7109827699542,,126,check
3917,609.0,6921.0,615.0,6917.0,0.05159095302224159,0,8.073407485393924,,126,control
3918,446.0,6859.0,642.0,6909.0,0.060733363032341,0,202.67517574506329,,126,control
3919,467.0,6913.0,694.6495982640512,6714.9201577956155,0.05726444721221924,0,302.623781720759,0.7480576453842646,126,control
3920,470.0,6745.0,350.0222705385553,6838.120427844621,0.052530791610479355,0,150.97447968070404,3.5935245711204056,126,check
3921,596.0,6909.0,407.0,6789.0,0.06431634724140167,0,223.71796115749828,,126,control
3922,476.0,6920.0,497.0,6830.0,0.08415327221155167,0,93.20433088960384,,126,check
3923,575.0,6879.0,498.0,6839.0,0.10447073727846146,0,86.54936627350672,,126,control
3924,569.0,6924.0,354.0,6682.0,0.05248142033815384,0,323.7876366220053,,126,control
3925,615.0,6780.0,637.8396693936558,7071.399431678888,0.05108078941702843,0,291.65003893432214,2.304000513198987,126,control
3926,506.0,6868.0,402.0,6624.0,0.06588420271873474,0,265.5916106781969,,126,check
3927,580.0,6801.0,604.0,6890.0,0.05662813037633896,0,91.68754612579136,,126,control
3928,545.0,6880.0,615.0,6927.0,0.05021069943904877,0,84.42777095612777,,126,control
3929,545.0,6880.0,382.0,6673.0,0.05487336590886116,0,263.60308603039874,,126,control
3930,546.0,6893.0,408.0,6741.0,0.051448117941617966,0,205.37673359730817,,126,control
3931,560.0,6818.0,354.0,6682.0,0.05335807427763939,0,246.68606235093765,,126,control
3932,758.0,6865.0,753.0,6833.0,0.05481395870447159,0,32.95732117242196,,127,control
3933,769.0,6916.0,616.0,6814.0,0.054499298334121704,0,183.76332533183972,,127,control
3934,768.0,6864.0,759.0,6880.0,0.06986463814973831,0,17.501758051341515,,127,control
3935,696.0,6768.0,816.0,6853.0,0.07370372861623764,0,147.1345977627352,,127,control
3936,682.0,6769.0,799.0,6855.0,0.056483082473278046,0,145.27293510099585,,127,control
3937,659.0,6890.0,741.0,6733.0,0.059164859354496,0,177.96359278068752,,127,control
3938,655.0,6904.0,659.0,6906.0,0.05558064952492714,0,4.767761562886052,,127,control
3939,695.0,6928.0,759.7435152712212,6764.6398352086535,0.06569655239582062,0,176.53694019693472,1.2668021810520431,127,check
3940,673.0,6869.0,795.0170900208876,6882.850403891709,0.07483769208192825,0,123.28747547192442,2.7257403379435816,127,control
3941,798.0,6790.0,795.2471650973945,6880.719890381031,0.062447551637887955,0,90.08403751497013,2.9512383427796114,127,control
3942,749.0,6916.0,791.1043748781185,6695.379526869779,0.08626355230808258,0,225.33853710200336,5.7667873649735,127,control
3943,672.0,6842.0,691.0,6664.0,0.06108705326914787,0,179.71024019419048,,127,check
3944,827.0,6817.0,795.2363197110341,6877.769155862185,0.05754470080137253,0,67.72242641961955,2.360565002583905,127,control
3945,673.0,6921.0,672.0,6921.0,0.05921701714396477,1,0.7939777815556881,,127,control
3946,759.0,6830.0,636.0,6684.0,0.05867064744234085,0,191.02097770993788,,127,check
3947,759.0,6830.0,819.0,6883.0,0.06072287634015083,0,80.04252799645518,,127,control
3948,764.0,6726.0,691.321948840175,6836.312056649607,0.05067531019449234,0,131.23244792603725,1.1417195794883335,127,control
3949,669.0,6746.0,784.3666833871249,6674.971054522351,0.05950280278921127,0,136.30055591976773,2.4430904986221713,127,control
3950,746.0,6727.0,752.9998416543444,6832.4698725840435,0.061378587037324905,0,105.08472102767432,1.7564873561086434,127,check
3951,801.0,6894.0,819.0,6883.0,0.05140472948551178,0,21.91984217991319,,127,check
3952,754.0,6738.0,786.0,6833.0,0.06207253411412239,0,99.80543541017758,,127,check
3953,676.0,6880.0,803.0,6664.0,0.052018970251083374,0,251.40654930035657,,127,control
3954,676.0,6880.0,804.0,6596.0,0.06065835803747177,0,312.32005743727814,,127,control
3955,839.0,6895.0,595.0,7032.0,0.05781564489006996,0,278.98647224243376,,127,check
3956,845.0,6855.0,737.7635187014496,6754.97960656313,0.06558167934417725,0,146.667000522232,2.4566051044427177,127,control
3957,655.0,6732.0,624.0,6713.0,0.05088745802640915,0,36.205723150347616,,127,control
3958,714.0,6903.0,815.0,6870.0,0.068380206823349,0,106.99384189132745,,127,control
3959,742.0,6754.0,759.0,6880.0,0.05558145418763161,0,126.56151766960748,,127,control
3960,725.0,6737.0,749.3658043988121,6853.768657072293,0.05992547422647476,0,118.75520554093204,2.0301896301832465,127,control
3961,764.0,6841.0,818.2683656488587,6882.719987618107,0.06852571666240692,0,68.49775417303131,2.0175306706574934,127,control
3962,712.0,6777.0,602.0,6620.0,0.05316947028040886,0,191.882968700357,,127,control
3963,694.0,6825.0,785.0,6765.0,0.05417826026678085,0,109.83192615674906,,127,control
3964,694.0,6825.0,786.4209053592317,6866.099988554055,0.05122547969222069,0,101.39834057313436,1.1374284447719911,127,control
3965,681.0,6891.0,788.034128348544,6865.719816906828,0.06057286262512207,0,110.68152038165057,1.2915279974436285,127,control
3966,659.0,6872.0,805.0,6752.0,0.06217242404818535,0,189.83499026565005,,127,control
3967,681.0,6854.0,592.0,6621.0,0.0986538827419281,0,249.80401687008703,,127,check
3968,731.0,6840.0,541.0,6605.0,0.062173813581466675,0,302.31854217204506,,127,control
3969,731.0,6840.0,786.6696972021618,6883.001093594484,0.054071005433797836,0,70.38993430036848,2.8622311289566817,127,control
3970,813.0,6766.0,831.0,6648.0,0.06196005642414093,0,120.07740135117682,,127,control
3971,719.0,6863.0,581.0,6843.0,0.07946451008319855,0,138.95514024484226,,127,control
3972,792.0,6818.0,597.0,6732.0,0.057123616337776184,0,212.84484334803545,,127,control
3973,834.0,6925.0,598.0,6631.0,0.07946059852838516,0,377.13079197206804,,127,control
3974,85.0,7152.0,171.0,7136.0,0.053265150636434555,0,88.22699851530524,,128,control
3975,85.0,7152.0,177.0,7148.0,0.06431422382593155,0,92.74803790780406,,128,check
3976,117.0,7128.0,321.92271520380217,7046.98993596582,0.06132577359676361,0,221.18264172213694,0.8525472950137958,128,control
3977,74.0,7010.0,250.0,7035.0,0.06245817244052887,0,178.28699623069252,,128,check
3978,52.0,6944.0,58.0,6844.0,0.05840074270963669,0,100.90324597468347,,128,check
3979,185.0,7132.0,296.5956541268575,6877.619892345097,0.0580068863928318,0,278.65464849184895,1.5444006167118536,128,control
3980,76.0,6980.0,103.0,6981.0,0.08337152004241943,0,27.644395109760474,,128,control
3981,120.0,7051.0,232.74768572275417,6873.5799995474445,0.0676371157169342,0,211.1272779236122,2.1582798995833175,128,control
3982,188.0,7037.0,225.0,6868.0,0.08981483429670334,0,173.80371048021985,,128,control
3983,41.0,6987.0,41.0,6884.0,0.11184932291507721,0,103.6911370473581,,128,check
3984,106.0,7069.0,321.2901914437397,6901.540183598079,0.061294734477996826,0,273.65742812797254,1.6475630893904496,128,check
3985,50.0,7042.0,46.0,7254.0,0.06001569703221321,0,211.29336593356078,,128,control
3986,120.0,7094.0,336.0,7232.0,0.06082664430141449,0,256.44454052766065,,128,control
3987,115.0,7017.0,116.0,7017.0,0.06809692829847336,1,1.7840493911730384,,128,control
3988,57.0,6985.0,66.0,7113.0,0.06096373870968819,0,127.6490056167244,,128,control
3989,142.0,6966.0,125.0,7033.0,0.06759513914585114,0,68.2851176058639,,128,check
3990,57.0,7100.0,55.0,7100.0,0.056790489703416824,1,1.5324045855098232,,128,control
3991,46.0,7023.0,44.0,7050.0,0.07755887508392334,0,26.325854934315753,,128,control
3992,122.0,7084.0,184.0,6891.0,0.052438024431467056,0,203.56116153649785,,128,control
3993,181.0,6960.0,63.64145048934966,7032.990039148091,0.054077014327049255,0,137.28383282860628,1.8972155693298955,128,control
3994,61.0,7065.0,58.08728529304277,7065.7600658169285,0.0622333399951458,1,2.268059197197397,1.3095286072352783,128,control
3995,125.0,6938.0,61.86429555213289,7222.3100802676645,0.07705151289701462,0,290.38600805497305,0.9977188877624981,128,check
3996,87.0,7076.0,255.25713205271913,6879.840137306314,0.07962986826896667,0,259.3618269132399,4.482293419146088,128,control
3997,144.0,7147.0,157.0,6959.0,0.058661021292209625,0,189.18619152519685,,128,control
3998,63.0,7046.0,198.0,6977.0,0.06152664124965668,0,152.49020362712082,,128,check
3999,43.0,7129.0,48.0,7102.0,0.06690806150436401,0,28.284097134913726,,128,control
4000,196.0,6979.0,94.0,7046.0,0.055436935275793076,0,121.1128926313145,,128,control
4001,49.0,6986.0,55.0,7112.0,0.05275843292474747,0,125.46006607062877,,128,control
4002,164.0,7149.0,189.0,6972.0,0.0563100129365921,0,179.53376860690497,,128,control
4003,157.0,6964.0,123.22604861528185,7030.379916141239,0.0723755806684494,0,73.561558520876,1.3412315710513576,128,control
4004,71.0,7073.0,82.0,7061.0,0.07149873673915863,0,17.23554971451397,,128,control
4005,209.0,7127.0,162.86445404744921,7071.809877066578,0.05823255330324173,0,72.07682867424712,2.481859849467743,128,control
4006,145.0,6955.0,125.0,7033.0,0.05503514036536217,0,79.68398980725905,,128,control
4007,100.0,7094.0,303.0,6860.0,0.058639202266931534,0,310.7018419012745,,128,control
4008,100.0,7094.0,218.0,6839.0,0.05346519127488136,0,281.859876760839,,128,control
4009,179.0,7077.0,223.0,6918.0,0.08083271235227585,0,165.8064221228635,,128,control
4010,106.0,7056.0,123.0,7044.0,0.05542439967393875,0,21.737825917473156,,128,control
4011,43.0,6960.0,42.0,7115.0,0.08002804219722748,0,154.2836162435639,,128,control
4012,212.0,6998.0,227.0,6929.0,0.0683060735464096,0,71.41922954264476,,128,control
4013,187.0,7052.0,226.449308460731,6900.9300665732235,0.0707428902387619,0,156.95816628881678,1.1927061430429091,128,control
4014,374.0,7050.0,479.0,7150.0,0.07000071555376053,0,144.9446310396481,,129,control
4015,374.0,7050.0,514.0,6941.0,0.05005248636007309,0,178.31567312996637,,129,check
4016,316.0,7042.0,115.19387774574012,7184.060373776439,0.05555330961942673,0,245.04115727861634,3.4511337288266204,129,control
4017,302.0,6951.0,160.72346090467923,7090.880014625065,0.055495668202638626,0,197.8616795234477,1.3323290076320666,129,control
4018,302.0,6951.0,248.0,6944.0,0.06021922081708908,0,53.92439015789075,,129,control
4019,302.0,6951.0,370.24106656164554,6828.010193221916,0.05284784361720085,0,141.5389124600496,1.7129199642460362,129,control
4020,406.0,6963.0,212.0,6892.0,0.050349343568086624,0,206.22682282259336,,129,control
4021,367.0,7014.0,314.04689039991354,6865.729523715523,0.052434954792261124,0,157.873604785942,1.4671940401254846,129,control
4022,347.0,7012.0,508.4259579786435,6909.550350147122,0.07301229983568192,0,192.05771831973541,0.9524014313911283,129,control
4023,416.0,7137.0,269.0,6901.0,0.06616822630167007,0,278.2883444196051,,129,control
4024,246.0,6981.0,132.0,7077.0,0.06665991246700287,0,148.09378046333356,,129,control
4025,355.0,6970.0,265.0,6869.0,0.05123374983668327,0,135.3743664389676,,129,control
4026,301.0,7066.0,234.0,6942.0,0.05358922481536865,0,141.25375732961774,,129,control
4027,286.0,6958.0,232.6384978350577,6945.250369282299,0.0837533101439476,0,54.418704759860184,1.907691755192546,129,check
4028,382.0,7104.0,227.50401939715707,6865.649726933728,0.05237731337547302,0,284.2707217212794,2.7198137636755555,129,control
4029,427.0,7088.0,338.0,7024.0,0.0515751913189888,0,109.53435057692697,,129,check
4030,221.0,7073.0,423.0,6809.0,0.06969582289457321,0,333.3158267959863,,129,control
4031,226.0,6969.0,125.0,7033.0,0.06710675358772278,0,118.65431687842222,,129,check
4032,219.0,6966.0,125.0,7033.0,0.0820583775639534,0,114.50571514414119,,129,control
4033,370.0,7080.0,142.0,7147.0,0.06741367280483246,0,236.83219132443182,,129,control
4034,286.0,7000.0,225.0,6868.0,0.058841411024332047,0,145.76857288180642,,129,control
4035,323.0,7121.0,300.0,7013.0,0.05233476683497429,0,110.97604457216843,,129,control
4036,338.0,7057.0,336.0,7056.0,0.07096636295318604,1,2.194165998809039,,129,control
4037,353.0,6940.0,207.0,6874.0,0.08704175800085068,0,159.9305597105162,,129,control
4038,249.0,7085.0,338.0,6883.0,0.05309782922267914,0,221.60776697872438,,129,control
4039,304.0,7114.0,232.0,6909.0,0.09030311554670334,0,217.71589914186873,,129,control
4040,304.0,7114.0,130.0,6961.0,0.06786190718412399,0,231.68047816542105,,129,control
4041,313.0,7082.0,501.0,6822.0,0.05174388736486435,0,321.7401344432622,,129,control
4042,252.0,6971.0,119.72901068099888,6996.399872713348,0.06087959185242653,0,133.92816849517453,0.7714051627341222,129,control
4043,346.0,7053.0,341.0,7048.0,0.06749166548252106,0,7.192163500792387,,129,check
4044,435.0,6967.0,488.0,7145.0,0.08691849559545517,0,185.21751682386306,,129,control
4045,295.0,7093.0,424.0,7257.0,0.05102720484137535,0,208.45846488708446,,129,check
4046,561.0,7001.0,696.0,6830.0,0.09028048813343048,0,218.74221306059243,,130,control
4047,528.0,7037.0,586.2465845979328,6952.1800615520915,0.08034567534923553,0,103.78434410049313,1.9593038194934316,130,check
4048,556.0,7152.0,566.9760961971041,6853.550134957926,0.05148203298449516,0,299.3405935140081,1.1068485259453875,130,control
4049,626.0,7016.0,564.1830573465483,6886.3890615093915,0.05883990228176117,0,143.95169683439846,1.7178083401982958,130,control
4050,482.0,6979.0,338.89155927714046,6882.399877409259,0.05904274061322212,0,172.53030870170596,2.5155278582014993,130,control
4051,643.0,6999.0,637.0,6917.0,0.06167147681117058,0,82.8497515261167,,130,control
4052,589.0,7087.0,564.0,6853.0,0.05400701239705086,0,235.93313326974237,,130,control
4053,613.0,6956.0,616.4391446862753,6957.940203055013,0.09940306097269058,0,4.214483099841093,1.0046511024662959,130,control
4054,574.0,6986.0,707.080676240157,6822.5901152328615,0.07438719272613525,0,211.6187063055804,1.3965625583491599,130,control
4055,496.0,6953.0,390.67730082672546,6837.660002936478,0.05271473899483681,0,156.27769768394518,2.1006595810458215,130,control
4056,579.0,7067.0,319.98078011106037,7051.710477050898,0.07932761311531067,0,258.8991863568581,0.805297238527991,130,control
4057,516.0,7017.0,727.0,6938.0,0.05700818449258804,0,226.07332311134084,,130,control
4058,620.0,7152.0,617.0,7165.0,0.06772194057703018,0,12.53408441521706,,130,control
4059,620.0,7152.0,562.0,6891.0,0.05866105109453201,0,267.8954273048674,,130,control
4060,469.0,7003.0,764.0621244945993,6981.189997980306,0.06824114173650742,0,296.4793686382622,3.9903701851918134,130,control
4061,604.0,7011.0,584.0,6880.0,0.05416348576545715,0,133.09291400006353,,130,control
4062,527.0,7008.0,477.97719314544344,7147.419605003688,0.05800757557153702,0,146.92564054009026,1.3089008309871664,130,check
4063,545.0,7106.0,659.0,6906.0,0.06869245320558548,0,231.07746498006156,,130,control
4064,472.0,6959.0,617.0,6957.0,0.061722155660390854,0,145.60646787721055,,130,check
4065,516.0,7032.0,750.0,6873.0,0.06304328888654709,0,283.751344335406,,130,control
4066,606.0,7033.0,672.0,6921.0,0.05968116596341133,0,130.8713732759579,,130,control
4067,465.0,7034.0,657.0,6941.0,0.06888183951377869,0,214.15191899472703,,130,check
4068,494.0,6977.0,763.0,6981.0,0.1196943074464798,0,269.58396769966555,,130,control
4069,505.0,6969.0,517.0,7123.0,0.05010243505239487,0,153.81472074169142,,130,control
4070,594.0,7145.0,603.0,6968.0,0.0937395691871643,0,177.9378819910184,,130,control
4071,596.0,6970.0,696.0,6830.0,0.1043047085404396,0,172.91868860294082,,130,control
4072,600.0,6978.0,773.3694803378363,6830.799204578867,0.051820702850818634,0,228.28940125034336,1.796919250023833,130,control
4073,649.0,7083.0,746.0,6858.0,0.0765322893857956,0,245.85148915286004,,130,control
4074,454.0,7042.0,531.0,6904.0,0.058372464030981064,0,158.90699925134388,,130,check
4075,530.0,6979.0,468.0,7153.0,0.08680016547441483,0,183.8517005241309,,130,control
4076,450.0,6966.0,746.0,6858.0,0.05581846088171005,0,315.8495681525568,,130,check
4077,824.0,7100.0,759.0,6922.0,0.05399714410305023,0,189.93220061300522,,131,check
4078,769.0,7080.0,689.0,7124.0,0.056505221873521805,0,90.47004548995427,,131,control
4079,769.0,7080.0,791.7348949223516,6844.959774020953,0.07979698479175568,0,236.84734992473747,1.7513160732865478,131,control
4080,761.0,7053.0,562.7890400821216,6858.371248042768,0.0754929855465889,0,277.838277022036,1.592774375631926,131,control
4081,829.0,7003.0,786.1487684830303,6920.711597715057,0.052912816405296326,0,93.11288638707015,2.9983946414975313,131,control
4082,741.0,7086.0,786.0,6866.0,0.06190099939703941,0,225.31628829071101,,131,control
4083,783.0,7040.0,761.3399618566443,6903.43938914525,0.05620742216706276,0,138.8387181767049,0.8915275804241453,131,control
4084,850.0,7073.0,855.0,7207.0,0.14145539700984955,0,133.4156733767432,,131,control
4085,691.0,7052.0,815.0,6870.0,0.06392994523048401,0,221.08894129415756,,131,check
4086,725.0,7139.0,799.0,6855.0,0.08482272922992706,0,294.26282180455394,,131,check
4087,655.0,7124.0,563.0995411643835,6857.620896015759,0.05660376697778702,0,282.22563009630494,1.414067180462504,131,control
4088,672.0,7124.0,686.4290426877387,6866.730142290174,0.05279437080025673,0,258.37054905017413,1.6789613801894718,131,control
4089,802.0,7113.0,792.0,6880.0,0.06269247084856033,0,233.85296718299614,,131,control
4090,677.0,6998.0,642.0,6909.0,0.060455210506916046,0,96.05011455134738,,131,control
4091,793.0,7152.0,783.0,6914.0,0.07973512262105942,0,238.85337750581678,,131,control
4092,804.0,7135.0,783.0,6905.0,0.08876296132802963,0,231.56934035163093,,131,control
4093,803.0,7149.0,798.0,6912.0,0.09550321102142334,0,237.70757140515892,,131,check
4094,687.0,7032.0,816.0,6853.0,0.06609747558832169,0,221.5024683785483,,131,control
4095,699.0,7123.0,698.0,7124.0,0.0732179507613182,1,0.5301586516274257,,131,control
4096,787.0,7017.0,773.0,6887.0,0.08062451332807541,0,131.35282770167234,,131,check
4097,683.0,6948.0,783.0,6914.0,0.05250842124223709,0,106.37100230696235,,131,control
4098,739.0,7109.0,794.7754651826073,6878.7897400877755,0.05213760957121849,0,237.64714203421605,2.694476667513334,131,control
4099,805.0,6998.0,825.0,7145.0,0.055047836154699326,0,147.74302132662976,,131,control
4100,848.0,7085.0,517.0,7123.0,0.07077097147703171,0,332.51049674858774,,131,control
4101,691.0,6968.0,672.0,6898.0,0.08909518271684647,0,73.03067798815965,,131,control
4102,835.0,7028.0,607.9957513517147,6835.891189891309,0.06944412738084793,0,297.3649442401963,2.38625381901173,131,control
4103,694.0,7001.0,660.0,6932.0,0.05120961740612984,0,77.27505122564848,,131,control
4104,746.0,7060.0,546.0,6866.0,0.05042620375752449,0,278.6738246487447,,131,control
4105,709.0,6962.0,703.0,6952.0,0.05037205293774605,0,11.975223875658088,,131,control
4106,742.0,7121.0,812.0,6911.0,0.08008673787117004,0,222.1681341084491,,131,control
4107,779.0,6945.0,771.0,6941.0,0.059163134545087814,0,8.781211782596161,,131,check
4108,739.0,7152.0,819.5912195800245,6882.929993476084,0.06476844102144241,0,281.6750426631144,2.433656307846249,131,control
4109,744.0,6972.0,814.0,6897.0,0.06779728084802628,0,103.45896531500574,,131,control
4110,843.0,7061.0,855.0,7207.0,0.0843919962644577,0,145.8409259367272,,131,control
4111,789.0,7114.0,814.0,6897.0,0.09773886948823929,0,219.15940756150394,,131,check
4112,49.0,7315.0,55.0,7086.0,0.08575213700532913,0,229.8089432702358,,132,control
4113,105.0,7294.0,80.0,7022.0,0.05375445634126663,0,273.78978265308723,,132,check
4114,103.0,7215.0,76.13997879672891,7049.159978404246,0.05110152065753937,0,168.598464998458,1.128967742211657,132,control
4115,136.0,7315.0,156.0,7292.0,0.06119459867477417,0,31.443942473026677,,132,control
4116,50.0,7303.0,58.87658665950981,7086.030226796804,0.10467548668384552,0,217.890612757766,1.5960567909068917,132,check
4117,216.0,7225.0,101.42976126461507,7068.749809287541,0.05780845507979393,0,193.94938804222969,3.7641797554241894,132,control
4118,157.0,7320.0,221.41641201542572,7156.300270739345,0.05460982024669647,0,176.81183457451482,5.0190669928937135,132,control
4119,96.0,7360.0,108.0,7091.0,0.05381981283426285,0,270.0075598119841,,132,control
4120,170.0,7248.0,101.0,7072.0,0.0739666000008583,0,189.47133547980286,,132,control
4121,208.0,7166.0,143.0,7060.0,0.053198885172605515,0,124.61597674262096,,132,control
4122,148.0,7259.0,223.0,7053.0,0.054390568286180496,0,220.10320096937326,,132,control
4123,67.0,7322.0,77.0,7090.0,0.059744883328676224,0,232.95577920201941,,132,check
4124,67.0,7295.0,68.0,7065.0,0.0712817907333374,0,230.7157390447879,,132,control
4125,74.0,7292.0,135.0,7270.0,0.05818409472703934,0,65.68766120362373,,132,control
4126,108.0,7318.0,99.0,7097.0,0.05840986967086792,0,221.8702352018523,,132,control
4127,161.0,7200.0,73.0,7357.0,0.05235981196165085,0,179.02132515432575,,132,control
4128,196.0,7245.0,317.1953309889587,7050.059943240837,0.07314899563789368,0,230.4614327255461,0.8902514449289887,132,control
4129,44.0,7283.0,55.0,7112.0,0.09492310881614685,0,172.11031166585005,,132,control
4130,79.0,7321.0,86.30329238864721,7094.920106512768,0.05133207142353058,0,226.93182300775746,1.0364300715854151,132,check
4131,88.0,7318.0,84.0,7097.0,0.0574551597237587,0,221.73861261539406,,132,control
4132,165.0,7364.0,289.0,7437.0,0.05734057351946831,0,144.03752638889114,,132,control
4133,49.0,7194.0,44.0,7050.0,0.06497900933027267,0,144.77435702874556,,132,control
4134,206.0,7355.0,221.0,7411.0,0.050912193953990936,0,57.417558360003056,,132,control
4135,45.0,7326.0,55.0,7086.0,0.050469908863306046,0,240.94811097843856,,132,control
4136,63.0,7305.0,68.0,7065.0,0.05280414968729019,0,240.77604151187003,,132,control
4137,62.0,7366.0,233.79466877296824,7144.7202106851455,0.05872415751218796,0,281.0843132157464,2.2220537805787304,132,check
4138,49.0,7162.0,50.0,7057.0,0.11958320438861847,0,105.72236754142601,,132,control
4139,49.0,7162.0,51.0,7301.0,0.06700114905834198,0,138.28634014810538,,132,control
4140,113.0,7330.0,101.37436076836822,7097.790179837218,0.07115244120359421,0,233.18145439974137,1.186691048155031,132,control
4141,108.0,7200.0,112.0,7054.0,0.07205340266227722,0,146.7803613723739,,132,check
4142,74.0,7206.0,61.759288924172154,7064.9298086581375,0.06272051483392715,0,142.25369433444965,6.589162095554506,132,control
4143,66.0,7183.0,144.0,7206.0,0.10381424427032471,0,81.72447795703496,,132,control
4144,111.0,7191.0,82.0,7061.0,0.07324522733688354,0,133.7496483726688,,132,control
4145,61.0,7266.0,75.1854713675446,7085.429837367539,0.09284305572509766,0,181.88766110712507,1.6233525790136063,132,control
4146,69.0,7193.0,169.0,7192.0,0.050233107060194016,0,100.64221718429275,,132,control
4147,69.0,7193.0,144.0,7206.0,0.06004052236676216,0,76.61980036490051,,132,check
4148,213.0,7276.0,112.0,7054.0,0.06969650089740753,0,244.2759200523951,,132,control
4149,111.0,7181.0,82.0,7061.0,0.054428830742836,0,123.99512148517098,,132,control
4150,44.0,7181.0,46.0,7085.0,0.07808426022529602,0,96.7492376110432,,132,check
4151,44.0,7181.0,55.0,7086.0,0.08620146661996841,0,96.41863789918308,,132,control
4152,67.0,7254.0,109.0,7038.0,0.07853585481643677,0,220.86041587081368,,132,control
4153,143.0,7228.0,129.73153484887874,7125.810061038722,0.061507608741521835,0,103.67763373424565,4.476631282578439,132,check
4154,70.0,7306.0,82.0,7061.0,0.09061910957098007,0,246.033947384027,,132,control
4155,46.0,7274.0,48.0,7102.0,0.07197245210409164,0,172.7352753245658,,132,control
4156,45.0,7265.0,46.0,7085.0,0.053483832627534866,0,180.72054435564627,,132,control
4157,128.0,7162.0,79.0,7240.0,0.05280831828713417,0,91.15693942418606,,132,control
4158,213.0,7324.0,217.0,7309.0,0.09607787430286407,0,16.397620336754436,,132,control
4159,232.0,7328.0,431.0,7324.0,0.05030472204089165,0,199.64743122675853,,133,control
4160,364.0,7332.0,186.0,7297.0,0.05296221747994423,0,180.9417577780089,,133,control
4161,346.0,7276.0,491.9879871106792,7094.529361328722,0.05505581945180893,0,233.81912152110664,2.26813484592012,133,control
4162,304.0,7320.0,562.1578770174182,7057.149790575593,0.0873674601316452,0,369.32671509119837,0.7193834073465026,133,check
4163,384.0,7282.0,422.0,7398.0,0.05927145481109619,0,121.55084901302419,,133,check
4164,305.0,7258.0,438.0,7491.0,0.05081892013549805,0,267.92871381224927,,133,control
4165,385.0,7329.0,393.0,7332.0,0.06203002482652664,0,8.89023415235744,,133,control
4166,242.0,7365.0,166.0,7458.0,0.055704403668642044,0,119.12907782773212,,133,check
4167,395.0,7261.0,452.7598785726786,7432.090112611124,0.056729428470134735,0,180.06411696559937,1.64147487353312,133,control
4168,248.0,7301.0,140.72732313662448,7145.799843501205,0.05339732766151428,0,188.89761063887744,1.9582849655500814,133,control
4169,323.0,7231.0,123.0,7044.0,0.07004611194133759,0,273.8219828726447,,133,control
4170,241.0,7190.0,133.0,7031.0,0.06447242200374603,0,192.4368618152155,,133,check
4171,279.0,7286.0,162.0,7269.0,0.055565495043992996,0,117.71737619071028,,133,control
4172,272.0,7295.0,162.0,7269.0,0.063462994992733,0,112.5935166634163,,133,control
4173,255.0,7321.0,154.0,7374.0,0.07360001653432846,0,113.16464570026078,,133,control
4174,419.0,7180.0,114.0,7080.0,0.07527247816324234,0,320.5912574961081,,133,control
4175,371.0,7178.0,422.0,7398.0,0.05010714754462242,0,225.24992931108065,,133,control
4176,341.0,7348.0,161.0,7337.0,0.05987194553017616,0,179.7603177959934,,133,check
4177,225.0,7221.0,422.0,7490.0,0.0523681640625,0,333.1656008576322,,133,control
4178,385.0,7320.0,234.24475073348387,7184.699209620723,0.07441748678684235,0,202.58791589137826,4.1535634881280705,133,control
4179,385.0,7320.0,386.0,7323.0,0.05715864151716232,1,2.775554973116998,,133,control
4180,369.0,7169.0,401.0,7322.0,0.06935462355613708,0,155.72040086785648,,133,control
4181,381.0,7309.0,416.0,7301.0,0.05347208306193352,0,36.648063682000796,,133,check
4182,221.0,7177.0,127.0,7338.0,0.07072270661592484,0,185.47640866516718,,133,control
4183,416.0,7273.0,269.0,7363.0,0.05089539289474487,0,171.45771784308786,,133,control
4184,249.0,7203.0,269.0,7363.0,0.05914647504687309,0,160.58927995930944,,133,control
4185,249.0,7203.0,209.0,7381.0,0.06960290670394897,0,181.57961162085869,,133,control
4186,396.0,7364.0,364.0,7203.0,0.057042501866817474,0,164.73569385600246,,133,control
4187,287.0,7314.0,82.0,7061.0,0.05313033238053322,0,325.7763089165176,,133,control
4188,230.0,7287.0,418.0,7362.0,0.05431109666824341,0,202.68780751018798,,133,control
4189,319.0,7347.0,181.81209719519626,7296.509659308008,0.06765321642160416,0,145.85631472854917,1.0168459832993137,133,check
4190,249.0,7195.0,326.0,7387.0,0.06789129972457886,0,206.4039492589265,,133,control
4191,373.0,7342.0,388.8790100081057,7392.599188674023,0.05397460237145424,0,52.511841290980016,1.6911864658762976,133,control
4192,410.0,7350.0,235.0,7468.0,0.05834796279668808,0,210.14009961921423,,133,control
4193,289.0,7270.0,423.0,7467.0,0.06962236016988754,0,237.96947670711512,,133,control
4194,259.0,7215.0,340.0,7426.0,0.1756112277507782,0,225.53500698855242,,133,control
4195,276.0,7212.0,363.0,7418.0,0.06265691667795181,0,223.16798699829104,,133,control
4196,447.0,7329.0,608.0,7462.0,0.05586277320981026,0,208.79749436376466,,134,check
4197,505.0,7256.0,324.37826476107085,7047.950043465407,0.07933714240789413,0,275.6427761639337,1.9384295047605666,134,control
4198,603.0,7275.0,753.0,7111.0,0.06735756993293762,0,223.14050121692406,,134,control
4199,452.0,7351.0,700.0,7369.0,0.07614989578723907,0,249.15718438826943,,134,check
4200,470.0,7201.0,500.0,7022.0,0.060966141521930695,0,182.27550564493936,,134,control
4201,576.0,7308.0,368.0,7179.0,0.06373066455125809,0,244.61926816132245,,134,check
4202,576.0,7308.0,697.0,7457.0,0.09936200082302094,0,191.72391708914387,,134,control
4203,652.0,7228.0,472.88348435919085,7067.7698362059955,0.06878785043954849,0,240.3478712186172,0.5202591187545551,134,control
4204,616.0,7218.0,743.0,7393.0,0.07677539438009262,0,215.9650143022854,,134,control
4205,567.0,7255.0,692.0,7398.0,0.05576368048787117,0,189.75234761631543,,134,control
4206,584.0,7262.0,748.8445367215709,7372.870335639713,0.05006967484951019,0,198.7165240043274,1.1430740001174082,134,control
4207,560.0,7322.0,677.0,7465.0,0.06847643852233887,0,184.54937322337406,,134,control
4208,590.0,7203.0,472.0417084048494,7067.719809721265,0.05124706029891968,0,179.62075672584814,0.7762320881334329,134,control
4209,581.0,7173.0,713.7134892924288,7088.170064915372,0.05289151892066002,0,158.357288579504,0.99370351007952,134,control
4210,465.0,7281.0,695.0,7411.0,0.05896040052175522,0,264.3240656000606,,134,control
4211,587.0,7228.0,743.9868116389005,7096.179310935734,0.07090312987565994,0,205.86565491082754,6.107274003401434,134,control
4212,557.0,7171.0,754.0,7156.0,0.05262017995119095,0,198.1810880838622,,134,control
4213,441.0,7193.0,697.5652518529179,7271.799909116436,0.062459904700517654,0,268.7221879986335,1.13566645475388,134,control
4214,499.0,7289.0,452.2630419985061,7108.159961857162,0.05224194750189781,0,187.31353419892295,6.56692816004343,134,control
4215,452.0,7248.0,745.0,7100.0,0.054739873856306076,0,329.0702573018515,,134,control
4216,515.0,7253.0,471.0,7069.0,0.05326158180832863,0,189.72795201996553,,134,check
4217,524.0,7277.0,468.0,7153.0,0.05200104042887688,0,136.46123050098768,,134,control
4218,454.0,7226.0,741.0,7086.0,0.0522763766348362,0,320.13367431418754,,134,control
4219,441.0,7348.0,759.0,7487.0,0.05002322047948837,0,347.2586439952499,,134,check
4220,441.0,7348.0,490.1962226912122,7336.97974604951,0.06608570367097855,0,51.14759195923362,1.5448693706174745,134,control
4221,455.0,7238.0,741.0,7086.0,0.05051865801215172,0,324.70291170565366,,134,control
4222,501.0,7347.0,609.2378593734178,7175.139189508266,0.05039079114794731,0,204.0073493252594,3.5374990778355553,134,control
4223,446.0,7232.0,741.0,7086.0,0.10241926461458206,0,329.96187208405206,,134,control
4224,440.0,7277.0,669.7277587164922,7401.670019503119,0.05308273062109947,0,261.5219898380973,1.8288113317058423,134,control
4225,640.0,7298.0,467.0,7057.0,0.06396453082561493,0,296.8829828094365,,134,check
4226,582.0,7359.0,365.0,7250.0,0.06772445142269135,0,242.62521307671997,,134,control
4227,582.0,7359.0,645.0,7135.0,0.05204928293824196,0,233.51816713898603,,134,control
4228,585.0,7212.0,614.0,7201.0,0.054212868213653564,0,31.806675639496504,,134,control
4229,777.0,7333.0,750.0,7437.0,0.057317983359098434,0,106.60281272189647,,135,control
4230,758.0,7296.0,825.598920141028,7331.209806036007,0.055830251425504684,0,76.37592889095704,1.9221064396716951,135,control
4231,767.0,7165.0,714.3152098489356,7089.060282229,0.050181515514850616,0,92.674565438746,2.781042194003811,135,control
4232,768.0,7264.0,727.0,7394.0,0.0538596585392952,0,135.4531723234156,,135,control
4233,832.0,7359.0,737.0,7358.0,0.06175941228866577,0,94.46220260221094,,135,check
4234,832.0,7359.0,599.0,7213.0,0.0625365599989891,0,274.85436467377275,,135,control
4235,666.0,7310.0,773.5170496107175,7194.309969154528,0.0562802217900753,0,158.82811796326112,0.6795693848579765,135,control
4236,830.0,7330.0,676.0,7452.0,0.06637245416641235,0,195.57537409616924,,135,check
4237,673.0,7367.0,727.0,7394.0,0.05583340302109718,0,60.55059667372065,,135,control
4238,767.0,7235.0,694.0,7103.0,0.05815352126955986,0,151.17478151172722,,135,control
4239,788.0,7330.0,676.0,7427.0,0.10598039627075195,0,147.26407522076823,,135,control
4240,858.0,7209.0,620.0,7279.0,0.055278897285461426,0,247.3319293021054,,135,control
4241,725.0,7160.0,697.0,7457.0,0.058301892131567,0,297.5333942790845,,135,control
4242,710.0,7181.0,770.1555405663369,7275.880951365831,0.05828035995364189,0,112.04224533315937,3.3347804733772732,135,control
4243,720.0,7347.0,722.0,7088.0,0.07612621039152145,0,259.7025798117081,,135,check
4244,670.0,7193.0,801.0,7344.0,0.1277761310338974,0,199.72263085704745,,135,control
4245,760.0,7339.0,768.0,7337.0,0.056611813604831696,0,8.97216615633491,,135,control
4246,848.0,7208.0,855.0,7207.0,0.10066945105791092,0,7.733631123820221,,135,control
4247,712.0,7167.0,769.8736877134613,7271.660078580954,0.07946428656578064,0,119.24419460913188,3.478172994628411,135,check
4248,674.0,7266.0,714.0,7313.0,0.06823226064443588,0,61.53886699720912,,135,control
4249,738.0,7355.0,769.0,7204.0,0.057774242013692856,0,154.94928387634926,,135,control
4250,741.0,7347.0,562.0,7404.0,0.05864805355668068,0,187.08861856878934,,135,control
4251,828.0,7197.0,802.0,7034.0,0.06828103959560394,0,165.64632195011222,,135,control
4252,717.0,7360.0,695.0,7411.0,0.055039361119270325,0,54.65274933840428,,135,control
4253,806.0,7301.0,843.0,7345.0,0.11878878623247147,0,57.29569487588542,,135,check
4254,124.0,7551.0,242.0,7350.0,0.05363459885120392,0,234.02424508446305,,136,control
4255,143.0,7422.0,144.0,7280.0,0.05239512398838997,0,142.7423445568942,,136,check
4256,169.0,7525.0,179.0,7665.0,0.06110803782939911,0,139.62559525333995,,136,control
4257,79.0,7445.0,127.0,7310.0,0.05352054163813591,0,144.1850506478535,,136,control
4258,51.0,7378.0,63.0,7294.0,0.05784202739596367,0,85.67461902023695,,136,control
4259,118.0,7536.0,110.0,7542.0,0.05209736153483391,0,9.045797077793825,,136,control
4260,87.0,7580.0,155.0,7671.0,0.0865350216627121,0,113.34632626405522,,136,control
4261,143.0,7528.0,153.0,7522.0,0.07636471092700958,0,12.58820895612423,,136,control
4262,53.0,7430.0,71.14043664672592,7268.0199576163095,0.06029050424695015,0,163.7940440789304,4.250926309744641,136,control
4263,103.0,7539.0,82.0,7542.0,0.12101737409830093,0,20.496257696419633,,136,control
4264,132.0,7548.0,140.0,7551.0,0.06150685250759125,0,8.90338911266928,,136,check
4265,208.0,7472.0,242.0,7617.0,0.051562074571847916,0,148.3229083343397,,136,control
4266,117.0,7407.0,142.0,7319.0,0.05414373800158501,0,92.3640038922446,,136,control
4267,195.0,7398.0,312.0,7537.0,0.06321892142295837,0,181.49432069243264,,136,check
4268,192.0,7580.0,302.13089192015724,7564.120102132614,0.07346676290035248,0,111.97301328759778,1.791430328890779,136,control
4269,157.0,7413.0,204.0,7261.0,0.062212321907281876,0,159.98063825337067,,136,control
4270,204.0,7378.0,321.0,7333.0,0.06898729503154755,0,126.1836436373247,,136,control
4271,108.0,7503.0,229.0,7589.0,0.06698281317949295,0,148.5017251826406,,136,control
4272,42.0,7427.0,44.0,7234.0,0.08632983267307281,0,193.74901772697734,,136,check
4273,146.0,7518.0,138.26418566024185,7459.279616533631,0.05532415956258774,0,59.899128143113465,2.4629283017524273,136,control
4274,146.0,7518.0,154.0,7510.0,0.05557724088430405,0,12.28892896899978,,136,control
4275,182.0,7566.0,307.0,7599.0,0.05308616906404495,0,129.66725531803263,,136,control
4276,43.0,7477.0,53.0,7277.0,0.07195696979761124,0,201.01757680193336,,136,check
4277,191.0,7453.0,255.0,7630.0,0.05281396210193634,0,187.69651508461922,,136,control
4278,58.0,7441.0,279.6364363372137,7478.429778405488,0.08901450783014297,0,225.2469013243592,2.747162385090442,136,control
4279,58.0,7441.0,70.06181185280094,7293.430689702387,0.059971921145915985,0,148.84913973569718,2.3980907210832623,136,control
4280,79.0,7534.0,161.0,7337.0,0.07066766917705536,0,214.30694859744338,,136,control
4281,125.0,7508.0,247.49455852780727,7662.190297200505,0.07211505621671677,0,196.69476542162084,3.9651070771915857,136,check
4282,179.0,7578.0,307.0,7599.0,0.06357180327177048,0,130.17893469562802,,136,control
4283,134.0,7452.0,316.0,7556.0,0.05718710646033287,0,209.76219463345944,,136,control
4284,140.0,7576.0,307.0,7599.0,0.05742974951863289,0,169.06519494301617,,136,check
4285,178.0,7403.0,246.0,7459.0,0.05676448717713356,0,88.08881309793212,,136,check
4286,40.0,7509.0,44.0,7356.0,0.06777314096689224,0,153.8155763153786,,136,control
4287,158.0,7514.0,172.0,7532.0,0.050844457000494,0,22.59963427937404,,136,control
4288,166.0,7455.0,297.0,7615.0,0.07916945219039917,0,206.57374482637908,,136,check
4289,60.0,7390.0,277.0,7302.0,0.05211080610752106,0,235.00557487468927,,136,control
4290,71.0,7521.0,167.2994596215016,7332.950734513756,0.07124985754489899,0,212.2140160697915,1.8109922968048384,136,control
4291,147.0,7495.0,307.62166152747903,7600.84012717356,0.0616808645427227,0,192.43681154291477,2.0935027322075137,136,control
4292,148.0,7539.0,153.90553402221082,7536.460409873648,0.05261008441448212,0,7.31152469051918,5.571063250133512,136,control
4293,46.0,7499.0,50.0,7335.0,0.08346068114042282,0,164.80818093302966,,136,control
4294,44.0,7463.0,46.0,7254.0,0.0647120475769043,0,209.7499655742741,,136,control
4295,141.0,7460.0,279.0,7664.0,0.05905548483133316,0,245.987750189804,,136,control
4296,39.0,7543.0,48.0,7312.0,0.050548553466796875,0,231.94057515091436,,136,control
4297,40.0,7550.0,55.0,7491.0,0.05031447857618332,0,61.77183275616508,,136,control
4298,57.0,7536.0,237.0,7676.0,0.1324852705001831,0,228.03551234687959,,136,control
4299,302.0,7457.0,439.0,7586.0,0.08464237302541733,0,188.08040577797703,,137,control
4300,387.0,7522.0,264.0,7643.0,0.0506339855492115,0,171.5701377090898,,137,control
4301,385.0,7535.0,307.0,7599.0,0.061111509799957275,0,99.94915756945008,,137,control
4302,425.0,7583.0,427.9456468814544,7628.100420956176,0.1441076099872589,0,44.47546680330612,1.0206318374675332,137,control
4303,320.0,7541.0,441.10500691102663,7589.6305526593405,0.05258733779191971,0,130.76343796019705,2.6819929952533985,137,control
4304,265.0,7587.0,268.9840798190472,7426.549488856273,0.05232446268200874,0,161.26221444563183,0.8380539578338454,137,control
4305,343.0,7464.0,433.33051698449236,7241.6800062508155,0.08513995260000229,0,240.8597078272027,0.8651596253061917,137,control
4306,431.0,7523.0,90.0,7258.0,0.06568603962659836,0,431.812693345477,,137,control
4307,318.0,7386.0,285.0,7361.0,0.057983964681625366,0,41.37271479246986,,137,control
4308,313.0,7484.0,255.0,7630.0,0.050853267312049866,0,156.1599389158683,,137,control
4309,362.0,7380.0,437.0,7441.0,0.05038316920399666,0,96.66612786691242,,137,control
4310,277.0,7452.0,89.33882477671081,7258.099939956575,0.09411567449569702,0,269.92711697449266,1.253033895986289,137,check
4311,417.0,7407.0,385.59875675704905,7278.201018556548,0.050889499485492706,0,133.13576124096923,2.945745591118416,137,control
4312,354.0,7372.0,524.0,7384.0,0.05467771366238594,0,170.94991463429588,,137,control
4313,319.0,7520.0,440.0,7555.0,0.05413094535470009,0,126.31280702466726,,137,control
4314,337.0,7425.0,168.40602308640365,7274.709558111983,0.07446601986885071,0,225.87902559638266,0.6905431100765342,137,check
4315,248.0,7375.0,277.0,7675.0,0.06954509019851685,0,300.684371823239,,137,control
4316,248.0,7375.0,329.0602533986967,7566.389437612729,0.06367246806621552,0,207.38082952772973,1.540940518240899,137,check
4317,218.0,7567.0,260.0,7590.0,0.06436865031719208,0,48.055498944624325,,137,check
4318,285.0,7440.0,492.0,7338.0,0.058014873415231705,0,231.61171725898328,,137,control
4319,435.0,7490.0,331.0,7600.0,0.05245403200387955,0,150.41647214904162,,137,check
4320,393.0,7474.0,207.0,7580.0,0.0555255226790905,0,213.17518923716557,,137,control
4321,269.0,7578.0,437.51085990860213,7496.650282894382,0.05487803742289543,0,187.97199926291592,5.7197249058492,137,control
4322,421.0,7422.0,313.0,7567.0,0.050604719668626785,0,179.83343959436252,,137,control
4323,254.0,7428.0,101.0,7417.0,0.06546097248792648,0,152.82461079031833,,137,control
4324,330.0,7454.0,407.0,7579.0,0.05529571697115898,0,146.4756590354671,,137,control
4325,225.0,7376.0,280.0,7563.0,0.07012111693620682,0,194.36040785957732,,137,check
4326,234.0,7495.0,255.0,7630.0,0.0508008748292923,0,135.9558763732571,,137,control
4327,313.0,7470.0,423.0,7467.0,0.08246932923793793,0,110.65084363154791,,137,control
4328,410.0,7393.0,142.0,7297.0,0.051598191261291504,0,284.33425831659537,,137,control
4329,416.0,7585.0,142.0,7393.0,0.11912441998720169,0,334.49345159564297,,137,control
4330,386.0,7512.0,417.0,7513.0,0.08615797013044357,0,31.587521153004264,,137,check
4331,253.0,7416.0,453.0,7431.0,0.0751556009054184,0,201.09128368934643,,137,check
4332,248.0,7479.0,135.0,7270.0,0.06963618844747543,0,237.9387711878886,,137,control
4333,382.0,7417.0,521.0,7425.0,0.07223794609308243,0,139.76592973322758,,137,control
4334,350.0,7534.0,492.0,7356.0,0.051229190081357956,0,228.63586511765695,,137,control
4335,231.0,7401.0,331.0,7465.0,0.06505568325519562,0,118.8308978743082,,137,control
4336,337.0,7536.0,431.0,7324.0,0.08683067560195923,0,232.8108710720876,,137,control
4337,417.0,7544.0,133.0,7597.0,0.07841110229492188,0,288.1550249435688,,137,control
4338,357.0,7523.0,387.0,7545.0,0.05573296919465065,0,37.24214446868569,,137,control
4339,316.0,7450.0,475.0,7571.0,0.09230928122997284,0,199.8086399838753,,137,control
4340,417.0,7498.0,297.0,7615.0,0.058708664029836655,0,166.6339020915344,,137,control
4341,599.0,7557.0,440.90704808050015,7438.360096425997,0.058137793093919754,0,197.63689006276758,2.3321026916829206,138,control
4342,592.0,7554.0,615.8973340274915,7702.548974064624,0.06490635871887207,0,149.79103719184764,3.8824738392461553,138,control
4343,608.0,7566.0,461.1963882665747,7598.8504053962015,0.062444549053907394,0,149.70513660160515,1.84395947535814,138,control
4344,623.0,7410.0,317.0,7403.0,0.07604166120290756,0,305.4957325036335,,138,control
4345,537.0,7395.0,434.512448715826,7240.21986467183,0.08367446064949036,0,185.9086922704105,0.9626830388714257,138,control
4346,571.0,7587.0,434.0,7570.0,0.0559825673699379,0,137.56841520855312,,138,control
4347,500.0,7580.0,776.0415269867357,7531.519132806615,0.051813043653964996,0,280.93005739852623,1.8310150256970472,138,control
4348,474.0,7533.0,785.0,7727.0,0.0571303591132164,0,366.5978160760055,,138,control
4349,581.0,7458.0,601.7704017262954,7479.850426548946,0.07973415404558182,0,30.01369132982903,1.2530378746351005,138,control
4350,438.0,7520.0,349.34755860716444,7552.48024001011,0.05536096543073654,0,93.59845674788932,1.9658066448920126,138,control
4351,514.0,7542.0,706.884449276327,7372.171304027895,0.051621053367853165,0,257.8911878429499,3.076399043189177,138,control
4352,514.0,7531.0,595.0362342335555,7367.940504302417,0.05219963937997818,0,182.99163702580432,2.9052308419107766,138,control
4353,524.0,7476.0,497.32572475945693,7520.759362908302,0.050244446843862534,0,51.165779372189306,1.375484882738002,138,check
4354,565.0,7575.0,386.0,7323.0,0.05807127431035042,0,309.3542295417136,,138,control
4355,545.0,7501.0,570.0,7702.0,0.050244126468896866,0,201.8560546772554,,138,control
4356,642.0,7511.0,508.0,7627.0,0.06319041550159454,0,176.30342572064316,,138,control
4357,640.0,7375.0,751.0,7415.0,0.05579615756869316,0,118.26089553744423,,138,control
4358,474.0,7392.0,475.0,7391.0,0.05915209278464317,0,2.349115784720807,,138,control
4359,505.0,7480.0,696.5030604405474,7411.400218609886,0.06025885418057442,0,204.18972755552255,1.6078627907051672,138,check
4360,457.0,7423.0,478.0,7476.0,0.05143645033240318,0,56.53585342014795,,138,control
4361,575.0,7433.0,660.6824112638144,7466.470611762124,0.0557226799428463,0,92.24433760234945,6.236136101763389,138,check
4362,483.0,7466.0,346.0,7528.0,0.05620848760008812,0,149.52355584394118,,138,control
4363,541.0,7470.0,586.0,7497.0,0.0559159554541111,0,52.590138335453304,,138,control
4364,604.0,7421.0,310.0,7427.0,0.08159013092517853,0,293.4446715324892,,138,check
4365,612.0,7410.0,314.0,7346.0,0.05038715526461601,0,304.35930022813983,,138,control
4366,454.0,7586.0,705.0,7416.0,0.05459722876548767,0,304.021019058861,,138,control
4367,544.0,7555.0,774.0,7519.0,0.0690593272447586,0,233.4525688663,,138,check
4368,522.0,7379.0,735.0,7410.0,0.05646710470318794,0,215.6868322929252,,138,check
4369,496.0,7396.0,727.0,7315.0,0.0635465681552887,0,245.55231094588754,,138,control
4370,508.0,7468.0,700.9120007401787,7272.710193561914,0.07850193977355957,0,275.4065305238713,2.2233952501795846,138,control
4371,603.0,7476.0,353.0,7303.0,0.05193166434764862,0,303.94277666234797,,138,control
4372,467.0,7511.0,602.0,7518.0,0.05510823801159859,0,135.70834112770166,,138,control
4373,514.0,7431.0,427.0,7663.0,0.050770096480846405,0,246.8523011831859,,138,control
4374,483.0,7385.0,735.0,7410.0,0.052895013242959976,0,253.71558376728902,,138,check
4375,643.0,7431.0,351.0,7428.0,0.07025137543678284,0,291.4266199797201,,138,control
4376,616.0,7539.0,372.0,7727.0,0.060490965843200684,0,307.0877117643747,,138,control
4377,537.0,7422.0,510.0,7560.0,0.05180608481168747,0,139.7670086047339,,138,control
4378,537.0,7422.0,435.0,7640.0,0.09450919181108475,0,239.742669020459,,138,control
4379,584.0,7584.0,734.0,7383.0,0.05461485683917999,0,251.71243550102486,,138,control
4380,459.0,7394.0,454.0,7714.0,0.0826280489563942,0,319.25623854019847,,138,control
4381,648.0,7407.0,396.0,7365.0,0.054948773235082626,0,255.01198069795842,,138,control
4382,596.0,7539.0,355.0,7714.0,0.055643100291490555,0,296.9036185954132,,138,check
4383,525.0,7395.0,538.0,7395.0,0.05559242516756058,0,13.595893818966905,,138,control
4384,524.0,7413.0,421.35299931264575,7628.579754405153,0.061081238090991974,0,237.82874693884,2.0242485295470978,138,control
4385,517.0,7417.0,407.0,7632.0,0.06126624718308449,0,240.55781628108292,,138,control
4386,571.0,7483.0,701.0,7295.0,0.05277814716100693,0,229.47648933112146,,138,check
4387,571.0,7483.0,339.0,7542.0,0.0819973424077034,0,238.62203529380741,,138,control
4388,802.0,7392.0,748.0024513774794,7373.24039296328,0.08745568245649338,0,56.88627172904709,1.6475895594200105,139,control
4389,820.0,7378.0,654.1855398758527,7421.049404367369,0.06076647341251373,0,170.5853543789297,1.0467875427097166,139,check
4390,715.0,7518.0,622.0,7641.0,0.11645496636629105,0,153.25887556869867,,139,control
4391,675.0,7529.0,575.0,7675.0,0.055648937821388245,0,176.01414140580815,,139,check
4392,844.0,7373.0,617.0,7431.0,0.05123252421617508,0,233.5635864608546,,139,control
4393,735.0,7490.0,825.0,7721.0,0.06856600195169449,0,247.3966453560712,,139,control
4394,732.0,7524.0,765.2135364433212,7554.370817432481,0.08237312734127045,0,44.913750053122804,0.6810974767818694,139,control
4395,723.0,7441.0,678.0,7440.0,0.062189362943172455,0,44.47607545600381,,139,control
4396,706.0,7418.0,705.0,7416.0,0.05295032262802124,0,2.7658877444963395,,139,control
4397,818.0,7578.0,787.0,7602.0,0.06480128318071365,0,38.32052410724887,,139,control
4398,704.0,7570.0,752.0,7370.0,0.10328784584999084,0,206.51113217922733,,139,control
4399,752.0,7575.0,538.9241068113274,7606.2503140190865,0.057691656053066254,0,214.68366024032267,1.0499495651473645,139,control
4400,742.0,7371.0,752.0,7370.0,0.06820495426654816,0,10.690987249232174,,139,control
4401,735.0,7463.0,789.0376529542074,7675.8696707090585,0.051370687782764435,0,219.0195864387905,0.6574779295646153,139,control
4402,724.0,7393.0,846.0,7442.0,0.07999872416257858,0,131.70272208389014,,139,control
4403,693.0,7518.0,590.0,7651.0,0.09221082925796509,0,167.27405343956082,,139,control
4404,660.0,7402.0,527.0,7707.0,0.07227315753698349,0,331.803952358963,,139,control
4405,828.0,7443.0,740.0,7651.0,0.062420476227998734,0,224.9409478950597,,139,check
4406,786.0,7447.0,656.1000663564521,7422.509903271274,0.07969372719526291,0,131.77534666652707,0.6620310844293286,139,control
4407,780.0,7559.0,569.0,7686.0,0.05135253071784973,0,245.39517154439298,,139,control
4408,824.0,7427.0,743.0,7289.0,0.06630220264196396,0,160.35198510944915,,139,control
4409,694.0,7405.0,745.0,7614.0,0.05523410439491272,0,214.53169914928787,,139,check
4410,694.0,7378.0,791.0441062203164,7471.719903333799,0.06130727380514145,0,134.79504131808343,5.0263402218570565,139,control
4411,746.0,7440.0,805.0,7646.0,0.05171292647719383,0,213.70622178341227,,139,control
4412,793.0,7453.0,617.0,7431.0,0.052968453615903854,0,176.90160928690707,,139,control
4413,752.0,7431.0,675.0,7378.0,0.056656621396541595,0,93.4321186559399,,139,control
4414,774.0,7425.0,771.849929958865,7635.8301647276285,0.05578288435935974,0,210.08234624235982,1.1737907924288558,139,check
4415,717.0,7416.0,784.0,7623.0,0.0794655829668045,0,217.02463789487686,,139,control
4416,795.0,7500.0,808.6592712838647,7683.039828718525,0.06585770100355148,0,182.83315547828676,5.349235442791538,139,control
4417,815.0,7540.0,700.0,7369.0,0.06963562220335007,0,206.36461722562194,,139,control
4418,725.0,7566.0,812.0,7363.0,0.05824130028486252,0,221.73356049398996,,139,check
4419,49.0,7690.0,40.921844482873695,7845.279942979674,0.10495185852050781,0,154.65531883340452,3.2474660449989874,140,control
4420,70.0,7803.0,60.0,7836.0,0.12402686476707458,0,33.53624005214608,,140,control
4421,124.0,7773.0,83.16743422857002,7864.740817099232,0.12949271500110626,0,99.43211312826175,7.40548598063122,140,control
4422,181.0,7796.0,82.0,7542.0,0.10824082046747208,0,273.09990110606736,,140,control
4423,87.0,7762.0,94.0,7768.0,0.13676327466964722,0,9.226008051015892,,140,control
4424,50.0,7718.0,62.0,7554.0,0.12049691379070282,0,165.25201348110326,,140,control
4425,81.0,7694.0,60.0,7836.0,0.11407667398452759,0,142.66069514859737,,140,control
4426,68.0,7697.0,60.0,7836.0,0.1278042495250702,0,138.39423354077465,,140,check
4427,41.0,7656.0,81.99177789877199,7547.689955083881,0.1452418863773346,0,116.74711448939388,4.126194693586221,140,control
4428,303.0,7708.0,510.7906716631511,7557.479973182859,0.054312434047460556,0,257.4867967914466,1.0289528315249468,141,control
4429,359.0,7736.0,280.59299540074994,7746.08029870259,0.053215038031339645,0,78.36548992082021,0.8192649956082558,141,control
4430,422.0,7736.0,425.715265514176,7752.93988529185,0.05392376706004143,0,16.72016613277502,2.075011030633938,141,control
4431,350.0,7757.0,220.2620454693804,7659.311287637978,0.06949601322412491,0,162.39024574766805,1.4842936276462801,141,control
4432,276.0,7738.0,273.0,7730.0,0.05254637077450752,0,9.105631723913824,,141,control
4433,259.0,7731.0,372.0,7906.0,0.05179058760404587,0,207.95564336406295,,141,control
4434,395.0,7757.0,241.20401179749462,7664.659259567211,0.09435615688562393,0,179.2734954061438,1.8766930969719842,141,control
4435,392.0,7781.0,130.0,7521.0,0.05593995749950409,0,369.2102378977506,,141,control
4436,341.0,7643.0,359.0,7484.0,0.06411922723054886,0,160.82863768822511,,141,control
4437,250.0,7801.0,301.0,7690.0,0.055520135909318924,0,123.10987529440601,,141,check
4438,336.0,7803.0,107.071291062075,7766.329094424544,0.07046391069889069,0,231.3670034847536,2.310357221881761,141,control
4439,345.0,7740.0,531.0,7887.0,0.07275421172380447,0,237.02574120673117,,141,control
4440,284.0,7785.0,244.0,7732.0,0.09566282480955124,0,66.67150104858663,,141,check
4441,350.0,7721.0,269.1533862729602,7731.759449367492,0.07250010967254639,0,80.86765882109259,1.7208847763999082,141,control
4442,359.0,7653.0,282.0,7477.0,0.06289859116077423,0,192.55543008157474,,141,control
4443,386.0,7772.0,523.3051190745753,7930.638390417929,0.06523966789245605,0,209.5713782345592,2.1583180374272923,141,check
4444,313.0,7628.0,540.0,7729.0,0.0685378909111023,0,248.65819270731575,,141,control
4445,371.0,7656.0,305.43660081956585,7597.469614939272,0.05333162471652031,0,87.9581982408166,1.9893172971821302,141,control
4446,424.0,7782.0,528.0,7869.0,0.08124565333127975,0,135.51771523689595,,141,control
4447,365.0,7628.0,482.26066277973354,7689.570089513272,0.07512494921684265,0,132.5943407084691,0.9760781403655538,141,check
4448,274.0,7753.0,312.4537383391364,7711.569363404344,0.053568676114082336,0,57.49994321710817,6.580387336066545,141,control
4449,277.0,7799.0,177.0,7866.0,0.05600184574723244,0,119.4230978063401,,141,control
4450,398.0,7651.0,341.1726139196409,7597.300310968545,0.05706702917814255,0,78.28580123755229,3.075224518469654,141,check
4451,262.0,7677.0,239.0,7876.0,0.050731923431158066,0,199.46095168837488,,141,control
4452,433.0,7656.0,540.0,7918.0,0.07680503278970718,0,282.4822409415376,,141,control
4453,413.0,7721.0,199.0,7700.0,0.06350862979888916,0,214.5025371785839,,141,control
4454,415.0,7674.0,83.0,7774.0,0.08718715608119965,0,345.9133184740317,,141,control
4455,350.0,7697.0,498.34464106184214,7826.639434228424,0.05005647987127304,0,196.91988526435523,2.840626879148412,141,control
4456,292.0,7627.0,418.0,7745.0,0.06274573504924774,0,172.51883982930696,,141,control
4457,305.0,7602.0,354.0,7868.0,0.05383827164769173,0,269.79863028373614,,141,control
4458,304.0,7743.0,290.0,7810.0,0.05262019485235214,0,67.55244558250425,,141,control
4459,338.0,7767.0,86.12916816093306,7546.941155116894,0.08405523747205734,0,334.4974290860415,1.3529746104665792,141,control
4460,404.0,7721.0,408.32189059008374,7739.010049188506,0.07376731187105179,0,17.914639345346288,5.040036446781101,141,check
4461,383.0,7680.0,196.0,7590.0,0.05326351150870323,0,207.3161774231194,,141,control
4462,383.0,7680.0,385.0,7692.0,0.0787229835987091,0,11.519413961412797,,141,check
4463,425.0,7638.0,491.0,7712.0,0.06530124694108963,0,98.96398994845387,,141,control
4464,394.0,7702.0,395.0,7710.0,0.06861760467290878,0,7.395269913546791,,141,control
4465,258.0,7717.0,537.0,7849.0,0.05038376897573471,0,308.82146707037884,,141,check
4466,359.0,7789.0,101.0,7539.0,0.08017874509096146,0,359.3411113683329,,141,control
4467,312.0,7760.0,179.0,7665.0,0.08729507774114609,0,163.40316886067762,,141,control
4468,340.0,7623.0,301.62025215929646,7581.110192794194,0.0699123963713646,0,56.98056195985209,2.6011477952749105,141,control
4469,374.0,7687.0,385.0,7692.0,0.08328608423471451,0,12.330874547033927,,141,control
4470,380.0,7705.0,139.0,7716.0,0.057476211339235306,0,240.60403004132473,,141,control
4471,393.0,7691.0,385.0,7692.0,0.06315755099058151,0,7.419269962639275,,141,control
4472,361.0,7667.0,307.0,7611.0,0.07000792771577835,0,77.93882496000064,,141,check
4473,323.0,7622.0,153.0,7716.0,0.05277787894010544,0,193.34315908537997,,141,control
4474,371.0,7598.0,279.15703434606297,7606.63078213644,0.06761288642883301,0,91.58130793564946,3.603797029583669,141,control
4475,374.0,7640.0,407.0,7632.0,0.0597485713660717,0,34.708864823113515,,141,control
4476,614.0,7723.0,303.0,7743.0,0.054060474038124084,0,311.0020277256809,,142,check
4477,514.0,7706.0,516.9715408864024,7701.379378291974,0.0802740752696991,0,6.449408058913704,1.5476438163244137,142,control
4478,545.0,7725.0,420.4463870747131,7726.18947576144,0.0675838440656662,0,123.97557766303379,2.323182192828033,142,control
4479,484.0,7689.0,737.9979695774776,7754.709795270267,0.050387851893901825,0,262.6911021449613,1.6217031323463753,142,control
4480,640.0,7774.0,331.0,7936.0,0.06560169905424118,0,348.00181616882264,,142,control
4481,644.0,7698.0,333.0,7725.0,0.10040968656539917,0,311.5161536470923,,142,check
4482,501.0,7696.0,448.3877009264084,7602.3594450930395,0.05019650235772133,0,107.79187446611284,0.5898508614207978,142,control
4483,592.0,7626.0,586.0,7679.0,0.06501881033182144,0,52.51682837907466,,142,control
4484,485.0,7760.0,499.0,7707.0,0.058164793998003006,0,55.71098557907956,,142,control
4485,574.0,7652.0,310.6053536670033,7800.550495495947,0.052347294986248016,0,301.49602715597064,3.68754398844402,142,control
4486,521.0,7701.0,438.0,7614.0,0.09418308734893799,0,120.39647483899692,,142,control
4487,566.0,7797.0,438.0,7491.0,0.05080118402838707,0,332.15823381984274,,142,control
4488,455.0,7772.0,475.0,7760.0,0.07666720449924469,0,24.21723148268541,,142,control
4489,647.0,7728.0,558.6912389456959,7887.450034879213,0.06771215051412582,0,181.30898669743002,1.2836157038430265,142,control
4490,574.0,7781.0,403.9798148070302,7599.519928538196,0.0567375086247921,0,248.83844373238603,3.432744450709682,142,control
4491,567.0,7659.0,550.0,7800.0,0.08529466390609741,0,141.17897779439923,,142,check
4492,640.0,7609.0,764.0,7870.0,0.05786823853850365,0,288.48142923520624,,142,check
4493,436.0,7684.0,452.9242749603705,7701.750024162471,0.0741385966539383,0,24.381706779735822,2.3708861340228933,142,control
4494,602.0,7751.0,373.0,7892.0,0.06851490586996078,0,268.0162962530124,,142,control
4495,527.0,7708.0,765.0,7744.0,0.06821809709072113,0,241.12468157059544,,142,control
4496,444.0,7715.0,444.0,7715.0,0.0644497349858284,1,0.9656923793381392,,142,control
4497,561.0,7780.0,404.0,7600.0,0.05617814511060715,0,239.0412042815842,,142,control
4498,521.0,7771.0,422.0,7490.0,0.08658982068300247,0,298.441720616739,,142,control
4499,570.0,7667.0,438.0,7919.0,0.05185287818312645,0,283.505739933359,,142,control
4500,515.0,7626.0,420.31674964897553,7526.699071662135,0.05847178399562836,0,137.3505114247386,2.880114411123995,142,control
4501,505.0,7689.0,537.0,7849.0,0.05818142369389534,0,162.50760149317938,,142,control
4502,589.0,7723.0,354.0,7868.0,0.05084520950913429,0,275.2209695625162,,142,check
4503,578.0,7633.0,389.0,7823.0,0.052675824612379074,0,267.0260849908133,,142,control
4504,449.0,7597.0,775.4586125228103,7547.859793379574,0.08197683840990067,0,330.7838316994169,1.2647085832885199,142,control
4505,491.0,7645.0,648.0,7874.0,0.07545525580644608,0,277.31216609081105,,142,check
4506,456.0,7740.0,475.0,7760.0,0.05011718347668648,0,27.431041297686438,,142,check
4507,476.0,7625.0,450.0,7482.0,0.050972431898117065,0,145.9763800395107,,142,control
4508,466.0,7625.0,606.0,7688.0,0.06188762187957764,0,153.71906734235853,,142,control
4509,552.0,7740.0,338.0,7895.0,0.05309739708900452,0,263.2954556823472,,142,control
4510,447.0,7703.0,585.104408593323,7710.230498342293,0.06155065447092056,0,138.81435127567755,1.1890026501706594,142,control
4511,709.0,7746.0,653.0,7907.0,0.056184444576501846,0,169.5356407613836,,143,control
4512,709.0,7746.0,712.6756931082269,7935.748801144848,0.06251037865877151,0,189.0036654031177,2.987108682716003,143,control
4513,753.0,7757.0,748.1352975819057,7754.309125913769,0.06961037218570709,0,5.539685603980431,4.159252424328357,143,control
4514,725.0,7796.0,803.8878087976174,7686.389848284496,0.06329335272312164,0,135.9748856401249,1.5302817921011231,143,control
4515,822.0,7670.0,533.2488534865714,7814.540211701081,0.06542787700891495,0,322.0541047325863,1.9788160563390513,143,control
4516,737.0,7777.0,600.0,7498.0,0.05491521954536438,0,311.2408395108547,,143,check
4517,784.0,7598.0,728.7164905882403,7747.3192526632265,0.058882392942905426,0,158.31601174971888,6.472803369897731,143,check
4518,765.0,7657.0,571.0,7925.0,0.061100248247385025,0,329.87815105913916,,143,control
4519,820.0,7764.0,618.9979005935575,7882.119833560108,0.06118077039718628,0,232.26668893044723,2.2509946512162538,143,control
4520,740.0,7692.0,592.9414623245682,7557.759260680598,0.05032742768526077,0,199.20696848208814,2.593548264728997,143,control
4521,713.0,7609.0,600.161036169762,7719.350467808153,0.052409540861845016,0,156.89180067623687,2.836469059819977,143,check
4522,704.0,7662.0,814.0,7836.0,0.06996508687734604,0,205.48166130693377,,143,control
4523,814.0,7738.0,530.0,7729.0,0.0530032254755497,0,283.60299625376825,,143,control
4524,783.0,7641.0,766.0,7910.0,0.06620069593191147,0,268.71802703994933,,143,control
4525,786.0,7664.0,532.0,7858.0,0.06950560212135315,0,318.6878462528547,,143,control
4526,659.0,7632.0,802.0,7464.0,0.05984530225396156,0,221.5285430814216,,143,control
4527,775.0,7672.0,800.769821448969,7842.030172103776,0.05010420083999634,0,171.28341717508093,2.484026698460349,143,control
4528,808.0,7629.0,724.0,7770.0,0.051583804190158844,0,163.185186798365,,143,control
4529,833.0,7672.0,784.0,7623.0,0.06477946043014526,0,69.4533517363498,,143,control
4530,654.0,7771.0,628.0,7789.0,0.054220154881477356,0,30.72847302913865,,143,control
4531,809.0,7693.0,730.0,7750.0,0.053666919469833374,0,96.52858502504397,,143,check
4532,831.0,7727.0,728.0,7725.0,0.06146714463829994,0,102.49551733695871,,143,control
4533,725.0,7618.0,724.0,7770.0,0.058280784636735916,0,151.22892636205185,,143,control
4534,70.0,7960.0,61.0,7962.0,0.05404265224933624,0,8.469201397812443,,144,control
4535,81.0,7866.0,34.0,7861.0,0.0906420648097992,0,46.74162487903106,,144,control
4536,35.0,7846.0,38.0,7970.0,0.07596207410097122,0,123.2334322011705,,144,control
4537,51.0,8000.0,60.98152322910496,8008.671454920412,0.058825768530368805,0,13.183898838113707,2.1997263299861753,144,check
4538,148.0,7855.0,61.0,7962.0,0.06752140820026398,0,136.884022185777,,144,control
4539,191.0,7969.0,74.0,7968.0,0.0632573589682579,0,116.40226593597068,,144,control
4540,190.0,7982.0,326.0,8122.0,0.05125853046774864,0,194.99222016264912,,144,check
4541,111.0,7975.0,272.0,8112.0,0.058290641754865646,0,211.30966232315103,,144,control
4542,129.0,7831.0,113.0,7722.0,0.0705089271068573,0,110.85987336380892,,144,control
4543,34.0,7819.0,38.0,7970.0,0.08219342678785324,0,150.2512922649833,,144,control
4544,132.0,7864.0,60.0,7836.0,0.05448821932077408,0,76.97376666698618,,144,control
4545,86.0,7975.0,74.0,7968.0,0.05047997087240219,0,13.813451205246842,,144,control
4546,102.0,7821.0,61.0,7962.0,0.05509303882718086,0,145.88379195822824,,144,control
4547,39.0,7864.0,38.56382152616423,7848.679266468618,0.05793360620737076,0,16.126828272928652,1.571717787959549,144,control
4548,39.0,7864.0,36.0,7986.0,0.08281669020652771,0,121.20182316248747,,144,control
4549,180.0,7896.0,126.0,7719.0,0.07280022650957108,0,185.6287751585453,,144,control
4550,76.0,7982.0,76.0,8006.0,0.06612064689397812,0,23.185395455108306,,144,control
4551,204.0,7834.0,303.7210542581911,7977.9800955281535,0.07539288699626923,0,174.80957952516886,4.7769683078838545,144,control
4552,204.0,7834.0,107.0,8012.0,0.05195935443043709,0,201.70191225661952,,144,control
4553,69.0,7892.0,63.26348895048374,7888.808865845911,0.0643049106001854,0,6.497768466805908,2.7085517798000938,144,control
4554,70.0,7885.0,64.25309160979624,7882.2191693938885,0.06995896250009537,0,6.261495784201935,2.49043214826768,144,control
4555,74.0,7845.0,41.0,7839.0,0.05362887680530548,0,33.08672449197105,,144,check
4556,55.0,7922.0,79.0,7947.0,0.09326524287462234,0,34.50574138874972,,144,control
4557,55.0,7922.0,54.0,7921.0,0.09387548267841339,1,1.8534163831775516,,144,control
4558,148.0,7838.0,141.0,7725.0,0.0643630251288414,0,113.96577846854805,,144,check
4559,39.0,7897.0,39.0,7912.0,0.2435469776391983,0,14.200822910794207,,144,check
4560,169.0,7954.0,53.0,7947.0,0.05771511793136597,0,115.64925647808421,,144,control
4561,159.0,7878.0,141.0,7766.0,0.0649181380867958,0,114.12411960638887,,144,control
4562,56.0,7945.0,53.0,7947.0,0.07938946783542633,1,2.6623968586061055,,144,check
4563,205.0,7946.0,172.0,8085.0,0.05067585036158562,0,141.92003114403505,,144,control
4564,142.0,7959.0,83.0,7774.0,0.06788267195224762,0,194.7514104805343,,144,control
4565,102.0,7872.0,41.0,7839.0,0.07796941697597504,0,69.19822940999373,,144,check
4566,58.0,7953.0,61.0,7962.0,0.06321917474269867,0,8.944607948448416,,144,control
4567,118.0,7900.0,60.0,7859.0,0.15188844501972198,0,70.99623463632925,,144,control
4568,106.0,7917.0,102.0,7774.0,0.06696514785289764,0,143.83369749255246,,144,control
4569,106.0,7929.0,90.0,7965.0,0.06573484092950821,0,38.401509348044854,,144,control
4570,93.0,7814.0,61.0,7962.0,0.06678471714258194,0,150.49145214675295,,144,control
4571,139.0,7970.0,236.84425522880315,8097.850701598534,0.0788721814751625,0,160.697313955795,1.6469172629809732,144,control
4572,110.0,7837.0,60.0,7836.0,0.07288350909948349,0,49.41469257540507,,144,control
4573,178.0,7958.0,53.0,7947.0,0.08166320621967316,0,124.94481975125385,,144,control
4574,141.0,7816.0,183.0,7721.0,0.09746025502681732,0,104.83367186680225,,144,control
4575,37.0,7969.0,38.0,7970.0,0.06502266973257065,1,1.626222128815212,,144,control
4576,61.0,7980.0,57.60984034921606,7975.220220085163,0.07653900980949402,0,6.249947770752851,0.48993431012310523,144,control
4577,35.0,7937.0,36.0,7986.0,0.060510311275720596,0,48.2054622439204,,144,check
4578,156.0,7905.0,76.0,8006.0,0.06169828772544861,0,127.8210320633781,,144,control
4579,216.0,7891.0,93.0,7800.0,0.050872307270765305,0,152.98599021190532,,144,check
4580,345.0,7873.0,234.0,8108.0,0.05098101496696472,0,258.89517592758716,,145,control
4581,332.0,7879.0,216.0,8124.0,0.05501584708690643,0,270.06967764816176,,145,control
4582,221.0,7906.0,159.2368470215619,7816.959588657704,0.05007294565439224,0,108.67773174143787,0.7120971719130978,145,control
4583,258.0,7819.0,162.02317410387232,7912.460346714135,0.053329404443502426,0,132.9680104748689,1.172766811180017,145,check
4584,227.0,7942.0,216.40028870768407,8080.63005263026,0.060294706374406815,0,138.1663233761544,1.1761229891857847,145,control
4585,266.0,7959.0,260.0,7961.0,0.06120999529957771,0,5.539313447932436,,145,control
4586,303.0,7881.0,235.91256624325135,8096.980257463825,0.054168593138456345,0,225.19472298804644,1.788986427929653,145,check
4587,416.0,7906.0,409.50889552256376,8124.429835078983,0.05229491367936134,0,217.68520539960917,0.8737110455741144,145,check
4588,376.0,7824.0,244.0,7732.0,0.05150935798883438,0,160.85672125788633,,145,control
4589,301.0,7854.0,278.9806881552447,7955.420005134308,0.053208548575639725,0,102.86779679666104,3.3619241428518793,145,control
4590,300.0,7986.0,572.8017379086781,8093.890250902725,0.07554598152637482,0,293.5724656448059,0.5975819029504631,145,control
4591,314.0,7872.0,284.0,7893.0,0.06288658082485199,0,35.67848345794128,,145,control
4592,414.0,7874.0,405.0,8081.0,0.06466470658779144,0,206.3521211104235,,145,control
4593,235.0,7912.0,267.0,8031.0,0.058292776346206665,0,122.59131863565247,,145,control
4594,226.0,7972.0,308.0,8084.0,0.05737995356321335,0,138.49020563729152,,145,control
4595,392.0,7820.0,182.0,8029.0,0.06557070463895798,0,295.2759381260444,,145,control
4596,271.0,7833.0,250.9699455469512,7895.999993644123,0.054514072835445404,0,65.16298921602092,1.9751289552461424,145,control
4597,321.0,7835.0,102.0,7774.0,0.0718884989619255,0,226.95892516825563,,145,check
4598,259.0,7868.0,318.0,8110.0,0.05184672027826309,0,248.42312816454432,,145,control
4599,365.0,7827.0,112.0,7765.0,0.07159871608018875,0,260.0795440480963,,145,control
4600,340.0,8000.0,369.0,7971.0,0.0512128546833992,0,41.991606341550344,,145,control
4601,254.0,7891.0,301.0,8120.0,0.07010632753372192,0,233.07943781003652,,145,control
4602,283.0,7906.0,234.0,8108.0,0.05456671118736267,0,206.9138610864476,,145,control
4603,341.0,7948.0,170.7777887207271,8159.159711379723,0.055886927992105484,0,270.20209708502006,1.750641642863211,145,control
4604,234.0,7890.0,355.0,7714.0,0.11834823340177536,0,214.55492242937927,,145,check
4605,319.0,7998.0,236.0,7969.0,0.07559038698673248,0,87.6344639455853,,145,control
4606,431.0,7810.0,472.0,8069.0,0.05280883237719536,0,261.50723187345244,,145,control
4607,357.0,7911.0,326.0,8122.0,0.05745178461074829,0,212.36270435494953,,145,control
4608,444.0,7865.0,769.8512322090622,8050.248812000241,0.05461609363555908,0,374.8889300935188,2.145107934547507,146,control
4609,618.0,7947.0,355.0,8109.0,0.06809311360120773,0,307.9692554225667,,146,check
4610,644.0,7908.0,340.0,7858.0,0.09315834939479828,0,307.6387326480221,,146,control
4611,474.0,7957.0,352.0,8121.0,0.05120563879609108,0,203.39600547789524,,146,control
4612,438.0,7999.0,483.0,8151.0,0.07989639788866043,0,157.8891823573657,,146,control
4613,491.0,7948.0,668.0,7949.0,0.10501356422901154,0,177.54135885534174,,146,control
4614,491.0,7948.0,371.0,8110.0,0.08004207909107208,0,200.60066803690717,,146,control
4615,477.0,7964.0,474.0,7966.0,0.06750498712062836,1,2.7138031207562725,,146,control
4616,582.0,7940.0,529.0,7947.0,0.052429478615522385,0,52.80724319730836,,146,check
4617,550.0,7893.0,370.0,7922.0,0.06300796568393707,0,181.62425808638196,,146,control
4618,557.0,7863.0,368.0,8084.0,0.050012532621622086,0,289.7987278320797,,146,check
4619,580.0,7962.0,329.0,8131.0,0.0555802658200264,0,301.6519392004644,,146,control
4620,599.0,8008.0,714.0,7737.0,0.07061868906021118,0,295.3102330113122,,146,check
4621,617.0,7885.0,538.5700029647716,7829.880329200111,0.07905735075473785,0,95.85911409714355,1.9486642986185887,146,control
4622,617.0,7885.0,353.0463524653316,8109.929695260193,0.0548984669148922,0,345.8204790886547,1.019830548150921,146,control
4623,545.0,7865.0,311.0,8145.0,0.05106120929121971,0,363.8974937063123,,146,control
4624,644.0,7848.0,378.63319307211805,8025.610290960412,0.05239512026309967,0,318.39023282341145,1.5106653023485443,146,control
4625,440.0,7831.0,352.0,8121.0,0.0776018500328064,0,302.1002230698508,,146,check
4626,605.0,7870.0,418.0,7745.0,0.07265429943799973,0,224.88549394385976,,146,control
4627,581.0,7997.0,493.0,7912.0,0.081614188849926,0,122.49993336999135,,146,control
4628,600.0,7887.0,554.9245833696596,7890.439650837304,0.08468563854694366,0,44.597213173695735,1.5758341305110626,146,control
4629,452.0,8013.0,459.0,7937.0,0.056986384093761444,0,77.17289584676713,,146,control
4630,452.0,8013.0,725.062941622924,7962.422014163329,0.07800620794296265,0,278.37817914513363,1.9814847931849946,146,control
4631,616.0,7988.0,325.87313270330213,8129.038918596521,0.057538606226444244,0,321.711909521276,3.3914403777028874,146,control
4632,541.0,7903.0,668.0,7949.0,0.07481664419174194,0,135.31533646709215,,146,control
4633,475.0,7825.0,550.0,7915.0,0.0564265251159668,0,116.9029052997558,,146,control
4634,457.0,7835.0,326.37511178885575,8095.489494432805,0.06749008595943451,0,290.4104265119006,0.8709795154469486,146,control
4635,611.0,7846.0,393.33530992820255,7733.931864900519,0.06313774734735489,0,244.6619725551377,3.086276152361147,146,control
4636,450.0,7881.0,711.0,7751.0,0.05753538757562637,0,292.41322715829926,,146,control
4637,456.0,7955.0,331.0,7936.0,0.055658355355262756,0,125.9843164620942,,146,control
4638,589.0,7914.0,326.0,8122.0,0.07639811933040619,0,334.3448477810689,,146,control
4639,506.0,7953.0,329.0,8131.0,0.055004287511110306,0,250.03033271980058,,146,check
4640,564.0,7999.0,391.0,7782.0,0.09725745022296906,0,277.77465527520445,,146,control
4641,526.0,8007.0,329.09640894539547,7900.429551653208,0.052304740995168686,0,223.76368420508794,1.1527437127960944,146,control
4642,491.0,7914.0,729.0,7951.0,0.0524931363761425,0,241.26607061250905,,146,control
4643,636.0,7828.0,678.0,7878.0,0.05607937276363373,0,65.05266274267609,,146,control
4644,595.0,7824.0,386.0,7732.0,0.056827351450920105,0,228.13531703901748,,146,check
4645,760.0,7866.0,712.0,8140.0,0.09574520587921143,0,277.2771486653223,,147,control
4646,714.0,7895.0,728.208783631866,7965.400064513068,0.05484369397163391,0,71.14903097471685,1.3711487003104854,147,control
4647,723.0,7957.0,717.16652141107,7959.059732501608,0.06945617496967316,0,5.447411537624077,1.360335365109934,147,control
4648,835.0,7874.0,576.0,8074.0,0.05008232221007347,0,326.3016272594546,,147,control
4649,682.0,7831.0,773.0,7966.0,0.07696293294429779,0,162.4461018407676,,147,check
4650,696.0,7871.0,729.0,7951.0,0.050989728420972824,0,86.01286941910556,,147,control
4651,722.0,7852.0,814.0,7836.0,0.06439631432294846,0,94.03624625496022,,147,check
4652,741.0,7942.0,558.7314593038371,7887.790139640539,0.05646106228232384,0,189.85372180323378,2.0578341479987525,147,control
4653,815.0,7817.0,518.0,7871.0,0.06285609304904938,0,301.1755245390579,,147,control
4654,788.0,7816.0,564.2309480317967,7879.550359078638,0.07183729112148285,0,231.86809882619298,2.5857019916339645,147,control
4655,817.0,7987.0,746.0,8157.0,0.08283546566963196,0,183.27437407539944,,147,control
4656,670.0,7829.0,524.0,7739.0,0.06552847474813461,0,171.43860725277773,,147,control
4657,816.0,7994.0,814.0,7681.0,0.08501562476158142,0,313.761381637208,,147,control
4658,811.0,7920.0,571.3786223533342,8092.799812458835,0.06609286367893219,0,294.5074441483244,1.1886257099615054,147,control
4659,726.0,8013.0,541.2338724201907,7824.480151098394,0.05491669476032257,0,264.13595740515717,2.62651510989058,147,control
4660,831.0,7933.0,695.3680600993698,7948.96142455368,0.08777420967817307,0,135.94273666891354,3.2743576867275417,147,control
4661,809.0,7901.0,820.0,8033.0,0.07216951996088028,0,131.7047632408215,,147,control
4662,688.0,7855.0,593.0,8067.0,0.052486442029476166,0,231.3480085391846,,147,check
4663,823.0,7840.0,627.7221013547511,7811.900552931215,0.08455785363912582,0,196.8569456791038,3.896612553628476,147,control
4664,724.0,7982.0,747.376091818001,8026.100222045571,0.053869713097810745,0,49.45922301281272,4.019575622326135,147,control
4665,806.0,7812.0,527.0,7910.0,0.06056182458996773,0,294.9200244604379,,147,control
4666,806.0,7812.0,578.0,7877.0,0.060622479766607285,0,236.33534161688826,,147,control
4667,758.0,7947.0,822.0,8129.0,0.06723237782716751,0,192.3321429554156,,147,control
4668,759.0,7882.0,694.0,8055.0,0.058540984988212585,0,183.8646829023618,,147,check
4669,804.0,7909.0,668.0,7995.0,0.08641709387302399,0,160.02631531004945,,147,control
4670,692.0,7992.0,531.0,7841.0,0.09073934704065323,0,220.8615482966869,,147,check
4671,836.0,7906.0,777.0,7946.0,0.09733530879020691,0,70.4008912709563,,147,control
4672,769.0,7830.0,565.0,7796.0,0.05957002937793732,0,206.3926991758297,,147,control
4673,148.0,8206.0,106.0,8279.0,0.05628207325935364,0,83.18157174451102,,148,control
4674,41.0,8025.0,42.0,8170.0,0.0808895081281662,0,144.16545426424648,,148,control
4675,40.0,8042.0,41.0,8042.0,0.1342267245054245,1,1.813479095262708,,148,control
4676,77.0,8040.0,234.42231330762797,8220.69039061356,0.05540769547224045,0,239.39730352451429,0.692727032871274,148,control
4677,140.0,8236.0,121.42569309615529,8328.29112781214,0.058845214545726776,0,93.18258235712231,1.0671377631908545,148,control
4678,42.0,8140.0,42.0,8170.0,0.06295955181121826,0,29.16283226822074,,148,control
4679,187.0,8225.0,264.0,8152.0,0.05024589225649834,0,107.10034982615662,,148,control
4680,116.0,8104.0,107.0,8012.0,0.05099248141050339,0,93.2010094832103,,148,control
4681,116.0,8104.0,81.0,8019.0,0.05651792883872986,0,92.45800452159243,,148,check
4682,107.0,8173.0,91.0,8284.0,0.05425775796175003,0,111.21601274675048,,148,control
4683,161.0,8047.0,156.0,8153.0,0.06471753120422363,0,105.25467130188449,,148,control
4684,165.0,8026.0,234.0,8130.0,0.05979960039258003,0,124.44271502001784,,148,control
4685,60.0,8032.0,57.26015543415295,8029.100087980725,0.1521611362695694,0,4.290850313604634,1.1590256826431489,148,control
4686,47.0,8203.0,66.0,8062.0,0.05247947946190834,0,143.17892825268507,,148,check
4687,47.0,8203.0,44.0,8195.0,0.06591558456420898,0,9.164230625947738,,148,control
4688,59.0,8042.0,57.32065017795619,8041.350079892565,0.11484123766422272,1,1.8230241196534076,0.7042596549028366,148,control
4689,41.0,8235.0,44.0,8208.0,0.07203017920255661,0,28.080668504747496,,148,control
4690,59.0,8076.0,142.0,8339.0,0.05247620865702629,0,275.14474586428315,,148,check
4691,59.0,8076.0,52.0,8313.0,0.06598100811243057,0,236.2262899512758,,148,control
4692,59.0,8076.0,61.0,8245.0,0.05695671588182449,0,168.16828881508172,,148,control
4693,59.0,8076.0,57.0,8077.0,0.05005018040537834,1,1.3999493350050065,,148,check
4694,46.0,8214.0,49.0,8270.0,0.06751476228237152,0,55.26238230237035,,148,check
4695,41.0,8160.0,40.0,8035.0,0.06803479045629501,0,125.82796793153362,,148,check
4696,41.0,8160.0,42.0,8219.0,0.051517147570848465,0,58.17279387334678,,148,control
4697,180.0,8234.0,91.8917816695873,8249.710295497578,0.053115688264369965,0,88.76078563938586,2.4053486587766417,148,control
4698,178.0,8100.0,136.0,8144.0,0.0576900877058506,0,59.80909737402651,,148,control
4699,49.0,8225.0,54.0,8333.0,0.06618431210517883,0,107.28365527907867,,148,control
4700,58.0,8024.0,57.0,8030.0,0.05525723472237587,0,5.188358090931441,,148,control
4701,112.0,8202.0,311.0,8145.0,0.056444380432367325,0,207.78726704588,,148,control
4702,63.0,8108.0,329.0,7955.0,0.055713407695293427,0,307.77044512786915,,148,control
4703,97.0,8042.0,106.0,8279.0,0.05831034108996391,0,236.34055138976643,,148,control
4704,275.0,8151.0,276.0,8152.0,0.0744825154542923,1,1.5900447321605156,,149,control
4705,414.0,8028.0,117.01849400315716,8330.139831314635,0.05241357162594795,0,422.62855043003765,0.7093661529645183,149,control
4706,374.0,8174.0,367.3579534275591,8180.299702526322,0.06840809434652328,0,8.170553168591745,5.092237720533491,149,control
4707,263.0,8181.0,260.3088060835495,8180.159789424168,0.07581351697444916,1,2.6947159306366975,1.2963324814418788,149,control
4708,360.0,8171.0,359.0,8171.0,0.06427185982465744,1,0.9368094874230938,,149,control
4709,262.0,8237.0,143.0,8295.0,0.061216797679662704,0,131.4759890170062,,149,check
4710,262.0,8237.0,256.25287901698744,8234.748734507486,0.06323980540037155,0,6.022535890859228,5.417097872619415,149,check
4711,315.0,8200.0,216.0,8124.0,0.052238862961530685,0,124.85104646422734,,149,check
4712,295.0,8183.0,297.57895372600996,8186.089831266867,0.06652776896953583,0,3.878190193390268,0.6157284462895392,149,control
4713,226.0,8194.0,135.93208383842696,8129.788670714206,0.05462448671460152,0,110.61550712165634,1.3623094630383619,149,control
4714,226.0,8194.0,231.0,8192.0,0.06636663526296616,0,6.265682215784242,,149,control
4715,321.0,8079.0,326.20166861494965,8082.260246819392,0.055609285831451416,0,6.2721915155359875,1.8037116088560754,149,control
4716,330.0,8093.0,328.35807360598045,8092.579682454021,0.07757636904716492,1,1.6379744947174784,0.7948816104842653,149,control
4717,307.0,8229.0,347.0,8245.0,0.0675063282251358,0,43.308803667425025,,149,control
4718,331.0,8132.0,329.71216619487603,8133.780361225972,0.07736817002296448,1,1.1883781857445501,3.1672099996902103,149,control
4719,287.0,8166.0,151.0,8119.0,0.06833477318286896,0,143.60330120465613,,149,check
4720,364.0,8190.0,345.0,8260.0,0.05979659780859947,0,71.5700547688445,,149,control
4721,364.0,8190.0,360.9211484894927,8189.170179176649,0.09217344969511032,0,3.0110129572557,1.2644133277358653,149,control
4722,359.0,8155.0,363.0,8157.0,0.06967595964670181,0,4.717823517846364,,149,control
4723,370.0,8134.0,566.0,7915.0,0.062226954847574234,0,294.86173304737116,,149,control
4724,327.0,8225.0,272.0,8112.0,0.053887270390987396,0,126.16709383899969,,149,control
4725,343.0,8232.0,286.1127488362994,8124.728715864777,0.05595539137721062,0,121.88598893713947,1.5542004920426389,149,control
4726,375.0,8028.0,369.0,7971.0,0.07135380804538727,0,58.06211892299351,,149,control
4727,393.0,8147.0,302.0,8161.0,0.05504865199327469,0,91.3757434702732,,149,control
4728,230.0,8209.0,113.97408290157371,8297.549196874872,0.06936514377593994,0,144.96267256357018,0.8517233946445958,149,control
4729,319.0,8110.0,315.0,8158.0,0.05073825269937515,0,47.29149433895885,,149,check
4730,361.0,8183.0,406.0,7973.0,0.06253262609243393,0,215.67678356520835,,149,control
4731,366.0,8036.0,315.0,7957.0,0.05404089391231537,0,94.39928669378062,,149,check
4732,396.0,8112.0,405.0,8113.0,0.05601968616247177,0,9.56875156056308,,149,control
4733,423.0,8048.0,313.0,8264.0,0.058660198003053665,0,241.38306835330198,,149,control
4734,423.0,8048.0,130.0,8013.0,0.05408657714724541,0,294.58244469746074,,149,control
4735,307.0,8106.0,309.0,8111.0,0.061225526034832,0,4.905354687818269,,149,control
4736,401.0,8158.0,479.0,8162.0,0.06816261261701584,0,78.62058140753108,,149,control
4737,241.0,8215.0,236.0,8182.0,0.053982213139534,0,34.125022182900125,,149,control
4738,280.0,8033.0,490.0,8070.0,0.05443757399916649,0,213.6448769574195,,149,control
4739,389.0,8074.0,471.0,7930.0,0.0637236088514328,0,166.68548188556485,,149,control
4740,424.0,8158.0,290.0,8125.0,0.05323222279548645,0,137.64152567505926,,149,check
4741,343.0,8173.0,342.0,8172.0,0.09216509759426117,1,1.882484992038537,,149,control
4742,601.0,8086.0,573.0,8340.0,0.05438201501965523,0,254.6395672407175,,150,control
4743,611.0,8082.0,452.0,8073.0,0.0584089495241642,0,158.74100684212016,,150,control
4744,608.0,8094.0,459.0,7937.0,0.062175169587135315,0,216.64162631735982,,150,check
4745,522.0,8100.0,573.0,8340.0,0.06699065119028091,0,244.64495712136076,,150,control
4746,512.0,8113.0,376.0,8150.0,0.07065095752477646,0,140.17763770955116,,150,control
4747,509.0,8060.0,379.1080405321288,8156.581575376672,0.0566977933049202,0,160.91247518778252,3.925649544804352,150,control
4748,641.0,8200.0,583.9549254180656,8306.838908003534,0.05685577914118767,0,120.11859819346908,1.0210167447046796,150,control
4749,443.0,8042.0,500.0,8268.0,0.05782036483287811,0,232.399111525121,,150,control
4750,453.0,8139.0,462.0,8140.0,0.05191982910037041,0,9.560944324737342,,150,control
4751,444.0,8067.0,425.1920830793291,8310.380277217659,0.06804559379816055,0,243.2188777081036,3.0290641867375254,150,control
4752,444.0,8067.0,352.0,8121.0,0.06473871320486069,0,105.76501397592526,,150,check
4753,443.0,8209.0,442.0,8216.0,0.06964468210935593,0,6.18059870640648,,150,control
4754,539.0,8128.0,774.0,8368.0,0.05306382104754448,0,335.6537369228359,,150,control
4755,618.0,8096.0,459.0,7937.0,0.05694738030433655,0,225.02769417073048,,150,control
4756,521.0,8136.0,334.0,8249.0,0.05714835599064827,0,217.56612537029415,,150,control
4757,532.0,8111.0,370.19147546842686,8174.180029544679,0.053649622946977615,0,172.87371963274668,1.1799612931946344,150,control
4758,498.0,8105.0,499.42697499438,8167.699183375043,0.08229023963212967,0,61.90353570955187,1.6531935554017934,150,control
4759,458.0,8202.0,482.0,8330.0,0.051807112991809845,0,129.500927117931,,150,control
4760,441.0,8118.0,494.9610140301548,8175.978690161029,0.057324428111314774,0,78.98130331746634,3.3769746516536086,150,control
4761,618.0,8164.0,436.0,8244.0,0.051698170602321625,0,197.958067963975,,150,control
4762,437.0,8160.0,601.0,8208.0,0.052679479122161865,0,171.1684600427415,,150,control
4763,650.0,8198.0,601.230670715923,8307.68017020864,0.0820208266377449,0,119.04798881325381,2.362770782389212,150,control
4764,634.0,8162.0,677.0,8352.0,0.08705124258995056,0,194.09991488415642,,150,control
4765,532.0,8093.0,372.684359155057,8152.7893669362475,0.05500907823443413,0,169.34139002055502,1.3194368101154381,150,check
4766,472.0,8172.0,472.0,8191.0,0.05366227403283119,0,18.177415753544434,,150,check
4767,642.0,8074.0,772.1925414801342,7910.101755229715,0.05086223781108856,0,210.26081009545513,5.285638954186706,150,check
4768,474.0,8158.0,480.8326196014533,8159.0402819720775,0.085541270673275,0,7.392122971308685,2.1718422945766904,150,control
4769,615.0,8033.0,575.8166345898117,8343.271217835572,0.05566954240202904,0,311.82930544742936,2.6658017577358173,150,control
4770,506.0,8094.0,394.0,8280.0,0.05762791261076927,0,216.1037731698666,,150,control
4771,539.0,8158.0,344.8875214720775,8143.6911521027205,0.0520000159740448,0,194.13036316578717,4.50782764769071,150,check
4772,478.0,8136.0,301.5435955384608,7921.488736702553,0.06543534249067307,0,278.0130668607895,1.6785870392019806,150,control
4773,855.0,8167.0,860.0,8344.0,0.1099410429596901,0,176.24997962600958,,151,control
4774,763.0,8169.0,607.0,8292.0,0.06957894563674927,0,197.71766647997796,,151,control
4775,802.0,8192.0,582.010827152671,8294.71051040854,0.0644267350435257,0,241.9417061341227,3.030389064039462,151,check
4776,722.0,8053.0,552.4113491199013,8372.67039791433,0.05682079493999481,0,360.86517431181795,0.7231964791774599,151,control
4777,703.0,8182.0,541.0,8167.0,0.05376777797937393,0,162.22486767347146,,151,control
4778,741.0,8237.0,704.0,8192.0,0.05339588224887848,0,58.56564056403527,,151,control
4779,656.0,8181.0,607.0,8292.0,0.059599559754133224,0,120.35050199621641,,151,control
4780,713.0,8091.0,814.0,8332.0,0.05401897802948952,0,260.73556170531,,151,control
4781,852.0,8052.0,860.0,8344.0,0.09440431743860245,0,291.2881785566592,,151,control
4782,655.0,8188.0,607.0,8292.0,0.05353536456823349,0,113.55640102390305,,151,control
4783,704.0,8116.0,658.5611622840304,8158.030169407235,0.06946536898612976,0,60.94726130685797,3.0474501839362995,151,check
4784,691.0,8154.0,622.0720145556623,8193.400232028822,0.057084694504737854,0,78.51822676639493,2.6518298540401344,151,control
4785,748.0,8118.0,564.0,8321.0,0.05853228271007538,0,272.99179195642984,,151,check
4786,769.0,8152.0,599.0,8142.0,0.052619561553001404,0,169.8023112781811,,151,control
4787,664.0,8182.0,600.0,8326.0,0.05759306997060776,0,156.59375571832942,,151,control
4788,820.0,8059.0,573.0,8340.0,0.06887103617191315,0,373.1347513654774,,151,control
4789,827.0,8124.0,766.0,7910.0,0.0703987404704094,0,223.13680094110623,,151,control
4790,827.0,8124.0,648.0,8295.0,0.05511527508497238,0,246.5892276902019,,151,control
4791,711.0,8083.0,677.7096619855439,7937.87006199121,0.0525350458920002,0,149.55339287248657,1.326414246561755,151,control
4792,854.0,8183.0,860.0,8344.0,0.16825436055660248,0,160.2960264160914,,151,control
4793,844.0,8192.0,704.0,8212.0,0.10351413488388062,0,140.78409110224842,,151,control
4794,854.0,8107.0,746.0,8171.0,0.1061083972454071,0,124.67106141316712,,151,control
4795,854.0,8107.0,558.0,8097.0,0.08730121701955795,0,295.6486314068678,,151,control
4796,716.0,8040.0,538.0,8190.0,0.05851227417588234,0,231.8213148220692,,151,check
4797,716.0,8040.0,582.0,8273.0,0.05488429591059685,0,267.789259354001,,151,check
4798,790.0,8226.0,598.8377913919638,8326.789766087937,0.0827881321310997,0,215.23834833530876,2.015512805036797,151,control
4799,666.0,8064.0,677.0,8306.0,0.05180852860212326,0,241.43756991675303,,151,control
4800,737.0,8039.0,851.0,8371.0,0.05184331163764,0,350.39769403213995,,151,control
4801,757.0,8031.0,611.7780534505252,7902.030040572273,0.07750976085662842,0,194.340228817502,1.2062005309326251,151,control
4802,40.0,8431.0,42.0,8219.0,0.1067328080534935,0,212.8653737216207,,152,control
4803,50.0,8370.0,54.67347693731927,8379.160529300354,0.10246619582176208,0,9.827096111414656,2.6725882395414726,152,control
4804,43.0,8356.0,44.0,8208.0,0.11683093756437302,0,148.85669404103513,,152,control
4805,42.0,8397.0,42.0,8219.0,0.11139661818742752,0,178.8504384894417,,152,control
4806,226.0,8424.0,216.01220025592548,8518.310399134702,0.06272770464420319,0,93.9039622090083,0.782636066501404,153,check
4807,226.0,8424.0,262.4824622159658,8553.470561548997,0.06037672609090805,0,133.82019506704316,2.0914230291043983,153,control
4808,372.0,8324.0,350.0,8544.0,0.06876744329929352,0,220.1687749190485,,153,control
4809,433.0,8425.0,209.0,8457.0,0.05504531040787697,0,225.57927035091538,,153,control
4810,433.0,8425.0,265.0,8534.0,0.05199284479022026,0,199.30648652978059,,153,control
4811,345.0,8451.0,232.0,8540.0,0.0518990233540535,0,142.84504573785273,,153,control
4812,340.0,8280.0,297.12763364530895,8184.52958132659,0.054884448647499084,0,105.1848386152467,1.1806453219355102,153,control
4813,340.0,8280.0,287.0,8168.0,0.06234633922576904,0,124.417058106414,,153,control
4814,340.0,8308.0,268.0,8517.0,0.07094653695821762,0,220.0394193670194,,153,control
4815,381.0,8305.0,261.0,8554.0,0.0657232329249382,0,275.36568613505364,,153,control
4816,419.0,8408.0,442.95851224444516,8401.549709101224,0.06609948724508286,0,25.577223638649453,1.253962016655664,153,control
4817,323.0,8240.0,310.0,8414.0,0.07554838061332703,0,173.58223894183294,,153,control
4818,283.0,8307.0,309.0,8550.0,0.0636281743645668,0,243.5729170593351,,153,control
4819,399.0,8438.0,166.0,8528.0,0.09005312621593475,0,248.9184103522443,,153,control
4820,317.0,8259.0,264.0,8152.0,0.051928482949733734,0,119.89856797529355,,153,check
4821,332.0,8436.0,129.0,8237.0,0.10133001953363419,0,284.4412584712141,,153,control
4822,331.0,8260.0,276.0,8152.0,0.050857171416282654,0,121.68019205713371,,153,control
4823,402.0,8245.0,304.5169671036725,8231.189454169797,0.05699574574828148,0,98.0093761087221,0.8548306376587461,153,control
4824,308.0,8316.0,88.3855053302686,8397.86911567879,0.08560869097709656,0,233.51744059535136,1.1763172643650333,153,control
4825,226.0,8305.0,344.1380013709645,8523.48967747922,0.057423874735832214,0,247.88141317972412,2.254578409292876,153,control
4826,391.0,8384.0,351.0,8381.0,0.07967916131019592,0,39.62397077664929,,153,control
4827,326.0,8272.0,272.0,8174.0,0.05309315770864487,0,112.3483304168178,,153,control
4828,324.0,8311.0,160.0,8476.0,0.057438548654317856,0,231.60620509334134,,153,control
4829,331.0,8422.0,126.0,8555.0,0.054504405707120895,0,243.39116417089664,,153,control
4830,387.0,8350.0,391.0,8556.0,0.055228110402822495,0,205.17277217113696,,153,check
4831,223.0,8403.0,232.0,8450.0,0.05010724812746048,0,47.112943836051016,,153,control
4832,377.0,8239.0,260.0,8236.0,0.055732615292072296,0,116.483162733748,,153,check
4833,299.0,8267.0,190.0,8495.0,0.0526190847158432,0,251.67366066477706,,153,check
4834,338.0,8351.0,289.2325058270587,8588.78048033689,0.054618965834379196,0,241.74963290720615,0.9042622063963409,153,control
4835,294.0,8388.0,362.0,8549.0,0.05768083781003952,0,174.18140042800718,,153,control
4836,408.0,8435.0,185.16471169291543,8521.990972710153,0.06674625724554062,0,238.35408274602764,1.7600989852700717,153,control
4837,430.0,8338.0,330.0,8515.0,0.05260090529918671,0,202.25704585960855,,153,control
4838,299.0,8402.0,315.0,8158.0,0.0522991381585598,0,245.39310314462318,,153,check
4839,241.0,8280.0,90.38012920021947,8383.230093039552,0.06608688831329346,0,181.61886107526462,2.0246158983452416,153,control
4840,392.0,8256.0,285.0,8250.0,0.06381883472204208,0,106.64309572486488,,153,check
4841,425.0,8444.0,333.0,8554.0,0.06173282489180565,0,142.36736129637612,,153,control
4842,276.0,8377.0,271.0,8125.0,0.056864526122808456,0,252.86874146711958,,153,control
4843,474.0,8447.0,388.0,8505.0,0.06027362123131752,0,102.78322685024723,,154,control
4844,484.0,8305.0,345.0,8525.0,0.0855780690908432,0,259.19319829920363,,154,control
4845,446.0,8369.0,363.5318409324457,8516.720400603232,0.05329761281609535,0,168.14614589861432,0.7939409129202532,154,control
4846,544.0,8443.0,365.76315966907924,8270.30857540548,0.05087633803486824,0,248.35749838213775,2.7337207074789114,154,control
4847,640.0,8239.0,337.0,8356.0,0.07151459157466888,0,323.96809155119337,,154,control
4848,495.0,8404.0,345.0,8525.0,0.05464110150933266,0,191.73463297503818,,154,check
4849,597.0,8435.0,350.0,8544.0,0.05960555747151375,0,269.11652822993454,,154,check
4850,484.0,8247.0,333.0,8239.0,0.06653979420661926,0,150.68821491739627,,154,control
4851,519.0,8311.0,623.2031472737565,8308.260397772972,0.09481395035982132,0,104.79843365011627,1.1375643988280457,154,control
4852,579.0,8409.0,369.0,8272.0,0.05097920820116997,0,250.7263649803233,,154,check
4853,502.0,8304.0,334.3814714416555,8550.050105000022,0.06685948371887207,0,296.6770511182836,1.4652854907446655,154,control
4854,473.0,8381.0,413.0,8559.0,0.07656469941139221,0,186.833222658594,,154,check
4855,445.0,8396.0,333.0,8172.0,0.06000572443008423,0,250.93023525663142,,154,control
4856,505.0,8334.0,313.0,8264.0,0.10077966004610062,0,204.1161196613575,,154,control
4857,464.0,8439.0,337.0,8516.0,0.07408063113689423,0,147.58653964783548,,154,control
4858,650.0,8347.0,495.0,8285.0,0.056484807282686234,0,166.74460024487536,,154,control
4859,641.0,8425.0,733.0,8584.0,0.06367773562669754,0,183.20395754675909,,154,check
4860,571.0,8285.0,392.2166088056801,8423.429439857815,0.08487621694803238,0,225.1425983204993,2.236520924490534,154,control
4861,504.0,8375.0,341.0,8144.0,0.052925094962120056,0,283.06790879534145,,154,control
4862,624.0,8259.0,339.0,8368.0,0.0590537004172802,0,304.2983703275082,,154,control
4863,609.0,8436.0,367.33856458777313,8539.731640739174,0.05670920014381409,0,262.1270401479313,1.014813246996736,154,control
4864,503.0,8429.0,381.94414766567195,8324.290860981871,0.07431540638208389,0,160.19181106249653,2.389266654306262,154,control
4865,577.0,8445.0,333.0,8554.0,0.051375728100538254,0,266.36975384820477,,154,check
4866,652.0,8386.0,387.3619927253843,8251.48016669788,0.0888148620724678,0,296.74481856767824,5.1022801421398345,154,control
4867,652.0,8386.0,350.69717759851824,8120.35943035878,0.055699873715639114,0,401.7997764547215,1.078517041969434,154,control
4868,596.0,8372.0,341.0,8556.0,0.07114338874816895,0,313.48544374646985,,154,control
4869,593.0,8319.0,470.0,8470.0,0.07956402003765106,0,193.74047021334758,,154,control
4870,484.0,8451.0,386.2220727322182,8543.788343872562,0.07296780496835709,0,133.79164766316805,1.6306964883618078,154,control
4871,563.0,8361.0,362.0,8549.0,0.07959643751382828,0,274.21160999270194,,154,check
4872,646.0,8272.0,367.9106899855289,8544.881430210917,0.06738770753145218,0,388.6009548781507,3.5905027718834597,154,control
4873,605.0,8290.0,336.0,8398.0,0.05367172509431839,0,289.0257813115162,,154,control
4874,438.0,8445.0,514.0,8499.0,0.060084473341703415,0,93.17521868026706,,154,control
4875,439.0,8294.0,338.0,8493.0,0.06158517301082611,0,222.13168841861363,,154,control
4876,583.0,8272.0,766.3831890552382,8357.178918071939,0.09237229079008102,0,202.3154562755423,4.801731639118732,154,control
4877,558.0,8289.0,443.0,8487.0,0.051694780588150024,0,227.94748919392487,,154,control
4878,481.0,8331.0,417.0,8246.0,0.051705509424209595,0,106.73770671939869,,154,control
4879,540.0,8318.0,553.0,8409.0,0.05118362233042717,0,91.15658178976817,,154,control
4880,778.0,8339.0,851.0,8386.0,0.05198260024189949,0,86.79555903536013,,155,control
4881,771.0,8285.0,584.0047073935277,8282.740987869822,0.07204461097717285,0,186.48128305971076,1.9416942416271596,155,control
4882,728.0,8449.0,634.0,8391.0,0.05003886669874191,0,110.45320620077113,,155,control
4883,810.0,8447.0,584.0,8456.0,0.08879654109477997,0,225.61321432965113,,155,control
4884,658.0,8432.0,658.0,8192.0,0.07516109943389893,0,240.8253491211234,,155,control
4885,750.0,8439.0,655.0,8382.0,0.052756551653146744,0,110.77617005010414,,155,control
4886,768.0,8266.0,601.1947680875186,8272.59996325204,0.05250060185790062,0,166.36707724268035,2.478682820472164,155,control
4887,826.0,8345.0,828.0,8348.0,0.06030536815524101,0,3.3116253631565633,,155,check
4888,799.0,8444.0,586.0,8485.0,0.05092335864901543,0,216.22552252510744,,155,control
4889,783.0,8276.0,575.0,8509.0,0.07966426759958267,0,311.33406508523944,,155,check
4890,726.0,8355.0,659.0,8434.0,0.05807967111468315,0,102.59480173939282,,155,control
4891,718.0,8242.0,623.0,8243.0,0.06548652797937393,0,94.46372023623515,,155,check
4892,694.0,8415.0,607.0,8292.0,0.054209381341934204,0,151.0360741260374,,155,control
4893,812.0,8268.0,834.9595263779149,8379.820733918752,0.05836481228470802,0,113.43326112408072,3.847699440790077,155,control
4894,780.0,8299.0,689.6893611678594,8366.039899526648,0.06538870185613632,0,111.55015779328805,0.8876108653866683,155,control
4895,858.0,8306.0,860.0,8344.0,0.06828136742115021,0,37.24829487212562,,155,check
4896,847.0,8340.0,616.8656852933769,8570.56074758756,0.0712372437119484,0,324.77246613404293,2.4251170196508838,155,control
4897,680.0,8389.0,582.0,8292.0,0.07309267669916153,0,138.0980444632871,,155,control
4898,760.0,8320.0,829.0,8399.0,0.06031118705868721,0,104.5922119511469,,155,control
4899,846.0,8261.0,860.0,8344.0,0.08785483986139297,0,83.43442114316657,,155,control
4900,847.0,8240.0,860.0,8344.0,0.06904471665620804,0,104.04413441540532,,155,control
4901,761.0,8300.0,606.0,8452.0,0.055152203887701035,0,216.11240931865828,,155,control
4902,752.0,8322.0,637.0,8267.0,0.052846357226371765,0,127.35766958251303,,155,control
4903,810.0,8387.0,603.1360269272144,8324.010806464159,0.05528087541460991,0,215.9762033462819,5.7499723513879815,155,check
4904,859.0,8244.0,860.0,8344.0,0.0822848379611969,0,99.17541572845795,,155,control
4905,837.0,8256.0,860.0,8344.0,0.0747060775756836,0,90.27747650465857,,155,control
4906,770.0,8375.0,579.0,8529.0,0.062333978712558746,0,244.39222348060753,,155,control
4907,855.0,8410.0,552.0,8307.0,0.05651253089308739,0,319.786822674888,,155,control
4908,855.0,8410.0,860.0,8344.0,0.07839319109916687,0,67.06227931809268,,155,control
4909,84.0,8610.0,80.0,8616.0,0.09306683391332626,0,6.139226745010758,,156,check
4910,64.0,8555.0,132.5154932432784,8591.741531501182,0.09197945892810822,0,77.8453030267245,1.9650180469701068,156,control
4911,172.0,8609.0,290.3369970862182,8550.62928117659,0.06869173794984818,0,132.8479265592293,1.6798049152815293,156,control
4912,62.0,8571.0,78.8670748140007,8630.240891444828,0.05625569447875023,0,60.89860014968515,2.2275294175577067,156,control
4913,129.0,8660.0,136.0,8349.0,0.07218898087739944,0,311.9541358457696,,156,control
4914,197.0,8475.0,215.0,8573.0,0.06604070216417313,0,98.87434930747025,,156,control
4915,217.0,8629.0,111.0,8516.0,0.0760539099574089,0,155.18009655783115,,156,control
4916,59.0,8520.0,57.634346641268294,8519.928623529182,0.07912497967481613,1,1.2284225743590962,0.9955050884802604,156,control
4917,139.0,8548.0,234.00184084585123,8574.377881058826,0.09034394472837448,0,98.91489111511673,2.804011706083752,156,control
4918,47.0,8522.0,47.0,8477.0,0.07978323847055435,0,45.88411682937624,,156,control
4919,54.0,8477.0,54.63877251440196,8466.329316201702,0.06126777455210686,0,11.61528199062486,3.6008423125083526,156,control
4920,57.0,8534.0,57.92828704828031,8541.24954521618,0.1505887508392334,0,6.541557928767367,0.88413406976484,156,check
4921,133.0,8496.0,280.0,8601.0,0.05987737327814102,0,180.59622635593877,,156,control
4922,136.0,8570.0,258.0,8568.0,0.05118345096707344,0,122.60290046232274,,156,control
4923,84.0,8562.0,82.0,8572.0,0.05398054048418999,0,9.218056290004343,,156,control
4924,98.0,8560.0,111.0,8542.0,0.06893041729927063,0,23.265749841598463,,156,control
4925,112.0,8554.0,88.0,8543.0,0.052744556218385696,0,26.25471058552917,,156,control
4926,80.0,8570.0,82.0,8572.0,0.08023127913475037,1,2.8176536978714615,,156,check
4927,168.0,8466.0,170.0,8443.0,0.05648306757211685,0,24.011301047983256,,156,control
4928,50.0,8549.0,50.0,8344.0,0.05447038263082504,0,205.86502521409645,,156,control
4929,50.0,8549.0,52.0,8401.0,0.05377346649765968,0,148.89361759004768,,156,check
4930,43.0,8577.0,43.0,8625.0,0.06395646184682846,0,47.10558661334514,,156,control
4931,190.0,8613.0,98.0,8486.0,0.08274915814399719,0,157.19024085551862,,156,control
4932,171.0,8508.0,227.68416027189906,8559.328190031862,0.0546090230345726,0,76.30862541506909,0.8116361091151201,156,control
4933,171.0,8508.0,215.0,8573.0,0.054710861295461655,0,78.08619703125206,,156,control
4934,50.0,8541.0,51.0,8540.0,0.0755753368139267,0,2.4711714258602693,,156,control
4935,207.0,8657.0,103.0,8380.0,0.05611222982406616,0,296.4837880668984,,156,check
4936,73.0,8588.0,182.61818843986333,8556.866749638908,0.050272226333618164,0,114.75394593328095,6.22488805679276,156,control
4937,71.0,8530.0,76.0,8530.0,0.11567810922861099,0,5.661850039194578,,156,check
4938,117.0,8609.0,54.0,8625.0,0.08641327917575836,0,64.20979659557271,,156,control
4939,151.0,8511.0,144.0,8527.0,0.06425375491380692,0,16.422291605137794,,156,control
4940,40.0,8585.0,39.0,8649.0,0.0698317140340805,0,63.10015012235155,,156,control
4941,118.0,8621.0,62.0,8477.0,0.05954727157950401,0,155.11211089656962,,156,control
4942,40.0,8597.0,42.0,8507.0,0.13677677512168884,0,90.9211022433211,,156,control
4943,318.0,8598.0,203.66880807023736,8611.08980377233,0.07205744832754135,0,114.40939769817547,1.847440765515018,157,check
4944,269.0,8464.0,263.3128908571344,8549.920829234987,0.08279755711555481,0,85.19324043746224,0.7136771942471792,157,control
4945,287.0,8494.0,333.6701220853468,8550.480186120341,0.06069648265838623,0,72.95350131339245,1.7352501379268286,157,check
4946,256.0,8649.0,569.290577225139,8652.19013133286,0.058971136808395386,0,313.82771720931464,0.6048960140473376,157,control
4947,378.0,8642.0,428.52506646024693,8581.251177723314,0.0746213048696518,0,80.04068099572943,2.1970504642281727,157,control
4948,224.0,8558.0,216.0,8608.0,0.07285940647125244,0,49.66839097618235,,157,control
4949,417.0,8637.0,167.0,8601.0,0.05675343796610832,0,252.13467682819666,,157,control
4950,300.0,8586.0,200.0,8594.0,0.059681959450244904,0,99.6789289124676,,157,control
4951,334.0,8638.0,537.2960322982348,8384.011463600895,0.05464696139097214,0,326.3335397789975,1.2376753316945188,157,control
4952,392.0,8646.0,129.53165849183452,8595.180339480758,0.0575871579349041,0,266.94144900433093,1.339844304594412,157,control
4953,318.0,8523.0,215.0,8573.0,0.06481503695249557,0,113.5926240811021,,157,control
4954,375.0,8461.0,176.95292684531822,8607.770565688612,0.05533771961927414,0,245.50972214301436,1.8339188180509023,157,control
4955,288.0,8519.0,125.0,8318.0,0.05701841041445732,0,259.08038229889297,,157,check
4956,405.0,8570.0,216.0,8608.0,0.08252818882465363,0,192.04691473128236,,157,control
4957,406.0,8481.0,342.0921636386021,8556.380457688794,0.08840402960777283,0,97.79279651811794,2.5629285466320084,157,control
4958,431.0,8590.0,339.0,8368.0,0.0601843036711216,0,240.88456899558267,,157,control
4959,313.0,8540.0,198.0,8446.0,0.054927174001932144,0,148.6351026205576,,157,check
4960,313.0,8540.0,144.0,8527.0,0.052373792976140976,0,168.98712877601042,,157,control
4961,396.0,8549.0,324.0,8531.0,0.05648389831185341,0,73.8896749223661,,157,control
4962,339.0,8524.0,130.40674425666836,8628.919304781513,0.05336885154247284,0,232.57157955129233,0.9293064530557378,157,control
4963,246.0,8481.0,309.0,8550.0,0.05799829214811325,0,93.17008737986647,,157,control
4964,283.0,8645.0,278.7941379436887,8397.698565634579,0.08608453720808029,0,248.19067733767395,1.579390646376838,157,control
4965,276.0,8566.0,203.52863003130662,8611.309771589618,0.050638653337955475,0,84.51191385508734,1.8807619672084601,157,control
4966,284.0,8628.0,259.0,8579.0,0.05013085901737213,0,55.546590013628,,157,control
4967,303.0,8488.0,166.31163661469932,8531.470224235874,0.07552199065685272,0,142.61432785115693,1.6354503238046774,157,control
4968,279.0,8524.0,424.0,8457.0,0.11034848541021347,0,160.59659463959557,,157,control
4969,396.0,8589.0,304.0,8364.0,0.05427287891507149,0,243.6617648458064,,157,check
4970,254.0,8568.0,182.0,8526.0,0.05615774542093277,0,83.304827461968,,157,control
4971,237.0,8647.0,411.0,8584.0,0.052411310374736786,0,185.87207254240778,,157,control
4972,540.0,8463.0,349.0,8561.0,0.056551817804574966,0,213.77645655452812,,158,control
4973,540.0,8463.0,353.2277348946003,8548.731735281299,0.05943339318037033,0,204.63576566982536,2.085930266342857,158,control
4974,505.0,8597.0,353.0,8650.0,0.08085756748914719,0,160.15956602888446,,158,control
4975,533.0,8653.0,309.7911740713308,8315.800249849806,0.08759512007236481,0,404.77916420771146,0.4865576743181376,158,control
4976,515.0,8489.0,335.5837643477707,8369.258743651064,0.051644645631313324,0,215.71092930604493,3.2631196957363313,158,control
4977,552.0,8530.0,697.4960415647821,8474.649048600028,0.0569874532520771,0,156.46050488989817,6.3314982295077655,158,control
4978,537.0,8563.0,335.6473647380514,8515.999428785184,0.06486807018518448,0,206.41985155254295,1.601993309352902,158,control
4979,645.0,8499.0,333.0784974368688,8566.16977655911,0.07778853178024292,0,318.3397124107258,1.815735591955456,158,check
4980,512.0,8465.0,426.0,8345.0,0.0705576241016388,0,148.00539052402323,,158,check
4981,646.0,8560.0,617.3459181717357,8569.301074014842,0.06113945320248604,0,29.364261657117854,1.5227174466100781,158,check
4982,538.0,8475.0,350.0,8544.0,0.08219363540410995,0,199.43635397028035,,158,control
4983,582.0,8472.0,390.0,8546.0,0.10369910299777985,0,204.93571254670454,,158,control
4984,480.0,8566.0,454.0,8456.0,0.05349526181817055,0,113.74737598182742,,158,control
4985,496.0,8620.0,362.0,8549.0,0.08714894205331802,0,151.56989013697446,,158,control
4986,631.0,8550.0,362.0,8549.0,0.05279172211885452,0,268.4494215936042,,158,control
4987,505.0,8498.0,333.19880087095515,8548.789628980374,0.05229144170880318,0,178.36596779651964,1.8474145052698474,158,control
4988,565.0,8462.0,349.0,8561.0,0.05246313288807869,0,236.7333925667224,,158,control
4989,518.0,8523.0,346.0,8499.0,0.05150945112109184,0,173.23405322817672,,158,control
4990,458.0,8580.0,500.0,8431.0,0.05309540405869484,0,155.7811163576544,,158,check
4991,583.0,8518.0,349.0,8561.0,0.05094575136899948,0,237.21117316453262,,158,control
4992,559.0,8480.0,368.0,8564.0,0.05444164201617241,0,207.7930876384424,,158,control
4993,564.0,8490.0,368.0,8564.0,0.054888300597667694,0,208.6743842768668,,158,control
4994,620.0,8620.0,336.0,8398.0,0.05252445116639137,0,360.55789296091797,,158,control
4995,639.0,8645.0,331.3247678702334,8565.4388590029,0.0536852702498436,0,317.47525707825747,1.568118119587837,158,control
4996,607.0,8575.0,390.0,8546.0,0.07000472396612167,0,218.4983533622713,,158,control
4997,631.0,8479.0,350.0,8544.0,0.05110260099172592,0,287.6785558006008,,158,check
4998,648.0,8543.0,330.0,8515.0,0.05186556279659271,0,318.7483919793408,,158,control
4999,571.0,8477.0,387.38454552123824,8544.998853751591,0.06600504368543625,0,194.97900150907975,3.7782608551232966,158,control
5000,588.0,8583.0,444.0,8582.0,0.052445121109485626,0,143.46615592276228,,158,control
5001,636.0,8577.0,600.5180699543633,8587.877286040128,0.05953080207109451,0,36.35789607198679,2.4132104336590428,158,check
5002,611.0,8629.0,707.0,8514.0,0.05010740086436272,0,150.79607881898335,,158,control
5003,669.0,8592.0,701.7433672620098,8397.858579313117,0.0714772492647171,0,197.80651650738247,2.840968568655619,159,control
5004,669.0,8592.0,804.0,8363.0,0.05853349342942238,0,266.81384659435463,,159,control
5005,655.0,8490.0,678.9118131125958,8617.910354098662,0.05833715200424194,0,129.36260562851982,2.0668747362159774,159,control
5006,769.0,8547.0,680.8814548229132,8393.720162496025,0.061170194298028946,0,177.28003987013895,1.0912369025781261,159,control
5007,849.0,8491.0,775.0,8477.0,0.07570170611143112,0,74.97628534417107,,159,check
5008,709.0,8501.0,707.0172648666386,8627.621746865203,0.06168403849005699,0,125.75495384587441,6.9462686040796555,159,control
5009,717.0,8638.0,826.3682845268859,8573.751621384283,0.06592053920030594,0,127.71402491745407,1.167012827011419,159,control
5010,776.0,8592.0,671.0,8389.0,0.09511109441518784,0,229.0609030545718,,159,control
5011,798.0,8618.0,618.0,8611.0,0.05472444370388985,0,179.64851006178807,,159,check
5012,724.0,8642.0,615.3041904351533,8577.061304823585,0.05022573843598366,0,126.61704472347203,1.9114031162472744,159,control
5013,723.0,8516.0,859.0,8408.0,0.09291454404592514,0,174.5847799271393,,159,control
5014,669.0,8505.0,651.0,8398.0,0.0561242401599884,0,109.25589094211253,,159,control
5015,789.0,8537.0,855.0,8639.0,0.07777141779661179,0,121.03102984686633,,159,control
5016,730.0,8595.0,606.0,8591.0,0.08941661566495895,0,123.56980314979491,,159,control
5017,754.0,8569.0,714.0,8461.0,0.05033593624830246,0,115.79409574480756,,159,control
5018,720.0,8554.0,775.0,8477.0,0.08739639073610306,0,95.61774872055967,,159,control
5019,706.0,8576.0,681.7233037655315,8394.260629825527,0.06394973397254944,0,184.12608816944936,2.446958596876253,159,check
5020,679.0,8560.0,573.0,8460.0,0.09741517156362534,0,145.93015087176062,,159,control
5021,857.0,8587.0,855.0,8639.0,0.0811569020152092,0,51.150545263538234,,159,control
5022,763.0,8583.0,565.0,8423.0,0.05656205490231514,0,254.68833739017276,,159,check
