id,src_x,src_y,ref_x,ref_y,score,is_inlier,residual_px,sigma_px,grid_cell,role
0,13.865942001342773,26.121063232421875,89.83765411376953,21.53844451904297,0.46713605523109436,1,0.6116254658946556,,0,control
1,19.67011833190918,159.84812927246094,80.4565583976801,87.73946648316073,0.5620795488357544,1,0.021376555481983434,0.1068028001600571,0,control
2,20.36155128479004,185.95814514160156,78.38195443058973,100.64380855028226,0.5230821371078491,1,0.14148755921117098,0.11169535340762349,0,control
3,22.95690155029297,196.4935302734375,78.7418979900813,106.12093644286392,0.5823642611503601,1,0.12254126462019078,0.10758483168834211,0,control
4,27.102432250976562,70.42149353027344,92.14333299863472,44.38230800857311,0.6535428166389465,1,0.08686727915845092,0.10742085034582677,0,control
5,30.920394897460938,30.559635162353516,97.66424052756643,25.15968046240258,0.8239545822143555,1,0.022831864143454363,0.1106082876958955,0,control
6,42.88570785522461,100.8358383178711,97.30161478622742,60.79930918848263,0.8189905881881714,1,0.053424079769563204,0.09694385901892325,0,control
7,43.84654998779297,43.61098861694336,102.92877854290188,32.728694323138875,0.6576938629150391,1,0.083569341469133,0.10375030576099592,0,control
8,44.28184127807617,21.121103286743164,105.13516753626581,21.747852033316235,0.7958675026893616,1,0.05694692177937606,0.12253641876350793,0,control
9,49.55937576293945,88.736328125,101.73335840140804,55.41590887861568,0.7517131567001343,1,0.09929966654058296,0.1325295805709098,0,control
10,49.89229965209961,163.41744995117188,95.24029559685803,92.2584631288775,0.7831982374191284,1,0.05306179280175588,0.11549169030127816,0,control
11,50.159332275390625,135.3602752685547,97.85983742411192,78.4555988429166,0.8249682188034058,1,0.007947192132886426,0.18832495993084256,0,control
12,50.26218032836914,108.29730987548828,100.345385120288,65.15714966271474,0.3724866211414337,1,0.0248471896688552,0.10229847180039442,0,control
13,70.16532135009766,196.50604248046875,102.33387244438413,110.37719486166866,0.8899919390678406,1,0.06631316285663581,0.10757170684306844,0,control
14,71.18953704833984,58.210758209228516,115.18601525318134,42.44822975638973,0.8433424234390259,1,0.08604672043700488,0.10024469695217372,0,control
15,72.05901336669922,115.30024719238281,110.53143383661906,70.5494323396078,0.8087334036827087,1,0.10501667358071924,0.11037192864712782,0,control
16,77.44979858398438,95.74309539794922,115.07060558256495,61.541759573648264,0.7095476984977722,1,0.20703665143777272,0.22013272481577686,0,control
17,78.41303253173828,126.69281005859375,112.74269144341203,76.82784440990176,0.8351065516471863,1,0.12580737636472275,0.11398355935868396,0,check
18,80.61683654785156,170.2799072265625,109.95349096015683,98.44932580469865,0.8919345140457153,1,0.08883620264313073,0.10585460781159972,0,control
19,81.4732666015625,48.33530044555664,121.27400737645442,38.529188662306915,0.752727746963501,1,0.12413074210941956,0.13673374873713087,0,control
20,84.5968246459961,164.36529541015625,112.4447050794792,95.87059102973349,0.8409777283668518,1,0.030847601215333496,0.0805460166277016,0,control
21,86.72763061523438,41.04692840576172,124.49928225337487,35.485336807888636,0.8735835552215576,1,0.04893653145727005,0.1382444719992691,0,control
22,91.58784484863281,204.69371032714844,112.3163465895539,116.33017695345727,0.6135387420654297,1,0.07563888115713166,0.11623919326388187,0,control
23,100.51432037353516,123.92485046386719,123.9151639493146,77.44843747407035,0.7390510439872742,1,0.08956343426131572,0.09603518752172509,0,control
24,101.49801635742188,87.3897933959961,175.48069763183594,184.9561004638672,0.4008466303348541,0,267.6116210852907,,0,control
25,109.48031616210938,61.233192443847656,134.00467468859125,47.46684608217963,0.8013534545898438,1,0.03692199043874988,0.10660703916711413,0,control
26,115.27291870117188,156.26390075683594,128.3376385055384,94.68314612680557,0.8210676312446594,1,0.15586826939756127,0.14338598814620399,0,control
27,118.94087982177734,124.55451965332031,133.06653525174318,79.43410913824015,0.8721857070922852,1,0.029866717812188037,0.1096192766444009,0,control
28,120.39424896240234,82.55938720703125,137.56237860878582,58.96766102062295,0.700713574886322,1,0.12384255211125668,0.12686320435254492,0,check
29,120.45787811279297,49.792625427246094,140.37142376753403,42.79777365810691,0.8384515643119812,1,0.20485422291694058,0.09103267501460754,0,check
30,123.31765747070312,119.1882095336914,135.72106286271816,77.16060337339346,0.42171648144721985,1,0.0518767757760238,0.12052795299038395,0,check
31,127.18392944335938,78.29491424560547,141.27812025929472,57.43916591734041,0.6010088920593262,1,0.059724240770404245,0.11981292502774907,0,control
32,129.34420776367188,191.38148498535156,132.22840073896745,113.23846916522852,0.7150404453277588,1,0.11898640453387647,0.11396833414522374,0,check
33,130.3764190673828,41.85554885864258,146.04247497274548,39.88731453937866,0.6815614104270935,1,0.05905156738351644,0.07989886292232054,0,check
34,133.44949340820312,186.0183563232422,134.78642859571013,110.99709369805646,0.7463500499725342,1,0.08060228485721094,0.12451409153702173,0,control
35,133.54443359375,36.43842697143555,148.1402616353628,37.51555407959879,0.775234043598175,1,0.039517648697426515,0.08985091873568234,0,control
36,142.59849548339844,170.3805694580078,140.7427001146803,104.10141090037055,0.8022501468658447,1,0.007347593441167695,0.11831795953853731,0,control
37,144.6506805419922,191.75753784179688,139.84015403651944,114.76274362365844,0.8838719129562378,1,0.08432829202965605,0.11045499311382309,0,control
38,153.69931030273438,83.3553466796875,153.9049530029297,62.38059616088867,0.7707169055938721,1,0.11242241404722611,,0,control
39,157.59854125976562,113.46829223632812,153.2337892833819,77.49579365403261,0.7854925394058228,1,0.016169576942229858,0.12854059714361465,0,check
40,164.89173889160156,34.41997146606445,163.81982724175032,39.42992926724176,0.7081642150878906,1,0.02631205934723617,0.10079169921292884,0,control
41,173.13372802734375,110.8309555053711,161.10972341634758,77.57692673116992,0.7426695823669434,1,0.1418178936780535,0.18990103481841974,0,check
42,177.08912658691406,149.69314575195312,159.6557881011529,97.08941505228572,0.534669041633606,1,0.08745561636865448,0.09554388779468855,0,control
43,181.904052734375,25.807231903076172,172.98499220791007,36.75372107615488,0.5794815421104431,1,0.04683666760502341,0.12092247446822868,0,control
44,183.52139282226562,211.88978576660156,157.37696736092198,128.20390849753315,0.7192755937576294,1,0.015026878285079509,0.10068208107432046,0,control
45,184.03024291992188,72.25454711914062,169.94503084075217,59.63823721041569,0.8655709028244019,1,0.1407185832837228,0.15203174837659375,0,control
46,184.59474182128906,126.55473327636719,165.26107576662065,86.33168188198198,0.4164639711380005,1,0.391964093542069,0.1833269353515635,0,control
47,187.66488647460938,91.95233917236328,170.06334771357967,69.79939796146351,0.8127963542938232,1,0.22825437724237482,,0,control
48,192.38409423828125,52.340972900390625,175.75994470831668,50.63948547003478,0.8586429953575134,1,0.2368152423128782,0.13473006688561984,0,check
49,201.64210510253906,77.28461456298828,178.31435179846562,63.8853230055822,0.8600282669067383,1,0.2656224621487028,0.21668634867247988,0,control
50,220.36521911621094,116.17768096923828,183.99555515742537,84.46567459153411,0.7953375577926636,1,0.2143638801904759,0.1327646715538085,1,control
51,225.0484161376953,106.38758087158203,187.27824730483175,80.15386139596654,0.863365113735199,1,0.07930379199075338,0.1679063110694554,1,control
52,232.05426025390625,53.45063400268555,195.35478912685298,54.95415604870412,0.8551890850067139,1,0.1227941270697479,0.11321969134765608,1,check
53,232.17755126953125,155.8459930419922,186.41788612798317,105.10418827493024,0.6863037347793579,1,0.06855470468059569,0.0970055537938506,1,control
54,232.33279418945312,195.01950073242188,182.9782858616197,124.22099077898237,0.7965821623802185,1,0.23544452690104947,0.13898801416350479,1,check
55,236.30638122558594,18.267017364501953,200.5541605768631,38.135874534152265,0.8052855134010315,1,0.12173895241532662,0.11445371523925148,1,control
56,236.5358428955078,183.4521484375,186.06772801100894,118.87348521785817,0.841907799243927,1,0.32048924177541027,0.14832508130472574,1,control
57,241.85166931152344,60.1894416809082,199.56157410216144,59.08394897620945,0.8437814712524414,1,0.06602307450580533,0.1480934857266498,1,check
58,246.5953369140625,130.7958526611328,195.7329922175322,94.1430087003584,0.7597726583480835,1,0.10749446253036175,0.23325355346083093,1,check
59,246.76358032226562,18.608652114868164,205.6929813718759,39.25381873973457,0.805478572845459,1,0.1190360541537662,0.10478756188047365,1,control
60,249.6011962890625,163.96029663085938,194.33898979848084,110.63591025963964,0.8706992864608765,1,0.04248093244036072,0.09308237032047594,1,control
61,262.2906799316406,47.163082122802734,210.91201749340308,54.68980110433416,0.7692345380783081,1,0.2899725546976178,0.1241073596676249,1,control
62,265.05213928222656,95.40808868408203,208.0077203815965,78.46734513650874,0.8653638958930969,1,0.12266863322304954,0.18065859740892568,1,control
63,268.08009338378906,131.1815948486328,206.31558731172584,96.12372182801941,0.757141649723053,1,0.20577039446100745,0.12807330718474005,1,control
64,268.86761474609375,163.31112670898438,203.91770109117732,112.03150435901586,0.8222542405128479,1,0.05497583592751639,0.09678400719420255,1,control
65,269.39988708496094,148.34307861328125,205.45259871683007,104.64708516600321,0.8377628922462463,1,0.21904213504862155,0.12432727412522025,1,control
66,273.8406066894531,69.5660400390625,214.5098023070636,66.56573050754889,0.776414692401886,1,0.09044206938984649,0.09600737723890636,1,control
67,287.59532165527344,14.568018913269043,226.19247436523438,41.01456832885742,0.660014808177948,1,0.1687760823130362,,1,check
68,289.5404052734375,52.69945526123047,223.78338353034513,59.82795276667825,0.7952736616134644,1,0.11947834404344931,0.11210178675794426,1,control
69,296.3025207519531,113.05742645263672,221.87599253487306,89.89244705105405,0.8730960488319397,1,0.11967245903870327,0.1330741274979671,1,control
70,298.3239288330078,175.8240509033203,217.36451162141373,120.85092266358755,0.7554749250411987,1,0.06997201223642938,0.10624090290781174,1,control
71,300.9346618652344,81.59089660644531,226.85851035240503,74.93806859928998,0.7465516328811646,1,0.03167961946846272,0.08367641656040678,1,control
72,302.3066711425781,28.56880760192871,232.08299417329422,49.12508586151151,0.71101313829422,1,0.12087325203738686,0.10929028917143188,1,control
73,307.4330596923828,76.40501403808594,230.5409261853561,73.01776622751146,0.8173313736915588,1,0.10949235742676423,0.13956111921649966,1,control
74,310.0413513183594,205.24012756347656,220.47386259743288,136.2327937922294,0.7213085889816284,1,0.20691853635309312,0.10720035227946086,1,control
75,313.6990661621094,137.0994873046875,228.2947219407477,103.26453209606461,0.7456865906715393,1,0.03334439355264901,0.10028710572537161,1,control
76,329.89532470703125,197.07249450683594,231.04559670772582,134.05063210455276,0.7685866951942444,1,0.06847866652449662,0.1299532980124186,1,control
77,331.22752380371094,9.604791641235352,248.0294952392578,42.51477813720703,0.3574034571647644,1,0.10734790355371211,,1,control
78,333.4613952636719,187.2398223876953,233.69671770175313,129.63091815900964,0.816637396812439,1,0.12565050318037582,0.12272756456770322,1,check
79,336.0004577636719,38.99470138549805,247.83818043164294,57.43965742875679,0.8212044835090637,1,0.2572635985441758,0.1451675577072602,1,control
80,343.3542175292969,87.05475616455078,247.169957279514,81.37306239014134,0.7909169793128967,1,0.20572581171126703,0.08720148780598116,1,control
81,348.2402038574219,42.27365493774414,253.54805224203815,60.18603653658717,0.8351002335548401,1,0.3070331880257346,0.11453866523506602,1,control
82,349.845458984375,74.56101989746094,251.5117345689784,75.98102579414827,0.8047682046890259,1,0.07834937229760608,0.11374428511432054,1,control
83,357.7134094238281,150.53732299804688,248.71189186745843,113.71564197228929,0.44968506693840027,1,0.2002415943796273,0.13564399632923166,1,control
84,361.6506652832031,144.19703674316406,251.32905057256448,111.05757499136284,0.49072206020355225,1,0.13614682727439945,0.14443638132355185,1,check
85,368.69598388671875,113.44388580322266,257.3461432199911,96.54368807942039,0.5423592925071716,1,0.2178156706049839,0.10267204872440182,1,control
86,372.56048583984375,98.15450286865234,260.6167127904567,89.49368342858412,0.855175793170929,1,0.062046561535462626,0.1378258586983431,1,check
87,374.513916015625,181.3603973388672,254.40390519269027,130.4429147317742,0.7997403740882874,1,0.14486486837705917,0.14588309064038876,1,control
88,378.9535827636719,162.41273498535156,258.07347113601395,121.49583663349668,0.6928466558456421,1,0.22395391475183862,0.10872241007684454,1,control
89,382.6761474609375,114.33428955078125,264.1804063965124,98.29570359190197,0.6406311988830566,1,0.09139270028484298,0.11734599121384466,1,control
90,383.60540771484375,95.44916534423828,266.23896691551266,89.13760241808923,0.7352845072746277,1,0.13522218653959206,0.15103153947226297,1,control
91,392.7966613769531,55.39537811279297,274.28161287303806,70.49990265316768,0.8196942210197449,1,0.11451183633168384,0.12919953508970045,1,control
92,395.8889465332031,26.711332321166992,278.19646033928603,56.765913487759036,0.7350348830223083,1,0.05769043384886763,0.11217767966069435,1,control
93,402.100830078125,46.20631790161133,279.56187636321187,66.88669692258524,0.7515864968299866,1,0.06978810777001763,0.0813945064923476,1,control
94,403.1459655761719,210.2425537109375,265.9416177680534,147.0914380948387,0.746441125869751,1,0.03701826342559006,0.125516483750211,1,control
95,407.5389099121094,135.82794189453125,274.5244464203651,111.1191877245108,0.7951001524925232,1,0.08234529873215457,0.12187555165508468,1,check
96,412.6905212402344,129.26246643066406,277.562919305518,108.27717037543819,0.8082857131958008,1,0.1433040846136454,0.14520037166533592,1,control
97,417.1922607421875,62.02565383911133,285.62299329559886,75.92498270364226,0.8824310302734375,1,0.04995144897261613,0.17637259504663058,1,control
98,425.48321533203125,173.40530395507812,280.1063112793794,131.07666258955322,0.8448980450630188,1,0.09064176370268408,0.1466358620113156,1,check
99,427.847412109375,42.85312271118164,292.4158329777521,67.65953211941202,0.6398876905441284,1,0.22502923163163197,0.11493312596620409,1,control
100,429.45823669433594,148.15554809570312,284.1764948647314,119.05042552477506,0.8216131329536438,1,0.05065633754448624,0.15764637687751926,2,control
101,429.7115478515625,205.41822814941406,279.3045774372783,147.01513964588963,0.7320942282676697,1,0.21108633230337184,0.12012735013482564,2,check
102,435.9640197753906,179.23451232910156,284.66995768893366,134.79822688964558,0.7334606051445007,1,0.10748903416900686,0.10119419455640552,2,control
103,438.4927062988281,80.28810119628906,294.4666024895544,86.78290645373716,0.854709804058075,1,0.04842696298596927,0.15687531161816878,2,control
104,438.65467834472656,90.8606948852539,293.61068813154196,91.9769225562928,0.45783838629722595,1,0.09073905924922633,0.13120227329517525,2,control
105,441.0505828857422,165.45045471191406,288.33870568253366,128.5694920074986,0.6954980492591858,1,0.08581338565543283,0.11103862292117649,2,control
106,444.6050262451172,160.72183227539062,290.5092318145582,126.59986885180828,0.7305047512054443,1,0.07596181367782602,0.08589894743782821,2,control
107,445.8032989501953,23.96455192565918,302.84249450993025,59.99274163383443,0.7207080125808716,1,0.030140200513467837,0.106444271912909,2,check
108,457.3072052001953,57.06308364868164,305.6638771768219,77.16881784548897,0.8246437311172485,1,0.062435929209127876,0.16503204782809353,2,control
109,463.6990661621094,130.13482666015625,302.52208263970465,113.35544349112973,0.8041393756866455,1,0.051369430594779816,0.08693966665048156,2,control
110,464.32867431640625,11.949318885803223,312.906494140625,55.75807571411133,0.3651529848575592,1,0.15309265418128165,,2,control
111,468.38441467285156,137.6453094482422,304.05769917460634,117.38471238606976,0.6579004526138306,1,0.19802497342635506,0.1523068735312758,2,control
112,469.2558288574219,172.7235107421875,301.5191385889602,134.64507396574518,0.881463885307312,1,0.08893412301535926,0.1314546723091834,2,control
113,475.46556091308594,51.62153625488281,314.9960469280991,76.1923643838831,0.6971481442451477,1,0.11255658594127957,0.12319152659380313,2,control
114,482.8001403808594,88.08329772949219,315.4509400040632,94.59457365263528,0.613055944442749,1,0.07929706198217536,0.08395822992036452,2,control
115,483.0261688232422,173.59107971191406,308.22307909315646,136.33962643689648,0.7387396693229675,1,0.10841804983286307,0.13226758827632729,2,check
116,486.37550354003906,26.655364990234375,322.37409929681223,64.99008176724578,0.6293557286262512,1,0.10617284064460054,0.13571629803343074,2,control
117,495.24977111816406,154.56300354003906,315.76664581959625,128.05461946923967,0.870680570602417,1,0.13631674746274253,0.12935793152847944,2,check
118,502.1490173339844,108.73284912109375,323.1255742454588,106.42207138675745,0.7493206858634949,1,0.12875886069629786,0.21380496523183493,2,check
119,503.9190979003906,13.116362571716309,332.2742919921875,59.93741226196289,0.43559375405311584,1,0.3155319610780176,,2,control
120,509.05470275878906,130.5409698486328,324.60897725025666,117.59564890408903,0.8091849684715271,1,0.03053944756433538,0.12075132307713404,2,control
121,520.6355743408203,114.84087371826172,331.5868934641694,110.99773670058916,0.825617253780365,1,0.041123879590706486,0.0978478784901653,2,control
122,522.4025115966797,61.71513366699219,336.9358417342461,85.33449032245328,0.8672057390213013,1,0.14545943397395833,0.15436574921824603,2,control
123,522.9322509765625,98.04959106445312,334.20240853727756,103.06795808233696,0.8450585007667542,1,0.12903511048427352,0.12308788616735403,2,check
124,531.1383666992188,52.205322265625,341.4314880371094,81.13590240478516,0.6768104434013367,1,1.41347374020886,,2,control
125,537.9891510009766,191.2739715576172,333.53761677548965,149.8426678804702,0.8966254591941833,1,0.07251295567965078,0.10156799305890941,2,control
126,538.5186767578125,168.2828369140625,335.7424225787103,138.64025707476483,0.6430354118347168,1,0.05703601029232938,0.15923905690627793,2,control
127,539.4102783203125,101.00594329833984,341.8653812973303,105.93962065226953,0.8506036996841431,1,0.13773218858477576,0.09260428018591263,2,control
128,547.3704833984375,138.340087890625,342.613480519702,124.80207814892339,0.7072553038597107,1,0.07708157578174772,0.13082080372060262,2,control
129,548.9176940917969,116.83062744140625,345.25706602330064,114.51184607396503,0.8327720165252686,1,0.08577499669921909,0.1122739587788669,2,control
130,552.8905487060547,35.06444549560547,354.04403070775516,75.02263218319911,0.7817018032073975,1,0.16526354565191165,0.10318351621469875,2,control
131,556.4316864013672,77.23095703125,352.30912080809304,95.97137929548845,0.8092737197875977,1,0.2013944731956332,0.12350450821305646,2,control
132,557.3934326171875,29.402257919311523,356.7696788757424,72.7222696549281,0.7192763686180115,1,0.05048155747092345,0.11815476831831462,2,control
133,570.76904296875,19.137685775756836,364.13999695437064,68.99307660114523,0.7051041126251221,1,0.05132562589699071,0.1245294854247377,2,control
134,576.0061950683594,165.29371643066406,354.3138885498047,140.3475341796875,0.8580901622772217,1,0.3492259186111227,,2,check
135,579.2530517578125,65.54199981689453,364.30963732300444,92.29539797787788,0.7758057117462158,1,0.05632294827376211,0.13137077348505943,2,control
136,579.7830200195312,138.83779907226562,358.3690503710988,127.91714506079272,0.8069372177124023,1,0.1033614009071371,0.0877499398656955,2,control
137,581.8148803710938,128.94119262695312,360.1973753346448,123.25875795361833,0.5541026592254639,1,0.1475753893844135,0.12053737860012471,2,control
138,592.298095703125,48.786231994628906,372.0209207486264,85.26753598403091,0.8207234740257263,1,0.12962883244725035,0.13120181062885,2,control
139,596.529052734375,17.063060760498047,376.5829162597656,70.08645629882812,0.6681255102157593,1,0.6077090708534066,,2,check
140,604.0953369140625,106.05057525634766,372.96738674112106,114.1695567916923,0.5691602826118469,1,0.03563654729625823,0.07229737398617792,2,control
141,611.4083862304688,126.6612548828125,374.804160368443,124.98195831878965,0.6743618249893188,1,0.25098369824175143,0.09331489465136121,2,control
142,616.451904296875,169.10824584960938,373.8967742919922,145.8231658935547,0.7516217231750488,1,0.6105105408015384,,2,check
143,622.7538452148438,26.6693115234375,388.6830214926572,77.29384101740365,0.7328336834907532,1,0.06451474696930862,0.0867680021729648,2,control
144,625.8759155273438,118.95287322998047,382.4423809499902,122.32738415198219,0.8697102069854736,1,0.15374212033536358,0.12361275485442552,2,control
145,627.390625,88.23601531982422,385.7217943045454,107.5244140634417,0.3007413446903229,1,0.20118110457799465,0.12978492637827094,2,control
146,627.5425720214844,144.34173583984375,381.1532606780208,134.93880772975993,0.6625850200653076,1,0.11638307383490903,0.13728593491173186,2,control
147,628.8609313964844,181.34544372558594,378.68798484385275,152.98817861505805,0.7555182576179504,1,0.14543540463971874,0.130976074413314,2,control
148,632.7147827148438,191.15391540527344,379.6717140434681,158.11580038713686,0.607592761516571,1,0.057749547343420415,0.10478756718059587,2,check
149,644.2929077148438,72.3418197631836,395.34838595786215,101.40889864934341,0.8711258172988892,1,0.1009816977795145,0.1358516037477304,2,control
150,645.6530151367188,61.504608154296875,396.8276373209565,96.23126741180327,0.7961311936378479,1,0.11487309194718295,0.11752462561702906,3,control
151,652.6652069091797,38.97880935668945,402.15912200530744,85.93104217726801,0.7932496070861816,1,0.09053848420973018,0.10737173842417295,3,check
152,654.3142700195312,132.75486755371094,394.9382609158134,131.5558295935736,0.7700734734535217,1,0.32712869897259217,0.11431706351296958,3,control
153,659.4859313964844,211.9244384765625,390.9186221984906,170.64535668406407,0.858173131942749,1,0.044030802048506616,0.1062349273953115,3,control
154,662.5047454833984,145.4920654296875,397.9295329403886,138.51405556876603,0.854243278503418,1,0.13164204460863496,0.12959918860396694,3,control
155,665.7210845947266,20.113887786865234,409.9440757043252,77.78412786503037,0.6510571837425232,1,0.5005323128079905,0.11644302664455944,3,control
156,666.7209930419922,164.77264404296875,398.3739758628727,148.27969931876595,0.780538022518158,1,0.07789222131150653,0.09389256410849796,3,control
157,673.9061889648438,187.60963439941406,399.98612497764304,160.1546080236945,0.6833343505859375,1,0.20435785148869373,0.1406460019177152,3,check
158,678.6891021728516,33.03371047973633,415.2514160302266,85.39928398263261,0.8014938831329346,1,0.07142530222032942,0.10550625623862116,3,control
159,679.3603668212891,62.04758834838867,413.28300231485173,99.78420634300238,0.3883090019226074,1,0.5548955005005604,0.2482687848623831,3,control
160,681.2757873535156,134.84129333496094,407.91833942582673,135.07297415934048,0.7251818776130676,1,0.09108959080632108,0.07475479474218279,3,check
161,683.2621765136719,20.29567527770996,418.52430430289354,79.63319791484166,0.7630850076675415,1,0.08384906149487206,0.15195610843273916,3,control
162,684.8234405517578,118.01448059082031,411.154160419411,127.23834699275487,0.8672492504119873,1,0.16061570773125636,0.10617120186483167,3,control
163,685.6486053466797,106.34431457519531,412.49109188279095,121.62707761667279,0.8468145132064819,1,0.07130263226199031,0.14233633145169455,3,control
164,702.4241638183594,81.97311401367188,422.66886710916316,111.33529679206077,0.8628764152526855,1,0.16265990895547042,0.13541569024159997,3,control
165,702.4786529541016,113.62582397460938,420.02172945114273,126.69391814656305,0.8158217072486877,1,0.13053858200953167,0.09516147090830317,3,control
166,706.9718017578125,144.81991577148438,419.5768481429317,142.22784782203357,0.7503581047058105,1,0.10673687711532284,0.1024145786341532,3,control
167,714.6039123535156,47.16610336303711,431.3916890863457,95.4043125625941,0.8253797888755798,1,0.1894445093276947,0.1286091529804615,3,check
168,717.7691192626953,14.65383243560791,435.6180114746094,80.04681396484375,0.6850722432136536,1,0.045016704529087403,,3,check
169,723.0422210693359,70.08915710449219,433.58391447760556,107.3380004092412,0.7439147233963013,1,0.05549723386637454,0.08176320206287696,3,control
170,728.0665130615234,46.32587432861328,438.0549050110437,96.27349939243223,0.693901538848877,1,0.18398468758871558,0.1616050652002863,3,control
171,735.7339019775391,149.88925170898438,433.0788249232275,147.22533357480103,0.7927709221839905,1,0.12128689741336059,0.12841029373649215,3,control
172,736.3301391601562,98.08527374267578,437.6984033856653,122.11084681621877,0.7598168849945068,1,0.11523259943498777,0.12133653382391506,3,control
173,742.4621429443359,197.35781860351562,432.38868121891517,170.90657272857268,0.8383815884590149,1,0.19494885091510322,0.10903117345010667,3,control
174,745.9237365722656,164.79336547851562,436.71217319030325,155.37426795772933,0.7072887420654297,1,0.10549364978193014,0.09945090119783553,3,control
175,746.5735626220703,192.10519409179688,434.84610248100796,168.74829780154107,0.7889187932014465,1,0.2882513615390775,0.08638510396101759,3,check
176,752.8500518798828,42.8572883605957,450.1492619632056,96.83001864922166,0.8328725695610046,1,0.10830532364239703,0.1090919881552905,3,control
177,764.1729583740234,190.50045776367188,443.26647651529413,169.32937560362393,0.759442925453186,1,0.28708395145231397,0.09153225010013423,3,control
178,764.8519897460938,154.0421600341797,446.6884564881471,151.72990702546014,0.7292236685752869,1,0.14227769922439654,0.12695042111083568,3,control
179,771.1312713623047,89.87116241455078,455.11125024865134,121.25284758547484,0.6201043725013733,1,0.0666979690278928,0.12460444607263646,3,control
180,775.8934936523438,84.12356567382812,457.87258619172127,118.8021527922854,0.6827372908592224,1,0.11877908950663611,0.09259395887789937,3,control
181,785.4227600097656,153.48085021972656,456.71310953394294,153.3513965042226,0.7965070605278015,1,0.07318882773902693,0.11865470120933656,3,control
182,790.3391723632812,213.181396484375,454.11232243208445,182.77530742728763,0.7082500457763672,1,0.09938705574274233,0.12085632158055007,3,control
183,792.8854370117188,18.402549743652344,471.4483940152293,88.52169668888484,0.8315939903259277,1,0.163482970990286,0.10298718841261652,3,check
184,795.7265014648438,39.67390441894531,471.1246635521827,99.15950576898196,0.656356155872345,1,0.09027869662621588,0.09676391379040777,3,control
185,797.0627746582031,180.44561767578125,460.0676609944332,167.44548006345258,0.7046257257461548,1,0.05416217098617021,0.1005497993837474,3,control
186,801.6227111816406,76.78511047363281,470.77054034649274,117.54368690314497,0.7431718111038208,1,0.2198096410909309,0.10362187510887948,3,control
187,805.2047424316406,11.32142448425293,478.0540466308594,86.24238586425781,0.5320613980293274,1,0.13221880860507565,,3,control
188,806.6050109863281,70.6994857788086,473.7308592792495,115.05320400322896,0.7660386562347412,1,0.10729060378806585,0.13371342246748663,3,control
189,807.676025390625,205.4914093017578,463.1844921974492,180.6101901854845,0.6471702456474304,1,0.24540200910378213,0.128961146258231,3,control
190,808.7260437011719,134.03794860839844,469.48328622704065,145.90052545754074,0.6894566416740417,1,0.1542629400876944,0.13161375657255991,3,control
191,809.9124145507812,154.88951110839844,468.39201081998357,156.12095814475703,0.3476194143295288,1,0.07214686153512422,0.09698769656337351,3,control
192,810.8511962890625,42.05453109741211,478.18996213204053,101.6407037379137,0.7669704556465149,1,0.05228798219708142,0.07525289347587849,3,check
193,832.2318115234375,101.26860809326172,483.46990676159527,132.16173054051654,0.7958640456199646,1,0.17768040314042788,0.0963436683448451,3,control
194,832.3851318359375,53.53863525390625,487.5128844818726,109.10103505260591,0.4749717712402344,1,0.1114504582703313,0.14486071865474093,3,control
195,835.3646240234375,210.6955108642578,476.0240689642762,185.48572308800695,0.6770025491714478,1,0.056299924433280246,0.126454213703415,3,control
196,843.0472412109375,74.00940704345703,491.2423400878906,120.15269470214844,0.39312922954559326,1,0.6716335025053137,,3,control
197,844.9136657714844,182.17489624023438,483.2596893310547,172.59674072265625,0.5270110368728638,1,0.6488859066137286,,3,control
198,845.7385864257812,202.814208984375,481.7401123046875,182.56797790527344,0.6220049262046814,1,0.16450469404741902,,3,check
199,19.303421020507812,220.2960662841797,74.81917566765168,117.5492598862596,0.7247228026390076,1,0.07447393297392912,0.10744652854862337,4,control
200,21.19869041442871,346.71630859375,64.39283294357806,180.21479120986638,0.7283048033714294,1,0.029299277962012947,0.12285885106917345,4,check
201,25.563867568969727,327.03456115722656,68.37504916656232,170.86797174279087,0.8040201663970947,1,0.07057133026620194,0.11923788723737083,4,control
202,31.593761444091797,301.1482849121094,73.70123947751335,158.5426804138164,0.7108524441719055,1,0.07641214595055004,0.1402797720716911,4,check
203,32.27179145812988,422.82342529296875,63.11700696578252,219.02729431234977,0.8224443793296814,1,0.21679101089696703,0.14100928888359465,4,control
204,33.46421432495117,234.50909423828125,80.6499281862022,125.86421669647468,0.749165415763855,1,0.10605152133073018,0.15271025959696333,4,control
205,35.59221267700195,383.8236083984375,68.05227661132812,199.57296752929688,0.6164461970329285,1,0.7218502143900856,,4,control
206,41.53215408325195,337.3234558105469,75.42869486758764,177.41226544485085,0.25348925590515137,1,0.08227041465890521,0.148790462162213,4,control
207,44.620445251464844,424.7377624511719,69.14907062022525,221.09354905920452,0.83233243227005,1,0.2690231837905471,0.19401367635892963,4,control
208,44.629032135009766,264.3116149902344,83.57271926006993,141.55069059304313,0.846615195274353,1,0.08072924521751633,0.15858854635390968,4,control
209,47.04787063598633,282.4895477294922,83.3746337890625,150.33807373046875,0.685328483581543,1,0.9628601959450998,,4,control
210,50.046852111816406,298.87831115722656,83.1316376146472,159.1380709170521,0.7151613235473633,1,0.04708063825608492,0.09241896555125025,4,control
211,57.28492736816406,321.1042022705078,84.81295145660012,170.82133609421481,0.6572167277336121,1,0.17534522922400642,0.13447619630862237,4,control
212,59.974021911621094,292.7976837158203,88.70782055337816,157.04955667338407,0.7290518879890442,1,0.16409763445467826,0.13629052763999386,4,check
213,62.268310546875,218.7032012939453,96.35285846663369,120.58304802048897,0.6748795509338379,1,0.1811546505319322,0.09458885104606307,4,control
214,67.32945251464844,256.4252624511719,95.56267993874567,139.7262543922853,0.7760546803474426,1,0.07685658551591629,0.22077348701883875,4,control
215,69.63299560546875,375.02862548828125,86.04329065533425,198.50890262780698,0.46045321226119995,1,0.1102321370212004,0.10743531538310432,4,control
216,78.97176361083984,401.7939147949219,88.41933992794776,212.70896498880742,0.6180479526519775,1,0.2000746075544714,0.12039423820377348,4,control
217,79.17957305908203,334.6037292480469,94.4357070417639,179.37193365878807,0.7732658982276917,1,0.1034866477461151,0.09250694852201913,4,check
218,81.34203338623047,377.94140625,91.59698745952005,201.04249254093003,0.6186743378639221,1,0.15034877524657062,0.09850837834193038,4,control
219,90.91755676269531,374.3553466796875,96.78985280004991,200.11209138962926,0.7021350264549255,1,0.01667203793663626,0.14458565963978165,4,control
220,98.36490631103516,251.0845489501953,111.52450306258868,139.83756091963537,0.830730676651001,1,0.04326920259476739,0.11396084714082388,4,control
221,103.8740234375,358.85888671875,104.72103529580683,193.677003131718,0.7054663300514221,1,0.22978416873620158,0.11773344717882746,4,control
222,104.78257751464844,303.6908721923828,110.04555110603019,166.44491398669692,0.7592642903327942,1,0.09707194451049533,0.12819901993528876,4,check
223,104.81377410888672,280.74513244628906,112.06834455598475,155.12209917492018,0.6802993416786194,1,0.12926862884294935,0.09714810350661497,4,control
224,113.36421966552734,261.25599670410156,118.08184034401074,146.1487742624409,0.7565212845802307,1,0.1473428113109531,0.11117498760023926,4,control
225,117.67768859863281,300.9941711425781,116.79067862968547,166.29661558219001,0.7693041563034058,1,0.2252357238357018,0.10292966631472708,4,control
226,122.51411437988281,382.6929931640625,111.80260513888477,207.08012316143012,0.7908194065093994,1,0.08726795380126177,0.10459055852916697,4,control
227,126.10779571533203,329.3876037597656,118.38035234879747,180.9901950491583,0.835397481918335,1,0.01730941023851906,0.14605690148028952,4,check
228,131.46746826171875,419.13983154296875,113.00199642777854,225.85955329619054,0.8862630724906921,1,0.05083908006707007,0.09853887476367658,4,control
229,132.41603088378906,273.93040466308594,126.483715294208,154.17450820221018,0.837573230266571,1,0.03750579387532681,0.11063345274401755,4,control
230,137.65298461914062,333.6090087890625,123.75865665751748,184.14867930438058,0.8299066424369812,1,0.07741407293489434,0.11517607223073026,4,control
231,139.59130859375,240.03900146484375,133.0279280150795,138.06181344774748,0.8098637461662292,1,0.1196639083935015,0.10047106112696526,4,control
232,142.8876190185547,260.335693359375,132.94457071709135,148.39174698288974,0.7532762885093689,1,0.12111260418799846,0.11664599712239003,4,control
233,144.76316833496094,416.348388671875,119.91833512599288,225.54971859489376,0.7914446592330933,1,0.22883798799484545,0.1302496855451362,4,check
234,146.57217407226562,370.0855712890625,124.99951279249153,202.92099699087592,0.8275626301765442,1,0.11635097816192742,0.12489841969209708,4,control
235,151.20692443847656,268.1006164550781,136.33417148186214,152.98526162233736,0.8305914998054504,1,0.009399858358002583,0.13115969793362375,4,control
236,158.039306640625,350.6825256347656,132.4046468159284,194.41468208808598,0.7676339745521545,1,0.11934933606179884,0.11109317562728811,4,control
237,162.75228881835938,318.48927307128906,137.60485510385624,178.84774222941147,0.7761757969856262,1,0.06290156579019399,0.16662362981205162,4,check
238,164.27186584472656,340.9663848876953,136.41450238513522,190.1585296903877,0.7842026352882385,1,0.15309773378288424,0.11517213961760542,4,control
239,172.0080108642578,394.6565856933594,135.3875801349675,217.29981530885598,0.7777355313301086,1,0.09702812598851435,0.0945807300695083,4,check
240,176.973388671875,367.6819763183594,140.3250704656524,204.47068261892184,0.7049905061721802,1,0.0880802223873558,0.1057241866859068,4,control
241,178.716796875,215.2902374267578,154.6997674419213,129.42194249498755,0.5775822401046753,1,0.06178493684413094,0.10018777805207855,4,control
242,184.71507263183594,277.6880187988281,152.1577824914142,160.7599003027865,0.8882763385772705,1,0.09738606356927446,0.11367174844273507,4,control
243,188.38465881347656,271.0368957519531,154.59461520166852,157.7830680352047,0.7763360738754272,1,0.09220400751163774,0.09276746982920231,4,control
244,189.44000244140625,306.66529846191406,151.90849317552082,175.43782105001384,0.647178590297699,1,0.03692688069505759,0.18737598940355382,4,control
245,193.85154724121094,332.0063018798828,151.80814142440957,188.27596220054926,0.792371392250061,1,0.13098779697715354,0.1686246336231275,4,check
246,203.13563537597656,251.65318298339844,163.54686362235216,149.53278297522797,0.5531572103500366,1,0.08360112765150995,0.14898571089727747,4,control
247,206.52713012695312,410.7659912109375,151.20040523239896,228.36721356695173,0.878654420375824,1,0.07851592300192463,0.1592490184025224,4,control
248,206.93795776367188,385.7363586425781,153.42188782945044,216.00595351838874,0.5364668965339661,1,0.35096095207128336,0.13653640770911984,4,control
249,224.01901245117188,371.0000305175781,163.4394256124561,210.26513221921553,0.611639678478241,1,0.1129631539158093,0.12551653128795798,5,control
250,233.9030303955078,275.4022979736328,176.80414879354672,164.00112798948857,0.8131632804870605,1,0.12424550962006654,0.1161477285647165,5,check
251,236.9928741455078,379.6388854980469,169.02518755048192,215.60613265950394,0.8962785601615906,1,0.11393208069037641,0.15960418587025052,5,control
252,238.54832458496094,317.3862762451172,175.48069763183594,184.9561004638672,0.859216570854187,1,0.360323559774404,,5,control
253,244.8314666748047,366.8681335449219,174.1370588224371,210.10606947955736,0.8762534260749817,1,0.17992121018168453,0.15230621284476067,5,check
254,245.2308349609375,424.5927734375,169.19308034445226,238.546174912651,0.659339964389801,1,0.05259075671632682,0.09945394885061774,5,control
255,248.4961700439453,267.9083557128906,184.61558646954674,161.6058453590908,0.81358802318573,1,0.042933713901106806,0.10413089696339037,5,check
256,249.7811279296875,342.3030548095703,178.7218969763118,198.27366304397015,0.8696045875549316,1,0.15401952409216896,0.09581736520066651,5,control
257,253.03001403808594,262.06829833984375,187.302665160745,159.024724912613,0.8222512602806091,1,0.2701316243374867,0.14542692805743934,5,control
258,258.6502990722656,412.92071533203125,176.99410377016352,234.00576902742313,0.8161435127258301,1,0.2369030770097021,0.1061298839405317,5,control
259,261.2411193847656,280.3249969482422,189.89033068520888,168.86889100474346,0.8565504550933838,1,0.09805686180996669,0.08864431499302877,5,control
260,263.5213317871094,265.1433563232422,192.39062843679926,161.67473719451766,0.7315873503684998,1,0.2511376970681011,0.10232175006497696,5,control
261,268.07891845703125,247.1615753173828,196.21677478852754,153.11072032370757,0.762522280216217,1,0.1486882383972568,0.12547876520281595,5,control
262,269.9850311279297,361.43988037109375,186.9790784568606,209.52914387715037,0.8182255029678345,1,0.1449496588361769,0.11565057667332083,5,control
263,272.6191864013672,237.4273681640625,199.42242084809862,148.83217637467433,0.7325834035873413,1,0.37421461349709323,0.11492252309398321,5,control
264,277.54798889160156,342.0933837890625,192.53500441979588,200.70600280306599,0.7373244166374207,1,0.09282836150060483,0.15601069270928322,5,control
265,281.16961669921875,276.76280212402344,199.98135413476612,168.83875785464505,0.8115455508232117,1,0.0931469592238547,0.09471967046527587,5,control
266,290.3312072753906,419.3267822265625,192.06545355854837,239.95756729997768,0.8598079085350037,1,0.1158435544718354,0.11772740981267571,5,control
267,295.10350036621094,298.54254150390625,204.9490864970698,180.7611039250476,0.8533698916435242,1,0.14440807709636205,0.1514767658477036,5,control
268,310.1336364746094,356.1954345703125,207.40375563100156,210.50720342090986,0.9269958734512329,1,0.06787897824348209,0.1198124537073477,5,control
269,310.5192413330078,396.239990234375,204.0726406181914,230.29667395114558,0.8838774561882019,1,0.04592118087730991,0.15661413257098306,5,control
270,310.8871612548828,326.7206268310547,209.6428680419922,195.7004852294922,0.4909589886665344,1,1.5612544192629063,,5,control
271,314.93902587890625,234.31253051757812,220.3843562517628,150.9955072648866,0.7566401362419128,1,0.07708720816676343,0.1860511576116915,5,control
272,316.4937286376953,285.1338348388672,216.729895886401,176.1545563655287,0.8240560293197632,1,0.07891847443732115,0.17909194903006725,5,check
273,319.2104034423828,416.3660583496094,206.60062762787038,240.9803034221371,0.7330917716026306,1,0.03478813587625041,0.09797387079349716,5,control
274,321.6371154785156,383.6708679199219,210.65379198259848,225.08700472081546,0.7183980345726013,1,0.028829248449164298,0.08355230873769894,5,control
275,324.0108337402344,422.1796875,208.47894409853802,244.26276818816117,0.6655299067497253,1,0.06279496091421462,0.1251934639926845,5,check
276,325.74151611328125,302.12730407714844,219.85955675825417,185.3026798900615,0.8466088771820068,1,0.08023436749025674,0.10126339057560262,5,control
277,330.01686096191406,283.9148712158203,223.49386489701888,176.59213261631928,0.7712088227272034,1,0.25827461511944144,0.1141017171094645,5,control
278,333.42286682128906,329.19049072265625,221.24596314417767,199.2989175962885,0.7056451439857483,1,0.03506060162932904,0.09659867470462029,5,check
279,344.4842834472656,362.1364440917969,223.81824130383066,216.47594472040566,0.6544586420059204,1,0.02132754430124092,0.14313070725184263,5,control
280,345.5513916015625,248.563232421875,234.25534126167886,160.7328278775353,0.754763126373291,1,0.025042929324964075,0.12901255180264803,5,control
281,352.0884094238281,346.2184753417969,229.0232191983149,209.30507145038294,0.608170211315155,1,0.10289850234660534,0.10039644179912009,5,control
282,360.55816650390625,273.8158874511719,239.43007243493906,174.48593334669522,0.8528140187263489,1,0.0722550971722697,0.11232680757658009,5,control
283,373.0439758300781,249.43710327148438,247.7413267919064,163.6893672857311,0.6947959661483765,1,0.15703964057775446,0.10488064873564984,5,control
284,374.22515869140625,412.1369323730469,234.15799745657358,243.731406169348,0.7643579840660095,1,0.06941247408629286,0.11616269923376212,5,control
285,374.34619140625,348.6527099609375,239.69387467561714,212.43977108874418,0.7907052636146545,1,0.09417599902074009,0.10503717677265928,5,check
286,374.5753173828125,229.45556640625,250.25726308720877,154.00216028607647,0.7586361169815063,1,0.13031049650270962,0.11663492779768811,5,control
287,379.2021789550781,340.664794921875,242.83351480678456,208.99076987128046,0.8610421419143677,1,0.06817190736951287,0.12349477794022759,5,check
288,382.0397644042969,394.57452392578125,239.60522115095895,235.80032074421783,0.7739625573158264,1,0.20455456894628132,0.11512815547019606,5,control
289,385.41375732421875,240.28839111328125,254.71713979528369,160.32475065710437,0.7437965869903564,1,0.2951391794095183,0.07472675757528251,5,control
290,392.178955078125,227.45376586914062,258.9904877265053,154.53791895260636,0.72897869348526,1,0.11224002970738778,0.13955763617869382,5,control
291,394.3247985839844,292.23606872558594,254.5349847920367,186.51767304677642,0.7993590831756592,1,0.11172076098338993,0.10115265158627615,5,control
292,395.1758728027344,410.63409423828125,244.55125345811237,244.7629648429859,0.6349121332168579,1,0.1212310113842089,0.143257019677493,5,control
293,397.0242614746094,359.38104248046875,249.98771799253677,219.70447164582367,0.7616961598396301,1,0.0468512035518104,0.09737571850172777,5,control
294,402.03021240234375,399.7411804199219,248.89225536599955,240.044746324811,0.7944770455360413,1,0.09487615181371184,0.1356567051136366,5,control
295,402.91827392578125,343.4775085449219,254.27385816066513,212.4326327009393,0.722989022731781,1,0.029035459253672218,0.09564380051206084,5,check
296,406.3470764160156,253.77455139160156,263.737172155731,168.7432625899745,0.7138019800186157,1,0.09587789772196852,0.10141277415869325,5,control
297,411.4176330566406,313.5544738769531,261.07614079737226,198.498040210295,0.7790746688842773,1,0.08741624693360187,0.12376432686039858,5,check
298,412.5074157714844,292.73716735839844,263.3726087755079,188.34639809008905,0.31991854310035706,1,0.018798927691765714,0.16434168097652535,5,control
299,444.42205810546875,354.67999267578125,273.747779367456,221.63584897800584,0.7997024059295654,1,0.16350255954700857,0.11053513305738487,6,control
300,444.8671569824219,326.8950500488281,276.25786638277236,207.94720717534616,0.7443544864654541,1,0.13877717465550274,0.0973935182024598,6,control
301,450.9184265136719,216.01097106933594,288.825880860903,154.16069808993942,0.6781383156776428,1,0.07082944432839847,0.10844907034450413,6,control
302,451.3166961669922,378.49267578125,275.0178068291001,233.83303336214126,0.7948813438415527,1,0.07898783718122335,0.07954757632563532,6,control
303,458.58204650878906,293.8211212158203,285.8689796031414,192.98149059930168,0.7386902570724487,1,0.11423719157671818,0.10594524247699429,6,control
304,461.55413818359375,280.5035705566406,288.49834438863195,186.607319248062,0.8169391751289368,1,0.15150753896109742,0.1158807158062746,6,control
305,469.3125,352.1891784667969,286.0969859135608,222.463005575227,0.7340396046638489,1,0.14901757367067886,0.11363800694539304,6,control
306,471.263671875,318.20042419433594,289.98109259425024,206.0510845029402,0.8117891550064087,1,0.12492540367639725,0.09538776184216166,6,control
307,472.4671936035156,418.6833801269531,282.00048300737,255.5397366863973,0.7690462470054626,1,0.17264925333104902,0.0996866146659081,6,control
308,473.0251159667969,346.6767578125,288.39139255786046,220.11715212940646,0.8059372901916504,1,0.10880889421618871,0.11547343895949011,6,control
309,474.41258239746094,248.56455993652344,297.5857379889272,172.16344112599074,0.8418158292770386,1,0.03945854346314683,0.15800538095045183,6,control
310,477.86627197265625,387.0467834472656,287.3667882182124,240.37026207652642,0.7461456060409546,1,0.07418233518539807,0.1448134809858116,6,control
311,479.0072326660156,230.16468811035156,301.4992510382775,163.62290365861062,0.8710649013519287,1,0.21723430993513443,0.13004184791555495,6,check
312,484.45660400390625,378.2331848144531,291.3218071147731,236.58458352277907,0.8260679244995117,1,0.095513125788933,0.11997462175420331,6,control
313,490.3019256591797,410.5819091796875,291.41446237395775,253.1585622186555,0.8848071694374084,1,0.2502890115750222,0.09344957764120981,6,control
314,504.11265563964844,310.27081298828125,306.76896838988915,204.9615472472593,0.6002203822135925,1,0.12965214180320345,0.1433192072603927,6,check
315,505.3383026123047,344.5536193847656,304.5208971495306,222.0077692610778,0.711743950843811,1,0.2005194385018226,0.13050934486265833,6,control
316,506.02064514160156,226.59584045410156,314.75907433507984,164.04400804582204,0.8516947627067566,1,0.49096666952756535,0.25092827437625076,6,check
317,518.5425720214844,270.61871337890625,317.2522410774472,186.99085977937656,0.7704434990882874,1,0.26082012738007077,0.2657478735116941,6,control
318,518.76123046875,391.6370849609375,307.126887936605,246.22633010247392,0.6383799314498901,1,0.2672461439597377,0.14563781056018943,6,control
319,522.8262481689453,361.8147277832031,311.5105072550584,231.91029859285877,0.7168731689453125,1,0.07956940819150879,0.08708180753070063,6,control
320,523.3058471679688,225.3541717529297,323.4142089453909,165.05408218136324,0.7399052381515503,1,0.22825369837811163,0.1375910561120768,6,check
321,530.7016296386719,293.03668212890625,321.3044898266432,198.91901434094652,0.6683516502380371,1,0.03356331240815514,0.09213136002753253,6,control
322,533.7018280029297,348.16796875,318.0827504971525,226.18173684051354,0.8566022515296936,1,0.08085661218381214,0.12135409085810486,6,control
323,535.1955413818359,263.32212829589844,325.9016571044922,184.7688446044922,0.7310633063316345,1,0.27221294692394493,,6,control
324,542.4574584960938,395.8633117675781,318.23809325837544,250.31848076897373,0.8262869715690613,1,0.020600531584407455,0.135229074324733,6,check
325,551.4082794189453,215.9287109375,338.03299207006404,163.10106862443368,0.642471432685852,1,0.15429250475703482,0.11892632419569449,6,control
326,560.5823974609375,424.2552185058594,324.6301244795061,265.83242701057884,0.7331932783126831,1,0.09772009311691203,0.14001348917409157,6,control
327,568.4558410644531,346.4134521484375,335.30949728458853,228.4151025595552,0.8753380179405212,1,0.28995654034096724,0.13355983005574681,6,control
328,568.6313781738281,334.1191101074219,336.33506620603947,222.2979974259453,0.5799992084503174,1,0.08186676471188956,0.11628448137695314,6,check
329,571.4891662597656,317.0473327636719,339.1587853633926,214.24808804093732,0.8164193630218506,1,0.049035562097001766,0.14097044268271242,6,control
330,572.8121643066406,261.08985900878906,344.690274063323,186.99798631476577,0.866812527179718,1,0.21119014075448803,0.09974201414945795,6,control
331,575.1175537109375,335.5957336425781,339.41274046443067,223.66086081488302,0.7627049088478088,1,0.1251873135333069,0.1288000023282216,6,control
332,575.6874389648438,271.63417053222656,345.04556392667007,192.37848958034593,0.7017772793769836,1,0.09385965230322718,0.09515483636275567,6,control
333,578.9526977539062,286.7037658691406,345.39254134184483,200.1010708120649,0.6831201314926147,1,0.12687552633040267,0.15260086880598184,6,control
334,582.9047546386719,376.731689453125,339.6185881773616,244.43732537154997,0.8692364692687988,1,0.0803314539233285,0.09838922450856845,6,control
335,585.8424377441406,225.43821716308594,353.94755324721166,170.71171988675502,0.8195094466209412,1,0.04685960747892507,0.09620504367468169,6,control
336,591.0814819335938,253.92835998535156,354.1270436769841,185.1568789282917,0.7965984344482422,1,0.14696444704575326,0.11742357877066402,6,check
337,597.3244323730469,381.5990905761719,346.25431868635417,248.0271769971185,0.8136597275733948,1,0.13459122755241154,0.19240224461166078,6,control
338,602.1701965332031,408.9769287109375,346.29899371128533,261.9130396762962,0.8322882056236267,1,0.0422731308163768,0.11110023756101167,6,check
339,603.6446228027344,312.5618896484375,355.2689979372873,214.78524260567053,0.7725821137428284,1,0.1296896641251971,0.14244052885076397,6,control
340,604.0908203125,364.826416015625,351.0673163212839,240.504917348848,0.8508832454681396,1,0.14541184478930644,0.1475252957172073,6,control
341,620.7602233886719,362.5908203125,359.34633476055507,240.7731702243675,0.49657437205314636,1,0.08019679013151641,0.15376907282470179,6,control
342,623.8727722167969,238.7536163330078,371.3293086300713,180.5614240944761,0.6493951678276062,1,0.04118187556654348,0.15847836219901004,6,control
343,624.9246215820312,332.6634521484375,363.9510200241248,226.57373177248206,0.32542943954467773,1,0.13534758986387208,0.0922811251851918,6,control
344,626.1658935546875,281.87437438964844,368.7726985807689,201.80143522880277,0.8131706118583679,1,0.08508177600152826,0.16283152273442977,6,control
345,626.4078369140625,312.4645690917969,366.4000776090409,216.84304064675032,0.754264771938324,1,0.1769599497903636,0.11414714198793517,6,check
346,636.0946655273438,424.201904296875,361.5402188697795,272.2612675894689,0.6924474835395813,1,0.12864013891864423,0.14345044075967922,6,control
347,637.1428527832031,223.98931884765625,378.9903147229916,174.54186581230528,0.8882030844688416,1,0.1183066304575406,0.13063679494163996,6,check
348,642.7796936035156,380.96868896484375,368.54527017769254,251.71346477568142,0.7426761388778687,1,0.0894338554706415,0.10130685592415449,6,control
349,644.7341918945312,231.46624755859375,382.0795699629697,178.8050495100809,0.8413373231887817,1,0.09987836466877514,0.1302308132078003,7,control
350,647.4435729980469,261.0555877685547,380.9401427984728,193.49824052016552,0.8898163437843323,1,0.05191799771201007,0.10449450162857045,7,control
351,647.490478515625,375.72003173828125,371.2732605293221,249.55614569551335,0.8094820380210876,1,0.0668659764541122,0.10645481844916545,7,check
352,651.1722259521484,371.8168029785156,373.35927177627366,247.9498779134874,0.7538422346115112,1,0.02230823597584361,0.11600713114972164,7,control
353,655.4346466064453,268.4199523925781,384.12960328409224,197.75282781170608,0.7438591718673706,1,0.15555929867065496,0.1117513952135942,7,control
354,665.5716552734375,384.1114196777344,379.35399906102185,255.2878415793983,0.7892706394195557,1,0.1418779214192205,0.10521476244568877,7,control
355,672.6532287597656,221.38604736328125,396.5243562391993,176.38181324411732,0.7805684804916382,1,0.04033094536051229,0.09526393285511357,7,control
356,677.4728851318359,426.2140808105469,381.53199923076204,276.85216220392186,0.817800760269165,1,0.06081698318076144,0.15990804243480375,7,check
357,679.7024841308594,297.5295104980469,393.58080146361675,214.18117183463983,0.8315368294715881,1,0.16652018026347157,0.1707363767120047,7,control
358,682.6509246826172,280.66917419433594,396.3695603544774,206.21978782803583,0.872005820274353,1,0.11298045201744011,0.12301198780252436,7,check
359,703.4300689697266,291.72691345214844,405.4923558264198,213.40548760777423,0.7877447009086609,1,0.08801028869166208,0.12069221005649916,7,control
360,705.6166839599609,363.2696838378906,400.5931367167851,248.52323433482377,0.7560628652572632,1,0.10295768421032164,0.12019599058030361,7,check
361,706.4912567138672,377.4018859863281,399.7892369597767,255.5315975008257,0.8006174564361572,1,0.12455199087064624,0.17728707313689457,7,control
362,720.8195190429688,408.42694091796875,404.098244563467,271.83020472020587,0.5356312990188599,1,0.1182643731851539,0.1357930069675811,7,check
363,722.8460083007812,247.64088439941406,418.6744998888809,193.598768814964,0.7477236986160278,1,0.10597762979187818,0.11181768131577566,7,control
364,724.9603576660156,417.4154968261719,405.3292336609463,276.58077512965906,0.7906768918037415,1,0.15546332488470085,0.12721628289733802,7,control
365,730.5163421630859,406.1929016113281,409.05312541201295,271.6552670962309,0.7682203650474548,1,0.09253410525294815,0.12214526740802377,7,control
366,730.6733245849609,412.65924072265625,408.5598367022848,274.82433534553303,0.8277155160903931,1,0.0696815416951541,0.12584559249301092,7,control
367,731.15478515625,327.7542724609375,415.9259685076175,233.37980254890624,0.6536240577697754,1,0.05451756216990236,0.09202824214119552,7,control
368,731.6711120605469,394.4665222167969,410.61837097410466,266.0159229279937,0.8446322679519653,1,0.10757434235202809,0.10648075279172338,7,control
369,736.1792602539062,281.09580993652344,422.19255483184185,210.975579377562,0.775178074836731,1,0.2162327306380596,0.1165427184675497,7,check
370,740.2852020263672,264.9517517089844,425.58470033919895,203.46537655086664,0.7613468766212463,1,0.1519138261746174,0.1090584331290808,7,check
371,743.6051483154297,306.51121520996094,423.7339644657783,224.095887491178,0.8486263751983643,1,0.05254256046810365,0.12700348246544912,7,control
372,745.2426605224609,235.61390686035156,430.3950643666006,189.64767362095537,0.8035188317298889,1,0.1689271987940898,0.10361779482821176,7,control
373,755.838623046875,247.67710876464844,434.5894954763423,196.53274501969,0.8518710136413574,1,0.1040777674450114,0.09327353605692176,7,control
374,756.2493743896484,377.0706787109375,423.94578096675474,259.5695790285929,0.7387567758560181,1,0.05458984955342832,0.08743751795753094,7,control
375,757.2973937988281,421.0243225097656,420.74488812753174,281.0943690354242,0.7977917194366455,1,0.1533287772518788,0.1316040873830047,7,control
376,758.1705932617188,221.9029998779297,437.8019497039522,184.07373605566104,0.8305844068527222,1,0.19532024886721555,0.13633402984884213,7,control
377,758.3579864501953,352.77398681640625,426.8953812114864,247.85510367656258,0.7492774128913879,1,0.26949618918115814,0.11774957077533128,7,control
378,763.9073638916016,285.1890563964844,435.42675334637346,215.53119685812123,0.6051084399223328,1,0.22857086674393454,0.09744887629674019,7,check
379,765.5104217529297,330.89219665527344,432.25061140463174,237.85139594440622,0.7001088857650757,1,0.11744771877741067,0.09879901830849294,7,control
380,782.1385192871094,224.44668579101562,449.2427514892069,187.4700733168486,0.8521304726600647,1,0.04484056342243117,0.14141888702871813,7,control
381,784.1679382324219,398.6611328125,435.64178070648563,272.54875741035,0.7869595885276794,1,0.06569507342788973,0.09595907237437086,7,control
382,793.0755920410156,351.7289733886719,443.8251570279695,250.3091831348171,0.7492231726646423,1,0.23627272077659017,0.18754675351332462,7,control
383,802.4990234375,256.6719512939453,456.43825515460543,204.94665903317988,0.8309914469718933,1,0.14657308523330256,0.18283544158581133,7,control
384,810.5578918457031,243.17869567871094,461.3554337731014,199.10387978974887,0.7521919012069702,1,0.08479048387777455,0.146502679519489,7,control
385,811.048828125,368.0621032714844,451.2154517874886,259.9429794617004,0.9092074036598206,1,0.0722006618006021,0.14082047486405458,7,control
386,816.8470153808594,338.32908630371094,456.49503502011936,245.91529318365986,0.8145315051078796,1,0.017065947843576228,0.1632529745888361,7,check
387,816.9886474609375,290.84584045410156,460.44069903915613,222.80400656638903,0.8779188394546509,1,0.1614516110476723,0.1229375846500996,7,control
388,821.7599792480469,279.4601287841797,463.82039649351503,217.70469430491008,0.6021082997322083,1,0.11854941514319121,0.17636359170176197,7,control
389,823.7168273925781,403.52734375,454.38913504116323,278.3428695685695,0.8302807807922363,1,0.09275834767808963,0.14416425124542573,7,control
390,829.9679260253906,228.75811767578125,471.79413333675717,193.63007170691807,0.780805230140686,1,0.37076286034355904,0.13508220678074845,7,control
391,832.9814758300781,334.7397155761719,464.5871976808526,245.53217224026602,0.8818044066429138,1,0.049606043776533534,0.1074174437480033,7,control
392,834.638916015625,368.94671630859375,462.53205869594956,262.3016856629489,0.6417151689529419,1,0.13346880057443503,0.1237065081361588,7,control
393,836.3988342285156,231.6227264404297,474.7292701625444,195.68770091586862,0.8215073943138123,1,0.12349855791487116,0.14608400138160482,7,control
394,837.0223693847656,252.89083862304688,473.3810373614782,206.08783293031908,0.714055597782135,1,0.11370473832157646,0.09268728144514161,7,control
395,838.3503723144531,388.85650634765625,462.6754896557824,272.3614766139324,0.6534864902496338,1,0.06331976469434937,0.10582705398794376,7,control
396,842.989990234375,392.4813232421875,465.3093566894531,274.9286346435547,0.4022458791732788,1,1.5891107679973497,,7,control
397,846.7766723632812,268.2235870361328,476.84107971191406,214.57275390625,0.4762713611125946,1,0.4100723873806302,,7,control
398,847.770751953125,290.7971496582031,475.3441162109375,225.33758544921875,0.49117469787597656,1,0.22987079869082336,,7,check
399,12.70257568359375,456.96397399902344,50.118717193603516,234.1954803466797,0.7886195778846741,1,0.06110629362629192,,8,check
400,18.833023071289062,538.9388732910156,45.79378139881573,275.4749593877345,0.5926370620727539,1,0.06595674532540165,0.14950138348942785,8,control
401,23.68351173400879,529.3663940429688,49.15441105680606,271.1226103892708,0.8036983013153076,1,0.15436602469416294,0.10209526733631648,8,control
402,27.3751163482666,540.6276245117188,49.903770981534414,277.05527870159136,0.8070120811462402,1,0.07539828156413148,0.12253766399382364,8,control
403,32.822265625,455.25086975097656,60.43740073229265,235.12122259055394,0.7789658904075623,1,0.10214195255889127,0.15485391228340897,8,control
404,35.43278884887695,627.8994140625,46.01451452266512,321.2998878639381,0.7639299631118774,1,0.06241300029616244,0.09141827462649328,8,control
405,37.17280578613281,564.2756042480469,52.63946264916859,289.638492261014,0.776576817035675,1,0.21033295416459988,0.14104282812689042,8,control
406,43.1402473449707,643.4258422851562,48.498989225246476,329.72199318775864,0.6930445432662964,1,0.031833705567715274,0.08705456826183795,8,check
407,49.0342903137207,488.08070373535156,65.61810084847606,252.92924622974013,0.7907322645187378,1,0.2172489542453716,0.09506869284623551,8,control
408,50.70457077026367,468.0886535644531,68.23936750990495,243.11471029245163,0.8400765657424927,1,0.1508162848906971,0.15044071347820445,8,control
409,51.995826721191406,517.0139465332031,64.34230586191623,267.4128355554719,0.6869040727615356,1,0.22283677918515293,0.09532990034592767,8,control
410,52.160057067871094,443.9722137451172,71.10619472078118,231.21730267153333,0.8261048793792725,1,0.04368508122980682,0.10808586770611378,8,check
411,53.93281555175781,538.5904541015625,63.446348943040086,278.3736152777342,0.8021916747093201,1,0.03965161365200925,0.11055003426764316,8,control
412,64.4426383972168,623.10400390625,61.16149074960446,321.46030088198734,0.7944973111152649,1,0.18853368065067283,0.1401532502539128,8,control
413,65.46684265136719,454.53749084472656,76.8461023444907,237.66763287571737,0.8053174018859863,1,0.10897475102758813,0.11997703544556218,8,control
414,72.6303482055664,615.8257751464844,65.89881037235006,318.5020451799965,0.8468826413154602,1,0.10223962254976438,0.1216783240721471,8,control
415,73.83837127685547,461.5662078857422,80.42646144263101,241.87155202801972,0.7333148121833801,1,0.09220245532870652,0.1530420963833118,8,control
416,75.80155944824219,487.7302703857422,78.96717545455708,254.97333365937462,0.8287432193756104,1,0.11890653925769878,0.11534336494654304,8,control
417,78.68243408203125,571.5614013671875,72.95767267429332,297.0403210164024,0.8275139331817627,1,0.20073544336749743,0.11616764721541548,8,control
418,80.19804382324219,562.5308227539062,74.39925872676008,292.59408240785586,0.7720324993133545,1,0.13346353346716394,0.11108716234834083,8,control
419,89.41798400878906,593.0658264160156,76.35104946406246,308.66015964206883,0.6967159509658813,1,0.11103823909251644,0.11257480373386965,8,check
420,91.5063705444336,567.2923889160156,79.64002375651845,295.8959878979,0.7078984975814819,1,0.17594255896426647,0.08899227339493333,8,control
421,95.59231567382812,562.0762939453125,82.16084415066341,293.63097974077573,0.7571372389793396,1,0.20609708994298587,0.11132882195871062,8,control
422,101.59703063964844,517.8883666992188,89.25960897241387,272.29009929117035,0.7411673069000244,1,0.1052455171497901,0.09056391136200494,8,control
423,102.98912811279297,481.52452087402344,93.20099004872658,254.36721926102072,0.7604557275772095,1,0.11476825669457504,0.10467046654416264,8,control
424,107.20210266113281,496.29071044921875,93.93070440797766,262.0021893524952,0.8398599624633789,1,0.08137843309374576,0.11091577209914659,8,check
425,109.06990051269531,471.2804260253906,97.17841255799756,249.8089334267818,0.7436163425445557,1,0.1120714848237039,0.11059095004307674,8,control
426,113.63668060302734,637.8676147460938,84.45736183463298,333.053018385954,0.8626378774642944,1,0.06377176513501734,0.09767827532148227,8,control
427,127.05374145507812,620.4311218261719,92.75150407857205,325.4798316447457,0.6878984570503235,1,0.025289520911476692,0.17823408456122994,8,control
428,130.0210723876953,520.9840698242188,103.17783895062064,276.3159860695672,0.7762214541435242,1,0.09394937427473395,0.1341955646857009,8,control
429,131.05502319335938,551.3910522460938,100.88919417032048,291.4685718958709,0.7886308431625366,1,0.13174843975037695,0.12903139236245076,8,control
430,135.597412109375,497.2565460205078,108.05211520994968,264.83087953774077,0.48886290192604065,1,0.2899830261084233,0.24004083728786502,8,check
431,142.30076599121094,447.4786071777344,115.82833403606674,240.80432813288962,0.794417679309845,1,0.18419364190297743,0.07352290677406118,8,control
432,144.4951171875,537.3081359863281,108.95446275386996,285.5655506923518,0.8545936942100525,1,0.14601051767676082,0.10693733732478658,8,control
433,145.40838623046875,457.8916320800781,116.43085150193778,246.27609554477635,0.6489645838737488,1,0.1738421293138323,0.11873358475996969,8,control
434,150.6367950439453,602.0384826660156,12.465686984566663,369.8976553432203,0.2567614018917084,0,208.97102905836746,0.5731507504168628,8,control
435,152.72386169433594,519.8137664794922,114.6178383223056,277.6726946803169,0.8182676434516907,1,0.02135928356547767,0.09967291848380719,8,control
436,155.87142944335938,564.8034362792969,112.18283016249967,300.34795283337684,0.5839455723762512,1,0.11959000969869904,0.09479258749007183,8,control
437,163.91873168945312,438.9287414550781,127.32759590604512,238.5438865975836,0.6047645211219788,1,0.23344623543075388,0.2220729311435274,8,control
438,167.2796630859375,565.9682312011719,117.75013804367893,301.8836595215138,0.7691629528999329,1,0.062199774164843034,0.12872867977743838,8,control
439,171.6578826904297,500.20506286621094,125.84478377176235,269.5107961819425,0.5946838855743408,1,0.14164419240999265,0.0933846521974504,8,control
440,181.04844665527344,467.9749450683594,133.44843052267444,254.46240382821847,0.8839334845542908,1,0.13381446462942975,0.2043759892011423,8,control
441,186.27651977539062,633.6519470214844,121.30312838433768,337.2361130083713,0.6888719797134399,1,0.25827730131404913,0.08364397311322327,8,check
442,186.9059600830078,538.7855987548828,129.99116054584883,290.0519936847296,0.8423771858215332,1,0.011277036307854617,0.12391168620614287,8,control
443,192.69725036621094,638.3255615234375,124.12652120601697,340.15621544627174,0.7963114976882935,1,0.36288491615253515,0.11824704782407622,8,control
444,196.0838623046875,486.77394104003906,139.29937304521872,265.12371619379263,0.8861678242683411,1,0.22436519008781255,0.12294157321624798,8,check
445,211.21372985839844,536.2629852294922,142.2671168282129,290.85880260953843,0.7800433039665222,1,0.18088870069329602,0.1009789344459493,8,control
446,212.6376190185547,603.0755004882812,137.11677346659843,324.17994613572534,0.7574964761734009,1,0.06809783893991911,0.08043438924918433,8,check
447,213.17892456054688,460.4594268798828,150.06308101475355,253.4701680502123,0.8381983041763306,1,0.07575110611823702,0.14353326988990986,8,control
448,221.97998046875,492.89520263671875,151.58954300435994,270.36651491409805,0.8633449077606201,1,0.07096770800876435,0.09083602317677626,9,control
449,224.39837646484375,481.5176544189453,153.75502901796784,264.8887339650452,0.7620965242385864,1,0.07190543477896713,0.13049502582509578,9,control
450,224.66664123535156,534.1703186035156,149.3221706382411,291.0252642865251,0.8096580505371094,1,0.17338835217757093,0.15477332026874788,9,control
451,228.4485626220703,641.0855102539062,141.60664683916946,344.4126613616478,0.8108298778533936,1,0.10514380504554037,0.10822578588824819,9,control
452,235.35594177246094,598.4588012695312,148.8583724337928,323.91295501118054,0.8649750351905823,1,0.0993029874130241,0.14730672592072558,9,control
453,245.8639373779297,499.3089599609375,162.88392106250114,275.65126190402555,0.7103625535964966,1,0.11719656062625419,0.10506221440053604,9,check
454,249.2575225830078,476.2629699707031,166.65261689651692,264.5112330366252,0.6887137293815613,1,0.10779203781265319,0.10547824185502865,9,check
455,251.19151306152344,431.42657470703125,171.5387003060764,242.47446143993918,0.7847967743873596,1,0.007877157709776626,0.14662901583985408,9,control
456,251.63140869140625,567.291748046875,159.72567461379072,309.8213668575013,0.6755865216255188,1,0.06026826536742496,0.12805616174749884,9,control
457,254.53335571289062,554.0442657470703,162.2541748201164,303.38552228571945,0.7919782996177673,1,0.23771892906350234,0.1375240433799383,9,control
458,265.7252655029297,617.1729431152344,162.33706204049656,335.76149388936665,0.6390736699104309,1,0.06063730493705421,0.09124874950723613,9,control
459,268.726806640625,612.4554443359375,164.23983474792345,333.6652170407782,0.7850601673126221,1,0.048004888014145715,0.09685863873354703,9,control
460,273.1275177001953,433.8446502685547,182.19897534479975,245.6003735595123,0.3938187062740326,1,0.042325071503118226,0.1153250496606713,9,control
461,276.96630859375,502.7120666503906,177.99714315493281,279.96864541291114,0.7630834579467773,1,0.07793791982329502,0.12268413788129547,9,control
462,277.77166748046875,578.2459411621094,171.76458626219042,317.48618842795236,0.6429905891418457,1,0.03303501203967369,0.09776997873821193,9,check
463,282.1669006347656,462.91558837890625,184.06143117685855,260.7179057374852,0.7798525094985962,1,0.14688773357737683,0.10702433601781358,9,check
464,285.8924102783203,588.9761047363281,174.8812887550954,323.5290613319364,0.5669854283332825,1,0.10622165899620548,0.08441256274838214,9,control
465,291.36302185058594,605.0350341796875,176.13231741266353,331.91142056627143,0.8465050458908081,1,0.04244606877802404,0.1385384101362561,9,control
466,292.91448974609375,631.7005310058594,174.56045787480326,345.3083943052322,0.7799160480499268,1,0.02457845905348284,0.08828171678370096,9,check
467,298.7410888671875,514.1586608886719,187.84515587448976,287.57089819274734,0.7279112935066223,1,0.09025062441813933,0.10380444717519742,9,control
468,306.44300842285156,587.3142395019531,185.1977480045704,324.3847309890231,0.713147759437561,1,0.09385391271777517,0.1332913293009146,9,control
469,307.4739685058594,628.2237548828125,182.09873348625703,344.820415270571,0.85688316822052,1,0.006832404306799425,0.11954555407898318,9,control
470,313.34925842285156,453.86256408691406,200.42267999438988,259.024421826143,0.8392536044120789,1,0.11105248568555597,0.15119615576478782,9,control
471,314.612060546875,495.24951171875,197.36183419458038,279.51870421282587,0.76340651512146,1,0.05703007657043907,0.11641150991177474,9,control
472,323.55018615722656,628.9472351074219,190.0409895636589,346.49169214903753,0.7090988159179688,1,0.11724549542203407,0.1413422175010512,9,check
473,334.1034240722656,522.1781158447266,204.71074720257417,294.66013508538686,0.634210467338562,1,0.2422051795439646,0.1215769537542518,9,control
474,339.4107208251953,613.5971069335938,199.26210048482065,340.3822910230775,0.8074619770050049,1,0.19844712708840015,0.1136391137655521,9,control
475,340.0667724609375,482.307373046875,211.09576036116488,275.34966715194753,0.8151379823684692,1,0.04272252173547106,0.14572722329837076,9,check
476,343.74932861328125,569.5216674804688,205.29442083473822,318.8180453177295,0.7442396879196167,1,0.03415623785072125,0.1055369621731208,9,check
477,343.8494567871094,454.83766174316406,215.26619366746255,261.8794949290491,0.6774738430976868,1,0.5398472188749588,0.16008831928901865,9,control
478,352.92889404296875,620.2301025390625,205.4396144725448,344.7934291586916,0.8158525824546814,1,0.19661086381908632,0.12454544708196141,9,check
479,353.2984619140625,540.3752593994141,212.47024540889814,305.1272022032507,0.8060179352760315,1,0.25188258414613846,0.10109120238909915,9,control
480,358.4493408203125,492.9279327392578,219.22147161626006,282.14073716822884,0.6480886936187744,1,0.15604523553717273,0.10208824854655395,9,control
481,362.1559753417969,448.93505859375,224.77246269721292,260.6246511791846,0.7176473140716553,1,0.5116388416980974,,9,control
482,363.64044189453125,519.1376342773438,219.53656766011466,295.5734884524445,0.7967453598976135,1,0.04786756131750376,0.087419514903517,9,check
483,363.7341613769531,567.5589294433594,215.3717527600856,319.56786829269333,0.8413045406341553,1,0.05025421245244304,0.10673754277604244,9,control
484,375.2362365722656,623.1231994628906,216.2055452071631,348.0642510999593,0.8319063782691956,1,0.06953920759357757,0.1148578948775213,9,control
485,377.30902099609375,572.179443359375,221.65371396976352,323.00212083128525,0.7810209393501282,1,0.025745697066356495,0.12785338773233926,9,control
486,385.49053955078125,494.2347106933594,232.50755497712595,285.1435343508007,0.7320215106010437,1,0.07871727705058751,0.1241275091877461,9,control
487,386.56378173828125,560.6244812011719,227.2359847597215,318.08968475530685,0.8986590504646301,1,0.050394765708190625,0.14255147609435503,9,control
488,387.5761413574219,520.4768676757812,231.28398166487455,298.3355945624119,0.6828011274337769,1,0.0497217197042588,0.10715425427616129,9,control
489,388.7314758300781,459.74266052246094,237.23357622846754,268.49902603655784,0.8699671626091003,1,0.22044624899827542,0.13794205923094643,9,control
490,402.51824951171875,538.7922210693359,236.9783554683602,308.615876358698,0.7950796484947205,1,0.1631780682699889,0.10333394493353985,9,control
491,405.2464294433594,568.2849731445312,235.74908827504774,323.4180940445659,0.862803041934967,1,0.17614232927494375,0.13650487679015239,9,control
492,407.458251953125,439.84791564941406,248.09007845202,260.21419982695613,0.8808711171150208,1,0.0876285226074954,0.11520289129922819,9,control
493,413.4306335449219,521.7052917480469,243.92944713781816,301.15029043898295,0.9031338691711426,1,0.012890776933337319,0.12926892384068667,9,control
494,415.6842346191406,637.1063537597656,234.98430904981794,358.46697932366106,0.873325765132904,1,0.09849227330395618,0.10557039004706915,9,control
495,418.4136657714844,461.6005859375,251.65589796220345,271.9579288252241,0.8005975484848022,1,0.09884932171695397,0.1129486584845437,9,control
496,419.5914611816406,485.43568420410156,250.12318462735632,283.734180929232,0.8420745134353638,1,0.08125000158207572,0.1365982299020433,9,control
497,419.6569519042969,598.3248901367188,240.34063159397155,339.5665023794829,0.864831805229187,1,0.04440244888280987,0.12202559883205953,9,control
498,432.3599395751953,571.81640625,248.95240785750698,327.564788628276,0.7338364124298096,1,0.11703234296733114,0.11620341095803631,10,control
499,433.11109924316406,493.23265075683594,256.0820005463678,288.76803093170105,0.7268422245979309,1,0.08329379217769194,0.07815889356432236,10,control
500,437.6202697753906,484.31370544433594,259.1343228240134,284.79906170377507,0.702671229839325,1,0.05817457319859403,0.09332573797074399,10,control
501,437.7342987060547,548.0377502441406,253.62093087350337,316.1861800816441,0.6862158179283142,1,0.09945922566547676,0.0883508589139143,10,control
502,444.1639862060547,436.60845947265625,266.405669974302,261.81623869962357,0.7531071901321411,1,0.15515632771948623,0.15259314570733026,10,control
503,447.9121398925781,464.37840270996094,265.8979413972457,275.8264680141647,0.862409770488739,1,0.04434143600049632,0.14791461241112647,10,control
504,452.2497253417969,619.7974853515625,254.59375177656813,352.91535828101115,0.8211315274238586,1,0.11610562087634146,0.14786816566234035,10,control
505,458.4638977050781,440.939453125,273.20607713248495,265.276855885624,0.7167762517929077,1,0.19128269720087557,0.11425105076199858,10,control
506,461.79249572753906,609.1637878417969,260.154731436044,348.48029649909796,0.8893311023712158,1,0.06203517824999298,0.1346532792351872,10,control
507,464.7565155029297,538.8971405029297,267.799729786566,314.10227268861127,0.6290202736854553,1,0.17408681156919498,0.07570569389432488,10,control
508,468.8480224609375,482.59889221191406,274.64694451081516,286.5957903076022,0.8948923945426941,1,0.05177179695527809,0.10226537993364018,10,control
509,474.1254577636719,474.4837188720703,277.9716636852799,283.0798222435058,0.8708765506744385,1,0.06393825318856963,0.13143772138802762,10,control
510,474.59693908691406,642.2754516601562,263.6520538590371,366.0281213677804,0.8403481841087341,1,0.14714703415752456,0.12487160890072616,10,control
511,489.01197814941406,468.46861267089844,285.794828489468,281.4382687363277,0.8579933643341064,1,0.08645956629162438,0.08804902743329955,10,control
512,492.77760314941406,596.3393249511719,276.9022216796875,344.8988952636719,0.7625112533569336,1,0.7098921453591643,,10,check
513,503.30345153808594,486.56878662109375,291.1887915736736,291.5451304677654,0.806093692779541,1,0.09674883368558147,0.15735350196612014,10,control
514,505.97142028808594,446.9672393798828,295.8951643352061,272.2611845960201,0.8736081719398499,1,0.1405018352111646,0.09239407996170616,10,control
515,511.79225158691406,599.8263244628906,285.6617832336343,348.07450150726737,0.6805052757263184,1,0.12120918166494937,0.10944438668948754,10,control
516,514.9340362548828,552.68359375,291.34145556226497,325.27612792336,0.6840824484825134,1,0.36846244980982995,0.12809274239376198,10,control
517,517.7721099853516,485.0967712402344,298.4377737622516,292.0885276975837,0.8419564962387085,1,0.08585725183173312,0.10756946370431428,10,control
518,522.4423370361328,541.6932983398438,295.93875823763864,320.3675049215172,0.5351391434669495,1,0.12534334996977547,0.16273972820650034,10,control
519,526.6433868408203,626.9202270507812,290.58294970662047,362.7795838365844,0.8139833211898804,1,0.03353845785712415,0.07979974520796214,10,control
520,533.8114471435547,460.39862060546875,308.5195949737598,281.3189504089039,0.7501527070999146,1,0.13015300694399445,0.17433558477267103,10,control
521,535.6519775390625,558.9462280273438,300.8704977054319,329.9750012131452,0.64789217710495,1,0.026293142284974667,0.11163519385458169,10,control
522,536.4089050292969,517.5531005859375,304.87789470052957,309.7649987817661,0.7592601776123047,1,0.2797430885769467,0.23913860960251015,10,control
523,543.6365509033203,490.6802062988281,310.66135921860126,297.0554007331649,0.8125302195549011,1,0.06662960423205427,0.1341885862088578,10,control
524,544.5922241210938,642.80908203125,298.0689126761192,372.1895467305726,0.49296051263809204,1,0.13357420171534445,0.09799057244854663,10,control
525,549.5220947265625,577.7746887207031,306.0555259835111,340.45817260616633,0.7596871256828308,1,0.05505412543145155,0.10656774798926544,10,check
526,549.6724243164062,597.2469177246094,304.48177278063673,349.99238710954603,0.7251539826393127,1,0.12968795768185448,0.11756671100508782,10,check
527,556.8060913085938,510.86146545410156,315.4070557806253,308.0239232677151,0.652129590511322,1,0.1254683987320136,0.13667946989737015,10,control
528,563.2505187988281,438.55120849609375,324.78360144797114,273.1197373727692,0.8472734689712524,1,0.08482478115800701,0.13399082091151754,10,control
529,566.4046325683594,588.5807495117188,313.4803685733364,347.2350210247524,0.772218644618988,1,0.12853879358338186,0.19880268370621065,10,control
530,577.0809936523438,553.3817901611328,321.683950833586,330.77310605323026,0.6519257426261902,1,0.04348201034683686,0.12192273518757478,10,control
531,580.1876220703125,495.70091247558594,328.1678776397097,302.60290864990264,0.6675536036491394,1,0.053214764304369576,0.13587266624325195,10,control
532,581.5562744140625,613.90087890625,318.66690611135243,360.90000799281046,0.7423000335693359,1,0.14004533396916985,0.1464760355561361,10,control
533,584.31591796875,462.32444763183594,333.11354516882665,286.6834395789278,0.6216188669204712,1,0.27220084171081704,0.1378788430123755,10,check
534,586.9804077148438,429.5370788574219,337.1195576426097,270.6638291616823,0.8614555597305298,1,0.08909716434625613,0.09110720119397815,10,check
535,590.1501770019531,443.8949279785156,337.44273252976996,278.05973976985274,0.7329918146133423,1,0.07872340833835954,0.13415682214424288,10,control
536,590.5400695800781,546.1630249023438,328.85047073369014,328.22742611660857,0.8036729097366333,1,0.24903682413262532,0.1386432872352957,10,control
537,590.6203002929688,602.7308044433594,324.1619676964649,356.3274846867362,0.7932741045951843,1,0.2551596605612992,0.14071489405206322,10,control
538,591.8414916992188,586.1579284667969,326.07305810060666,348.1235460600453,0.7742105722427368,1,0.09849720721764273,0.1358961705969434,10,control
539,599.0433654785156,518.12939453125,335.5396582485497,315.24825233021875,0.4133279025554657,1,0.15537000892985245,0.1581576674164737,10,control
540,603.3857116699219,623.6752624511719,328.6163231916284,367.67880506255676,0.763824462890625,1,0.16395007685394813,0.12585595343094752,10,check
541,612.4464721679688,611.2449035644531,334.00337994471795,362.311878881225,0.7595981359481812,1,0.14988123845879608,0.10474494578092247,10,check
542,612.6219482421875,516.9657440185547,342.1119790938537,315.80328986263487,0.719853937625885,1,0.2147156709651988,0.09876534118822448,10,check
543,623.8137817382812,513.2931365966797,348.0062391109938,314.97540999044844,0.6305450201034546,1,0.05774358130340463,0.08819832869233944,10,control
544,626.8092346191406,440.62330627441406,355.62096857866186,279.5735821753998,0.7600020170211792,1,0.05078314598043552,0.10902176099567976,10,control
545,630.6387939453125,584.3324584960938,345.2990115660627,350.5373015288978,0.7487127780914307,1,0.0692546063692373,0.13029908173894916,10,check
546,631.2202453613281,441.07904052734375,357.74414252254957,280.186782853723,0.7305029630661011,1,0.041117096583463165,0.11550199337070946,10,control
547,632.4486389160156,473.321533203125,355.62875501300465,296.1028061662138,0.8695740699768066,1,0.027148216332525846,0.13553054033660542,10,check
548,649.3528900146484,539.1793518066406,358.3010338421273,329.9071284529758,0.7063156962394714,1,0.07998643598832214,0.11734869027033704,11,control
549,650.2659149169922,601.0143432617188,353.4516970472434,360.4499638670068,0.7898250818252563,1,0.0965934411972763,0.113363308866706,11,control
550,651.2257995605469,488.5227508544922,363.45983634451864,305.1884681397176,0.3387170135974884,1,0.066853843510838,0.1440648983734059,11,check
551,654.8152465820312,552.7397308349609,359.78781892872547,337.08699293944306,0.7056117057800293,1,0.12004489841505121,0.12470028304635516,11,check
552,655.8278045654297,614.8172302246094,355.02901568650896,367.7229585833553,0.60288405418396,1,0.14209012693722464,0.14315416928207017,11,control
553,659.9056549072266,525.4990234375,364.6028394280073,324.1000722658098,0.8475170731544495,1,0.08022752653722214,0.12759125197145302,11,control
554,660.5209808349609,619.4867248535156,356.8479513395729,370.38686759392044,0.3989088535308838,1,0.07556153280437164,0.1926437373112626,11,control
555,671.1951751708984,465.31585693359375,375.1584218763241,295.4718045515115,0.7362974882125854,1,0.07451352084739568,0.09255327060079349,11,check
556,679.9982452392578,571.4669799804688,370.43650543389373,348.34245346570015,0.7417363524436951,1,0.09529019537336443,0.17466559430918455,11,control
557,680.8430023193359,448.50726318359375,381.29045229148767,288.0637918629493,0.7952972054481506,1,0.05191216183687683,0.10210497396858102,11,control
558,685.1838073730469,508.6647033691406,378.3973053916791,317.87308140672206,0.7408391237258911,1,0.1973730648562374,0.27579796269590345,11,control
559,688.2696533203125,536.9770355224609,377.55287996311955,332.2243404714643,0.8018050789833069,1,0.3217948578670086,0.11899601637563054,11,control
560,689.6762542724609,471.9706115722656,383.5582608625841,300.2729248066489,0.6484050750732422,1,0.18271007880052229,0.19956702674893387,11,check
561,701.7499847412109,583.5088195800781,380.0664438718081,356.0918588365387,0.637732744216919,1,0.05953318196241735,0.14516682444484494,11,check
562,702.3976593017578,643.0752868652344,375.3398562101364,385.5753332032774,0.8115625381469727,1,0.1690803854721244,0.11647982336059304,11,control
563,710.8392028808594,606.2942504882812,382.5711924732652,368.0537365012506,0.7699142098426819,1,0.07856043798476814,0.1282729832151629,11,control
564,710.9377136230469,500.262451171875,391.5055321374855,316.00187502918544,0.7699292898178101,1,0.16590050994931468,0.16535261082600863,11,control
565,718.9703063964844,441.92340087890625,400.3825588868278,288.0979532388196,0.7016261219978333,1,0.0721334759105048,0.10046709033788413,11,control
566,722.0769195556641,541.4417724609375,393.4870148640371,337.1186998749358,0.814606785774231,1,0.12630455018753092,0.14135289792638425,11,control
567,723.9848327636719,518.9711303710938,396.3375253299255,326.27397003318265,0.8019353747367859,1,0.06084378732140088,0.12193516153099343,11,control
568,726.6762237548828,435.39207458496094,404.7216114350486,285.563835065955,0.7520346641540527,1,0.025960325894612828,0.1091218130287074,11,control
569,729.666748046875,617.0663146972656,390.80043063549755,374.93781558686686,0.7642831206321716,1,0.08695185091161887,0.12514559561697775,11,control
570,736.5033721923828,502.2140655517578,403.8940883641078,319.1218494899327,0.5058037042617798,1,0.08684028289772823,0.13973006256261017,11,check
571,740.5799407958984,558.6119384765625,401.14247218725603,347.2005237271237,0.8055489659309387,1,0.14954808784400567,0.1420901368482015,11,control
572,740.8367614746094,469.72511291503906,408.7354915946124,303.542150548498,0.7715046405792236,1,0.12190428521973422,0.1305137384458645,11,control
573,745.8716125488281,438.6656951904297,413.77295281297074,288.8769577878022,0.7882377505302429,1,0.13197039066911978,0.08714739983145581,11,control
574,755.7402954101562,617.9425354003906,403.46629699898307,377.5842656912333,0.8185400366783142,1,0.02903217972385833,0.09741608907466222,11,control
575,757.6433410644531,470.3940734863281,416.80127481618763,305.3244840895651,0.6309683918952942,1,0.04689364714120912,0.09993676271665322,11,control
576,764.4827270507812,447.1394958496094,422.0627083039183,294.56235208456457,0.8155838847160339,1,0.03318155392351225,0.12593029320119703,11,control
577,766.8533477783203,603.1638793945312,410.0186987034246,371.1208321278556,0.8197734951972961,1,0.30791151509684545,0.13501947196713507,11,control
578,768.4632873535156,532.1208038330078,416.8501187329839,336.4051147701165,0.8371273875236511,1,0.2143235258976532,0.11011492171246826,11,control
579,771.4573211669922,554.2635498046875,416.4410295135532,347.60833742998034,0.7054585814476013,1,0.047270771603154724,0.12121749476046119,11,control
580,778.0540161132812,583.2802734375,417.1571568738059,362.3676239986785,0.8273565769195557,1,0.16921042166902692,0.12883244664502888,11,control
581,781.5640563964844,612.4371337890625,416.44184142008487,376.95473514315194,0.842435896396637,1,0.17280609264600874,0.13528640346895643,11,control
582,784.14404296875,440.44480895996094,432.14839782778563,292.93152676745837,0.5937724709510803,1,0.05101952124758888,0.13819589226027096,11,check
583,784.9669799804688,530.5340118408203,425.0370157860811,337.17784562819435,0.7445936799049377,1,0.1179962990001899,0.11180604585289075,11,control
584,795.6282043457031,556.7642822265625,427.8935967467793,350.8966809290954,0.8538846373558044,1,0.1835921894366113,0.15394570451064754,11,check
585,795.7022705078125,578.3388061523438,426.0891775756905,361.43329243699117,0.9165614247322083,1,0.25589389299936355,0.11823650845456962,11,control
586,802.8165588378906,488.3163299560547,437.21846145077853,317.95920659664955,0.8517277240753174,1,0.03148630036694993,0.1038570505371124,11,check
587,806.2169494628906,548.7900695800781,433.7553674416253,347.91171364509586,0.8938383460044861,1,0.1158894414866159,0.12310539251991165,11,control
588,807.5107727050781,456.95574951171875,442.0705610237571,303.0436646399921,0.7238889336585999,1,0.0820786734345623,0.09107244152165002,11,control
589,808.3662414550781,502.68280029296875,438.63346903436525,325.471719524291,0.8081963658332825,1,0.11765585227364635,0.1364298334464749,11,check
590,810.5183410644531,452.70086669921875,443.8822113480129,301.197646780091,0.8318076729774475,1,0.058403321850044494,0.09042234646753083,11,control
591,812.5194091796875,470.46116638183594,443.4287744666906,310.0803374006325,0.7114999890327454,1,0.10023616031774371,0.14837891911037837,11,control
592,813.72314453125,566.1679077148438,435.9828026313671,357.02163361070654,0.8308031558990479,1,0.02548457337893621,0.09615544472498325,11,control
593,817.1858825683594,503.13108825683594,442.8660573299049,326.45387436755175,0.8752153515815735,1,0.13321226719309925,0.11461736091907301,11,control
594,819.7428894042969,640.0209350585938,432.61393442622625,393.66458714923397,0.6116144061088562,1,0.27506163733535083,0.16980651164776478,11,control
595,824.4596557617188,580.806884765625,439.8743203875309,365.02898898045186,0.6702985167503357,1,0.2050217466658616,0.10832996300236085,11,control
596,824.7545471191406,629.7808837890625,435.9875463632437,389.18957779902024,0.7842087745666504,1,0.07072966098096994,0.11571472034686886,11,control
597,844.4289245605469,496.38720703125,456.74180603027344,325.32127380371094,0.2643882930278778,1,0.2559955619445225,,11,control
598,12.344176292419434,810.94140625,17.86194610595703,410.9860076904297,0.6000479459762573,1,0.3450480737546073,,12,control
599,14.181124687194824,680.8883666992188,30.65273094177246,346.0462188720703,0.6646153330802917,1,0.3272023407909395,,12,check
600,21.376394271850586,831.8671264648438,20.123456954956055,421.8101806640625,0.5001261234283447,1,0.9940160762397453,,12,control
601,21.40406608581543,699.2310028076172,32.43932309869357,355.713867522196,0.7071879506111145,1,0.12330589535485673,0.08650334294956717,12,control
602,24.239501953125,727.6227874755859,31.33955923567706,370.28267946934864,0.7667707800865173,1,0.12993648339318256,0.08639478992461719,12,check
603,33.3696174621582,809.1955261230469,28.484940690651676,411.88028534857096,0.8251546025276184,1,0.03907745974927383,0.1379149713206355,12,control
604,36.9775390625,646.8504180908203,45.12302519536323,330.93676617360086,0.7973573803901672,1,0.07067847770169632,0.0921244466730256,12,control
605,37.40126037597656,831.7857971191406,28.37801602088473,423.4941715173833,0.7506629824638367,1,0.20734350317037314,0.1274458475757526,12,control
606,40.147159576416016,790.8742370605469,33.62411530745354,403.25971366317845,0.883306622505188,1,0.11241292008144542,0.1540505149880286,12,control
607,42.83506393432617,781.4287719726562,35.86089119025592,398.741232941377,0.7873443365097046,1,0.15066145507721715,0.16640011783828815,12,control
608,42.89562225341797,773.6862487792969,36.64065287541082,394.9148346968022,0.7248532772064209,1,0.23196311506361955,0.19215937774174832,12,control
609,50.781951904296875,711.8594207763672,46.12722011263973,364.54733669854073,0.9077088832855225,1,0.09912619969142442,0.10300997983138299,12,control
610,60.4741096496582,820.2037658691406,41.296285818610116,419.85225946830104,0.5578714609146118,1,0.4054878847574412,,12,control
611,64.5377426147461,807.7774047851562,44.354265081242936,413.7891955663316,0.8230082392692566,1,0.061315671078161466,0.10264945829122403,12,control
612,71.6905517578125,649.4600982666016,62.41127135843392,335.24611961203505,0.7263137102127075,1,0.1865607891084511,0.09496505213910882,12,control
613,77.37983703613281,761.7648468017578,54.88561534527015,391.7582102048186,0.6338470578193665,1,0.2704659985419265,0.11924785176505,12,control
614,78.46822357177734,818.1920776367188,50.57222225610302,420.24027618771345,0.5347853302955627,1,0.31909313593644617,0.1560493742066365,12,check
615,78.67578887939453,788.6383666992188,53.223061446078354,405.4219666510516,0.8900268077850342,1,0.03979039571842988,0.11610942473631909,12,control
616,78.80561065673828,711.7208557128906,60.26651260971966,366.9359889071573,0.7867063879966736,1,0.036288165823499204,0.09926763539604529,12,control
617,79.02191162109375,688.9503936767578,62.43853015603468,355.52594466454786,0.7646453380584717,1,0.059449001920045826,0.14327498275420664,12,control
618,83.81585693359375,777.8968505859375,56.84982590099128,400.54769142969997,0.8017314672470093,1,0.22509004799131993,0.14635186123604407,12,control
619,91.31967163085938,704.0028991699219,67.24889584138339,364.13504877391466,0.851589560508728,1,0.014829729289008617,0.13572741127971563,12,control
620,93.72168731689453,658.7927398681641,72.62706891255235,341.80090108229285,0.8481153249740601,1,0.1720303842187716,0.10315859486675256,12,control
621,110.68394470214844,733.2372131347656,74.45873805560662,380.4879116885419,0.7209915518760681,1,0.30105646920156354,0.20270960752841083,12,control
622,112.29593658447266,850.3214721679688,65.017822265625,439.3840637207031,0.5488704442977905,1,1.0355105519656296,,12,check
623,112.77022552490234,756.5520324707031,73.37291112456836,392.33346763009075,0.6666479706764221,1,0.27709301669637004,0.2064054025967221,12,control
624,114.16233825683594,665.5664672851562,82.17440888188558,346.82239614123284,0.7356919050216675,1,0.14050263776403615,0.08855419905995113,12,control
625,121.7778549194336,753.5961151123047,78.16045353604869,391.54973309950867,0.8077411651611328,1,0.18400396659985874,0.11352509782373522,12,control
626,135.00209045410156,659.0263061523438,93.34357314788147,345.4445299166091,0.8654510378837585,1,0.19884525537851985,0.16740789308864215,12,check
627,137.26211547851562,718.5596771240234,88.99353129886458,375.3054581135528,0.8234164714813232,1,0.04714438498659805,0.11138094066733396,12,check
628,138.48756408691406,824.6051330566406,80.256887843911,428.6358332145431,0.5006839632987976,1,0.5253871294539797,0.1678963954710348,12,check
629,142.06471252441406,850.7226257324219,78.04473876953125,442.5893096923828,0.31073448061943054,0,3.1484695847949133,,12,control
630,152.60169982910156,684.5178985595703,99.83560608477383,359.678514570495,0.6499162316322327,1,0.1552209093299024,0.11794753737475226,12,control
631,157.4146270751953,735.3504791259766,97.55759205633065,385.39953025409824,0.8581497073173523,1,0.11115125623054752,0.09699599214424914,12,check
632,158.24009704589844,759.4065093994141,95.87701044391402,397.53163262323494,0.8374089002609253,1,0.0671463222522735,0.1494931666000858,12,control
633,158.24082946777344,743.0296630859375,97.32794985118608,389.31640616527267,0.7630312442779541,1,0.01504961723409479,0.12470661450910928,12,control
634,164.72900390625,772.6539611816406,97.92457481496143,404.636713493626,0.824302077293396,1,0.07211847374480841,0.08925321606155669,12,control
635,168.35006713867188,831.718505859375,94.44408981783954,434.57481522392413,0.3467656672000885,1,0.10298129611146997,0.15213406391666406,12,control
636,171.1209716796875,655.0805358886719,111.7147048572784,346.54990371112336,0.7827637791633606,1,0.04952412488036785,0.08803620257063864,12,control
637,175.5616455078125,650.7984771728516,114.40412295148822,344.86390236062573,0.7145799398422241,1,0.26116534879968695,0.10096310603646955,12,control
638,193.37538146972656,765.8201293945312,112.8862312175693,403.666211627461,0.8848128914833069,1,0.025557560630895742,0.10876806204146448,12,control
639,195.94309997558594,727.9746398925781,117.55469597535472,384.9230254064033,0.7203032970428467,1,0.14661439609514654,0.09335552480070584,12,control
640,199.68826293945312,799.1725769042969,113.03689396990946,420.8300622089509,0.6373589634895325,1,0.10010746798676964,0.14258371340314002,12,control
641,204.849609375,834.0439147949219,112.52476471833168,438.6917597390652,0.42151159048080444,1,0.11102715925908867,0.08982439937713153,12,control
642,207.93450927734375,670.47216796875,128.71221000562502,357.3595716019624,0.8554344177246094,1,0.04708875831918031,0.11717393495388048,12,control
643,209.12982177734375,713.3404693603516,125.48243602647162,378.82659011003113,0.8041234612464905,1,0.037857542891039965,0.1140536230914878,12,control
644,209.59434509277344,808.3224792480469,117.25847668571619,426.3494615788988,0.49871718883514404,1,0.1755555533213447,0.11171573725385907,12,control
645,211.85205078125,659.7783660888672,131.8307116326699,352.49585412897704,0.3964560329914093,1,0.470049022473169,0.15332919850835847,12,check
646,214.92111206054688,706.4365844726562,129.02244184657843,375.82676102372903,0.843124270439148,1,0.07096107308182242,0.15711612989257076,13,control
647,215.4396514892578,784.9205932617188,122.2234439678655,415.0819821008204,0.6793135404586792,1,0.029202834729594587,0.11151198929642744,13,control
648,220.1673126220703,777.4017333984375,125.31526071333526,411.7161400375905,0.8108914494514465,1,0.08188528726828168,0.13283471146063952,13,control
649,220.47702026367188,652.2841949462891,136.56370238422264,349.3052487192562,0.7924935817718506,1,0.15056221930963024,0.13696693065732243,13,check
650,231.46177673339844,806.09521484375,128.3059004465307,426.94149904061607,0.7222848534584045,1,0.144803619059718,0.09278304780299275,13,control
651,233.6092529296875,822.1021118164062,127.96304069872183,435.11300207785695,0.7218169569969177,1,0.14110246579800662,0.13677385460866948,13,control
652,234.17396545410156,800.4032592773438,130.2199233738571,424.337106103212,0.5597411394119263,1,0.0805312421825979,0.09407222453419972,13,control
653,250.8179473876953,817.8349609375,137.08919723388587,434.5297519989345,0.7554343342781067,1,0.22250839674842715,0.09754591154312273,13,control
654,252.729248046875,832.5120849609375,136.71298542551958,441.96221127638876,0.7609091401100159,1,0.16176296720581956,0.08893438513985887,13,control
655,255.9268341064453,750.5259246826172,145.59959331788946,401.3209262645534,0.6947937607765198,1,0.09624009363267037,0.11062211046706732,13,control
656,255.99583435058594,654.1648559570312,154.3194003011613,353.40221539892485,0.7638571262359619,1,0.3338218684005859,0.10731272265045952,13,control
657,256.02838134765625,714.5240478515625,148.85471418624323,383.42038832624405,0.8068287968635559,1,0.13001793851382867,0.15488615609535872,13,control
658,264.1174011230469,677.5475463867188,156.22423212252912,365.708624661228,0.8112466335296631,1,0.2100117381924344,0.11449972817909766,13,control
659,270.6776428222656,761.3849487304688,151.98828058555387,407.9648366379246,0.8263814449310303,1,0.07704848268544619,0.1152796940781669,13,control
660,273.16712951660156,735.3870086669922,155.462430962209,395.192228603167,0.654420793056488,1,0.09543489626168332,0.11052524857599938,13,check
661,277.7775573730469,664.6531982421875,164.09535009017873,360.44890000141436,0.8057644367218018,1,0.11621029055093861,0.14138747026384887,13,control
662,278.46327209472656,815.1909484863281,151.0866470409388,435.56107124640914,0.6912620663642883,1,0.20942160774697485,0.09728386684458369,13,check
663,281.2290496826172,785.7525024414062,155.04087122539732,420.98635830786856,0.26251593232154846,1,0.032412836184530024,0.11041453028888314,13,control
664,297.1431427001953,817.7825012207031,160.09570159362272,438.3075712203243,0.7423389554023743,1,0.08052749489867093,0.09075889128966033,13,control
665,305.07579040527344,761.6584930419922,169.03626734656766,410.92974189493805,0.8279839158058167,1,0.1410281438440646,0.1394859315349416,13,control
666,305.55950927734375,720.0740966796875,173.08486336879497,390.297790054245,0.7089215517044067,1,0.15036351007289955,0.14093218693386975,13,control
667,305.7411193847656,842.5340881347656,162.300537109375,451.5531311035156,0.6910804510116577,1,0.35416405489572444,,13,control
668,306.02789306640625,689.2141723632812,176.00145729145422,375.0252218426909,0.8140413761138916,1,0.06672317452570459,0.10946807428888751,13,control
669,312.03961181640625,652.7223663330078,182.22397961996137,357.34944762628254,0.8791056871414185,1,0.06649890057095388,0.1434667316916725,13,control
670,316.1220397949219,744.1453552246094,176.06802163187675,403.12310130246135,0.7705249190330505,1,0.18682590969785742,0.10093873722773683,13,control
671,321.7082214355469,698.6879577636719,182.9983915110461,381.0315477032089,0.8301252722740173,1,0.1140031209725104,0.11202612484531604,13,control
672,325.0398406982422,815.6588134765625,174.21411343697147,439.6083331353288,0.5472208261489868,1,0.06986803671715454,0.12292058864229057,13,check
673,327.75083923339844,679.3200836181641,187.63435470259282,371.926827204237,0.8797160983085632,1,0.048496264323813126,0.08890087901574523,13,control
674,331.3443603515625,653.9417572021484,191.67857899509187,359.59692698210364,0.8194730877876282,1,0.0432096639735624,0.08973593417408852,13,control
675,337.22630310058594,812.4911804199219,180.6781422200083,439.04850478776007,0.3679070472717285,1,0.1924751017935879,0.180312574525257,13,control
676,343.5596618652344,735.8713836669922,190.5785668973357,401.44423601487244,0.7607266306877136,1,0.18254344907616235,0.10865764019389067,13,control
677,350.3310546875,795.2698974609375,188.54066145697624,431.42120263888603,0.7598942518234253,1,0.2720291074636587,0.09294467457712323,13,check
678,352.7763977050781,693.7415771484375,198.85603494342868,381.20773663458937,0.8500840067863464,1,0.07705514452777537,0.1538740313511584,13,control
679,354.449951171875,788.1317138671875,191.2913019982249,428.2461292741184,0.7901504635810852,1,0.12878275693703278,0.08604119033409553,13,control
680,358.165771484375,710.7822113037109,199.94384123371051,390.0806643338214,0.7978915572166443,1,0.12929250133136547,0.08653547780904684,13,control
681,358.4754943847656,741.3782806396484,197.54471572188325,405.4530430270983,0.8657395839691162,1,0.26104488353559097,0.11772680631326948,13,control
682,365.03076171875,822.1543579101562,193.64376164732082,446.2001224570298,0.7392322421073914,1,0.18251588153202,0.10093825964740336,13,check
683,366.6053771972656,768.5927429199219,199.08171332069546,419.57616483959123,0.8589624166488647,1,0.028443627426149826,0.08886916614056793,13,check
684,374.994873046875,805.237060546875,200.0883153571719,438.5524463377957,0.8139400482177734,1,0.13643349597979423,0.12121137691763459,13,control
685,375.14764404296875,653.2243804931641,213.46599144375526,362.97843296121124,0.8773834705352783,1,0.03482373221202994,0.09885332887792941,13,control
686,386.65106201171875,679.4520263671875,216.88430842961048,376.97334468964095,0.8153607845306396,1,0.019678342440988535,0.12196178956516285,13,control
687,390.2313537597656,784.7088623046875,209.33421814641602,429.6686908182695,0.7891713380813599,1,0.21244936680315474,0.15008025980659165,13,check
688,391.6656494140625,774.6833801269531,211.038622591527,424.8638550659349,0.5632613897323608,1,0.31136702662965404,0.1337152098786321,13,check
689,393.3395690917969,702.9504547119141,218.14813071583382,389.23899310939817,0.8365858793258667,1,0.09479143864933007,0.16453994519114878,13,control
690,405.407470703125,663.6502990722656,227.53771347472698,370.732823582227,0.8593627214431763,1,0.06445036106224121,0.10888760759724288,13,control
691,408.1985168457031,708.1844787597656,225.06723686765133,392.99879941983596,0.44551458954811096,1,0.10472744844262016,0.11167879414408254,13,check
692,413.112060546875,738.1367034912109,224.80518294999678,408.31509226852654,0.8874754309654236,1,0.08443247861216606,0.12578639369631547,13,control
693,420.543212890625,807.6058959960938,222.34654970277148,443.3904332363477,0.7481604218482971,1,0.27536387316926225,0.16150547350237113,13,control
694,421.20721435546875,789.8243713378906,224.3538379304924,434.74871907731807,0.9095118045806885,1,0.10679062396769692,0.14406318509282875,13,control
695,421.3012390136719,773.4610900878906,225.78907482725518,426.5293565337082,0.8695288896560669,1,0.09537532964841416,0.12764899445845984,13,control
696,437.2789306640625,833.7433166503906,228.35223514755194,457.86066395976826,0.7683040499687195,1,0.18242504988687086,0.10198215829097194,14,control
697,438.37689208984375,805.3337707519531,231.46164136089212,443.8327293268389,0.7112165093421936,1,0.03711790567899823,0.18495861257414534,14,control
698,444.3603057861328,691.8409423828125,244.3833173211603,388.03100722920846,0.7974181771278381,1,0.12471605654068227,0.15347001694614532,14,control
699,446.0586700439453,738.9944915771484,241.07235616552978,411.5001664482484,0.5727661848068237,1,0.03464825591720494,0.10671768970343135,14,check
700,447.58860778808594,783.8565368652344,237.96456667273551,433.95582431473474,0.8427865505218506,1,0.10810834027560795,0.12788363525255117,14,control
701,449.4166717529297,829.9231567382812,234.8052679615122,456.99432010644415,0.7756694555282593,1,0.0373897310137553,0.08453000280598519,14,control
702,449.5775604248047,720.8133697509766,244.43069333080732,402.77781215871914,0.9086824059486389,1,0.03374326004011264,0.10923733025894829,14,control
703,453.9394836425781,653.9145965576172,252.25857543945312,369.4249572753906,0.6371693015098572,1,1.1490638034085938,,14,check
704,454.58360290527344,768.6867065429688,242.68913445999584,426.9562199148481,0.8268483281135559,1,0.04755184138043469,0.12802546931698952,14,control
705,459.3041229248047,663.1322326660156,254.24258406974178,375.007814650274,0.8040356636047363,1,0.02737823376100117,0.15056671177782885,14,control
706,475.67860412597656,733.9422149658203,256.1741447952396,411.47815505475296,0.5183408260345459,1,0.006039047217130307,0.07854327984848535,14,control
707,478.3660583496094,754.796630859375,255.66657758282224,422.1064796238747,0.82681804895401,1,0.10957899979794962,0.1019221494183152,14,control
708,481.3387451171875,653.4464874267578,265.9583414936209,372.08901192308116,0.8742150664329529,1,0.0613425461891374,0.13637780406394526,14,control
709,484.7916259765625,831.186279296875,252.19665446388666,460.5401253049835,0.7378283739089966,1,0.015540191147183108,0.08553052756271073,14,control
710,485.1928405761719,731.5081024169922,261.0291433707866,411.03092621011837,0.6935645937919617,1,0.1279742750834901,0.11375996747060511,14,control
711,492.8058624267578,760.7836608886719,262.2954064557511,426.2677658180525,0.7617037892341614,1,0.08186524021944654,0.13253142452517014,14,control
712,493.88584899902344,811.9744262695312,258.3492328836469,451.7267232971092,0.7840744853019714,1,0.05012539487862323,0.10691211461985858,14,control
713,495.4865264892578,700.8844451904297,268.75908911821375,396.69591718330975,0.6179214119911194,1,0.16736967550711068,0.09964044167873407,14,control
714,499.599609375,695.4140777587891,271.2974192155049,394.3299614394298,0.7788361310958862,1,0.1180917252722503,0.11157647796726082,14,control
715,500.0799255371094,795.6394653320312,262.85252368894385,444.11001651688895,0.877178966999054,1,0.057148754245057005,0.10919620311674258,14,control
716,502.68421936035156,674.0537719726562,274.6941223161687,384.0272832786194,0.6479895710945129,1,0.06768967068642544,0.09102189084806632,14,control
717,512.3113861083984,720.5377960205078,275.3967556756444,407.87144650837473,0.8265109658241272,1,0.05859022780651321,0.10916699261351838,14,control
718,527.8838500976562,786.5760498046875,277.3612586207891,441.90610813630275,0.8346037268638611,1,0.06596842463610864,0.10289923245908796,14,control
719,530.5535583496094,816.8223571777344,324.2754926536874,481.1027170624246,0.35804513096809387,0,107.9385388013813,1.211038344834534,14,control
720,534.3460235595703,753.6025848388672,283.37508124155136,426.0714420627821,0.8339836001396179,1,0.11942301670218987,0.14857511917105723,14,control
721,537.8464202880859,658.4855651855469,293.4581756591797,378.98204040527344,0.47387081384658813,1,0.6760496215564125,,14,control
722,540.5837554931641,780.5646667480469,284.2089936285273,440.0373450322355,0.6401650905609131,1,0.1289860553956334,0.17519991626294742,14,control
723,548.1548614501953,746.2586669921875,290.8406094538037,423.60549882423584,0.7749520540237427,1,0.044341572823248104,0.1334545426777141,14,check
724,550.2280883789062,806.4685668945312,286.5709686279297,453.61988830566406,0.7454971075057983,1,0.19831371884029989,,14,control
725,559.6714172363281,764.8210144042969,294.95996489841366,433.8091198866888,0.7603932619094849,1,0.09959834348902383,0.10715888017513928,14,control
726,570.0552062988281,814.3717041015625,295.74847995576124,459.1580910241605,0.864398181438446,1,0.11210780034985769,0.12989368920143388,14,check
727,579.926025390625,766.6630096435547,304.7654116146726,436.31439270973686,0.6456495523452759,1,0.12700801255124755,0.2663626573095411,14,check
728,581.2496643066406,844.03515625,298.6914367675781,474.7904052734375,0.3440919518470764,1,0.14053373241979947,,14,control
729,584.9013671875,686.7851409912109,313.9569007545216,397.178507794582,0.8471211791038513,1,0.24852439763735681,0.10036614394420572,14,control
730,585.8236389160156,746.2528839111328,309.4311430408729,426.80636045597686,0.5828500986099243,1,0.14344862953211246,0.16845333030429183,14,control
731,586.3683776855469,701.5194396972656,313.55195614316466,404.68448921214247,0.8788180947303772,1,0.09921108766312266,0.08684290033743439,14,control
732,589.5580444335938,644.8316040039062,319.99385786782364,376.9196474152421,0.6363003253936768,1,0.08181186505651106,0.09708902372751785,14,check
733,596.1170349121094,841.3431701660156,306.2806701660156,474.6782684326172,0.2775689363479614,1,0.13792041618380668,,14,control
734,598.2801208496094,698.2845611572266,319.53814411368825,404.0103625359147,0.7306464910507202,1,0.22083557047484687,0.16506694113721407,14,check
735,598.4365844726562,729.7128448486328,317.05336524168536,419.6493220941962,0.7021030783653259,1,0.11666085540731085,0.10704933274867484,14,control
736,607.2589111328125,734.2363128662109,320.9358465982521,422.5186727281262,0.8748152256011963,1,0.1238771594311465,0.09276541577912796,14,control
737,608.9546203613281,681.8409576416016,326.32941027406923,396.82692958481795,0.8278115391731262,1,0.08013463169116994,0.15408718610030914,14,control
738,611.5801086425781,768.3851776123047,320.22626039467616,439.8205027741794,0.8019292950630188,1,0.16674916978539336,0.11686910746171476,14,control
739,621.6505432128906,772.9810485839844,324.77413962373515,442.98600923157284,0.74984210729599,1,0.17636484936383007,0.09293204346690145,14,check
740,624.2440490722656,838.611083984375,320.30651995061265,475.7111839696764,0.8180919885635376,1,0.058120056870614875,0.10779726346235208,14,check
741,635.73681640625,779.4952697753906,331.07286152152466,447.3321679210797,0.782538652420044,1,0.04135081762013253,0.09238232273476783,14,control
742,635.8882751464844,677.6696472167969,339.8333444977186,396.93589247773275,0.6386118531227112,1,0.13287117341470536,0.12362773325504803,14,control
743,636.7253112792969,714.0969543457031,337.1946794143814,415.07565656266917,0.7364232540130615,1,0.1025617214635304,0.11094062709281381,14,control
744,638.7402648925781,831.8059387207031,328.34088134765625,473.4781951904297,0.6016638875007629,1,0.6161275251999652,,14,control
745,642.7514038085938,668.3905334472656,343.98561913693425,392.929411636209,0.8502578139305115,1,0.1330815777508813,0.13428908050470884,14,control
746,645.5442352294922,813.8710327148438,332.92087751689866,465.1994795209978,0.685372531414032,1,0.06579431633252074,0.13262399146748863,15,control
747,651.9721374511719,839.2475280761719,333.8384386477324,478.2633360014831,0.5451807379722595,1,0.1112807799181453,0.11281295500365988,15,check
748,655.7856750488281,691.6919250488281,348.39100399452525,405.54695608850693,0.8005481362342834,1,0.06882223304572913,0.18226482941885508,15,control
749,656.0319671630859,748.7415008544922,343.66132473016813,433.85137652749256,0.8002961874008179,1,0.12923510584447326,0.1574968864469435,15,control
750,656.2992858886719,784.5771179199219,340.6608715555189,451.5598609833224,0.7257266044616699,1,0.0946368249158742,0.07145217812811358,15,control
751,660.2393341064453,756.8810729980469,344.9578718754956,438.13006210216844,0.8559712767601013,1,0.11913962898417679,0.12084923339698206,15,check
752,665.7521209716797,650.3406372070312,356.79700578420125,385.96700223796233,0.7662729620933533,1,0.0870219577204658,0.12874519651342364,15,control
753,672.4334259033203,792.0050048828125,347.846275565589,456.53469954692036,0.5479864478111267,1,0.2665056846648076,0.2005873994264352,15,control
754,681.2844848632812,674.1935577392578,362.34202354811237,399.00160867327486,0.7801705002784729,1,0.14315713666713098,0.13781776216951674,15,check
755,685.2954864501953,737.1960296630859,358.8829395168501,430.45805504857356,0.5369235873222351,1,0.17571332309348356,0.16581576322042182,15,control
756,689.8681793212891,700.5688171386719,364.25630145304865,412.7360789809366,0.7214837670326233,1,0.16955709029082874,0.14027006052387425,15,check
757,692.399169921875,808.9565124511719,356.2413519837184,466.43069322692634,0.7543582916259766,1,0.31619596782380416,0.10366250049825951,15,control
758,698.8698883056641,660.9521636962891,372.0380071762088,393.98600880246664,0.7588586211204529,1,0.1041613928095492,0.08144846046230172,15,control
759,700.0432281494141,814.3973999023438,359.7377665242816,469.91495715161216,0.7239820957183838,1,0.3006479873022973,0.11605836553433507,15,control
760,708.0927429199219,742.5817108154297,369.727387274536,435.05719113865683,0.8145507574081421,1,0.15952793590261544,0.13623501050287776,15,control
761,719.2513885498047,787.0253601074219,371.2964357090729,457.91503954499166,0.8646536469459534,1,0.054923707993549065,0.12043993089641992,15,control
762,720.6626434326172,703.1462249755859,379.1404890016543,416.5928653407184,0.6832811832427979,1,0.05420338492115879,0.1237397437281598,15,check
763,723.3560791015625,811.7993469238281,371.13443355679925,470.48146863296324,0.8476229906082153,1,0.1843356039257549,0.14343486372338982,15,control
764,725.0671234130859,743.7350006103516,377.886243018528,437.0636879822664,0.7448277473449707,1,0.12995457246743553,0.10766193311428948,15,check
765,733.1204528808594,661.6227569580078,388.68001781022605,397.15789264907477,0.6382174491882324,1,0.1388732251959463,0.12183209629070578,15,control
766,734.0682373046875,720.7848968505859,384.231129268526,426.471203584757,0.8369026780128479,1,0.11919496978178436,0.13240458703086688,15,control
767,735.1771697998047,656.9655914306641,390.1204233136463,395.0865875325222,0.8166122436523438,1,0.053086536331495564,0.1268404810819978,15,check
768,735.1907958984375,787.2834777832031,379.1017848040428,459.2976090386771,0.9188141822814941,1,0.12050161154734017,0.11488889760323903,15,control
769,744.5454254150391,768.8157043457031,385.26873033634774,451.0565969238815,0.8662897944450378,1,0.13874310240014537,0.13562684488492718,15,check
770,748.2131652832031,822.5511474609375,382.3961601092285,477.8883580362699,0.8014137148857117,1,0.1390967217591137,0.09755357860992973,15,control
771,752.5969848632812,725.6537628173828,392.69718647118657,430.2554893836547,0.7340217232704163,1,0.32065789116772325,0.12239984412762026,15,control
772,756.5978088378906,738.6051025390625,393.7451448734326,437.11299212227414,0.861615777015686,1,0.16536549697110026,0.16361104088461273,15,control
773,757.7215270996094,786.3179626464844,390.1866449150662,460.70726807931766,0.8272128105163574,1,0.040978953399346825,0.136292203101291,15,control
774,759.2098999023438,762.4660491943359,392.91066893800314,449.07455400256555,0.8798050284385681,1,0.029346344103876983,0.12352114688081316,15,control
775,780.51171875,724.3534088134766,406.51708444694736,432.0223511964221,0.8242461085319519,1,0.027210166988014442,0.14229335380696354,15,control
776,798.223876953125,767.4320068359375,411.4755293343094,454.69977256996015,0.815317690372467,1,0.09989068691057333,0.09650886496869322,15,control
777,799.034423828125,836.387939453125,406.05707116010046,488.77237529783974,0.668668806552887,1,0.14250733251742545,0.1241801193751814,15,control
778,801.6474914550781,830.8974609375,407.7746471419888,486.2662791426078,0.7957010865211487,1,0.17492763351262366,0.10532300393476886,15,control
779,801.7107543945312,815.5553283691406,409.23181803436563,478.74616711488534,0.8779098391532898,1,0.15124963251085444,0.17164038220218492,15,control
780,803.8115234375,801.8726501464844,411.3002802553675,472.15787563960504,0.5915930271148682,1,0.07897089251117323,0.07238132120423275,15,control
781,806.2695617675781,845.228759765625,408.9596862792969,493.7047576904297,0.7076702117919922,1,0.2427037504708758,,15,control
782,806.9406433105469,826.2893981933594,410.8021351357729,484.47414192378926,0.7012746930122375,1,0.023014061387227277,0.09868307433318166,15,control
783,814.4898071289062,773.09765625,418.9196685417957,458.82054127718015,0.8797653913497925,1,0.09954951482249974,0.09280082941545174,15,check
784,816.9539184570312,690.2348022460938,427.1057466444965,418.19418267673296,0.7520362734794617,1,0.08416823810520156,0.11729692492568222,15,control
785,818.6249084472656,669.7955932617188,429.6022513073233,408.2346607773492,0.7680003046989441,1,0.19358191634468655,0.15890569344062444,15,control
786,823.0278015136719,702.5694427490234,429.01986063317844,424.73820374083283,0.7444502711296082,1,0.1315730950320322,0.1443345054764446,15,control
787,828.3849182128906,781.5713500976562,425.01978158358986,464.2595331746032,0.6051002740859985,1,0.20240149001566868,0.13737777763092326,15,control
788,829.6597290039062,745.8665008544922,428.6678149186858,446.7191551087509,0.38178732991218567,1,0.13338862629715664,0.11846135354354613,15,control
789,831.933349609375,825.1504211425781,423.11844790337074,485.9503432963534,0.7780797481536865,1,0.10041959253570142,0.10259671578404676,15,control
790,833.2294616699219,798.0919189453125,425.9437011952584,472.6762391497888,0.5797556638717651,1,0.0868360307171662,0.08700187560269136,15,control
791,839.2259826660156,728.8366394042969,434.6707700372474,439.0772939854782,0.7097445130348206,1,0.08877339959084471,0.11715140204918935,15,control
792,842.3203125,702.6518096923828,438.6176452636719,426.6624755859375,0.7180242538452148,1,0.6320701905638022,,15,control
793,848.1563415527344,676.3953247070312,443.3835754394531,414.09051513671875,0.5023800730705261,1,0.21894797793728227,,15,control
794,849.2257080078125,730.8575439453125,498.6724548339844,317.14820098876953,0.2747964859008789,0,276.45795017426775,,15,control
