id,src_x,src_y,ref_x,ref_y,score,is_inlier,residual_px,sigma_px,grid_cell,role
0,15.614638328552246,114.67657470703125,82.48973083496094,65.04598999023438,0.7307958006858826,1,0.15684931161563404,,0,control
1,20.681880950927734,186.00389099121094,78.57686291179623,100.70235372883754,0.6336807012557983,1,0.08606641288391123,0.08440085501055852,0,control
2,23.432979583740234,196.2944793701172,79.05722614093892,106.10464596655764,0.4726087152957916,1,0.08942379624129987,0.09837387605715138,0,control
3,26.566505432128906,111.23412322998047,88.19735185110524,64.36878631014089,0.5597260594367981,1,0.17666040131801267,0.17150011769612006,0,control
4,27.0535945892334,70.32461547851562,92.18400139446081,44.38237211279434,0.5791690945625305,1,0.05897851536842459,0.08873890136699952,0,control
5,30.17742347717285,65.25968170166016,94.23406889104207,42.22555554708254,0.7256102561950684,1,0.17744470888604896,0.09705559440000715,0,check
6,36.29158020019531,19.858440399169922,101.23865663033642,20.39422434804081,0.7399144768714905,1,0.10422067035103501,0.10147356041166274,0,control
7,40.91325378417969,12.117483139038086,104.26937866210938,16.93705940246582,0.33541592955589294,1,0.23676744058855573,,0,control
8,42.913944244384766,100.87020111083984,97.31839542670343,60.83366583832032,0.8358299136161804,1,0.03520192124042284,0.09709314438217781,0,control
9,47.36986541748047,36.76205062866211,105.26818563434234,29.725000645206606,0.8572795391082764,1,0.05512048948299055,0.09868072953897432,0,control
10,49.61955261230469,170.12811279296875,94.47874841743474,95.49704455845713,0.7998943328857422,1,0.08869185088321424,0.08806176538256187,0,check
11,50.19951629638672,108.33082580566406,100.33278666060654,65.1698744885061,0.8166164755821228,1,0.06731794897958347,0.11102116408638041,0,control
12,51.05869674682617,176.53909301757812,94.55786224975526,98.77968081164515,0.7256762981414795,1,0.16218361277187401,0.11256568493421447,0,control
13,55.65139389038086,28.469810485839844,110.12609276935632,26.408450278227527,0.8289943933486938,1,0.07816289562447128,0.11998150216948635,0,control
14,59.70089340209961,145.93360900878906,81.01850891113281,145.07498168945312,0.3873472511768341,0,127.53863491368837,,0,control
15,60.52976989746094,184.58251953125,98.68360888459996,103.69029316196224,0.7509694695472717,1,0.13426246084296123,0.1290248989736204,0,check
16,69.89958190917969,196.8339080810547,102.20411135815556,110.53384391225819,0.8670989274978638,1,0.02207515177348959,0.0870359053605972,0,check
17,71.35882568359375,58.2723274230957,115.2942125257916,42.50701419180476,0.841212809085846,1,0.027471855992672625,0.09511179031444732,0,check
18,72.12779235839844,115.2929458618164,110.56424904852523,70.57249352430301,0.7887363433837891,1,0.09298874344723172,0.10333035493994887,0,control
19,77.6927719116211,96.0692367553711,115.14016152487527,61.70524884368885,0.6132535338401794,1,0.13964094304153826,0.18478480538351771,0,control
20,81.13109588623047,48.42576599121094,121.08998782190535,38.585695273371094,0.7315611839294434,1,0.10833727334298927,0.10124987021542955,0,check
21,96.20237731933594,31.278392791748047,130.07512206754805,31.55982246652164,0.7836885452270508,1,0.058309612769487346,0.14451421953893182,0,check
22,96.24758911132812,172.6529541015625,117.44665455782308,101.03265073967763,0.8324654698371887,1,0.07962662709867586,0.10981762832887848,0,control
23,100.6868896484375,123.92030334472656,123.95970874244281,77.42246556404199,0.7479263544082642,1,0.1669225511487417,0.09461632531128229,0,control
24,101.08851623535156,87.43494415283203,127.4704963045995,59.57476336582715,0.600100040435791,1,0.025780982982094608,0.13221764123728752,0,control
25,109.56297302246094,61.07989501953125,134.02308026096077,47.41585916108802,0.8905715346336365,1,0.02105787431583366,0.10211370879494439,0,check
26,115.23938751220703,156.26841735839844,128.32373641655042,94.67771988841389,0.7894935607910156,1,0.13887232904268815,0.13669001793339863,0,control
27,118.88200378417969,124.62439727783203,133.0373183187463,79.47357032460944,0.8530570268630981,1,0.044888260429664324,0.10034359511037563,0,control
28,129.31283569335938,191.30514526367188,132.24176383894275,113.19754435292026,0.7115570902824402,1,0.06376879451082744,0.10078633915503742,0,control
29,130.3385009765625,42.0046501159668,146.03472694168775,39.94310822988353,0.778712809085846,1,0.0507884129387278,0.0787506301118907,0,control
30,131.34274291992188,98.67598724365234,141.52955796481763,67.86917769585297,0.866097629070282,1,0.049521838317347605,0.11236621613348194,0,control
31,133.11705017089844,185.9562225341797,134.61872393157907,110.92556410040913,0.42814505100250244,1,0.04694724028953853,0.0961802758323841,0,control
32,133.2174530029297,52.70354461669922,146.52399536229316,45.50935501536782,0.6939793229103088,1,0.06926154441367369,0.08553774260208223,0,control
33,143.85934448242188,191.46505737304688,139.54282685180002,114.6207436943133,0.9255251288414001,1,0.11635933711960328,0.10097700854891138,0,check
34,144.41603088378906,170.87916564941406,141.5364185380556,104.54127834776676,0.3991846442222595,1,0.11776611525566665,0.09290995924733236,0,control
35,148.24002075195312,117.56204223632812,148.1554552061532,78.64572956264924,0.776038646697998,1,0.13338753190977795,0.1105553885852538,0,control
36,153.05723571777344,80.45579528808594,153.86512756347656,61.174888610839844,0.5521624088287354,1,0.5455651792148665,,0,control
37,154.3282012939453,101.87703704833984,152.55662211398803,71.55981202419233,0.8210672736167908,1,0.15023225667220355,0.13124562836528,0,control
38,164.76516723632812,34.326534271240234,163.77005131118435,39.35405627849087,0.6413125395774841,1,0.03976660297883401,0.0979161626598605,0,control
39,166.74017333984375,27.68425750732422,165.24858552091567,36.21320110258316,0.623720109462738,1,0.23506423206124,0.10982549769433958,0,control
40,172.91757202148438,137.17138671875,158.76277860445182,90.55759761403813,0.8641169667243958,1,0.09027241172070673,0.11455058652464066,0,control
41,181.2843780517578,145.39634704589844,162.13033452848856,95.35391162756413,0.37938767671585083,1,0.026071593601461076,0.09423485729864395,0,control
42,183.66824340820312,211.7593536376953,157.49753346148154,128.18416136670984,0.6215006113052368,1,0.09020615673760608,0.09192042552596155,0,control
43,183.81051635742188,72.55909729003906,169.78848880030827,59.74331075634726,0.8236230611801147,1,0.2142330569392879,0.14643176764110782,0,control
44,201.06411743164062,88.55042266845703,233.4242706298828,259.5846252441406,0.3005691468715668,0,396.8513676000692,,0,control
45,202.43894958496094,77.44471740722656,178.69934735115422,63.99930768303757,0.8401000499725342,1,0.2252433044562404,0.20647917261521384,0,control
46,205.5258026123047,134.5630340576172,175.12478523854102,92.2484737175917,0.5866867899894714,1,0.06732112330220147,0.16009996978009355,0,control
47,210.81861877441406,73.51165008544922,183.06208031259132,62.74181498000428,0.8029405474662781,1,0.09645327030666075,0.12685433227861212,0,control
48,216.78895568847656,66.07585906982422,186.6824896287563,59.67287507943181,0.8239874243736267,1,0.033611986597344046,0.11516960345155677,1,control
49,226.40223693847656,105.58014678955078,187.93320203096897,79.88396110779708,0.7464298009872437,1,0.09630416200103452,0.12336996886989955,1,control
50,232.38377380371094,194.1986083984375,183.10426925278892,123.90316645452651,0.6873349547386169,1,0.08610150784777434,0.11757119150327139,1,check
51,232.4786834716797,156.25930786132812,186.55040837160635,105.37538991568816,0.5996353030204773,1,0.1365813008429742,0.13145207012691276,1,control
52,232.60769653320312,53.8486213684082,195.5993881976398,55.19399252593716,0.8603680729866028,1,0.10238666174377951,0.10983274622450291,1,control
53,236.30816650390625,183.5161590576172,185.9799085438625,118.94447657386667,0.8796927332878113,1,0.2010366140119356,0.1114866792500203,1,control
54,236.46246337890625,18.355722427368164,200.59808820050722,38.17560459215156,0.8150935769081116,1,0.06397474507408783,0.10661472482902347,1,control
55,242.21908569335938,191.2637176513672,218.2892303466797,200.4654083251953,0.41568320989608765,0,165.29466036757634,,1,control
56,246.50376892089844,18.52021598815918,205.53943996360942,39.204459163945465,0.8397893905639648,1,0.11897450361791792,0.10516542154685343,1,control
57,247.214111328125,129.86854553222656,196.2415313720703,93.99366760253906,0.6400671005249023,1,0.6252560726900881,,1,control
58,249.66835021972656,163.94790649414062,194.3357677010641,110.61467850165211,0.9080028533935547,1,0.0495499842259127,0.08789173899409763,1,control
59,258.8898162841797,105.75645446777344,204.06980166213535,83.04334736140663,0.7343162894248962,1,0.23252051629011966,0.14125427967469886,1,check
60,261.34669494628906,121.57572174072266,203.8439140571552,90.88393160214504,0.7615759968757629,1,0.08374972590695727,0.10592840205003892,1,control
61,271.9839630126953,85.64199829101562,212.26243459352057,74.30436711466857,0.5722485184669495,1,0.09378713700247372,0.11506907792620036,1,control
62,273.8921661376953,69.63166046142578,214.5648368383135,66.67618658825977,0.7687790393829346,1,0.08150069648153963,0.08364794017275488,1,control
63,286.4662780761719,121.6219711303711,216.20534760706067,93.24012686993287,0.7621007561683655,1,0.04258221011271592,0.10706917197591352,1,control
64,287.5731964111328,14.514507293701172,226.1422576904297,40.96916198730469,0.7692703604698181,1,0.09265678088980141,,1,control
65,287.8238830566406,27.824174880981445,225.07330526132074,47.462583815100764,0.531226634979248,1,0.03707582007457218,0.08608135514316616,1,control
66,290.4411315917969,135.37405395507812,217.01036059647052,100.31380883116456,0.8606204986572266,1,0.08072069473761662,0.12977209553646998,1,check
67,295.96250915527344,113.31941223144531,221.66379854292938,89.96197372133575,0.8661478161811829,1,0.1442874683474696,0.11959935492313498,1,control
68,304.3155212402344,13.194140434265137,234.53298950195312,41.80616760253906,0.43708062171936035,1,0.19136279137985765,,1,check
69,307.7249755859375,76.55573272705078,230.63665243384273,73.12208206856964,0.854617178440094,1,0.06620313131263114,0.1325166172987118,1,control
70,310.1339874267578,205.41220092773438,220.52469789659784,136.35627948677885,0.8682363033294678,1,0.1417052082797684,0.10413738246706712,1,control
71,313.64817810058594,164.57046508789062,225.873899189305,116.7239781089342,0.4877795875072479,1,0.041813447626274425,0.14507012377040066,1,control
72,330.0894470214844,197.28079223632812,231.1039374336194,134.20158793330043,0.7309219241142273,1,0.03118077881675541,0.13898489274614434,1,control
73,331.08868408203125,9.524093627929688,247.9569854736328,42.51487350463867,0.36540600657463074,1,0.0836543893794549,,1,control
74,333.61460876464844,187.42454528808594,233.6985671116045,129.6991302139231,0.7660053968429565,1,0.008516573850877517,0.11962883050810734,1,check
75,333.88890075683594,64.7508544921875,244.51607556848685,69.71685284649176,0.3224734961986542,1,0.03036162146682333,0.12948355949831972,1,control
76,336.1069793701172,38.593101501464844,247.8789017667683,57.21457557937658,0.8083049058914185,1,0.14802619256840868,0.14824160443978418,1,control
77,353.05206298828125,106.93063354492188,250.19427882742727,92.07293658942365,0.5968042016029358,1,0.13148268536051833,0.07400438895040916,1,check
78,356.71441650390625,50.039310455322266,257.02976679281545,64.64912489613072,0.8218663930892944,1,0.12561977386680354,0.14742250888715114,1,control
79,357.5975646972656,150.40481567382812,248.71676128352195,113.71398373766063,0.76639723777771,1,0.028160878424094555,0.10622260065650464,1,control
80,364.03973388671875,178.81228637695312,249.42456043922317,128.17103840700273,0.7589038610458374,1,0.08044433299694964,0.09166701057534657,1,control
81,366.81842041015625,20.55159568786621,264.5301942150198,51.12079155340222,0.6713351011276245,1,0.09349466539215305,0.10984525717004373,1,control
82,368.22991943359375,144.32310485839844,254.50526332694372,111.72146758571103,0.6023439764976501,1,0.07038769247693033,0.11733334618224962,1,control
83,368.80517578125,112.96835327148438,257.45416992682794,96.34983006881187,0.780841052532196,1,0.1666388183636448,0.0941940458871523,1,control
84,373.3851623535156,122.37875366210938,258.8457568417077,101.38372364853237,0.854010283946991,1,0.16862924826158127,0.09425959931851498,1,control
85,374.031982421875,82.92999267578125,262.62851683768366,82.25961878335949,0.7171664834022522,1,0.05997561690747432,0.09669067995014449,1,control
86,374.9950866699219,182.24913024902344,254.52512953088282,130.86691121701924,0.5260289907455444,1,0.037088293794678734,0.13095414889338866,1,control
87,379.2138977050781,162.8754119873047,258.1917099274283,121.72352418546592,0.6757818460464478,1,0.1678120549509989,0.09877933739747026,1,control
88,383.519775390625,95.48993682861328,266.2353859468699,89.20769720171235,0.8462624549865723,1,0.06849951555928949,0.12407661389503473,1,check
89,388.5552673339844,32.294687271118164,274.18743829254674,58.87243834014842,0.38443222641944885,1,0.12809153125707282,0.07767681526920923,1,check
90,395.9747619628906,26.649890899658203,278.2321884608263,56.748913653005445,0.8996370434761047,1,0.05781204196109669,0.10459450990820834,1,control
91,400.74237060546875,63.67850875854492,277.4767461039073,75.34703449679253,0.8606554269790649,1,0.24816525777489523,0.14909182933997053,1,control
92,402.41668701171875,46.328433990478516,279.7054122504076,66.97348628032505,0.8315378427505493,1,0.04956902241002978,0.07879777787141645,1,control
93,407.8336486816406,136.01828002929688,274.635551772879,111.22240995377334,0.7159000635147095,1,0.028871201169062933,0.10336769087774782,1,control
94,416.5321044921875,61.629005432128906,285.2814424481573,75.70091474191311,0.8964861035346985,1,0.045463957325126106,0.15937188613776127,1,control
95,424.4678039550781,154.76829528808594,281.1366152752634,121.85797106599337,0.6578316688537598,1,0.05811382044318338,0.10581524663157087,1,control
96,425.46307373046875,174.27001953125,279.99084730777196,131.48206094705375,0.8341930508613586,1,0.04201750594343179,0.11848992138843784,1,check
97,429.73936462402344,205.39979553222656,279.3855104198684,147.09528868795942,0.7676205039024353,1,0.00724377806599018,0.1128719378553392,2,control
98,438.2670440673828,75.47232818603516,294.7114932040055,84.3540143455054,0.8569685220718384,1,0.11861194933949444,0.12851012295190037,2,control
99,438.40728759765625,90.34164428710938,293.51527778438077,91.66660406911319,0.7907216548919678,1,0.03996295683125872,0.13189373857296463,2,check
100,440.7950439453125,165.4299774169922,288.2608349298923,128.51655525589948,0.6423227787017822,1,0.05314691140021341,0.08686258428258616,2,control
101,445.88194274902344,23.4006404876709,302.9351680761458,59.75714723382391,0.6064608693122864,1,0.05675808248689304,0.0860637655888522,2,control
102,447.0751647949219,45.307708740234375,301.67579054421867,70.38505332159873,0.7402440309524536,1,0.2501794601532148,0.12007319805101421,2,control
103,455.13584899902344,179.3913116455078,294.06551227276157,136.63353361021424,0.6543374061584473,1,0.018571656141972516,0.11590822521757686,2,control
104,463.4359130859375,48.342411041259766,309.3928451308238,73.42556398622548,0.8372986316680908,1,0.08807807250070623,0.11264892236868188,2,control
105,465.07928466796875,64.71625518798828,308.7865743869887,81.64401091376362,0.8275136947631836,1,0.1232622476662584,0.12599685533107632,2,control
106,467.29693603515625,179.88768005371094,299.9896729826036,138.00756505415367,0.6848529577255249,1,0.07888299354771675,0.12606370090994942,2,control
107,468.3896789550781,137.63916015625,304.0622061861551,117.39993361473185,0.6034228205680847,1,0.16989312707350393,0.12447967340236885,2,control
108,469.64178466796875,173.23675537109375,301.7006481344419,134.90658412764563,0.8760421872138977,1,0.048468688891659506,0.12476286346586597,2,check
109,470.5639343261719,59.16642761230469,311.9496853856831,79.38665355339279,0.8159552812576294,1,0.054861757810429713,0.1167361288055559,2,control
110,475.537841796875,51.54970169067383,314.9764260540559,76.10297136966732,0.8230209350585938,1,0.06310933424042393,0.11619424082913782,2,check
111,476.74151611328125,146.63088989257812,307.5538798629319,122.63296069800134,0.7668441534042358,1,0.23981488540271279,0.0920135470517195,2,control
112,482.7708435058594,88.10472869873047,315.4198856527131,94.58057676349371,0.5851112008094788,1,0.027542377342675294,0.07937147142788917,2,control
113,483.0680847167969,124.54231262207031,312.4072329691431,112.36725914766365,0.6769146919250488,1,0.05558675300432343,0.17210372311033134,2,check
114,485.7005615234375,165.15625,310.27836273850556,132.3962068567356,0.7596790790557861,1,0.08506125264844232,0.0890949115133386,2,check
115,486.29315185546875,82.54846954345703,317.61541611684953,92.19359197708663,0.4801190495491028,1,0.03188711033037337,0.08843819681412507,2,check
116,508.6971893310547,160.38006591796875,321.90199646506346,132.07975738219415,0.8328661918640137,1,0.12370777952235636,0.12862140276065176,2,check
117,515.1537322998047,120.59651947021484,328.3413901686319,113.29041111145847,0.7872153520584106,1,0.1931323687750567,0.11279926558364534,2,control
118,521.6537933349609,146.63719177246094,329.24232047355133,126.44835836134632,0.592921257019043,1,0.4028729990261362,0.15708609995516248,2,control
119,522.0511627197266,77.21768951416016,335.5143472854557,92.87465475049507,0.7804359793663025,1,0.13766810707214108,0.1642596105127103,2,control
120,532.4163818359375,52.38209533691406,342.45069885253906,81.54129028320312,0.5831168293952942,1,0.4782710562882465,,2,control
121,538.3673858642578,168.19190979003906,335.6670032296877,138.5737509732461,0.7567945122718811,1,0.0711018250225338,0.15089452938075357,2,control
122,539.5319213867188,101.06561279296875,341.98101841852576,105.99605184489639,0.8206642866134644,1,0.016249760230426544,0.09128513735205303,2,control
123,539.8365478515625,202.28831481933594,333.54379581613455,155.3855933344666,0.8850283026695251,1,0.09059974929222017,0.09368344994138707,2,control
124,541.2440643310547,88.565673828125,343.9426743402153,100.0589565660611,0.7314931154251099,1,0.13379239476844698,0.12163763541135299,2,control
125,542.6034240722656,66.10763549804688,299.4165496826172,281.1839904785156,0.26440393924713135,0,398.07749022520284,,2,control
126,544.1555786132812,135.91952514648438,341.210714226518,123.31943620994976,0.7853492498397827,1,0.16137817162512974,0.12625218271832597,2,control
127,546.3607635498047,118.49795532226562,343.8020456712986,115.05081377958862,0.8670704364776611,1,0.08563369849967525,0.11091981364302893,2,check
128,550.6572723388672,22.02669334411621,354.11599246783294,68.58624202329582,0.6667382121086121,1,0.06086113366255041,0.10828674940281192,2,control
129,556.1439514160156,77.17838287353516,352.1631371505558,95.89550060893791,0.8388326168060303,1,0.15797962445759603,0.10614718183768086,2,control
130,563.7328491210938,26.588623046875,360.13985096040454,71.98208088276851,0.8979277610778809,1,0.14442541466514122,0.10659597056012682,2,control
131,569.4776306152344,125.96895599365234,354.39373358091586,120.72536375886548,0.7956442832946777,1,0.16621131838721287,0.12545458541893262,2,control
132,576.5943603515625,165.52764892578125,354.5191345214844,140.61318969726562,0.8246577978134155,1,0.17597609848480408,,2,control
133,591.4971923828125,47.15114212036133,371.8191742516594,84.43234169397698,0.8283025622367859,1,0.0228164950292316,0.11604891380615849,2,control
134,592.483642578125,89.04144287109375,368.7520073622656,104.86823153636223,0.8205273151397705,1,0.034859477075210955,0.11082258780935558,2,control
135,594.2806396484375,183.7161407470703,361.1862487792969,150.8628692626953,0.6547831296920776,1,1.0122361583885167,,2,control
136,601.1854248046875,56.28409194946289,375.8192551797262,89.75268609430654,0.7977197766304016,1,0.14422327578412075,0.1580978042559028,2,control
137,604.0093383789062,106.08900451660156,372.92485038124977,114.1900563089204,0.5597208738327026,1,0.04071362472088516,0.06596847752849402,2,control
138,607.4440612792969,146.69808959960938,371.12420856408204,134.26249562166825,0.8487687706947327,1,0.04655057352080877,0.161823121357012,2,control
139,619.58203125,175.25106811523438,374.7024896670446,149.20883963057994,0.568897545337677,1,0.16880430281853356,0.10728885170797305,2,control
140,625.5923767089844,118.79298400878906,382.3254041461718,122.2700839448326,0.888455867767334,1,0.08093599676980945,0.11062597847713108,2,control
141,629.5874328613281,18.95623779296875,392.6332621700297,74.22543071503392,0.450531929731369,1,0.08874339836195126,0.11598010256266192,2,control
142,632.5384521484375,139.50599670410156,383.94201198116,132.99226853482358,0.7993174195289612,1,0.017601087001171547,0.10721636550997579,2,control
143,632.6090393066406,191.2142333984375,379.6605046157042,158.17008240694327,0.6471545100212097,1,0.10490974783119289,0.09496998093348816,2,control
144,632.9973754882812,36.29118347167969,392.89936143773645,82.90754809042075,0.7007606029510498,1,0.08683628826107906,0.07808594393952803,2,control
145,643.4423217773438,72.24706268310547,394.9594384049357,101.31925536375161,0.9073935747146606,1,0.14709347952220111,0.13058289469381731,2,control
146,643.9877624511719,123.10974884033203,390.8731977031473,125.99436285465427,0.7826745510101318,1,0.1060833618605371,0.16740631349807703,2,check
147,648.6329803466797,11.486466407775879,402.5714569091797,72.0743637084961,0.5611159205436707,1,0.45609185370555816,,3,control
148,653.0929718017578,188.89356994628906,389.83606062486336,158.91890250239194,0.4864298701286316,1,0.21313175162754402,0.08851752011975378,3,check
149,653.3282775878906,109.00497436523438,396.53967345847764,120.0845509878679,0.5137196183204651,1,0.16052503948156865,0.18779645263021238,3,control
150,658.0857391357422,35.066471099853516,405.05904772419484,84.52379166009753,0.7926981449127197,1,0.13019741175163302,0.09554755454675547,3,check
151,662.4267425537109,145.62965393066406,397.9034407832721,138.5808946053844,0.8699406385421753,1,0.11219608438488032,0.12285878296255437,3,check
152,662.8812255859375,170.3207550048828,396.0448433322138,150.64506535729282,0.7103566527366638,1,0.0853815846125644,0.08546021244054733,3,control
153,664.1062927246094,68.28099060058594,405.2477946237677,101.35013868389571,0.5812140107154846,1,0.272344196072825,0.12457611953599054,3,control
154,668.9556884765625,84.22950744628906,406.226117128355,109.37401358204411,0.7557423114776611,1,0.042038499428100284,0.11523597399884546,3,control
155,673.8301544189453,187.5538330078125,399.9640770976841,160.1262367310602,0.7544057965278625,1,0.1999374005410032,0.13778914803661288,3,control
156,680.2133178710938,60.078128814697266,413.69212341308594,98.93824005126953,0.6368754506111145,1,0.5261255912695736,,3,control
157,681.27734375,134.752685546875,407.9062547166904,135.02536073422365,0.6017726063728333,1,0.12103537781476557,0.07258204883901916,3,control
158,683.1205444335938,20.415386199951172,418.40627490612474,79.72855662402443,0.8144564032554626,1,0.06460412951936198,0.13811775089058478,3,control
159,693.1622924804688,35.16986846923828,422.23740534741677,87.85203708334211,0.26652970910072327,1,0.4091249098390862,0.19806629158413003,3,control
160,694.1746368408203,140.4832305908203,413.7148776986681,139.00963618573053,0.7683504819869995,1,0.12582634513756935,0.12181545228283593,3,control
161,699.4302062988281,132.8433837890625,416.9487939959008,135.72353751647705,0.867685854434967,1,0.08628436369872658,0.10168996771909923,3,control
162,702.5755462646484,113.76433563232422,420.0633598484524,126.78184927587607,0.8087416291236877,1,0.1425071833426674,0.09751326197715132,3,control
163,706.8939971923828,59.139251708984375,426.7785622009895,100.66482192612553,0.7741364240646362,1,0.2204817179194636,0.18195608345157896,3,check
164,714.7942810058594,47.18666076660156,431.472085471657,95.47039988059211,0.7455651760101318,1,0.12531718754613785,0.12503001718874912,3,control
165,717.5912170410156,14.66389274597168,435.6750183105469,80.08242797851562,0.8089162111282349,1,0.259696330606709,,3,control
166,723.8598327636719,101.44743347167969,431.32959997796536,122.63965882202446,0.728448212146759,1,0.031080721692425817,0.09884605549645044,3,control
167,730.1485443115234,104.0115737915039,434.13336902128526,124.43537823745578,0.7128065228462219,1,0.06931988109692264,0.10040455020439762,3,control
168,735.2976226806641,209.6168975830078,427.8089381574358,176.19743136845577,0.6953108310699463,1,0.05872750611882005,0.12873517481262986,3,control
169,736.3985290527344,32.09814453125,443.19183001353116,90.23937489920186,0.6180094480514526,1,0.17165071269114804,0.1635151094450963,3,control
170,736.6845245361328,149.4974365234375,433.55023304373964,147.10613412627706,0.8184781074523926,1,0.05544996939089948,0.13021186517331712,3,control
171,742.5699920654297,197.5453338623047,432.3819213478091,170.9746279403362,0.8794226050376892,1,0.06466082582941872,0.11106030599870935,3,control
172,746.0401153564453,165.33560180664062,436.7451669896404,155.61253870959757,0.818432629108429,1,0.0423984007486472,0.11185356320502478,3,check
173,752.8657379150391,42.739288330078125,450.2199502010491,96.82261679825159,0.8083404898643494,1,0.08807888453172932,0.10347603664849908,3,control
174,759.2712860107422,35.70817947387695,453.88342540021097,93.98663981507076,0.770416259765625,1,0.07800648907872397,0.100849983206979,3,control
175,760.5989990234375,58.284996032714844,452.65540860692755,104.95560194209659,0.8971718549728394,1,0.07974963267426363,0.09896753904945688,3,control
176,764.2806243896484,190.52984619140625,443.34478801946955,169.382190259636,0.7954180836677551,1,0.2266032803718507,0.10000519977378765,3,control
177,764.8428192138672,154.0033721923828,446.6614833805073,151.7049054574946,0.7342237830162048,1,0.21119929489149633,0.12429699533577848,3,check
178,770.3886566162109,186.2448272705078,446.6642919282497,167.82757522993774,0.5052825808525085,1,0.2193635537257849,0.07816715065542128,3,control
179,771.4773254394531,90.359375,455.23185986115755,121.5214862922314,0.3240859806537628,1,0.05565931978427369,0.12153438182847248,3,control
180,779.5616455078125,119.5728759765625,456.66067166974017,136.32192868005282,0.731637716293335,1,0.1302343589142126,0.1431124007375509,3,check
181,781.0723876953125,158.74905395507812,454.14214033449576,155.49563100938875,0.5122807025909424,1,0.07696848765853578,0.08786222070622333,3,control
182,792.0037231445312,97.2242431640625,464.539067060432,126.68468422775814,0.6008852124214172,1,0.0920818487942435,0.0785365281652096,3,control
183,795.8827209472656,39.76130294799805,471.1463411150642,99.17729439254475,0.7447358965873718,1,0.06497514989121786,0.08187424076707973,3,control
184,797.5950622558594,159.28369140625,462.1300516645431,157.2193467317679,0.6979469656944275,1,0.06398227095224118,0.10135183225820614,3,control
185,805.4137573242188,11.29300594329834,478.0832061767578,86.1790542602539,0.4836656153202057,1,0.20522554005295365,,3,control
186,806.322265625,70.1306381225586,473.6377128348336,114.79206041088833,0.7046682238578796,1,0.09915247401670776,0.12284033087552661,3,control
187,806.8771667480469,188.31817626953125,464.1891169357575,172.123154049239,0.761437177658081,1,0.05551005811187057,0.08452773321407703,3,control
188,808.0868835449219,206.343017578125,463.28043135085795,181.02520697026745,0.786857008934021,1,0.11974411310186171,0.10826557924849821,3,control
189,808.3954772949219,133.8954620361328,469.3569594481435,145.81672406483167,0.6529797911643982,1,0.12861839082990809,0.1236425598186599,3,control
190,813.2852172851562,122.30093383789062,328.3260938213443,125.53832890281494,0.28350964188575745,0,294.9646370268118,0.4727285023676162,3,control
191,814.8851013183594,160.78866577148438,470.31207284673775,159.44123032669367,0.6993120908737183,1,0.055233580680724,0.10985177755817496,3,check
192,832.56884765625,53.713932037353516,487.6197823724633,109.21200067949343,0.5916902422904968,1,0.07670451894981214,0.12934524835980143,3,control
193,848.0940246582031,146.00755310058594,487.51898193359375,155.27224731445312,0.3666321635246277,1,0.10542928601959314,,3,control
194,848.2996520996094,44.717796325683594,495.86395263671875,106.2233657836914,0.3344084918498993,1,0.17097872163932923,,3,check
195,848.75830078125,197.5788116455078,483.44561767578125,180.26939392089844,0.3266131281852722,1,0.2328648913507527,,3,control
196,19.120450973510742,220.48995971679688,74.72985869828017,117.63628992359874,0.782596230506897,1,0.05479229313322383,0.09505240744623118,4,control
197,24.636564254760742,260.01560974121094,73.9416906175966,137.6214617228286,0.6803635954856873,1,0.03871909869988069,0.11042825326262593,4,control
198,31.187503814697266,301.0574035644531,73.47665791961492,158.45495667829127,0.8089892268180847,1,0.13204804746556878,0.1152209794435052,4,control
199,41.05857467651367,272.51292419433594,81.00882755045312,145.2416736988507,0.8484213948249817,1,0.09306691976032151,0.13942521147452275,4,control
200,41.65361022949219,406.1076354980469,69.34155973487889,211.453461545636,0.3918170630931854,1,0.14946481980037976,0.09370989027142981,4,control
201,44.662235260009766,424.71759033203125,69.1454206570907,221.10178627754874,0.8287647366523743,1,0.2405019579297427,0.19349294850462484,4,check
202,44.78841781616211,217.98294067382812,87.78642012194386,118.74980031919911,0.7590553164482117,1,0.10579947709036551,0.09965433411841555,4,check
203,52.876731872558594,304.3246765136719,84.04811775735213,162.07112622369567,0.8386099934577942,1,0.02708643138673628,0.09400572768740482,4,control
204,53.76396179199219,284.13084411621094,86.38608070223532,152.19255972432072,0.4768226742744446,1,0.13762114110454943,0.11658582553489497,4,control
205,57.711395263671875,320.8697509765625,85.01410845808988,170.74595271621925,0.7160544395446777,1,0.11482779210307455,0.10818163854445477,4,control
206,60.571537017822266,293.45794677734375,88.92180940446218,157.3795451081923,0.8800880312919617,1,0.08183259279930526,0.14904813636021672,4,control
207,61.2182502746582,326.9075469970703,86.17372789803356,174.00731613104512,0.8344483971595764,1,0.06004035200654106,0.11477285609576457,4,control
208,62.427391052246094,218.736328125,96.46525585104992,120.67610657836329,0.8138294816017151,1,0.0951693018757439,0.07540970617834905,4,control
209,67.71427154541016,256.7194366455078,95.75432172947609,139.93139062226695,0.8263129591941833,1,0.08865451652024953,0.19820918471318263,4,check
210,69.52854919433594,300.8246612548828,92.75712810132688,161.85404143872617,0.5530403852462769,1,0.12282528679721885,0.09601309112056959,4,control
211,78.93922424316406,401.9022521972656,88.38304438027467,212.73854831197548,0.6833293437957764,1,0.13685149465288418,0.1294650949129515,4,control
212,82.73789978027344,266.99388122558594,102.37150896479514,146.33722467356947,0.7110826969146729,1,0.10660190322346473,0.10522627154203142,4,control
213,88.18734741210938,216.9794158935547,109.49239903181022,122.13638537376166,0.8101301789283752,1,0.04592127795373135,0.11633147375751159,4,control
214,90.93354797363281,374.2586364746094,96.80687727100549,200.07539722436027,0.7530602812767029,1,0.011471443499218362,0.11047068687268484,4,check
215,91.1008529663086,422.43353271484375,92.52926389840191,223.95102745790675,0.7420807480812073,1,0.06093019934146747,0.11922253503197255,4,control
216,95.5217514038086,414.1409912109375,95.53085241084348,220.28505231739373,0.5906829833984375,1,0.09664479389633575,0.10883376527970669,4,control
217,103.74665832519531,358.48907470703125,104.67058790408062,193.4559217056985,0.8258678913116455,1,0.14273469480520742,0.12395072993295303,4,control
218,108.43809509277344,298.9966735839844,112.30520996732486,164.47589932075826,0.7070150971412659,1,0.12232114350598587,0.1069948372837455,4,control
219,108.49723815917969,267.6649169921875,115.08064271149283,148.9669597996078,0.690117359161377,1,0.056627023406774404,0.10812414861055081,4,check
220,110.70036315917969,342.77252197265625,109.54894671634536,186.31740905292986,0.8174915909767151,1,0.1665884337668921,0.1107085443142156,4,check
221,116.32321166992188,396.01544189453125,107.61303578614623,213.18979626685697,0.7803776860237122,1,0.23966181197140274,0.08569544963303545,4,control
222,117.68008422851562,300.76182556152344,116.79609971841882,166.18226701513538,0.7025299668312073,1,0.1838166209264112,0.09637010418410234,4,control
223,119.57130432128906,277.4744873046875,119.74151207256216,154.77126692096115,0.6327069401741028,1,0.045087545858734694,0.13364996393899817,4,control
224,123.1379623413086,382.1396789550781,112.16043163934204,206.84694479235696,0.7825006246566772,1,0.042022086222434606,0.07757124043817779,4,control
225,125.01825714111328,330.548583984375,117.78494480943677,181.48027302540126,0.7318827509880066,1,0.11698227669373991,0.1430578785948166,4,check
226,131.53164672851562,419.23236083984375,113.02498964293667,225.93570269552794,0.8993200659751892,1,0.045075473926036926,0.10675581323397139,4,control
227,132.7291717529297,274.19883728027344,126.6207471028621,154.3291908067123,0.8268869519233704,1,0.07447511462266285,0.10101154055225063,4,control
228,134.84527587890625,252.86053466796875,129.5362524290048,143.99459920903672,0.6862439513206482,1,0.061279390293910864,0.0905838588552616,4,check
229,137.7831268310547,265.7760925292969,129.8739402944611,150.6867161193122,0.6586066484451294,1,0.06935399479587569,0.10951364910009533,4,check
230,138.97349548339844,326.5236358642578,125.02391656497977,180.7783339725859,0.7999683022499084,1,0.0782740850452211,0.10409722962436542,4,control
231,143.16529846191406,260.5438537597656,133.01262470746624,148.55304464167935,0.7509551644325256,1,0.020223680623011938,0.0941892011049071,4,control
232,143.2728271484375,319.40370178222656,127.79766805848205,177.63122917921154,0.7515755891799927,1,0.057077579989004826,0.09894547328745312,4,control
233,145.7677459716797,369.9695129394531,124.63617681842908,202.81300294785513,0.9137722253799438,1,0.17088354131222372,0.11287947569421088,4,control
234,160.14791870117188,411.3676452636719,127.97960698958019,224.52305551674914,0.8827967643737793,1,0.12495925029088595,0.08096115027982495,4,control
235,162.59811401367188,423.3735046386719,128.15481462959895,230.70052285639838,0.7364330887794495,1,0.06414109497991319,0.12657619357348932,4,control
236,163.9315185546875,359.1115417480469,134.6203716187729,199.0820531148922,0.7601715922355652,1,0.11704401794756669,0.09648153788506138,4,control
237,165.0829620361328,347.20477294921875,136.22995648572237,193.250812187273,0.8169748783111572,1,0.08452191511389374,0.08651400179211369,4,control
238,178.8279266357422,215.37281799316406,154.7931023775901,129.5352474186808,0.5952956676483154,1,0.12740903435816095,0.10042848244034494,4,control
239,184.563232421875,277.4709777832031,152.0738349568093,160.57737816835464,0.8862582445144653,1,0.06293181745965408,0.11612636361846958,4,control
240,184.68331909179688,421.06756591796875,139.39034589089783,231.46198808316257,0.5678342580795288,1,0.1309863007965645,0.12010861459626777,4,control
241,188.97091674804688,271.24070739746094,154.80015082856218,157.87985245918523,0.7468830347061157,1,0.11176726956401332,0.09329054631562589,4,control
242,206.93115234375,301.49891662597656,161.0264954344249,174.45998379120243,0.77977055311203,1,0.06299366300368765,0.09233958629124733,4,control
243,206.99000549316406,410.9897155761719,151.21754455566406,228.41378784179688,0.7693953514099121,1,0.3679536174201985,,4,control
244,207.04022216796875,271.80308532714844,163.4555206298828,159.45358276367188,0.5794046521186829,1,0.92676798526338,,4,check
245,208.27777099609375,338.73133850097656,158.4394099992848,192.98133519798077,0.5735449194908142,1,0.1091147576857458,0.07534245704469374,4,control
246,216.7382049560547,396.94537353515625,157.56534553326532,222.55174110622505,0.694991409778595,1,0.32120876583314467,,5,control
247,218.71258544921875,295.21435546875,167.44872428522686,172.58574594118912,0.6833763122558594,1,0.3738051308092865,0.17300122948916732,5,control
248,219.34657287597656,327.4241638183594,164.9587288364704,188.32882061525515,0.8564637899398804,1,0.06986904530506335,0.1272272367944175,5,control
249,234.18812561035156,275.21568298339844,176.92099058141363,163.9516989582691,0.8931928277015686,1,0.06897527349302886,0.11154322841245719,5,control
250,239.23440551757812,384.33563232421875,169.84213719149673,218.18727604083566,0.7820543646812439,1,0.16211528160404118,0.13034765718591612,5,control
251,242.02694702148438,332.46067810058594,175.69954461861693,192.77403049096318,0.8851832151412964,1,0.12019943499498895,0.09952088583622234,5,control
252,243.78973388671875,364.6728210449219,173.81704985323236,208.97144293067092,0.638063371181488,1,0.23366826183266812,0.14080144377266193,5,control
253,248.25083923339844,267.8571014404297,184.47180594722795,161.5681198637103,0.8396263122558594,1,0.07393421653363623,0.11242668833387026,5,control
254,249.16256713867188,286.12501525878906,183.3759747449565,170.68127609411297,0.7734428644180298,1,0.10674400105990278,0.0879540071946678,5,check
255,251.71385192871094,351.21795654296875,178.90472690396632,202.88822323097642,0.8250331878662109,1,0.1026846924237227,0.09310771253268324,5,control
256,256.68812561035156,418.8952941894531,175.43319039627224,236.81799900778154,0.49995169043540955,1,0.15302003995205546,0.11896010122947318,5,control
257,261.94337463378906,256.82525634765625,192.23902787767142,157.35275112450816,0.6406955718994141,1,0.033996793263811206,0.11990807209984403,5,control
258,264.5075988769531,234.77330017089844,195.39910777176667,146.69797489203162,0.865585446357727,1,0.15687866741122253,0.10344035347112146,5,control
259,268.2629852294922,247.40435791015625,196.22737345119165,153.26078680104396,0.7310061454772949,1,0.07010676994997797,0.13780279714266747,5,control
260,279.65809631347656,344.155517578125,193.3355009341708,201.94626868517065,0.7767337560653687,1,0.05717271899083813,0.13528459943766105,5,control
261,281.2176055908203,276.6666259765625,200.01232467068195,168.8148809379227,0.8093317747116089,1,0.07448274080884733,0.09130199195314243,5,check
262,286.46112060546875,310.30030822753906,199.73052290752725,185.80472463406826,0.7873122692108154,1,0.12407158683887431,0.16189021912895346,5,control
263,290.2030944824219,418.9693603515625,191.95487391280517,239.74505226326747,0.8625065684318542,1,0.05596686600180322,0.10400985926045837,5,control
264,290.8979034423828,243.37428283691406,207.7557285644974,153.2954876920225,0.5578358769416809,1,0.07410563622833222,0.09741460474632824,5,check
265,299.54408264160156,413.5799865722656,197.10295097245634,237.91048890387077,0.4934596121311188,1,0.03963115370924164,0.10652530986545101,5,control
266,301.6321258544922,300.7868194580078,207.9647726610691,182.46640231333552,0.8110970854759216,1,0.14171686975133096,0.11556326236216759,5,check
267,301.70672607421875,370.0948486328125,201.96737550625912,216.59541954354515,0.522827684879303,1,0.10209650026875379,0.11023210292937755,5,check
268,305.7658996582031,408.3795471191406,200.68492240474285,235.85592566786266,0.8854140043258667,1,0.13450858052210019,0.11933636282391777,5,control
269,318.95298767089844,310.3209686279297,215.77879540628678,188.67420922779698,0.7719886898994446,1,0.14204114393004125,0.09467389904778002,5,control
270,325.5077667236328,301.432861328125,219.75518089612635,184.9308047010449,0.5275835394859314,1,0.026808287947782457,0.09857682156424799,5,control
271,326.0519104003906,325.95654296875,218.01852806742275,197.08921951567152,0.6956477165222168,1,0.2846932915449679,0.09489372827938637,5,control
272,329.2775573730469,283.8341369628906,223.17940523938498,176.58084321772336,0.8277192115783691,1,0.10549059928817252,0.11220460542403403,5,control
273,341.94036865234375,287.3481750488281,229.12689784567544,179.47000262374755,0.7715837359428406,1,0.06695686585512196,0.0991335704286303,5,control
274,342.21324157714844,405.32952880859375,218.92373338066315,237.55410066964075,0.7668574452400208,1,0.027442856720202052,0.10243909113681245,5,control
275,344.3320617675781,362.162841796875,223.72184184662999,216.45341874066835,0.5203469395637512,1,0.07391545915194071,0.12625685823525296,5,control
276,349.767822265625,416.4731750488281,221.65638175104897,243.6833362969236,0.7334481477737427,1,0.08234981438238272,0.11169026850469806,5,control
277,352.5657958984375,408.2901306152344,223.72835871863916,239.80968746729417,0.7488858103752136,1,0.2572726842124546,0.0967359129094885,5,check
278,364.6797790527344,348.50421142578125,235.00987976704968,211.5538303393495,0.7912717461585999,1,0.07279922224526325,0.07230982787045856,5,control
279,365.39300537109375,267.75148010253906,242.38877933258087,171.99811975118115,0.6175855994224548,1,0.14320583086475244,0.10800535465894016,5,control
280,368.54803466796875,262.4264831542969,244.45491205926604,169.65433432836534,0.7356725931167603,1,0.1928260554004483,0.09603244142046818,5,control
281,372.82568359375,346.7659912109375,239.16268449778156,211.42893606652504,0.7836142182350159,1,0.05302834842554301,0.09208698532919236,5,control
282,374.6841125488281,229.4104766845703,250.26404002569691,153.9451115966651,0.6169387698173523,1,0.013419044493038157,0.10469116288012485,5,check
283,376.2898864746094,327.1090393066406,242.5731984287441,202.06540932164785,0.7337040305137634,1,0.03588452986602413,0.09280509698353583,5,control
284,379.52386474609375,340.74024963378906,242.95840651496067,209.04597626298857,0.789757251739502,1,0.02336219178938363,0.1146035589576522,5,control
285,385.42877197265625,240.43443298339844,254.658360425726,160.3753882745879,0.7422084808349609,1,0.18387060869971855,0.06704371907192326,5,control
286,390.4718322753906,298.2939758300781,252.04726162856065,189.11282581261165,0.7942203283309937,1,0.06960018147860829,0.10794195901176143,5,control
287,394.15313720703125,380.17755126953125,246.69067003363057,229.65452534712176,0.7235349416732788,1,0.16983504335530855,0.11269223979028205,5,check
288,395.7839660644531,410.7475280761719,244.8759117509954,244.8870916404593,0.7357466220855713,1,0.0552732054529244,0.11165432052735794,5,control
289,402.5628356933594,258.9689636230469,261.4278340586159,170.93035446358945,0.5870404243469238,1,0.04390200816094438,0.09609567740943625,5,check
290,402.7679138183594,399.9429016113281,249.29431314373255,240.2168052738369,0.7596902847290039,1,0.05861484895799084,0.15639999391558013,5,control
291,406.4830017089844,331.7337188720703,257.07744002167806,207.03367769427638,0.7419131994247437,1,0.1460738193264746,0.10551191875323349,5,control
292,407.593017578125,320.8877716064453,258.50386357861225,201.77602695391315,0.7990818619728088,1,0.05052263629836414,0.1048445224788899,5,control
293,417.0954895019531,298.3242492675781,265.1658283942739,191.50348560463456,0.7512130737304688,1,0.05251625032604368,0.12048409580029797,5,control
294,424.4734802246094,309.71751403808594,267.8756678416691,197.7961007504574,0.819679856300354,1,0.20740728854948348,0.12922832485797198,5,control
295,437.4256286621094,300.81455993652344,274.8330521734378,194.44805287378406,0.7446456551551819,1,0.22616418619126621,0.1089987846752343,6,control
296,441.12376403808594,386.8735656738281,269.26815780954513,237.1442954373437,0.7953952550888062,1,0.06299708204691534,0.07745146944693741,6,control
297,441.5443115234375,331.7759246826172,274.26060855313386,210.0804353568961,0.7281050682067871,1,0.006081876193808348,0.06893077117574146,6,control
298,445.0695037841797,382.54327392578125,271.5884756393929,235.3191147502506,0.4649539887905121,1,0.035588548502775055,0.07636328830998892,6,control
299,458.8036193847656,293.9649963378906,285.9850467211182,193.02230779351225,0.8526337742805481,1,0.06329016434392827,0.08760571351232413,6,control
300,462.136474609375,279.6787567138672,288.87991913159675,186.33259093973393,0.7261552214622498,1,0.03728168374416392,0.1059310496187412,6,control
301,463.03941345214844,334.5096893310547,284.55700131538794,213.27548264719098,0.884174108505249,1,0.08342721106763516,0.11097634692919203,6,check
302,464.22752380371094,339.0245361328125,284.7189012579447,215.5763004809003,0.841141402721405,1,0.1531123649132223,0.10653904305508134,6,control
303,470.7589416503906,227.38621520996094,297.57423186515746,161.46025119712235,0.7314870357513428,1,0.08883781017919418,0.11216792473788732,6,control
304,474.08612060546875,310.21958923339844,292.0678192569115,202.24300896943876,0.8083200454711914,1,0.24972252462520952,0.09991465790156744,6,control
305,475.12184143066406,248.77984619140625,297.908016834163,172.33963801538562,0.7842473983764648,1,0.05389584872489308,0.11385676926131208,6,check
306,477.9934539794922,387.3315124511719,287.3749842012671,240.512737757019,0.7289889454841614,1,0.09071392180703655,0.14650140748582371,6,control
307,478.7326965332031,229.9178466796875,301.32842423482117,163.48148370502057,0.8058865666389465,1,0.12434788450419142,0.1269024724173079,6,check
308,485.79380798339844,222.66415405273438,305.3458256806291,160.540329645133,0.4403368830680847,1,0.035952906508811736,0.1251619544835023,6,control
309,488.5689239501953,401.2314758300781,291.3711471628814,248.2848827471146,0.7064312696456909,1,0.05527109591107579,0.07112734343093927,6,control
310,490.444091796875,410.63372802734375,291.4591893333562,253.14174860208843,0.9392020106315613,1,0.10468566358070293,0.08491353374751816,6,control
311,505.04949951171875,309.73973083496094,307.2255470693335,204.75914235628233,0.5387765765190125,1,0.2405453436608028,0.15686290829713362,6,control
312,506.81748962402344,226.9314727783203,314.8376922607422,164.1754608154297,0.755661129951477,1,1.0604328557233385,,6,control
313,508.27137756347656,271.0299530029297,312.1533712619324,186.25005944878168,0.7627730965614319,1,0.18286274703952707,0.16026935460079053,6,control
314,513.4001770019531,416.4201965332031,302.1594305934196,257.8524696750081,0.7668332457542419,1,0.19736977556949192,0.10702280965841915,6,check
315,514.3554534912109,339.31504821777344,309.3909454345703,219.97637939453125,0.7559728026390076,1,0.3942372116671868,,6,control
316,534.4657592773438,373.2726745605469,316.1915828597134,238.50424916436486,0.6649417877197266,1,0.1808563435679001,0.12727478969246225,6,control
317,535.8305206298828,396.402587890625,314.9354403142321,249.95148099079572,0.8022773265838623,1,0.17217102327393824,0.1141117713462428,6,control
318,536.2548065185547,334.2664489746094,320.52485719989255,219.54354606946944,0.7884348034858704,1,0.1526648398514804,0.15211863447986806,6,check
319,536.40087890625,262.5799255371094,326.51234436035156,184.5988006591797,0.7233058214187622,1,0.37327396206030516,,6,control
320,543.2598876953125,292.28936767578125,327.46421629906115,199.7031294667233,0.5721657276153564,1,0.10793133464883556,0.14511651489251176,6,control
321,547.2203979492188,353.5986328125,324.16534948173285,230.07562277706478,0.7445730566978455,1,0.09566076721829629,0.11678690198132116,6,control
322,547.4580230712891,419.60015869140625,318.69068162055595,262.4975473969685,0.7188778519630432,1,0.16002092492103656,0.09660855306341096,6,control
323,549.7296905517578,347.43231201171875,325.97473230758607,227.26835807689878,0.782716691493988,1,0.11265849144224918,0.11843874048056917,6,control
324,551.3233337402344,215.89352416992188,337.97713878781553,163.05659453938765,0.40206941962242126,1,0.0888469378942441,0.10792650488617177,6,control
325,566.9594421386719,340.49745178222656,335.0773108684505,225.38359006206647,0.46860626339912415,1,0.27646139461672403,0.09286224906190076,6,control
326,572.5740966796875,261.1938018798828,344.5266968291109,186.99891351610492,0.7530340552330017,1,0.1572000078835389,0.10448041519910128,6,control
327,575.4982604980469,271.51417541503906,345.0368649052346,192.33409320909132,0.7422968149185181,1,0.07418883556879666,0.08954801834037296,6,control
328,576.6353149414062,378.5513610839844,336.3917633416906,244.79068965195324,0.8407310247421265,1,0.09352400154382795,0.1196674634364015,6,check
329,578.6103515625,286.44273376464844,345.29684395900307,199.90125143939366,0.6051054000854492,1,0.10002427999992881,0.13313673716597843,6,control
330,585.5667724609375,225.35906982421875,353.811846833535,170.62734961024094,0.8596442341804504,1,0.09727966464550117,0.09670344334362099,6,check
331,590.2055053710938,391.50177001953125,341.93994590676414,252.3260467557173,0.6367682814598083,1,0.04533945341150691,0.14096486806104658,6,control
332,597.1456298828125,381.0909729003906,346.23507380428197,247.80720219091026,0.7727750539779663,1,0.07442453856694962,0.15504193999175175,6,control
333,603.7935180664062,312.6623077392578,355.38006547945946,214.97889037324393,0.8054222464561462,1,0.203936814757308,0.10756824687263408,6,control
334,604.0227966308594,364.3597717285156,351.0228366284267,240.2759463702768,0.782132089138031,1,0.07046024849505259,0.14589584655681473,6,check
335,608.9702453613281,254.44415283203125,362.82462433283604,186.9935327484512,0.7014856934547424,1,0.18205830044896318,0.12567229339641756,6,control
336,610.7503967285156,420.23321533203125,349.5499354799094,268.2084415141915,0.8111335039138794,1,0.030855199676042104,0.0993413785450914,6,control
337,612.6484680175781,287.87841796875,361.6514549949234,203.53121697761335,0.7165785431861877,1,0.164085800554507,0.14996952657510831,6,control
338,619.5526123046875,292.203125,364.6951652721861,206.2540528219514,0.8046713471412659,1,0.0948701861082479,0.17956755828630916,6,check
339,629.2096862792969,229.98638916015625,374.73039445994357,176.77385313823314,0.8351816534996033,1,0.10261717456685737,0.10277156912014287,6,control
340,634.4095153808594,336.8067932128906,368.1944169288056,229.422017463105,0.7568942904472351,1,0.08037092546750209,0.09779991702057551,6,control
341,636.1372985839844,225.47752380371094,378.44528621911843,175.1954015759074,0.8669198751449585,1,0.038962708410250575,0.1836757629969398,6,control
342,641.1293029785156,305.7923889160156,374.11575355158635,214.91081088627806,0.5693039298057556,1,0.20825247530142518,0.11077565518603212,6,control
343,643.2231750488281,380.47198486328125,368.7527304218235,251.52924200416376,0.4465406537055969,1,0.0023064670151007388,0.11261078521415563,6,control
344,644.8955841064453,231.4132080078125,382.1484944681695,178.77422257607603,0.6919165849685669,1,0.16919360773231037,0.11469498981903188,7,check
345,647.3700561523438,375.77642822265625,371.18234592049635,249.56158071628994,0.6772871613502502,1,0.06155131465548231,0.09584234141025935,7,control
346,647.4346160888672,407.4532165527344,368.4571338916574,265.04068242201913,0.7308580875396729,1,0.17589849119763742,0.10429429154842773,7,control
347,648.2191772460938,223.87979125976562,384.4566994135634,175.5090262048549,0.7168225049972534,1,0.09016812231515028,0.09211782791351782,7,control
348,651.8567962646484,274.9679870605469,381.88019354831323,200.70044696035146,0.6620255708694458,1,0.0182167697166161,0.10201490929612726,7,control
349,668.7865142822266,226.87539672851562,394.17852845713566,178.75425770046004,0.6696794033050537,1,0.03929548974883881,0.09229760083656585,7,control
350,672.7215576171875,221.3384246826172,396.57494781195487,176.37468468163325,0.8305606245994568,1,0.07579797816743426,0.074779555415806,7,control
351,677.8045043945312,427.3056335449219,381.6266665048933,277.399155272292,0.8901604413986206,1,0.09213720983906863,0.12552399906940412,7,control
352,679.9862213134766,297.6849365234375,393.66969579600976,214.26514820183255,0.870959460735321,1,0.07739661604378023,0.14856554309525308,7,control
353,682.154052734375,280.52647399902344,396.12724799812287,206.1157770230943,0.8371875286102295,1,0.09588255024658057,0.1174480525391151,7,control
354,683.1152038574219,397.29046630859375,386.71728369814116,263.2320002869943,0.7982956171035767,1,0.07960357087949205,0.08369181136249706,7,control
355,705.8155517578125,363.11383056640625,400.6471903570873,248.46031041390967,0.8491256833076477,1,0.03807307209547304,0.0957203674505585,7,control
356,707.6462097167969,286.1039276123047,407.9977983778982,210.99537160483538,0.8416553735733032,1,0.07570115754353887,0.11196768323151382,7,control
357,723.7256317138672,300.2291717529297,414.63478300707493,219.26780303805396,0.8113909363746643,1,0.06855576497890073,0.10080406064978258,7,control
358,724.9429168701172,417.4505920410156,405.3593246469788,276.6403475631524,0.8437210321426392,1,0.060182141470654475,0.11320588469966969,7,control
359,730.8455047607422,406.19024658203125,409.19327769082884,271.6791665137091,0.8381510376930237,1,0.031089749963460495,0.08761174623958551,7,check
360,730.8946533203125,327.66627502441406,415.8145180969647,233.31433700452865,0.7616667151451111,1,0.013658095075531552,0.08623736725977302,7,check
361,735.6258850097656,417.88385009765625,410.54161027377074,277.79477491945676,0.715297520160675,1,0.0336544466706334,0.09074177642869244,7,control
362,740.2867126464844,274.88311767578125,424.7331490892662,208.39042864273105,0.47022563219070435,1,0.10745345161808405,0.09383698824174633,7,control
363,740.4828186035156,265.8002471923828,425.64392415837307,203.9628732125363,0.8176974058151245,1,0.0379098012187937,0.10188720288165726,7,control
364,743.9627990722656,306.688720703125,423.8639835403543,224.20685763740832,0.8571129441261292,1,0.07686523510027939,0.10388482939244065,7,control
365,746.1389923095703,245.1691436767578,430.09207423837506,194.40034625231146,0.6141371726989746,1,0.06537279431475253,0.11433337900151024,7,check
366,748.2601623535156,398.3634948730469,418.2458930643329,269.2922235970972,0.6036667227745056,1,0.13051346475507278,0.0849040153835533,7,control
367,756.4980621337891,247.6473388671875,434.8663450093228,196.53314311698992,0.7747576236724854,1,0.08366002276558734,0.08132900651314891,7,check
368,758.3852081298828,221.95059204101562,437.94750346187476,184.15207293198986,0.7657056450843811,1,0.11446558501272039,0.13308453285951424,7,control
369,763.4104309082031,305.1707000732422,433.4341079633107,225.1358041795432,0.8506775498390198,1,0.04692001819022851,0.11633492150073735,7,check
370,763.8048400878906,285.17652893066406,435.3364285666788,215.48653952162317,0.6475790143013,1,0.09805534082206721,0.09055958772761612,7,control
371,768.077880859375,325.63275146484375,434.0061923184818,235.56512230631546,0.6985914707183838,1,0.06647890117867933,0.10116373701277578,7,control
372,772.1537628173828,426.2274169921875,427.38033506621025,284.8903125851386,0.3943471908569336,1,0.39806615300964093,0.13112727523134643,7,control
373,780.2756958007812,404.4103698730469,433.29504961051555,275.0406402509942,0.8780927658081055,1,0.021937657914686395,0.10444396722999655,7,check
374,781.8616333007812,224.8212127685547,449.0799887317472,187.59888231117912,0.8397810459136963,1,0.12255306131653014,0.13360176284202133,7,control
375,798.2544555664062,398.4034729003906,442.4507834574291,273.5723686443624,0.596780002117157,1,0.18426256926966497,0.09799218423679922,7,check
376,799.455810546875,322.44744873046875,449.30285240865777,236.645159068317,0.7149996161460876,1,0.275823916499054,0.16598625522940322,7,control
377,802.5897216796875,256.2949981689453,456.4675408572034,204.74623410015474,0.8044748902320862,1,0.060287610089931366,0.16210815104766987,7,control
378,803.4674682617188,361.5837097167969,448.10846060804494,256.10239767882166,0.7800027132034302,1,0.040247574621185674,0.1406964715339616,7,control
379,808.1878967285156,316.4409637451172,391.5940008600694,332.63134490262445,0.36708444356918335,0,235.18175264940825,0.5579742083604995,7,control
380,810.8528442382812,367.6690673828125,451.1676788330078,259.73118591308594,0.8914459347724915,1,0.013169935370582937,0.1507649850409514,7,control
381,817.4934387207031,290.9368896484375,460.69917981375636,222.86880657700118,0.7380856871604919,1,0.15551475183177332,0.1290834139304117,7,control
382,821.237060546875,350.3442077636719,457.6422390912353,252.1480765112025,0.7369592189788818,1,0.05716828958375406,0.12225242651611798,7,control
383,825.8657531738281,241.88726806640625,468.8443267388984,199.79799382449568,0.7051435112953186,1,0.05165277923449021,0.10084858723971515,7,control
384,826.6006469726562,329.8721008300781,461.9792240255101,242.65494161250615,0.8335351347923279,1,0.12488136838338094,0.12751379557330716,7,control
385,827.6527404785156,396.9491882324219,456.81491177453904,275.38938250186635,0.7690318822860718,1,0.13661534408732803,0.10599422760348559,7,control
386,827.9400329589844,410.8414611816406,455.83195696575757,282.2214350416988,0.8586311340332031,1,0.06698671263248479,0.08669910373314037,7,control
387,830.800048828125,216.21536254882812,473.3488812993866,187.7223327652241,0.6793214082717896,1,0.08279708276412205,0.10668366870760088,7,control
388,831.8849182128906,291.8864288330078,467.5945192392803,224.58755768739894,0.856989324092865,1,0.09449251415913056,0.13601282378797835,7,control
389,836.0995483398438,231.75059509277344,474.6243421534796,195.77448838247489,0.842613935470581,1,0.04130085584890957,0.10602438696545068,7,control
390,838.1636352539062,346.185546875,466.04173463883836,251.49417229760272,0.5284995436668396,1,0.29854895883141574,0.11450780551389246,7,check
391,841.1507263183594,397.2021789550781,463.2432098388672,276.6020965576172,0.6009117364883423,1,0.3271854942855323,,7,control
392,844.5189208984375,294.904052734375,473.55458068847656,227.21011352539062,0.6652289032936096,1,0.19364271114018758,,7,control
393,12.665029525756836,551.6058654785156,41.3284797668457,281.1428985595703,0.5416133403778076,1,0.4967845979765076,,8,control
394,12.939815521240234,472.3595733642578,48.72979736328125,241.79049682617188,0.3184896409511566,1,0.3068544789797879,,8,control
395,15.588727951049805,486.73582458496094,48.97889709472656,249.2588653564453,0.5620043873786926,1,0.1621300948413704,,8,check
396,24.521682739257812,529.9177398681641,49.525002649150665,271.5275730435091,0.8297049403190613,1,0.10955364196992608,0.08498695482149425,8,control
397,33.564552307128906,437.8396911621094,62.37330571830945,226.52970440182037,0.7319300174713135,1,0.045452548733992286,0.12740779844586797,8,control
398,35.32120132446289,627.5018310546875,46.00987628247522,321.0791329987231,0.8556219339370728,1,0.08532842419646171,0.09304191649495974,8,control
399,40.01108169555664,546.5450439453125,55.746594892113805,281.16510051033987,0.6812312006950378,1,0.033248694359254434,0.07596710537680708,8,control
400,43.0274658203125,568.4798278808594,55.10360576238352,292.18813400163475,0.26325270533561707,1,0.449141943995657,0.16480824867679522,8,control
401,46.76939392089844,494.83692932128906,63.833311282981605,256.0349855478037,0.6968020796775818,1,0.059112359467398026,0.11513775165243796,8,control
402,51.0668830871582,467.91558837890625,68.39007146922972,243.0763432371739,0.7230933904647827,1,0.14994962061221292,0.12562536891551115,8,control
403,52.63743209838867,549.0905609130859,61.976300987663045,283.6127916002705,0.3691434860229492,1,0.2986523685401841,0.1476143014839685,8,check
404,58.490787506103516,632.4450378417969,57.25228297244485,325.5492223855912,0.6584751009941101,1,0.05426023321424301,0.12472421298325967,8,control
405,61.730018615722656,546.3316650390625,66.73428633589678,282.92338465686953,0.8322296738624573,1,0.12005791598653208,0.11169275283661334,8,control
406,71.25498962402344,472.3641815185547,78.07878585885275,246.96143755892,0.8740816116333008,1,0.11441990133257927,0.11570583097506086,8,control
407,73.29143524169922,435.3224639892578,82.54913154612852,228.84099452983605,0.822715163230896,1,0.1711915025691775,0.084957190565851,8,control
408,73.43995666503906,578.8634643554688,69.63884702533296,300.20714476059925,0.7918413281440735,1,0.12018138554046681,0.12162511982831298,8,control
409,75.77312469482422,615.4896240234375,67.45648527086124,318.635924417231,0.8089059591293335,1,0.05770305939614947,0.09474404440489845,8,control
410,75.78337097167969,487.8585968017578,78.96379323074555,255.0391665061264,0.8735335469245911,1,0.11526801336895892,0.10232743884589111,8,check
411,81.32450866699219,594.6192016601562,72.15757017396557,308.70594356818606,0.5408714413642883,1,0.04711740495607252,0.11107141685511533,8,control
412,91.49299621582031,567.1716613769531,79.67742156033981,295.88330013247264,0.6936632990837097,1,0.09587887889770179,0.08117221917730937,8,control
413,95.61261749267578,502.15281677246094,87.69965477023544,263.96555679981765,0.7863650321960449,1,0.13518596363630137,0.09069455555194349,8,control
414,96.04956817626953,528.24462890625,85.49474792167314,276.90516514751675,0.8110718131065369,1,0.062488302016567666,0.08661686743191578,8,check
415,98.04688262939453,455.4341278076172,93.08884951261815,240.9650376383614,0.8110544681549072,1,0.06668484129828602,0.10236805078130108,8,control
416,99.68881225585938,555.9667816162109,84.80115874878781,290.91653404775343,0.8029167056083679,1,0.24461386444303657,0.11407553021320173,8,check
417,106.75807189941406,440.1142578125,98.7646335647267,234.0377340957634,0.8373280763626099,1,0.15313323767571427,0.08688057908288113,8,control
418,108.8919677734375,641.7691345214844,81.62693041455279,334.4847123315431,0.35159772634506226,1,0.24547108058822928,0.11618435636255538,8,control
419,108.95296478271484,471.3827362060547,97.12032988140334,249.79546792407385,0.8169451355934143,1,0.06541231041599677,0.09344888415355321,8,control
420,110.46419525146484,452.13706970214844,99.56644484485271,240.35725629488385,0.6653109788894653,1,0.07569674939950016,0.08460565640994813,8,control
421,113.87272644042969,638.1519470214844,84.51915928944074,333.1790530695299,0.8037644624710083,1,0.05669817448694204,0.09513606248852796,8,control
422,120.7452621459961,546.7416076660156,96.19443606475342,288.29156877187336,0.80668705701828,1,0.061227376955467684,0.13626747361681665,8,check
423,127.21090698242188,620.5899353027344,92.81073772977155,325.62614900221746,0.7501119375228882,1,0.07906006247680065,0.15857521660182017,8,control
424,129.68955993652344,520.8533172607422,103.03198187823278,276.2133430436165,0.8367477059364319,1,0.05933159237215446,0.1312383323380928,8,control
425,129.74029541015625,643.6791381835938,91.99987580724103,337.2585376792559,0.6902252435684204,1,0.10139007273884429,0.11266126094927262,8,check
426,131.20306396484375,551.4398345947266,100.94503452292331,291.50444435727695,0.7667984366416931,1,0.17236269365609355,0.122372209731727,8,control
427,135.57591247558594,498.39564514160156,107.95465451383454,265.51613520290005,0.8368080258369446,1,0.07713938873881585,0.22607435606889484,8,control
428,139.4021759033203,546.3548736572266,105.5516219195867,289.64718918655814,0.7340819835662842,1,0.13157517538404476,0.12002455373730193,8,check
429,142.61865234375,447.19874572753906,116.10522044566477,240.76396591436324,0.8681316375732422,1,0.052080010604602975,0.08471885240197424,8,control
430,144.05398559570312,537.52294921875,108.73301117996404,285.6721401477381,0.755121648311615,1,0.10093023340805017,0.10507601136005545,8,control
431,152.95750427246094,519.9220733642578,114.7190682423527,277.7473466717618,0.7284194231033325,1,0.031184347740078507,0.09029595372873157,8,control
432,155.9847869873047,564.946533203125,112.2304398982654,300.4141930766589,0.6378304362297058,1,0.0750107800075087,0.09782463034099503,8,control
433,160.4134063720703,559.4002075195312,114.9304796265612,298.03046416829034,0.8817072510719299,1,0.04863533782624813,0.12490188089258601,8,control
434,168.08973693847656,503.9978942871094,123.64972275309093,271.1362763837705,0.7581891417503357,1,0.14023749015583095,0.09332492877310247,8,control
435,169.49972534179688,514.1767578125,123.51443710900826,276.2578183390382,0.8120050430297852,1,0.1571685355365759,0.1269035984263808,8,control
436,178.79092407226562,614.1874389648438,119.20246981300743,326.81872475441907,0.7183865904808044,1,0.03329844047478783,0.0841778383465621,8,control
437,180.00552368164062,465.591796875,133.21790828376564,253.4781356588886,0.8526085019111633,1,0.6796326934270718,0.22710527229195535,8,control
438,192.82406616210938,450.3501739501953,141.14077597630325,247.19677944945707,0.8609306812286377,1,1.1041537654066862,0.24949795025086943,8,control
439,195.8778839111328,486.677001953125,139.09905799989798,264.96506815312557,0.9269565343856812,1,0.0736820077553874,0.1152869006164028,8,control
440,208.9288787841797,460.52793884277344,147.99508666992188,253.14849853515625,0.6826024055480957,1,0.12241514133869816,,8,control
441,214.010498046875,515.2153625488281,145.5498324104843,280.73250642879026,0.8400042057037354,1,0.1239431267171534,0.12270000421973669,8,check
442,214.93312072753906,558.9451599121094,142.1659333169012,302.49362791669154,0.8138225674629211,1,0.025103784713609266,0.11548821082581057,9,check
443,224.1442108154297,533.4156799316406,149.06182059496922,290.58346521881094,0.6808203458786011,1,0.09257787815517714,0.12196885865917836,9,control
444,229.70068359375,508.9471130371094,153.94691389199832,278.9041741334781,0.5559929013252258,1,0.15883827881794854,0.07903222846641123,9,control
445,235.45156860351562,598.4548034667969,148.9358103218388,323.919654410779,0.813813328742981,1,0.12012536303171212,0.13386990706752844,9,check
446,236.20172119140625,430.44984436035156,164.2360267133361,240.6955505314972,0.3736588656902313,1,0.12098600629522968,0.1024703546555365,9,control
447,238.95838928222656,456.65443420410156,163.29712546009782,253.9494077047988,0.4630630910396576,1,0.18675387277172947,0.1417586733179682,9,control
448,241.70675659179688,592.6875915527344,152.55226826121933,321.60777172642713,0.4916563034057617,1,0.12491968095255496,0.11112447482398224,9,control
449,245.94479370117188,518.5277099609375,161.29430051681078,285.1230070470633,0.7113877534866333,1,0.16153240445913725,0.12211464583439313,9,control
450,246.6109619140625,433.736572265625,169.13133129007446,243.26454046922413,0.7865609526634216,1,0.1699196593301122,0.13650908955959046,9,check
451,251.61151123046875,567.2342529296875,159.7140130385904,309.7912123908111,0.7435703873634338,1,0.03698802341784653,0.1201425902937558,9,control
452,269.41880798339844,612.6732788085938,164.52472642711632,333.8621965165936,0.592677891254425,1,0.0375019055985596,0.09863237220471195,9,control
453,273.2319641113281,434.38771057128906,182.2042285072229,245.8682597708444,0.5684105157852173,1,0.019951043192187084,0.11650130215858077,9,control
454,275.3642578125,622.4089965820312,166.62742437325352,339.2060101302039,0.8200787305831909,1,0.024789253957608823,0.1044807474948793,9,control
455,277.4162902832031,578.1921997070312,171.57639787339278,317.4163311337568,0.8155791759490967,1,0.024897900581572794,0.09361051761383571,9,control
456,281.62632751464844,495.6914520263672,180.89277551133162,276.91776334967784,0.7026975750923157,1,0.1421969508044491,0.1196367956092715,9,control
457,284.34547424316406,630.9421081542969,170.34561024036432,344.1871319149421,0.9068810343742371,1,0.037005208704080944,0.10214042794783117,9,control
458,298.850341796875,514.1401062011719,187.89468354212627,287.54890869450287,0.7134901285171509,1,0.026503973514715763,0.10838136171074653,9,control
459,301.48780822753906,618.6859436035156,179.96765748384863,339.57135930215196,0.8551706075668335,1,0.027222755622182248,0.09131779916830189,9,control
460,306.35850524902344,587.3038330078125,185.13626802467041,324.38147249315233,0.728687584400177,1,0.10545013426713505,0.12979915872160325,9,check
461,312.440673828125,498.0056457519531,196.04831227715295,280.698084366436,0.8113120794296265,1,0.0734768511165192,0.09772376563219101,9,control
462,312.69557189941406,433.2423858642578,201.88969987804467,248.70531025069744,0.8262751698493958,1,0.11237470041036876,0.1350703531739326,9,control
463,313.1610565185547,454.54913330078125,200.2781350220254,259.34213551851707,0.8734516501426697,1,0.11349472114815362,0.16649616691742677,9,control
464,321.1877899169922,636.3730773925781,188.140718694779,350.03477740828487,0.658420979976654,1,0.09201466760308258,0.10827322902032455,9,control
465,334.09239196777344,522.0726776123047,204.7079754062512,294.58416737312217,0.6240245699882507,1,0.17775468324029528,0.11352088561800008,9,control
466,339.2154235839844,613.6193542480469,199.1474071502755,340.35190871004806,0.6986594796180725,1,0.12330061065912024,0.10090280054665927,9,control
467,342.2490234375,467.5476837158203,213.51829056373333,268.3804526340926,0.7440685033798218,1,0.23581448097740837,0.12240895382355578,9,check
468,343.4714050292969,569.3795471191406,205.12357090145287,318.7105663110106,0.7843024134635925,1,0.061261676973544704,0.08314820044248329,9,check
469,349.9110412597656,436.2581787109375,219.8948922449432,253.4087613343592,0.7604979872703552,1,0.28785704656813726,0.10177641586037924,9,control
470,352.0800476074219,545.4494171142578,211.4766407478643,307.63064799016865,0.7663228511810303,1,0.07535421354219086,0.09200698146262533,9,control
471,353.13629150390625,620.27734375,205.4755820003708,344.7750236976483,0.855269193649292,1,0.02926963332561233,0.12772401599386277,9,control
472,355.90826416015625,497.4640808105469,217.60678668176857,284.18934049676204,0.7228822112083435,1,0.08071067295973225,0.11714283915972105,9,check
473,358.5076599121094,492.646240234375,219.29730149079498,281.9987085987857,0.6945444345474243,1,0.1583338167065923,0.09968270140492844,9,control
474,358.5110168457031,610.5607299804688,208.94899094789832,340.40126757517794,0.6376755237579346,1,0.07187905544960625,0.11235068064462704,9,control
475,362.818115234375,449.0706787109375,225.09584045410156,260.7454528808594,0.7408626079559326,1,0.5141373511807662,,9,control
476,362.8785095214844,589.4048767089844,213.0141114413506,330.3099024489801,0.7956517338752747,1,0.022229540513334315,0.0731507878732346,9,control
477,366.4457702636719,576.2345886230469,215.8866448958223,324.0464645012164,0.7963678240776062,1,0.12193800688480703,0.09082909067325286,9,control
478,378.353271484375,443.630859375,233.4600056713836,259.55530632466173,0.6367881894111633,1,0.12114389632187485,0.10408554453133113,9,check
479,385.6560974121094,561.1001892089844,226.76225444379833,318.2422757148515,0.8752127289772034,1,0.014805463706850501,0.13677643564108147,9,control
480,386.309326171875,490.95713806152344,233.20476692967327,283.63101431672027,0.6941170692443848,1,0.029649414088487654,0.11101781416475674,9,check
481,391.3016052246094,472.1847381591797,237.28338990004445,274.75938267751656,0.6415584087371826,1,0.12132168750419708,0.1400009737994916,9,control
482,399.6408386230469,640.9980773925781,226.7064095876625,358.98445934961103,0.784583330154419,1,0.06130500783537712,0.08220149597334454,9,control
483,403.7478942871094,490.38165283203125,241.91464320646824,284.87881204806575,0.5730913877487183,1,0.0837624180059722,0.08848242159362377,9,control
484,408.47686767578125,528.6404266357422,240.8476909904432,304.1325541453433,0.817611038684845,1,0.0756069770607619,0.10404072440190795,9,control
485,413.29852294921875,541.2324066162109,242.1615024704719,310.80395817335136,0.6904369592666626,1,0.02078457110906521,0.13412413361290465,9,control
486,415.9759826660156,628.6697692871094,235.88019487704128,354.3393080058781,0.60320645570755,1,0.1411316549751135,0.13131480706155285,9,control
487,417.551513671875,533.3662109375,244.96940226430456,307.3414134100653,0.8587260246276855,1,0.14549175749513846,0.12430027363784112,9,control
488,418.8182678222656,461.5566101074219,251.84725385093307,271.96776525336765,0.8263764977455139,1,0.06755750519561066,0.09928576197533835,9,control
489,419.6174011230469,598.2560119628906,240.32885998461975,339.5206256954068,0.8172188401222229,1,0.06336923356824585,0.12565171279695847,9,control
490,420.3039245605469,588.0983276367188,241.51793589039102,334.5800190416319,0.7923291325569153,1,0.03269850794134713,0.11834618587093568,9,control
491,431.11810302734375,453.28636169433594,258.64502363019693,268.9329651121709,0.8391807675361633,1,0.0916231659481303,0.0969077663036049,10,control
492,448.1243133544922,464.6360168457031,265.9660322459979,275.9674497329924,0.841299295425415,1,0.0799425269483082,0.1384633682092241,10,control
493,452.18218994140625,620.0490112304688,254.4658761849749,353.03573228040625,0.792325496673584,1,0.09998253247924559,0.12542427945790696,10,control
494,460.2722930908203,623.8312377929688,258.13216228856476,355.6313963643882,0.67787766456604,1,0.030972560435751337,0.09064203154387171,10,control
495,462.4126739501953,596.1624450683594,261.5689622281889,342.0207168479789,0.597433865070343,1,0.24616017990102895,0.12084126570109383,10,check
496,463.55322265625,489.3554992675781,271.46786289375325,289.5016672157513,0.8865171670913696,1,0.060013989766411494,0.12148216386547614,10,check
497,464.2159423828125,603.0557250976562,261.919596133071,345.6749739988309,0.7699813842773438,1,0.06595400832001314,0.10788914263425725,10,control
498,465.0270690917969,513.2118835449219,270.10634945437846,301.4028769667742,0.7892221212387085,1,0.018126168090634793,0.08817652754000206,10,control
499,469.24623107910156,482.5199279785156,274.8301349771841,286.61152397811236,0.8897751569747925,1,0.046112700745297094,0.11670377537515766,10,control
500,473.7872619628906,474.30796813964844,277.8618702013432,282.97271563880844,0.8556748628616333,1,0.16841760147585164,0.10860563883239753,10,control
501,482.4450988769531,447.5653533935547,284.26926482382066,270.47660375048,0.8395224213600159,1,0.22875615559249204,0.16107156679222942,10,control
502,489.2447052001953,468.6792449951172,285.92686075431544,281.6103335077486,0.7879275679588318,1,0.1886449863168813,0.09335128404655217,10,check
503,490.0760192871094,637.7097778320312,272.46299743652344,365.2008361816406,0.5825216770172119,1,1.6890441016959974,,10,check
504,490.2446594238281,580.1109008789062,276.7774743752173,336.6105712764105,0.5739679932594299,1,0.14661348554588516,0.1329385579104284,10,control
505,492.18247985839844,615.3891906738281,274.57193191490717,354.10924340257895,0.7531266212463379,1,0.14190440724651845,0.09481611501052677,10,control
506,498.6018981933594,485.20680236816406,289.0299257609275,290.4445786835506,0.7285659313201904,1,0.08019494987999772,0.1389294469736145,10,control
507,506.633544921875,613.3207702636719,281.99194558771916,354.4044174190875,0.7675645351409912,1,0.18445332302499848,0.10822870727094355,10,control
508,507.28367614746094,447.8235168457031,296.4867016128742,272.82185557595494,0.5558178424835205,1,0.07475722426191378,0.10172755732702417,10,control
509,515.1643524169922,552.860595703125,291.3896649361045,325.3412036518581,0.6352139115333557,1,0.2239232992966899,0.13142873178945164,10,control
510,516.0335388183594,541.8439788818359,292.77025290593394,319.9191469187453,0.8293803930282593,1,0.13745280944691504,0.12291559382427736,10,control
511,526.0395202636719,484.4798278808594,302.5535796389162,292.4891864453548,0.5366496443748474,1,0.032129652972619376,0.09004815818091992,10,control
512,526.7984771728516,627.0044555664062,290.6404150823636,362.8190266913107,0.5849700570106506,1,0.03681769019887111,0.06728387013780023,10,control
513,532.7496337890625,509.91026306152344,302.7294921875,305.37078857421875,0.4078606069087982,1,1.9383130013152547,,10,control
514,533.6178588867188,589.6512451171875,297.200881578072,344.94706992055495,0.5869153738021851,1,0.06300344873332724,0.08419182627542035,10,control
515,534.7518310546875,461.7248840332031,308.85816710052103,282.06047358105786,0.7954914569854736,1,0.12443599266211415,0.14339317771462426,10,control
516,543.4092712402344,490.64012145996094,310.54524806574267,297.0104715863434,0.8274739384651184,1,0.029142580401077207,0.14736088406707382,10,control
517,544.4067687988281,642.6611022949219,297.9603056025797,372.10768776492307,0.8371102213859558,1,0.09991500267813085,0.0972929562042394,10,control
518,549.7370452880859,597.2192687988281,304.49024383682536,350.00491269821106,0.8199997544288635,1,0.1251091379341908,0.10671413789580678,10,control
519,552.3358612060547,459.1668701171875,317.650031785004,282.24149290737,0.6557159423828125,1,0.10915902075426105,0.06903998943530491,10,control
520,553.6419677734375,591.8534851074219,306.81631757868,347.70257376463195,0.41039639711380005,1,0.14753550100705232,0.08968480386687341,10,control
521,563.2472534179688,438.6037902832031,324.77930367164555,273.1590714174299,0.8605594635009766,1,0.09217879502243313,0.12896281895961048,10,control
522,572.7720031738281,583.6235656738281,316.9632622426648,345.27671367639357,0.7430744171142578,1,0.07044316694763167,0.15388266023671948,10,control
523,573.7546691894531,503.03533935546875,324.2931461080085,305.6329850387041,0.4791242480278015,1,0.20643292263746824,0.14129530861226933,10,control
524,581.3269653320312,545.2819213867188,324.43746988085746,327.1007420079095,0.839012086391449,1,0.09354798317108344,0.1047431532292145,10,check
525,581.6596374511719,614.0602111816406,318.6939368911069,360.995755424945,0.8309416770935059,1,0.1633077320547072,0.1128513477295761,10,control
526,583.8418579101562,434.92002868652344,335.1259099071778,273.04851074453,0.8851942420005798,1,0.09723208464854051,0.0919624449789797,10,check
527,588.7476196289062,518.3673248291016,330.4350727450346,314.46668500851985,0.6158896684646606,1,0.1471909765114804,0.12169403241190158,10,control
528,589.6132507324219,545.1597290039062,328.529190473415,327.73683360214216,0.8196529746055603,1,0.10473235885773029,0.1195541285644244,10,check
529,591.9458923339844,524.8287200927734,331.5618235816724,317.9806953259023,0.4936128556728363,1,0.31040315348914194,0.15353083442163712,10,control
530,592.1106262207031,586.23876953125,326.19635200486374,348.21178438598145,0.6095854640007019,1,0.07917920827927442,0.10624008302577453,10,control
531,599.3352661132812,628.8638305664062,326.07939552546827,369.83644636967904,0.7522017359733582,1,0.09035172129800213,0.09380167631862504,10,control
532,600.7649536132812,429.25355529785156,343.91954536636297,271.746016418421,0.7689769864082336,1,0.08266284980425058,0.11085713069006418,10,control
533,606.7536926269531,437.76512145996094,346.1605349978139,276.5115193741522,0.7784510850906372,1,0.17216025424948583,0.12511852104186394,10,control
534,610.0107727050781,526.3805236816406,340.16220128368894,320.2483361459105,0.6780825257301331,1,0.11658806183483514,0.11529356809307759,10,check
535,614.8302307128906,562.4024658203125,339.3890045140529,338.3536293118294,0.8710864782333374,1,0.13155447471347462,0.09586544780119015,10,control
536,621.6851806640625,554.4572906494141,343.4200777635605,335.0290757618468,0.8968902826309204,1,0.12124406443310125,0.11467083372483121,10,check
537,623.7990112304688,513.1584625244141,347.95868777896885,314.9035008589684,0.7397006154060364,1,0.1171521884431987,0.08048667828689934,10,control
538,630.7528076171875,584.4446716308594,345.35468580902864,350.62500783783435,0.8072927594184875,1,0.10848842248967523,0.1093493779863439,10,control
539,632.1707763671875,473.5314483642578,355.48880257055737,296.21991820220546,0.8720839023590088,1,0.08063356399822805,0.10864694223927705,10,control
540,642.6999816894531,441.543701171875,363.34815545150536,281.43655673218757,0.7692534923553467,1,0.0923347480654854,0.09094864142693312,10,check
541,650.3305816650391,494.57171630859375,362.45560047957935,308.00700188811305,0.7592139840126038,1,0.21186870091040766,0.11577036905076163,11,control
542,650.3834838867188,601.07275390625,353.49384474349307,360.4769861374779,0.795281171798706,1,0.03265298898512178,0.1128822042522661,11,control
543,654.8035888671875,552.7379913330078,359.73857857842233,337.0441640341886,0.7531895041465759,1,0.04676690372778837,0.12081382415623071,11,control
544,660.3797912597656,619.3984680175781,356.7359558450648,370.2906001142522,0.5293364524841309,1,0.16693204966879666,0.17824358200229476,11,control
545,662.8410491943359,497.188232421875,368.45764237805827,310.3578495244063,0.7771064043045044,1,0.18758367024127487,0.13720737418411744,11,control
546,665.2225646972656,614.63134765625,359.5630080526272,368.4293923074778,0.7795557975769043,1,0.0828454877385984,0.0890442633350098,11,check
547,666.4050750732422,440.52178955078125,374.8966770189179,282.94940831344763,0.8737784028053284,1,0.11404598936408723,0.09210225683128545,11,control
548,669.3313446044922,448.5507049560547,375.69608454175767,287.1257517538552,0.6901608109474182,1,0.007681452434059873,0.10962274281566182,11,control
549,670.6936187744141,464.1441650390625,375.0415623166366,294.8719102242827,0.8601370453834534,1,0.04051791343074958,0.0893449816395928,11,check
550,677.1246948242188,498.1360321044922,375.283504833894,312.109285652528,0.7875134348869324,1,0.024209887387538105,0.12450502464899568,11,control
551,680.8035125732422,571.4726867675781,370.83763832639255,348.394482993433,0.8855180144309998,1,0.1434634093370489,0.14839880134768868,11,control
552,684.8792724609375,545.9066925048828,375.0463656546178,336.26154646154606,0.7932823300361633,1,0.0718598004229674,0.10466973391297806,11,control
553,692.8384399414062,445.7144775390625,387.38353296011917,287.7534040608767,0.8121996521949768,1,0.0016950921860460467,0.08116407761149452,11,control
554,702.5145721435547,643.0975341796875,375.42139181110804,385.5956768258955,0.8604596853256226,1,0.15154644826404942,0.10851871939977821,11,control
555,705.7852172851562,614.6060791015625,379.3698786271905,371.7160992935898,0.798175573348999,1,0.14116858022093212,0.08604037399954792,11,control
556,718.7429656982422,441.8461456298828,400.24038482931684,288.00550881832044,0.6906307339668274,1,0.19476231512262085,0.09950550515947937,11,control
557,719.3626098632812,507.54107666015625,394.99537287717277,320.40373581223923,0.6989101767539978,1,0.210983308917864,0.1790908123479587,11,check
558,722.4355163574219,541.5163726806641,393.676055174315,337.225050640895,0.8255192041397095,1,0.07299627932348719,0.14199632967233247,11,control
559,722.5910949707031,554.5512390136719,392.60263360625305,343.64268253967145,0.7937472462654114,1,0.13673502701919477,0.14854258545703958,11,control
560,723.9223937988281,518.6918487548828,396.34106044213314,326.23902324966156,0.8445805311203003,1,0.11394503699935427,0.14241894993288318,11,control
561,729.9392852783203,617.1589660644531,390.9093130502948,374.9889086289813,0.8386598229408264,1,0.16982816681077093,0.12261355919218883,11,control
562,735.79296875,497.1191101074219,404.0484280497368,316.8010179747956,0.7102683782577515,1,0.44926825444870744,0.15090674307055493,11,control
563,739.5508117675781,546.4774780273438,401.6107006300174,341.1027449338366,0.8056887984275818,1,0.0792980571523124,0.14991031284067388,11,control
564,740.6163330078125,469.8379211425781,408.61660665544775,303.5372773107862,0.748201847076416,1,0.24373339094006954,0.11298663593365502,11,control
565,742.1063537597656,554.3809814453125,402.2051376036395,345.2323147934918,0.7411049604415894,1,0.06144016423973391,0.11028662565369254,11,control
566,743.6485137939453,446.19000244140625,412.04691003307204,292.3335892458712,0.8686821460723877,1,0.017312157257704207,0.08358814419574304,11,control
567,753.101806640625,429.99964904785156,417.9001816661387,285.146620431388,0.3765517771244049,1,0.22677102922449413,0.0988078682180103,11,control
568,753.6804962158203,623.2546081542969,402.04853506042366,380.0590842459381,0.8360638618469238,1,0.11240024501056298,0.10376933222715568,11,control
569,756.2556304931641,598.6097412109375,405.22955008367603,368.0358527168348,0.7732870578765869,1,0.3024463400067366,0.16003865166526188,11,check
570,761.0519104003906,516.7871551513672,414.6468030177261,328.5167398042725,0.6713239550590515,1,0.3150333039821489,0.1859484274316463,11,control
571,771.1780700683594,495.5766143798828,421.7178649902344,319.91551208496094,0.7611376643180847,1,2.331106089401944,,11,control
572,772.1338348388672,455.30352783203125,425.0350638334267,299.1527115470267,0.7539839744567871,1,0.18345577845761354,0.07660395886104888,11,check
573,778.4181518554688,582.5235900878906,417.4097820861659,362.0671699805928,0.8112709522247314,1,0.12628208879449135,0.1487443246767236,11,control
574,781.3854675292969,612.8457641601562,416.38791088728897,377.19655893462374,0.8608341813087463,1,0.13217308392860777,0.11146723792774879,11,check
575,787.8133239746094,573.2954406738281,432.32647705078125,170.80410766601562,0.2844392657279968,0,378.7599921929039,,11,control
576,794.8927307128906,532.4583435058594,429.69138591150914,338.9397342823932,0.5387526750564575,1,0.06264315870291218,0.12331842206404549,11,check
577,796.4214477539062,578.4867553710938,426.471310517691,361.58313820495334,0.856631875038147,1,0.1765442819435505,0.11223852726902474,11,control
578,802.7677612304688,488.2127990722656,437.2003294142665,317.9197154328993,0.8462658524513245,1,0.03608586897296804,0.10050829673199689,11,control
579,803.0601501464844,574.61572265625,430.0960486528044,360.342897959798,0.5814229846000671,1,0.09997547471649991,0.10665978459738763,11,control
580,806.0838623046875,549.7478942871094,433.640954479566,348.3742881990958,0.7332167625427246,1,0.04445304857524001,0.09564329315833373,11,check
581,807.4703979492188,456.870849609375,442.0802975302696,302.9799655805702,0.7108298540115356,1,0.03522885245625251,0.08098380554843075,11,control
582,808.2644653320312,502.5702819824219,438.6281778720543,325.4334450410456,0.8192043900489807,1,0.04409206804603747,0.13989569315715894,11,control
583,809.4299621582031,584.6796875,247.34307631699556,338.8460349084811,0.2904035747051239,0,376.34036498741466,0.769269499460089,11,control
584,812.53955078125,470.40879821777344,443.4434554696455,310.0595058478148,0.710709810256958,1,0.07633361007492225,0.14041787131084896,11,control
585,815.1345825195312,499.9385528564453,442.29296325983313,324.9083457883512,0.27294474840164185,1,0.4337948851888201,0.1461334166612069,11,control
586,815.614013671875,537.7645111083984,439.35716250921035,343.37463573428573,0.7017876505851746,1,0.2672946778441115,0.16159205390785192,11,control
587,819.5270690917969,640.1190490722656,432.5570366437982,393.7270178314638,0.682047963142395,1,0.21330213381090818,0.1554172128084143,11,check
588,848.8295288085938,569.3782043457031,452.94908142089844,361.93641662597656,0.3290598392486572,1,0.8938576840684993,,11,control
589,5.882658004760742,815.319091796875,13.904623985290527,412.5393371582031,0.26352372765541077,1,0.33753124406687474,,12,check
590,10.561680793762207,753.5691375732422,22.095327377319336,382.1018524169922,0.45980027318000793,1,0.11740364826614669,,12,control
591,14.1375093460083,680.7608337402344,30.512744903564453,345.8260040283203,0.6159968376159668,1,0.14409678574064413,,12,control
592,18.315628051757812,706.2541961669922,30.295545207721844,359.00845372403444,0.8529433012008667,1,0.013048839960859922,0.07882966772199637,12,control
593,19.52366065979004,732.0350341796875,28.542891134418316,372.0209991108106,0.7053586840629578,1,0.02785185888630215,0.07943649689450885,12,control
594,28.524322509765625,815.4327697753906,25.47313564418142,414.64116159560916,0.7870158553123474,1,0.07046473938578135,0.10419475236904954,12,control
595,36.62640380859375,646.617919921875,44.973770480045474,330.8056289927048,0.8510021567344666,1,0.07960291715902379,0.10160625847118404,12,check
596,37.44382095336914,831.8134460449219,28.413769948534878,423.5574366797432,0.8917281031608582,1,0.15714442985151852,0.13405346687602537,12,check
597,40.1476936340332,790.4933166503906,33.6660890855976,403.1338910065163,0.6454975605010986,1,0.13517433863514552,0.18124931650654713,12,control
598,50.2382926940918,711.5429534912109,45.92077027692005,364.3702177463329,0.8996922373771667,1,0.043627621234310264,0.1035991122874857,12,control
599,50.79692077636719,760.8329925537109,41.66260670395153,389.15437752308543,0.7865619659423828,1,0.11678638968669981,0.12834712276561058,12,control
600,53.84908676147461,831.3582153320312,36.87215726726668,424.8476343497083,0.8232483267784119,1,0.24866415449255577,0.15704475816237318,12,control
601,60.141700744628906,819.5792846679688,41.11369689911044,419.45655703810235,0.49780985713005066,1,0.22342679665981557,,12,check
602,64.73954010009766,808.2765502929688,44.43278843552614,413.98853680784,0.7185711860656738,1,0.1680055277404375,0.09431509677278713,12,control
603,71.63163757324219,649.4395446777344,62.37622684062681,335.2498584354656,0.7000109553337097,1,0.16947359821505695,0.09153958162153182,12,control
604,71.95730590820312,704.4764099121094,57.47083475576392,362.68661219053325,0.8761197924613953,1,0.05958268079210713,0.08733986832864464,12,control
605,77.82645416259766,818.1758728027344,50.222894208613226,420.1160455467066,0.5760754346847534,1,0.22071178254526716,0.14612328553159462,12,control
606,78.59214782714844,788.4107971191406,53.18718903560112,405.2835499131541,0.8478333950042725,1,0.034562293498200544,0.12289209856162679,12,check
607,81.49125671386719,749.3328857421875,58.229544399696415,386.00700469346066,0.6034483909606934,1,0.09549555479290373,0.11004251968889132,12,control
608,84.55552673339844,751.8109130859375,59.58060343358269,387.5668283718265,0.7913586497306824,1,0.22937254145454722,0.0952637378962853,12,check
609,90.65972137451172,682.1807861328125,68.86233202373144,353.07755976313047,0.846564769744873,1,0.20878107180635935,0.15255725409984147,12,control
610,91.40674591064453,704.1281585693359,67.25383859896365,364.1810899617665,0.7568235397338867,1,0.09901712155071847,0.13353847923051873,12,control
611,98.21631622314453,650.7842712402344,75.5340994656749,338.10762188067304,0.8807199597358704,1,0.08121762190801983,0.11058654831320586,12,check
612,102.328369140625,760.5825042724609,67.65526520621185,393.39912414083625,0.6435123682022095,1,0.09259416683937016,0.13118993301921178,12,control
613,102.44625091552734,664.1686401367188,76.43884484540017,345.1598745330698,0.7715492844581604,1,0.07185145089541899,0.07743728251617199,12,control
614,110.92312622070312,774.7548828125,70.65434491697354,401.18384535109243,0.5926212072372437,1,0.12443664103300753,0.07935666412673185,12,control
615,112.17039489746094,850.4550476074219,64.89554595947266,439.3714294433594,0.5749927163124084,1,0.8692381830763932,,12,check
616,121.82798767089844,849.3478393554688,69.50080108642578,439.3639678955078,0.5070892572402954,1,0.22673273887019055,,12,control
617,121.8702621459961,753.3927001953125,78.13217118750222,391.4153329658911,0.7145348191261292,1,0.04231769581877673,0.10558601753717813,12,check
618,125.46929931640625,652.7492828369141,88.93259283225743,341.41041139055784,0.708167552947998,1,0.2464734890386875,0.1548229794217257,12,control
619,125.71044921875,747.4752960205078,80.63665157061156,388.7746075773248,0.7515576481819153,1,0.040780953629489816,0.08887217313342634,12,control
620,129.93544006347656,756.9347076416016,81.95420957821948,393.93968766803965,0.6906775832176208,1,0.19179847085302784,0.10000412896001845,12,control
621,133.28121948242188,704.9690246582031,88.2191002444498,368.1709163971322,0.7320546507835388,1,0.08038224267882493,0.06543782774626805,12,control
622,137.0989532470703,658.5134582519531,94.47815320079854,345.61847829692675,0.32079842686653137,1,0.609128022678969,0.1735161738038368,12,control
623,140.5634002685547,825.7417907714844,81.06428094654177,429.2961328699994,0.4140464663505554,1,0.21389222239055924,0.11322743510917681,12,control
624,140.57608032226562,814.3255615234375,82.01698253680853,423.4331968860522,0.792378306388855,1,0.121516189794388,0.08972822127339011,12,control
625,151.62176513671875,767.8856048583984,91.76429734093684,401.19950957810073,0.766402542591095,1,0.0553731750033823,0.12647856229983823,12,control
626,157.7991485595703,735.3562164306641,97.82839754534982,385.4551439596702,0.8751742243766785,1,0.02991240308264206,0.08233237312741842,12,control
627,158.03660583496094,759.134765625,95.77687304421225,397.34246555193226,0.7912455797195435,1,0.03345538168958207,0.10882338942359278,12,control
628,162.21327209472656,777.4205932617188,96.20445122355899,406.8175471980247,0.7057803869247437,1,0.08635432585605196,0.08425712218097989,12,control
629,169.1916961669922,668.2282562255859,109.50091340059372,352.89112981535146,0.8122974634170532,1,0.12985663796504884,0.11215037000665055,12,control
630,171.41964721679688,655.0747528076172,111.86875359272621,346.59703133265725,0.7849084138870239,1,0.07946079220110595,0.10608822427575733,12,control
631,190.93287658691406,735.7537078857422,114.30845178489821,388.3872335392415,0.5843042731285095,1,0.1935336752824503,0.11217266778072746,12,control
632,196.11016845703125,728.4686889648438,117.54255166717113,385.1336864244804,0.7147130370140076,1,0.292250974907563,0.1022499181387662,12,control
633,204.93870544433594,834.0738220214844,112.53935128282194,438.7290721623314,0.6701553463935852,1,0.09290483501697622,0.09268466245368587,12,control
634,209.61276245117188,808.3423767089844,117.25714502797403,426.34885306670714,0.43692323565483093,1,0.14198660294089788,0.11447482385205736,12,control
635,209.63050842285156,713.5948791503906,125.74348232598044,379.0216626619749,0.7611907124519348,1,0.08954751048762001,0.1126535267793368,12,control
636,212.13816833496094,659.8625793457031,131.71739884792882,352.36113039365057,0.754158079624176,1,0.17706134658484757,0.08546720254627438,12,control
637,215.07965087890625,784.6678466796875,122.07204979888928,414.9367933552161,0.6620069742202759,1,0.05072568778440249,0.12081609508321127,13,control
638,220.44407653808594,776.9716796875,125.49515846026918,411.56159901814755,0.7215487957000732,1,0.1112494669328296,0.13036494480887978,13,control
639,231.59022521972656,805.930908203125,128.4294888955328,426.91514648848784,0.740140438079834,1,0.026336889744308322,0.07608852423619773,13,control
640,236.85589599609375,830.8150024414062,128.87148018745657,439.82355971467297,0.7089898586273193,1,0.06615585921293579,0.1074435455947421,13,control
641,238.58514404296875,723.5471801757812,139.23201107422156,386.3291697739947,0.6853677034378052,1,0.19195410962454684,0.1280285012938423,13,control
642,240.63864135742188,687.3539886474609,143.57381730610325,368.4976111890951,0.8093409538269043,1,0.08566933929963476,0.1665700517206561,13,control
643,241.29257202148438,654.5588836669922,146.81557714100092,352.204054374842,0.7909436225891113,1,0.13450684537191954,,13,check
644,244.915771484375,832.6231384277344,132.73577843597516,441.38802757136676,0.7631280422210693,1,0.04049487344674073,0.07643089883948719,13,check
645,249.2316131591797,804.8943786621094,137.41231137829584,427.94758184309734,0.557542622089386,1,0.1719452924844209,0.08103033436223964,13,check
646,250.9005584716797,817.8711547851562,137.10803288045236,434.5445796084811,0.7849103808403015,1,0.17207685677179885,0.08598753523980734,13,control
647,256.0901641845703,750.3768005371094,145.67138209531018,401.2552058381822,0.5372152328491211,1,0.04306098609300594,0.10942765641797493,13,control
648,256.2627258300781,713.9151306152344,149.00649138652525,383.1184887447776,0.5167304277420044,1,0.06810400662733407,0.12165520455669877,13,check
649,263.8319854736328,677.5644073486328,156.01250753099265,365.6224491743819,0.7678468823432922,1,0.03999313947113569,0.09604466886235466,13,control
650,272.800048828125,835.3558959960938,146.43408175765066,445.08773542920983,0.8022122979164124,1,0.05557235543019109,0.08559856990770073,13,control
651,274.24951171875,675.5548400878906,161.38347133464563,365.5455352449167,0.9251091480255127,1,0.060557809274324595,0.1331662596536426,13,control
652,278.090576171875,665.2751312255859,164.19419987328388,360.76179324710125,0.7540780901908875,1,0.054658341335865966,0.104721975217595,13,control
653,278.6541290283203,815.2785339355469,151.13212973332665,435.5295904643121,0.7959966063499451,1,0.008579772711990199,0.08792125200860029,13,control
654,295.16058349609375,791.4390869140625,161.45452664557692,425.02443470844344,0.8050473928451538,1,0.07974977835889274,0.07822383672933884,13,control
655,296.55140686035156,654.0848083496094,174.35581977963878,356.7081068003338,0.7745600342750549,1,0.07569430459384552,0.11731271526812709,13,control
656,304.73036193847656,761.2479553222656,168.9278615886286,410.6963152702633,0.7514731287956238,1,0.12329461731417483,0.12674320079801596,13,control
657,305.51304626464844,719.9970550537109,173.02119445972497,390.28595409613945,0.7562059164047241,1,0.05796929839506991,0.1245255818937888,13,control
658,317.3018341064453,758.3544158935547,175.4461709071283,410.33489519938763,0.8282001614570618,1,0.07600797402180944,0.14008740518418172,13,control
659,318.0552215576172,710.2792053222656,180.17087672925877,386.65857072635896,0.7870570421218872,1,0.3456886313198843,0.12603676669224273,13,control
660,320.63951110839844,821.1026611328125,171.56121439812057,441.93836483581697,0.7551202774047852,1,0.01405013475065394,0.0964491151791134,13,check
661,324.82098388671875,815.2658081054688,174.18222892615267,439.3876154794322,0.4791092276573181,1,0.05803798997885672,0.0857276119452054,13,control
662,326.77056884765625,710.2097930908203,184.46023001608089,387.2030560638992,0.7398535013198853,1,0.0470822450207791,0.09428054717517129,13,control
663,344.09759521484375,736.0047454833984,190.79692310861415,401.5106541152871,0.6216402649879456,1,0.06153195592350727,0.08219978409792461,13,control
664,345.7726135253906,690.8678741455078,195.62029291116383,379.21764303262665,0.8733867406845093,1,0.08201260828752081,0.11971294028704026,13,control
665,345.97283935546875,664.5418243408203,198.0867634522173,366.12031014448945,0.8054603338241577,1,0.15560862058764843,0.12235353682611502,13,control
666,350.8083801269531,795.3972778320312,188.82893506794673,431.5534614484891,0.7533782124519348,1,0.15858249675731842,0.09086199659142397,13,control
667,354.4833984375,787.2192993164062,191.38467364271418,427.7670960954663,0.8732481598854065,1,0.1901369097744922,0.09153799759620931,13,control
668,354.4916076660156,721.3185272216797,197.17415159597346,395.0427864726455,0.7968806028366089,1,0.1231755475690988,0.09216715556253835,13,control
669,361.9220275878906,830.2424621582031,191.26627517221783,449.87041131737874,0.6269590258598328,1,0.1305767666433137,0.12705062487748406,13,control
670,363.3897705078125,727.2232360839844,201.1403981745179,398.7888200864574,0.7962667346000671,1,0.08568560432800552,0.11623002532000218,13,control
671,365.2232971191406,822.1182861328125,193.67435389913655,446.1718085693113,0.7251207232475281,1,0.055153938497125056,0.10092449335412236,13,control
672,365.3011474609375,645.7789154052734,209.17328745114764,358.3751750082395,0.8098744750022888,1,0.22793502486473644,0.08082607554363855,13,control
673,370.151611328125,815.8488159179688,196.74438282541826,443.5298709501523,0.7291524410247803,1,0.24591265762376405,0.08487063771028702,13,check
674,376.8299865722656,697.8028259277344,210.37261000477335,385.2264749456401,0.8209457993507385,1,0.07370272103996256,0.09685058446043172,13,control
675,385.2740478515625,657.8093414306641,218.09367599417524,366.13832668937766,0.7860466837882996,1,0.035115329678292576,0.13732359138065325,13,check
676,389.3836669921875,796.1831665039062,207.98430058302648,435.2496112267772,0.8192325234413147,1,0.053477264792559605,0.09768014218823408,13,control
677,390.27325439453125,784.7667236328125,209.44089502471869,429.7377903823467,0.7624357342720032,1,0.23592515905787834,0.15210016729715706,13,control
678,391.7484436035156,710.4978637695312,216.60314609448992,392.76699987943425,0.8073771595954895,1,0.17625240261744743,0.14105032114284866,13,check
679,392.9660339355469,702.6712646484375,218.00165883988387,389.082899341039,0.7926226854324341,1,0.11996019905426775,,13,control
680,407.2860107421875,768.1118927001953,219.31366507814352,422.7363489936425,0.5889866948127747,1,0.03843234516984846,0.09730978873649822,13,control
681,408.3925476074219,649.5020751953125,230.26985462434774,363.9219047223118,0.8374585509300232,1,0.07402440306592739,0.14291853107779137,13,control
682,412.758056640625,779.4235229492188,221.0486684106103,428.94533382985077,0.5337380170822144,1,0.21480897465727736,0.12473020121956653,13,control
683,416.4033508300781,746.5874633789062,225.73973735793822,412.83254214632024,0.8440453410148621,1,0.04075826666948468,0.17270460885510303,13,check
684,420.594970703125,807.4974670410156,222.3782614001849,443.33714572747937,0.8584843277931213,1,0.2901205687812736,0.16118613305296275,13,control
685,420.9134521484375,789.5602111816406,224.2571510974702,434.62618806281034,0.7901803255081177,1,0.18669975474290595,0.146377444538117,13,control
686,430.1123352050781,797.3821411132812,228.0688623253288,439.1796618897399,0.7937175035476685,1,0.07006833283653395,0.15708307937237523,14,check
687,435.31959533691406,733.5992584228516,236.20969971540094,407.9177398235527,0.8375738263130188,1,0.07577716937289791,0.15005841967378888,14,control
688,439.0707244873047,776.0352172851562,234.26669589442918,429.26564958480196,0.851416826248169,1,0.26768678710366794,0.12704107401806822,14,control
689,444.47044372558594,691.8243713378906,244.45247515871654,388.02543585412263,0.8518145680427551,1,0.11280283814182365,0.14337593672874152,14,control
690,444.59983825683594,806.4913024902344,234.5032260088861,444.96805574121953,0.867832601070404,1,0.11907014876174057,0.11156830162518423,14,control
691,444.6033020019531,834.5155639648438,232.0098586094138,458.8670192047967,0.8470104336738586,1,0.06664896210851663,0.09406025279500185,14,control
692,444.70074462890625,658.732421875,247.3629779549138,371.58095563336883,0.8343039155006409,1,0.11247381585187693,0.14090194117952418,14,control
693,448.6439971923828,828.6867980957031,234.5849433953342,456.3709058376915,0.7458824515342712,1,0.17946370038070708,0.09276726471842632,14,control
694,453.81024169921875,714.3921203613281,247.08186973118174,399.9892385835754,0.6331456899642944,1,0.06875884465039107,0.07486331507468438,14,check
695,459.32933044433594,662.8362884521484,254.3089078021515,374.9168884096896,0.8267956376075745,1,0.10659107262069292,0.15107320342509703,14,control
696,478.67274475097656,764.7327880859375,254.99522838704058,427.04176510055584,0.8504716157913208,1,0.08287439029338821,0.11267213773940273,14,check
697,481.4780578613281,666.3351898193359,264.92065951044117,378.47644778427605,0.48006075620651245,1,0.025034841928769484,0.1088095905488581,14,control
698,482.04498291015625,686.2025909423828,263.51365265519826,388.3991178098907,0.4770887494087219,1,0.13261942944814578,0.12128965193578313,14,control
699,484.9230041503906,831.3013000488281,252.27791095907253,460.63975618490497,0.7348425388336182,1,0.08161372957096599,0.08420479344650808,14,control
700,492.566162109375,760.9314422607422,262.1997044802051,426.29293813006626,0.7964088320732117,1,0.0921436272265593,0.11740296031950372,14,control
701,495.42710876464844,700.5082397460938,268.8121289867467,396.53924759130683,0.6680516600608826,1,0.059469178764658515,0.11397430199084845,14,check
702,497.3821258544922,801.2181396484375,261.00479840588827,446.693213165939,0.768164336681366,1,0.04002815521990441,0.09502732280025039,14,control
703,499.80413818359375,694.9090728759766,271.4906000719581,394.1433742993776,0.828386127948761,1,0.0584980286180934,0.09241225898685575,14,control
704,511.11590576171875,746.0658874511719,272.6191454376727,420.4599914890447,0.7367586493492126,1,0.0319300018065109,0.15857955212636152,14,check
705,512.6252746582031,720.7965240478516,275.5742950077471,408.0602110333628,0.7879359722137451,1,0.0649276084436005,0.09367361505932671,14,control
706,521.3267059326172,658.282470703125,285.4210968017578,379.17588806152344,0.49344849586486816,1,2.689856432648913,,14,control
707,521.4506378173828,784.7313537597656,274.3595278157719,440.48180105659816,0.862890899181366,1,0.05410922535781461,0.11781576932823434,14,control
708,530.0853576660156,816.6058654785156,275.81451462713227,457.02921656081253,0.8433715105056763,1,0.05387477676346219,0.09580940753760928,14,control
709,534.1875915527344,753.4539337158203,283.3148562982853,425.9874692730983,0.8771132230758667,1,0.1238908656906561,0.12685946138283424,14,control
710,540.3795166015625,780.5063171386719,284.06315307242136,439.96156397344544,0.5464403629302979,1,0.0421216039568958,0.15961128379903622,14,control
711,544.24755859375,774.7481079101562,286.47974941352015,437.4558319766112,0.7667397856712341,1,0.06407969467484653,0.12271793444506304,14,control
712,544.9636993408203,715.5750885009766,291.95206678391247,408.199378582022,0.8197117447853088,1,0.07161760890678891,0.12165370477205541,14,control
713,548.2730560302734,746.0877990722656,290.86550545873854,423.5342109654276,0.7942516803741455,1,0.11993170492172234,0.11805779869342838,14,check
714,553.2920684814453,695.5861206054688,297.7968085023753,398.9315941137484,0.8216325044631958,1,0.12090948008336026,0.1863351244975422,14,control
715,561.6675415039062,645.7614135742188,306.21150275738114,375.03916239175595,0.7511144280433655,1,0.0831990310861791,0.08845948565545435,14,check
716,565.4958190917969,808.6834411621094,293.9409526942737,455.97266642074624,0.8328071236610413,1,0.14585963950881464,0.1305623926152218,14,control
717,575.0114440917969,710.7564544677734,307.0718037795054,408.2293000542288,0.705771803855896,1,0.1701195656803292,0.16187776728691886,14,control
718,576.3106079101562,837.7684936523438,296.74066804001785,471.32786405543806,0.576549768447876,1,0.12729006231528892,0.13145022539926693,14,check
719,580.9419250488281,765.0947113037109,305.33631579156383,435.70902118494513,0.8221570253372192,1,0.050027956352542355,0.1909402446705025,14,control
720,582.1260681152344,822.1049499511719,300.95130677403506,464.01048662779465,0.5420364141464233,1,0.1626115383527447,0.10260159802998331,14,control
721,584.7091674804688,686.6520385742188,313.9678465829547,397.195332205437,0.8057358860969543,1,0.024871381294700384,0.10798876910673136,14,control
722,586.545166015625,746.1029663085938,309.70684945728664,426.723197896612,0.8086849451065063,1,0.1003579449382761,0.17853777170469964,14,control
723,593.343017578125,742.3027801513672,313.2673075209344,425.2093498892524,0.6374648809432983,1,0.539578374458673,0.131161594065815,14,control
724,599.620361328125,723.0872650146484,318.2078998912595,416.4575097984011,0.8337830305099487,1,0.10736109346174087,0.09190237293259597,14,control
725,601.4153747558594,827.061279296875,310.02747521897186,468.06275488473716,0.682702898979187,1,0.1374245970659891,0.12333173325130317,14,control
726,611.1489562988281,745.5405578613281,321.8789570318693,428.49267031023305,0.8940684199333191,1,0.04210057837496255,0.09689226822805741,14,check
727,611.609619140625,768.6118927001953,320.1725907920747,439.9639923068944,0.8450797200202942,1,0.08912507811311143,0.10210094976225402,14,control
728,613.7806091308594,845.5364685058594,314.4193878173828,478.1962432861328,0.5407819151878357,1,0.3548266305843002,,14,control
729,619.4052734375,791.70458984375,321.99142454894695,452.06214850143226,0.771386981010437,1,0.04175062380128848,0.11428431601987848,14,control
730,622.8490295410156,760.9273681640625,326.2703996512042,437.02804169678245,0.7555778622627258,1,0.1578447107788269,0.08759295876410703,14,control
731,623.7816162109375,838.6949768066406,320.1149104700662,475.736757181681,0.8814014792442322,1,0.08964591552509281,0.09684556989483668,14,check
732,629.3110656738281,784.33544921875,327.47912985027597,449.1812248021312,0.8404292464256287,1,0.07897988418863681,0.09827498964958284,14,control
733,629.5611877441406,700.9846343994141,334.75884354291225,407.9744471501616,0.7822816967964172,1,0.07344899619075469,0.098820337309454,14,control
734,636.1834411621094,693.7877807617188,338.5950057750465,405.05772745246225,0.5477424263954163,1,0.10808533330650195,0.11519285375680981,14,control
735,642.5064392089844,688.1318511962891,342.1334912104029,402.63170649682337,0.4753095209598541,1,0.24351405938812098,0.1302652426453323,14,control
736,648.0454254150391,739.9389801025391,340.5026701333994,428.85653021037143,0.64149409532547,1,0.13400001198923334,0.1016554343251672,15,control
737,648.6571350097656,681.1156463623047,345.6800668848745,399.72358286971206,0.7617893815040588,1,0.2792314821467987,0.16944503062074948,15,control
738,649.1335601806641,756.5943450927734,339.5638985148609,437.0901088043935,0.7621632814407349,1,0.07496236704230765,0.1482255708435541,15,control
739,656.0298004150391,693.0356903076172,348.33095695330206,406.1406898989652,0.8407131433486938,1,0.3190223174966754,0.1492119543624359,15,control
740,656.3321380615234,784.4899597167969,340.7098564689704,451.5349928581182,0.680216908454895,1,0.028914265811756983,0.06943364387068704,15,control
741,657.2822418212891,718.6893310546875,346.6728827160397,418.9549785213611,0.7395327687263489,1,0.3559708546253727,0.133379487736212,15,check
742,658.4743804931641,740.15625,345.5691000595748,429.7668557682735,0.7027720808982849,1,0.013978539926976754,0.1281421021203811,15,check
743,660.9473266601562,836.3402099609375,338.5347478329144,477.50583666042485,0.6892321705818176,1,0.154002912637282,0.11799588392905037,15,control
744,668.1853790283203,758.2495269775391,348.79235528266287,439.5077688380528,0.6825831532478333,1,0.043733355588119215,0.15858499597868206,15,check
745,670.0839691162109,692.1094512939453,355.3327036614773,406.9089070800752,0.43890145421028137,1,0.18515844640579773,0.10074057003321091,15,control
746,676.7905883789062,825.4808349609375,346.9043420961133,473.41093059404307,0.5792127847671509,1,0.6955020149769725,0.1817786528705415,15,control
747,685.5858001708984,733.7752685546875,359.54803161556987,429.1220916382941,0.5902839303016663,1,0.6244399775091005,0.30431718094402227,15,control
748,690.0896606445312,700.9421691894531,364.3430098328087,412.9251381291576,0.612216055393219,1,0.20973516433154285,0.11585713337331503,15,control
749,693.2132568359375,787.7864685058594,358.4651691813198,456.13300233342966,0.8577004671096802,1,0.1357069234521626,0.12514529074857722,15,control
750,694.4781799316406,691.8945007324219,367.32708914361314,408.91017556008734,0.7747210264205933,1,0.06197455124907447,0.10749953416705707,15,control
751,698.2635650634766,660.8480834960938,371.7505665174378,393.89542760855204,0.7851689457893372,1,0.102769564396782,0.07201126316018708,15,control
752,709.3966522216797,742.6999969482422,370.2860201136461,435.3222483252813,0.6457335948944092,1,0.1791599468695797,0.12969558545212545,15,control
753,714.794677734375,726.0818634033203,374.4491686992043,427.5298231152588,0.6218346953392029,1,0.28604160796390504,0.1547714258281985,15,control
754,715.5011138916016,836.4010314941406,365.1109161376953,481.8168640136719,0.46726328134536743,1,0.5975021294865557,,15,check
755,723.4825897216797,811.693115234375,371.1987639078634,470.4580777729509,0.8095592260360718,1,0.18021017936824832,0.16503196456677663,15,control
756,727.3465576171875,803.892333984375,373.71132896808274,466.9553282297592,0.6715978980064392,1,0.24857832679888625,0.15081367879100505,15,control
757,729.1632995605469,738.7967834472656,380.31242348613245,434.967303449263,0.8375431895256042,1,0.12734243918498106,0.07735396983090717,15,control
758,734.3329315185547,720.7454376220703,384.35568670134114,426.4744001381679,0.7931487560272217,1,0.09373778544678238,0.11099431899598551,15,control
759,734.8283538818359,787.2130737304688,378.8916894744367,459.2059711613299,0.8231930136680603,1,0.22729304629804725,0.09912871725022321,15,check
760,737.7545623779297,777.8647155761719,381.1323304934457,454.9362473503343,0.649125337600708,1,0.006408441361468701,0.10728332801823051,15,check
761,744.0766906738281,768.9747161865234,384.99828467653765,451.0585509666944,0.8758701682090759,1,0.04668580020215007,0.11291845992389683,15,control
762,748.181396484375,822.4976806640625,382.4018971781882,477.8160415672884,0.7837817072868347,1,0.10472797533970504,0.08620465185042013,15,control
763,750.4460601806641,751.0868072509766,389.6007039082653,442.7678211242356,0.7201526165008545,1,0.018056360493451443,0.11624502933021509,15,control
764,755.3174743652344,737.4741973876953,393.1801225484778,436.4666187658879,0.5130758285522461,1,0.10675844625115635,0.1329314245229044,15,control
765,757.8374481201172,786.4150390625,390.2361880237197,460.7909345480899,0.7569220066070557,1,0.056145228431904504,0.12376950768653085,15,control
766,770.8330841064453,761.1440124511719,398.75235993348144,449.4269674608086,0.8583638668060303,1,0.12819003891976033,0.06567494107524395,15,control
767,779.9091491699219,724.1299591064453,406.2488523470502,431.83621092643097,0.9002898931503296,1,0.10918351243358934,0.1169885908795531,15,control
768,785.3128967285156,715.1536254882812,409.6048224182007,427.8522195729355,0.7795137166976929,1,0.13832150711383184,0.09919763808829067,15,control
769,789.4449462890625,753.1437072753906,408.44995639576496,447.00525885405807,0.8585606217384338,1,0.05214088978432796,0.11150819187389696,15,control
770,790.6953125,840.4016418457031,401.72218322753906,490.12037658691406,0.468600869178772,1,0.13227853577028498,,15,control
771,791.5950012207031,823.6634216308594,403.5405923336997,481.9859225278529,0.8134862780570984,1,0.03933754281082187,0.09132900883638062,15,control
772,794.9010009765625,773.5403747558594,409.3947778033595,457.486985816852,0.8206758499145508,1,0.03335306860709017,0.12274962691426591,15,check
773,801.7456970214844,830.8794860839844,407.87883473174685,486.3368502538455,0.7389220595359802,1,0.048847519230319096,0.08520760076028944,15,control
774,803.8387451171875,801.8131408691406,411.30278279038487,472.1138275307818,0.7086019515991211,1,0.1495271304353159,0.06581386357694531,15,control
775,806.5481262207031,826.0029602050781,410.6536174763626,484.3341573728446,0.7401067018508911,1,0.061787933817185225,0.09298765422580295,15,control
776,816.7138366699219,667.2695159912109,428.9744634999603,406.9155649997785,0.8699367046356201,1,0.0886099595082763,0.14911688937825307,15,control
777,816.7447509765625,690.213134765625,426.9980264711967,418.19528497527733,0.7094175219535828,1,0.08948168801591999,0.10308191608246942,15,check
778,818.6166076660156,669.6987152099609,429.6191316273981,408.21561744871656,0.7229493260383606,1,0.17636099205634861,0.168278531178089,15,control
779,822.5594482421875,728.2066192626953,426.6702640790936,437.36422711681826,0.6199684739112854,1,0.09892615613109337,0.09009795229452057,15,control
780,835.7933349609375,740.1780242919922,432.1045215047831,444.33003759164137,0.489303320646286,1,0.13753277863537616,0.12602384495235117,15,check
781,842.0584716796875,702.8285675048828,438.4798126220703,426.64491271972656,0.7260959148406982,1,0.5015610472333715,,15,control
782,844.9110412597656,723.8304748535156,438.0124053955078,437.1112518310547,0.8258510828018188,1,0.25733890965425865,,15,control
