id,src_x,src_y,ref_x,ref_y,score,is_inlier,residual_px,sigma_px,grid_cell,role
0,16.01240634918213,204.39031982421875,74.71202087402344,109.51605224609375,0.2711488604545593,1,0.2929387544919686,,0,control
1,17.813220977783203,22.320707321166992,91.92126645319324,19.929665505368234,0.2651838958263397,1,0.06725324895577592,0.1864754237248459,0,control
2,19.650344848632812,159.8670196533203,80.45108183342329,87.76898679418063,0.45238378643989563,1,0.03975886471129997,0.11198839537861964,0,control
3,20.4304256439209,185.9156036376953,78.40103929654319,100.59634261839136,0.3724818527698517,1,0.2723772567843203,0.11747504143155336,0,control
4,26.73193359375,70.28373718261719,92.08845072444784,44.3162958340701,0.3477463722229004,1,0.10002749364889692,0.14564889375553985,0,control
5,31.1689453125,30.827720642089844,97.73965367073528,25.310680100453624,0.31828197836875916,1,0.1170758161693397,0.11507440619999071,0,control
6,42.44150924682617,100.43377685546875,97.17902031169675,60.62428357739374,0.6266124844551086,1,0.07554114420167718,0.13542992701317882,0,check
7,43.7128791809082,43.54855728149414,102.9066083026211,32.70938579725305,0.5828810334205627,1,0.10388773760256402,0.1101216038107074,0,control
8,44.246089935302734,20.417631149291992,105.17105381492809,21.409643647812782,0.5054423809051514,1,0.1298652136283997,0.18721889304082445,0,check
9,48.12922668457031,95.3029556274414,100.43730563992528,58.54457218985227,0.4581312835216522,1,0.0961292806003389,0.13278060416383866,0,check
10,49.252323150634766,88.52249145507812,101.60901995850134,55.30655598941799,0.5307172536849976,1,0.10714915044129938,0.13550713928244343,0,control
11,50.37734603881836,163.95608520507812,95.39263057702374,92.52545813411517,0.6339401602745056,1,0.12721660680045285,0.12221123694079505,0,control
12,50.61804962158203,124.8193130493164,99.26607527019105,73.55509284516431,0.6055805087089539,1,0.605096897290312,0.131849623507184,0,control
13,64.28798294067383,100.35784912109375,108.09588874358555,62.649167965285955,0.6024049520492554,1,0.2079975398780191,0.14260427584960633,0,control
14,66.77214050292969,181.12246704101562,102.12638522194624,102.51901382982226,0.3410497009754181,1,0.10979665985953241,0.1306174332453695,0,control
15,67.10169219970703,155.10365295410156,104.5090025962499,89.68949272694879,0.45467114448547363,1,0.14325955932518486,0.12211089569774633,0,control
16,70.19213104248047,196.416015625,102.34372196088762,110.32298280213908,0.4119459390640259,1,0.15106361740923768,0.11730356361987752,0,check
17,70.73810577392578,57.923370361328125,115.09180021722736,42.344532502312795,0.45475029945373535,1,0.11859925963049904,0.1149999218227166,0,control
18,72.09158325195312,115.31904602050781,110.53955728072657,70.56107272877011,0.7300276160240173,1,0.17278005536100946,0.11999224978491516,0,control
19,76.82086944580078,52.5077018737793,118.58873640562001,40.15264063171196,0.48543229699134827,1,0.12768703347082977,0.13314739019379032,0,control
20,78.39759063720703,126.57032012939453,112.74115237038309,76.75128174014836,0.6641055345535278,1,0.0426824879010375,0.13015857271039485,0,control
21,87.44688415527344,41.7055549621582,124.73395611447633,35.83299494521243,0.2820488512516022,1,0.15965805606669442,0.17109667950065421,0,control
22,91.7017822265625,204.7469482421875,112.29900590541654,116.31171983657723,0.4887887239456177,1,0.26594402276252294,0.12305861032923,0,control
23,100.28019714355469,123.73379516601562,123.83550871494114,77.37795292252834,0.4745047390460968,1,0.11580658667557367,0.1119106463469475,0,control
24,104.15178680419922,179.4470977783203,120.80742810047514,104.98966728744439,0.5993571281433105,1,0.20205933088914965,0.10731241414450937,0,control
25,112.60789489746094,56.59297561645508,136.00894652927988,45.52282145885393,0.7036070227622986,1,0.09961473077704362,0.10882319948147544,0,control
26,116.57688903808594,130.53318786621094,131.32627821756483,82.12347089238794,0.3913204073905945,1,0.10929038964848918,0.11839738366330974,0,check
27,117.15226745605469,88.59211730957031,135.41634969173452,61.69378049071311,0.37595102190971375,1,0.17159196436961904,0.11508038367704046,0,control
28,118.34942626953125,124.1148910522461,132.84469698611838,79.18525774620738,0.5630683898925781,1,0.06247589253510246,0.12614839299685587,0,control
29,118.57298278808594,56.17079162597656,139.04335526741716,45.86487676087429,0.6700357794761658,1,0.16998719283128938,0.0988391633200662,0,control
30,120.49366760253906,49.81669998168945,140.37547982470323,42.80356665895653,0.6988725662231445,1,0.2824545730663132,0.0988233537801839,0,check
31,122.13655090332031,27.739131927490234,143.1954778067869,32.18219728465499,0.5004153847694397,1,0.1483833712349565,0.10737277325454482,0,control
32,128.66429138183594,190.7933349609375,132.0058703989141,112.9641311670593,0.447529673576355,1,0.14755969617195935,0.12475957069516472,0,control
33,134.5985565185547,53.01764678955078,147.1497085435685,45.77011422414014,0.39497825503349304,1,0.0742293324113301,0.1006526941061426,0,control
34,136.66122436523438,177.79891967773438,137.1367009483199,107.26257051123318,0.520733118057251,1,0.08342509556173995,0.13067139824891041,0,control
35,143.0741424560547,170.7713623046875,140.8754633477615,104.30336908802106,0.4641616940498352,1,0.17705413808534212,0.1312182201038323,0,control
36,143.51165771484375,123.84021759033203,145.33937824457556,81.32991287440242,0.44192439317703247,1,0.013797229634010949,0.08950664778947245,0,control
37,144.0638885498047,191.29859924316406,139.5977957898034,114.4848656185365,0.6152501106262207,1,0.10610703426190299,0.11393924330271635,0,control
38,154.20294189453125,101.91214752197266,152.4597984492157,71.42313402161685,0.5602606534957886,1,0.3267418048715303,0.20753077921579172,0,check
39,157.48052978515625,113.35037994384766,153.23843004789055,77.52706709747106,0.39013978838920593,1,0.18245374528852812,0.1649685787735559,0,control
40,164.6201171875,34.2154655456543,163.75125816575868,39.35649005950479,0.37020185589790344,1,0.10686991823094132,0.12129366883936317,0,control
41,168.58648681640625,28.41214942932129,166.02611483343685,36.68766819038437,0.44606107473373413,1,0.44547121031646103,0.17097763750990097,0,check
42,171.6803741455078,109.67971801757812,160.90341893665965,77.38693162461593,0.32414716482162476,1,1.1301438186675905,0.35231337174350374,0,control
43,176.7305145263672,149.32687377929688,159.56779074330979,96.89575935972015,0.49912920594215393,1,0.08088831767727095,0.10983899384882788,0,control
44,183.36216735839844,71.62308502197266,169.77832561134244,59.399882390656124,0.5415032505989075,1,0.1959888654177612,0.20520229758736844,0,control
45,183.64865112304688,212.08364868164062,157.43309767052094,128.29025619261924,0.3954738974571228,1,0.07247243226837348,0.10946444360267896,0,control
46,188.7415313720703,92.82991027832031,170.14800114457736,69.84031222914913,0.6525290012359619,1,1.0325165475335698,0.25756882847530715,0,control
47,202.53292846679688,77.62332153320312,178.62681414573385,64.07967120798197,0.6272708773612976,1,0.08340790099039416,0.235797953825031,0,check
48,212.1205596923828,48.7899169921875,185.8499883825777,50.75185045807255,0.7245255708694458,1,0.16786695803589408,0.13735975925329405,0,control
49,220.94932556152344,206.20018005371094,176.74371944082998,129.1023245892651,0.4015786945819855,1,0.876878207361615,0.1926416496122107,1,control
50,227.45660400390625,171.7671661376953,182.5909405892373,112.43837261082884,0.6741112470626831,1,0.19682722957688134,0.12899418991366357,1,control
51,229.8655548095703,154.2948760986328,185.49708112139604,104.14543173132273,0.3857800364494324,1,0.18028238094072627,0.19977431411781432,1,control
52,233.30128479003906,34.18299865722656,197.7150088102775,45.57125921767956,0.5395516753196716,1,0.13815770338519012,0.10770022592889139,1,control
53,235.84423828125,17.81794548034668,200.44873045578666,37.984960569065144,0.32710638642311096,1,0.3735411447859974,0.1548130717871938,1,control
54,239.47360229492188,74.7704086303711,197.08242758536525,66.01910378505016,0.5623016357421875,1,0.11757216054070452,0.11443798146229366,1,check
55,244.89515686035156,186.8174591064453,189.9049174497773,121.30444553693299,0.6261259317398071,1,0.2880004603208871,0.09054026247558813,1,control
56,250.99395751953125,14.490398406982422,208.1859130859375,37.54655075073242,0.5577619671821594,1,0.20651268779861642,,1,control
57,251.6123046875,111.95240020751953,199.90137093831328,85.26101952157438,0.5504092574119568,1,0.1345703293979214,0.1400866252884533,1,control
58,258.3727264404297,154.37203979492188,199.5219204724527,106.60686505405076,0.4905520975589752,1,0.23577865493866074,0.20457768442143973,1,check
59,262.13197326660156,47.040470123291016,210.84546108574634,54.60678405681245,0.39981937408447266,1,0.27110425656648646,0.12015831499808645,1,control
60,263.5090026855469,59.065185546875,210.4040101875693,60.5671912653491,0.6241868734359741,1,0.11140188744694607,0.15741645266514054,1,control
61,264.0965576171875,94.60316467285156,207.78253049998207,78.18823399510823,0.6084460020065308,1,0.6461336015002448,0.19503232619093294,1,control
62,268.04444885253906,131.1124725341797,206.28313063886947,96.07729812484575,0.5297508835792542,1,0.24095326082993393,0.15255808872946744,1,control
63,273.1261291503906,87.4129638671875,212.63103054116203,75.143428398865,0.48672354221343994,1,0.24148687667838614,0.1623503669160948,1,check
64,287.1720275878906,14.250140190124512,226.19247436523438,41.01456832885742,0.2901189923286438,1,0.6877118010949578,,1,control
65,287.7684326171875,64.52655792236328,221.843190796826,65.37231332202423,0.47811660170555115,1,0.06492758943144893,0.13881172070974782,1,control
66,288.1788330078125,52.100303649902344,223.23068214623945,59.478312152396214,0.4784458875656128,1,0.3015025017894686,0.13852989304554442,1,control
67,289.6663055419922,170.67318725585938,213.3623936273487,117.42065735529356,0.44830581545829773,1,0.3690857892431042,0.14299057340777102,1,control
68,293.6011962890625,192.16270446777344,213.64051102007815,128.4330945779673,0.29908451437950134,1,0.1382907933183798,0.13107764302152752,1,control
69,293.7304992675781,136.1419677734375,218.73195017156831,101.08101438887309,0.3731333613395691,1,0.44979841142115956,0.1798057163654831,1,control
70,296.3705139160156,113.1172866821289,221.9217260915003,89.92105116970559,0.7623986005783081,1,0.17314854090817358,0.14669172970672148,1,check
71,298.45045471191406,176.0351104736328,217.39382107226774,120.88664875741846,0.4718799889087677,1,0.1360279160348858,0.11912934729815161,1,control
72,301.96888732910156,28.370534896850586,231.98556511840093,49.016218397149,0.6612927317619324,1,0.05249338376314432,0.11230586540980766,1,check
73,306.8433074951172,75.7891616821289,230.38011658648355,72.75077563799157,0.46947571635246277,1,0.3407748729803419,0.13464861909550488,1,control
74,309.96820068359375,205.28216552734375,220.43092734259412,136.24525483962597,0.6934381723403931,1,0.20820153346474576,0.11567075417501073,1,check
75,323.39698791503906,188.0868682861328,228.61333904780818,129.10802293691725,0.5086833238601685,1,0.021171359245287038,0.1069486464643861,1,control
76,329.1497802734375,173.2561798095703,232.70185502941752,122.29558317896954,0.47764238715171814,1,0.1294696159444365,0.12384134749502786,1,control
77,333.7956237792969,187.56430053710938,233.77140441061414,129.7254557002416,0.5587430596351624,1,0.09959614465429881,0.14751307645338715,1,control
78,342.4457702636719,84.03409576416016,247.06192224428776,79.9084113607464,0.42237189412117004,1,0.058698233169681015,0.1359776197005545,1,control
79,348.3401794433594,42.41949462890625,253.52150014666393,60.22143710466709,0.3744294345378876,1,0.19889100034094565,0.18714777641326527,1,control
80,351.8380432128906,75.84779357910156,252.35302289310468,76.74634131687071,0.34372106194496155,1,0.01995719801291407,0.11895369241641608,1,check
81,352.4271240234375,106.6895523071289,249.95207370230645,91.93022125156429,0.6010739207267761,1,0.11849431318300305,0.12064252600068884,1,control
82,357.47943115234375,150.47390747070312,248.61527712433258,113.68783008254802,0.4305824935436249,1,0.132511425194718,0.14970663682646956,1,control
83,362.065185546875,144.5327606201172,251.45362178839383,111.2420039695671,0.4925028383731842,1,0.056452048494110396,0.15324715108779252,1,check
84,362.4375915527344,31.037813186645508,261.3158818582295,55.736943003974645,0.3199356496334076,1,0.33440111528014566,0.2548025305544571,1,control
85,365.8150634765625,84.98896789550781,258.391969869651,82.49473287018775,0.7187023758888245,1,0.06750492063547,0.11540941121215323,1,control
86,366.70843505859375,172.38711547851562,251.3047553634677,125.27235601207546,0.5484501719474792,1,0.045710042176250104,0.154921466069322,1,control
87,367.0538024902344,28.6326847076416,263.71231377401045,54.8348113742882,0.277220219373703,1,0.6621543069108817,0.14859015335655168,1,control
88,374.416748046875,181.3074188232422,254.33310344535138,130.38453656702578,0.5124010443687439,1,0.09034272617074389,0.15137487130230842,1,control
89,378.6719055175781,162.10556030273438,258.0303871297682,121.36673254304208,0.6922343969345093,1,0.0916782920091115,0.10734126812242556,1,control
90,383.4850158691406,95.18233489990234,266.18705622785313,89.00204834986197,0.5979350209236145,1,0.12614427235082132,0.13829397551408065,1,control
91,395.1148986816406,155.33143615722656,266.69922928396755,119.43459353303174,0.47440609335899353,1,0.12648694670610808,0.1663624644086415,1,check
92,395.3734130859375,26.357763290405273,278.0705356731612,56.591542714755235,0.25179174542427063,1,0.20071931245131516,0.14615109809711532,1,control
93,401.05206298828125,45.67802429199219,279.11885106065114,66.61831979599333,0.40143734216690063,1,0.23965415328899214,0.1183161906638178,1,control
94,404.50042724609375,184.3056182861328,268.7985570194613,134.4728079297089,0.608762800693512,1,0.07905091635161744,0.1803869156846033,1,control
95,411.04461669921875,66.05268859863281,283.0067596435547,77.9555435180664,0.559208869934082,1,1.9919463231816976,,1,control
96,413.1852111816406,44.35499572753906,285.1129366316983,67.02021749046934,0.36114317178726196,1,0.13534234774186799,0.14170277861339142,1,control
97,425.4974060058594,173.12355041503906,280.1036203411081,130.91972650158098,0.7166934609413147,1,0.04302255562352872,0.14409214407588863,1,control
98,428.6983184814453,204.62278747558594,278.9412305981869,146.6360390840397,0.2571306824684143,1,0.0627775839084725,0.1497352996306786,2,control
99,429.27928161621094,44.180206298828125,292.9041358635815,68.38386345085146,0.47650960087776184,1,0.2689241945214184,0.20457522001298656,2,check
100,436.3950500488281,179.5277862548828,284.79223523796355,134.9365577102112,0.5110186338424683,1,0.2283820010294944,0.13399931448491803,2,control
101,439.9739990234375,25.653696060180664,299.7346050288506,60.16716574419869,0.6151132583618164,1,0.3202893881015723,0.14741687916661353,2,control
102,441.72496032714844,85.9302749633789,295.5380320561892,89.85558686892651,0.5406870245933533,1,0.10688120361602602,0.12525379499784733,2,check
103,445.39634704589844,23.58243179321289,302.6923774765247,59.81405527965878,0.48619648814201355,1,0.10308200643156114,0.13959695240350092,2,control
104,447.51177978515625,45.01288986206055,301.9380684665826,70.3215585735352,0.610786497592926,1,0.2028526332467532,0.15734947487756817,2,control
105,454.6140899658203,178.7882537841797,293.9024657311085,136.35635292938744,0.3090672791004181,1,0.17235530147399603,0.15496546901492506,2,control
106,463.2055358886719,144.23861694335938,279.61737574883676,130.87119130747755,0.3084302842617035,0,48.29596453777979,1.106945372707964,2,check
107,468.60479736328125,171.99575805664062,301.3392522618263,134.2896099472427,0.6239592432975769,1,0.1857627502151207,0.13278094277637023,2,control
108,473.64288330078125,151.18077087402344,305.5881443404463,124.41439471168523,0.4985046982765198,1,0.1998018412613541,0.12018439839996164,2,control
109,476.5703125,52.25934982299805,315.3276065510863,76.48499115148459,0.2730977237224579,1,0.24764315016824084,0.17440560569834446,2,check
110,481.544189453125,110.27405548095703,312.92528879935327,105.26503439867635,0.43335476517677307,1,0.05393641557673451,0.13916975947743512,2,control
111,482.21705627441406,87.62025451660156,315.243992423543,94.39547335363336,0.4666768014431,1,0.28726635929953603,0.12004571078240958,2,control
112,483.3604431152344,173.79640197753906,308.27171702158876,136.37873733340916,0.530887246131897,1,0.1670632445367345,0.14461631713982998,2,control
113,485.3572540283203,26.004486083984375,322.1197455240905,64.74697423272177,0.41187584400177,1,0.47712859174471933,0.16772854192024658,2,check
114,486.73487854003906,165.35682678222656,310.6918744383553,132.53366886336218,0.5882111191749573,1,0.12500441582912136,0.12620170340496858,2,control
115,495.63153076171875,154.88958740234375,315.95968286622985,128.27624145784077,0.5623644590377808,1,0.010787025389766641,0.14101698664128443,2,control
116,503.8671112060547,13.243724822998047,332.2742919921875,59.93741226196289,0.3931882381439209,1,0.47554102903287776,,2,check
117,506.83815002441406,83.10407257080078,327.55667659244835,94.22888857883768,0.43012914061546326,1,0.1264463074887758,0.14467839630557508,2,control
118,509.34332275390625,130.56822204589844,324.7057410274819,117.61844166981165,0.6084199547767639,1,0.07202360788117251,0.1426224706233828,2,control
119,510.7168273925781,62.6396369934082,493.8149719238281,150.94618225097656,0.3532232642173767,0,356.21404992436163,,2,control
120,521.2071228027344,115.3402328491211,331.7480641825959,111.19832588200877,0.4382462501525879,1,0.21838108375241613,0.13102842774976547,2,control
121,526.3366394042969,110.05933380126953,334.7720664556181,109.14201121473566,0.47232404351234436,1,0.049905810399450246,0.1077792939844876,2,control
122,533.2569122314453,52.587608337402344,341.4314880371094,81.13590240478516,0.6088724732398987,0,3.506646213685411,,2,control
123,538.9826965332031,100.62163543701172,341.740540114838,105.79102165519404,0.29666775465011597,1,0.17418233800019006,0.11805548594908667,2,control
124,539.6433868408203,202.15493774414062,333.4854644190789,155.33368612886656,0.6512006521224976,1,0.21526204680513625,0.12328166556302457,2,control
125,541.2611541748047,88.58415985107422,343.9204527744267,100.01485444112294,0.31089064478874207,1,0.13243097258142722,0.2124722313099202,2,control
126,542.7609252929688,134.61830139160156,340.75345276882007,122.65114009220503,0.5659893751144409,1,0.1772192769652488,0.17374494202464352,2,control
127,549.3001251220703,117.20732879638672,345.36729310330736,114.6577219441481,0.498995840549469,1,0.09966922035859031,0.14803303152610345,2,control
128,552.0286407470703,34.6445198059082,353.71543365551435,74.80617678973871,0.6206309795379639,1,0.07077784391481234,0.1391047264056587,2,control
129,557.98583984375,167.77468872070312,345.155007088854,140.01850416619516,0.6799991726875305,1,0.316083922110433,0.22794805939415633,2,control
130,561.1534729003906,109.6242904663086,351.8138873436402,112.19187198239706,0.5258991122245789,1,0.2637842313405018,0.11885149004360245,2,control
131,563.6076965332031,26.275562286376953,360.18457649416615,71.85469118122516,0.5184985995292664,1,0.37174795448422265,0.15103661524696774,2,control
132,576.174072265625,165.41741943359375,354.3138885498047,140.3475341796875,0.4557146430015564,1,0.472408300425653,,2,control
133,582.1261901855469,91.67549896240234,363.4582730727399,105.21418586824196,0.4226497411727905,1,0.04387074266017956,0.13313269639539954,2,control
134,588.487060546875,140.72874450683594,362.4025795461053,129.54360356380556,0.57319176197052,1,0.21985315567739455,0.12897575551269697,2,check
135,591.4727478027344,47.716644287109375,371.7797428655423,84.78176007252547,0.5951634049415588,1,0.18931147664217335,0.15889885932510836,2,control
136,596.2399291992188,183.95709228515625,360.8291778564453,150.75572204589844,0.620468020439148,0,3.6663557631941677,,2,control
137,598.1649780273438,64.83267974853516,373.51057422862885,93.60944449232124,0.651962161064148,1,0.05376301687390232,0.12994588772810464,2,control
138,603.8003845214844,105.7982177734375,372.87343499667935,114.04689618175301,0.3939865231513977,1,0.1298093773292159,0.0926978787994049,2,control
139,605.3108215332031,16.454482078552246,380.8602752685547,70.6806411743164,0.5129109621047974,1,0.48963748835946935,,2,control
140,611.0123596191406,126.22404479980469,374.72368783320786,124.78150899344266,0.288173645734787,1,0.45444126497435716,0.1102961004313443,2,check
141,611.0676879882812,174.60275268554688,325.9183807373047,170.1123809814453,0.296922892332077,0,100.76291624101495,,2,control
142,617.1593627929688,169.40069580078125,373.8853689825242,145.94668496777408,0.6709226369857788,1,0.4355479093797755,0.1540030184395279,2,control
143,625.8308410644531,119.09083557128906,382.40801148315836,122.38128101681663,0.5788562893867493,1,0.1493066281510892,0.13088331540584675,2,control
144,627.3821716308594,144.16940307617188,381.1186363118783,134.90737948991003,0.32688045501708984,1,0.31241262240536927,0.15751301208338592,2,check
145,629.8048706054688,20.06504249572754,392.5566611721949,74.63103842365999,0.25144460797309875,1,0.2768543854884318,0.24619024415576674,2,control
146,632.7657470703125,36.49643325805664,392.7559126397438,82.9484149771419,0.5441029667854309,1,0.12390979871003262,0.10938834942621567,2,control
147,642.1946411132812,58.807029724121094,395.7349511437653,95.12266448182952,0.2627265453338623,1,1.202747399705181,0.4157701390589446,2,control
148,653.7276153564453,111.11612701416016,396.56218182766736,121.02519961772988,0.31407618522644043,1,0.08272353348410817,0.2295701446068057,3,control
149,654.1771087646484,132.8310089111328,394.9201510760666,131.60267099556512,0.6680601239204407,1,0.14893872736121205,0.12272641118809491,3,check
150,656.7791748046875,174.5338134765625,392.75861267882493,152.24465243076236,0.5170340538024902,1,0.17318016537775546,0.10578301526013623,3,control
151,657.6892242431641,89.81820678710938,400.4843196970347,111.2867811310888,0.3295315206050873,1,0.5852909514449284,0.2154017394381409,3,control
152,658.1491546630859,35.168968200683594,405.0935599243414,84.57087774049977,0.5910613536834717,1,0.07043987323660711,0.11241630595566161,3,control
153,659.2933502197266,211.86129760742188,390.8168978514881,170.59675693785127,0.6035425662994385,1,0.07962344938383997,0.12187059557790565,3,control
154,662.5187835693359,145.5142059326172,397.9375454641154,138.52555782195967,0.5030331611633301,1,0.07163240644446332,0.13677629705769095,3,control
155,665.6563720703125,20.004623413085938,409.92428794922523,77.72543491313172,0.5939633846282959,1,0.4437420698968372,0.11744451066646228,3,control
156,673.4056243896484,187.3376922607422,399.7786488059445,159.96624916662765,0.584584653377533,1,0.24613645492782288,0.15405654982694791,3,check
157,680.9897918701172,63.32326126098633,413.31414794921875,99.83500671386719,0.4168856739997864,1,1.337640938597182,,3,control
158,682.6513824462891,19.848119735717773,418.35630985668575,79.42203187171387,0.4834743142127991,1,0.28210950220265096,0.20349293101542407,3,control
159,686.1913909912109,107.14366149902344,412.64201601875754,122.02546319544834,0.42080289125442505,1,0.022068004430194802,0.16467194637081692,3,control
160,694.6523590087891,119.92771911621094,415.7112830942945,129.00837320869337,0.6532301306724548,1,0.12939874414281924,0.11682714542929225,3,control
161,706.5858764648438,144.32247924804688,419.47990242680913,141.9796114226783,0.4752565920352936,1,0.27309478238498547,0.12310392982908794,3,control
162,709.8686370849609,61.16957092285156,427.86629094519947,101.64170172647147,0.7397027015686035,1,0.40994178300995643,0.15393414743777054,3,control
163,715.1725616455078,47.918846130371094,431.5435648409449,95.73734690074909,0.5707709193229675,1,0.32490293407689746,0.148339554051694,3,check
164,717.5918426513672,14.674736976623535,435.6180114746094,80.04681396484375,0.3982957899570465,1,0.21108172636570774,,3,control
165,721.5871429443359,128.32404327392578,427.97392254774286,135.385201494819,0.564507007598877,1,0.12198846340188936,0.14250337966939958,3,control
166,723.4252624511719,101.16635131835938,431.0373360621581,122.42424873448635,0.49762535095214844,1,0.18299257568602126,0.11938100993725044,3,control
167,726.8358306884766,45.14595413208008,437.93300561057254,96.05604485582796,0.4825733006000519,1,1.3694722568845719,0.2439696684313516,3,control
168,730.3588409423828,104.32208251953125,434.2466278344825,124.56041984691153,0.4422726333141327,1,0.08277009030552482,0.1500622187612968,3,control
169,734.786376953125,149.14060974121094,432.75223986471497,146.83506881013398,0.39079415798187256,1,0.369890841824414,0.14443696121673608,3,control
170,740.496337890625,203.884765625,430.8420652280505,173.85769147505292,0.61073237657547,1,0.1141661335129052,0.14995004925255787,3,control
171,741.8290405273438,196.7632598876953,432.16773778155766,170.62578010152222,0.5590304136276245,1,0.4019804786000492,0.1109946004411343,3,control
172,742.4690551757812,23.166318893432617,446.30747985839844,85.94338989257812,0.3943324089050293,1,1.3086764309553391,,3,control
173,745.5877990722656,164.40682983398438,436.63022971893616,155.18399945566043,0.41391023993492126,1,0.2523990829808903,0.14168501333848893,3,check
174,751.6833801269531,158.76136779785156,439.84938892505,152.76373903653015,0.38502463698387146,1,0.33915044415881185,0.17342565898315368,3,control
175,760.1948089599609,57.92304992675781,452.4743381213211,104.75928750503147,0.5477836728096008,1,0.03544195128207425,0.12527657709500253,3,check
176,761.5140838623047,29.241344451904297,455.49761855635296,90.95139800972727,0.6856021285057068,1,0.11111731070116267,0.16089361145087838,3,control
177,762.3720703125,51.40034866333008,454.0444093369894,101.8205807347438,0.3390039801597595,1,0.05333863473087908,0.16824510607116983,3,control
178,764.427978515625,169.94961547851562,445.19795361172515,159.45131860918383,0.616925835609436,1,0.037534916678399,0.1097283900515557,3,control
179,764.4818572998047,153.81581115722656,446.54969848054714,151.63946705528141,0.6250072717666626,1,0.06466168251579603,0.1456196157966034,3,control
180,770.8949432373047,89.4382095336914,455.09696391565535,121.07533278857059,0.3960006535053253,1,0.29915349989523027,0.1464171940767675,3,control
181,785.7491455078125,153.80606079101562,456.8535666992593,153.5471835290778,0.2946142256259918,1,0.1605505423269855,0.12781745541449197,3,control
182,790.2975769042969,213.11953735351562,454.0962991619118,182.75238827758682,0.6878501772880554,1,0.16792638348969463,0.12416716465716372,3,check
183,793.2075805664062,18.689050674438477,471.5836046744462,88.74627292320338,0.45048007369041443,1,0.030977966281354515,0.13431848785076522,3,control
184,795.4580688476562,39.42818069458008,471.0148579363196,98.98949139968384,0.40480297803878784,1,0.13466592424671617,0.11025153904967316,3,control
185,799.0828552246094,141.91444396972656,464.1992931053843,148.89240834496627,0.7051423192024231,1,0.04934416054076081,0.10557387417465977,3,control
186,801.1435241699219,76.29708862304688,470.6096735791154,117.29435193461651,0.47011733055114746,1,0.07181306318530378,0.14405119773737685,3,check
187,807.1036376953125,71.2188949584961,473.85431548860583,115.23072605976813,0.5228025317192078,1,0.3123890731594388,0.15594501579415038,3,control
188,807.7382202148438,133.35519409179688,469.251801365477,145.62819630259153,0.38584157824516296,1,0.4019650440064723,0.1678306321915137,3,control
189,810.0889892578125,155.07669067382812,468.41109615498425,156.15445811943857,0.5227469801902771,1,0.17531071334724663,0.11063113708420541,3,check
190,810.1473083496094,41.52002716064453,477.91078086212195,101.35953998027821,0.5715770125389099,1,0.2152591983107038,0.09749099819580115,3,control
191,811.5608215332031,143.41175842285156,470.2613198681026,150.8061778452468,0.610270619392395,1,0.3675823569517115,0.16048279249722588,3,control
192,813.5738525390625,201.18838500976562,466.2898185155618,178.92614462392118,0.2999095916748047,1,0.025174782556502903,0.14545506079014642,3,check
193,815.6996459960938,125.69202423095703,473.52361588125484,142.4133102316423,0.5031058192253113,1,0.1804170293132324,0.1724800246932046,3,control
194,828.8744506835938,105.63455200195312,481.52872249915896,134.02444277422302,0.29577428102493286,1,0.1685363024196027,0.10450936161142797,3,check
195,832.1627807617188,53.328857421875,487.4492410670554,108.97961569377368,0.3019268214702606,1,0.07563996955399034,0.1591841869066846,3,control
196,832.59423828125,101.67849731445312,483.6147291389057,132.38804964688708,0.4000260829925537,1,0.12314128780610496,0.1258901884377391,3,control
197,835.6309814453125,210.9004364013672,476.147963335946,185.60329581555644,0.45929840207099915,1,0.12176634526637986,0.11978677906909602,3,control
198,15.714110374450684,329.5324249267578,63.412654876708984,171.43218994140625,0.2975279986858368,1,0.5767977510238373,,4,control
199,23.99956512451172,404.7372131347656,4.090516090393066,333.6944274902344,0.2894604802131653,0,269.04450538801075,,4,control
200,25.602191925048828,327.11329650878906,68.4124207616553,170.8900020764593,0.299008309841156,1,0.06482618386219352,0.16715875405789127,4,check
201,35.71034622192383,383.8775939941406,68.05227661132812,199.57296752929688,0.6124018430709839,1,0.888909575905096,,4,control
202,41.915916442871094,406.0064697265625,69.33776908608705,211.33685800202375,0.6031728386878967,1,0.30391947750616116,0.12176417287246342,4,control
203,46.6972541809082,282.63877868652344,83.3746337890625,150.33807373046875,0.5145353674888611,1,1.2487376317663939,,4,check
204,50.35039138793945,299.1352081298828,83.2127062021378,159.20368213184102,0.39108216762542725,1,0.21108815053667726,0.11443792065547707,4,control
205,54.0722770690918,284.0205078125,86.50236471099849,152.16195496309075,0.6039304137229919,1,0.03782132876495691,0.09757080732278037,4,control
206,55.51171112060547,407.1140441894531,76.09774073183858,213.10794413910807,0.39228421449661255,1,0.22308608203117528,0.10322768663181665,4,control
207,59.55158233642578,292.11790466308594,88.59781905089282,156.71847840041858,0.35033828020095825,1,0.22891406737777537,0.16588246777603616,4,control
208,67.43548583984375,256.5039520263672,95.61777488644833,139.79229435342634,0.707474946975708,1,0.09890643159972878,0.20489732358861384,4,check
209,69.79524993896484,280.5728759765625,94.65778373659963,151.87547278798527,0.4883075952529907,1,0.05193382391598754,0.15606177410258593,4,control
210,70.08748626708984,300.80982971191406,92.98939520969479,161.85606294455107,0.4898439049720764,1,0.04597917093295482,0.12420297494588259,4,check
211,75.60301208496094,306.8962860107422,95.21788108062488,165.33027339523707,0.5490921139717102,1,0.10066850130603652,0.1136207000643167,4,control
212,78.67377471923828,401.58233642578125,88.30817495245425,212.5818654785088,0.38174524903297424,1,0.19123050644907075,0.14787460505448274,4,control
213,81.62566375732422,378.0873718261719,91.72064114691668,201.10022465047692,0.4049415588378906,1,0.21756842957253836,0.11216356468028231,4,control
214,84.80941009521484,368.1584777832031,94.29550619159765,196.50583462331775,0.4232712984085083,1,0.022528522511447394,0.11013747995750392,4,control
215,90.45946502685547,373.9943542480469,96.63917776658589,199.9473310373085,0.3935717046260834,1,0.11974516851516072,0.1487500568723143,4,control
216,98.61498260498047,409.0675964355469,97.53191423908054,217.96170748890503,0.6691442131996155,1,0.057651706958980475,0.11552879201085839,4,control
217,99.99893188476562,252.3413848876953,112.11959651663057,140.4442134543805,0.6016320586204529,1,0.4640284995559944,0.14902976004610471,4,control
218,103.36286163330078,358.5069885253906,104.5537863355369,193.51954530184878,0.31149202585220337,1,0.3613190478283806,0.1654188840641342,4,control
219,104.18157196044922,280.59181213378906,111.74375953488133,154.98216631183527,0.532588541507721,1,0.1698275151042661,0.11670804335901405,4,control
220,104.89659118652344,303.7984619140625,110.08248234474809,166.49746208103016,0.5273400545120239,1,0.06953865998041324,0.12124916574749661,4,control
221,116.74642944335938,395.97637939453125,107.78825482050432,213.14551593066696,0.4888100028038025,1,0.08696354724418502,0.10734220567188528,4,control
222,121.3974380493164,295.6136779785156,119.06650558653824,163.94103251491345,0.30103039741516113,1,0.07828943182727081,0.10040836059437268,4,control
223,123.06401062011719,383.56732177734375,111.94913478864972,207.49432018715092,0.6708962321281433,1,0.16846486016695045,0.11489957892956817,4,control
224,125.37776184082031,328.47621154785156,118.13869858043141,180.53384510815658,0.497150719165802,1,0.10987751386336081,0.16880253200591486,4,control
225,131.88392639160156,273.4761657714844,126.36701771868016,153.99560781775241,0.449851393699646,1,0.2695934648281076,0.15825168565163214,4,control
226,134.321044921875,252.44369506835938,129.27830497666136,143.7394601240874,0.39263883233070374,1,0.13624788919408723,0.15843885053058462,4,control
227,137.3460693359375,333.4024658203125,123.66339584408934,184.0500651022943,0.5659313201904297,1,0.13985510342412094,0.1310770280775956,4,control
228,139.52731323242188,240.24575805664062,132.96590524108703,138.17779965300704,0.7670914530754089,1,0.1340142058901942,0.1310305858090168,4,control
229,139.5858917236328,219.853271484375,134.89667068298462,128.22747380133998,0.4523996412754059,1,0.11540846396123122,0.09242829041483247,4,control
230,142.66465759277344,260.1287536621094,132.82847521499426,148.23846056621105,0.4790545105934143,1,0.13238413959670017,0.13821859097258843,4,control
231,144.4582977294922,416.4695129394531,119.73839757541029,225.5485929885256,0.6125048398971558,1,0.306147681749674,0.1549363157449933,4,control
232,146.74046325683594,370.30267333984375,125.08362592025387,203.05332576666527,0.7548885345458984,1,0.12494583844273356,0.13831383283024373,4,check
233,147.63963317871094,424.95037841796875,120.41567004098415,230.01211117240965,0.5935441255569458,1,0.4793452095128057,0.1564043027383504,4,control
234,151.17752075195312,268.30108642578125,136.2804879695187,153.0264683099753,0.6531520485877991,1,0.15061326631506847,0.15354150339162417,4,control
235,158.5257110595703,351.25811767578125,132.53011985272482,194.63083116738846,0.5050686597824097,1,0.16525558936007823,0.13120771369436723,4,control
236,162.64910888671875,318.3376770019531,137.59790188373904,178.8006299894765,0.4958566725254059,1,0.05295350002680292,0.16318205736244515,4,control
237,165.8580780029297,400.54132080078125,131.85445933491474,219.72966379358235,0.36485755443573,1,0.053182876805412546,0.11658835644152397,4,check
238,172.31153869628906,395.1242370605469,135.42510891480558,217.43405093286353,0.29208827018737793,1,0.3965924394847949,0.11841715216399491,4,control
239,176.9119110107422,367.688720703125,140.3156558761598,204.49450311069816,0.46549856662750244,1,0.13720069683365696,0.11874674669734055,4,control
240,178.69552612304688,215.23658752441406,154.7286720272089,129.43227097607837,0.37508276104927063,1,0.07033068361151303,0.1110859139741942,4,control
241,184.0655059814453,277.10499572753906,151.92670365756013,160.44868463631948,0.4352244436740875,1,0.17703645210301705,0.15874362473025241,4,check
242,188.59454345703125,271.1206512451172,154.66818478426563,157.80139489338484,0.519660472869873,1,0.06306518856599928,0.10763051643278589,4,control
243,189.22601318359375,306.5209655761719,151.86502132540488,175.394386732362,0.6001003980636597,1,0.13409889830043864,0.20310149802610697,4,check
244,190.1602020263672,328.7874298095703,151.61727905273438,187.91079711914062,0.43168485164642334,0,3.952624067544975,,4,check
245,197.28904724121094,243.38674926757812,161.37550619349128,144.9624016193301,0.7309125065803528,1,0.10202804753009384,0.1578037181207448,4,control
246,206.2660675048828,410.4513244628906,151.1760605454584,228.24557592586123,0.48801907896995544,1,0.2533689285602248,0.17733395142032846,4,control
247,218.24957275390625,328.71360778808594,164.32911416920135,188.86890342998944,0.49670711159706116,1,0.10422907996564978,0.1765365906271922,5,control
248,223.51756286621094,419.5807800292969,158.7118554342196,233.92315697744107,0.5834382772445679,1,0.5950075593406202,0.18276577176921305,5,control
249,224.07179260253906,370.9293518066406,163.47971595920114,210.29776599589826,0.33103394508361816,1,0.21094879165642738,0.1463416950834236,5,control
250,228.61962890625,282.3222961425781,173.61643262520874,166.89714252166496,0.7162228226661682,1,0.19684101034157667,0.11161669860033525,5,control
251,234.54510498046875,275.87562561035156,176.97088781788855,164.1835727588163,0.7145848274230957,1,0.2099502776382334,0.14875645470709914,5,control
252,238.47352600097656,317.2552032470703,175.48069763183594,184.9561004638672,0.6275426745414734,1,0.3303415092294138,,5,check
253,251.63246154785156,351.18853759765625,178.7712951265628,202.81012627407716,0.6194829344749451,1,0.23164005892749542,0.12539427059344727,5,check
254,253.80825805664062,262.73680114746094,187.57593101642152,159.35324571613316,0.5420919060707092,1,0.4498333496888039,0.1918408029709761,5,control
255,258.13999938964844,422.0268249511719,175.7695500124511,238.33822100263492,0.5281609892845154,1,0.21842421950291,0.1704052213932912,5,check
256,258.4002990722656,412.7702331542969,176.89556037313116,233.9272036478038,0.4640618860721588,1,0.2619281842999727,0.1330050472216935,5,control
257,260.3473358154297,342.8767395019531,183.86442096034477,199.5281970516648,0.7542963027954102,1,0.10840862032373212,0.10350053694870465,5,control
258,261.3602752685547,256.22386169433594,192.1003588302104,157.02666980785895,0.6589774489402771,1,0.15230432328634497,0.20171226760896674,5,control
259,268.8346862792969,247.78598022460938,196.36730481049636,153.23938351999368,0.6889573335647583,1,0.5886931355634085,0.1926445698449201,5,control
260,270.02040100097656,361.57025146484375,187.00143116980044,209.60435264789982,0.7253665328025818,1,0.11253584512221845,0.12699626295903949,5,control
261,272.19740295410156,237.77993774414062,199.1341953037986,148.93221813273757,0.42411354184150696,1,0.2602455689155276,0.11021342451251784,5,control
262,286.6210632324219,270.8271789550781,203.21160619766766,166.40317904811218,0.36524519324302673,1,0.0710000995628855,0.14920347136296738,5,control
263,295.2809295654297,298.3719940185547,204.97102429067186,180.63811136678382,0.5617460608482361,1,0.33419991913423647,0.17072842223593943,5,control
264,298.7552947998047,348.7625427246094,202.32020843015954,205.71643835185185,0.5683231949806213,1,0.3208050305667062,0.14265131008618784,5,control
265,309.7820739746094,327.2346954345703,209.6428680419922,195.7004852294922,0.47930315136909485,1,1.0743518368152656,,5,control
266,314.7979431152344,234.35687255859375,220.31932616332935,150.98878881970498,0.6798801422119141,1,0.08019082084022505,0.19389948110104613,5,control
267,317.30067443847656,285.65101623535156,216.87091672144226,176.30672585373583,0.47004562616348267,1,0.5152380810223036,0.21283106053900386,5,control
268,318.12535095214844,322.5138397216797,214.2829114053869,194.5273702120821,0.7421702742576599,1,0.23244477599654045,0.12597422131089267,5,check
269,319.2406005859375,416.3316345214844,206.60325563849798,240.96550672101972,0.5968813300132751,1,0.004241400965916569,0.10242250055446306,5,control
270,325.56227111816406,302.7391052246094,219.73748449344356,185.55986790542389,0.43153145909309387,1,0.12714417331073138,0.13073761443537318,5,control
271,329.71131896972656,215.2726287841797,229.41272928457843,143.03284554300646,0.5939792990684509,1,0.1385205363170735,0.12801564434443358,5,check
272,330.3948059082031,284.0858917236328,223.61836281637883,176.6652300490186,0.7327582240104675,1,0.36511480131309504,0.11488720707793734,5,control
273,333.8881530761719,329.7893981933594,221.35933084394037,199.57808038993053,0.636108934879303,1,0.14148045171203683,0.10213301764635183,5,control
274,341.0457458496094,391.4111022949219,219.51801119471952,230.55853498329287,0.5476065874099731,1,0.10856328650420499,0.10424795712952867,5,control
275,343.42205810546875,361.3245849609375,223.5346579741381,216.15119947677795,0.3594975769519806,1,0.48242820344616555,0.2090708469842655,5,control
276,345.233642578125,248.49838256835938,234.09885939145036,160.6691071877698,0.5902014970779419,1,0.024399202508255197,0.13834794035345663,5,control
277,351.2767028808594,408.1500549316406,223.08657086237545,239.67833767658828,0.5933715105056763,1,0.17080645075522488,0.1019930094923643,5,control
278,352.460205078125,317.86143493652344,231.57512578354383,195.31490411372818,0.5002106428146362,1,0.1736356749106248,0.1182738438647738,5,control
279,372.864013671875,347.1527099609375,239.28084051950145,211.75724097512568,0.3272411525249481,1,0.45392713795422907,0.13195787477179133,5,check
280,373.6265869140625,411.71575927734375,233.97692517993903,243.54692937533713,0.5015077590942383,1,0.2949098377504176,0.15173615629036483,5,control
281,374.01141357421875,229.05873107910156,250.06688084252585,153.8159020335364,0.30587854981422424,1,0.30468262934063417,0.11311832210058546,5,check
282,384.7552795410156,240.04640197753906,254.42331091488455,160.15020570413174,0.43175166845321655,1,0.3323323880065844,0.08283662550202615,5,control
283,385.0697021484375,333.4854431152344,246.3302287873594,205.80523732578098,0.6271123886108398,1,0.26801547376289997,0.16259901956848336,5,control
284,389.9276123046875,297.7989196777344,251.8262320635133,188.89068239264174,0.5019311308860779,1,0.1097506969169394,0.13304707675033503,5,check
285,393.8528747558594,379.77191162109375,246.61089358111735,229.49212735721503,0.6831121444702148,1,0.06235416907091756,0.1393694699107801,5,control
286,394.9244384765625,292.5583038330078,254.7772206224745,186.69792446683198,0.5355322360992432,1,0.07407433349425717,0.12431139092015923,5,control
287,395.7130126953125,219.34169006347656,261.5774687244106,150.95680595015975,0.42526301741600037,1,0.2646452978055273,0.20429125156033773,5,control
288,397.2716979980469,359.6730041503906,250.05115965575953,219.86287938659945,0.5414531230926514,1,0.0554486174517471,0.12272744703481592,5,control
289,402.60443115234375,265.41944885253906,260.8929165757992,174.08484282497525,0.4037489891052246,1,0.05577261752158856,0.14982733209417337,5,control
290,402.6401062011719,343.38006591796875,254.1667556611411,212.37803680986943,0.33508962392807007,1,0.10360742629345843,0.12048311866988953,5,control
291,406.72430419921875,254.1002655029297,263.9057058716915,168.87991467513837,0.39506739377975464,1,0.06199141653657874,0.11906131750958739,5,control
292,406.755615234375,320.4591827392578,258.1949313971859,201.52558029857937,0.34501776099205017,1,0.19248221878048646,0.15556203471063068,5,control
293,406.81927490234375,387.8153991699219,252.33463182317618,234.50330563188888,0.5416762232780457,1,0.12365828759187653,0.133893116971546,5,control
294,412.45465087890625,366.4131164550781,257.06007692630607,224.6536816569862,0.36031031608581543,1,0.3231667457872269,0.14958273527600904,5,check
295,440.6732482910156,386.0854797363281,269.12636085583915,236.70179546916367,0.4329349994659424,1,0.07168031705911738,0.09880896836172331,6,control
296,443.88169860839844,354.31878662109375,273.5806279936616,221.43382112193748,0.6984785199165344,1,0.3120745005626934,0.11272177737025103,6,control
297,445.14439392089844,327.2115936279297,276.33709178113133,208.07275595769673,0.6242583990097046,1,0.21384780522352384,0.11054307248048224,6,check
298,451.2531280517578,215.9965057373047,288.95673744939893,154.16424610373505,0.44921961426734924,1,0.11293422976896667,0.12521216586880196,6,check
299,451.83009338378906,378.96771240234375,275.2182403014774,234.07646545607017,0.6954249739646912,1,0.1325255938871151,0.0749902214475487,6,control
300,455.97862243652344,286.833740234375,285.19326111172313,189.29080165800832,0.47083351016044617,1,0.06778651629809983,0.12607831096095318,6,control
301,461.55201721191406,280.5201873779297,288.5131143387307,186.6959204016734,0.4195978343486786,1,0.037840395958598796,0.1472294390688397,6,control
302,463.2100524902344,302.7499542236328,287.3836762186251,197.75764761409076,0.5447812676429749,1,0.07958533126589157,0.17405387791256424,6,control
303,471.5985412597656,318.52886962890625,290.0864832326227,206.17112542958944,0.5911494493484497,1,0.14731218378094715,0.12390564032668397,6,control
304,472.09092712402344,418.4339294433594,281.8810542129851,255.41216024026374,0.3694898188114166,1,0.29435600609141965,0.10670361364001706,6,control
305,473.24952697753906,346.8780517578125,288.49276881987197,220.23142303155186,0.6638495326042175,1,0.07009821747340263,0.14942248910661612,6,control
306,473.39080810546875,219.56466674804688,299.4606268411762,157.75445230605933,0.25655633211135864,1,0.31703990951195316,0.17787275270301472,6,control
307,473.68418884277344,248.249267578125,297.29695962373,171.99512928601087,0.4241448640823364,1,0.17321427966355274,0.3237439178308243,6,control
308,478.6982727050781,229.8935546875,301.4272106713543,163.54425073807133,0.29184436798095703,1,0.43529896684084024,0.16642186757053906,6,control
309,485.7032470703125,223.29241943359375,305.22632649874674,160.71806574879938,0.33434543013572693,1,0.1762412732572647,0.18847731940225965,6,check
310,488.85435485839844,400.8764953613281,291.51032876996703,248.18794832281276,0.4769999086856842,1,0.11976222682772385,0.09383754661971916,6,control
311,490.2333526611328,410.40216064453125,291.41121010177335,253.061686008335,0.6012308597564697,1,0.26806970506177363,0.11193038867224897,6,control
312,500.0379333496094,307.1152648925781,305.2232219771631,203.31984108537802,0.5738380551338196,1,0.5391058134740679,0.37896580863594703,6,control
313,505.5726013183594,344.7363586425781,304.5993802944259,222.1077598606705,0.6201700568199158,1,0.19122636176449814,0.14125557078784468,6,control
314,506.2965850830078,226.6942596435547,314.5189208984375,163.97528076171875,0.5499436259269714,1,1.206874835543306,,6,control
315,507.3756408691406,354.2948913574219,304.6748832085704,226.936482217611,0.6030923128128052,1,0.1783198833823702,0.09869849863389074,6,control
316,517.0775909423828,411.27825927734375,304.49567827110985,255.61640846055522,0.63283371925354,1,0.15237240478780756,0.11456785755777414,6,check
317,525.0176544189453,225.57537841796875,324.079665810954,165.22503947365388,0.5211045742034912,1,0.5239578932402355,0.18560841857532454,6,control
318,530.7173004150391,343.5984191894531,316.97519428175,223.6733427288881,0.6195930242538452,1,0.036254540706395104,0.1424598995828528,6,control
319,533.8120880126953,348.42523193359375,318.12984016764705,226.3165315396807,0.5773342251777649,1,0.1409628805823565,0.15215886422321304,6,control
320,537.9698791503906,265.5334167480469,325.9016571044922,184.7688446044922,0.5444375872612,0,3.6806081516045075,,6,control
321,540.952880859375,394.42315673828125,318.27125549316406,250.35977172851562,0.5396168231964111,1,2.1998797258340916,,6,control
322,546.5561065673828,352.89019775390625,324.03216480951755,229.7871144691919,0.39684736728668213,1,0.44975137130739984,0.1766407300402142,6,control
323,551.4678497314453,215.88673400878906,338.0690735049028,163.06731505960045,0.5198076963424683,1,0.17150394005413877,0.13938690741579018,6,control
324,560.4840393066406,424.1114501953125,324.5620943730729,265.7596881841425,0.45271754264831543,1,0.1433892541916592,0.14733592841105977,6,check
325,572.1215515136719,349.2284240722656,336.61554548048144,229.88040422644963,0.4376700520515442,1,0.36552565599596676,0.25910539285760736,6,control
326,575.5364685058594,271.42848205566406,344.9894372679644,192.26756491640532,0.5856167674064636,1,0.05995073179488495,0.10829922859845308,6,control
327,576.1943664550781,336.19969177246094,339.8023293528908,223.96772504741932,0.641349732875824,1,0.07918622464612828,0.1289143116041418,6,control
328,576.8942565917969,299.91400146484375,343.31929626217755,206.3725805839226,0.39732274413108826,1,0.18682889363533406,0.14123435401605153,6,check
329,582.5477600097656,375.9289245605469,339.5822419330643,244.18329381770485,0.478992223739624,1,0.34617169199983067,0.11753521990907644,6,control
330,586.468994140625,225.76910400390625,354.0913067728986,170.83846045341937,0.48265284299850464,1,0.3206188156272502,0.10430391363865309,6,check
331,590.4198303222656,296.2804870605469,350.2424299165966,205.7687404887814,0.6233429312705994,1,0.2001811398616381,0.17914784488451505,6,control
332,593.2779846191406,371.1298522949219,345.2035103285839,242.65846457164454,0.621084451675415,1,0.13105109276114232,0.11745541656565855,6,check
333,603.9047241210938,312.9043731689453,355.31768181123897,214.90993768377515,0.5646560192108154,1,0.22025534924274706,0.1202499057593972,6,control
334,606.7649230957031,244.96868896484375,362.35812985483557,181.78434367338625,0.4429863691329956,1,0.6425204898309863,0.3669007646796804,6,control
335,608.5635681152344,420.6437072753906,348.34131935171433,268.11772955740486,0.3390519917011261,1,0.2293760767259646,0.1420140795827826,6,control
336,613.60302734375,288.47593688964844,362.04613771934964,203.89914670925302,0.378854900598526,1,0.15750731942568952,0.1928514977253583,6,control
337,614.0535278320312,253.74693298339844,365.43962604714585,187.19514800845647,0.50941401720047,1,0.4971023050385791,0.2734602986100432,6,control
338,620.42236328125,380.2680358886719,357.69937368392397,249.49979584663376,0.6737339496612549,1,0.1814555663102104,0.16962382116569433,6,control
339,621.1728820800781,362.9173583984375,359.4455026628103,240.89686876817416,0.5174981355667114,1,0.2125595393297794,0.13569550232962982,6,control
340,625.2978210449219,332.91107177734375,364.116588641993,226.71927692031616,0.4146684408187866,1,0.17508094700653523,0.09027756333640508,6,check
341,626.5248413085938,312.2821807861328,366.3952324913852,216.72626104959872,0.3894970118999481,1,0.07690937397709117,0.12683216375983522,6,control
342,636.0338439941406,424.2036437988281,361.4980174404999,272.2437250166776,0.5269417762756348,1,0.13248745305019458,0.15331154450660922,6,control
343,636.8544311523438,224.2254638671875,378.86714603503367,174.64528211916945,0.5250205397605896,1,0.07407755332915275,0.15496841350117624,6,control
344,643.4119873046875,287.8459014892578,376.740914209362,206.34875339997856,0.45718833804130554,1,0.2818184568172565,0.1182618651254538,6,check
345,645.1932678222656,231.64474487304688,382.2642049400253,178.95413367163462,0.532042384147644,1,0.056352163691187236,0.15277897235429402,7,control
346,647.114501953125,375.5280456542969,371.0994149443575,249.42939302508694,0.5497319102287292,1,0.08800731890611317,0.11635347763422622,7,control
347,651.5038909912109,274.7679138183594,381.76418030317467,200.6109851488686,0.4375562369823456,1,0.16059586804648396,0.13702231761733072,7,control
348,655.6496124267578,268.27772521972656,384.24430988640967,197.69802201994844,0.28280773758888245,1,0.11404233105047998,0.12749872490299619,7,control
349,668.5644989013672,226.42947387695312,394.1168901738217,178.52544064542076,0.2587588131427765,1,0.13541066635693108,0.12151091975600987,7,control
350,672.5091400146484,221.4873046875,396.446540407496,176.3978664039051,0.5082481503486633,1,0.08514860439464501,0.12354275027488641,7,control
351,677.4629058837891,426.44390869140625,381.5068173867438,276.96888176684695,0.5599356293678284,1,0.04194492367196933,0.19612371704494677,7,control
352,682.8790130615234,397.1025695800781,386.6200194582664,263.0997012774668,0.39627644419670105,1,0.09407013891568276,0.11441403817470695,7,check
353,693.8146514892578,303.7200164794922,399.88232732947364,218.381450262531,0.6643642783164978,1,0.12012246566576756,0.09994156121951062,7,check
354,703.1375579833984,291.3773956298828,405.40936706119504,213.21960408567978,0.3768063187599182,1,0.13633087019254234,0.1321700713758307,7,check
355,705.5209045410156,363.2052307128906,400.5223526791821,248.44012402745452,0.6093709468841553,1,0.04551557976539604,0.12591425533575323,7,control
356,706.1378479003906,299.6475067138672,406.1394415098932,217.52409929345134,0.46930110454559326,1,0.147126402323058,0.1320237672823734,7,check
357,706.3487548828125,377.4311828613281,399.7316256796455,255.54659716614609,0.30533528327941895,1,0.1873451124196687,0.1837729086463429,7,control
358,720.8859405517578,408.4623718261719,404.0712377246965,271.8708202538115,0.4929824769496918,1,0.16898947163109046,0.14308898191078995,7,control
359,723.4846649169922,248.16522216796875,418.8921566047728,193.81384562799673,0.37077102065086365,1,0.12621264866528234,0.12901758680744416,7,control
360,724.3285217285156,416.8676452636719,405.12171063747934,276.33233703168827,0.47925686836242676,1,0.08302012695570134,0.16327848888667446,7,control
361,728.3821105957031,425.82568359375,406.3709698709166,281.09541074724734,0.4983375370502472,1,0.1667063629623685,0.13249335892135897,7,control
362,730.6136779785156,327.3623046875,415.77679585348557,233.1720578065119,0.463576078414917,1,0.2361391141778659,0.11882042610439492,7,control
363,731.0873718261719,413.3414611816406,408.6410989545415,275.05050258661055,0.42665767669677734,1,0.22190488015200344,0.15859033863709984,7,check
364,731.1455841064453,393.9513244628906,410.41351201446474,265.75289309756573,0.554558277130127,1,0.2080854695366115,0.11989650105541004,7,control
365,741.2457122802734,276.1870574951172,424.99768520527033,208.9347973491561,0.41315722465515137,1,0.37239775094733985,0.1541547149211905,7,check
366,741.4709930419922,228.90353393554688,429.2427876259588,186.22873487827272,0.5282124876976013,1,0.34078352930060096,0.13460847995475278,7,control
367,747.16650390625,244.7755584716797,430.6370778639506,194.37471322078824,0.6250026822090149,1,0.17449102335400435,0.13069128628527238,7,control
368,752.3178253173828,309.4256591796875,427.6343368107506,226.160396332273,0.3708322048187256,1,0.19662409127027788,0.11951567666783273,7,control
369,755.1743469238281,246.6845703125,434.40405400458445,196.10286178568953,0.5122808814048767,1,0.4016724545325743,0.12965430931652153,7,control
370,757.4263763427734,377.9099426269531,424.36841221739263,260.01711910992555,0.3621286153793335,1,0.21089749081696046,0.12381406947867235,7,control
371,758.6898956298828,353.0788879394531,427.02942774803176,248.00475156459655,0.6522013545036316,1,0.2560823476084285,0.11817068585108606,7,control
372,763.148681640625,284.6854248046875,435.1328616258897,215.26744442640856,0.4527266025543213,1,0.3966287557416967,0.15324293088307864,7,control
373,763.1878051757812,305.2615966796875,433.32125102507786,225.15047343510588,0.4066022038459778,1,0.027428909534076996,0.12475058925819903,7,control
374,765.3230285644531,330.7184753417969,432.1879745410775,237.77985550804868,0.3808986246585846,1,0.10022059343983548,0.1213266773189882,7,control
375,773.0511779785156,233.4675750732422,443.83480315873106,190.65101711813662,0.6388457417488098,1,0.9359238097545572,0.32510213267189997,7,control
376,778.665771484375,358.1702575683594,436.3034900538629,252.19077827284406,0.5003563165664673,1,0.23818922240632734,0.14497678733429073,7,control
377,778.8904724121094,222.39007568359375,447.80943060517257,186.0965943416687,0.5596775412559509,1,0.1641444489469457,0.1356711502619589,7,control
378,790.4457397460938,262.80787658691406,450.02341030357184,206.9087114475816,0.6662761569023132,1,0.13951820232992027,0.1352668135860349,7,control
379,794.2222900390625,404.02960205078125,440.1087042991955,276.0792478834106,0.3875199854373932,1,0.16507727538376935,0.11450630958672275,7,control
380,798.9027099609375,399.4969787597656,442.68205417128576,274.1513976115944,0.47034454345703125,1,0.11159766554303155,0.11614083629927859,7,control
381,816.8389587402344,290.76075744628906,460.4230769040798,222.79082778728616,0.45548075437545776,1,0.12247979360421919,0.13475652712949227,7,control
382,819.9362487792969,365.6328430175781,455.75895142663177,259.4892471182551,0.516085147857666,1,0.10663367446594035,0.1368789498528266,7,check
383,820.3115844726562,278.26214599609375,463.9529266357422,217.7435760498047,0.39010167121887207,1,2.286400803225588,,7,control
384,823.0545654296875,358.5181884765625,457.7633912332907,256.150095644633,0.314701110124588,1,0.25760772736287535,0.1595364757621575,7,check
385,823.708740234375,403.6741027832031,454.36779359724756,278.4095283020052,0.5876436829566956,1,0.11512952294946864,0.15696206264653553,7,control
386,824.8920288085938,241.28964233398438,468.4343172782092,199.3960204878242,0.25974830985069275,1,0.04492266097559879,0.1413593497880078,7,control
387,828.4841918945312,324.8291778564453,463.3052507437996,240.4295413281925,0.7380573153495789,1,0.2673064609949069,0.1232602521803458,7,control
388,828.5034790039062,394.8326416015625,457.55317646756765,274.59846998674135,0.42815056443214417,1,0.4073604114038329,0.15906981266359282,7,control
389,829.0841674804688,228.3919677734375,471.4143953935885,193.3810282751322,0.559197187423706,1,0.2761552731584273,0.16725997431222836,7,check
390,833.0899963378906,334.9160614013672,464.58541589576714,245.57202928536898,0.5577043294906616,1,0.13368340124850156,0.11800517839505092,7,control
391,836.8797607421875,231.67739868164062,474.9346604859425,195.73491032802733,0.706574559211731,1,0.12420809164877275,0.13097285114991739,7,control
392,841.2557373046875,397.3631286621094,463.63453674316406,277.02903747558594,0.5663278698921204,1,0.7484016065636829,,7,control
393,846.9544982910156,268.39886474609375,476.84107971191406,214.57275390625,0.3578076660633087,1,0.2232191323722866,,7,control
394,18.88042640686035,481.86326599121094,50.996626701789296,247.09442938456755,0.38232871890068054,1,0.033604398720904385,0.11596392851480604,8,control
395,23.601327896118164,529.2604064941406,49.10088309517798,271.0464970049238,0.5163000822067261,1,0.12100169022431205,0.10304112609357198,8,check
396,27.100318908691406,540.8062133789062,49.79884934800161,277.1192611763991,0.48479577898979187,1,0.08384462397447083,0.12751594640974595,8,control
397,31.737548828125,573.1081848144531,49.246049584291676,293.7828568783459,0.41426149010658264,1,0.2603687695829956,0.1335079397365358,8,control
398,32.65545654296875,455.1680603027344,60.36851946859642,235.07322251701058,0.40862178802490234,1,0.07183318563624487,0.15882192902415365,8,control
399,33.26116180419922,543.9322052001953,52.538979442263965,279.3310100376622,0.491849422454834,1,0.19834141125464422,0.10418684004826123,8,control
400,35.09347915649414,627.3980712890625,45.879757015565225,321.014129657219,0.5966039299964905,1,0.1406140560693709,0.11557891311960937,8,control
401,37.30474090576172,564.2220153808594,52.69062657853143,289.6422113904146,0.4479367136955261,1,0.2581489824031289,0.14330709244223933,8,control
402,42.84092330932617,643.0605163574219,48.40914816179951,329.5314843518126,0.4402502179145813,1,0.02512468654552905,0.09447294020701114,8,control
403,49.44850540161133,488.49583435058594,65.74694028473117,253.1313336458031,0.4979332685470581,1,0.09372616526819202,0.14918093823152648,8,control
404,51.67979431152344,516.8539581298828,64.21366979937883,267.3236559963429,0.43285462260246277,1,0.2256456345025782,0.10850671162069234,8,check
405,70.86408996582031,471.9527893066406,78.05645058433743,246.8637664923397,0.28843867778778076,1,0.2735228541967747,0.18224402704542067,8,control
406,73.1203842163086,435.2552032470703,82.50403996722176,228.82288057458072,0.6512842774391174,1,0.24814795589185681,0.09264662367671427,8,control
407,74.45640563964844,555.1728210449219,72.24215796477874,288.4217405277122,0.6595810055732727,1,0.07507391397699117,0.09297110095056899,8,control
408,75.46389770507812,487.43080139160156,78.86130134565776,254.81638030070874,0.3045385777950287,1,0.08000868465346062,0.15356412326342275,8,control
409,75.4912338256836,615.3620300292969,67.38309513986084,318.545619630359,0.6172673106193542,1,0.08040630424363307,0.12356207590158039,8,control
410,79.3326644897461,572.1233520507812,73.14548011227389,297.28855904756875,0.3391839265823364,1,0.092806918354211,0.1312626592033896,8,control
411,83.3499755859375,609.1287536621094,71.83343382975544,316.0768605020697,0.6324225664138794,1,0.060839922543147296,0.09290524607715224,8,check
412,96.01383209228516,528.3722991943359,85.48925956375528,276.9793690420611,0.6292960047721863,1,0.024731543412696733,0.09790383387916907,8,check
413,97.93266296386719,455.44696044921875,93.08454285911239,240.98542211035954,0.3398377597332001,1,0.16329737884288675,0.14251984190316427,8,control
414,99.21983337402344,489.7364959716797,90.59675566653054,258.1360778367689,0.41802269220352173,1,0.14771579833766815,0.11234521178616921,8,control
415,102.03620910644531,556.2016448974609,85.83917233663863,291.14738655530493,0.25112655758857727,1,0.5238153281864708,0.17079301116346043,8,control
416,102.23524475097656,480.49395751953125,92.93361007795019,253.8490811325711,0.4319457411766052,1,0.2231871929717535,0.14180615745799516,8,control
417,105.87063598632812,641.7537536621094,80.10418869324293,334.1743576541837,0.3549007177352905,1,0.3312539988028328,0.14801635039009556,8,control
418,106.38874816894531,580.724853515625,85.99396803011904,304.08643560508796,0.5793565511703491,1,0.30639633525399135,0.15109423214579815,8,check
419,106.97095489501953,496.288330078125,93.85296341077378,262.0039729009961,0.6518480181694031,1,0.048383013918293784,0.12470043433343772,8,control
420,113.6993637084961,637.8262939453125,84.49146558837924,333.00745334519905,0.6293893456459045,1,0.017131158543442594,0.11209050855308447,8,control
421,119.62287139892578,632.3802490234375,87.96390139173032,330.79347940043135,0.6154815554618835,1,0.02932348419673082,0.14161130630350324,8,control
422,126.00479888916016,619.6707763671875,92.59915855327753,325.3509020235714,0.38683536648750305,1,0.8743147612886109,0.24473625127966897,8,control
423,130.5323028564453,554.3758850097656,100.48206992079336,293.18193553831475,0.2832180857658386,1,0.5378807162072975,0.181393730705161,8,control
424,131.8521728515625,474.92620849609375,108.23292399440909,253.57010757140807,0.46237075328826904,1,0.007346769265520532,0.0964770616393134,8,control
425,140.2617645263672,546.6736297607422,105.84657569144385,289.9326703939687,0.6000291109085083,1,0.3087893387356597,0.23596483449063324,8,control
426,141.0232696533203,563.0236511230469,104.86350406387244,298.07903236650594,0.41713735461235046,1,0.13584993268469558,0.1432377484248896,8,control
427,142.52230834960938,447.59974670410156,115.950548805145,240.89742114875662,0.5903912782669067,1,0.16058649776268377,0.0902039027213671,8,control
428,152.39866638183594,519.7763366699219,114.51032735092274,277.6693084624249,0.3657480776309967,1,0.11361829223446131,0.12687736769197,8,check
429,158.6895751953125,526.8939971923828,117.16753709832638,281.7967087853876,0.3667927086353302,1,0.40461815734950507,0.21808882338262028,8,check
430,162.33985900878906,437.66847229003906,126.705727308943,237.8825749846099,0.4024413526058197,1,0.26979534619015605,0.24149530593573273,8,control
431,167.0179443359375,565.7230834960938,117.66528456476365,301.72545986366,0.4475519061088562,1,0.025885263846961236,0.1397762760094911,8,control
432,171.89492797851562,518.4010314941406,124.4035754434265,278.52517336673435,0.4839972257614136,1,0.24692196986609768,0.20526630821227254,8,check
433,180.59237670898438,467.46905517578125,133.44117410882077,254.44578382635726,0.5827099680900574,1,0.7555844341701332,0.27754512076618315,8,control
434,182.8357696533203,599.791259765625,122.33465363591723,319.74510245159826,0.48611870408058167,1,0.6565823168008681,0.18992859354935437,8,control
435,186.10169982910156,633.6337890625,121.25498913340222,337.21756064458407,0.5163092613220215,1,0.2997366237029309,0.0893998341339357,8,control
436,187.0877227783203,539.0925598144531,130.04598667502165,290.20488331198203,0.6602491736412048,1,0.06295658660204267,0.13479399545772736,8,control
437,188.68084716796875,490.3294372558594,135.4148670379715,266.35165994293493,0.45662036538124084,1,0.5325991326810645,0.12649705816060505,8,control
438,192.48757934570312,593.7272644042969,127.8690419126017,317.8419282717075,0.6039247512817383,1,0.04123748134007276,0.1539010093266914,8,control
439,209.37039184570312,460.4952697753906,148.0580596923828,253.06716918945312,0.6048403978347778,1,0.3472942914042842,,8,control
440,211.0807647705078,536.0850067138672,142.24527342376894,290.8089341398585,0.6478497982025146,1,0.11858280630162654,0.10818812073278233,8,control
441,212.97474670410156,507.5250701904297,145.71582670546303,276.69487646724224,0.3585455119609833,1,0.26877443424338715,0.17834707357994484,8,control
442,213.3749237060547,461.1136169433594,150.0756829122567,253.74306458393798,0.5174896121025085,1,0.22707888449761218,0.1570717456077179,8,check
443,223.23065185546875,533.1498870849609,149.37054443359375,290.87001037597656,0.47090455889701843,1,1.7531680070814117,,9,control
444,228.9042510986328,508.35166931152344,153.70146357171248,278.5459057214777,0.28821057081222534,1,0.1498942707924415,0.12571500764376278,9,control
445,231.06182861328125,634.0799255371094,143.45675474472748,341.111700764006,0.5027099251747131,1,0.24593870839962806,0.10281426141925797,9,control
446,231.3960418701172,433.41603088378906,162.0568389892578,242.59837341308594,0.2510824203491211,1,2.0299748393462655,,9,control
447,235.0968017578125,598.2135009765625,148.79057201023969,323.8039551790154,0.49496936798095703,1,0.18565078424434456,0.15058203139777543,9,control
448,235.42369079589844,521.387451171875,155.1063232421875,284.9637756347656,0.2978442311286926,1,1.8152113890037183,,9,control
449,236.52212524414062,430.37542724609375,164.41037894354406,240.65289050847372,0.6990618109703064,1,0.11791263945242589,0.12063438980007239,9,control
450,239.65541076660156,457.1529846191406,163.55120414067324,254.08459710970465,0.5436800718307495,1,0.19946240847800437,0.14583272908216027,9,control
451,251.39508056640625,567.0181884765625,159.64071799062094,309.6940944486935,0.5164881944656372,1,0.11565442520860286,0.12298983094448795,9,control
452,260.2439270019531,471.24891662597656,172.51855411550227,262.9523579879331,0.507949948310852,1,0.0009800027431074003,0.10276104515061335,9,control
453,261.52027893066406,621.1793823242188,159.892629338627,337.40429959667796,0.4944026470184326,1,0.0570372937280958,0.12935076257410905,9,control
454,266.4523162841797,617.634765625,162.62852138097978,336.0829915057456,0.5251068472862244,1,0.05073289708624412,0.12437105060282441,9,check
455,268.0288848876953,612.0715637207031,163.94700430875156,333.46640167108455,0.5705097317695618,1,0.09855316829491875,0.1013731728944784,9,control
456,276.8534698486328,502.34857177734375,177.95745911030698,279.73201382860543,0.7353020906448364,1,0.15832893371395027,0.12748237860412623,9,control
457,277.3489685058594,578.0109252929688,171.58171988695275,317.3624634216708,0.6397148966789246,1,0.08394551547592666,0.10059923968090187,9,check
458,282.2391052246094,463.0160217285156,184.07829724972956,260.76676392420586,0.3991619944572449,1,0.17621744908428086,0.1113898418296614,9,control
459,285.8424377441406,588.82373046875,174.87611872873333,323.47190216501787,0.37279096245765686,1,0.1394805941094076,0.09295272392962949,9,control
460,291.05059814453125,604.9622802734375,175.98529265586436,331.84517879119414,0.5658349990844727,1,0.05308926438318583,0.13811941138233744,9,control
461,292.8464813232422,631.4570922851562,174.55542277805287,345.1641854315605,0.28153619170188904,1,0.03652423168615338,0.10878972975201738,9,check
462,295.6625061035156,572.32861328125,181.16557017130214,316.02999026550924,0.39797961711883545,1,0.09414275130023676,0.12465583999772187,9,control
463,305.0946960449219,505.79766845703125,191.7311273960678,283.9742379253209,0.3793731927871704,1,0.07366607311068102,0.18114361264924891,9,control
464,306.60752868652344,587.2982788085938,185.27983093393024,324.3835861291055,0.5243505835533142,1,0.10970817766299655,0.15876939149457195,9,control
465,307.32708740234375,628.1763610839844,181.99007795873345,344.7403575616407,0.5508506298065186,1,0.12025997017436166,0.13115468724421298,9,control
466,312.4765167236328,432.2290496826172,201.89857306494753,248.23248573226056,0.2786124646663666,1,0.08537392999581722,0.1936519805346737,9,control
467,313.1420593261719,453.7568359375,200.3333057803263,258.9526651934575,0.5701048970222473,1,0.11609914380164375,0.1609108435835632,9,check
468,322.4612274169922,628.2430419921875,189.80315940281312,346.24626572066774,0.5704486966133118,1,0.5832463410016788,0.21583511729928362,9,check
469,342.3236541748047,467.9364471435547,213.40408462146786,268.4375981491453,0.5272128582000732,1,0.1804160273375002,0.158710468946706,9,control
470,343.3382568359375,453.67529296875,215.2989434361971,261.66633687490383,0.753636360168457,1,0.3590273227315868,0.23759860359634755,9,control
471,351.873291015625,639.0788269042969,203.30334384886078,354.1432278031267,0.42755743861198425,1,0.388165317536899,0.12364024862818757,9,control
472,352.20050048828125,560.2032775878906,210.34973419798445,314.99391992943015,0.5803254246711731,1,0.19206479879942834,0.09078269081435582,9,control
473,359.95684814453125,542.3335266113281,215.6408450585831,306.6380329030159,0.6334666609764099,1,0.23689807404668284,0.15389979023822456,9,control
474,360.12890625,468.9806365966797,222.80044555664062,270.76025390625,0.68947434425354,1,1.285165322601846,,9,control
475,362.2347106933594,448.9183807373047,224.74687016286575,260.62525807753997,0.599502682685852,1,0.6066899889658555,0.24605243394103357,9,control
476,362.82745361328125,518.6077575683594,219.2689751262686,295.3280976038376,0.3274098336696625,1,0.20309823518372688,0.12205079921175507,9,control
477,363.3566589355469,567.35791015625,215.18368556638134,319.44854730632585,0.6356347799301147,1,0.05797917613296083,0.12555058539353278,9,control
478,368.7767639160156,513.3222045898438,222.64588499022761,293.07141803783753,0.47949910163879395,1,0.19235839108360686,0.1436494881828215,9,control
479,385.48101806640625,492.8078155517578,232.62955397723843,284.4827076566411,0.6093356609344482,1,0.057221732232099504,0.12337656478448024,9,check
480,386.0653076171875,560.1054992675781,227.0301670484763,317.78374454487897,0.767809271812439,1,0.053830165187377314,0.13464921284522824,9,control
481,387.4049377441406,624.4425659179688,222.02768458700268,349.7216107579221,0.4680350124835968,1,0.12127240388875324,0.14716836009663628,9,control
482,388.5580749511719,459.7507781982422,237.14880521283533,268.4892096081114,0.6357613205909729,1,0.23504994016184486,0.1480758550566087,9,control
483,402.65667724609375,538.8851165771484,237.04866580896018,308.679037073637,0.5840082764625549,1,0.13483097298273633,0.10230319830650794,9,control
484,404.2528076171875,532.496826171875,238.45265801594,305.76328449343487,0.5324429273605347,1,0.1577767955770024,0.14932089987601763,9,control
485,413.1768493652344,521.4710083007812,243.88910129243808,301.0618210045339,0.41191521286964417,1,0.17231410423387197,0.15096051041560737,9,control
486,418.0860900878906,461.3288116455078,251.5944322729368,271.8454677689649,0.34975335001945496,1,0.2910917247864821,0.1292181695079777,9,control
487,419.78155517578125,598.412841796875,240.37668128613106,339.59307459565645,0.7964998483657837,1,0.030664415974396054,0.13146295904863636,9,check
488,420.5631408691406,485.8057403564453,250.52751360722615,283.97787425827386,0.5341213345527649,1,0.14980560041946003,0.15695967881736025,9,check
489,424.1414794921875,639.1229858398438,238.83156366770564,360.1276271046502,0.3305824398994446,1,0.28396052816343004,0.14479646540685004,9,control
490,426.1639404296875,581.5111083984375,244.9523446593145,331.64381165896623,0.5865565538406372,1,0.30761270342731073,0.1472646047332181,9,check
491,426.9924621582031,441.8759460449219,257.48814697740073,262.9861880346147,0.5656116604804993,1,0.18070039810893002,0.15744428096299223,9,control
492,431.5430908203125,593.2850646972656,246.6524568135982,338.0314273158736,0.6717226505279541,1,0.090891566936804,0.17854635822532894,10,control
493,432.95086669921875,572.6161193847656,249.14170032437798,327.93385111573707,0.6148795485496521,1,0.07701774483661329,0.1313883264627584,10,control
494,435.6944885253906,642.4276733398438,244.21131195053778,362.81295830527023,0.6075801253318787,1,0.38617422603567136,0.3630221211364808,10,check
495,437.45835876464844,547.8937225341797,253.4691744522801,316.1242078787138,0.2619922459125519,1,0.07569815267156044,0.11219864876049969,10,control
496,438.7525634765625,484.8227996826172,259.587053307082,285.1121420536199,0.5504812002182007,1,0.07905200638457836,0.1178480277045443,10,control
497,445.97117614746094,438.2637176513672,266.3263397216797,261.7768859863281,0.5891135334968567,1,2.719508804598916,,10,check
498,451.96678161621094,472.1963806152344,267.31770666737924,280.16929147500076,0.6799377799034119,1,0.3230500579080906,0.1384150872320892,10,control
499,458.0964660644531,440.5400390625,273.0506118604357,265.03634206134456,0.5693801045417786,1,0.18035402479044077,0.12163758254368806,10,check
500,460.19346618652344,623.7500915527344,258.01346966369346,355.5145634261652,0.5220845937728882,1,0.2488957482844408,0.10999287838114032,10,control
501,463.4443359375,489.3967590332031,271.4784947244764,289.6379247389867,0.2721847891807556,1,0.32974342494999603,0.1813548443061459,10,control
502,464.3870544433594,538.5751800537109,267.67277791239854,313.95811313370007,0.257816344499588,1,0.2919899499419747,0.10569526246144008,10,control
503,464.77337646484375,513.1112670898438,269.9833767993394,301.31067660389135,0.6533535122871399,1,0.008169067992271482,0.10513314533359772,10,check
504,472.0655059814453,593.4783020019531,266.48774334080247,341.53185229325527,0.6773955225944519,1,0.28791183671192994,0.1342332632205744,10,control
505,483.95213317871094,554.758544921875,275.77810123989417,323.449271688973,0.41405126452445984,1,0.12900473533357737,0.11633830757886951,10,control
506,483.97056579589844,530.1377410888672,278.0125604043115,311.4080554977681,0.5883162617683411,1,0.15490354033676587,0.11488812989980696,10,control
507,488.7256774902344,468.1526794433594,285.73606917315715,281.31123884930935,0.4823707938194275,1,0.2542690642781875,0.09064783149439837,10,control
508,490.6443328857422,580.4049987792969,276.8899766544861,336.6931550661181,0.5659918189048767,1,0.07882278211699763,0.17932416222009925,10,control
509,493.0104675292969,596.3197631835938,276.9022216796875,344.8988952636719,0.5935654640197754,1,0.493038215681174,,10,check
510,503.75807189941406,486.7176513671875,291.40845300024176,291.64954887814156,0.5331051349639893,1,0.06364445097448992,0.15807370921389424,10,check
511,504.1792907714844,476.17405700683594,292.43663728587023,286.38435975825746,0.3169330060482025,1,0.32191230942407767,0.19387859186187534,10,control
512,506.5011291503906,447.1471405029297,295.99737342439954,272.28425264389887,0.5557935237884521,1,0.4723174390124578,0.14294036690786646,10,control
513,512.1101989746094,600.000244140625,285.7538723803485,348.1565389583068,0.47618523240089417,1,0.15451426210877484,0.1101422335076122,10,control
514,520.9528350830078,541.3693695068359,295.3827656302314,320.07278071939515,0.2601034641265869,1,0.4238905728401937,0.2578775585908324,10,control
515,523.7455444335938,501.2970886230469,299.9770889343654,300.47551804748645,0.545802652835846,1,0.13901861615202749,0.20038467052511746,10,check
516,526.5530548095703,626.7245788574219,290.5362789729338,362.6697941175827,0.6007353067398071,1,0.046380644072009494,0.0937902872430649,10,control
517,537.5971832275391,584.6123046875,299.6274870993019,342.7731650594563,0.4214968681335449,1,0.04734891674532476,0.11105082975741362,10,check
518,543.3029632568359,490.28858947753906,310.55731909920274,296.869852691623,0.5883188843727112,1,0.14717667852372096,0.13810896373824258,10,control
519,549.8716888427734,577.9790344238281,306.19801552284076,340.56921758795085,0.7048400044441223,1,0.04773662138102046,0.10900421309071112,10,control
520,551.6962280273438,632.2870788574219,302.4624602595048,367.50168796442875,0.3733126223087311,1,0.06982557803546395,0.13789971121277983,10,control
521,562.6641540527344,438.0464782714844,324.6814123856054,272.9245189399816,0.3349921405315399,1,0.46066893897691313,0.16023374386970232,10,control
522,568.8084716796875,432.1045684814453,328.0259557814232,270.3497063824493,0.27184444665908813,1,0.0785240506921468,0.12061723936276164,10,control
523,573.6449279785156,490.81016540527344,325.26612434729,299.54615683919144,0.5462740659713745,1,0.2907464409715181,0.13466248112313906,10,control
524,575.2928161621094,452.71681213378906,329.37492270847275,281.04094033514144,0.6138747334480286,1,0.12605798283298925,0.1473969171138035,10,control
525,580.6743774414062,613.0873413085938,318.4159499736102,360.54171379106594,0.5125333070755005,1,0.2186750431283897,0.1832319702969569,10,control
526,587.3917236328125,544.3410797119141,328.91143798828125,328.1669921875,0.43812769651412964,0,3.4566033296868004,,10,control
527,588.4836120605469,598.2824096679688,323.27505198199833,353.75253224583656,0.4966227114200592,1,0.34753700771408214,0.16376849571360166,10,control
528,588.6321105957031,518.3555450439453,330.3268155540278,314.4686860473912,0.5165413022041321,1,0.04494936753351921,0.17208362287106596,10,control
529,591.42578125,444.6521759033203,337.8587284901275,278.3910371640213,0.4986444115638733,1,0.37047107432597015,0.19285523004897698,10,control
530,592.3620910644531,604.4342346191406,324.6193070902555,356.949845797654,0.49049755930900574,1,0.6246341756732433,0.1725057734088626,10,control
531,596.7517700195312,580.3826293945312,328.97494936647473,345.67234255680273,0.3846677839756012,1,0.11562316200995516,0.1555524857335387,10,control
532,599.0132751464844,518.1611785888672,335.51345003467134,315.25374709004075,0.3986281156539917,1,0.15420020244454863,0.17473275034820446,10,control
533,602.8712463378906,492.0995178222656,339.5158270946103,302.6876442084787,0.504661500453949,1,0.21495140088776077,0.10161712252346738,10,check
534,612.0620422363281,610.9080810546875,333.86884998269204,362.1566419267976,0.31436294317245483,1,0.19776490681536893,0.12176882286457624,10,check
535,613.1348571777344,516.9025268554688,342.3248499980863,315.82522864793776,0.361298143863678,1,0.2703676336381066,0.1089230024204866,10,control
536,626.8339538574219,440.68211364746094,355.6481048780368,279.6491626997565,0.5903267860412598,1,0.11605308782839688,0.12255270010971989,10,control
537,629.1117553710938,610.5462036132812,342.22705206586625,363.28944496437975,0.5088860392570496,1,0.10947358903838661,0.15385899451157273,10,control
538,630.1359252929688,583.7337951660156,345.1359710083321,350.28592412565723,0.3420897126197815,1,0.23588029608630517,0.14682805019013362,10,control
539,632.7276306152344,473.6459655761719,355.739085214079,296.2790121410186,0.4177708625793457,1,0.050869821823865166,0.14855015885503928,10,control
540,635.115234375,576.790771484375,348.0549724322603,347.15106044431303,0.4872382879257202,1,0.11473370843850736,0.12191048791295368,10,control
541,637.3250427246094,432.42889404296875,361.41190255399124,276.4036944779369,0.39460045099258423,1,0.13011614050999373,0.14324340040264794,10,control
542,650.1151580810547,539.7467803955078,358.57998710936056,330.21396875807716,0.4924366772174835,1,0.04273122649175178,0.12382525339171527,11,control
543,651.3904113769531,488.64646911621094,363.5155836342607,305.24370966297363,0.5423615574836731,1,0.06557254728940538,0.14274033727550178,11,control
544,654.2841033935547,552.2761840820312,359.59335033491084,336.8151264815125,0.5650184154510498,1,0.15707662427355404,0.14711145937313833,11,control
545,655.6561889648438,614.6791687011719,354.95782288376205,367.63970542192646,0.5350651144981384,1,0.14868943809482096,0.16756076696029948,11,check
546,659.9624786376953,525.5203857421875,364.66119539192675,324.14063864442977,0.7601475119590759,1,0.18202989278106957,0.13689059963996458,11,control
547,660.1833190917969,619.3403625488281,356.71325756038556,370.2928053502914,0.503059446811676,1,0.06032643930624455,0.19249227574967018,11,control
548,664.8922729492188,523.0161743164062,367.3726896565706,323.48295261696427,0.5717979669570923,1,0.5406189351916797,0.1575061174347048,11,check
549,665.2103118896484,614.5623168945312,359.59902932405544,368.4261365590845,0.6365217566490173,1,0.19031781099741193,0.1055076459500512,11,control
550,675.6872253417969,453.8426055908203,378.3650786206679,290.2662589280966,0.3874586820602417,1,0.07942472614676205,0.1527732333431067,11,control
551,677.0334930419922,497.3648681640625,375.2694113017162,311.6673586038426,0.5186178684234619,1,0.10736464871285294,0.15075609130252873,11,control
552,680.8811798095703,571.8099060058594,370.8046248269912,348.56828798215696,0.48454999923706055,1,0.15810072147653512,0.16312313742597437,11,check
553,681.0611419677734,448.5733947753906,381.3058984589504,288.0614680618806,0.5635966658592224,1,0.22351464821659267,0.11687167390862079,11,control
554,688.9275360107422,537.1342468261719,377.71502904383334,332.30313218700286,0.6570097804069519,1,0.13512158102725502,0.15333054879883112,11,check
555,692.6107330322266,445.6102294921875,387.29895317109475,287.7165278381778,0.31940725445747375,1,0.1458566565275762,0.10082026998349819,11,control
556,701.8980865478516,642.6974487304688,375.1708937260314,385.3891453380983,0.4010592997074127,1,0.27372284482905734,0.14153605474606537,11,control
557,701.9478759765625,583.6415100097656,380.11162128141837,356.1503583920092,0.46478959918022156,1,0.12181603064811503,0.13698147502608093,11,check
558,711.3274383544922,606.6017150878906,382.6874110416756,368.19533445981034,0.3951651155948639,1,0.2486024329832942,0.16284897999004846,11,control
559,721.5702514648438,540.7206878662109,393.3836370299846,336.9035184560204,0.6678866147994995,1,0.29794650839213244,0.14632220236804758,11,control
560,722.4390106201172,431.01409912109375,402.9806146298587,283.08018407701456,0.5199402570724487,1,0.08135577066630409,0.11590778061778438,11,control
561,726.5283813476562,435.3740997314453,404.6497430052137,285.5158401185761,0.4722830653190613,1,0.05914514306329124,0.12337439204745877,11,control
562,728.6123657226562,549.6727752685547,396.0321397802169,341.8133878574327,0.6632556915283203,1,0.12943292558554198,0.13674541182571393,11,check
563,729.0585632324219,616.5895080566406,390.58952173863963,374.73436176694713,0.43356260657310486,1,0.10830433367342153,0.16967578588341908,11,check
564,729.1810302734375,521.9388732910156,398.1353587522085,327.5626275576826,0.4120267927646637,1,1.6003706846419243,0.7387583594705085,11,control
565,740.7137756347656,469.6559143066406,408.67419076908186,303.4910160437129,0.5412079691886902,1,0.1184243550377881,0.17612319304901386,11,control
566,745.2552337646484,438.1346435546875,413.5446314506511,288.60481128061105,0.4320512115955353,1,0.2585358675826383,0.11076061579591774,11,control
567,752.1941986083984,430.53587341308594,417.46517782589893,285.2840357985715,0.5559539198875427,1,0.171954322582585,0.12812205096743604,11,control
568,756.5661468505859,598.858642578125,405.34599155785406,368.1733309928973,0.4478035271167755,1,0.3019190248761925,0.14459809818560188,11,control
569,757.5137634277344,470.2553405761719,416.70304785335446,305.2265752961925,0.34912729263305664,1,0.10016182687242482,0.117134929779472,11,control
570,766.9005126953125,602.6376953125,410.0881243717797,370.9202729232827,0.6239616870880127,1,0.21821883575092413,0.16533960362968725,11,control
571,767.5992584228516,623.2473754882812,408.7715202744462,381.14841918268877,0.6223796010017395,1,0.06503545173206428,0.12164115174470105,11,control
572,772.0797271728516,498.570556640625,421.4458770751953,320.5862579345703,0.2950725853443146,1,0.4481068311679421,,11,control
573,777.4667663574219,478.63243103027344,425.81973861444027,311.09991608228756,0.6037544012069702,1,0.22308537784885848,0.13622427556749792,11,control
574,777.9875793457031,583.0115966796875,417.1456632615007,362.25946962317687,0.5467666983604431,1,0.13672268065292947,0.13370651730480304,11,control
575,781.5674438476562,612.5832824707031,416.4219823595844,377.01201601539265,0.4933629035949707,1,0.2055929104884718,0.1637670353331579,11,control
576,782.255126953125,486.5234375,427.2972230389734,315.1741916875792,0.7259573340415955,1,0.3482545128407996,0.13817633076099614,11,check
577,784.5606689453125,441.45933532714844,432.2551124293265,293.3584310019898,0.2948269844055176,1,0.22767525297337846,0.1580635500562985,11,control
578,786.9607238769531,572.6100158691406,422.5175444659647,358.04702143206663,0.4847228527069092,1,0.28759778888623777,0.142896372763849,11,control
579,795.2642517089844,578.2265930175781,426.0392882874608,361.3741064893287,0.7048978805541992,1,0.07468051416772802,0.13487261271071335,11,control
580,796.4031982421875,557.0483703613281,427.8273468017578,350.87510681152344,0.596795380115509,1,1.1070446583625344,,11,control
581,804.1949157714844,494.1457824707031,437.36019310842255,320.90853734129814,0.42671698331832886,1,0.037546687846461466,0.12738897501733035,11,control
582,806.4574279785156,548.7554779052734,433.8459990641951,347.90725829276755,0.5890974998474121,1,0.14859774325617836,0.1487130135164196,11,control
583,807.0408020019531,456.63243103027344,441.89207155635705,302.89141484276416,0.45804858207702637,1,0.17578564315035555,0.12437900775136684,11,check
584,810.9393920898438,452.89173889160156,444.0625008801763,301.30994306874953,0.4518742263317108,1,0.05478792167240304,0.10387948806792426,11,control
585,813.4412231445312,566.1270446777344,435.93026758207014,357.0074624950043,0.7654882669448853,1,0.20760726297185397,0.10855635653789442,11,control
586,814.620361328125,499.3100128173828,442.0081766355564,324.4215241016194,0.7259522676467896,1,0.19164666990375226,0.12479023307081406,11,control
587,817.0240173339844,503.0447540283203,442.800907345175,326.3971374771185,0.7550012469291687,1,0.12245726837782697,0.11816528835111632,11,control
588,819.4024963378906,639.629150390625,432.45738741947866,393.4406308509039,0.5014718174934387,1,0.31892954650354327,0.18825184338792755,11,control
589,824.317626953125,629.1154479980469,435.8292460399987,388.82861364030595,0.6377941370010376,1,0.07371403403613984,0.12762147089332881,11,control
590,824.626708984375,580.9678039550781,439.9450714433651,365.11198161147945,0.3304011821746826,1,0.20737454244555684,0.11386682776802612,11,check
591,840.3074035644531,503.79698181152344,454.441650390625,328.1651153564453,0.2746315002441406,1,1.324026659248508,,11,control
592,12.499091148376465,810.8016967773438,17.86194610595703,410.9860076904297,0.4360195994377136,1,0.13184935665550118,,12,control
593,13.648764610290527,680.5931854248047,30.65273094177246,346.0462188720703,0.3085462749004364,1,0.8758434568235496,,12,check
594,17.565954208374023,706.1259155273438,29.971044095033804,358.8895280302702,0.5709916353225708,1,0.0600124639921852,0.109238354927867,12,control
595,21.40866470336914,831.7971496582031,20.123456954956055,421.8101806640625,0.2867226302623749,1,1.0031157693736346,,12,control
596,24.363903045654297,727.8924407958984,31.377666548301175,370.38726043276665,0.36263707280158997,1,0.027521786989385122,0.10067393992124997,12,check
597,28.075023651123047,815.3152770996094,25.27397437783429,414.52298832321577,0.40505698323249817,1,0.02018065451847974,0.12399512966983589,12,control
598,34.33899688720703,763.7663879394531,33.09728766036618,389.21713911247855,0.4129025936126709,1,0.09144599828860277,0.13811421948702018,12,control
599,39.842750549316406,790.7571411132812,33.531399558437364,403.1976344264289,0.6874642372131348,1,0.15166191457327077,0.18264861530392418,12,control
600,41.05744552612305,729.8663177490234,39.6414471483049,372.8435644701649,0.2510845959186554,1,0.1191682716733851,0.10620460577408622,12,control
601,41.925899505615234,772.7489318847656,36.39451941298697,394.55311134118097,0.6828717589378357,1,0.6333049872849257,0.2390951319999347,12,control
602,42.12114715576172,704.7809906005859,42.27193791673161,360.1398781578499,0.4494457542896271,1,0.49231814808617785,0.18594001782174843,12,control
603,42.749267578125,781.3519592285156,35.819453186043056,398.68267830025763,0.6075605154037476,1,0.11912357572386398,0.16909297041208746,12,control
604,57.268821716308594,806.50146484375,40.67852152931961,412.42690472927023,0.6314939260482788,1,0.38311889497045165,0.15885964976725525,12,control
605,64.19518280029297,648.5669708251953,58.67279522335901,334.1664552114918,0.5903837084770203,1,0.09825618612131598,0.11331029174642337,12,control
606,73.17411804199219,716.8198699951172,57.02785850768882,369.084959474526,0.6523786783218384,1,0.19524372150317293,0.10117530777133474,12,check
607,75.67384338378906,760.6499786376953,54.483189720805875,391.3446531092205,0.461369127035141,1,0.5875685638116227,0.16713685508237056,12,check
608,76.91168975830078,787.2537536621094,52.700357524258635,404.8125638719243,0.28205567598342896,1,0.6537734032827756,0.21889140814068833,12,control
609,78.18974304199219,817.7185668945312,50.51200005280374,420.08553621588084,0.4898645579814911,1,0.42183066056629254,0.14866050612848028,12,control
610,78.78311920166016,711.7447052001953,60.283908258219675,366.9544092953335,0.4644218683242798,1,0.04739302383832738,0.12005396250257722,12,control
611,80.09959411621094,689.5756225585938,62.80401030802977,355.8251622269081,0.34698766469955444,1,0.3893024606273646,0.25305040295345665,12,check
612,85.3580551147461,752.9715576171875,59.81519758375331,388.0594622025116,0.25269049406051636,1,0.1286364615204908,0.13018473984543494,12,control
613,90.7839584350586,703.6161499023438,67.13994363975519,363.99289351231363,0.507409393787384,1,0.2732785435380695,0.17752350202242942,12,control
614,93.66255187988281,658.7847747802734,72.61920187459845,341.81508020593344,0.3651398718357086,1,0.19234797254940486,0.1215788488977682,12,control
615,99.78646850585938,695.7610168457031,72.07772084762213,360.4558779304751,0.5053645968437195,1,0.6840822466908798,0.23735039558035778,12,control
616,101.65408325195312,812.5966491699219,62.64253828015123,419.40969624707685,0.3275671899318695,1,0.0923781288238559,0.18625581531408125,12,control
617,112.01656341552734,850.2325134277344,65.017822265625,439.3840637207031,0.4170893430709839,1,1.282005815325481,,12,control
618,112.7457046508789,756.3768768310547,73.42665120191454,392.4662079432503,0.4396095871925354,1,0.6765233033677719,0.2309251084068912,12,control
619,117.34273529052734,674.7885894775391,82.89744695850945,351.7025468475948,0.6272168755531311,1,0.21966462916194612,0.09318757571015776,12,check
620,117.50884246826172,661.7425537109375,84.23815539822805,345.2361441001631,0.5058903098106384,1,0.07018504328325716,0.15741162191610295,12,control
621,121.6999740600586,764.3840637207031,77.33233909960047,397.14593156712215,0.6429213285446167,1,0.6818277803709766,0.23321555323601573,12,control
622,125.55741119384766,747.1995544433594,80.6161160706889,388.57352331255424,0.4244413673877716,1,0.15917357056857812,0.11927369748900125,12,control
623,136.4930877685547,660.4991607666016,93.3494873046875,345.4403991699219,0.33439964056015015,1,1.9600268703873025,,12,control
624,140.37791442871094,825.9601440429688,80.95530993802583,429.24262060923104,0.3574334681034088,1,0.1837251535956514,0.1567006251684865,12,control
625,141.43601989746094,850.8074645996094,78.04473876953125,442.5893096923828,0.39000797271728516,1,2.6298651002144497,,12,control
626,141.97393798828125,770.9725341796875,86.75355233931761,402.03755589139183,0.4560472369194031,1,0.2863704072666769,0.14582166759684953,12,control
627,143.9398956298828,711.4574432373047,92.98856497327222,372.2343979490129,0.4651792347431183,1,0.22187442945787544,0.15764373216563646,12,control
628,152.67828369140625,684.6177215576172,99.86765485876451,359.73020119829135,0.3483348488807678,1,0.1217561510548676,0.11902996604429242,12,control
629,158.05128479003906,742.9844360351562,97.2628059734337,389.30535789403984,0.4646120071411133,1,0.0378533399253524,0.1404277762739466,12,check
630,158.6793975830078,759.849853515625,96.01589169041014,397.67867933861686,0.4781235456466675,1,0.19541477003302876,0.17268192170444874,12,control
631,168.4423828125,831.7186584472656,94.4727723675724,434.5590276238473,0.4775834381580353,1,0.01615818456369401,0.15907437817117062,12,control
632,169.54295349121094,787.1421508789062,99.07678980186137,412.3762509138113,0.4536033570766449,1,0.10511652991110237,0.12068702643635637,12,control
633,170.4652862548828,723.1807556152344,105.23882356473415,380.3348453348843,0.4743201732635498,1,0.22786652599263932,0.16821715566690765,12,control
634,171.50961303710938,655.4570159912109,111.83967384498963,346.71511239757433,0.5906288027763367,1,0.10564558315690419,0.12542386121815047,12,control
635,175.4239501953125,650.6866607666016,114.31168313920374,344.7761577027204,0.5228766202926636,1,0.15975586791527077,0.11891323259126053,12,check
636,186.7532958984375,737.5420074462891,112.0089693216648,388.87403400361956,0.3651512563228607,1,0.34783278270369455,0.2478798453475492,12,control
637,191.49273681640625,797.8064880371094,109.09277465680509,419.5028687144014,0.6335064172744751,1,0.01557517220639186,0.1335543694956721,12,control
638,191.54483032226562,700.6353302001953,117.86836345238652,370.99931804930674,0.47792258858680725,1,0.05279129524997969,0.13285229844317828,12,control
639,199.3850555419922,798.7471618652344,112.92161735151953,420.60987138526025,0.5400586128234863,1,0.10822792772899616,0.13661087690952048,12,check
640,207.64170837402344,669.9742279052734,128.68227114278858,357.2107345430871,0.5899112820625305,1,0.2851159130008534,0.13032434056964232,12,check
641,209.42808532714844,808.2000122070312,117.17912818913732,426.27429578509833,0.3617435693740845,1,0.1378088601264879,0.11552965479937392,12,control
642,215.1509552001953,784.7689819335938,122.14370138343742,415.037770753603,0.3691715598106384,1,0.1282501978285603,0.12668193515382167,13,control
643,220.7041473388672,777.8341064453125,125.53138333363681,411.9480334583063,0.5714231729507446,1,0.07199633888711683,0.14908003009732984,13,control
644,227.45791625976562,667.1243133544922,138.73719701556038,357.2520983141406,0.4536522626876831,1,0.20841786698909015,0.114394595695182,13,control
645,231.2599639892578,805.9293518066406,128.2183839485251,426.8547435964302,0.5192402601242065,1,0.15964814960915666,0.1165780241894713,13,check
646,234.3583984375,800.5724792480469,130.279739167937,424.4346436875912,0.4597533643245697,1,0.12165347903725118,0.11299712603321789,13,control
647,239.26339721679688,724.2684631347656,139.4813214616017,386.73567588800205,0.5220733880996704,1,0.25728977770601963,0.13342244960390814,13,control
648,241.5155487060547,654.2976989746094,146.97557703870874,351.94467848592274,0.6602692008018494,1,0.42157216429820515,0.28384479785224853,13,control
649,250.5078582763672,817.65087890625,136.9329576894727,434.3955662461607,0.500557005405426,1,0.15000325542240733,0.1311529863633871,13,control
650,252.68019104003906,832.7554321289062,136.67097701549537,442.05306006914793,0.4730277955532074,1,0.17779880670394269,0.09880249106295093,13,control
651,256.29901123046875,750.8170318603516,145.69886646437465,401.4559366298157,0.3933296799659729,1,0.08210069299528193,0.11472696961369498,13,control
652,259.64012145996094,721.4852905273438,150.13298140830017,387.16387728618776,0.5414266586303711,1,0.2542706992807062,0.19268839809142796,13,control
653,261.2726745605469,708.6216278076172,151.91102308189923,380.8133704603313,0.6361950039863586,1,0.16679022254989354,0.13392618101813122,13,control
654,264.32752990722656,677.6872100830078,156.28924157393175,365.7760904175194,0.6898773312568665,1,0.12547478934861364,0.11632885127546126,13,control
655,271.0817108154297,761.7175140380859,152.0962972247656,408.1371731391174,0.5938236117362976,1,0.09327836315511334,0.11521483012076124,13,control
656,272.4767303466797,808.3762512207031,148.6756567872936,431.6003794836314,0.35153862833976746,1,0.05530978790430845,0.12605681189220522,13,control
657,273.8705139160156,735.9707946777344,155.73537235161615,395.5053569564402,0.6189655065536499,1,0.19932208570255058,0.11209332663471941,13,control
658,275.1821746826172,848.0502624511719,146.40684509277344,451.2188720703125,0.2768251299858093,1,0.8135474178692992,,13,control
659,277.53704833984375,664.2802581787109,164.0246852405594,360.2984924789199,0.5096480250358582,1,0.2211653358821014,0.1533505768583411,13,control
660,282.70843505859375,792.6865844726562,155.19192770206735,424.60578666296703,0.5079526305198669,1,0.04023663646279568,0.11987210185960455,13,control
661,285.23240661621094,669.9193878173828,167.55759138371764,363.8116957001503,0.44656530022621155,1,0.5357100296360602,0.23135832173212528,13,control
662,294.8423614501953,791.3038024902344,161.35467953683028,424.920218333266,0.4987848401069641,1,0.006492582731085598,0.09650789642997683,13,control
663,297.7333984375,826.9464111328125,159.5845456865388,442.8969426139948,0.5771076679229736,1,0.13531804188386556,0.1105202372873499,13,control
664,304.9034881591797,761.4904479980469,168.99384041618487,410.85085561666443,0.6499084830284119,1,0.09871207047061259,0.1443726512574602,13,control
665,311.0219421386719,651.9956817626953,181.96464097985054,357.0798067547774,0.6054807305335999,1,0.5027083173647408,0.19313669992134402,13,check
666,315.9103546142578,743.8285217285156,175.99238758826883,402.9718050572054,0.5333627462387085,1,0.17227082699652413,0.11731761682406258,13,control
667,321.91815185546875,698.9115447998047,183.0172819987035,381.12700554442984,0.587210476398468,1,0.09099276669840337,0.12250141782606347,13,control
668,327.5789794921875,679.1842803955078,187.62652638539208,371.88449178645465,0.6152318716049194,1,0.11328589151553352,0.09320698447336835,13,check
669,336.88218688964844,827.6468811035156,179.11690520278668,446.5654704092383,0.4409799873828888,1,0.07587420188898082,0.12640629586627264,13,control
670,344.05145263671875,736.7442169189453,190.66731282846112,401.8385242276418,0.4974004626274109,1,0.05986651846464448,0.10306819059643908,13,control
671,345.980224609375,664.7583160400391,198.06830155235014,366.24274337506,0.5256736874580383,1,0.13250987604240724,0.13608349772110198,13,check
672,350.1809387207031,795.2042846679688,188.49942626147165,431.3937417774651,0.45451101660728455,1,0.23177974750038005,0.11782346814800254,13,control
673,354.41363525390625,721.0464324951172,197.04840648821303,394.9797539269568,0.6152118444442749,1,0.3732158425140391,0.12792035087002732,13,control
674,354.75140380859375,788.4576416015625,191.38626030623954,428.37491323796746,0.5707876682281494,1,0.27869669772861705,0.10259947190746377,13,check
675,357.9600830078125,741.4163970947266,197.37026306644657,405.3979379023442,0.652457594871521,1,0.36832160701911876,0.15307037584960517,13,control
676,360.9906921386719,812.4548034667969,192.3464586908868,440.9294646803968,0.5799933671951294,1,0.18957654548167366,0.09408135153097236,13,control
677,364.7686462402344,677.3786773681641,206.00001612933107,373.7456290939138,0.3663933277130127,1,0.8078393343323358,0.2639436544446904,13,check
678,366.0828857421875,768.0446319580078,198.9004466365487,419.2995648844135,0.6432471871376038,1,0.056167919132805375,0.07958513247374899,13,control
679,370.6014099121094,816.9039001464844,196.75462968244975,443.87939066809616,0.4353071451187134,1,0.26550512026312717,0.12367696657150686,13,control
680,375.24676513671875,805.2689208984375,200.17690755666695,438.5723733671772,0.7018198370933533,1,0.06388315520868333,0.13012974257310223,13,control
681,375.2529296875,653.3219146728516,213.50588935809327,363.04150644146307,0.607778012752533,1,0.04718519042145741,0.11543858278932456,13,control
682,386.8355712890625,679.5480346679688,216.97289134741894,377.04983174073715,0.6226124167442322,1,0.04052364718213689,0.13072312360723387,13,control
683,388.7470397949219,782.4997863769531,209.11762109668777,429.1299742595558,0.7011386156082153,1,1.593275931753884,0.2637266635831046,13,control
684,394.05938720703125,703.8193359375,218.2327117919922,389.22265625,0.6343360543251038,1,1.00020441521851,,13,check
685,405.4158020019531,663.6329193115234,227.57380982029693,370.75946295103796,0.5152109861373901,1,0.11394695967423116,0.1280944129588142,13,check
686,408.36407470703125,708.5054016113281,225.05592346191406,392.8894958496094,0.4165785610675812,1,0.6620085190626553,,13,control
687,408.55230712890625,764.2718963623047,220.35548733611716,420.92392714050675,0.6098132729530334,1,0.1364911479631438,0.12836973679530575,13,control
688,410.6317443847656,742.1501159667969,223.2975985230957,410.17145400995304,0.8024948835372925,1,0.1116160179538394,0.185822114329577,13,control
689,412.3707275390625,780.3916015625,220.7987817170341,429.1599140857286,0.494924932718277,1,0.2609410013473253,0.23499970146026292,13,control
690,420.5661315917969,807.5612182617188,222.36406874624248,443.37795633504896,0.5432332754135132,1,0.2836296199805772,0.1728579292481882,13,check
691,426.1775207519531,751.5172576904297,230.20482511480924,416.1584279575044,0.574537992477417,1,0.19307270531993753,0.13016226503280828,13,check
692,437.3617706298828,833.7607727050781,228.41200253545352,457.9270296898646,0.5767532587051392,1,0.131864353128804,0.11060952195373912,14,control
693,437.7481231689453,708.5555419921875,239.5994110849727,395.69367610252215,0.6835528016090393,1,0.08038902812400914,0.28468887596350256,14,control
694,437.76153564453125,681.3782653808594,242.11098214865632,382.3519351337588,0.5398944616317749,1,0.3057112002723919,0.1608834064256924,14,control
695,438.2088165283203,805.0411682128906,231.47885650903442,443.7640184522766,0.4668162167072296,1,0.17601696226144783,0.19880317289203536,14,control
696,443.7486572265625,833.5606994628906,231.7029159146015,458.3862269259043,0.32233673334121704,1,0.09912735378371453,0.13173106514216554,14,control
697,445.00645446777344,738.3514251708984,240.64421891693817,411.0955392734362,0.5192246437072754,1,0.05689102433226618,0.1351073175535123,14,control
698,447.6238555908203,783.9419555664062,237.98437153524802,433.9591820089082,0.46239471435546875,1,0.12265794470383887,0.13637846645163348,14,control
699,448.6684265136719,680.5616302490234,247.68155501738065,382.96708441413256,0.6152559518814087,1,0.6004100907315604,0.24717070716959602,14,check
700,453.51153564453125,651.5898895263672,252.3582024416532,368.82965526601663,0.35554197430610657,1,0.1038194696363745,0.1885264651447481,14,control
701,454.2207336425781,768.5866394042969,242.53688602703153,426.8948485481725,0.6536625027656555,1,0.014378727090062784,0.14997805850423354,14,control
702,457.9187927246094,705.6271209716797,249.8266490378596,395.8871381937317,0.6508857011795044,1,0.149104645167613,0.10716304928231213,14,control
703,458.6747589111328,661.5852813720703,254.17517476402713,374.7258207762437,0.5383872389793396,1,1.099183390026037,0.5529448968111355,14,control
704,469.3636932373047,799.5094909667969,247.3895779163922,443.56109682950785,0.34063416719436646,1,0.13500975045485475,0.20596171072303404,14,control
705,478.81581115722656,764.8880462646484,255.03711918946792,427.1262643892355,0.6243560910224915,1,0.03958003697938192,0.12764695850388869,14,control
706,484.5521697998047,830.9890747070312,252.09682789123372,460.44159819665,0.2886269986629486,1,0.007085678747438189,0.09088727645405685,14,control
707,488.7339630126953,827.723876953125,254.41993638021913,459.0923904458848,0.3181356191635132,1,0.15529882262222072,0.1165485799537962,14,check
708,493.6118927001953,736.7297821044922,264.71697063994134,414.23278130412046,0.6023709774017334,1,0.29884996455012586,0.13698037321913262,14,control
709,494.2880554199219,699.8973846435547,268.32798528639256,396.1991534044648,0.3537985384464264,1,0.08079027774080191,0.10645561966713148,14,control
710,499.8123474121094,695.5908966064453,271.35750481052986,394.4218370613055,0.4677219092845917,1,0.18294097489010552,0.11910831047488138,14,check
711,500.3490447998047,795.8533020019531,262.909497014327,444.19113464710847,0.6754243969917297,1,0.21213720951861262,0.10871655458773513,14,control
712,505.74403381347656,753.6421661376953,269.2511303053446,423.6507636959947,0.5659886598587036,1,0.2557687020434473,0.15013821541115047,14,control
713,512.1873474121094,720.4741516113281,275.35263495442945,407.83332321591126,0.5565180778503418,1,0.0476571403093921,0.1269976750575665,14,control
714,515.6639404296875,805.7494812011719,324.6479949951172,480.62811279296875,0.2615790069103241,0,125.71283731817309,,14,control
715,523.352294921875,764.6497192382812,277.0280947804395,430.7002579819045,0.45803454518318176,1,0.022836126824534675,0.1193588254047637,14,control
716,527.2552795410156,651.861328125,292.3080749511719,385.5447540283203,0.2892625033855438,0,21.967200405109164,,14,check
717,537.8827667236328,658.1806945800781,293.4581756591797,378.98204040527344,0.5139893293380737,1,0.3746286701766199,,14,check
718,540.2248229980469,780.2940979003906,284.03776683108845,439.85533174586493,0.5290920734405518,1,0.07489225332296437,0.18619726267659395,14,check
719,547.8044891357422,745.9655303955078,290.8678192455837,423.59477287165583,0.4611188769340515,1,0.42297174459143344,0.17053349719049923,14,control
720,550.4284820556641,806.5916137695312,286.5709686279297,453.61988830566406,0.5702643990516663,1,0.44727004289868244,,14,control
721,553.1729888916016,756.1464691162109,292.51162385096956,428.9977887436835,0.6115078926086426,1,0.12578828078495646,0.16203528721756258,14,control
722,553.8153228759766,695.7447662353516,298.0670588333761,399.0500239650001,0.4817200303077698,1,0.13739195518116723,0.2074934530086836,14,check
723,554.9181976318359,674.2960357666016,300.3701835207968,388.55334089806996,0.4354485273361206,1,0.06478091623842157,0.15234969778890028,14,control
724,566.1336059570312,757.4169464111328,298.68127409985635,430.61043774327254,0.4723230004310608,1,0.15152729398634704,0.1512270505990316,14,control
725,568.3736267089844,845.4610595703125,292.260498046875,474.53651428222656,0.3841564357280731,1,0.05636497101130015,,14,control
726,569.2765197753906,787.101806640625,297.5988146917254,445.48394789580726,0.2663092017173767,1,0.3922920629166812,0.15339211917572176,14,control
727,573.4977722167969,806.6946411132812,298.1013694661279,455.6965265686632,0.6489542722702026,1,0.022842653829237575,0.27167990176960916,14,control
728,573.7182006835938,678.2754821777344,309.13820190486587,391.90939120594203,0.555756688117981,1,0.5091934805577828,0.14422320952061907,14,control
729,574.8370361328125,720.1492919921875,306.36721425148255,413.17455686478905,0.38326355814933777,1,0.5741196332568451,0.4022381516192532,14,control
730,585.6476440429688,746.1551971435547,309.35735638776686,426.79385088748967,0.5916598439216614,1,0.21991454149940434,0.22299540622330588,14,check
731,593.6789855957031,686.4220886230469,318.44341923824004,397.806617255669,0.5660179257392883,1,0.08524520216206583,0.11486717430593506,14,check
732,594.2969055175781,773.3327026367188,311.21435661632427,440.86983153495703,0.4560897946357727,1,0.023295070539667423,0.19107072238526215,14,control
733,598.2636108398438,698.0072326660156,319.5963446234969,403.90820647423885,0.421008825302124,1,0.12072710391156882,0.25362810744522485,14,control
734,600.0145568847656,826.639892578125,309.48443603515625,467.81536865234375,0.5418336987495422,1,0.10797744968297705,,14,control
735,610.7047119140625,745.3358306884766,321.79723170784735,428.3680254651888,0.5255273580551147,1,0.20013919089700793,0.12457485991256673,14,control
736,622.6699523925781,773.2058715820312,325.1454245648507,443.08924947223534,0.5382289886474609,1,0.14526138261183646,0.11524423040749412,14,control
737,624.2593078613281,838.8783874511719,320.2719695945367,475.8229204062246,0.6455655694007874,1,0.091013191803416,0.14902720540975564,14,control
738,626.0523681640625,694.9079742431641,333.49750067944916,404.7361264862283,0.5827110409736633,1,0.13944250757072307,0.16723086418139704,14,control
739,635.5249938964844,779.2716369628906,330.9473097395686,447.1531152808328,0.506309449672699,1,0.1370696105007284,0.09436986686813496,14,control
740,636.6124877929688,714.1172485351562,337.1419900859802,415.11767966998093,0.5507701635360718,1,0.1440351419204504,0.14471451442895733,14,control
741,642.5792236328125,668.2728881835938,343.90365607036006,392.8493508344885,0.6314161419868469,1,0.1577629824296737,0.15289452785871732,14,control
742,647.5098266601562,740.0830230712891,340.26066414422803,428.88533279324616,0.40265944600105286,1,0.1808396957824721,0.12479742113160901,15,control
743,650.423583984375,674.4274444580078,347.45420837402344,396.4250183105469,0.4390872120857239,1,0.5604881993765479,,15,control
744,651.9651336669922,839.1528625488281,333.8305745821301,478.2212863326254,0.41531309485435486,1,0.15065952550021372,0.14730930080816163,15,control
745,655.55908203125,784.0553283691406,340.37127569317,451.2208500024801,0.25792619585990906,1,0.04727770102911789,0.08783660486417941,15,check
746,656.6095733642578,828.5477600097656,336.9628897880561,473.2666880624243,0.27524083852767944,1,0.32601360499773785,0.19289130929857912,15,control
747,660.7821044921875,836.2042236328125,338.34399780954203,477.3884152381052,0.3931002914905548,1,0.36139615977502537,0.1707959842892407,15,control
748,665.6626129150391,650.2637939453125,356.75085867803995,385.9133745125551,0.7138975262641907,1,0.11029023183426861,0.14184484574310527,15,control
749,682.1324768066406,674.3490447998047,362.6468140313522,399.04347660842666,0.6062109470367432,1,0.42915561027517113,0.16490729821590602,15,check
750,684.9413757324219,738.5165405273438,358.35614013671875,430.5928039550781,0.4780940115451813,1,1.260242189900266,,15,control
751,689.9412994384766,700.6835784912109,364.2391231057328,412.74853466138893,0.6969146132469177,1,0.31200046114576285,0.1857909282229076,15,check
752,690.9492340087891,808.1894836425781,355.79498221016934,466.09621495937705,0.43502816557884216,1,0.2497768097764586,0.1622546439961843,15,control
753,698.5848388671875,660.7216491699219,371.9159218803639,393.84845437338976,0.36245954036712646,1,0.10868911247418861,0.10432658373092502,15,control
754,708.3567352294922,742.1566467285156,369.8455738018295,434.9551417839669,0.47759777307510376,1,0.18631052279996582,0.1733686165416487,15,check
755,719.2099151611328,786.2585754394531,371.33575462255703,457.5400026732277,0.5592011213302612,1,0.07927005979485757,0.17947031380475834,15,control
756,722.1776733398438,810.558349609375,370.88515694947336,470.057839367981,0.2818679213523865,1,0.5450310341565306,0.2531253692555758,15,control
757,722.8971862792969,829.9797668457031,369.4851882953047,479.53732967399674,0.4144596457481384,1,0.11332920431995201,0.12199975575671619,15,control
758,725.235107421875,743.6957092285156,377.90360051018536,437.0207884058589,0.45540857315063477,1,0.06122832459995035,0.13408078620427089,15,control
759,726.3524169921875,824.6102600097656,371.5458006363625,477.07919101781454,0.6213353276252747,1,0.13283858000523885,0.15398552701793164,15,control
760,731.1249389648438,661.6112823486328,387.80666955369514,397.1033887626583,0.4942740499973297,1,0.18234790392289718,0.12592229107061817,15,check
761,732.6482238769531,661.2640228271484,388.5488381076386,396.95822436092976,0.5860265493392944,1,0.04054220945266535,0.1292439186714813,15,control
762,734.2359313964844,720.9339599609375,384.2317479649419,426.4967138852571,0.494750440120697,1,0.08249586200366033,0.1584341442355968,15,control
763,735.1639099121094,787.2288208007812,379.12069577572913,459.27538545963847,0.7228276133537292,1,0.15180117315593192,0.11642196925062995,15,control
764,735.528564453125,657.0574188232422,390.290807757989,395.1461011414597,0.5496612191200256,1,0.020753784654145863,0.1244792267552632,15,control
765,742.2544555664062,793.0946960449219,382.0320918541205,462.6466227486165,0.5646407604217529,1,0.3584669820743438,0.1369187328198995,15,control
766,744.0257873535156,768.7503662109375,385.04278943575304,450.96776394386205,0.3295133709907532,1,0.1298623867416482,0.18046064665960065,15,control
767,751.5918731689453,818.1193237304688,384.49212249852206,475.9702165811859,0.3185769319534302,1,0.016668816213453303,0.0942885455842987,15,control
768,753.3164520263672,754.3529510498047,391.00428681570776,444.78044628979023,0.5846384167671204,1,0.6538081299370273,0.18845324900094737,15,control
769,765.6790618896484,799.9645385742188,392.9135852242823,468.1235580405949,0.32169684767723083,1,0.025902197103015116,0.09789314941887349,15,control
770,779.7632751464844,723.9260406494141,406.3181226763059,431.86691392365617,0.3727770149707794,1,0.3137770362044039,0.16834447299849878,15,check
771,785.4701232910156,716.4166717529297,409.47089993891376,428.3248183455946,0.3553590476512909,1,0.5066612815645603,0.1486534622662211,15,check
772,789.4415893554688,839.4923706054688,401.3107081033477,489.73551456824566,0.2693035304546356,1,0.39060475307613685,0.21896912712880354,15,control
773,792.8679809570312,830.7639465332031,403.5957178962009,485.6132683714966,0.662517786026001,1,0.09109536538910505,0.11702525054799204,15,control
774,794.4822998046875,773.2906188964844,409.27247937046735,457.36399063648105,0.3222654461860657,1,0.15482269001986398,0.1268373927126855,15,control
775,795.7890319824219,819.5694274902344,405.90586115268593,480.18382587195447,0.6136007308959961,1,0.20562267087733727,0.14432310862426598,15,check
776,803.4580993652344,801.6186218261719,411.16604270097724,472.03373138397336,0.368560791015625,1,0.05727224212982535,0.10489429128209868,15,control
777,806.3607177734375,845.2558288574219,408.9596862792969,493.7047576904297,0.44430243968963623,1,0.27000530342315554,,15,control
778,807.1146240234375,826.6222229003906,410.76170821909767,484.56394472067586,0.7939696311950684,1,0.3251912296013544,0.12257223450720592,15,control
779,813.5014953613281,771.9942169189453,418.639177469288,458.3215776039649,0.305924654006958,1,0.20809686250170728,0.11829745595616417,15,control
780,816.4041748046875,689.8333892822266,426.88792993842026,418.0051869519706,0.3224683105945587,1,0.04163664104957511,0.13767417894441808,15,control
781,820.7867431640625,765.6204986572266,422.64099059822706,455.61841081920625,0.4906659424304962,1,0.14671839955878332,0.1305809842527561,15,control
782,822.7702331542969,702.3133239746094,428.9364348153847,424.582195953319,0.7552986741065979,1,0.15560576541958773,0.15727761036132773,15,check
783,828.9769592285156,781.3750610351562,425.3511204200147,464.2237258234452,0.45389503240585327,1,0.1996400836695866,0.1500537593198376,15,control
784,829.7790222167969,745.9867858886719,428.7337690054138,446.8011540746512,0.5718359351158142,1,0.145683802523806,0.11286168627743669,15,control
785,835.1337280273438,739.6109008789062,431.9387751697598,444.2042278387654,0.3800298273563385,1,0.39633456581726834,0.21037132070863343,15,control
786,839.7802734375,728.9414215087891,434.7051239013672,439.02232360839844,0.6411308646202087,1,0.6298504594946891,,15,control
787,840.0967407226562,820.3050231933594,427.4803924560547,484.16477966308594,0.40756887197494507,1,0.16742293586982582,,15,control
788,842.2618713378906,702.6595764160156,438.6176452636719,426.6624755859375,0.6567227840423584,1,0.6534557359360458,,15,control
789,848.2010498046875,676.3721313476562,443.3835754394531,414.09051513671875,0.39781704545021057,1,0.25641841212190164,,15,control
790,849.6634826660156,717.7520904541016,440.5362091064453,434.1378173828125,0.32051870226860046,1,0.7664050220800951,,15,control
